Date,p_tree,p_ens,regime,signal_ml,is_test
1980-12-12,,,,,False
1980-12-15,,,,,False
1980-12-16,,,,,False
1980-12-17,,,,,False
1980-12-18,,,,,False
1980-12-19,,,,,False
1980-12-22,,,,,False
1980-12-23,,,,,False
1980-12-24,,,,,False
1980-12-26,,,,,False
1980-12-29,,,,,False
1980-12-30,,,,,False
1980-12-31,,,,,False
1981-01-02,,,,,False
1981-01-05,,,,,False
1981-01-06,,,,,False
1981-01-07,,,,,False
1981-01-08,,,,,False
1981-01-09,,,,,False
1981-01-12,,,,,False
1981-01-13,,,,,False
1981-01-14,,,,,False
1981-01-15,,,,,False
1981-01-16,,,,,False
1981-01-19,,,,,False
1981-01-20,,,,,False
1981-01-21,,,,,False
1981-01-22,,,,,False
1981-01-23,,,,,False
1981-01-26,,,,,False
1981-01-27,,,,,False
1981-01-28,,,,,False
1981-01-29,,,,,False
1981-01-30,,,,,False
1981-02-02,,,,,False
1981-02-03,,,,,False
1981-02-04,,,,,False
1981-02-05,,,,,False
1981-02-06,,,,,False
1981-02-09,,,,,False
1981-02-10,,,,,False
1981-02-11,,,,,False
1981-02-12,,,,,False
1981-02-13,,,,,False
1981-02-17,,,,,False
1981-02-18,,,,,False
1981-02-19,,,,,False
1981-02-20,,,,,False
1981-02-23,,,,,False
1981-02-24,,,,,False
1981-02-25,,,,,False
1981-02-26,,,,,False
1981-02-27,,,,,False
1981-03-02,,,,,False
1981-03-03,,,,,False
1981-03-04,,,,,False
1981-03-05,,,,,False
1981-03-06,,,,,False
1981-03-09,,,,,False
1981-03-10,,,,,False
1981-03-11,,,,,False
1981-03-12,,,,,False
1981-03-13,,,,,False
1981-03-16,,,,,False
1981-03-17,,,,,False
1981-03-18,,,,,False
1981-03-19,,,,,False
1981-03-20,,,,,False
1981-03-23,,,,,False
1981-03-24,,,,,False
1981-03-25,,,,,False
1981-03-26,,,,,False
1981-03-27,,,,,False
1981-03-30,,,,,False
1981-03-31,,,,,False
1981-04-01,,,,,False
1981-04-02,,,,,False
1981-04-03,,,,,False
1981-04-06,,,,,False
1981-04-07,,,,,False
1981-04-08,,,,,False
1981-04-09,,,,,False
1981-04-10,,,,,False
1981-04-13,,,,,False
1981-04-14,,,,,False
1981-04-15,,,,,False
1981-04-16,,,,,False
1981-04-20,,,,,False
1981-04-21,,,,,False
1981-04-22,,,,,False
1981-04-23,,,,,False
1981-04-24,,,,,False
1981-04-27,,,,,False
1981-04-28,,,,,False
1981-04-29,,,,,False
1981-04-30,,,,,False
1981-05-01,,,,,False
1981-05-04,,,,,False
1981-05-05,,,,,False
1981-05-06,,,,,False
1981-05-07,,,,,False
1981-05-08,,,,,False
1981-05-11,,,,,False
1981-05-12,,,,,False
1981-05-13,,,,,False
1981-05-14,,,,,False
1981-05-15,,,,,False
1981-05-18,,,,,False
1981-05-19,,,,,False
1981-05-20,,,,,False
1981-05-21,,,,,False
1981-05-22,,,,,False
1981-05-26,,,,,False
1981-05-27,,,,,False
1981-05-28,,,,,False
1981-05-29,,,,,False
1981-06-01,,,,,False
1981-06-02,,,,,False
1981-06-03,,,,,False
1981-06-04,,,,,False
1981-06-05,,,,,False
1981-06-08,,,,,False
1981-06-09,,,,,False
1981-06-10,,,,,False
1981-06-11,,,,,False
1981-06-12,,,,,False
1981-06-15,,,,,False
1981-06-16,,,,,False
1981-06-17,,,,,False
1981-06-18,,,,,False
1981-06-19,,,,,False
1981-06-22,,,,,False
1981-06-23,,,,,False
1981-06-24,,,,,False
1981-06-25,,,,,False
1981-06-26,,,,,False
1981-06-29,,,,,False
1981-06-30,,,,,False
1981-07-01,,,,,False
1981-07-02,,,,,False
1981-07-06,,,,,False
1981-07-07,,,,,False
1981-07-08,,,,,False
1981-07-09,,,,,False
1981-07-10,,,,,False
1981-07-13,,,,,False
1981-07-14,,,,,False
1981-07-15,,,,,False
1981-07-16,,,,,False
1981-07-17,,,,,False
1981-07-20,,,,,False
1981-07-21,,,,,False
1981-07-22,,,,,False
1981-07-23,,,,,False
1981-07-24,,,,,False
1981-07-27,,,,,False
1981-07-28,,,,,False
1981-07-29,,,,,False
1981-07-30,,,,,False
1981-07-31,,,,,False
1981-08-03,,,,,False
1981-08-04,,,,,False
1981-08-05,,,,,False
1981-08-06,,,,,False
1981-08-07,,,,,False
1981-08-10,,,,,False
1981-08-11,,,,,False
1981-08-12,,,,,False
1981-08-13,,,,,False
1981-08-14,,,,,False
1981-08-17,,,,,False
1981-08-18,,,,,False
1981-08-19,,,,,False
1981-08-20,,,,,False
1981-08-21,,,,,False
1981-08-24,,,,,False
1981-08-25,,,,,False
1981-08-26,,,,,False
1981-08-27,,,,,False
1981-08-28,,,,,False
1981-08-31,,,,,False
1981-09-01,,,,,False
1981-09-02,,,,,False
1981-09-03,,,,,False
1981-09-04,,,,,False
1981-09-08,,,,,False
1981-09-09,,,,,False
1981-09-10,,,,,False
1981-09-11,,,,,False
1981-09-14,,,,,False
1981-09-15,,,,,False
1981-09-16,,,,,False
1981-09-17,,,,,False
1981-09-18,,,,,False
1981-09-21,,,,,False
1981-09-22,,,,,False
1981-09-23,,,,,False
1981-09-24,,,,,False
1981-09-25,,,,,False
1981-09-28,,,,,False
1981-09-29,,,,,False
1981-09-30,,,,,False
1981-10-01,,,,,False
1981-10-02,,,,,False
1981-10-05,,,,,False
1981-10-06,,,,,False
1981-10-07,,,,,False
1981-10-08,,,,,False
1981-10-09,,,,,False
1981-10-12,,,,,False
1981-10-13,,,,,False
1981-10-14,,,,,False
1981-10-15,,,,,False
1981-10-16,,,,,False
1981-10-19,,,,,False
1981-10-20,,,,,False
1981-10-21,,,,,False
1981-10-22,,,,,False
1981-10-23,,,,,False
1981-10-26,,,,,False
1981-10-27,,,,,False
1981-10-28,,,,,False
1981-10-29,,,,,False
1981-10-30,,,,,False
1981-11-02,,,,,False
1981-11-03,,,,,False
1981-11-04,,,,,False
1981-11-05,,,,,False
1981-11-06,,,,,False
1981-11-09,,,,,False
1981-11-10,,,,,False
1981-11-11,,,,,False
1981-11-12,,,,,False
1981-11-13,,,,,False
1981-11-16,,,,,False
1981-11-17,,,,,False
1981-11-18,,,,,False
1981-11-19,,,,,False
1981-11-20,,,,,False
1981-11-23,,,,,False
1981-11-24,,,,,False
1981-11-25,,,,,False
1981-11-27,,,,,False
1981-11-30,,,,,False
1981-12-01,,,,,False
1981-12-02,,,,,False
1981-12-03,,,,,False
1981-12-04,,,,,False
1981-12-07,,,,,False
1981-12-08,,,,,False
1981-12-09,,,,,False
1981-12-10,,,,,False
1981-12-11,,,,,False
1981-12-14,,,,,False
1981-12-15,,,,,False
1981-12-16,,,,,False
1981-12-17,,,,,False
1981-12-18,,,,,False
1981-12-21,,,,,False
1981-12-22,,,,,False
1981-12-23,,,,,False
1981-12-24,,,,,False
1981-12-28,,,,,False
1981-12-29,,,,,False
1981-12-30,,,,,False
1981-12-31,,,,,False
1982-01-04,,,,,False
1982-01-05,,,,,False
1982-01-06,,,,,False
1982-01-07,,,,,False
1982-01-08,,,,,False
1982-01-11,,,,,False
1982-01-12,,,,,False
1982-01-13,,,,,False
1982-01-14,,,,,False
1982-01-15,,,,,False
1982-01-18,,,,,False
1982-01-19,,,,,False
1982-01-20,,,,,False
1982-01-21,,,,,False
1982-01-22,,,,,False
1982-01-25,,,,,False
1982-01-26,,,,,False
1982-01-27,,,,,False
1982-01-28,,,,,False
1982-01-29,,,,,False
1982-02-01,,,,,False
1982-02-02,,,,,False
1982-02-03,,,,,False
1982-02-04,,,,,False
1982-02-05,,,,,False
1982-02-08,,,,,False
1982-02-09,,,,,False
1982-02-10,,,,,False
1982-02-11,,,,,False
1982-02-12,,,,,False
1982-02-16,,,,,False
1982-02-17,,,,,False
1982-02-18,,,,,False
1982-02-19,,,,,False
1982-02-22,,,,,False
1982-02-23,,,,,False
1982-02-24,,,,,False
1982-02-25,,,,,False
1982-02-26,,,,,False
1982-03-01,,,,,False
1982-03-02,,,,,False
1982-03-03,,,,,False
1982-03-04,,,,,False
1982-03-05,,,,,False
1982-03-08,,,,,False
1982-03-09,,,,,False
1982-03-10,,,,,False
1982-03-11,,,,,False
1982-03-12,,,,,False
1982-03-15,,,,,False
1982-03-16,,,,,False
1982-03-17,,,,,False
1982-03-18,,,,,False
1982-03-19,,,,,False
1982-03-22,,,,,False
1982-03-23,,,,,False
1982-03-24,,,,,False
1982-03-25,,,,,False
1982-03-26,,,,,False
1982-03-29,,,,,False
1982-03-30,,,,,False
1982-03-31,,,,,False
1982-04-01,,,,,False
1982-04-02,,,,,False
1982-04-05,,,,,False
1982-04-06,,,,,False
1982-04-07,,,,,False
1982-04-08,,,,,False
1982-04-12,,,,,False
1982-04-13,,,,,False
1982-04-14,,,,,False
1982-04-15,,,,,False
1982-04-16,,,,,False
1982-04-19,,,,,False
1982-04-20,,,,,False
1982-04-21,,,,,False
1982-04-22,,,,,False
1982-04-23,,,,,False
1982-04-26,,,,,False
1982-04-27,,,,,False
1982-04-28,,,,,False
1982-04-29,,,,,False
1982-04-30,,,,,False
1982-05-03,,,,,False
1982-05-04,,,,,False
1982-05-05,,,,,False
1982-05-06,,,,,False
1982-05-07,,,,,False
1982-05-10,,,,,False
1982-05-11,,,,,False
1982-05-12,,,,,False
1982-05-13,,,,,False
1982-05-14,,,,,False
1982-05-17,,,,,False
1982-05-18,,,,,False
1982-05-19,,,,,False
1982-05-20,,,,,False
1982-05-21,,,,,False
1982-05-24,,,,,False
1982-05-25,,,,,False
1982-05-26,,,,,False
1982-05-27,,,,,False
1982-05-28,,,,,False
1982-06-01,,,,,False
1982-06-02,,,,,False
1982-06-03,,,,,False
1982-06-04,,,,,False
1982-06-07,,,,,False
1982-06-08,,,,,False
1982-06-09,,,,,False
1982-06-10,,,,,False
1982-06-11,,,,,False
1982-06-14,,,,,False
1982-06-15,,,,,False
1982-06-16,,,,,False
1982-06-17,,,,,False
1982-06-18,,,,,False
1982-06-21,,,,,False
1982-06-22,,,,,False
1982-06-23,,,,,False
1982-06-24,,,,,False
1982-06-25,,,,,False
1982-06-28,,,,,False
1982-06-29,,,,,False
1982-06-30,,,,,False
1982-07-01,,,,,False
1982-07-02,,,,,False
1982-07-06,,,,,False
1982-07-07,,,,,False
1982-07-08,,,,,False
1982-07-09,,,,,False
1982-07-12,,,,,False
1982-07-13,,,,,False
1982-07-14,,,,,False
1982-07-15,,,,,False
1982-07-16,,,,,False
1982-07-19,,,,,False
1982-07-20,,,,,False
1982-07-21,,,,,False
1982-07-22,,,,,False
1982-07-23,,,,,False
1982-07-26,,,,,False
1982-07-27,,,,,False
1982-07-28,,,,,False
1982-07-29,,,,,False
1982-07-30,,,,,False
1982-08-02,,,,,False
1982-08-03,,,,,False
1982-08-04,,,,,False
1982-08-05,,,,,False
1982-08-06,,,,,False
1982-08-09,,,,,False
1982-08-10,,,,,False
1982-08-11,,,,,False
1982-08-12,,,,,False
1982-08-13,,,,,False
1982-08-16,,,,,False
1982-08-17,,,,,False
1982-08-18,,,,,False
1982-08-19,,,,,False
1982-08-20,,,,,False
1982-08-23,,,,,False
1982-08-24,,,,,False
1982-08-25,,,,,False
1982-08-26,,,,,False
1982-08-27,,,,,False
1982-08-30,,,,,False
1982-08-31,,,,,False
1982-09-01,,,,,False
1982-09-02,,,,,False
1982-09-03,,,,,False
1982-09-07,,,,,False
1982-09-08,,,,,False
1982-09-09,,,,,False
1982-09-10,,,,,False
1982-09-13,,,,,False
1982-09-14,,,,,False
1982-09-15,,,,,False
1982-09-16,,,,,False
1982-09-17,,,,,False
1982-09-20,,,,,False
1982-09-21,,,,,False
1982-09-22,,,,,False
1982-09-23,,,,,False
1982-09-24,,,,,False
1982-09-27,,,,,False
1982-09-28,,,,,False
1982-09-29,,,,,False
1982-09-30,,,,,False
1982-10-01,,,,,False
1982-10-04,,,,,False
1982-10-05,,,,,False
1982-10-06,,,,,False
1982-10-07,,,,,False
1982-10-08,,,,,False
1982-10-11,,,,,False
1982-10-12,,,,,False
1982-10-13,,,,,False
1982-10-14,,,,,False
1982-10-15,,,,,False
1982-10-18,,,,,False
1982-10-19,,,,,False
1982-10-20,,,,,False
1982-10-21,,,,,False
1982-10-22,,,,,False
1982-10-25,,,,,False
1982-10-26,,,,,False
1982-10-27,,,,,False
1982-10-28,,,,,False
1982-10-29,,,,,False
1982-11-01,,,,,False
1982-11-02,,,,,False
1982-11-03,,,,,False
1982-11-04,,,,,False
1982-11-05,,,,,False
1982-11-08,,,,,False
1982-11-09,,,,,False
1982-11-10,,,,,False
1982-11-11,,,,,False
1982-11-12,,,,,False
1982-11-15,,,,,False
1982-11-16,,,,,False
1982-11-17,,,,,False
1982-11-18,,,,,False
1982-11-19,,,,,False
1982-11-22,,,,,False
1982-11-23,,,,,False
1982-11-24,,,,,False
1982-11-26,,,,,False
1982-11-29,,,,,False
1982-11-30,,,,,False
1982-12-01,,,,,False
1982-12-02,,,,,False
1982-12-03,,,,,False
1982-12-06,,,,,False
1982-12-07,,,,,False
1982-12-08,,,,,False
1982-12-09,,,,,False
1982-12-10,,,,,False
1982-12-13,,,,,False
1982-12-14,,,,,False
1982-12-15,,,,,False
1982-12-16,,,,,False
1982-12-17,,,,,False
1982-12-20,,,,,False
1982-12-21,,,,,False
1982-12-22,,,,,False
1982-12-23,,,,,False
1982-12-27,,,,,False
1982-12-28,,,,,False
1982-12-29,,,,,False
1982-12-30,,,,,False
1982-12-31,,,,,False
1983-01-03,,,,,False
1983-01-04,,,,,False
1983-01-05,,,,,False
1983-01-06,,,,,False
1983-01-07,,,,,False
1983-01-10,,,,,False
1983-01-11,,,,,False
1983-01-12,,,,,False
1983-01-13,,,,,False
1983-01-14,,,,,False
1983-01-17,,,,,False
1983-01-18,,,,,False
1983-01-19,,,,,False
1983-01-20,,,,,False
1983-01-21,,,,,False
1983-01-24,,,,,False
1983-01-25,,,,,False
1983-01-26,,,,,False
1983-01-27,,,,,False
1983-01-28,,,,,False
1983-01-31,,,,,False
1983-02-01,,,,,False
1983-02-02,,,,,False
1983-02-03,,,,,False
1983-02-04,,,,,False
1983-02-07,,,,,False
1983-02-08,,,,,False
1983-02-09,,,,,False
1983-02-10,,,,,False
1983-02-11,,,,,False
1983-02-14,,,,,False
1983-02-15,,,,,False
1983-02-16,,,,,False
1983-02-17,,,,,False
1983-02-18,,,,,False
1983-02-22,,,,,False
1983-02-23,,,,,False
1983-02-24,,,,,False
1983-02-25,,,,,False
1983-02-28,,,,,False
1983-03-01,,,,,False
1983-03-02,,,,,False
1983-03-03,,,,,False
1983-03-04,,,,,False
1983-03-07,,,,,False
1983-03-08,,,,,False
1983-03-09,,,,,False
1983-03-10,,,,,False
1983-03-11,,,,,False
1983-03-14,,,,,False
1983-03-15,,,,,False
1983-03-16,,,,,False
1983-03-17,,,,,False
1983-03-18,,,,,False
1983-03-21,,,,,False
1983-03-22,,,,,False
1983-03-23,,,,,False
1983-03-24,,,,,False
1983-03-25,,,,,False
1983-03-28,,,,,False
1983-03-29,,,,,False
1983-03-30,,,,,False
1983-03-31,,,,,False
1983-04-04,,,,,False
1983-04-05,,,,,False
1983-04-06,,,,,False
1983-04-07,,,,,False
1983-04-08,,,,,False
1983-04-11,,,,,False
1983-04-12,,,,,False
1983-04-13,,,,,False
1983-04-14,,,,,False
1983-04-15,,,,,False
1983-04-18,,,,,False
1983-04-19,,,,,False
1983-04-20,,,,,False
1983-04-21,,,,,False
1983-04-22,,,,,False
1983-04-25,,,,,False
1983-04-26,,,,,False
1983-04-27,,,,,False
1983-04-28,,,,,False
1983-04-29,,,,,False
1983-05-02,,,,,False
1983-05-03,,,,,False
1983-05-04,,,,,False
1983-05-05,,,,,False
1983-05-06,,,,,False
1983-05-09,,,,,False
1983-05-10,,,,,False
1983-05-11,,,,,False
1983-05-12,,,,,False
1983-05-13,,,,,False
1983-05-16,,,,,False
1983-05-17,,,,,False
1983-05-18,,,,,False
1983-05-19,,,,,False
1983-05-20,,,,,False
1983-05-23,,,,,False
1983-05-24,,,,,False
1983-05-25,,,,,False
1983-05-26,,,,,False
1983-05-27,,,,,False
1983-05-31,,,,,False
1983-06-01,,,,,False
1983-06-02,,,,,False
1983-06-03,,,,,False
1983-06-06,,,,,False
1983-06-07,,,,,False
1983-06-08,,,,,False
1983-06-09,,,,,False
1983-06-10,,,,,False
1983-06-13,,,,,False
1983-06-14,,,,,False
1983-06-15,,,,,False
1983-06-16,,,,,False
1983-06-17,,,,,False
1983-06-20,,,,,False
1983-06-21,,,,,False
1983-06-22,,,,,False
1983-06-23,,,,,False
1983-06-24,,,,,False
1983-06-27,,,,,False
1983-06-28,,,,,False
1983-06-29,,,,,False
1983-06-30,,,,,False
1983-07-01,,,,,False
1983-07-05,,,,,False
1983-07-06,,,,,False
1983-07-07,,,,,False
1983-07-08,,,,,False
1983-07-11,,,,,False
1983-07-12,,,,,False
1983-07-13,,,,,False
1983-07-14,,,,,False
1983-07-15,,,,,False
1983-07-18,,,,,False
1983-07-19,,,,,False
1983-07-20,,,,,False
1983-07-21,,,,,False
1983-07-22,,,,,False
1983-07-25,,,,,False
1983-07-26,,,,,False
1983-07-27,,,,,False
1983-07-28,,,,,False
1983-07-29,,,,,False
1983-08-01,,,,,False
1983-08-02,,,,,False
1983-08-03,,,,,False
1983-08-04,,,,,False
1983-08-05,,,,,False
1983-08-08,,,,,False
1983-08-09,,,,,False
1983-08-10,,,,,False
1983-08-11,,,,,False
1983-08-12,,,,,False
1983-08-15,,,,,False
1983-08-16,,,,,False
1983-08-17,,,,,False
1983-08-18,,,,,False
1983-08-19,,,,,False
1983-08-22,,,,,False
1983-08-23,,,,,False
1983-08-24,,,,,False
1983-08-25,,,,,False
1983-08-26,,,,,False
1983-08-29,,,,,False
1983-08-30,,,,,False
1983-08-31,,,,,False
1983-09-01,,,,,False
1983-09-02,,,,,False
1983-09-06,,,,,False
1983-09-07,,,,,False
1983-09-08,,,,,False
1983-09-09,,,,,False
1983-09-12,,,,,False
1983-09-13,,,,,False
1983-09-14,,,,,False
1983-09-15,,,,,False
1983-09-16,,,,,False
1983-09-19,,,,,False
1983-09-20,,,,,False
1983-09-21,,,,,False
1983-09-22,,,,,False
1983-09-23,,,,,False
1983-09-26,,,,,False
1983-09-27,,,,,False
1983-09-28,,,,,False
1983-09-29,,,,,False
1983-09-30,,,,,False
1983-10-03,,,,,False
1983-10-04,,,,,False
1983-10-05,,,,,False
1983-10-06,,,,,False
1983-10-07,,,,,False
1983-10-10,,,,,False
1983-10-11,,,,,False
1983-10-12,,,,,False
1983-10-13,,,,,False
1983-10-14,,,,,False
1983-10-17,,,,,False
1983-10-18,,,,,False
1983-10-19,,,,,False
1983-10-20,,,,,False
1983-10-21,,,,,False
1983-10-24,,,,,False
1983-10-25,,,,,False
1983-10-26,,,,,False
1983-10-27,,,,,False
1983-10-28,,,,,False
1983-10-31,,,,,False
1983-11-01,,,,,False
1983-11-02,,,,,False
1983-11-03,,,,,False
1983-11-04,,,,,False
1983-11-07,,,,,False
1983-11-08,,,,,False
1983-11-09,,,,,False
1983-11-10,,,,,False
1983-11-11,,,,,False
1983-11-14,,,,,False
1983-11-15,,,,,False
1983-11-16,,,,,False
1983-11-17,,,,,False
1983-11-18,,,,,False
1983-11-21,,,,,False
1983-11-22,,,,,False
1983-11-23,,,,,False
1983-11-25,,,,,False
1983-11-28,,,,,False
1983-11-29,,,,,False
1983-11-30,,,,,False
1983-12-01,,,,,False
1983-12-02,,,,,False
1983-12-05,,,,,False
1983-12-06,,,,,False
1983-12-07,,,,,False
1983-12-08,,,,,False
1983-12-09,,,,,False
1983-12-12,,,,,False
1983-12-13,,,,,False
1983-12-14,,,,,False
1983-12-15,,,,,False
1983-12-16,,,,,False
1983-12-19,,,,,False
1983-12-20,,,,,False
1983-12-21,,,,,False
1983-12-22,,,,,False
1983-12-23,,,,,False
1983-12-27,,,,,False
1983-12-28,,,,,False
1983-12-29,,,,,False
1983-12-30,,,,,False
1984-01-03,,,,,False
1984-01-04,,,,,False
1984-01-05,,,,,False
1984-01-06,,,,,False
1984-01-09,,,,,False
1984-01-10,,,,,False
1984-01-11,,,,,False
1984-01-12,,,,,False
1984-01-13,,,,,False
1984-01-16,,,,,False
1984-01-17,,,,,False
1984-01-18,,,,,False
1984-01-19,,,,,False
1984-01-20,,,,,False
1984-01-23,,,,,False
1984-01-24,,,,,False
1984-01-25,,,,,False
1984-01-26,,,,,False
1984-01-27,,,,,False
1984-01-30,,,,,False
1984-01-31,,,,,False
1984-02-01,,,,,False
1984-02-02,,,,,False
1984-02-03,,,,,False
1984-02-06,,,,,False
1984-02-07,,,,,False
1984-02-08,,,,,False
1984-02-09,,,,,False
1984-02-10,,,,,False
1984-02-13,,,,,False
1984-02-14,,,,,False
1984-02-15,,,,,False
1984-02-16,,,,,False
1984-02-17,,,,,False
1984-02-21,,,,,False
1984-02-22,,,,,False
1984-02-23,,,,,False
1984-02-24,,,,,False
1984-02-27,,,,,False
1984-02-28,,,,,False
1984-02-29,,,,,False
1984-03-01,,,,,False
1984-03-02,,,,,False
1984-03-05,,,,,False
1984-03-06,,,,,False
1984-03-07,,,,,False
1984-03-08,,,,,False
1984-03-09,,,,,False
1984-03-12,,,,,False
1984-03-13,,,,,False
1984-03-14,,,,,False
1984-03-15,,,,,False
1984-03-16,,,,,False
1984-03-19,,,,,False
1984-03-20,,,,,False
1984-03-21,,,,,False
1984-03-22,,,,,False
1984-03-23,,,,,False
1984-03-26,,,,,False
1984-03-27,,,,,False
1984-03-28,,,,,False
1984-03-29,,,,,False
1984-03-30,,,,,False
1984-04-02,,,,,False
1984-04-03,,,,,False
1984-04-04,,,,,False
1984-04-05,,,,,False
1984-04-06,,,,,False
1984-04-09,,,,,False
1984-04-10,,,,,False
1984-04-11,,,,,False
1984-04-12,,,,,False
1984-04-13,,,,,False
1984-04-16,,,,,False
1984-04-17,,,,,False
1984-04-18,,,,,False
1984-04-19,,,,,False
1984-04-23,,,,,False
1984-04-24,,,,,False
1984-04-25,,,,,False
1984-04-26,,,,,False
1984-04-27,,,,,False
1984-04-30,,,,,False
1984-05-01,,,,,False
1984-05-02,,,,,False
1984-05-03,,,,,False
1984-05-04,,,,,False
1984-05-07,,,,,False
1984-05-08,,,,,False
1984-05-09,,,,,False
1984-05-10,,,,,False
1984-05-11,,,,,False
1984-05-14,,,,,False
1984-05-15,,,,,False
1984-05-16,,,,,False
1984-05-17,,,,,False
1984-05-18,,,,,False
1984-05-21,,,,,False
1984-05-22,,,,,False
1984-05-23,,,,,False
1984-05-24,,,,,False
1984-05-25,,,,,False
1984-05-29,,,,,False
1984-05-30,,,,,False
1984-05-31,,,,,False
1984-06-01,,,,,False
1984-06-04,,,,,False
1984-06-05,,,,,False
1984-06-06,,,,,False
1984-06-07,,,,,False
1984-06-08,,,,,False
1984-06-11,,,,,False
1984-06-12,,,,,False
1984-06-13,,,,,False
1984-06-14,,,,,False
1984-06-15,,,,,False
1984-06-18,,,,,False
1984-06-19,,,,,False
1984-06-20,,,,,False
1984-06-21,,,,,False
1984-06-22,,,,,False
1984-06-25,,,,,False
1984-06-26,,,,,False
1984-06-27,,,,,False
1984-06-28,,,,,False
1984-06-29,,,,,False
1984-07-02,,,,,False
1984-07-03,,,,,False
1984-07-05,,,,,False
1984-07-06,,,,,False
1984-07-09,,,,,False
1984-07-10,,,,,False
1984-07-11,,,,,False
1984-07-12,,,,,False
1984-07-13,,,,,False
1984-07-16,,,,,False
1984-07-17,,,,,False
1984-07-18,,,,,False
1984-07-19,,,,,False
1984-07-20,,,,,False
1984-07-23,,,,,False
1984-07-24,,,,,False
1984-07-25,,,,,False
1984-07-26,,,,,False
1984-07-27,,,,,False
1984-07-30,,,,,False
1984-07-31,,,,,False
1984-08-01,,,,,False
1984-08-02,,,,,False
1984-08-03,,,,,False
1984-08-06,,,,,False
1984-08-07,,,,,False
1984-08-08,,,,,False
1984-08-09,,,,,False
1984-08-10,,,,,False
1984-08-13,,,,,False
1984-08-14,,,,,False
1984-08-15,,,,,False
1984-08-16,,,,,False
1984-08-17,,,,,False
1984-08-20,,,,,False
1984-08-21,,,,,False
1984-08-22,,,,,False
1984-08-23,,,,,False
1984-08-24,,,,,False
1984-08-27,,,,,False
1984-08-28,,,,,False
1984-08-29,,,,,False
1984-08-30,,,,,False
1984-08-31,,,,,False
1984-09-04,,,,,False
1984-09-05,,,,,False
1984-09-06,,,,,False
1984-09-07,,,,,False
1984-09-10,,,,,False
1984-09-11,,,,,False
1984-09-12,,,,,False
1984-09-13,,,,,False
1984-09-14,,,,,False
1984-09-17,,,,,False
1984-09-18,,,,,False
1984-09-19,,,,,False
1984-09-20,,,,,False
1984-09-21,,,,,False
1984-09-24,,,,,False
1984-09-25,,,,,False
1984-09-26,,,,,False
1984-09-27,,,,,False
1984-09-28,,,,,False
1984-10-01,,,,,False
1984-10-02,,,,,False
1984-10-03,,,,,False
1984-10-04,,,,,False
1984-10-05,,,,,False
1984-10-08,,,,,False
1984-10-09,,,,,False
1984-10-10,,,,,False
1984-10-11,,,,,False
1984-10-12,,,,,False
1984-10-15,,,,,False
1984-10-16,,,,,False
1984-10-17,,,,,False
1984-10-18,,,,,False
1984-10-19,,,,,False
1984-10-22,,,,,False
1984-10-23,,,,,False
1984-10-24,,,,,False
1984-10-25,,,,,False
1984-10-26,,,,,False
1984-10-29,,,,,False
1984-10-30,,,,,False
1984-10-31,,,,,False
1984-11-01,,,,,False
1984-11-02,,,,,False
1984-11-05,,,,,False
1984-11-06,,,,,False
1984-11-07,,,,,False
1984-11-08,,,,,False
1984-11-09,,,,,False
1984-11-12,,,,,False
1984-11-13,,,,,False
1984-11-14,,,,,False
1984-11-15,,,,,False
1984-11-16,,,,,False
1984-11-19,,,,,False
1984-11-20,,,,,False
1984-11-21,,,,,False
1984-11-23,,,,,False
1984-11-26,0.2271813601255417,0.2271813601255417,0.0,0.0,False
1984-11-27,0.21673552691936493,0.21673552691936493,0.0,0.0,False
1984-11-28,0.7140737771987915,0.7140737771987915,1.0,0.28342718682223994,False
1984-11-29,0.41109558939933777,0.41109558939933777,1.0,0.0,False
1984-11-30,0.40702322125434875,0.40702322125434875,0.0,0.0,False
1984-12-03,0.4527883529663086,0.4527883529663086,0.0,0.0,False
1984-12-04,0.491556316614151,0.491556316614151,1.0,0.0,False
1984-12-05,0.285669207572937,0.285669207572937,1.0,0.0,False
1984-12-06,0.3388310968875885,0.3388310968875885,1.0,0.0,False
1984-12-07,0.7116895318031311,0.7116895318031311,1.0,0.281128688479106,False
1984-12-10,0.575972318649292,0.575972318649292,1.0,0.281128688479106,False
1984-12-11,0.4357970654964447,0.4357970654964447,1.0,0.0,False
1984-12-12,0.4694459140300751,0.4694459140300751,1.0,0.0,False
1984-12-13,0.3360557556152344,0.3360557556152344,1.0,0.0,False
1984-12-14,0.3331655263900757,0.3331655263900757,1.0,0.0,False
1984-12-17,0.4705570936203003,0.4705570936203003,1.0,0.0,False
1984-12-18,0.36907103657722473,0.36907103657722473,1.0,0.0,False
1984-12-19,0.5015332102775574,0.5015332102775574,1.0,0.0,False
1984-12-20,0.47283971309661865,0.47283971309661865,1.0,0.0,False
1984-12-21,0.41832977533340454,0.41832977533340454,1.0,0.0,False
1984-12-24,0.22894984483718872,0.22894984483718872,1.0,0.0,False
1984-12-26,0.3505936563014984,0.3505936563014984,1.0,0.0,False
1984-12-27,0.1766032576560974,0.1766032576560974,1.0,0.0,False
1984-12-28,0.46099257469177246,0.46099257469177246,1.0,0.0,False
1984-12-31,0.18444901704788208,0.18444901704788208,1.0,0.0,False
1985-01-02,0.383433073759079,0.383433073759079,1.0,0.0,False
1985-01-03,0.3708716034889221,0.3708716034889221,1.0,0.0,False
1985-01-04,0.3093065321445465,0.3093065321445465,1.0,0.0,False
1985-01-07,0.421870619058609,0.421870619058609,0.0,0.0,False
1985-01-08,0.2751985490322113,0.2751985490322113,0.0,0.0,False
1985-01-09,0.47272631525993347,0.47272631525993347,0.0,0.0,False
1985-01-10,0.24972927570343018,0.24972927570343018,1.0,0.0,False
1985-01-11,0.3876182734966278,0.3876182734966278,1.0,0.0,False
1985-01-14,0.4231474995613098,0.4231474995613098,1.0,0.0,False
1985-01-15,0.43726015090942383,0.43726015090942383,1.0,0.0,False
1985-01-16,0.37657299637794495,0.37657299637794495,1.0,0.0,False
1985-01-17,0.33043235540390015,0.33043235540390015,0.0,0.0,False
1985-01-18,0.3906130790710449,0.3906130790710449,0.0,0.0,False
1985-01-21,0.2205580472946167,0.2205580472946167,0.0,0.0,False
1985-01-22,0.23686355352401733,0.23686355352401733,1.0,0.0,False
1985-01-23,0.2971523702144623,0.2971523702144623,1.0,0.0,False
1985-01-24,0.4096582531929016,0.4096582531929016,0.0,0.0,False
1985-01-25,0.3061895966529846,0.3061895966529846,1.0,0.0,False
1985-01-28,0.358515202999115,0.358515202999115,0.0,0.0,False
1985-01-29,0.2606465220451355,0.2606465220451355,0.0,0.0,False
1985-01-30,0.3905901610851288,0.3905901610851288,0.0,0.0,False
1985-01-31,0.3425425589084625,0.3425425589084625,0.0,0.0,False
1985-02-01,0.4423826336860657,0.4423826336860657,0.0,0.0,False
1985-02-04,0.1737411618232727,0.1737411618232727,0.0,0.0,False
1985-02-05,0.4814901351928711,0.4814901351928711,0.0,0.0,False
1985-02-06,0.16062124073505402,0.16062124073505402,0.0,0.0,False
1985-02-07,0.38317444920539856,0.38317444920539856,0.0,0.0,False
1985-02-08,0.4186244606971741,0.4186244606971741,0.0,0.0,False
1985-02-11,0.34459465742111206,0.34459465742111206,0.0,0.0,False
1985-02-12,0.39392465353012085,0.39392465353012085,0.0,0.0,False
1985-02-13,0.36880961060523987,0.36880961060523987,0.0,0.0,False
1985-02-14,0.49698206782341003,0.49698206782341003,0.0,0.0,False
1985-02-15,0.4614710509777069,0.4614710509777069,0.0,0.0,False
1985-02-19,0.4554004371166229,0.4554004371166229,0.0,0.0,False
1985-02-20,0.598844587802887,0.598844587802887,0.0,0.4309497357718687,False
1985-02-21,0.6630406975746155,0.6630406975746155,0.0,0.4309497357718687,False
1985-02-22,0.40930673480033875,0.40930673480033875,0.0,0.0,False
1985-02-25,0.4002358019351959,0.4002358019351959,0.0,0.0,False
1985-02-26,0.49734270572662354,0.49734270572662354,0.0,0.0,False
1985-02-27,0.5296062231063843,0.5296062231063843,0.0,0.37388293608949846,False
1985-02-28,0.4611964821815491,0.4611964821815491,0.0,0.0,False
1985-03-01,0.4950142204761505,0.4950142204761505,0.0,0.0,False
1985-03-04,0.474199503660202,0.474199503660202,0.0,0.0,False
1985-03-05,0.3229468762874603,0.3229468762874603,0.0,0.0,False
1985-03-06,0.522557258605957,0.522557258605957,0.0,0.3497032383755079,False
1985-03-07,0.35379934310913086,0.35379934310913086,0.0,0.0,False
1985-03-08,0.2980184257030487,0.2980184257030487,0.0,0.0,False
1985-03-11,0.617987871170044,0.617987871170044,0.0,0.26897065056557434,False
1985-03-12,0.6198493838310242,0.6198493838310242,0.0,0.26897065056557434,False
1985-03-13,0.5071874260902405,0.5071874260902405,0.0,0.0,False
1985-03-14,0.6355249881744385,0.6355249881744385,0.0,0.2597733615461642,False
1985-03-15,0.568450391292572,0.568450391292572,0.0,0.2597733615461642,False
1985-03-18,0.5858607292175293,0.5858607292175293,0.0,0.2597733615461642,False
1985-03-19,0.581341564655304,0.581341564655304,0.0,0.2597733615461642,False
1985-03-20,0.5087212920188904,0.5087212920188904,0.0,0.0,False
1985-03-21,0.4142763018608093,0.4142763018608093,0.0,0.0,False
1985-03-22,0.32783225178718567,0.32783225178718567,0.0,0.0,False
1985-03-25,0.3992060124874115,0.3992060124874115,0.0,0.0,False
1985-03-26,0.39468568563461304,0.39468568563461304,0.0,0.0,False
1985-03-27,0.5636417269706726,0.5636417269706726,0.0,0.25471316625279855,False
1985-03-28,0.6111852526664734,0.6111852526664734,0.0,0.25471316625279855,False
1985-03-29,0.6452911496162415,0.6452911496162415,0.0,0.25471316625279855,False
1985-04-01,0.6491568684577942,0.6491568684577942,0.0,0.25471316625279855,False
1985-04-02,0.36914899945259094,0.36914899945259094,0.0,0.0,False
1985-04-03,0.2558073401451111,0.2558073401451111,0.0,0.0,False
1985-04-04,0.42605942487716675,0.42605942487716675,0.0,0.0,False
1985-04-08,0.4098901152610779,0.4098901152610779,0.0,0.0,False
1985-04-09,0.3047591745853424,0.3047591745853424,0.0,0.0,False
1985-04-10,0.6627625226974487,0.6627625226974487,0.0,0.2932906965531908,False
1985-04-11,0.4713961184024811,0.4713961184024811,0.0,0.0,False
1985-04-12,0.4540502727031708,0.4540502727031708,0.0,0.0,False
1985-04-15,0.5129242539405823,0.5129242539405823,0.0,0.0,False
1985-04-16,0.31721189618110657,0.31721189618110657,0.0,0.0,False
1985-04-17,0.1868874728679657,0.1868874728679657,1.0,0.0,False
1985-04-18,0.1547769010066986,0.1547769010066986,1.0,0.0,False
1985-04-19,0.26220932602882385,0.26220932602882385,0.0,0.0,False
1985-04-22,0.45294591784477234,0.45294591784477234,0.0,0.0,False
1985-04-23,0.50162672996521,0.50162672996521,1.0,0.0,False
1985-04-24,0.4580215513706207,0.4580215513706207,0.0,0.0,False
1985-04-25,0.3299792408943176,0.3299792408943176,0.0,0.0,False
1985-04-26,0.4031008780002594,0.4031008780002594,0.0,0.0,False
1985-04-29,0.524287223815918,0.524287223815918,0.0,0.3140919896554427,False
1985-04-30,0.2925628125667572,0.2925628125667572,0.0,0.0,False
1985-05-01,0.38463443517684937,0.38463443517684937,0.0,0.0,False
1985-05-02,0.5413161516189575,0.5413161516189575,0.0,0.277438883698682,False
1985-05-03,0.45626911520957947,0.45626911520957947,0.0,0.0,False
1985-05-06,0.3231770396232605,0.3231770396232605,1.0,0.0,False
1985-05-07,0.3658333718776703,0.3658333718776703,1.0,0.0,False
1985-05-08,0.3892333507537842,0.3892333507537842,0.0,0.0,False
1985-05-09,0.1915551722049713,0.1915551722049713,0.0,0.0,False
1985-05-10,0.2083248347043991,0.2083248347043991,0.0,0.0,False
1985-05-13,0.16092181205749512,0.16092181205749512,0.0,0.0,False
1985-05-14,0.18916268646717072,0.18916268646717072,0.0,0.0,False
1985-05-15,0.3916448652744293,0.3916448652744293,0.0,0.0,False
1985-05-16,0.7055332660675049,0.7055332660675049,0.0,0.3154366561069251,False
1985-05-17,0.5057199001312256,0.5057199001312256,0.0,0.0,False
1985-05-20,0.5425847172737122,0.5425847172737122,0.0,0.3251345670570772,False
1985-05-21,0.46345409750938416,0.46345409750938416,0.0,0.0,False
1985-05-22,0.4474950432777405,0.4474950432777405,0.0,0.0,False
1985-05-23,0.5027536153793335,0.5027536153793335,0.0,0.0,False
1985-05-24,0.3851346969604492,0.3851346969604492,0.0,0.0,False
1985-05-28,0.6153117418289185,0.6153117418289185,0.0,0.25403953737388835,False
1985-05-29,0.6274914145469666,0.6274914145469666,0.0,0.25403953737388835,False
1985-05-30,0.4738127291202545,0.4738127291202545,0.0,0.0,False
1985-05-31,0.6163526773452759,0.6163526773452759,0.0,0.271888552883191,False
1985-06-03,0.5249200463294983,0.5249200463294983,0.0,0.271888552883191,False
1985-06-04,0.8343253135681152,0.8343253135681152,0.0,0.271888552883191,False
1985-06-05,0.5542058348655701,0.5542058348655701,0.0,0.271888552883191,False
1985-06-06,0.6686509847640991,0.6686509847640991,0.0,0.271888552883191,False
1985-06-07,0.6158312559127808,0.6158312559127808,0.0,0.271888552883191,False
1985-06-10,0.6749090552330017,0.6749090552330017,0.0,0.271888552883191,False
1985-06-11,0.24831290543079376,0.24831290543079376,0.0,0.0,False
1985-06-12,0.277880996465683,0.277880996465683,0.0,0.0,False
1985-06-13,0.4237021207809448,0.4237021207809448,0.0,0.0,False
1985-06-14,0.3809623420238495,0.3809623420238495,0.0,0.0,False
1985-06-17,0.3946262001991272,0.3946262001991272,0.0,0.0,False
1985-06-18,0.3879341185092926,0.3879341185092926,0.0,0.0,False
1985-06-19,0.2905341684818268,0.2905341684818268,0.0,0.0,False
1985-06-20,0.11056618392467499,0.11056618392467499,0.0,0.0,False
1985-06-21,0.28282102942466736,0.28282102942466736,0.0,0.0,False
1985-06-24,0.37850067019462585,0.37850067019462585,0.0,0.0,False
1985-06-25,0.21582472324371338,0.21582472324371338,1.0,0.0,False
1985-06-26,0.11151892691850662,0.11151892691850662,2.0,0.0,False
1985-06-27,0.22124072909355164,0.22124072909355164,1.0,0.0,False
1985-06-28,0.3088863790035248,0.3088863790035248,1.0,0.0,False
1985-07-01,0.20062509179115295,0.20062509179115295,1.0,0.0,False
1985-07-02,0.48953258991241455,0.48953258991241455,0.0,0.0,False
1985-07-03,0.29200825095176697,0.29200825095176697,1.0,0.0,False
1985-07-05,0.3257506787776947,0.3257506787776947,1.0,0.0,False
1985-07-08,0.2808806300163269,0.2808806300163269,1.0,0.0,False
1985-07-09,0.2610388398170471,0.2610388398170471,1.0,0.0,False
1985-07-10,0.20046181976795197,0.20046181976795197,1.0,0.0,False
1985-07-11,0.30757972598075867,0.30757972598075867,1.0,0.0,False
1985-07-12,0.5234021544456482,0.5234021544456482,1.0,0.40556109220615255,False
1985-07-15,0.6527782082557678,0.6527782082557678,1.0,0.40556109220615255,False
1985-07-16,0.6644037365913391,0.6644037365913391,1.0,0.40556109220615255,False
1985-07-17,0.42477232217788696,0.42477232217788696,1.0,0.0,False
1985-07-18,0.5895935893058777,0.5895935893058777,1.0,0.3938907839760567,False
1985-07-19,0.18763920664787292,0.18763920664787292,1.0,0.0,False
1985-07-22,0.3554949164390564,0.3554949164390564,0.0,0.0,False
1985-07-23,0.31929662823677063,0.31929662823677063,0.0,0.0,False
1985-07-24,0.40143299102783203,0.40143299102783203,0.0,0.0,False
1985-07-25,0.7697494029998779,0.7697494029998779,0.0,0.51934392452072,False
1985-07-26,0.5570852756500244,0.5570852756500244,0.0,0.51934392452072,False
1985-07-29,0.550213098526001,0.550213098526001,0.0,0.51934392452072,False
1985-07-30,0.3140329122543335,0.3140329122543335,0.0,0.0,False
1985-07-31,0.4689440429210663,0.4689440429210663,0.0,0.0,False
1985-08-01,0.45305436849594116,0.45305436849594116,0.0,0.0,False
1985-08-02,0.5458081364631653,0.5458081364631653,0.0,0.5802356441470985,False
1985-08-05,0.6571404933929443,0.6571404933929443,0.0,0.5802356441470985,False
1985-08-06,0.7013136744499207,0.7013136744499207,0.0,0.5802356441470985,False
1985-08-07,0.7196869850158691,0.7196869850158691,0.0,0.5802356441470985,False
1985-08-08,0.6240260601043701,0.6240260601043701,0.0,0.5802356441470985,False
1985-08-09,0.3906557261943817,0.3906557261943817,0.0,0.0,False
1985-08-12,0.4628794193267822,0.4628794193267822,0.0,0.0,False
1985-08-13,0.5790873765945435,0.5790873765945435,0.0,0.5261426934197266,False
1985-08-14,0.4484843909740448,0.4484843909740448,0.0,0.0,False
1985-08-15,0.4540210962295532,0.4540210962295532,0.0,0.0,False
1985-08-16,0.25354599952697754,0.25354599952697754,0.0,0.0,False
1985-08-19,0.2136511504650116,0.2136511504650116,0.0,0.0,False
1985-08-20,0.11488361656665802,0.11488361656665802,0.0,0.0,False
1985-08-21,0.14926786720752716,0.14926786720752716,0.0,0.0,False
1985-08-22,0.3492436110973358,0.3492436110973358,0.0,0.0,False
1985-08-23,0.30130934715270996,0.30130934715270996,0.0,0.0,False
1985-08-26,0.20621511340141296,0.20621511340141296,0.0,0.0,False
1985-08-27,0.17448711395263672,0.17448711395263672,0.0,0.0,False
1985-08-28,0.283358633518219,0.283358633518219,0.0,0.0,False
1985-08-29,0.2809392511844635,0.2809392511844635,0.0,0.0,False
1985-08-30,0.20586681365966797,0.20586681365966797,0.0,0.0,False
1985-09-03,0.3007790446281433,0.3007790446281433,0.0,0.0,False
1985-09-04,0.33658337593078613,0.33658337593078613,0.0,0.0,False
1985-09-05,0.3372279107570648,0.3372279107570648,0.0,0.0,False
1985-09-06,0.2130085676908493,0.2130085676908493,0.0,0.0,False
1985-09-09,0.3161372244358063,0.3161372244358063,0.0,0.0,False
1985-09-10,0.253225713968277,0.253225713968277,0.0,0.0,False
1985-09-11,0.14678841829299927,0.14678841829299927,0.0,0.0,False
1985-09-12,0.21459347009658813,0.21459347009658813,1.0,0.0,False
1985-09-13,0.32816919684410095,0.32816919684410095,1.0,0.0,False
1985-09-16,0.3755539655685425,0.3755539655685425,0.0,0.0,False
1985-09-17,0.3804788887500763,0.3804788887500763,0.0,0.0,False
1985-09-18,0.34877151250839233,0.34877151250839233,1.0,0.0,False
1985-09-19,0.4273361563682556,0.4273361563682556,1.0,0.0,False
1985-09-20,0.5319510102272034,0.5319510102272034,1.0,0.3868067056876266,False
1985-09-23,0.5038030743598938,0.5038030743598938,1.0,0.0,False
1985-09-24,0.5376598834991455,0.5376598834991455,1.0,0.38380199214766064,False
1985-09-25,0.5544406175613403,0.5544406175613403,1.0,0.38380199214766064,False
1985-09-26,0.26865094900131226,0.26865094900131226,1.0,0.0,False
1985-09-30,0.40689897537231445,0.40689897537231445,1.0,0.0,False
1985-10-01,0.33023956418037415,0.33023956418037415,1.0,0.0,False
1985-10-02,0.455427885055542,0.455427885055542,1.0,0.0,False
1985-10-03,0.2248869240283966,0.2248869240283966,1.0,0.0,False
1985-10-04,0.3148667812347412,0.3148667812347412,0.0,0.0,False
1985-10-07,0.36538001894950867,0.36538001894950867,0.0,0.0,False
1985-10-08,0.22167782485485077,0.22167782485485077,0.0,0.0,False
1985-10-09,0.3643755316734314,0.3643755316734314,0.0,0.0,False
1985-10-10,0.6202094554901123,0.6202094554901123,1.0,0.32037532776776406,False
1985-10-11,0.4350244104862213,0.4350244104862213,0.0,0.0,False
1985-10-14,0.2387358397245407,0.2387358397245407,1.0,0.0,False
1985-10-15,0.7335808277130127,0.7335808277130127,1.0,0.3382855688762295,False
1985-10-16,0.7049269080162048,0.7049269080162048,1.0,0.3382855688762295,False
1985-10-17,0.7559321522712708,0.7559321522712708,1.0,0.3382855688762295,False
1985-10-18,0.7230378985404968,0.7230378985404968,1.0,0.3382855688762295,False
1985-10-21,0.6019774079322815,0.6019774079322815,0.0,0.3382855688762295,False
1985-10-22,0.6377525925636292,0.6377525925636292,1.0,0.3382855688762295,False
1985-10-23,0.6052838563919067,0.6052838563919067,1.0,0.3382855688762295,False
1985-10-24,0.6288030743598938,0.6288030743598938,1.0,0.3382855688762295,False
1985-10-25,0.714844822883606,0.714844822883606,1.0,0.3382855688762295,False
1985-10-28,0.6021710634231567,0.6021710634231567,1.0,0.3382855688762295,False
1985-10-29,0.48021188378334045,0.48021188378334045,1.0,0.0,False
1985-10-30,0.15418849885463715,0.15418849885463715,1.0,0.0,False
1985-10-31,0.5810123682022095,0.5810123682022095,1.0,0.31448741381704876,False
1985-11-01,0.5904546976089478,0.5904546976089478,1.0,0.31448741381704876,False
1985-11-04,0.4833511710166931,0.4833511710166931,1.0,0.0,False
1985-11-05,0.5145886540412903,0.5145886540412903,1.0,0.0,False
1985-11-06,0.17757847905158997,0.17757847905158997,1.0,0.0,False
1985-11-07,0.3710441291332245,0.3710441291332245,1.0,0.0,False
1985-11-08,0.4618086516857147,0.4618086516857147,1.0,0.0,False
1985-11-11,0.34878456592559814,0.34878456592559814,1.0,0.0,False
1985-11-12,0.4258730113506317,0.4258730113506317,1.0,0.0,False
1985-11-13,0.5464652180671692,0.5464652180671692,1.0,0.35577268248321564,False
1985-11-14,0.2365584820508957,0.2365584820508957,1.0,0.0,False
1985-11-15,0.5847581624984741,0.5847581624984741,1.0,0.35926753411240064,False
1985-11-18,0.3165000081062317,0.3165000081062317,1.0,0.0,False
1985-11-19,0.43811169266700745,0.43811169266700745,1.0,0.0,False
1985-11-20,0.46753278374671936,0.46753278374671936,0.0,0.0,False
1985-11-21,0.47872498631477356,0.47872498631477356,0.0,0.0,False
1985-11-22,0.4326363205909729,0.4326363205909729,0.0,0.0,False
1985-11-25,0.4411267936229706,0.4411267936229706,1.0,0.0,False
1985-11-26,0.5644170045852661,0.5644170045852661,1.0,0.38781743453158657,False
1985-11-27,0.562440812587738,0.562440812587738,0.0,0.38781743453158657,False
1985-11-29,0.5519012808799744,0.5519012808799744,0.0,0.38781743453158657,False
1985-12-02,0.529390275478363,0.529390275478363,0.0,0.38781743453158657,False
1985-12-03,0.5351390242576599,0.5351390242576599,0.0,0.38781743453158657,False
1985-12-04,0.4802514612674713,0.4802514612674713,0.0,0.0,False
1985-12-05,0.5095515847206116,0.5095515847206116,0.0,0.0,False
1985-12-06,0.42025840282440186,0.42025840282440186,0.0,0.0,False
1985-12-09,0.5502766966819763,0.5502766966819763,0.0,0.526414248548222,False
1985-12-10,0.7286370992660522,0.7286370992660522,0.0,0.526414248548222,False
1985-12-11,0.8575295805931091,0.8575295805931091,0.0,0.526414248548222,False
1985-12-12,0.8212355971336365,0.8212355971336365,0.0,0.526414248548222,False
1985-12-13,0.9064745306968689,0.9064745306968689,0.0,0.6264559041901466,False
1985-12-16,0.867831826210022,0.867831826210022,0.0,0.6264559041901466,False
1985-12-17,0.6666237711906433,0.6666237711906433,0.0,0.5205579530345389,False
1985-12-18,0.7571945190429688,0.7571945190429688,1.0,0.4033376824975197,False
1985-12-19,0.4778498411178589,0.4778498411178589,1.0,0.0,False
1985-12-20,0.5746093392372131,0.5746093392372131,1.0,0.40947498953928746,False
1985-12-23,0.6176227927207947,0.6176227927207947,1.0,0.40947498953928746,False
1985-12-24,0.6482471823692322,0.6482471823692322,1.0,0.40947498953928746,False
1985-12-26,0.7731063961982727,0.7731063961982727,1.0,0.40947498953928746,False
1985-12-27,0.5998369455337524,0.5998369455337524,1.0,0.40947498953928746,False
1985-12-30,0.6597233414649963,0.6597233414649963,1.0,0.40947498953928746,False
1985-12-31,0.6689813733100891,0.6689813733100891,1.0,0.40947498953928746,False
1986-01-02,0.6032018065452576,0.6032018065452576,1.0,0.40947498953928746,False
1986-01-03,0.5880441069602966,0.5880441069602966,1.0,0.40947498953928746,False
1986-01-06,0.7153144478797913,0.7153144478797913,1.0,0.40947498953928746,False
1986-01-07,0.7935487031936646,0.7935487031936646,1.0,0.40947498953928746,False
1986-01-08,0.8458828330039978,0.8458828330039978,1.0,0.40947498953928746,False
1986-01-09,0.7201506495475769,0.7201506495475769,1.0,0.40947498953928746,False
1986-01-10,0.584762692451477,0.584762692451477,1.0,0.40947498953928746,False
1986-01-13,0.5244414210319519,0.5244414210319519,1.0,0.40947498953928746,False
1986-01-14,0.6553956270217896,0.6553956270217896,1.0,0.40947498953928746,False
1986-01-15,0.5921220183372498,0.5921220183372498,1.0,0.40947498953928746,False
1986-01-16,0.7573217749595642,0.7573217749595642,1.0,0.40947498953928746,False
1986-01-17,0.6025480031967163,0.6025480031967163,0.0,0.5861949533729452,False
1986-01-20,0.6852800250053406,0.6852800250053406,0.0,0.5861949533729452,False
1986-01-21,0.6809231638908386,0.6809231638908386,0.0,0.5861949533729452,False
1986-01-22,0.7612236142158508,0.7612236142158508,0.0,0.5861949533729452,False
1986-01-23,0.6700927019119263,0.6700927019119263,0.0,0.5861949533729452,False
1986-01-24,0.6996008157730103,0.6996008157730103,0.0,0.5861949533729452,False
1986-01-27,0.6601740121841431,0.6601740121841431,0.0,0.5861949533729452,False
1986-01-28,0.7114417552947998,0.7114417552947998,0.0,0.5861949533729452,False
1986-01-29,0.6808505058288574,0.6808505058288574,0.0,0.43707054341818047,False
1986-01-30,0.5312933921813965,0.5312933921813965,0.0,0.43707054341818047,False
1986-01-31,0.6161177158355713,0.6161177158355713,0.0,0.43707054341818047,False
1986-02-03,0.5640539526939392,0.5640539526939392,1.0,0.43707054341818047,False
1986-02-04,0.5736116170883179,0.5736116170883179,0.0,0.43707054341818047,False
1986-02-05,0.5859030485153198,0.5859030485153198,0.0,0.43707054341818047,False
1986-02-06,0.6586067080497742,0.6586067080497742,0.0,0.43707054341818047,False
1986-02-07,0.6593091487884521,0.6593091487884521,0.0,0.43707054341818047,False
1986-02-10,0.6757853627204895,0.6757853627204895,0.0,0.43707054341818047,False
1986-02-11,0.6332765817642212,0.6332765817642212,0.0,0.43707054341818047,False
1986-02-12,0.5628919005393982,0.5628919005393982,0.0,0.43707054341818047,False
1986-02-13,0.5442768335342407,0.5442768335342407,0.0,0.43707054341818047,False
1986-02-14,0.40912553668022156,0.40912553668022156,0.0,0.0,False
1986-02-18,0.45342689752578735,0.45342689752578735,0.0,0.0,False
1986-02-19,0.6360762715339661,0.6360762715339661,0.0,0.4144040483555045,False
1986-02-20,0.4982474744319916,0.4982474744319916,0.0,0.0,False
1986-02-21,0.5084955096244812,0.5084955096244812,1.0,0.0,False
1986-02-24,0.5121021866798401,0.5121021866798401,1.0,0.0,False
1986-02-25,0.6843889951705933,0.6843889951705933,1.0,0.4693857230830988,False
1986-02-26,0.48880094289779663,0.48880094289779663,1.0,0.0,False
1986-02-27,0.7172554731369019,0.7172554731369019,0.0,0.5539182006665364,False
1986-02-28,0.7794601917266846,0.7794601917266846,0.0,0.5539182006665364,False
1986-03-03,0.7927323579788208,0.7927323579788208,0.0,0.5539182006665364,False
1986-03-04,0.7485148906707764,0.7485148906707764,0.0,0.5539182006665364,False
1986-03-05,0.8152967691421509,0.8152967691421509,0.0,0.5539182006665364,False
1986-03-06,0.7895144820213318,0.7895144820213318,0.0,0.5539182006665364,False
1986-03-07,0.7956581711769104,0.7956581711769104,0.0,0.5539182006665364,False
1986-03-10,0.7806613445281982,0.7806613445281982,0.0,0.5539182006665364,False
1986-03-11,0.7934563159942627,0.7934563159942627,0.0,0.5539182006665364,False
1986-03-12,0.7384781241416931,0.7384781241416931,0.0,0.5539182006665364,False
1986-03-13,0.7659491896629333,0.7659491896629333,0.0,0.5539182006665364,False
1986-03-14,0.802865743637085,0.802865743637085,0.0,0.4440036402893705,False
1986-03-17,0.4561350345611572,0.4561350345611572,0.0,0.0,False
1986-03-18,0.38773873448371887,0.38773873448371887,0.0,0.0,False
1986-03-19,0.5130854249000549,0.5130854249000549,0.0,0.0,False
1986-03-20,0.6108193397521973,0.6108193397521973,1.0,0.38074474062697067,False
1986-03-21,0.3706449866294861,0.3706449866294861,0.0,0.0,False
1986-03-24,0.6559913158416748,0.6559913158416748,0.0,0.3553035240620773,False
1986-03-25,0.3686610460281372,0.3686610460281372,0.0,0.0,False
1986-03-26,0.3764882981777191,0.3764882981777191,1.0,0.0,False
1986-03-27,0.5448440313339233,0.5448440313339233,1.0,0.34884078868533736,False
1986-03-31,0.5196153521537781,0.5196153521537781,1.0,0.0,False
1986-04-01,0.5574692487716675,0.5574692487716675,1.0,0.3440546985874273,False
1986-04-02,0.5876355767250061,0.5876355767250061,1.0,0.3440546985874273,False
1986-04-03,0.5847011804580688,0.5847011804580688,0.0,0.3440546985874273,False
1986-04-04,0.5039623379707336,0.5039623379707336,0.0,0.0,False
1986-04-07,0.6253507137298584,0.6253507137298584,1.0,0.352757116098294,False
1986-04-08,0.7436173558235168,0.7436173558235168,1.0,0.352757116098294,False
1986-04-09,0.5467624068260193,0.5467624068260193,1.0,0.352757116098294,False
1986-04-10,0.6118715405464172,0.6118715405464172,1.0,0.352757116098294,False
1986-04-11,0.6058592796325684,0.6058592796325684,1.0,0.352757116098294,False
1986-04-14,0.6965938806533813,0.6965938806533813,0.0,0.352757116098294,False
1986-04-15,0.6025431156158447,0.6025431156158447,0.0,0.352757116098294,False
1986-04-16,0.5178062319755554,0.5178062319755554,0.0,0.0,False
1986-04-17,0.4183265268802643,0.4183265268802643,0.0,0.0,False
1986-04-18,0.5743839144706726,0.5743839144706726,0.0,0.44826433142678795,False
1986-04-21,0.5843035578727722,0.5843035578727722,0.0,0.44826433142678795,False
1986-04-22,0.6173244118690491,0.6173244118690491,0.0,0.44826433142678795,False
1986-04-23,0.6137427091598511,0.6137427091598511,0.0,0.44826433142678795,False
1986-04-24,0.6278669834136963,0.6278669834136963,0.0,0.44826433142678795,False
1986-04-25,0.3016703724861145,0.3016703724861145,0.0,0.0,False
1986-04-28,0.3260148763656616,0.3260148763656616,0.0,0.0,False
1986-04-29,0.6910794973373413,0.6910794973373413,0.0,0.44516427370307815,False
1986-04-30,0.7350667715072632,0.7350667715072632,0.0,0.44516427370307815,False
1986-05-01,0.7728573679924011,0.7728573679924011,0.0,0.44516427370307815,False
1986-05-02,0.7401546239852905,0.7401546239852905,1.0,0.44516427370307815,False
1986-05-05,0.6538086533546448,0.6538086533546448,1.0,0.44516427370307815,False
1986-05-06,0.5145034790039062,0.5145034790039062,1.0,0.0,False
1986-05-07,0.5441663265228271,0.5441663265228271,1.0,0.3659610865613133,False
1986-05-08,0.3538496196269989,0.3538496196269989,1.0,0.0,False
1986-05-09,0.37391647696495056,0.37391647696495056,1.0,0.0,False
1986-05-12,0.3423387408256531,0.3423387408256531,1.0,0.0,False
1986-05-13,0.38679489493370056,0.38679489493370056,1.0,0.0,False
1986-05-14,0.4532650411128998,0.4532650411128998,1.0,0.0,False
1986-05-15,0.35864391922950745,0.35864391922950745,1.0,0.0,False
1986-05-16,0.4583166539669037,0.4583166539669037,1.0,0.0,False
1986-05-19,0.60426926612854,0.60426926612854,1.0,0.28439842988713754,False
1986-05-20,0.5642966032028198,0.5642966032028198,1.0,0.28439842988713754,False
1986-05-21,0.6009964346885681,0.6009964346885681,1.0,0.28439842988713754,False
1986-05-22,0.3910145163536072,0.3910145163536072,1.0,0.0,False
1986-05-23,0.4729312062263489,0.4729312062263489,1.0,0.0,False
1986-05-27,0.5376276969909668,0.5376276969909668,1.0,0.2998303307092895,False
1986-05-28,0.5349972248077393,0.5349972248077393,1.0,0.2998303307092895,False
1986-05-29,0.6335034370422363,0.6335034370422363,1.0,0.2998303307092895,False
1986-05-30,0.6435197591781616,0.6435197591781616,1.0,0.2998303307092895,False
1986-06-02,0.6120949387550354,0.6120949387550354,1.0,0.2998303307092895,False
1986-06-03,0.6158497929573059,0.6158497929573059,1.0,0.2998303307092895,False
1986-06-04,0.39768844842910767,0.39768844842910767,1.0,0.0,False
1986-06-05,0.4604840874671936,0.4604840874671936,1.0,0.0,False
1986-06-06,0.4587033987045288,0.4587033987045288,1.0,0.0,False
1986-06-09,0.5424261689186096,0.5424261689186096,1.0,0.33123717989186596,False
1986-06-10,0.5284954905509949,0.5284954905509949,0.0,0.4685077599642604,False
1986-06-11,0.525222659111023,0.525222659111023,0.0,0.4685077599642604,False
1986-06-12,0.54447340965271,0.54447340965271,0.0,0.4685077599642604,False
1986-06-13,0.6757035255432129,0.6757035255432129,0.0,0.4685077599642604,False
1986-06-16,0.7135244011878967,0.7135244011878967,0.0,0.4685077599642604,False
1986-06-17,0.5354591608047485,0.5354591608047485,0.0,0.4685077599642604,False
1986-06-18,0.7076669335365295,0.7076669335365295,0.0,0.4685077599642604,False
1986-06-19,0.4968286454677582,0.4968286454677582,0.0,0.0,False
1986-06-20,0.569070041179657,0.569070041179657,0.0,0.4660295320453767,False
1986-06-23,0.6555275321006775,0.6555275321006775,0.0,0.4660295320453767,False
1986-06-24,0.6315765380859375,0.6315765380859375,0.0,0.4660295320453767,False
1986-06-25,0.5551537871360779,0.5551537871360779,0.0,0.4660295320453767,False
1986-06-26,0.6020698547363281,0.6020698547363281,0.0,0.4660295320453767,False
1986-06-27,0.5844711065292358,0.5844711065292358,0.0,0.4660295320453767,False
1986-06-30,0.6445006728172302,0.6445006728172302,0.0,0.4660295320453767,False
1986-07-01,0.5878130197525024,0.5878130197525024,0.0,0.4660295320453767,False
1986-07-02,0.6475911736488342,0.6475911736488342,0.0,0.4660295320453767,False
1986-07-03,0.4932454228401184,0.4932454228401184,0.0,0.0,False
1986-07-07,0.4974803924560547,0.4974803924560547,0.0,0.0,False
1986-07-08,0.3409244120121002,0.3409244120121002,0.0,0.0,False
1986-07-09,0.4825764000415802,0.4825764000415802,0.0,0.0,False
1986-07-10,0.5246338248252869,0.5246338248252869,0.0,0.3588278263845375,False
1986-07-11,0.42866000533103943,0.42866000533103943,0.0,0.0,False
1986-07-14,0.4588776230812073,0.4588776230812073,0.0,0.0,False
1986-07-15,0.5030497908592224,0.5030497908592224,0.0,0.0,False
1986-07-16,0.43350887298583984,0.43350887298583984,0.0,0.0,False
1986-07-17,0.3366113603115082,0.3366113603115082,0.0,0.0,False
1986-07-18,0.32872483134269714,0.32872483134269714,0.0,0.0,False
1986-07-21,0.528022050857544,0.528022050857544,0.0,0.2912018841437763,False
1986-07-22,0.49609774351119995,0.49609774351119995,0.0,0.0,False
1986-07-23,0.4700935184955597,0.4700935184955597,0.0,0.0,False
1986-07-24,0.4325231909751892,0.4325231909751892,0.0,0.0,False
1986-07-25,0.4577794671058655,0.4577794671058655,0.0,0.0,False
1986-07-28,0.4583665132522583,0.4583665132522583,0.0,0.0,False
1986-07-29,0.5740178227424622,0.5740178227424622,0.0,0.268486431611194,False
1986-07-30,0.2806679904460907,0.2806679904460907,0.0,0.0,False
1986-07-31,0.500022292137146,0.500022292137146,0.0,0.0,False
1986-08-01,0.29937243461608887,0.29937243461608887,0.0,0.0,False
1986-08-04,0.3503972291946411,0.3503972291946411,0.0,0.0,False
1986-08-05,0.2860385775566101,0.2860385775566101,0.0,0.0,False
1986-08-06,0.2779267728328705,0.2779267728328705,0.0,0.0,False
1986-08-07,0.31506043672561646,0.31506043672561646,0.0,0.0,False
1986-08-08,0.3470688462257385,0.3470688462257385,0.0,0.0,False
1986-08-11,0.26303091645240784,0.26303091645240784,0.0,0.0,False
1986-08-12,0.3048359155654907,0.3048359155654907,0.0,0.0,False
1986-08-13,0.6650891304016113,0.6650891304016113,1.0,0.2888036839781194,False
1986-08-14,0.4623449742794037,0.4623449742794037,1.0,0.0,False
1986-08-15,0.5000091791152954,0.5000091791152954,1.0,0.0,False
1986-08-18,0.43066829442977905,0.43066829442977905,1.0,0.0,False
1986-08-19,0.455767959356308,0.455767959356308,0.0,0.0,False
1986-08-20,0.4692580997943878,0.4692580997943878,1.0,0.0,False
1986-08-21,0.6194958090782166,0.6194958090782166,1.0,0.34297689631833544,False
1986-08-22,0.5969470739364624,0.5969470739364624,1.0,0.34297689631833544,False
1986-08-25,0.5637333989143372,0.5637333989143372,1.0,0.34297689631833544,False
1986-08-26,0.6372401714324951,0.6372401714324951,1.0,0.34297689631833544,False
1986-08-27,0.6096122860908508,0.6096122860908508,1.0,0.44941821759470485,False
1986-08-28,0.5638324618339539,0.5638324618339539,1.0,0.44941821759470485,False
1986-08-29,0.5187568664550781,0.5187568664550781,1.0,0.0,False
1986-09-02,0.6762803792953491,0.6762803792953491,1.0,0.3521799388216737,False
1986-09-03,0.5912593007087708,0.5912593007087708,1.0,0.3521799388216737,False
1986-09-04,0.5665919184684753,0.5665919184684753,1.0,0.3521799388216737,False
1986-09-05,0.5299772620201111,0.5299772620201111,1.0,0.3521799388216737,False
1986-09-08,0.5356535911560059,0.5356535911560059,1.0,0.3521799388216737,False
1986-09-09,0.4894656836986542,0.4894656836986542,1.0,0.0,False
1986-09-10,0.5264716148376465,0.5264716148376465,0.0,0.4047144679163917,False
1986-09-11,0.5807073712348938,0.5807073712348938,0.0,0.4047144679163917,False
1986-09-12,0.39328938722610474,0.39328938722610474,0.0,0.0,False
1986-09-15,0.5840844511985779,0.5840844511985779,0.0,0.33972812325471524,False
1986-09-16,0.6747846007347107,0.6747846007347107,0.0,0.33972812325471524,False
1986-09-17,0.6607428789138794,0.6607428789138794,0.0,0.33972812325471524,False
1986-09-18,0.6751049160957336,0.6751049160957336,0.0,0.33972812325471524,False
1986-09-19,0.6396588683128357,0.6396588683128357,0.0,0.33972812325471524,False
1986-09-22,0.6061480641365051,0.6061480641365051,0.0,0.33972812325471524,False
1986-09-23,0.7146522402763367,0.7146522402763367,0.0,0.33972812325471524,False
1986-09-24,0.6103561520576477,0.6103561520576477,0.0,0.33972812325471524,False
1986-09-25,0.5388922095298767,0.5388922095298767,0.0,0.33972812325471524,False
1986-09-26,0.41759562492370605,0.41759562492370605,0.0,0.0,False
1986-09-29,0.39392709732055664,0.39392709732055664,0.0,0.0,False
1986-09-30,0.3168657124042511,0.3168657124042511,0.0,0.0,False
1986-10-01,0.3437078297138214,0.3437078297138214,0.0,0.0,False
1986-10-02,0.4215586483478546,0.4215586483478546,0.0,0.0,False
1986-10-03,0.3122842311859131,0.3122842311859131,0.0,0.0,False
1986-10-06,0.43190068006515503,0.43190068006515503,0.0,0.0,False
1986-10-07,0.32104530930519104,0.32104530930519104,0.0,0.0,False
1986-10-08,0.40297290682792664,0.40297290682792664,0.0,0.0,False
1986-10-09,0.4384128749370575,0.4384128749370575,0.0,0.0,False
1986-10-10,0.39596492052078247,0.39596492052078247,1.0,0.0,False
1986-10-13,0.36121073365211487,0.36121073365211487,1.0,0.0,False
1986-10-14,0.3201940357685089,0.3201940357685089,0.0,0.0,False
1986-10-15,0.37988731265068054,0.37988731265068054,0.0,0.0,False
1986-10-16,0.3770615756511688,0.3770615756511688,0.0,0.0,False
1986-10-17,0.3509216010570526,0.3509216010570526,0.0,0.0,False
1986-10-20,0.35659846663475037,0.35659846663475037,0.0,0.0,False
1986-10-21,0.3452712893486023,0.3452712893486023,0.0,0.0,False
1986-10-22,0.3963145911693573,0.3963145911693573,0.0,0.0,False
1986-10-23,0.3339393138885498,0.3339393138885498,0.0,0.0,False
1986-10-24,0.33698779344558716,0.33698779344558716,0.0,0.0,False
1986-10-27,0.37976768612861633,0.37976768612861633,0.0,0.0,False
1986-10-28,0.419082909822464,0.419082909822464,0.0,0.0,False
1986-10-29,0.45143651962280273,0.45143651962280273,0.0,0.0,False
1986-10-30,0.6196438074111938,0.6196438074111938,0.0,0.49838390060190096,False
1986-10-31,0.4188995659351349,0.4188995659351349,0.0,0.0,False
1986-11-03,0.5440866351127625,0.5440866351127625,0.0,0.5000625775963732,False
1986-11-04,0.7343429327011108,0.7343429327011108,0.0,0.5000625775963732,False
1986-11-05,0.8721387982368469,0.8721387982368469,1.0,0.5000625775963732,False
1986-11-06,0.6646555662155151,0.6646555662155151,0.0,0.5000625775963732,False
1986-11-07,0.3932512700557709,0.3932512700557709,0.0,0.0,False
1986-11-10,0.38240665197372437,0.38240665197372437,0.0,0.0,False
1986-11-11,0.4352703094482422,0.4352703094482422,0.0,0.0,False
1986-11-12,0.3317708671092987,0.3317708671092987,0.0,0.0,False
1986-11-13,0.2921561896800995,0.2921561896800995,0.0,0.0,False
1986-11-14,0.3422388434410095,0.3422388434410095,0.0,0.0,False
1986-11-17,0.5832703113555908,0.5832703113555908,1.0,0.47334248501663706,False
1986-11-18,0.5141984820365906,0.5141984820365906,1.0,0.0,False
1986-11-19,0.5988821387290955,0.5988821387290955,1.0,0.4438359129864089,False
1986-11-20,0.5635367035865784,0.5635367035865784,0.0,0.4438359129864089,False
1986-11-21,0.46430665254592896,0.46430665254592896,1.0,0.0,False
1986-11-24,0.5879408121109009,0.5879408121109009,0.0,0.401446751450175,False
1986-11-25,0.6405743360519409,0.6405743360519409,0.0,0.401446751450175,False
1986-11-26,0.427078515291214,0.427078515291214,0.0,0.0,False
1986-11-28,0.6087422966957092,0.6087422966957092,0.0,0.3673953127335589,False
1986-12-01,0.5964266061782837,0.5964266061782837,0.0,0.3673953127335589,False
1986-12-02,0.32304152846336365,0.32304152846336365,0.0,0.0,False
1986-12-03,0.49459871649742126,0.49459871649742126,0.0,0.0,False
1986-12-04,0.47425326704978943,0.47425326704978943,0.0,0.0,False
1986-12-05,0.5136939883232117,0.5136939883232117,0.0,0.0,False
1986-12-08,0.7270911931991577,0.7270911931991577,0.0,0.35481929602388074,False
1986-12-09,0.6604064106941223,0.6604064106941223,0.0,0.35481929602388074,False
1986-12-10,0.444359689950943,0.444359689950943,0.0,0.0,False
1986-12-11,0.6006574034690857,0.6006574034690857,0.0,0.3540236224854869,False
1986-12-12,0.6062217354774475,0.6062217354774475,0.0,0.3540236224854869,False
1986-12-15,0.6058386564254761,0.6058386564254761,0.0,0.3540236224854869,False
1986-12-16,0.6162921786308289,0.6162921786308289,0.0,0.3540236224854869,False
1986-12-17,0.4692545235157013,0.4692545235157013,0.0,0.0,False
1986-12-18,0.5876820087432861,0.5876820087432861,0.0,0.3575378784703688,False
1986-12-19,0.5890623927116394,0.5890623927116394,0.0,0.3575378784703688,False
1986-12-22,0.6020315885543823,0.6020315885543823,0.0,0.3575378784703688,False
1986-12-23,0.5856741070747375,0.5856741070747375,0.0,0.3575378784703688,False
1986-12-24,0.6223693490028381,0.6223693490028381,1.0,0.4614425271584644,False
1986-12-26,0.5162369608879089,0.5162369608879089,1.0,0.0,False
1986-12-29,0.4652816653251648,0.4652816653251648,1.0,0.0,False
1986-12-30,0.581072986125946,0.581072986125946,1.0,0.44503325913087327,False
1986-12-31,0.4906975328922272,0.4906975328922272,1.0,0.0,False
1987-01-02,0.617191731929779,0.617191731929779,1.0,0.504476839602278,False
1987-01-05,0.5650085806846619,0.5650085806846619,1.0,0.504476839602278,False
1987-01-06,0.5302878022193909,0.5302878022193909,1.0,0.504476839602278,False
1987-01-07,0.6910662055015564,0.6910662055015564,1.0,0.504476839602278,False
1987-01-08,0.646212637424469,0.646212637424469,1.0,0.504476839602278,False
1987-01-09,0.7017199993133545,0.7017199993133545,1.0,0.504476839602278,False
1987-01-12,0.561922013759613,0.561922013759613,1.0,0.504476839602278,False
1987-01-13,0.7141746878623962,0.7141746878623962,1.0,0.504476839602278,False
1987-01-14,0.38531288504600525,0.38531288504600525,0.0,0.0,False
1987-01-15,0.48903632164001465,0.48903632164001465,0.0,0.0,False
1987-01-16,0.6019395589828491,0.6019395589828491,0.0,0.37720696175666885,False
1987-01-19,0.6195459961891174,0.6195459961891174,0.0,0.37720696175666885,False
1987-01-20,0.6113399863243103,0.6113399863243103,0.0,0.37720696175666885,False
1987-01-21,0.7712545990943909,0.7712545990943909,0.0,0.2704220859256351,False
1987-01-22,0.4337218701839447,0.4337218701839447,0.0,0.0,False
1987-01-23,0.7531901001930237,0.7531901001930237,0.0,0.23988701591126171,False
1987-01-26,0.7378956079483032,0.7378956079483032,0.0,0.23988701591126171,False
1987-01-27,0.5151686072349548,0.5151686072349548,0.0,0.0,False
1987-01-28,0.4013388454914093,0.4013388454914093,0.0,0.0,False
1987-01-29,0.44641682505607605,0.44641682505607605,0.0,0.0,False
1987-01-30,0.3870530128479004,0.3870530128479004,0.0,0.0,False
1987-02-02,0.6716595888137817,0.6716595888137817,0.0,0.2328871862182894,False
1987-02-03,0.565758228302002,0.565758228302002,0.0,0.2328871862182894,False
1987-02-04,0.7283251881599426,0.7283251881599426,0.0,0.2328871862182894,False
1987-02-05,0.481529176235199,0.481529176235199,0.0,0.0,False
1987-02-06,0.5803041458129883,0.5803041458129883,0.0,0.22715569493895377,False
1987-02-09,0.44384095072746277,0.44384095072746277,0.0,0.0,False
1987-02-10,0.5519301295280457,0.5519301295280457,0.0,0.22578433258147926,False
1987-02-11,0.5476188659667969,0.5476188659667969,0.0,0.22578433258147926,False
1987-02-12,0.3850621283054352,0.3850621283054352,0.0,0.0,False
1987-02-13,0.3857113718986511,0.3857113718986511,0.0,0.0,False
1987-02-17,0.6538501977920532,0.6538501977920532,0.0,0.2347144051435788,False
1987-02-18,0.5457250475883484,0.5457250475883484,0.0,0.2347144051435788,False
1987-02-19,0.6086847186088562,0.6086847186088562,0.0,0.2347144051435788,False
1987-02-20,0.6381626725196838,0.6381626725196838,0.0,0.2347144051435788,False
1987-02-23,0.575414776802063,0.575414776802063,0.0,0.2347144051435788,False
1987-02-24,0.47385919094085693,0.47385919094085693,0.0,0.0,False
1987-02-25,0.4597797989845276,0.4597797989845276,0.0,0.0,False
1987-02-26,0.5404601097106934,0.5404601097106934,0.0,0.27574555008800167,False
1987-02-27,0.5288254022598267,0.5288254022598267,0.0,0.27574555008800167,False
1987-03-02,0.5582535862922668,0.5582535862922668,0.0,0.27574555008800167,False
1987-03-03,0.5725556015968323,0.5725556015968323,0.0,0.27574555008800167,False
1987-03-04,0.5568312406539917,0.5568312406539917,0.0,0.27574555008800167,False
1987-03-05,0.60775226354599,0.60775226354599,0.0,0.27574555008800167,False
1987-03-06,0.7492075562477112,0.7492075562477112,0.0,0.27574555008800167,False
1987-03-09,0.602748692035675,0.602748692035675,0.0,0.27574555008800167,False
1987-03-10,0.4764721095561981,0.4764721095561981,0.0,0.0,False
1987-03-11,0.6362146735191345,0.6362146735191345,0.0,0.2492853105772682,False
1987-03-12,0.46208450198173523,0.46208450198173523,0.0,0.0,False
1987-03-13,0.4261375963687897,0.4261375963687897,0.0,0.0,False
1987-03-16,0.40584129095077515,0.40584129095077515,0.0,0.0,False
1987-03-17,0.4146675169467926,0.4146675169467926,0.0,0.0,False
1987-03-18,0.39942118525505066,0.39942118525505066,0.0,0.0,False
1987-03-19,0.32113316655158997,0.32113316655158997,0.0,0.0,False
1987-03-20,0.32413598895072937,0.32413598895072937,0.0,0.0,False
1987-03-23,0.3129824697971344,0.3129824697971344,0.0,0.0,False
1987-03-24,0.39171624183654785,0.39171624183654785,0.0,0.0,False
1987-03-25,0.4370202124118805,0.4370202124118805,0.0,0.0,False
1987-03-26,0.5823987126350403,0.5823987126350403,0.0,0.37442389000894105,False
1987-03-27,0.48787713050842285,0.48787713050842285,1.0,0.0,False
1987-03-30,0.4148876667022705,0.4148876667022705,1.0,0.0,False
1987-03-31,0.557216227054596,0.557216227054596,1.0,0.3620967564408067,False
1987-04-01,0.7090907096862793,0.7090907096862793,1.0,0.3620967564408067,False
1987-04-02,0.8094549775123596,0.8094549775123596,0.0,0.3620967564408067,False
1987-04-03,0.6704773902893066,0.6704773902893066,0.0,0.3620967564408067,False
1987-04-06,0.6183601021766663,0.6183601021766663,0.0,0.3620967564408067,False
1987-04-07,0.6807228922843933,0.6807228922843933,1.0,0.3620967564408067,False
1987-04-08,0.5671936273574829,0.5671936273574829,1.0,0.3620967564408067,False
1987-04-09,0.4951572120189667,0.4951572120189667,0.0,0.0,False
1987-04-10,0.5476058125495911,0.5476058125495911,0.0,0.3221157130549855,False
1987-04-13,0.6315969228744507,0.6315969228744507,1.0,0.3221157130549855,False
1987-04-14,0.49991434812545776,0.49991434812545776,1.0,0.0,False
1987-04-15,0.5417001247406006,0.5417001247406006,0.0,0.3032989296865495,False
1987-04-16,0.5575398206710815,0.5575398206710815,0.0,0.3032989296865495,False
1987-04-20,0.685789167881012,0.685789167881012,1.0,0.3032989296865495,False
1987-04-21,0.6505575180053711,0.6505575180053711,0.0,0.3032989296865495,False
1987-04-22,0.4781286120414734,0.4781286120414734,0.0,0.0,False
1987-04-23,0.44358304142951965,0.44358304142951965,0.0,0.0,False
1987-04-24,0.4764811098575592,0.4764811098575592,0.0,0.0,False
1987-04-27,0.48659563064575195,0.48659563064575195,0.0,0.0,False
1987-04-28,0.39890217781066895,0.39890217781066895,0.0,0.0,False
1987-04-29,0.536865770816803,0.536865770816803,0.0,0.3283500103479441,False
1987-04-30,0.514686107635498,0.514686107635498,0.0,0.0,False
1987-05-01,0.5957029461860657,0.5957029461860657,0.0,0.39959975371993006,False
1987-05-04,0.5362358689308167,0.5362358689308167,0.0,0.39959975371993006,False
1987-05-05,0.5500212907791138,0.5500212907791138,0.0,0.39959975371993006,False
1987-05-06,0.563761830329895,0.563761830329895,0.0,0.39959975371993006,False
1987-05-07,0.6329717636108398,0.6329717636108398,0.0,0.39959975371993006,False
1987-05-08,0.7236805558204651,0.7236805558204651,0.0,0.39959975371993006,False
1987-05-11,0.6508040428161621,0.6508040428161621,0.0,0.39959975371993006,False
1987-05-12,0.6105636358261108,0.6105636358261108,0.0,0.39959975371993006,False
1987-05-13,0.5416731238365173,0.5416731238365173,0.0,0.39959975371993006,False
1987-05-14,0.49434351921081543,0.49434351921081543,0.0,0.0,False
1987-05-15,0.4787472188472748,0.4787472188472748,0.0,0.0,False
1987-05-18,0.4892738461494446,0.4892738461494446,0.0,0.0,False
1987-05-19,0.5922576189041138,0.5922576189041138,1.0,0.48087323197868154,False
1987-05-20,0.5027173757553101,0.5027173757553101,1.0,0.0,False
1987-05-21,0.5813134908676147,0.5813134908676147,1.0,0.49132499826979537,False
1987-05-22,0.66261887550354,0.66261887550354,1.0,0.49132499826979537,False
1987-05-26,0.7339015603065491,0.7339015603065491,1.0,0.49132499826979537,False
1987-05-27,0.5883126854896545,0.5883126854896545,0.0,0.49132499826979537,False
1987-05-28,0.6461316347122192,0.6461316347122192,0.0,0.49132499826979537,False
1987-05-29,0.6648380756378174,0.6648380756378174,1.0,0.49132499826979537,False
1987-06-01,0.5771492719650269,0.5771492719650269,1.0,0.49132499826979537,False
1987-06-02,0.6332771182060242,0.6332771182060242,1.0,0.49132499826979537,False
1987-06-03,0.5426953434944153,0.5426953434944153,1.0,0.49132499826979537,False
1987-06-04,0.6400827169418335,0.6400827169418335,1.0,0.49132499826979537,False
1987-06-05,0.5516675114631653,0.5516675114631653,1.0,0.49132499826979537,False
1987-06-08,0.5203382968902588,0.5203382968902588,1.0,0.49132499826979537,False
1987-06-09,0.6179630160331726,0.6179630160331726,1.0,0.49132499826979537,False
1987-06-10,0.575732409954071,0.575732409954071,1.0,0.49132499826979537,False
1987-06-11,0.6677756309509277,0.6677756309509277,1.0,0.49132499826979537,False
1987-06-12,0.6763641834259033,0.6763641834259033,1.0,0.49132499826979537,False
1987-06-15,0.7560025453567505,0.7560025453567505,1.0,0.49132499826979537,False
1987-06-16,0.7429819107055664,0.7429819107055664,0.0,0.49132499826979537,False
1987-06-17,0.6073635816574097,0.6073635816574097,0.0,0.49132499826979537,False
1987-06-18,0.5247186422348022,0.5247186422348022,0.0,0.49132499826979537,False
1987-06-19,0.5377162098884583,0.5377162098884583,0.0,0.49132499826979537,False
1987-06-22,0.531813383102417,0.531813383102417,0.0,0.49132499826979537,False
1987-06-23,0.5911362767219543,0.5911362767219543,1.0,0.49132499826979537,False
1987-06-24,0.6701909899711609,0.6701909899711609,1.0,0.49132499826979537,False
1987-06-25,0.6467072367668152,0.6467072367668152,1.0,0.49132499826979537,False
1987-06-26,0.6186834573745728,0.6186834573745728,1.0,0.49132499826979537,False
1987-06-29,0.6980130076408386,0.6980130076408386,0.0,0.49132499826979537,False
1987-06-30,0.5770635008811951,0.5770635008811951,0.0,0.49132499826979537,False
1987-07-01,0.65556401014328,0.65556401014328,1.0,0.49132499826979537,False
1987-07-02,0.5968228578567505,0.5968228578567505,1.0,0.49132499826979537,False
1987-07-06,0.5820460319519043,0.5820460319519043,0.0,0.49132499826979537,False
1987-07-07,0.6453899145126343,0.6453899145126343,1.0,0.49132499826979537,False
1987-07-08,0.7491507530212402,0.7491507530212402,1.0,0.3832818218711203,False
1987-07-09,0.5732048749923706,0.5732048749923706,1.0,0.3832818218711203,False
1987-07-10,0.4531230926513672,0.4531230926513672,1.0,0.0,False
1987-07-13,0.7035407423973083,0.7035407423973083,1.0,0.32447555213271195,False
1987-07-14,0.6279255151748657,0.6279255151748657,0.0,0.32447555213271195,False
1987-07-15,0.7692994475364685,0.7692994475364685,0.0,0.32447555213271195,False
1987-07-16,0.5876710414886475,0.5876710414886475,0.0,0.32447555213271195,False
1987-07-17,0.6849520206451416,0.6849520206451416,0.0,0.32447555213271195,False
1987-07-20,0.6656803488731384,0.6656803488731384,1.0,0.32447555213271195,False
1987-07-21,0.6435661315917969,0.6435661315917969,1.0,0.32447555213271195,False
1987-07-22,0.7296386957168579,0.7296386957168579,1.0,0.32447555213271195,False
1987-07-23,0.7132739424705505,0.7132739424705505,1.0,0.32447555213271195,False
1987-07-24,0.7321640253067017,0.7321640253067017,0.0,0.32447555213271195,False
1987-07-27,0.6172464489936829,0.6172464489936829,1.0,0.32447555213271195,False
1987-07-28,0.6671651601791382,0.6671651601791382,1.0,0.32447555213271195,False
1987-07-29,0.6023521423339844,0.6023521423339844,1.0,0.32447555213271195,False
1987-07-30,0.7247492074966431,0.7247492074966431,1.0,0.32447555213271195,False
1987-07-31,0.757614254951477,0.757614254951477,1.0,0.32447555213271195,False
1987-08-03,0.551846981048584,0.551846981048584,1.0,0.32447555213271195,False
1987-08-04,0.5715203881263733,0.5715203881263733,0.0,0.32447555213271195,False
1987-08-05,0.5926317572593689,0.5926317572593689,0.0,0.32447555213271195,False
1987-08-06,0.7487213611602783,0.7487213611602783,0.0,0.32447555213271195,False
1987-08-07,0.5843640565872192,0.5843640565872192,0.0,0.32447555213271195,False
1987-08-10,0.6767906546592712,0.6767906546592712,0.0,0.32447555213271195,False
1987-08-11,0.6956415772438049,0.6956415772438049,0.0,0.32447555213271195,False
1987-08-12,0.682949423789978,0.682949423789978,0.0,0.32447555213271195,False
1987-08-13,0.6244843602180481,0.6244843602180481,0.0,0.32447555213271195,False
1987-08-14,0.7044969201087952,0.7044969201087952,0.0,0.32447555213271195,False
1987-08-17,0.6770502924919128,0.6770502924919128,0.0,0.32447555213271195,False
1987-08-18,0.7784342765808105,0.7784342765808105,0.0,0.32447555213271195,False
1987-08-19,0.6292240023612976,0.6292240023612976,0.0,0.32447555213271195,False
1987-08-20,0.4816112220287323,0.4816112220287323,0.0,0.0,False
1987-08-21,0.3525431156158447,0.3525431156158447,0.0,0.0,False
1987-08-24,0.2982303202152252,0.2982303202152252,0.0,0.0,False
1987-08-25,0.4937821328639984,0.4937821328639984,1.0,0.0,False
1987-08-26,0.5541009306907654,0.5541009306907654,1.0,0.39112271963553535,False
1987-08-27,0.5821858048439026,0.5821858048439026,1.0,0.39112271963553535,False
1987-08-28,0.6630839109420776,0.6630839109420776,1.0,0.39112271963553535,False
1987-08-31,0.3489890396595001,0.3489890396595001,1.0,0.0,False
1987-09-01,0.5866415500640869,0.5866415500640869,1.0,0.400214507701522,False
1987-09-02,0.5191919207572937,0.5191919207572937,1.0,0.0,False
1987-09-03,0.27989378571510315,0.27989378571510315,0.0,0.0,False
1987-09-04,0.3327289819717407,0.3327289819717407,0.0,0.0,False
1987-09-08,0.5112048983573914,0.5112048983573914,0.0,0.0,False
1987-09-09,0.5536491870880127,0.5536491870880127,0.0,0.4274404640784771,False
1987-09-10,0.3621913492679596,0.3621913492679596,0.0,0.0,False
1987-09-11,0.25272294878959656,0.25272294878959656,0.0,0.0,False
1987-09-14,0.39572831988334656,0.39572831988334656,0.0,0.0,False
1987-09-15,0.4467518627643585,0.4467518627643585,0.0,0.0,False
1987-09-16,0.4936663806438446,0.4936663806438446,0.0,0.0,False
1987-09-17,0.5407450199127197,0.5407450199127197,0.0,0.4105577896454713,False
1987-09-18,0.657987117767334,0.657987117767334,0.0,0.4105577896454713,False
1987-09-21,0.5930275321006775,0.5930275321006775,0.0,0.4105577896454713,False
1987-09-22,0.6266751885414124,0.6266751885414124,0.0,0.4105577896454713,False
1987-09-23,0.27416691184043884,0.27416691184043884,0.0,0.0,False
1987-09-24,0.2854609191417694,0.2854609191417694,0.0,0.0,False
1987-09-25,0.3718057870864868,0.3718057870864868,0.0,0.0,False
1987-09-28,0.5332283973693848,0.5332283973693848,0.0,0.3175825007834545,False
1987-09-29,0.5470684766769409,0.5470684766769409,0.0,0.3175825007834545,False
1987-09-30,0.4610626995563507,0.4610626995563507,0.0,0.0,False
1987-10-01,0.4512803256511688,0.4512803256511688,1.0,0.0,False
1987-10-02,0.5023297667503357,0.5023297667503357,1.0,0.0,False
1987-10-05,0.47307586669921875,0.47307586669921875,1.0,0.0,False
1987-10-06,0.7364519834518433,0.7364519834518433,1.0,0.2916110191235779,False
1987-10-07,0.7019880414009094,0.7019880414009094,0.0,0.2916110191235779,False
1987-10-08,0.5369915962219238,0.5369915962219238,0.0,0.2916110191235779,False
1987-10-09,0.5682103037834167,0.5682103037834167,0.0,0.2916110191235779,False
1987-10-12,0.5810480713844299,0.5810480713844299,0.0,0.2916110191235779,False
1987-10-13,0.6662859320640564,0.6662859320640564,0.0,0.2916110191235779,False
1987-10-14,0.721927285194397,0.721927285194397,0.0,0.2916110191235779,False
1987-10-15,0.7974154353141785,0.7974154353141785,0.0,0.2916110191235779,False
1987-10-16,0.649634599685669,0.649634599685669,0.0,0.2916110191235779,False
1987-10-19,0.48282280564308167,0.48282280564308167,2.0,0.0,False
1987-10-20,0.48282280564308167,0.48282280564308167,2.0,0.0,False
1987-10-21,0.36000460386276245,0.36000460386276245,2.0,0.0,False
1987-10-22,0.4831283688545227,0.4831283688545227,2.0,0.0,False
1987-10-23,0.5596811771392822,0.5596811771392822,2.0,0.12501399808118407,False
1987-10-26,0.4901767373085022,0.4901767373085022,2.0,0.0,False
1987-10-27,0.46721452474594116,0.46721452474594116,2.0,0.0,False
1987-10-28,0.3953893780708313,0.3953893780708313,2.0,0.0,False
1987-10-29,0.36378687620162964,0.36378687620162964,2.0,0.0,False
1987-10-30,0.300785094499588,0.300785094499588,2.0,0.0,False
1987-11-02,0.268860787153244,0.268860787153244,2.0,0.0,False
1987-11-03,0.5146260857582092,0.5146260857582092,2.0,0.0,False
1987-11-04,0.6290646195411682,0.6290646195411682,2.0,0.0,False
1987-11-05,0.45049044489860535,0.45049044489860535,2.0,0.0,False
1987-11-06,0.43554937839508057,0.43554937839508057,2.0,0.0,False
1987-11-09,0.5718655586242676,0.5718655586242676,2.0,0.0,False
1987-11-10,0.5281828045845032,0.5281828045845032,2.0,0.0,False
1987-11-11,0.45642322301864624,0.45642322301864624,2.0,0.0,False
1987-11-12,0.34284886717796326,0.34284886717796326,2.0,0.0,False
1987-11-13,0.6344290971755981,0.6344290971755981,2.0,0.0,False
1987-11-16,0.5910200476646423,0.5910200476646423,2.0,0.10629342920742499,False
1987-11-17,0.6648557782173157,0.6648557782173157,2.0,0.10629342920742499,False
1987-11-18,0.5734744668006897,0.5734744668006897,2.0,0.10629342920742499,False
1987-11-19,0.683714747428894,0.683714747428894,2.0,0.10629342920742499,False
1987-11-20,0.6159672737121582,0.6159672737121582,2.0,0.10629342920742499,False
1987-11-23,0.5865750312805176,0.5865750312805176,2.0,0.10629342920742499,False
1987-11-24,0.35762572288513184,0.35762572288513184,2.0,0.0,False
1987-11-25,0.33872488141059875,0.33872488141059875,2.0,0.0,False
1987-11-27,0.6667012572288513,0.6667012572288513,1.0,0.28099783018697205,False
1987-11-30,0.6472512483596802,0.6472512483596802,1.0,0.28099783018697205,False
1987-12-01,0.6374528408050537,0.6374528408050537,1.0,0.28099783018697205,False
1987-12-02,0.4801585376262665,0.4801585376262665,1.0,0.0,False
1987-12-03,0.4878472685813904,0.4878472685813904,1.0,0.0,False
1987-12-04,0.4557172954082489,0.4557172954082489,1.0,0.0,False
1987-12-07,0.7444930076599121,0.7444930076599121,1.0,0.2527275497782605,False
1987-12-08,0.5864897966384888,0.5864897966384888,1.0,0.2527275497782605,False
1987-12-09,0.5420697927474976,0.5420697927474976,1.0,0.2527275497782605,False
1987-12-10,0.48339909315109253,0.48339909315109253,1.0,0.0,False
1987-12-11,0.518455982208252,0.518455982208252,1.0,0.0,False
1987-12-14,0.3797643184661865,0.3797643184661865,1.0,0.0,False
1987-12-15,0.4120450019836426,0.4120450019836426,1.0,0.0,False
1987-12-16,0.27627965807914734,0.27627965807914734,1.0,0.0,False
1987-12-17,0.29371652007102966,0.29371652007102966,1.0,0.0,False
1987-12-18,0.33010393381118774,0.33010393381118774,1.0,0.0,False
1987-12-21,0.3463047444820404,0.3463047444820404,1.0,0.0,False
1987-12-22,0.403078556060791,0.403078556060791,1.0,0.0,False
1987-12-23,0.3625345230102539,0.3625345230102539,1.0,0.0,False
1987-12-24,0.4279072880744934,0.4279072880744934,1.0,0.0,False
1987-12-28,0.7184200286865234,0.7184200286865234,1.0,0.23209950834342685,False
1987-12-29,0.7010444402694702,0.7010444402694702,0.0,0.23209950834342685,False
1987-12-30,0.6909016966819763,0.6909016966819763,0.0,0.23209950834342685,False
1987-12-31,0.8463274240493774,0.8463274240493774,0.0,0.23209950834342685,False
1988-01-04,0.6762411594390869,0.6762411594390869,0.0,0.23209950834342685,False
1988-01-05,0.6973888278007507,0.6973888278007507,0.0,0.23209950834342685,False
1988-01-06,0.7250686883926392,0.7250686883926392,0.0,0.23209950834342685,False
1988-01-07,0.5009016394615173,0.5009016394615173,0.0,0.0,False
1988-01-08,0.7171087861061096,0.7171087861061096,1.0,0.2186280714712953,False
1988-01-11,0.7539198994636536,0.7539198994636536,1.0,0.2186280714712953,False
1988-01-12,0.6074736714363098,0.6074736714363098,1.0,0.2186280714712953,False
1988-01-13,0.5078069567680359,0.5078069567680359,1.0,0.0,False
1988-01-14,0.5898515582084656,0.5898515582084656,1.0,0.2373455717840311,False
1988-01-15,0.43558168411254883,0.43558168411254883,1.0,0.0,False
1988-01-18,0.5373020172119141,0.5373020172119141,1.0,0.2436632707909927,False
1988-01-19,0.4737369418144226,0.4737369418144226,1.0,0.0,False
1988-01-20,0.5458608269691467,0.5458608269691467,1.0,0.23032365266711785,False
1988-01-21,0.6569396257400513,0.6569396257400513,1.0,0.23032365266711785,False
1988-01-22,0.5333282947540283,0.5333282947540283,1.0,0.23032365266711785,False
1988-01-25,0.6133896112442017,0.6133896112442017,1.0,0.23032365266711785,False
1988-01-26,0.5779328346252441,0.5779328346252441,1.0,0.23032365266711785,False
1988-01-27,0.5839518308639526,0.5839518308639526,1.0,0.23032365266711785,False
1988-01-28,0.5340960025787354,0.5340960025787354,1.0,0.23032365266711785,False
1988-01-29,0.5765823721885681,0.5765823721885681,1.0,0.23032365266711785,False
1988-02-01,0.5775332450866699,0.5775332450866699,1.0,0.23032365266711785,False
1988-02-02,0.5281603932380676,0.5281603932380676,1.0,0.23032365266711785,False
1988-02-03,0.5829172134399414,0.5829172134399414,1.0,0.23032365266711785,False
1988-02-04,0.6129999160766602,0.6129999160766602,1.0,0.23032365266711785,False
1988-02-05,0.4173215925693512,0.4173215925693512,1.0,0.0,False
1988-02-08,0.469474196434021,0.469474196434021,1.0,0.0,False
1988-02-09,0.5135603547096252,0.5135603547096252,1.0,0.0,False
1988-02-10,0.5171716809272766,0.5171716809272766,1.0,0.0,False
1988-02-11,0.5814614295959473,0.5814614295959473,1.0,0.3460415337533827,False
1988-02-12,0.3900754153728485,0.3900754153728485,1.0,0.0,False
1988-02-16,0.3086049556732178,0.3086049556732178,1.0,0.0,False
1988-02-17,0.3363109529018402,0.3363109529018402,1.0,0.0,False
1988-02-18,0.3279743194580078,0.3279743194580078,0.0,0.0,False
1988-02-19,0.3153337836265564,0.3153337836265564,0.0,0.0,False
1988-02-22,0.4021244943141937,0.4021244943141937,0.0,0.0,False
1988-02-23,0.4160314202308655,0.4160314202308655,0.0,0.0,False
1988-02-24,0.2849424183368683,0.2849424183368683,0.0,0.0,False
1988-02-25,0.3241630792617798,0.3241630792617798,0.0,0.0,False
1988-02-26,0.6467306017875671,0.6467306017875671,0.0,0.5034112027088707,False
1988-02-29,0.4867301881313324,0.4867301881313324,0.0,0.0,False
1988-03-01,0.5503132939338684,0.5503132939338684,0.0,0.4761613223626274,False
1988-03-02,0.41866540908813477,0.41866540908813477,0.0,0.0,False
1988-03-03,0.6370199918746948,0.6370199918746948,0.0,0.4950061104279842,False
1988-03-04,0.5825102925300598,0.5825102925300598,0.0,0.4950061104279842,False
1988-03-07,0.5457632541656494,0.5457632541656494,0.0,0.4950061104279842,False
1988-03-08,0.5144804120063782,0.5144804120063782,0.0,0.0,False
1988-03-09,0.487203985452652,0.487203985452652,0.0,0.0,False
1988-03-10,0.6784337162971497,0.6784337162971497,0.0,0.503352426547975,False
1988-03-11,0.6337707042694092,0.6337707042694092,0.0,0.503352426547975,False
1988-03-14,0.6010971665382385,0.6010971665382385,0.0,0.503352426547975,False
1988-03-15,0.4946134090423584,0.4946134090423584,0.0,0.0,False
1988-03-16,0.548061192035675,0.548061192035675,0.0,0.4648481542776408,False
1988-03-17,0.6163145303726196,0.6163145303726196,0.0,0.4648481542776408,False
1988-03-18,0.6216922402381897,0.6216922402381897,0.0,0.4648481542776408,False
1988-03-21,0.6284340023994446,0.6284340023994446,0.0,0.4648481542776408,False
1988-03-22,0.6530471444129944,0.6530471444129944,0.0,0.4648481542776408,False
1988-03-23,0.6525235772132874,0.6525235772132874,0.0,0.4648481542776408,False
1988-03-24,0.6009620428085327,0.6009620428085327,0.0,0.4648481542776408,False
1988-03-25,0.4206784665584564,0.4206784665584564,1.0,0.0,False
1988-03-28,0.4979988932609558,0.4979988932609558,0.0,0.0,False
1988-03-29,0.43933871388435364,0.43933871388435364,1.0,0.0,False
1988-03-30,0.6738388538360596,0.6738388538360596,1.0,0.4031023250024384,False
1988-03-31,0.5450761914253235,0.5450761914253235,0.0,0.4031023250024384,False
1988-04-04,0.42686155438423157,0.42686155438423157,1.0,0.0,False
1988-04-05,0.37511834502220154,0.37511834502220154,1.0,0.0,False
1988-04-06,0.6357276439666748,0.6357276439666748,1.0,0.3445811910037987,False
1988-04-07,0.2513241469860077,0.2513241469860077,1.0,0.0,False
1988-04-08,0.23112380504608154,0.23112380504608154,1.0,0.0,False
1988-04-11,0.43969815969467163,0.43969815969467163,1.0,0.0,False
1988-04-12,0.45576685667037964,0.45576685667037964,1.0,0.0,False
1988-04-13,0.43791624903678894,0.43791624903678894,1.0,0.0,False
1988-04-14,0.5969830751419067,0.5969830751419067,1.0,0.3526038330630357,False
1988-04-15,0.5336649417877197,0.5336649417877197,1.0,0.3526038330630357,False
1988-04-18,0.4654327630996704,0.4654327630996704,1.0,0.0,False
1988-04-19,0.4821983575820923,0.4821983575820923,1.0,0.0,False
1988-04-20,0.5031508803367615,0.5031508803367615,1.0,0.0,False
1988-04-21,0.4811346232891083,0.4811346232891083,1.0,0.0,False
1988-04-22,0.5137942433357239,0.5137942433357239,1.0,0.0,False
1988-04-25,0.5096998810768127,0.5096998810768127,0.0,0.0,False
1988-04-26,0.46341845393180847,0.46341845393180847,0.0,0.0,False
1988-04-27,0.41404247283935547,0.41404247283935547,0.0,0.0,False
1988-04-28,0.40013986825942993,0.40013986825942993,0.0,0.0,False
1988-04-29,0.5139371752738953,0.5139371752738953,0.0,0.0,False
1988-05-02,0.2985564172267914,0.2985564172267914,0.0,0.0,False
1988-05-03,0.2773331105709076,0.2773331105709076,0.0,0.0,False
1988-05-04,0.6571629643440247,0.6571629643440247,0.0,0.6117771129566097,False
1988-05-05,0.664108395576477,0.664108395576477,0.0,0.6117771129566097,False
1988-05-06,0.6028181314468384,0.6028181314468384,0.0,0.6117771129566097,False
1988-05-09,0.6379497051239014,0.6379497051239014,0.0,0.6117771129566097,False
1988-05-10,0.6133224368095398,0.6133224368095398,0.0,0.6117771129566097,False
1988-05-11,0.730394184589386,0.730394184589386,0.0,0.6117771129566097,False
1988-05-12,0.6707605719566345,0.6707605719566345,0.0,0.7169963404987868,False
1988-05-13,0.5775356888771057,0.5775356888771057,0.0,0.7169963404987868,False
1988-05-16,0.5750769376754761,0.5750769376754761,0.0,0.7169963404987868,False
1988-05-17,0.6387203335762024,0.6387203335762024,0.0,0.7169963404987868,False
1988-05-18,0.6224943399429321,0.6224943399429321,0.0,0.7169963404987868,False
1988-05-19,0.6719197630882263,0.6719197630882263,0.0,0.5999132866736255,False
1988-05-20,0.6416200399398804,0.6416200399398804,0.0,0.5999132866736255,False
1988-05-23,0.4498065710067749,0.4498065710067749,0.0,0.0,False
1988-05-24,0.5748211741447449,0.5748211741447449,0.0,0.6044083206171884,False
1988-05-25,0.6433994174003601,0.6433994174003601,0.0,0.6044083206171884,False
1988-05-26,0.4813522696495056,0.4813522696495056,0.0,0.0,False
1988-05-27,0.47068119049072266,0.47068119049072266,0.0,0.0,False
1988-05-31,0.541148841381073,0.541148841381073,0.0,0.483620470927142,False
1988-06-01,0.7168898582458496,0.7168898582458496,0.0,0.483620470927142,False
1988-06-02,0.41145920753479004,0.41145920753479004,0.0,0.0,False
1988-06-03,0.5429969429969788,0.5429969429969788,0.0,0.4444669339831658,False
1988-06-06,0.536975085735321,0.536975085735321,0.0,0.4444669339831658,False
1988-06-07,0.5521017909049988,0.5521017909049988,0.0,0.4444669339831658,False
1988-06-08,0.5148289799690247,0.5148289799690247,0.0,0.0,False
1988-06-09,0.6139347553253174,0.6139347553253174,0.0,0.43764555614566747,False
1988-06-10,0.3926869034767151,0.3926869034767151,0.0,0.0,False
1988-06-13,0.540016770362854,0.540016770362854,0.0,0.43370863327333714,False
1988-06-14,0.5194526314735413,0.5194526314735413,0.0,0.0,False
1988-06-15,0.3773851692676544,0.3773851692676544,0.0,0.0,False
1988-06-16,0.4365401864051819,0.4365401864051819,0.0,0.0,False
1988-06-17,0.5340622663497925,0.5340622663497925,0.0,0.45713638603389406,False
1988-06-20,0.4786061644554138,0.4786061644554138,0.0,0.0,False
1988-06-21,0.5532238483428955,0.5532238483428955,0.0,0.4682899285121208,False
1988-06-22,0.5974689722061157,0.5974689722061157,0.0,0.4682899285121208,False
1988-06-23,0.48801949620246887,0.48801949620246887,0.0,0.0,False
1988-06-24,0.47574326395988464,0.47574326395988464,0.0,0.0,False
1988-06-27,0.4635246694087982,0.4635246694087982,0.0,0.0,False
1988-06-28,0.4345766603946686,0.4345766603946686,0.0,0.0,False
1988-06-29,0.5065296292304993,0.5065296292304993,0.0,0.0,False
1988-06-30,0.5076943039894104,0.5076943039894104,0.0,0.0,False
1988-07-01,0.518774151802063,0.518774151802063,0.0,0.0,False
1988-07-05,0.4527114927768707,0.4527114927768707,0.0,0.0,False
1988-07-06,0.593036413192749,0.593036413192749,0.0,0.5222656768466236,False
1988-07-07,0.7541912794113159,0.7541912794113159,0.0,0.5222656768466236,False
1988-07-08,0.7071223258972168,0.7071223258972168,0.0,0.5222656768466236,False
1988-07-11,0.7568924427032471,0.7568924427032471,0.0,0.5222656768466236,False
1988-07-12,0.7210906744003296,0.7210906744003296,0.0,0.5222656768466236,False
1988-07-13,0.6723030209541321,0.6723030209541321,0.0,0.5222656768466236,False
1988-07-14,0.6524325013160706,0.6524325013160706,0.0,0.5222656768466236,False
1988-07-15,0.6487386226654053,0.6487386226654053,0.0,0.6795003504384238,False
1988-07-18,0.7211337685585022,0.7211337685585022,0.0,0.6795003504384238,False
1988-07-19,0.678928554058075,0.678928554058075,0.0,0.6795003504384238,False
1988-07-20,0.7519598007202148,0.7519598007202148,0.0,0.6795003504384238,False
1988-07-21,0.6041231751441956,0.6041231751441956,0.0,0.6795003504384238,False
1988-07-22,0.618480920791626,0.618480920791626,0.0,0.6795003504384238,False
1988-07-25,0.634261429309845,0.634261429309845,0.0,0.6795003504384238,False
1988-07-26,0.6816688776016235,0.6816688776016235,0.0,0.6795003504384238,False
1988-07-27,0.6901649236679077,0.6901649236679077,0.0,0.8745503904934036,False
1988-07-28,0.617507815361023,0.617507815361023,0.0,0.8745503904934036,False
1988-07-29,0.6305137872695923,0.6305137872695923,0.0,0.6416792753532208,False
1988-08-01,0.49912452697753906,0.49912452697753906,0.0,0.0,False
1988-08-02,0.3710106313228607,0.3710106313228607,0.0,0.0,False
1988-08-03,0.3253471851348877,0.3253471851348877,0.0,0.0,False
1988-08-04,0.3165030777454376,0.3165030777454376,0.0,0.0,False
1988-08-05,0.47194600105285645,0.47194600105285645,0.0,0.0,False
1988-08-08,0.4434632658958435,0.4434632658958435,0.0,0.0,False
1988-08-09,0.48106104135513306,0.48106104135513306,0.0,0.0,False
1988-08-10,0.5494810938835144,0.5494810938835144,0.0,0.587203652502424,False
1988-08-11,0.4113776683807373,0.4113776683807373,0.0,0.0,False
1988-08-12,0.4476175010204315,0.4476175010204315,0.0,0.0,False
1988-08-15,0.5764010548591614,0.5764010548591614,0.0,0.5039498434920101,False
1988-08-16,0.5600087642669678,0.5600087642669678,0.0,0.5039498434920101,False
1988-08-17,0.42125028371810913,0.42125028371810913,0.0,0.0,False
1988-08-18,0.438461571931839,0.438461571931839,0.0,0.0,False
1988-08-19,0.6713571548461914,0.6713571548461914,1.0,0.4439187542474693,False
1988-08-22,0.536566972732544,0.536566972732544,1.0,0.4439187542474693,False
1988-08-23,0.5715391635894775,0.5715391635894775,1.0,0.4439187542474693,False
1988-08-24,0.5336875915527344,0.5336875915527344,1.0,0.4439187542474693,False
1988-08-25,0.4511840045452118,0.4511840045452118,1.0,0.0,False
1988-08-26,0.507901132106781,0.507901132106781,1.0,0.0,False
1988-08-29,0.3985002934932709,0.3985002934932709,1.0,0.0,False
1988-08-30,0.5578296184539795,0.5578296184539795,1.0,0.44744527535452927,False
1988-08-31,0.6383845210075378,0.6383845210075378,1.0,0.44744527535452927,False
1988-09-01,0.6693695187568665,0.6693695187568665,1.0,0.44744527535452927,False
1988-09-02,0.5425232648849487,0.5425232648849487,1.0,0.44744527535452927,False
1988-09-06,0.45709434151649475,0.45709434151649475,1.0,0.0,False
1988-09-07,0.4949972927570343,0.4949972927570343,1.0,0.0,False
1988-09-08,0.5429632663726807,0.5429632663726807,1.0,0.4212483260115976,False
1988-09-09,0.4919978678226471,0.4919978678226471,1.0,0.0,False
1988-09-12,0.43467721343040466,0.43467721343040466,1.0,0.0,False
1988-09-13,0.4406883716583252,0.4406883716583252,1.0,0.0,False
1988-09-14,0.6909910440444946,0.6909910440444946,1.0,0.42175750832913106,False
1988-09-15,0.4793824553489685,0.4793824553489685,1.0,0.0,False
1988-09-16,0.45316222310066223,0.45316222310066223,1.0,0.0,False
1988-09-19,0.4376629590988159,0.4376629590988159,0.0,0.0,False
1988-09-20,0.41603413224220276,0.41603413224220276,0.0,0.0,False
1988-09-21,0.43532824516296387,0.43532824516296387,0.0,0.0,False
1988-09-22,0.4319447875022888,0.4319447875022888,0.0,0.0,False
1988-09-23,0.4013139307498932,0.4013139307498932,0.0,0.0,False
1988-09-26,0.4774256944656372,0.4774256944656372,0.0,0.0,False
1988-09-27,0.4532247483730316,0.4532247483730316,0.0,0.0,False
1988-09-28,0.5554553866386414,0.5554553866386414,0.0,0.45389518825656566,False
1988-09-29,0.4044978618621826,0.4044978618621826,0.0,0.0,False
1988-09-30,0.5103444457054138,0.5103444457054138,0.0,0.0,False
1988-10-03,0.30541926622390747,0.30541926622390747,0.0,0.0,False
1988-10-04,0.2500041425228119,0.2500041425228119,0.0,0.0,False
1988-10-05,0.2584112882614136,0.2584112882614136,0.0,0.0,False
1988-10-06,0.22949738800525665,0.22949738800525665,0.0,0.0,False
1988-10-07,0.39781704545021057,0.39781704545021057,0.0,0.0,False
1988-10-10,0.5280548930168152,0.5280548930168152,1.0,0.5036280073487551,False
1988-10-11,0.4312644600868225,0.4312644600868225,1.0,0.0,False
1988-10-12,0.39154699444770813,0.39154699444770813,1.0,0.0,False
1988-10-13,0.40676936507225037,0.40676936507225037,1.0,0.0,False
1988-10-14,0.3927309811115265,0.3927309811115265,1.0,0.0,False
1988-10-17,0.30517828464508057,0.30517828464508057,1.0,0.0,False
1988-10-18,0.468395859003067,0.468395859003067,1.0,0.0,False
1988-10-19,0.5535581707954407,0.5535581707954407,1.0,0.5416072598098867,False
1988-10-20,0.30263063311576843,0.30263063311576843,0.0,0.0,False
1988-10-21,0.32295599579811096,0.32295599579811096,0.0,0.0,False
1988-10-24,0.33833664655685425,0.33833664655685425,1.0,0.0,False
1988-10-25,0.46763136982917786,0.46763136982917786,1.0,0.0,False
1988-10-26,0.4601137638092041,0.4601137638092041,1.0,0.0,False
1988-10-27,0.39313846826553345,0.39313846826553345,1.0,0.0,False
1988-10-28,0.35634225606918335,0.35634225606918335,1.0,0.0,False
1988-10-31,0.43979915976524353,0.43979915976524353,1.0,0.0,False
1988-11-01,0.3391295373439789,0.3391295373439789,1.0,0.0,False
1988-11-02,0.4213505685329437,0.4213505685329437,1.0,0.0,False
1988-11-03,0.5068433880805969,0.5068433880805969,1.0,0.0,False
1988-11-04,0.560039222240448,0.560039222240448,1.0,0.5535756261147949,False
1988-11-07,0.5912941098213196,0.5912941098213196,0.0,0.5535756261147949,False
1988-11-08,0.510176956653595,0.510176956653595,0.0,0.0,False
1988-11-09,0.5768241882324219,0.5768241882324219,0.0,0.5514517173920573,False
1988-11-10,0.5866059064865112,0.5866059064865112,0.0,0.5514517173920573,False
1988-11-11,0.4394882023334503,0.4394882023334503,0.0,0.0,False
1988-11-14,0.5019727945327759,0.5019727945327759,0.0,0.0,False
1988-11-15,0.49512746930122375,0.49512746930122375,0.0,0.0,False
1988-11-16,0.5267658233642578,0.5267658233642578,1.0,0.5305943800674479,False
1988-11-17,0.44493675231933594,0.44493675231933594,0.0,0.0,False
1988-11-18,0.3885060250759125,0.3885060250759125,0.0,0.0,False
1988-11-21,0.6968259215354919,0.6968259215354919,1.0,0.5902065511838358,False
1988-11-22,0.5994377732276917,0.5994377732276917,1.0,0.5902065511838358,False
1988-11-23,0.6336648464202881,0.6336648464202881,1.0,0.5902065511838358,False
1988-11-25,0.6300631761550903,0.6300631761550903,1.0,0.5902065511838358,False
1988-11-28,0.6333375573158264,0.6333375573158264,1.0,0.5902065511838358,False
1988-11-29,0.6428619623184204,0.6428619623184204,1.0,0.5902065511838358,False
1988-11-30,0.7086057066917419,0.7086057066917419,0.0,0.5902065511838358,False
1988-12-01,0.6410605907440186,0.6410605907440186,0.0,0.5902065511838358,False
1988-12-02,0.45635902881622314,0.45635902881622314,0.0,0.0,False
1988-12-05,0.519869327545166,0.519869327545166,0.0,0.0,False
1988-12-06,0.3522856831550598,0.3522856831550598,0.0,0.0,False
1988-12-07,0.4912954866886139,0.4912954866886139,0.0,0.0,False
1988-12-08,0.31157928705215454,0.31157928705215454,0.0,0.0,False
1988-12-09,0.3584148585796356,0.3584148585796356,1.0,0.0,False
1988-12-12,0.25562164187431335,0.25562164187431335,0.0,0.0,False
1988-12-13,0.28957054018974304,0.28957054018974304,1.0,0.0,False
1988-12-14,0.6086038947105408,0.6086038947105408,0.0,0.5660386787945211,False
1988-12-15,0.569231390953064,0.569231390953064,0.0,0.5660386787945211,False
1988-12-16,0.6268513202667236,0.6268513202667236,0.0,0.5660386787945211,False
1988-12-19,0.4609926640987396,0.4609926640987396,0.0,0.0,False
1988-12-20,0.3610515296459198,0.3610515296459198,1.0,0.0,False
1988-12-21,0.2590005695819855,0.2590005695819855,1.0,0.0,False
1988-12-22,0.19234062731266022,0.19234062731266022,1.0,0.0,False
1988-12-23,0.2204916924238205,0.2204916924238205,1.0,0.0,False
1988-12-27,0.33534565567970276,0.33534565567970276,0.0,0.0,False
1988-12-28,0.4409578740596771,0.4409578740596771,0.0,0.0,False
1988-12-29,0.3863319754600525,0.3863319754600525,1.0,0.0,False
1988-12-30,0.5031889081001282,0.5031889081001282,1.0,0.0,False
1989-01-03,0.4760734736919403,0.4760734736919403,1.0,0.0,False
1989-01-04,0.5211538672447205,0.5211538672447205,1.0,0.6492527542056994,False
1989-01-05,0.5275700688362122,0.5275700688362122,1.0,0.6492527542056994,False
1989-01-06,0.4215018153190613,0.4215018153190613,1.0,0.0,False
1989-01-09,0.35447776317596436,0.35447776317596436,1.0,0.0,False
1989-01-10,0.4304376244544983,0.4304376244544983,1.0,0.0,False
1989-01-11,0.3462889790534973,0.3462889790534973,1.0,0.0,False
1989-01-12,0.3129124045372009,0.3129124045372009,1.0,0.0,False
1989-01-13,0.3092079758644104,0.3092079758644104,1.0,0.0,False
1989-01-16,0.31828445196151733,0.31828445196151733,1.0,0.0,False
1989-01-17,0.689552903175354,0.689552903175354,1.0,0.4168494893464352,False
1989-01-18,0.6764101982116699,0.6764101982116699,1.0,0.4168494893464352,False
1989-01-19,0.7415542006492615,0.7415542006492615,1.0,0.4168494893464352,False
1989-01-20,0.6922915577888489,0.6922915577888489,1.0,0.4168494893464352,False
1989-01-23,0.6466844081878662,0.6466844081878662,1.0,0.4168494893464352,False
1989-01-24,0.6880449056625366,0.6880449056625366,0.0,0.4168494893464352,False
1989-01-25,0.6122942566871643,0.6122942566871643,0.0,0.4168494893464352,False
1989-01-26,0.537398099899292,0.537398099899292,0.0,0.4168494893464352,False
1989-01-27,0.5062599182128906,0.5062599182128906,1.0,0.0,False
1989-01-30,0.6320416331291199,0.6320416331291199,1.0,0.2979982687893339,False
1989-01-31,0.48779961466789246,0.48779961466789246,1.0,0.0,False
1989-02-01,0.7403674125671387,0.7403674125671387,1.0,0.2973075937876415,False
1989-02-02,0.720827579498291,0.720827579498291,1.0,0.2973075937876415,False
1989-02-03,0.49871188402175903,0.49871188402175903,1.0,0.0,False
1989-02-06,0.3732333183288574,0.3732333183288574,1.0,0.0,False
1989-02-07,0.34401291608810425,0.34401291608810425,1.0,0.0,False
1989-02-08,0.3518913984298706,0.3518913984298706,1.0,0.0,False
1989-02-09,0.5905104279518127,0.5905104279518127,1.0,0.29533868791895174,False
1989-02-10,0.48069602251052856,0.48069602251052856,1.0,0.0,False
1989-02-13,0.43782156705856323,0.43782156705856323,1.0,0.0,False
1989-02-14,0.599886417388916,0.599886417388916,1.0,0.33673818366375036,False
1989-02-15,0.6024962663650513,0.6024962663650513,1.0,0.33673818366375036,False
1989-02-16,0.5698966383934021,0.5698966383934021,1.0,0.33673818366375036,False
1989-02-17,0.478120893239975,0.478120893239975,1.0,0.0,False
1989-02-21,0.4508771002292633,0.4508771002292633,1.0,0.0,False
1989-02-22,0.43399977684020996,0.43399977684020996,0.0,0.0,False
1989-02-23,0.603720486164093,0.603720486164093,0.0,0.334078144020949,False
1989-02-24,0.42684265971183777,0.42684265971183777,0.0,0.0,False
1989-02-27,0.5633563995361328,0.5633563995361328,0.0,0.5072603808935007,False
1989-02-28,0.6479769349098206,0.6479769349098206,0.0,0.5072603808935007,False
1989-03-01,0.5182355642318726,0.5182355642318726,0.0,0.0,False
1989-03-02,0.749737560749054,0.749737560749054,0.0,0.5727378118393857,False
1989-03-03,0.8290461301803589,0.8290461301803589,0.0,0.5727378118393857,False
1989-03-06,0.6778320074081421,0.6778320074081421,0.0,0.5727378118393857,False
1989-03-07,0.6217854619026184,0.6217854619026184,0.0,0.5727378118393857,False
1989-03-08,0.5713894963264465,0.5713894963264465,0.0,0.5727378118393857,False
1989-03-09,0.64482182264328,0.64482182264328,0.0,0.5727378118393857,False
1989-03-10,0.5852236747741699,0.5852236747741699,0.0,0.5727378118393857,False
1989-03-13,0.6604123115539551,0.6604123115539551,0.0,0.5727378118393857,False
1989-03-14,0.6750146150588989,0.6750146150588989,0.0,0.5727378118393857,False
1989-03-15,0.5936785936355591,0.5936785936355591,0.0,0.5727378118393857,False
1989-03-16,0.2831431031227112,0.2831431031227112,0.0,0.0,False
1989-03-17,0.3347366154193878,0.3347366154193878,0.0,0.0,False
1989-03-20,0.3879229724407196,0.3879229724407196,0.0,0.0,False
1989-03-21,0.4563799798488617,0.4563799798488617,0.0,0.0,False
1989-03-22,0.5921034812927246,0.5921034812927246,0.0,0.6796795520909366,False
1989-03-23,0.5207214951515198,0.5207214951515198,0.0,0.6796795520909366,False
1989-03-27,0.5984814167022705,0.5984814167022705,0.0,0.6796795520909366,False
1989-03-28,0.5714884400367737,0.5714884400367737,0.0,0.6796795520909366,False
1989-03-29,0.4490348994731903,0.4490348994731903,0.0,0.0,False
1989-03-30,0.5303305387496948,0.5303305387496948,0.0,0.643289036672143,False
1989-03-31,0.5389599204063416,0.5389599204063416,0.0,0.643289036672143,False
1989-04-03,0.41132357716560364,0.41132357716560364,0.0,0.0,False
1989-04-04,0.46049797534942627,0.46049797534942627,0.0,0.0,False
1989-04-05,0.45355328917503357,0.45355328917503357,0.0,0.0,False
1989-04-06,0.414931058883667,0.414931058883667,0.0,0.0,False
1989-04-07,0.4324926435947418,0.4324926435947418,0.0,0.0,False
1989-04-10,0.3650611937046051,0.3650611937046051,0.0,0.0,False
1989-04-11,0.5534288883209229,0.5534288883209229,0.0,0.5412196465627462,False
1989-04-12,0.7010922431945801,0.7010922431945801,0.0,0.5412196465627462,False
1989-04-13,0.4793809652328491,0.4793809652328491,0.0,0.0,False
1989-04-14,0.361612468957901,0.361612468957901,0.0,0.0,False
1989-04-17,0.3580833375453949,0.3580833375453949,0.0,0.0,False
1989-04-18,0.3006257116794586,0.3006257116794586,0.0,0.0,False
1989-04-19,0.22195330262184143,0.22195330262184143,0.0,0.0,False
1989-04-20,0.23835498094558716,0.23835498094558716,0.0,0.0,False
1989-04-21,0.5542463064193726,0.5542463064193726,0.0,0.5688157710816966,False
1989-04-24,0.5409546494483948,0.5409546494483948,0.0,0.5688157710816966,False
1989-04-25,0.5826325416564941,0.5826325416564941,0.0,0.5688157710816966,False
1989-04-26,0.6266252398490906,0.6266252398490906,0.0,0.5688157710816966,False
1989-04-27,0.5235710144042969,0.5235710144042969,0.0,0.5688157710816966,False
1989-04-28,0.5181266069412231,0.5181266069412231,0.0,0.0,False
1989-05-01,0.3728010058403015,0.3728010058403015,0.0,0.0,False
1989-05-02,0.5382178425788879,0.5382178425788879,0.0,0.6255269799757704,False
1989-05-03,0.5322403311729431,0.5322403311729431,0.0,0.6255269799757704,False
1989-05-04,0.44873908162117004,0.44873908162117004,0.0,0.0,False
1989-05-05,0.2925167381763458,0.2925167381763458,0.0,0.0,False
1989-05-08,0.17743845283985138,0.17743845283985138,0.0,0.0,False
1989-05-09,0.13110272586345673,0.13110272586345673,0.0,0.0,False
1989-05-10,0.11595314741134644,0.11595314741134644,0.0,0.0,False
1989-05-11,0.1396181732416153,0.1396181732416153,0.0,0.0,False
1989-05-12,0.16611286997795105,0.16611286997795105,0.0,0.0,False
1989-05-15,0.193911612033844,0.193911612033844,0.0,0.0,False
1989-05-16,0.22818361222743988,0.22818361222743988,0.0,0.0,False
1989-05-17,0.19660574197769165,0.19660574197769165,0.0,0.0,False
1989-05-18,0.1946449726819992,0.1946449726819992,0.0,0.0,False
1989-05-19,0.2423599809408188,0.2423599809408188,0.0,0.0,False
1989-05-22,0.21349771320819855,0.21349771320819855,0.0,0.0,False
1989-05-23,0.5219365954399109,0.5219365954399109,0.0,0.7018836200582842,False
1989-05-24,0.3383157551288605,0.3383157551288605,0.0,0.0,False
1989-05-25,0.30188217759132385,0.30188217759132385,0.0,0.0,False
1989-05-26,0.25856664776802063,0.25856664776802063,0.0,0.0,False
1989-05-30,0.5346104502677917,0.5346104502677917,0.0,0.5789717178133859,False
1989-05-31,0.38180720806121826,0.38180720806121826,0.0,0.0,False
1989-06-01,0.3667345941066742,0.3667345941066742,0.0,0.0,False
1989-06-02,0.38605996966362,0.38605996966362,0.0,0.0,False
1989-06-05,0.5981544852256775,0.5981544852256775,0.0,0.48091545499063926,False
1989-06-06,0.3587339520454407,0.3587339520454407,0.0,0.0,False
1989-06-07,0.35811224579811096,0.35811224579811096,0.0,0.0,False
1989-06-08,0.3464171588420868,0.3464171588420868,0.0,0.0,False
1989-06-09,0.48572102189064026,0.48572102189064026,0.0,0.0,False
1989-06-12,0.4248720705509186,0.4248720705509186,0.0,0.0,False
1989-06-13,0.40139639377593994,0.40139639377593994,0.0,0.0,False
1989-06-14,0.30719518661499023,0.30719518661499023,0.0,0.0,False
1989-06-15,0.5181167721748352,0.5181167721748352,0.0,0.0,False
1989-06-16,0.7086268067359924,0.7086268067359924,0.0,0.34617770472476933,False
1989-06-19,0.5216275453567505,0.5216275453567505,0.0,0.34617770472476933,False
1989-06-20,0.44920024275779724,0.44920024275779724,0.0,0.0,False
1989-06-21,0.5078782439231873,0.5078782439231873,0.0,0.0,False
1989-06-22,0.5579840540885925,0.5579840540885925,0.0,0.3808784951931636,False
1989-06-23,0.6345357298851013,0.6345357298851013,0.0,0.3808784951931636,False
1989-06-26,0.668580174446106,0.668580174446106,0.0,0.3808784951931636,False
1989-06-27,0.47968608140945435,0.47968608140945435,0.0,0.0,False
1989-06-28,0.5193853974342346,0.5193853974342346,0.0,0.0,False
1989-06-29,0.3959512412548065,0.3959512412548065,0.0,0.0,False
1989-06-30,0.4664875566959381,0.4664875566959381,0.0,0.0,False
1989-07-03,0.2736986577510834,0.2736986577510834,0.0,0.0,False
1989-07-05,0.3000507950782776,0.3000507950782776,0.0,0.0,False
1989-07-06,0.4397618770599365,0.4397618770599365,0.0,0.0,False
1989-07-07,0.5090409517288208,0.5090409517288208,0.0,0.0,False
1989-07-10,0.45910757780075073,0.45910757780075073,0.0,0.0,False
1989-07-11,0.38975030183792114,0.38975030183792114,0.0,0.0,False
1989-07-12,0.3615533113479614,0.3615533113479614,0.0,0.0,False
1989-07-13,0.42800387740135193,0.42800387740135193,0.0,0.0,False
1989-07-14,0.3408834636211395,0.3408834636211395,0.0,0.0,False
1989-07-17,0.35876110196113586,0.35876110196113586,0.0,0.0,False
1989-07-18,0.738285481929779,0.738285481929779,0.0,0.5676777424754839,False
1989-07-19,0.32589292526245117,0.32589292526245117,0.0,0.0,False
1989-07-20,0.35390421748161316,0.35390421748161316,0.0,0.0,False
1989-07-21,0.37340423464775085,0.37340423464775085,0.0,0.0,False
1989-07-24,0.5455695986747742,0.5455695986747742,0.0,0.5482671080526295,False
1989-07-25,0.6205084323883057,0.6205084323883057,0.0,0.5482671080526295,False
1989-07-26,0.5518746376037598,0.5518746376037598,0.0,0.5482671080526295,False
1989-07-27,0.46840181946754456,0.46840181946754456,0.0,0.0,False
1989-07-28,0.4165406823158264,0.4165406823158264,0.0,0.0,False
1989-07-31,0.5267587900161743,0.5267587900161743,0.0,0.5593658017015392,False
1989-08-01,0.4777636229991913,0.4777636229991913,0.0,0.0,False
1989-08-02,0.4663257896900177,0.4663257896900177,0.0,0.0,False
1989-08-03,0.45653748512268066,0.45653748512268066,0.0,0.0,False
1989-08-04,0.5682815313339233,0.5682815313339233,0.0,0.4995841472706004,False
1989-08-07,0.47087955474853516,0.47087955474853516,0.0,0.0,False
1989-08-08,0.5227497220039368,0.5227497220039368,0.0,0.5214192261731431,False
1989-08-09,0.6118577718734741,0.6118577718734741,0.0,0.5214192261731431,False
1989-08-10,0.46485164761543274,0.46485164761543274,0.0,0.0,False
1989-08-11,0.5584205389022827,0.5584205389022827,0.0,0.4667046864823703,False
1989-08-14,0.4572660028934479,0.4572660028934479,0.0,0.0,False
1989-08-15,0.38555413484573364,0.38555413484573364,0.0,0.0,False
1989-08-16,0.3525642156600952,0.3525642156600952,0.0,0.0,False
1989-08-17,0.508072555065155,0.508072555065155,0.0,0.0,False
1989-08-18,0.4705984890460968,0.4705984890460968,0.0,0.0,False
1989-08-21,0.5126712322235107,0.5126712322235107,0.0,0.0,False
1989-08-22,0.45885083079338074,0.45885083079338074,0.0,0.0,False
1989-08-23,0.2793610990047455,0.2793610990047455,0.0,0.0,False
1989-08-24,0.24148879945278168,0.24148879945278168,0.0,0.0,False
1989-08-25,0.3530908524990082,0.3530908524990082,0.0,0.0,False
1989-08-28,0.4034815728664398,0.4034815728664398,0.0,0.0,False
1989-08-29,0.4214000999927521,0.4214000999927521,0.0,0.0,False
1989-08-30,0.36840498447418213,0.36840498447418213,0.0,0.0,False
1989-08-31,0.37956368923187256,0.37956368923187256,0.0,0.0,False
1989-09-01,0.6237059235572815,0.6237059235572815,0.0,0.5448494427069078,False
1989-09-05,0.7156668901443481,0.7156668901443481,0.0,0.5448494427069078,False
1989-09-06,0.7443934082984924,0.7443934082984924,0.0,0.5448494427069078,False
1989-09-07,0.7449431419372559,0.7449431419372559,0.0,0.5448494427069078,False
1989-09-08,0.6906802654266357,0.6906802654266357,0.0,0.5448494427069078,False
1989-09-11,0.5651540756225586,0.5651540756225586,0.0,0.6694429108228368,False
1989-09-12,0.5688389539718628,0.5688389539718628,0.0,0.7867718810705624,False
1989-09-13,0.6590281128883362,0.6590281128883362,0.0,0.7867718810705624,False
1989-09-14,0.6375184655189514,0.6375184655189514,0.0,0.7867718810705624,False
1989-09-15,0.6505124568939209,0.6505124568939209,0.0,0.7867718810705624,False
1989-09-18,0.6822527647018433,0.6822527647018433,0.0,0.7867718810705624,False
1989-09-19,0.5843831896781921,0.5843831896781921,0.0,0.7867718810705624,False
1989-09-20,0.5710285902023315,0.5710285902023315,0.0,0.7867718810705624,False
1989-09-21,0.7234448790550232,0.7234448790550232,0.0,0.7867718810705624,False
1989-09-22,0.6080371737480164,0.6080371737480164,0.0,0.7867718810705624,False
1989-09-25,0.6755341291427612,0.6755341291427612,0.0,0.7867718810705624,False
1989-09-26,0.7219826579093933,0.7219826579093933,0.0,0.7867718810705624,False
1989-09-27,0.6164084672927856,0.6164084672927856,0.0,0.7867718810705624,False
1989-09-28,0.7149895429611206,0.7149895429611206,0.0,0.7867718810705624,False
1989-09-29,0.5562881231307983,0.5562881231307983,0.0,0.6812151706942836,False
1989-10-02,0.5969766974449158,0.5969766974449158,0.0,0.6812151706942836,False
1989-10-03,0.6984419226646423,0.6984419226646423,0.0,0.6812151706942836,False
1989-10-04,0.6415845155715942,0.6415845155715942,0.0,0.6812151706942836,False
1989-10-05,0.7706611156463623,0.7706611156463623,0.0,0.6812151706942836,False
1989-10-06,0.5754902362823486,0.5754902362823486,0.0,0.46104630784798406,False
1989-10-09,0.44112974405288696,0.44112974405288696,0.0,0.0,False
1989-10-10,0.5884142518043518,0.5884142518043518,0.0,0.44828868176565784,False
1989-10-11,0.4257291555404663,0.4257291555404663,0.0,0.0,False
1989-10-12,0.3646335005760193,0.3646335005760193,0.0,0.0,False
1989-10-13,0.654854416847229,0.654854416847229,0.0,0.37388338712570446,False
1989-10-16,0.6508434414863586,0.6508434414863586,0.0,0.37388338712570446,False
1989-10-17,0.5687059164047241,0.5687059164047241,0.0,0.37388338712570446,False
1989-10-18,0.5124528408050537,0.5124528408050537,0.0,0.0,False
1989-10-19,0.4863129258155823,0.4863129258155823,0.0,0.0,False
1989-10-20,0.5777637958526611,0.5777637958526611,0.0,0.38463261303642643,False
1989-10-23,0.5920506119728088,0.5920506119728088,0.0,0.38463261303642643,False
1989-10-24,0.576758623123169,0.576758623123169,0.0,0.38463261303642643,False
1989-10-25,0.5343092083930969,0.5343092083930969,0.0,0.38463261303642643,False
1989-10-26,0.49512365460395813,0.49512365460395813,0.0,0.0,False
1989-10-27,0.5402730703353882,0.5402730703353882,0.0,0.3604010257091211,False
1989-10-30,0.6049904823303223,0.6049904823303223,0.0,0.3604010257091211,False
1989-10-31,0.4882596731185913,0.4882596731185913,0.0,0.0,False
1989-11-01,0.586349606513977,0.586349606513977,0.0,0.3622237794375875,False
1989-11-02,0.707358717918396,0.707358717918396,0.0,0.3622237794375875,False
1989-11-03,0.5707240104675293,0.5707240104675293,0.0,0.3622237794375875,False
1989-11-06,0.62595534324646,0.62595534324646,0.0,0.3622237794375875,False
1989-11-07,0.38944074511528015,0.38944074511528015,0.0,0.0,False
1989-11-08,0.34490957856178284,0.34490957856178284,0.0,0.0,False
1989-11-09,0.314436137676239,0.314436137676239,0.0,0.0,False
1989-11-10,0.28310877084732056,0.28310877084732056,0.0,0.0,False
1989-11-13,0.24234282970428467,0.24234282970428467,0.0,0.0,False
1989-11-14,0.3619581162929535,0.3619581162929535,0.0,0.0,False
1989-11-15,0.2686421275138855,0.2686421275138855,0.0,0.0,False
1989-11-16,0.3525649607181549,0.3525649607181549,0.0,0.0,False
1989-11-17,0.3791852295398712,0.3791852295398712,0.0,0.0,False
1989-11-20,0.501122236251831,0.501122236251831,0.0,0.0,False
1989-11-21,0.4269632399082184,0.4269632399082184,0.0,0.0,False
1989-11-22,0.3952716588973999,0.3952716588973999,0.0,0.0,False
1989-11-24,0.20306900143623352,0.20306900143623352,0.0,0.0,False
1989-11-27,0.41863933205604553,0.41863933205604553,0.0,0.0,False
1989-11-28,0.4175955653190613,0.4175955653190613,0.0,0.0,False
1989-11-29,0.3888556659221649,0.3888556659221649,0.0,0.0,False
1989-11-30,0.34565505385398865,0.34565505385398865,0.0,0.0,False
1989-12-01,0.41184183955192566,0.41184183955192566,0.0,0.0,False
1989-12-04,0.5217770934104919,0.5217770934104919,0.0,0.6092243942357418,False
1989-12-05,0.591471791267395,0.591471791267395,0.0,0.6092243942357418,False
1989-12-06,0.5251373648643494,0.5251373648643494,0.0,0.4958540144496058,False
1989-12-07,0.5533618330955505,0.5533618330955505,0.0,0.4958540144496058,False
1989-12-08,0.622229278087616,0.622229278087616,0.0,0.4958540144496058,False
1989-12-11,0.5019270777702332,0.5019270777702332,0.0,0.0,False
1989-12-12,0.48141780495643616,0.48141780495643616,0.0,0.0,False
1989-12-13,0.4992808401584625,0.4992808401584625,0.0,0.0,False
1989-12-14,0.6338450312614441,0.6338450312614441,0.0,0.35498015145889156,False
1989-12-15,0.6509671807289124,0.6509671807289124,0.0,0.35498015145889156,False
1989-12-18,0.49601632356643677,0.49601632356643677,0.0,0.0,False
1989-12-19,0.4058176577091217,0.4058176577091217,0.0,0.0,False
1989-12-20,0.30729931592941284,0.30729931592941284,0.0,0.0,False
1989-12-21,0.3138674795627594,0.3138674795627594,0.0,0.0,False
1989-12-22,0.24386806786060333,0.24386806786060333,0.0,0.0,False
1989-12-26,0.1735764592885971,0.1735764592885971,0.0,0.0,False
1989-12-27,0.24243508279323578,0.24243508279323578,0.0,0.0,False
1989-12-28,0.24381206929683685,0.24381206929683685,0.0,0.0,False
1989-12-29,0.21967466175556183,0.21967466175556183,0.0,0.0,False
1990-01-02,0.4318985641002655,0.4318985641002655,0.0,0.0,False
1990-01-03,0.3267124593257904,0.3267124593257904,0.0,0.0,False
1990-01-04,0.34657517075538635,0.34657517075538635,0.0,0.0,False
1990-01-05,0.36384645104408264,0.36384645104408264,0.0,0.0,False
1990-01-08,0.3741757273674011,0.3741757273674011,0.0,0.0,False
1990-01-09,0.4726468324661255,0.4726468324661255,0.0,0.0,False
1990-01-10,0.45427364110946655,0.45427364110946655,0.0,0.0,False
1990-01-11,0.477137953042984,0.477137953042984,0.0,0.0,False
1990-01-12,0.5068634748458862,0.5068634748458862,0.0,0.0,False
1990-01-15,0.513472855091095,0.513472855091095,0.0,0.0,False
1990-01-16,0.558844804763794,0.558844804763794,1.0,0.4045608712052701,False
1990-01-17,0.5758729577064514,0.5758729577064514,0.0,0.4045608712052701,False
1990-01-18,0.5772704482078552,0.5772704482078552,0.0,0.4045608712052701,False
1990-01-19,0.5622304081916809,0.5622304081916809,0.0,0.4045608712052701,False
1990-01-22,0.5195695757865906,0.5195695757865906,0.0,0.0,False
1990-01-23,0.5716326832771301,0.5716326832771301,0.0,0.3271100443794162,False
1990-01-24,0.5196484923362732,0.5196484923362732,0.0,0.0,False
1990-01-25,0.46088284254074097,0.46088284254074097,0.0,0.0,False
1990-01-26,0.42743584513664246,0.42743584513664246,0.0,0.0,False
1990-01-29,0.4005446434020996,0.4005446434020996,0.0,0.0,False
1990-01-30,0.5049161911010742,0.5049161911010742,0.0,0.0,False
1990-01-31,0.40560606122016907,0.40560606122016907,0.0,0.0,False
1990-02-01,0.42869800329208374,0.42869800329208374,0.0,0.0,False
1990-02-02,0.43081268668174744,0.43081268668174744,0.0,0.0,False
1990-02-05,0.41913726925849915,0.41913726925849915,0.0,0.0,False
1990-02-06,0.4494483470916748,0.4494483470916748,0.0,0.0,False
1990-02-07,0.5643213987350464,0.5643213987350464,0.0,0.34260202089757896,False
1990-02-08,0.5428527593612671,0.5428527593612671,0.0,0.34260202089757896,False
1990-02-09,0.5018109679222107,0.5018109679222107,0.0,0.0,False
1990-02-12,0.5085616111755371,0.5085616111755371,0.0,0.0,False
1990-02-13,0.5080190300941467,0.5080190300941467,0.0,0.0,False
1990-02-14,0.581415593624115,0.581415593624115,0.0,0.37336148304621336,False
1990-02-15,0.4318152964115143,0.4318152964115143,0.0,0.0,False
1990-02-16,0.4708172678947449,0.4708172678947449,0.0,0.0,False
1990-02-20,0.49506330490112305,0.49506330490112305,0.0,0.0,False
1990-02-21,0.45432841777801514,0.45432841777801514,0.0,0.0,False
1990-02-22,0.3201668858528137,0.3201668858528137,0.0,0.0,False
1990-02-23,0.3927377164363861,0.3927377164363861,0.0,0.0,False
1990-02-26,0.49067166447639465,0.49067166447639465,0.0,0.0,False
1990-02-27,0.37188735604286194,0.37188735604286194,0.0,0.0,False
1990-02-28,0.5072258114814758,0.5072258114814758,0.0,0.0,False
1990-03-01,0.450733482837677,0.450733482837677,0.0,0.0,False
1990-03-02,0.45579835772514343,0.45579835772514343,0.0,0.0,False
1990-03-05,0.6037725210189819,0.6037725210189819,0.0,0.48417107666644665,False
1990-03-06,0.6651472449302673,0.6651472449302673,0.0,0.48417107666644665,False
1990-03-07,0.65679931640625,0.65679931640625,0.0,0.48417107666644665,False
1990-03-08,0.5504501461982727,0.5504501461982727,0.0,0.48417107666644665,False
1990-03-09,0.5937085747718811,0.5937085747718811,0.0,0.48417107666644665,False
1990-03-12,0.4402751326560974,0.4402751326560974,0.0,0.0,False
1990-03-13,0.40417084097862244,0.40417084097862244,0.0,0.0,False
1990-03-14,0.32280269265174866,0.32280269265174866,0.0,0.0,False
1990-03-15,0.3223767578601837,0.3223767578601837,0.0,0.0,False
1990-03-16,0.37793397903442383,0.37793397903442383,1.0,0.0,False
1990-03-19,0.46812620759010315,0.46812620759010315,1.0,0.0,False
1990-03-20,0.5905130505561829,0.5905130505561829,1.0,0.33611564703445773,False
1990-03-21,0.5426098704338074,0.5426098704338074,1.0,0.33611564703445773,False
1990-03-22,0.7841520309448242,0.7841520309448242,1.0,0.33611564703445773,False
1990-03-23,0.49119922518730164,0.49119922518730164,1.0,0.0,False
1990-03-26,0.6774497032165527,0.6774497032165527,1.0,0.3356467837152489,False
1990-03-27,0.6393221020698547,0.6393221020698547,1.0,0.3356467837152489,False
1990-03-28,0.6837668418884277,0.6837668418884277,1.0,0.3356467837152489,False
1990-03-29,0.7542411684989929,0.7542411684989929,1.0,0.3356467837152489,False
1990-03-30,0.6276827454566956,0.6276827454566956,1.0,0.3356467837152489,False
1990-04-02,0.6178426742553711,0.6178426742553711,1.0,0.3356467837152489,False
1990-04-03,0.5202986598014832,0.5202986598014832,1.0,0.3356467837152489,False
1990-04-04,0.4771104156970978,0.4771104156970978,1.0,0.0,False
1990-04-05,0.4220700263977051,0.4220700263977051,1.0,0.0,False
1990-04-06,0.45582884550094604,0.45582884550094604,1.0,0.0,False
1990-04-09,0.385519802570343,0.385519802570343,1.0,0.0,False
1990-04-10,0.40329819917678833,0.40329819917678833,1.0,0.0,False
1990-04-11,0.3751036524772644,0.3751036524772644,1.0,0.0,False
1990-04-12,0.5203259587287903,0.5203259587287903,1.0,0.30692456034324866,False
1990-04-16,0.45119860768318176,0.45119860768318176,0.0,0.0,False
1990-04-17,0.39256346225738525,0.39256346225738525,0.0,0.0,False
1990-04-18,0.5021883249282837,0.5021883249282837,0.0,0.0,False
1990-04-19,0.5657280087471008,0.5657280087471008,0.0,0.3747579973742554,False
1990-04-20,0.641963005065918,0.641963005065918,0.0,0.3747579973742554,False
1990-04-23,0.5537904500961304,0.5537904500961304,0.0,0.3747579973742554,False
1990-04-24,0.6723083853721619,0.6723083853721619,0.0,0.3747579973742554,False
1990-04-25,0.4899909496307373,0.4899909496307373,0.0,0.0,False
1990-04-26,0.5469563603401184,0.5469563603401184,0.0,0.3996959188109378,False
1990-04-27,0.6531801223754883,0.6531801223754883,0.0,0.3996959188109378,False
1990-04-30,0.6877695322036743,0.6877695322036743,0.0,0.3996959188109378,False
1990-05-01,0.5235055088996887,0.5235055088996887,0.0,0.3996959188109378,False
1990-05-02,0.5297359228134155,0.5297359228134155,0.0,0.3996959188109378,False
1990-05-03,0.47313350439071655,0.47313350439071655,0.0,0.0,False
1990-05-04,0.3886937201023102,0.3886937201023102,0.0,0.0,False
1990-05-07,0.45929795503616333,0.45929795503616333,0.0,0.0,False
1990-05-08,0.4672323763370514,0.4672323763370514,0.0,0.0,False
1990-05-09,0.5777896046638489,0.5777896046638489,0.0,0.4413899361819891,False
1990-05-10,0.5285301208496094,0.5285301208496094,0.0,0.4413899361819891,False
1990-05-11,0.5783289670944214,0.5783289670944214,0.0,0.4413899361819891,False
1990-05-14,0.42893096804618835,0.42893096804618835,0.0,0.0,False
1990-05-15,0.4400103986263275,0.4400103986263275,0.0,0.0,False
1990-05-16,0.4490167498588562,0.4490167498588562,0.0,0.0,False
1990-05-17,0.3484821617603302,0.3484821617603302,0.0,0.0,False
1990-05-18,0.5258934497833252,0.5258934497833252,0.0,0.5460672760153275,False
1990-05-21,0.5666630268096924,0.5666630268096924,0.0,0.5460672760153275,False
1990-05-22,0.5077618956565857,0.5077618956565857,0.0,0.0,False
1990-05-23,0.470825731754303,0.470825731754303,0.0,0.0,False
1990-05-24,0.4274263083934784,0.4274263083934784,0.0,0.0,False
1990-05-25,0.41023650765419006,0.41023650765419006,0.0,0.0,False
1990-05-29,0.2907533049583435,0.2907533049583435,0.0,0.0,False
1990-05-30,0.41243672370910645,0.41243672370910645,0.0,0.0,False
1990-05-31,0.3766174912452698,0.3766174912452698,0.0,0.0,False
1990-06-01,0.3131517469882965,0.3131517469882965,0.0,0.0,False
1990-06-04,0.30601000785827637,0.30601000785827637,0.0,0.0,False
1990-06-05,0.39661067724227905,0.39661067724227905,0.0,0.0,False
1990-06-06,0.49769651889801025,0.49769651889801025,0.0,0.0,False
1990-06-07,0.35671466588974,0.35671466588974,0.0,0.0,False
1990-06-08,0.35798028111457825,0.35798028111457825,0.0,0.0,False
1990-06-11,0.36013031005859375,0.36013031005859375,0.0,0.0,False
1990-06-12,0.37692224979400635,0.37692224979400635,0.0,0.0,False
1990-06-13,0.4174079895019531,0.4174079895019531,0.0,0.0,False
1990-06-14,0.42179590463638306,0.42179590463638306,0.0,0.0,False
1990-06-15,0.3987453281879425,0.3987453281879425,0.0,0.0,False
1990-06-18,0.41782546043395996,0.41782546043395996,0.0,0.0,False
1990-06-19,0.4020635187625885,0.4020635187625885,0.0,0.0,False
1990-06-20,0.33637478947639465,0.33637478947639465,0.0,0.0,False
1990-06-21,0.5521398186683655,0.5521398186683655,0.0,0.427848957550596,False
1990-06-22,0.5697235465049744,0.5697235465049744,0.0,0.427848957550596,False
1990-06-25,0.5576951503753662,0.5576951503753662,0.0,0.427848957550596,False
1990-06-26,0.5141111016273499,0.5141111016273499,0.0,0.0,False
1990-06-27,0.5810309648513794,0.5810309648513794,0.0,0.4888353452631034,False
1990-06-28,0.4964332580566406,0.4964332580566406,0.0,0.0,False
1990-06-29,0.5789886713027954,0.5789886713027954,0.0,0.4243057647696181,False
1990-07-02,0.4595123827457428,0.4595123827457428,0.0,0.0,False
1990-07-03,0.43900731205940247,0.43900731205940247,0.0,0.0,False
1990-07-05,0.35659241676330566,0.35659241676330566,0.0,0.0,False
1990-07-06,0.40935662388801575,0.40935662388801575,1.0,0.0,False
1990-07-09,0.6050838232040405,0.6050838232040405,1.0,0.4258137665623894,False
1990-07-10,0.5906646251678467,0.5906646251678467,1.0,0.4258137665623894,False
1990-07-11,0.5615909695625305,0.5615909695625305,0.0,0.4258137665623894,False
1990-07-12,0.5015454888343811,0.5015454888343811,1.0,0.0,False
1990-07-13,0.43431976437568665,0.43431976437568665,1.0,0.0,False
1990-07-16,0.6531532406806946,0.6531532406806946,1.0,0.4353078215743961,False
1990-07-17,0.5670436024665833,0.5670436024665833,1.0,0.4353078215743961,False
1990-07-18,0.5850870013237,0.5850870013237,1.0,0.4353078215743961,False
1990-07-19,0.6289049386978149,0.6289049386978149,0.0,0.4353078215743961,False
1990-07-20,0.5083047151565552,0.5083047151565552,0.0,0.0,False
1990-07-23,0.5369405150413513,0.5369405150413513,0.0,0.35895970428887336,False
1990-07-24,0.5772246718406677,0.5772246718406677,0.0,0.35895970428887336,False
1990-07-25,0.5394632816314697,0.5394632816314697,0.0,0.35895970428887336,False
1990-07-26,0.4207180440425873,0.4207180440425873,0.0,0.0,False
1990-07-27,0.545042097568512,0.545042097568512,0.0,0.3800831726968334,False
1990-07-30,0.5376514196395874,0.5376514196395874,0.0,0.3800831726968334,False
1990-07-31,0.5301458239555359,0.5301458239555359,0.0,0.3800831726968334,False
1990-08-01,0.5264564156532288,0.5264564156532288,0.0,0.3800831726968334,False
1990-08-02,0.44559934735298157,0.44559934735298157,0.0,0.0,False
1990-08-03,0.5314272046089172,0.5314272046089172,0.0,0.3648173553178717,False
1990-08-06,0.5440841913223267,0.5440841913223267,0.0,0.3648173553178717,False
1990-08-07,0.4878121018409729,0.4878121018409729,0.0,0.0,False
1990-08-08,0.27372974157333374,0.27372974157333374,0.0,0.0,False
1990-08-09,0.294911652803421,0.294911652803421,0.0,0.0,False
1990-08-10,0.3590676188468933,0.3590676188468933,0.0,0.0,False
1990-08-13,0.4826536774635315,0.4826536774635315,0.0,0.0,False
1990-08-14,0.4263869822025299,0.4263869822025299,0.0,0.0,False
1990-08-15,0.42649123072624207,0.42649123072624207,0.0,0.0,False
1990-08-16,0.5183737277984619,0.5183737277984619,0.0,0.0,False
1990-08-17,0.5436327457427979,0.5436327457427979,0.0,0.39173428332152394,False
1990-08-20,0.5307471752166748,0.5307471752166748,0.0,0.39173428332152394,False
1990-08-21,0.548580527305603,0.548580527305603,0.0,0.39173428332152394,False
1990-08-22,0.6629430055618286,0.6629430055618286,0.0,0.39173428332152394,False
1990-08-23,0.6044710278511047,0.6044710278511047,0.0,0.39173428332152394,False
1990-08-24,0.5512831211090088,0.5512831211090088,0.0,0.39173428332152394,False
1990-08-27,0.517447292804718,0.517447292804718,0.0,0.0,False
1990-08-28,0.4213646352291107,0.4213646352291107,0.0,0.0,False
1990-08-29,0.4499264061450958,0.4499264061450958,0.0,0.0,False
1990-08-30,0.4961604177951813,0.4961604177951813,0.0,0.0,False
1990-08-31,0.39505377411842346,0.39505377411842346,0.0,0.0,False
1990-09-04,0.3041021227836609,0.3041021227836609,0.0,0.0,False
1990-09-05,0.37846383452415466,0.37846383452415466,0.0,0.0,False
1990-09-06,0.38007041811943054,0.38007041811943054,0.0,0.0,False
1990-09-07,0.27005279064178467,0.27005279064178467,0.0,0.0,False
1990-09-10,0.36252811551094055,0.36252811551094055,0.0,0.0,False
1990-09-11,0.6786050796508789,0.6786050796508789,0.0,0.3469179396764309,False
1990-09-12,0.6334425806999207,0.6334425806999207,0.0,0.3469179396764309,False
1990-09-13,0.6378124356269836,0.6378124356269836,0.0,0.3469179396764309,False
1990-09-14,0.5178455710411072,0.5178455710411072,0.0,0.0,False
1990-09-17,0.5499119758605957,0.5499119758605957,0.0,0.3776766554087867,False
1990-09-18,0.5243164300918579,0.5243164300918579,0.0,0.3776766554087867,False
1990-09-19,0.5453296899795532,0.5453296899795532,0.0,0.3776766554087867,False
1990-09-20,0.519356369972229,0.519356369972229,0.0,0.0,False
1990-09-21,0.5127819776535034,0.5127819776535034,0.0,0.0,False
1990-09-24,0.5150058269500732,0.5150058269500732,0.0,0.0,False
1990-09-25,0.5292094349861145,0.5292094349861145,0.0,0.5160390967663139,False
1990-09-26,0.6732239127159119,0.6732239127159119,0.0,0.5160390967663139,False
1990-09-27,0.626567542552948,0.626567542552948,0.0,0.5160390967663139,False
1990-09-28,0.5560786724090576,0.5560786724090576,0.0,0.5160390967663139,False
1990-10-01,0.5021328330039978,0.5021328330039978,0.0,0.0,False
1990-10-02,0.5346559286117554,0.5346559286117554,0.0,0.381901446780438,False
1990-10-03,0.5051459670066833,0.5051459670066833,0.0,0.0,False
1990-10-04,0.5893654227256775,0.5893654227256775,0.0,0.29358473596097145,False
1990-10-05,0.5928950309753418,0.5928950309753418,0.0,0.29358473596097145,False
1990-10-08,0.4230225086212158,0.4230225086212158,0.0,0.0,False
1990-10-09,0.5516512989997864,0.5516512989997864,0.0,0.2853507780204805,False
1990-10-10,0.7052960395812988,0.7052960395812988,0.0,0.2853507780204805,False
1990-10-11,0.5317224264144897,0.5317224264144897,0.0,0.2853507780204805,False
1990-10-12,0.597734808921814,0.597734808921814,0.0,0.2853507780204805,False
1990-10-15,0.5207257866859436,0.5207257866859436,0.0,0.2853507780204805,False
1990-10-16,0.599542498588562,0.599542498588562,0.0,0.2853507780204805,False
1990-10-17,0.5848857164382935,0.5848857164382935,2.0,0.2853507780204805,False
1990-10-18,0.5549833178520203,0.5549833178520203,2.0,0.2853507780204805,False
1990-10-19,0.41274014115333557,0.41274014115333557,2.0,0.0,False
1990-10-22,0.27962279319763184,0.27962279319763184,2.0,0.0,False
1990-10-23,0.38382023572921753,0.38382023572921753,2.0,0.0,False
1990-10-24,0.48291075229644775,0.48291075229644775,2.0,0.0,False
1990-10-25,0.27226683497428894,0.27226683497428894,2.0,0.0,False
1990-10-26,0.36757203936576843,0.36757203936576843,2.0,0.0,False
1990-10-29,0.44331151247024536,0.44331151247024536,2.0,0.0,False
1990-10-30,0.51988685131073,0.51988685131073,2.0,0.0,False
1990-10-31,0.3610508143901825,0.3610508143901825,2.0,0.0,False
1990-11-01,0.26361438632011414,0.26361438632011414,2.0,0.0,False
1990-11-02,0.37174761295318604,0.37174761295318604,2.0,0.0,False
1990-11-05,0.3540307879447937,0.3540307879447937,1.0,0.0,False
1990-11-06,0.5320756435394287,0.5320756435394287,1.0,0.2109131237898395,False
1990-11-07,0.4728955328464508,0.4728955328464508,1.0,0.0,False
1990-11-08,0.5404543280601501,0.5404543280601501,1.0,0.224314282270445,False
1990-11-09,0.5852015018463135,0.5852015018463135,1.0,0.224314282270445,False
1990-11-12,0.6901988387107849,0.6901988387107849,1.0,0.224314282270445,False
1990-11-13,0.5941187739372253,0.5941187739372253,1.0,0.224314282270445,False
1990-11-14,0.5913739204406738,0.5913739204406738,1.0,0.224314282270445,False
1990-11-15,0.6303615570068359,0.6303615570068359,1.0,0.224314282270445,False
1990-11-16,0.6632847785949707,0.6632847785949707,0.0,0.43158048570038354,False
1990-11-19,0.5480890274047852,0.5480890274047852,1.0,0.43158048570038354,False
1990-11-20,0.6550769805908203,0.6550769805908203,1.0,0.43158048570038354,False
1990-11-21,0.6219232678413391,0.6219232678413391,1.0,0.43158048570038354,False
1990-11-23,0.5875876545906067,0.5875876545906067,1.0,0.43158048570038354,False
1990-11-26,0.6123052835464478,0.6123052835464478,1.0,0.43158048570038354,False
1990-11-27,0.46039101481437683,0.46039101481437683,1.0,0.0,False
1990-11-28,0.5413720607757568,0.5413720607757568,1.0,0.4105509281706603,False
1990-11-29,0.593318521976471,0.593318521976471,1.0,0.4105509281706603,False
1990-11-30,0.580847978591919,0.580847978591919,1.0,0.4105509281706603,False
1990-12-03,0.4224708676338196,0.4224708676338196,1.0,0.0,False
1990-12-04,0.45046114921569824,0.45046114921569824,0.0,0.0,False
1990-12-05,0.5307719111442566,0.5307719111442566,1.0,0.4257202369454969,False
1990-12-06,0.5191918015480042,0.5191918015480042,1.0,0.0,False
1990-12-07,0.606589138507843,0.606589138507843,1.0,0.43363250191321223,False
1990-12-10,0.49110347032546997,0.49110347032546997,1.0,0.0,False
1990-12-11,0.5419721007347107,0.5419721007347107,1.0,0.38262317715896804,False
1990-12-12,0.4751248061656952,0.4751248061656952,1.0,0.0,False
1990-12-13,0.4879930317401886,0.4879930317401886,1.0,0.0,False
1990-12-14,0.4613840579986572,0.4613840579986572,1.0,0.0,False
1990-12-17,0.6020067930221558,0.6020067930221558,1.0,0.3999174497604217,False
1990-12-18,0.47063782811164856,0.47063782811164856,1.0,0.0,False
1990-12-19,0.45023491978645325,0.45023491978645325,1.0,0.0,False
1990-12-20,0.6390804052352905,0.6390804052352905,1.0,0.36429819913073264,False
1990-12-21,0.49431368708610535,0.49431368708610535,1.0,0.0,False
1990-12-24,0.5194493532180786,0.5194493532180786,1.0,0.0,False
1990-12-26,0.4303879141807556,0.4303879141807556,1.0,0.0,False
1990-12-27,0.39683523774147034,0.39683523774147034,1.0,0.0,False
1990-12-28,0.6455585956573486,0.6455585956573486,1.0,0.35114745354702226,False
1990-12-31,0.5939368009567261,0.5939368009567261,1.0,0.35114745354702226,False
1991-01-02,0.5290316343307495,0.5290316343307495,1.0,0.35114745354702226,False
1991-01-03,0.498782753944397,0.498782753944397,1.0,0.0,False
1991-01-04,0.5001932382583618,0.5001932382583618,0.0,0.0,False
1991-01-07,0.5735560059547424,0.5735560059547424,0.0,0.3890548699586536,False
1991-01-08,0.6109716296195984,0.6109716296195984,0.0,0.3890548699586536,False
1991-01-09,0.4927198588848114,0.4927198588848114,1.0,0.0,False
1991-01-10,0.48500120639801025,0.48500120639801025,1.0,0.0,False
1991-01-11,0.3842698037624359,0.3842698037624359,1.0,0.0,False
1991-01-14,0.3359476625919342,0.3359476625919342,1.0,0.0,False
1991-01-15,0.39267149567604065,0.39267149567604065,1.0,0.0,False
1991-01-16,0.6418008208274841,0.6418008208274841,1.0,0.36341613922635957,False
1991-01-17,0.6358844637870789,0.6358844637870789,1.0,0.36341613922635957,False
1991-01-18,0.546911895275116,0.546911895275116,1.0,0.36341613922635957,False
1991-01-21,0.5388371348381042,0.5388371348381042,1.0,0.36341613922635957,False
1991-01-22,0.5511738657951355,0.5511738657951355,1.0,0.36341613922635957,False
1991-01-23,0.4092813730239868,0.4092813730239868,1.0,0.0,False
1991-01-24,0.49924546480178833,0.49924546480178833,1.0,0.0,False
1991-01-25,0.49761131405830383,0.49761131405830383,1.0,0.0,False
1991-01-28,0.4589031934738159,0.4589031934738159,1.0,0.0,False
1991-01-29,0.4652356505393982,0.4652356505393982,1.0,0.0,False
1991-01-30,0.4465704560279846,0.4465704560279846,1.0,0.0,False
1991-01-31,0.4083534777164459,0.4083534777164459,1.0,0.0,False
1991-02-01,0.5508478879928589,0.5508478879928589,1.0,0.4360133931062918,False
1991-02-04,0.44116511940956116,0.44116511940956116,1.0,0.0,False
1991-02-05,0.4454300105571747,0.4454300105571747,1.0,0.0,False
1991-02-06,0.39404425024986267,0.39404425024986267,1.0,0.0,False
1991-02-07,0.5922887325286865,0.5922887325286865,1.0,0.43755262643645376,False
1991-02-08,0.44221919775009155,0.44221919775009155,1.0,0.0,False
1991-02-11,0.4341384768486023,0.4341384768486023,1.0,0.0,False
1991-02-12,0.5513951182365417,0.5513951182365417,1.0,0.4146200914827436,False
1991-02-13,0.38326504826545715,0.38326504826545715,0.0,0.0,False
1991-02-14,0.466429203748703,0.466429203748703,0.0,0.0,False
1991-02-15,0.5486584305763245,0.5486584305763245,0.0,0.43147800786565416,False
1991-02-19,0.37867140769958496,0.37867140769958496,1.0,0.0,False
1991-02-20,0.3789156675338745,0.3789156675338745,1.0,0.0,False
1991-02-21,0.6366377472877502,0.6366377472877502,1.0,0.3770046481696767,False
1991-02-22,0.5175973176956177,0.5175973176956177,1.0,0.0,False
1991-02-25,0.4391115605831146,0.4391115605831146,1.0,0.0,False
1991-02-26,0.46652060747146606,0.46652060747146606,0.0,0.0,False
1991-02-27,0.518378734588623,0.518378734588623,0.0,0.0,False
1991-02-28,0.5641624331474304,0.5641624331474304,0.0,0.3788489583035734,False
1991-03-01,0.5628600716590881,0.5628600716590881,0.0,0.3788489583035734,False
1991-03-04,0.48148074746131897,0.48148074746131897,0.0,0.0,False
1991-03-05,0.632196843624115,0.632196843624115,1.0,0.3107620191950518,False
1991-03-06,0.5616926550865173,0.5616926550865173,1.0,0.3107620191950518,False
1991-03-07,0.5474545955657959,0.5474545955657959,1.0,0.3107620191950518,False
1991-03-08,0.5707581043243408,0.5707581043243408,1.0,0.3107620191950518,False
1991-03-11,0.6268782615661621,0.6268782615661621,1.0,0.3107620191950518,False
1991-03-12,0.6513086557388306,0.6513086557388306,1.0,0.3107620191950518,False
1991-03-13,0.5723724365234375,0.5723724365234375,1.0,0.3107620191950518,False
1991-03-14,0.5693708658218384,0.5693708658218384,1.0,0.3107620191950518,False
1991-03-15,0.5649943351745605,0.5649943351745605,1.0,0.3107620191950518,False
1991-03-18,0.5189932584762573,0.5189932584762573,1.0,0.0,False
1991-03-19,0.5802051424980164,0.5802051424980164,1.0,0.29804476114287554,False
1991-03-20,0.4924624264240265,0.4924624264240265,1.0,0.0,False
1991-03-21,0.5402624011039734,0.5402624011039734,1.0,0.28399386805678783,False
1991-03-22,0.46712133288383484,0.46712133288383484,1.0,0.0,False
1991-03-25,0.5231032967567444,0.5231032967567444,1.0,0.28560896684017906,False
1991-03-26,0.6028192043304443,0.6028192043304443,1.0,0.28560896684017906,False
1991-03-27,0.612724244594574,0.612724244594574,1.0,0.28560896684017906,False
1991-03-28,0.618801474571228,0.618801474571228,1.0,0.28560896684017906,False
1991-04-01,0.5924566388130188,0.5924566388130188,1.0,0.28560896684017906,False
1991-04-02,0.5381535887718201,0.5381535887718201,1.0,0.28560896684017906,False
1991-04-03,0.5430193543434143,0.5430193543434143,1.0,0.28560896684017906,False
1991-04-04,0.5479397773742676,0.5479397773742676,1.0,0.28560896684017906,False
1991-04-05,0.6354326605796814,0.6354326605796814,1.0,0.28560896684017906,False
1991-04-08,0.52486652135849,0.52486652135849,1.0,0.28560896684017906,False
1991-04-09,0.4699217975139618,0.4699217975139618,1.0,0.0,False
1991-04-10,0.46484994888305664,0.46484994888305664,1.0,0.0,False
1991-04-11,0.6374910473823547,0.6374910473823547,1.0,0.26492754186935036,False
1991-04-12,0.40953004360198975,0.40953004360198975,1.0,0.0,False
1991-04-15,0.6784439086914062,0.6784439086914062,2.0,0.20194907156138597,False
1991-04-16,0.683595597743988,0.683595597743988,2.0,0.20194907156138597,False
1991-04-17,0.6569932699203491,0.6569932699203491,2.0,0.20194907156138597,False
1991-04-18,0.7369975447654724,0.7369975447654724,2.0,0.20194907156138597,False
1991-04-19,0.6621366739273071,0.6621366739273071,2.0,0.20194907156138597,False
1991-04-22,0.5441701412200928,0.5441701412200928,2.0,0.20194907156138597,False
1991-04-23,0.554349958896637,0.554349958896637,2.0,0.20194907156138597,False
1991-04-24,0.413565069437027,0.413565069437027,0.0,0.0,False
1991-04-25,0.5508492588996887,0.5508492588996887,0.0,0.22331055494429272,False
1991-04-26,0.4396076500415802,0.4396076500415802,0.0,0.0,False
1991-04-29,0.4345528781414032,0.4345528781414032,0.0,0.0,False
1991-04-30,0.5276957154273987,0.5276957154273987,0.0,0.23525401467067428,False
1991-05-01,0.6216978430747986,0.6216978430747986,2.0,0.23525401467067428,False
1991-05-02,0.5316811203956604,0.5316811203956604,2.0,0.23525401467067428,False
1991-05-03,0.4889258146286011,0.4889258146286011,2.0,0.0,False
1991-05-06,0.5053130984306335,0.5053130984306335,2.0,0.0,False
1991-05-07,0.46330684423446655,0.46330684423446655,2.0,0.0,False
1991-05-08,0.21544930338859558,0.21544930338859558,2.0,0.0,False
1991-05-09,0.36627644300460815,0.36627644300460815,2.0,0.0,False
1991-05-10,0.35196933150291443,0.35196933150291443,2.0,0.0,False
1991-05-13,0.35903412103652954,0.35903412103652954,0.0,0.0,False
1991-05-14,0.39759352803230286,0.39759352803230286,0.0,0.0,False
1991-05-15,0.43169182538986206,0.43169182538986206,0.0,0.0,False
1991-05-16,0.4344160258769989,0.4344160258769989,0.0,0.0,False
1991-05-17,0.6432476043701172,0.6432476043701172,0.0,0.22759179498944698,False
1991-05-20,0.5432434678077698,0.5432434678077698,0.0,0.22759179498944698,False
1991-05-21,0.5090582370758057,0.5090582370758057,0.0,0.0,False
1991-05-22,0.5945038795471191,0.5945038795471191,0.0,0.22002918364445276,False
1991-05-23,0.5642394423484802,0.5642394423484802,0.0,0.22002918364445276,False
1991-05-24,0.537249743938446,0.537249743938446,0.0,0.22002918364445276,False
1991-05-28,0.4764137864112854,0.4764137864112854,0.0,0.0,False
1991-05-29,0.5287368297576904,0.5287368297576904,2.0,0.2231922795090215,False
1991-05-30,0.3811006546020508,0.3811006546020508,2.0,0.0,False
1991-05-31,0.4066578149795532,0.4066578149795532,0.0,0.0,False
1991-06-03,0.3818734586238861,0.3818734586238861,2.0,0.0,False
1991-06-04,0.31289300322532654,0.31289300322532654,0.0,0.0,False
1991-06-05,0.2717389762401581,0.2717389762401581,0.0,0.0,False
1991-06-06,0.32474443316459656,0.32474443316459656,0.0,0.0,False
1991-06-07,0.30849409103393555,0.30849409103393555,0.0,0.0,False
1991-06-10,0.363189697265625,0.363189697265625,0.0,0.0,False
1991-06-11,0.474135160446167,0.474135160446167,0.0,0.0,False
1991-06-12,0.43193721771240234,0.43193721771240234,0.0,0.0,False
1991-06-13,0.4605426788330078,0.4605426788330078,0.0,0.0,False
1991-06-14,0.40868520736694336,0.40868520736694336,0.0,0.0,False
1991-06-17,0.4818726181983948,0.4818726181983948,0.0,0.0,False
1991-06-18,0.47913306951522827,0.47913306951522827,0.0,0.0,False
1991-06-19,0.3404315412044525,0.3404315412044525,0.0,0.0,False
1991-06-20,0.35959771275520325,0.35959771275520325,0.0,0.0,False
1991-06-21,0.3692561686038971,0.3692561686038971,0.0,0.0,False
1991-06-24,0.37494155764579773,0.37494155764579773,0.0,0.0,False
1991-06-25,0.40874752402305603,0.40874752402305603,0.0,0.0,False
1991-06-26,0.30383360385894775,0.30383360385894775,0.0,0.0,False
1991-06-27,0.22407595813274384,0.22407595813274384,0.0,0.0,False
1991-06-28,0.23092018067836761,0.23092018067836761,0.0,0.0,False
1991-07-01,0.25250479578971863,0.25250479578971863,0.0,0.0,False
1991-07-02,0.2633882462978363,0.2633882462978363,0.0,0.0,False
1991-07-03,0.3625934422016144,0.3625934422016144,0.0,0.0,False
1991-07-05,0.48590514063835144,0.48590514063835144,0.0,0.0,False
1991-07-08,0.6018987894058228,0.6018987894058228,0.0,0.39671780590875433,False
1991-07-09,0.59525066614151,0.59525066614151,0.0,0.39671780590875433,False
1991-07-10,0.5153032541275024,0.5153032541275024,0.0,0.0,False
1991-07-11,0.3985571563243866,0.3985571563243866,0.0,0.0,False
1991-07-12,0.5208138227462769,0.5208138227462769,0.0,0.4951188655192596,False
1991-07-15,0.5393522381782532,0.5393522381782532,0.0,0.4951188655192596,False
1991-07-16,0.6392342448234558,0.6392342448234558,0.0,0.4951188655192596,False
1991-07-17,0.39294254779815674,0.39294254779815674,0.0,0.0,False
1991-07-18,0.5355215668678284,0.5355215668678284,0.0,0.3725262595963036,False
1991-07-19,0.4490079879760742,0.4490079879760742,1.0,0.0,False
1991-07-22,0.45808809995651245,0.45808809995651245,1.0,0.0,False
1991-07-23,0.5632278919219971,0.5632278919219971,1.0,0.3581195520257071,False
1991-07-24,0.6413795351982117,0.6413795351982117,0.0,0.3581195520257071,False
1991-07-25,0.3733428120613098,0.3733428120613098,0.0,0.0,False
1991-07-26,0.32212868332862854,0.32212868332862854,0.0,0.0,False
1991-07-29,0.3400338888168335,0.3400338888168335,1.0,0.0,False
1991-07-30,0.4175751209259033,0.4175751209259033,1.0,0.0,False
1991-07-31,0.4345859885215759,0.4345859885215759,1.0,0.0,False
1991-08-01,0.6920329928398132,0.6920329928398132,1.0,0.33515689775063784,False
1991-08-02,0.5456557273864746,0.5456557273864746,1.0,0.33515689775063784,False
1991-08-05,0.6539613604545593,0.6539613604545593,0.0,0.33515689775063784,False
1991-08-06,0.5222939252853394,0.5222939252853394,0.0,0.33515689775063784,False
1991-08-07,0.5793552994728088,0.5793552994728088,0.0,0.33515689775063784,False
1991-08-08,0.5408591032028198,0.5408591032028198,1.0,0.33515689775063784,False
1991-08-09,0.5111802816390991,0.5111802816390991,1.0,0.0,False
1991-08-12,0.5248590707778931,0.5248590707778931,1.0,0.366249509941667,False
1991-08-13,0.4798777103424072,0.4798777103424072,1.0,0.0,False
1991-08-14,0.5420775413513184,0.5420775413513184,1.0,0.4194725183928259,False
1991-08-15,0.6875063180923462,0.6875063180923462,1.0,0.4194725183928259,False
1991-08-16,0.6249228119850159,0.6249228119850159,1.0,0.4194725183928259,False
1991-08-19,0.6940176486968994,0.6940176486968994,1.0,0.4194725183928259,False
1991-08-20,0.6584733724594116,0.6584733724594116,1.0,0.4194725183928259,False
1991-08-21,0.5837696194648743,0.5837696194648743,1.0,0.4194725183928259,False
1991-08-22,0.4433273375034332,0.4433273375034332,1.0,0.0,False
1991-08-23,0.611512303352356,0.611512303352356,1.0,0.34634449003469714,False
1991-08-26,0.5578123927116394,0.5578123927116394,1.0,0.34634449003469714,False
1991-08-27,0.4964859187602997,0.4964859187602997,1.0,0.0,False
1991-08-28,0.6184768676757812,0.6184768676757812,1.0,0.3431909161718806,False
1991-08-29,0.6473292708396912,0.6473292708396912,1.0,0.3431909161718806,False
1991-08-30,0.5639410018920898,0.5639410018920898,1.0,0.3431909161718806,False
1991-09-03,0.6068679094314575,0.6068679094314575,1.0,0.3431909161718806,False
1991-09-04,0.5733792781829834,0.5733792781829834,0.0,0.3431909161718806,False
1991-09-05,0.6501029133796692,0.6501029133796692,0.0,0.3431909161718806,False
1991-09-06,0.6519381403923035,0.6519381403923035,0.0,0.3431909161718806,False
1991-09-09,0.5160122513771057,0.5160122513771057,1.0,0.0,False
1991-09-10,0.6502447128295898,0.6502447128295898,0.0,0.3415619697367919,False
1991-09-11,0.5988236665725708,0.5988236665725708,0.0,0.3415619697367919,False
1991-09-12,0.5686257481575012,0.5686257481575012,0.0,0.3415619697367919,False
1991-09-13,0.556407630443573,0.556407630443573,0.0,0.3415619697367919,False
1991-09-16,0.42234092950820923,0.42234092950820923,0.0,0.0,False
1991-09-17,0.617142379283905,0.617142379283905,0.0,0.35847517286631053,False
1991-09-18,0.5403700470924377,0.5403700470924377,0.0,0.35847517286631053,False
1991-09-19,0.41589707136154175,0.41589707136154175,0.0,0.0,False
1991-09-20,0.502949059009552,0.502949059009552,0.0,0.0,False
1991-09-23,0.49306225776672363,0.49306225776672363,0.0,0.0,False
1991-09-24,0.42064809799194336,0.42064809799194336,0.0,0.0,False
1991-09-25,0.41515448689460754,0.41515448689460754,0.0,0.0,False
1991-09-26,0.34268710017204285,0.34268710017204285,0.0,0.0,False
1991-09-27,0.3087085783481598,0.3087085783481598,0.0,0.0,False
1991-09-30,0.3340648412704468,0.3340648412704468,0.0,0.0,False
1991-10-01,0.4411289095878601,0.4411289095878601,0.0,0.0,False
1991-10-02,0.3237254023551941,0.3237254023551941,0.0,0.0,False
1991-10-03,0.5930924415588379,0.5930924415588379,0.0,0.35850295395527687,False
1991-10-04,0.45148950815200806,0.45148950815200806,0.0,0.0,False
1991-10-07,0.44794854521751404,0.44794854521751404,0.0,0.0,False
1991-10-08,0.5775462985038757,0.5775462985038757,0.0,0.44042665250556123,False
1991-10-09,0.545353889465332,0.545353889465332,0.0,0.44042665250556123,False
1991-10-10,0.4689392149448395,0.4689392149448395,0.0,0.0,False
1991-10-11,0.4041544497013092,0.4041544497013092,0.0,0.0,False
1991-10-14,0.3926226794719696,0.3926226794719696,0.0,0.0,False
1991-10-15,0.6879252195358276,0.6879252195358276,0.0,0.44379863500345823,False
1991-10-16,0.5565449595451355,0.5565449595451355,0.0,0.44379863500345823,False
1991-10-17,0.6235036253929138,0.6235036253929138,0.0,0.44379863500345823,False
1991-10-18,0.6569591760635376,0.6569591760635376,1.0,0.44379863500345823,False
1991-10-21,0.35660427808761597,0.35660427808761597,1.0,0.0,False
1991-10-22,0.612761378288269,0.612761378288269,1.0,0.40679497914803747,False
1991-10-23,0.7083666920661926,0.7083666920661926,0.0,0.40679497914803747,False
1991-10-24,0.6502594947814941,0.6502594947814941,0.0,0.40679497914803747,False
1991-10-25,0.4682029187679291,0.4682029187679291,0.0,0.0,False
1991-10-28,0.46277710795402527,0.46277710795402527,0.0,0.0,False
1991-10-29,0.5158097743988037,0.5158097743988037,0.0,0.0,False
1991-10-30,0.42476657032966614,0.42476657032966614,0.0,0.0,False
1991-10-31,0.48471343517303467,0.48471343517303467,1.0,0.0,False
1991-11-01,0.44138580560684204,0.44138580560684204,0.0,0.0,False
1991-11-04,0.4275382459163666,0.4275382459163666,0.0,0.0,False
1991-11-05,0.459099143743515,0.459099143743515,0.0,0.0,False
1991-11-06,0.47289660573005676,0.47289660573005676,0.0,0.0,False
1991-11-07,0.5660720467567444,0.5660720467567444,0.0,0.3508647489430564,False
1991-11-08,0.4795408546924591,0.4795408546924591,1.0,0.0,False
1991-11-11,0.4872851073741913,0.4872851073741913,1.0,0.0,False
1991-11-12,0.6412253975868225,0.6412253975868225,1.0,0.3340113846948661,False
1991-11-13,0.644771158695221,0.644771158695221,0.0,0.3340113846948661,False
1991-11-14,0.5909203886985779,0.5909203886985779,1.0,0.3340113846948661,False
1991-11-15,0.6236286759376526,0.6236286759376526,0.0,0.3340113846948661,False
1991-11-18,0.5862281918525696,0.5862281918525696,0.0,0.3340113846948661,False
1991-11-19,0.390403151512146,0.390403151512146,0.0,0.0,False
1991-11-20,0.31933727860450745,0.31933727860450745,0.0,0.0,False
1991-11-21,0.3964391052722931,0.3964391052722931,0.0,0.0,False
1991-11-22,0.3511231243610382,0.3511231243610382,0.0,0.0,False
1991-11-25,0.38344788551330566,0.38344788551330566,0.0,0.0,False
1991-11-26,0.43537911772727966,0.43537911772727966,0.0,0.0,False
1991-11-27,0.377098947763443,0.377098947763443,0.0,0.0,False
1991-11-29,0.41259387135505676,0.41259387135505676,0.0,0.0,False
1991-12-02,0.4067484438419342,0.4067484438419342,0.0,0.0,False
1991-12-03,0.3683263063430786,0.3683263063430786,0.0,0.0,False
1991-12-04,0.4468388855457306,0.4468388855457306,0.0,0.0,False
1991-12-05,0.47131332755088806,0.47131332755088806,0.0,0.0,False
1991-12-06,0.4283115267753601,0.4283115267753601,0.0,0.0,False
1991-12-09,0.37745076417922974,0.37745076417922974,0.0,0.0,False
1991-12-10,0.40050992369651794,0.40050992369651794,0.0,0.0,False
1991-12-11,0.3826686143875122,0.3826686143875122,0.0,0.0,False
1991-12-12,0.4859711229801178,0.4859711229801178,0.0,0.0,False
1991-12-13,0.4006243050098419,0.4006243050098419,0.0,0.0,False
1991-12-16,0.4512723982334137,0.4512723982334137,0.0,0.0,False
1991-12-17,0.3544290363788605,0.3544290363788605,0.0,0.0,False
1991-12-18,0.5620329976081848,0.5620329976081848,0.0,0.7148441855120348,False
1991-12-19,0.5446480512619019,0.5446480512619019,0.0,0.7148441855120348,False
1991-12-20,0.5901034474372864,0.5901034474372864,0.0,0.7148441855120348,False
1991-12-23,0.5126765370368958,0.5126765370368958,0.0,0.0,False
1991-12-24,0.750594437122345,0.750594437122345,0.0,0.6304269573081529,False
1991-12-26,0.35033687949180603,0.35033687949180603,0.0,0.0,False
1991-12-27,0.4511430561542511,0.4511430561542511,0.0,0.0,False
1991-12-30,0.5024888515472412,0.5024888515472412,0.0,0.0,False
1991-12-31,0.48585808277130127,0.48585808277130127,0.0,0.0,False
1992-01-02,0.4555400609970093,0.4555400609970093,1.0,0.0,False
1992-01-03,0.45020371675491333,0.45020371675491333,1.0,0.0,False
1992-01-06,0.4246952533721924,0.4246952533721924,1.0,0.0,False
1992-01-07,0.40790897607803345,0.40790897607803345,1.0,0.0,False
1992-01-08,0.3732340335845947,0.3732340335845947,1.0,0.0,False
1992-01-09,0.415585994720459,0.415585994720459,1.0,0.0,False
1992-01-10,0.40665578842163086,0.40665578842163086,1.0,0.0,False
1992-01-13,0.5952682495117188,0.5952682495117188,1.0,0.44942281832619163,False
1992-01-14,0.6147415041923523,0.6147415041923523,1.0,0.44942281832619163,False
1992-01-15,0.6854918003082275,0.6854918003082275,1.0,0.44942281832619163,False
1992-01-16,0.6256257891654968,0.6256257891654968,1.0,0.44942281832619163,False
1992-01-17,0.6000227332115173,0.6000227332115173,1.0,0.44942281832619163,False
1992-01-20,0.6187801957130432,0.6187801957130432,1.0,0.44942281832619163,False
1992-01-21,0.6301738023757935,0.6301738023757935,1.0,0.44942281832619163,False
1992-01-22,0.5641652345657349,0.5641652345657349,1.0,0.44942281832619163,False
1992-01-23,0.5451603531837463,0.5451603531837463,1.0,0.44942281832619163,False
1992-01-24,0.5865864157676697,0.5865864157676697,1.0,0.44942281832619163,False
1992-01-27,0.5657697916030884,0.5657697916030884,1.0,0.44942281832619163,False
1992-01-28,0.5536352396011353,0.5536352396011353,1.0,0.44942281832619163,False
1992-01-29,0.6340079307556152,0.6340079307556152,1.0,0.44942281832619163,False
1992-01-30,0.5986078381538391,0.5986078381538391,0.0,0.44942281832619163,False
1992-01-31,0.5339281558990479,0.5339281558990479,0.0,0.44942281832619163,False
1992-02-03,0.46441563963890076,0.46441563963890076,1.0,0.0,False
1992-02-04,0.5157146453857422,0.5157146453857422,0.0,0.0,False
1992-02-05,0.5338371396064758,0.5338371396064758,0.0,0.4339633317593796,False
1992-02-06,0.5912754535675049,0.5912754535675049,0.0,0.4339633317593796,False
1992-02-07,0.6591722965240479,0.6591722965240479,0.0,0.4339633317593796,False
1992-02-10,0.5316469073295593,0.5316469073295593,0.0,0.4339633317593796,False
1992-02-11,0.5801686644554138,0.5801686644554138,0.0,0.4339633317593796,False
1992-02-12,0.6126564741134644,0.6126564741134644,0.0,0.4339633317593796,False
1992-02-13,0.5052103400230408,0.5052103400230408,0.0,0.0,False
1992-02-14,0.5572828650474548,0.5572828650474548,0.0,0.4506375600212583,False
1992-02-18,0.5386398434638977,0.5386398434638977,0.0,0.4506375600212583,False
1992-02-19,0.5594004392623901,0.5594004392623901,0.0,0.4506375600212583,False
1992-02-20,0.6116161346435547,0.6116161346435547,0.0,0.4506375600212583,False
1992-02-21,0.5954747796058655,0.5954747796058655,0.0,0.4506375600212583,False
1992-02-24,0.5227006077766418,0.5227006077766418,0.0,0.4506375600212583,False
1992-02-25,0.5758344531059265,0.5758344531059265,0.0,0.4506375600212583,False
1992-02-26,0.6288476586341858,0.6288476586341858,0.0,0.4506375600212583,False
1992-02-27,0.5130420327186584,0.5130420327186584,0.0,0.0,False
1992-02-28,0.5202115774154663,0.5202115774154663,0.0,0.4570106221662842,False
1992-03-02,0.583064079284668,0.583064079284668,0.0,0.4570106221662842,False
1992-03-03,0.5627597570419312,0.5627597570419312,0.0,0.4570106221662842,False
1992-03-04,0.44400572776794434,0.44400572776794434,0.0,0.0,False
1992-03-05,0.48787128925323486,0.48787128925323486,0.0,0.0,False
1992-03-06,0.5976859331130981,0.5976859331130981,0.0,0.4577599422839531,False
1992-03-09,0.6129414439201355,0.6129414439201355,0.0,0.4577599422839531,False
1992-03-10,0.633123517036438,0.633123517036438,0.0,0.4577599422839531,False
1992-03-11,0.6399720311164856,0.6399720311164856,0.0,0.4577599422839531,False
1992-03-12,0.5836382508277893,0.5836382508277893,0.0,0.4577599422839531,False
1992-03-13,0.5216588377952576,0.5216588377952576,0.0,0.4577599422839531,False
1992-03-16,0.4123668372631073,0.4123668372631073,0.0,0.0,False
1992-03-17,0.4695560336112976,0.4695560336112976,0.0,0.0,False
1992-03-18,0.4040263593196869,0.4040263593196869,0.0,0.0,False
1992-03-19,0.4340898394584656,0.4340898394584656,0.0,0.0,False
1992-03-20,0.18198874592781067,0.18198874592781067,0.0,0.0,False
1992-03-23,0.2866821587085724,0.2866821587085724,0.0,0.0,False
1992-03-24,0.5149534940719604,0.5149534940719604,0.0,0.0,False
1992-03-25,0.4347213804721832,0.4347213804721832,0.0,0.0,False
1992-03-26,0.528864324092865,0.528864324092865,0.0,0.7592391746978908,False
1992-03-27,0.6187350153923035,0.6187350153923035,0.0,0.6033055652289728,False
1992-03-30,0.43938130140304565,0.43938130140304565,0.0,0.0,False
1992-03-31,0.5390327572822571,0.5390327572822571,0.0,0.5154478461931004,False
1992-04-01,0.4152500331401825,0.4152500331401825,0.0,0.0,False
1992-04-02,0.39003798365592957,0.39003798365592957,0.0,0.0,False
1992-04-03,0.48414701223373413,0.48414701223373413,0.0,0.0,False
1992-04-06,0.4641948342323303,0.4641948342323303,0.0,0.0,False
1992-04-07,0.48919910192489624,0.48919910192489624,0.0,0.0,False
1992-04-08,0.4640307128429413,0.4640307128429413,0.0,0.0,False
1992-04-09,0.4668847620487213,0.4668847620487213,0.0,0.0,False
1992-04-10,0.5230258703231812,0.5230258703231812,0.0,0.3797938273195641,False
1992-04-13,0.4406774938106537,0.4406774938106537,0.0,0.0,False
1992-04-14,0.404872328042984,0.404872328042984,0.0,0.0,False
1992-04-15,0.5182480812072754,0.5182480812072754,0.0,0.0,False
1992-04-16,0.4915827512741089,0.4915827512741089,0.0,0.0,False
1992-04-20,0.5714490413665771,0.5714490413665771,0.0,0.3211112845512247,False
1992-04-21,0.5740903615951538,0.5740903615951538,0.0,0.3211112845512247,False
1992-04-22,0.3810611963272095,0.3810611963272095,0.0,0.0,False
1992-04-23,0.33171141147613525,0.33171141147613525,0.0,0.0,False
1992-04-24,0.27902624011039734,0.27902624011039734,0.0,0.0,False
1992-04-27,0.27618739008903503,0.27618739008903503,0.0,0.0,False
1992-04-28,0.36944812536239624,0.36944812536239624,0.0,0.0,False
1992-04-29,0.526484489440918,0.526484489440918,0.0,0.32855983339433303,False
1992-04-30,0.5876200199127197,0.5876200199127197,0.0,0.32855983339433303,False
1992-05-01,0.43998897075653076,0.43998897075653076,0.0,0.0,False
1992-05-04,0.5464925169944763,0.5464925169944763,0.0,0.2978312369253296,False
1992-05-05,0.4332684874534607,0.4332684874534607,0.0,0.0,False
1992-05-06,0.5489147901535034,0.5489147901535034,1.0,0.3355604500448586,False
1992-05-07,0.4665672779083252,0.4665672779083252,1.0,0.0,False
1992-05-08,0.534946084022522,0.534946084022522,1.0,0.34161324861816217,False
1992-05-11,0.5145473480224609,0.5145473480224609,1.0,0.0,False
1992-05-12,0.4460691213607788,0.4460691213607788,1.0,0.0,False
1992-05-13,0.48828038573265076,0.48828038573265076,0.0,0.0,False
1992-05-14,0.48219558596611023,0.48219558596611023,0.0,0.0,False
1992-05-15,0.49768075346946716,0.49768075346946716,0.0,0.0,False
1992-05-18,0.5233194231987,0.5233194231987,0.0,0.41995718396971726,False
1992-05-19,0.4631178379058838,0.4631178379058838,0.0,0.0,False
1992-05-20,0.6218851804733276,0.6218851804733276,0.0,0.42369202060323596,False
1992-05-21,0.4422231912612915,0.4422231912612915,0.0,0.0,False
1992-05-22,0.3510175049304962,0.3510175049304962,0.0,0.0,False
1992-05-26,0.3991827070713043,0.3991827070713043,0.0,0.0,False
1992-05-27,0.38028794527053833,0.38028794527053833,1.0,0.0,False
1992-05-28,0.45834097266197205,0.45834097266197205,0.0,0.0,False
1992-05-29,0.5351607203483582,0.5351607203483582,0.0,0.6856452667511959,False
1992-06-01,0.6516299247741699,0.6516299247741699,0.0,0.6856452667511959,False
1992-06-02,0.5903790593147278,0.5903790593147278,0.0,0.6856452667511959,False
1992-06-03,0.5955590009689331,0.5955590009689331,0.0,0.5438901458725333,False
1992-06-04,0.5371490120887756,0.5371490120887756,0.0,0.5438901458725333,False
1992-06-05,0.3485211730003357,0.3485211730003357,0.0,0.0,False
1992-06-08,0.4841236472129822,0.4841236472129822,0.0,0.0,False
1992-06-09,0.47069448232650757,0.47069448232650757,0.0,0.0,False
1992-06-10,0.47087252140045166,0.47087252140045166,0.0,0.0,False
1992-06-11,0.5092269778251648,0.5092269778251648,0.0,0.0,False
1992-06-12,0.47692379355430603,0.47692379355430603,0.0,0.0,False
1992-06-15,0.6173771023750305,0.6173771023750305,0.0,0.5629024255203265,False
1992-06-16,0.4999901056289673,0.4999901056289673,0.0,0.0,False
1992-06-17,0.53248530626297,0.53248530626297,0.0,0.43296109965177376,False
1992-06-18,0.6671162843704224,0.6671162843704224,0.0,0.43296109965177376,False
1992-06-19,0.7209841012954712,0.7209841012954712,0.0,0.43296109965177376,False
1992-06-22,0.7626851797103882,0.7626851797103882,0.0,0.43296109965177376,False
1992-06-23,0.6176738142967224,0.6176738142967224,0.0,0.43296109965177376,False
1992-06-24,0.5044023394584656,0.5044023394584656,0.0,0.0,False
1992-06-25,0.4057597517967224,0.4057597517967224,0.0,0.0,False
1992-06-26,0.2940045893192291,0.2940045893192291,0.0,0.0,False
1992-06-29,0.2319057285785675,0.2319057285785675,0.0,0.0,False
1992-06-30,0.2791305482387543,0.2791305482387543,0.0,0.0,False
1992-07-01,0.2615755498409271,0.2615755498409271,0.0,0.0,False
1992-07-02,0.3586339056491852,0.3586339056491852,0.0,0.0,False
1992-07-06,0.2695927321910858,0.2695927321910858,0.0,0.0,False
1992-07-07,0.4447736144065857,0.4447736144065857,0.0,0.0,False
1992-07-08,0.3576502501964569,0.3576502501964569,0.0,0.0,False
1992-07-09,0.424879789352417,0.424879789352417,0.0,0.0,False
1992-07-10,0.3358883857727051,0.3358883857727051,0.0,0.0,False
1992-07-13,0.2986185848712921,0.2986185848712921,0.0,0.0,False
1992-07-14,0.34626466035842896,0.34626466035842896,0.0,0.0,False
1992-07-15,0.33159977197647095,0.33159977197647095,0.0,0.0,False
1992-07-16,0.382497102022171,0.382497102022171,0.0,0.0,False
1992-07-17,0.5173422694206238,0.5173422694206238,0.0,0.0,False
1992-07-20,0.554864227771759,0.554864227771759,0.0,0.3193431307209416,False
1992-07-21,0.46785393357276917,0.46785393357276917,2.0,0.0,False
1992-07-22,0.5860071778297424,0.5860071778297424,0.0,0.3107441576902897,False
1992-07-23,0.5420575737953186,0.5420575737953186,0.0,0.3107441576902897,False
1992-07-24,0.31504344940185547,0.31504344940185547,0.0,0.0,False
1992-07-27,0.4451509416103363,0.4451509416103363,0.0,0.0,False
1992-07-28,0.4559144079685211,0.4559144079685211,0.0,0.0,False
1992-07-29,0.42075932025909424,0.42075932025909424,0.0,0.0,False
1992-07-30,0.4805392920970917,0.4805392920970917,0.0,0.0,False
1992-07-31,0.39386558532714844,0.39386558532714844,0.0,0.0,False
1992-08-03,0.31840386986732483,0.31840386986732483,0.0,0.0,False
1992-08-04,0.4566512107849121,0.4566512107849121,0.0,0.0,False
1992-08-05,0.431776762008667,0.431776762008667,0.0,0.0,False
1992-08-06,0.4406788647174835,0.4406788647174835,0.0,0.0,False
1992-08-07,0.4992649555206299,0.4992649555206299,0.0,0.0,False
1992-08-10,0.5007330179214478,0.5007330179214478,0.0,0.0,False
1992-08-11,0.48132947087287903,0.48132947087287903,0.0,0.0,False
1992-08-12,0.4912184476852417,0.4912184476852417,0.0,0.0,False
1992-08-13,0.4975619614124298,0.4975619614124298,0.0,0.0,False
1992-08-14,0.5443998575210571,0.5443998575210571,0.0,0.5392562101381532,False
1992-08-17,0.580685555934906,0.580685555934906,0.0,0.5392562101381532,False
1992-08-18,0.47066807746887207,0.47066807746887207,0.0,0.0,False
1992-08-19,0.4455828070640564,0.4455828070640564,0.0,0.0,False
1992-08-20,0.5051057934761047,0.5051057934761047,0.0,0.0,False
1992-08-21,0.5155314803123474,0.5155314803123474,0.0,0.0,False
1992-08-24,0.6751121282577515,0.6751121282577515,0.0,0.6333175789009415,False
1992-08-25,0.3615681827068329,0.3615681827068329,0.0,0.0,False
1992-08-26,0.31085333228111267,0.31085333228111267,0.0,0.0,False
1992-08-27,0.3452286720275879,0.3452286720275879,0.0,0.0,False
1992-08-28,0.3781088590621948,0.3781088590621948,0.0,0.0,False
1992-08-31,0.6053587198257446,0.6053587198257446,0.0,0.647244372380303,False
1992-09-01,0.5042163729667664,0.5042163729667664,0.0,0.0,False
1992-09-02,0.5911030173301697,0.5911030173301697,0.0,0.5630296535691282,False
1992-09-03,0.5837920308113098,0.5837920308113098,0.0,0.5630296535691282,False
1992-09-04,0.4695605933666229,0.4695605933666229,0.0,0.0,False
1992-09-08,0.45284971594810486,0.45284971594810486,0.0,0.0,False
1992-09-09,0.5180463194847107,0.5180463194847107,0.0,0.0,False
1992-09-10,0.6265029907226562,0.6265029907226562,0.0,0.5802272249914642,False
1992-09-11,0.5500640273094177,0.5500640273094177,0.0,0.5802272249914642,False
1992-09-14,0.46291854977607727,0.46291854977607727,1.0,0.0,False
1992-09-15,0.5137243270874023,0.5137243270874023,0.0,0.0,False
1992-09-16,0.5373830199241638,0.5373830199241638,0.0,0.4271006166196941,False
1992-09-17,0.5592184066772461,0.5592184066772461,0.0,0.4271006166196941,False
1992-09-18,0.4673398435115814,0.4673398435115814,0.0,0.0,False
1992-09-21,0.5190805792808533,0.5190805792808533,0.0,0.0,False
1992-09-22,0.4928934574127197,0.4928934574127197,0.0,0.0,False
1992-09-23,0.514740526676178,0.514740526676178,0.0,0.0,False
1992-09-24,0.5162838697433472,0.5162838697433472,0.0,0.0,False
1992-09-25,0.6067339777946472,0.6067339777946472,0.0,0.3941591087956863,False
1992-09-28,0.6320300102233887,0.6320300102233887,0.0,0.3941591087956863,False
1992-09-29,0.6279236674308777,0.6279236674308777,0.0,0.3941591087956863,False
1992-09-30,0.5559113621711731,0.5559113621711731,0.0,0.3941591087956863,False
1992-10-01,0.6049116849899292,0.6049116849899292,0.0,0.3941591087956863,False
1992-10-02,0.6305047273635864,0.6305047273635864,0.0,0.3941591087956863,False
1992-10-05,0.509074330329895,0.509074330329895,0.0,0.0,False
1992-10-06,0.39324694871902466,0.39324694871902466,0.0,0.0,False
1992-10-07,0.4172990024089813,0.4172990024089813,0.0,0.0,False
1992-10-08,0.42416948080062866,0.42416948080062866,0.0,0.0,False
1992-10-09,0.30502158403396606,0.30502158403396606,0.0,0.0,False
1992-10-12,0.3917318284511566,0.3917318284511566,0.0,0.0,False
1992-10-13,0.451471209526062,0.451471209526062,0.0,0.0,False
1992-10-14,0.45584210753440857,0.45584210753440857,0.0,0.0,False
1992-10-15,0.5515284538269043,0.5515284538269043,0.0,0.5109080509216,False
1992-10-16,0.6524226069450378,0.6524226069450378,0.0,0.37395915099009136,False
1992-10-19,0.4573078453540802,0.4573078453540802,0.0,0.0,False
1992-10-20,0.4979430139064789,0.4979430139064789,1.0,0.0,False
1992-10-21,0.5662972927093506,0.5662972927093506,0.0,0.3979525567358375,False
1992-10-22,0.4362623691558838,0.4362623691558838,0.0,0.0,False
1992-10-23,0.5200207233428955,0.5200207233428955,0.0,0.4215760331766666,False
1992-10-26,0.6229498386383057,0.6229498386383057,1.0,0.4215760331766666,False
1992-10-27,0.5800093412399292,0.5800093412399292,1.0,0.4215760331766666,False
1992-10-28,0.5190484523773193,0.5190484523773193,1.0,0.0,False
1992-10-29,0.5132153630256653,0.5132153630256653,1.0,0.0,False
1992-10-30,0.5651697516441345,0.5651697516441345,1.0,0.38947724503675585,False
1992-11-02,0.5272720456123352,0.5272720456123352,1.0,0.38947724503675585,False
1992-11-03,0.6029929518699646,0.6029929518699646,1.0,0.38947724503675585,False
1992-11-04,0.6100853085517883,0.6100853085517883,1.0,0.38947724503675585,False
1992-11-05,0.5787506103515625,0.5787506103515625,1.0,0.38947724503675585,False
1992-11-06,0.5674042105674744,0.5674042105674744,1.0,0.38947724503675585,False
1992-11-09,0.4884266257286072,0.4884266257286072,1.0,0.0,False
1992-11-10,0.4575895369052887,0.4575895369052887,1.0,0.0,False
1992-11-11,0.495685338973999,0.495685338973999,1.0,0.0,False
1992-11-12,0.5383691787719727,0.5383691787719727,1.0,0.40155115844054207,False
1992-11-13,0.5190742015838623,0.5190742015838623,1.0,0.0,False
1992-11-16,0.4798903465270996,0.4798903465270996,0.0,0.0,False
1992-11-17,0.5723580121994019,0.5723580121994019,0.0,0.4499610395695313,False
1992-11-18,0.5689788460731506,0.5689788460731506,1.0,0.4499610395695313,False
1992-11-19,0.4854157865047455,0.4854157865047455,1.0,0.0,False
1992-11-20,0.5472249388694763,0.5472249388694763,1.0,0.41674744422813664,False
1992-11-23,0.4853794276714325,0.4853794276714325,0.0,0.0,False
1992-11-24,0.45018312335014343,0.45018312335014343,0.0,0.0,False
1992-11-25,0.506040096282959,0.506040096282959,0.0,0.0,False
1992-11-27,0.5681146383285522,0.5681146383285522,0.0,0.46311887456395795,False
1992-11-30,0.46521303057670593,0.46521303057670593,0.0,0.0,False
1992-12-01,0.3774557411670685,0.3774557411670685,0.0,0.0,False
1992-12-02,0.45217087864875793,0.45217087864875793,0.0,0.0,False
1992-12-03,0.4631044864654541,0.4631044864654541,0.0,0.0,False
1992-12-04,0.6779738068580627,0.6779738068580627,0.0,0.5137733411998276,False
1992-12-07,0.6350109577178955,0.6350109577178955,0.0,0.5137733411998276,False
1992-12-08,0.5541437268257141,0.5541437268257141,0.0,0.5137733411998276,False
1992-12-09,0.6402831077575684,0.6402831077575684,0.0,0.5137733411998276,False
1992-12-10,0.6609137654304504,0.6609137654304504,0.0,0.5137733411998276,False
1992-12-11,0.6129555702209473,0.6129555702209473,0.0,0.5137733411998276,False
1992-12-14,0.6311819553375244,0.6311819553375244,0.0,0.5137733411998276,False
1992-12-15,0.5051093101501465,0.5051093101501465,0.0,0.0,False
1992-12-16,0.5009311437606812,0.5009311437606812,0.0,0.0,False
1992-12-17,0.5329328179359436,0.5329328179359436,0.0,0.6279160774249488,False
1992-12-18,0.5469712615013123,0.5469712615013123,0.0,0.6279160774249488,False
1992-12-21,0.5401338934898376,0.5401338934898376,0.0,0.6279160774249488,False
1992-12-22,0.4661024510860443,0.4661024510860443,0.0,0.0,False
1992-12-23,0.44468024373054504,0.44468024373054504,0.0,0.0,False
1992-12-24,0.44973474740982056,0.44973474740982056,0.0,0.0,False
1992-12-28,0.4162479341030121,0.4162479341030121,0.0,0.0,False
1992-12-29,0.5766980648040771,0.5766980648040771,0.0,0.5935027832196914,False
1992-12-30,0.5900363326072693,0.5900363326072693,0.0,0.5935027832196914,False
1992-12-31,0.5539721250534058,0.5539721250534058,0.0,0.5935027832196914,False
1993-01-04,0.5656329989433289,0.5656329989433289,0.0,0.5935027832196914,False
1993-01-05,0.5653806328773499,0.5653806328773499,0.0,0.5935027832196914,False
1993-01-06,0.47202903032302856,0.47202903032302856,0.0,0.0,False
1993-01-07,0.4887826442718506,0.4887826442718506,0.0,0.0,False
1993-01-08,0.5317137837409973,0.5317137837409973,0.0,0.47925949097695514,False
1993-01-11,0.5416021943092346,0.5416021943092346,0.0,0.47925949097695514,False
1993-01-12,0.6379290223121643,0.6379290223121643,0.0,0.47925949097695514,False
1993-01-13,0.5181795358657837,0.5181795358657837,0.0,0.0,False
1993-01-14,0.6402586698532104,0.6402586698532104,1.0,0.40192024176046687,False
1993-01-15,0.6245227456092834,0.6245227456092834,1.0,0.40192024176046687,False
1993-01-18,0.4178803861141205,0.4178803861141205,0.0,0.0,False
1993-01-19,0.5303111672401428,0.5303111672401428,0.0,0.33953008301328524,False
1993-01-20,0.5252386927604675,0.5252386927604675,0.0,0.33953008301328524,False
1993-01-21,0.49214160442352295,0.49214160442352295,0.0,0.0,False
1993-01-22,0.4809950888156891,0.4809950888156891,0.0,0.0,False
1993-01-25,0.5591272115707397,0.5591272115707397,0.0,0.35195886054503545,False
1993-01-26,0.5133654475212097,0.5133654475212097,0.0,0.0,False
1993-01-27,0.513092577457428,0.513092577457428,0.0,0.0,False
1993-01-28,0.5289196968078613,0.5289196968078613,0.0,0.35239815840155786,False
1993-01-29,0.5056837201118469,0.5056837201118469,0.0,0.0,False
1993-02-01,0.38370001316070557,0.38370001316070557,0.0,0.0,False
1993-02-02,0.4884302616119385,0.4884302616119385,0.0,0.0,False
1993-02-03,0.4972173273563385,0.4972173273563385,0.0,0.0,False
1993-02-04,0.5055000185966492,0.5055000185966492,0.0,0.0,False
1993-02-05,0.6624863743782043,0.6624863743782043,0.0,0.36807848039063906,False
1993-02-08,0.4629087448120117,0.4629087448120117,0.0,0.0,False
1993-02-09,0.44090622663497925,0.44090622663497925,0.0,0.0,False
1993-02-10,0.40238597989082336,0.40238597989082336,0.0,0.0,False
1993-02-11,0.3523230254650116,0.3523230254650116,0.0,0.0,False
1993-02-12,0.43331968784332275,0.43331968784332275,0.0,0.0,False
1993-02-16,0.49687716364860535,0.49687716364860535,0.0,0.0,False
1993-02-17,0.6655558943748474,0.6655558943748474,0.0,0.6273870600709507,False
1993-02-18,0.5463995337486267,0.5463995337486267,0.0,0.6273870600709507,False
1993-02-19,0.4994974434375763,0.4994974434375763,0.0,0.0,False
1993-02-22,0.4083941876888275,0.4083941876888275,0.0,0.0,False
1993-02-23,0.45209312438964844,0.45209312438964844,0.0,0.0,False
1993-02-24,0.5665407776832581,0.5665407776832581,0.0,0.6077933231938158,False
1993-02-25,0.5129380226135254,0.5129380226135254,0.0,0.0,False
1993-02-26,0.5528506636619568,0.5528506636619568,0.0,0.5322436432554828,False
1993-03-01,0.4885466694831848,0.4885466694831848,0.0,0.0,False
1993-03-02,0.4948139190673828,0.4948139190673828,0.0,0.0,False
1993-03-03,0.47168540954589844,0.47168540954589844,0.0,0.0,False
1993-03-04,0.44421106576919556,0.44421106576919556,0.0,0.0,False
1993-03-05,0.4075621962547302,0.4075621962547302,0.0,0.0,False
1993-03-08,0.552985668182373,0.552985668182373,0.0,0.5717827294202363,False
1993-03-09,0.43197283148765564,0.43197283148765564,0.0,0.0,False
1993-03-10,0.46451058983802795,0.46451058983802795,0.0,0.0,False
1993-03-11,0.45806458592414856,0.45806458592414856,0.0,0.0,False
1993-03-12,0.6779155135154724,0.6779155135154724,0.0,0.6089692599068772,False
1993-03-15,0.517491340637207,0.517491340637207,0.0,0.0,False
1993-03-16,0.45125994086265564,0.45125994086265564,0.0,0.0,False
1993-03-17,0.7464980483055115,0.7464980483055115,0.0,0.6166201791036694,False
1993-03-18,0.7232993245124817,0.7232993245124817,0.0,0.6166201791036694,False
1993-03-19,0.6850045323371887,0.6850045323371887,0.0,0.6166201791036694,False
1993-03-22,0.537755012512207,0.537755012512207,0.0,0.6166201791036694,False
1993-03-23,0.5172801613807678,0.5172801613807678,0.0,0.0,False
1993-03-24,0.6656345129013062,0.6656345129013062,0.0,0.6127260734757936,False
1993-03-25,0.6424175500869751,0.6424175500869751,0.0,0.6127260734757936,False
1993-03-26,0.49079251289367676,0.49079251289367676,0.0,0.0,False
1993-03-29,0.4190409481525421,0.4190409481525421,0.0,0.0,False
1993-03-30,0.47671082615852356,0.47671082615852356,0.0,0.0,False
1993-03-31,0.43327733874320984,0.43327733874320984,0.0,0.0,False
1993-04-01,0.41351279616355896,0.41351279616355896,0.0,0.0,False
1993-04-02,0.4719831645488739,0.4719831645488739,0.0,0.0,False
1993-04-05,0.5235069990158081,0.5235069990158081,0.0,0.5388694865196377,False
1993-04-06,0.5006662011146545,0.5006662011146545,0.0,0.0,False
1993-04-07,0.45578667521476746,0.45578667521476746,0.0,0.0,False
1993-04-08,0.45214909315109253,0.45214909315109253,0.0,0.0,False
1993-04-12,0.45888832211494446,0.45888832211494446,0.0,0.0,False
1993-04-13,0.5314464569091797,0.5314464569091797,0.0,0.45888543743737237,False
1993-04-14,0.5307127833366394,0.5307127833366394,0.0,0.45888543743737237,False
1993-04-15,0.6216538548469543,0.6216538548469543,0.0,0.45888543743737237,False
1993-04-16,0.6797003149986267,0.6797003149986267,0.0,0.45888543743737237,False
1993-04-19,0.6525442004203796,0.6525442004203796,0.0,0.45888543743737237,False
1993-04-20,0.5079621076583862,0.5079621076583862,0.0,0.0,False
1993-04-21,0.4390270709991455,0.4390270709991455,0.0,0.0,False
1993-04-22,0.5520702600479126,0.5520702600479126,0.0,0.4121732135577732,False
1993-04-23,0.45025745034217834,0.45025745034217834,0.0,0.0,False
1993-04-26,0.5337529182434082,0.5337529182434082,0.0,0.43277426959481013,False
1993-04-27,0.4014001786708832,0.4014001786708832,0.0,0.0,False
1993-04-28,0.5464059710502625,0.5464059710502625,0.0,0.4569908531707432,False
1993-04-29,0.483490914106369,0.483490914106369,0.0,0.0,False
1993-04-30,0.48897039890289307,0.48897039890289307,0.0,0.0,False
1993-05-03,0.4590127170085907,0.4590127170085907,0.0,0.0,False
1993-05-04,0.48519960045814514,0.48519960045814514,0.0,0.0,False
1993-05-05,0.6209637522697449,0.6209637522697449,0.0,0.4823282283197645,False
1993-05-06,0.4809240400791168,0.4809240400791168,0.0,0.0,False
1993-05-07,0.4849521517753601,0.4849521517753601,0.0,0.0,False
1993-05-10,0.5041002631187439,0.5041002631187439,0.0,0.0,False
1993-05-11,0.5280879139900208,0.5280879139900208,0.0,0.5580966037527022,False
1993-05-12,0.5455281138420105,0.5455281138420105,0.0,0.5580966037527022,False
1993-05-13,0.4954119324684143,0.4954119324684143,1.0,0.0,False
1993-05-14,0.47996410727500916,0.47996410727500916,1.0,0.0,False
1993-05-17,0.419031023979187,0.419031023979187,1.0,0.0,False
1993-05-18,0.43269920349121094,0.43269920349121094,0.0,0.0,False
1993-05-19,0.5171875357627869,0.5171875357627869,0.0,0.0,False
1993-05-20,0.5363314151763916,0.5363314151763916,1.0,0.5154156289736819,False
1993-05-21,0.5165521502494812,0.5165521502494812,1.0,0.0,False
1993-05-24,0.5107704997062683,0.5107704997062683,1.0,0.0,False
1993-05-25,0.5430302023887634,0.5430302023887634,0.0,0.48989333124168655,False
1993-05-26,0.48689666390419006,0.48689666390419006,0.0,0.0,False
1993-05-27,0.5268259644508362,0.5268259644508362,0.0,0.4954370992904872,False
1993-05-28,0.5403345823287964,0.5403345823287964,0.0,0.4954370992904872,False
1993-06-01,0.5653456449508667,0.5653456449508667,0.0,0.4954370992904872,False
1993-06-02,0.5895203948020935,0.5895203948020935,0.0,0.4954370992904872,False
1993-06-03,0.6419863104820251,0.6419863104820251,0.0,0.4954370992904872,False
1993-06-04,0.57261723279953,0.57261723279953,0.0,0.4954370992904872,False
1993-06-07,0.6079574227333069,0.6079574227333069,0.0,0.37372192253081676,False
1993-06-08,0.5120223760604858,0.5120223760604858,0.0,0.0,False
1993-06-09,0.5235700607299805,0.5235700607299805,0.0,0.2761158249024364,False
1993-06-10,0.5254091620445251,0.5254091620445251,0.0,0.2761158249024364,False
1993-06-11,0.4612043499946594,0.4612043499946594,0.0,0.0,False
1993-06-14,0.44547033309936523,0.44547033309936523,0.0,0.0,False
1993-06-15,0.4871799945831299,0.4871799945831299,0.0,0.0,False
1993-06-16,0.5252776145935059,0.5252776145935059,0.0,0.2734817435955789,False
1993-06-17,0.5400868058204651,0.5400868058204651,0.0,0.2734817435955789,False
1993-06-18,0.5455034971237183,0.5455034971237183,0.0,0.2734817435955789,False
1993-06-21,0.5344515442848206,0.5344515442848206,0.0,0.2734817435955789,False
1993-06-22,0.5513583421707153,0.5513583421707153,0.0,0.2734817435955789,False
1993-06-23,0.6093488335609436,0.6093488335609436,0.0,0.2734817435955789,False
1993-06-24,0.44299498200416565,0.44299498200416565,0.0,0.0,False
1993-06-25,0.6263492703437805,0.6263492703437805,0.0,0.2679456851236719,False
1993-06-28,0.4609653651714325,0.4609653651714325,0.0,0.0,False
1993-06-29,0.488427996635437,0.488427996635437,0.0,0.0,False
1993-06-30,0.4728791117668152,0.4728791117668152,0.0,0.0,False
1993-07-01,0.4607725739479065,0.4607725739479065,0.0,0.0,False
1993-07-02,0.47930365800857544,0.47930365800857544,0.0,0.0,False
1993-07-06,0.4140673279762268,0.4140673279762268,0.0,0.0,False
1993-07-07,0.47393929958343506,0.47393929958343506,0.0,0.0,False
1993-07-08,0.5717358589172363,0.5717358589172363,0.0,0.3560337214940402,False
1993-07-09,0.5406740307807922,0.5406740307807922,0.0,0.3560337214940402,False
1993-07-12,0.5669720768928528,0.5669720768928528,0.0,0.3560337214940402,False
1993-07-13,0.5891377329826355,0.5891377329826355,0.0,0.3560337214940402,False
1993-07-14,0.5174068212509155,0.5174068212509155,0.0,0.0,False
1993-07-15,0.6863222718238831,0.6863222718238831,0.0,0.3638204632482399,False
1993-07-16,0.5131456851959229,0.5131456851959229,2.0,0.0,False
1993-07-19,0.45150095224380493,0.45150095224380493,2.0,0.0,False
1993-07-20,0.5982502102851868,0.5982502102851868,2.0,0.15955125728046368,False
1993-07-21,0.5701307654380798,0.5701307654380798,2.0,0.15955125728046368,False
1993-07-22,0.5496220588684082,0.5496220588684082,2.0,0.15955125728046368,False
1993-07-23,0.5814430117607117,0.5814430117607117,2.0,0.15955125728046368,False
1993-07-26,0.3642873167991638,0.3642873167991638,2.0,0.0,False
1993-07-27,0.40157008171081543,0.40157008171081543,2.0,0.0,False
1993-07-28,0.38556143641471863,0.38556143641471863,2.0,0.0,False
1993-07-29,0.39554113149642944,0.39554113149642944,2.0,0.0,False
1993-07-30,0.2595157325267792,0.2595157325267792,2.0,0.0,False
1993-08-02,0.19611385464668274,0.19611385464668274,2.0,0.0,False
1993-08-03,0.31350472569465637,0.31350472569465637,2.0,0.0,False
1993-08-04,0.27326247096061707,0.27326247096061707,2.0,0.0,False
1993-08-05,0.2489195317029953,0.2489195317029953,2.0,0.0,False
1993-08-06,0.2031652331352234,0.2031652331352234,2.0,0.0,False
1993-08-09,0.19298146665096283,0.19298146665096283,2.0,0.0,False
1993-08-10,0.2696950435638428,0.2696950435638428,2.0,0.0,False
1993-08-11,0.40544411540031433,0.40544411540031433,2.0,0.0,False
1993-08-12,0.4975889325141907,0.4975889325141907,2.0,0.0,False
1993-08-13,0.6302149295806885,0.6302149295806885,2.0,0.302620001189236,False
1993-08-16,0.5938370227813721,0.5938370227813721,2.0,0.302620001189236,False
1993-08-17,0.4028993546962738,0.4028993546962738,2.0,0.0,False
1993-08-18,0.4251786470413208,0.4251786470413208,2.0,0.0,False
1993-08-19,0.45581352710723877,0.45581352710723877,2.0,0.0,False
1993-08-20,0.3726125657558441,0.3726125657558441,2.0,0.0,False
1993-08-23,0.4006045460700989,0.4006045460700989,2.0,0.0,False
1993-08-24,0.303443044424057,0.303443044424057,2.0,0.0,False
1993-08-25,0.3802473545074463,0.3802473545074463,2.0,0.0,False
1993-08-26,0.28988027572631836,0.28988027572631836,2.0,0.0,False
1993-08-27,0.4556660056114197,0.4556660056114197,0.0,0.0,False
1993-08-30,0.523514449596405,0.523514449596405,0.0,0.3653092406741291,False
1993-08-31,0.41096457839012146,0.41096457839012146,0.0,0.0,False
1993-09-01,0.5261843204498291,0.5261843204498291,0.0,0.4017075767364081,False
1993-09-02,0.49846941232681274,0.49846941232681274,0.0,0.0,False
1993-09-03,0.4075576663017273,0.4075576663017273,0.0,0.0,False
1993-09-07,0.3982686400413513,0.3982686400413513,0.0,0.0,False
1993-09-08,0.4818398356437683,0.4818398356437683,0.0,0.0,False
1993-09-09,0.5265998244285583,0.5265998244285583,0.0,0.4320214918552635,False
1993-09-10,0.536571741104126,0.536571741104126,0.0,0.4320214918552635,False
1993-09-13,0.6125115752220154,0.6125115752220154,0.0,0.4320214918552635,False
1993-09-14,0.6103148460388184,0.6103148460388184,0.0,0.4320214918552635,False
1993-09-15,0.544959306716919,0.544959306716919,0.0,0.4320214918552635,False
1993-09-16,0.5122671127319336,0.5122671127319336,0.0,0.0,False
1993-09-17,0.485152006149292,0.485152006149292,0.0,0.0,False
1993-09-20,0.5651348829269409,0.5651348829269409,0.0,0.4784254714158177,False
1993-09-21,0.5620774030685425,0.5620774030685425,0.0,0.4784254714158177,False
1993-09-22,0.643386960029602,0.643386960029602,0.0,0.4784254714158177,False
1993-09-23,0.6897274851799011,0.6897274851799011,0.0,0.4784254714158177,False
1993-09-24,0.6852718591690063,0.6852718591690063,0.0,0.4784254714158177,False
1993-09-27,0.6638925075531006,0.6638925075531006,0.0,0.4784254714158177,False
1993-09-28,0.5919651389122009,0.5919651389122009,0.0,0.4784254714158177,False
1993-09-29,0.7541463375091553,0.7541463375091553,0.0,0.4784254714158177,False
1993-09-30,0.7250709533691406,0.7250709533691406,0.0,0.4784254714158177,False
1993-10-01,0.5402582287788391,0.5402582287788391,0.0,0.4784254714158177,False
1993-10-04,0.4391910135746002,0.4391910135746002,0.0,0.0,False
1993-10-05,0.4949094355106354,0.4949094355106354,0.0,0.0,False
1993-10-06,0.464429646730423,0.464429646730423,0.0,0.0,False
1993-10-07,0.4545172154903412,0.4545172154903412,0.0,0.0,False
1993-10-08,0.4475655257701874,0.4475655257701874,0.0,0.0,False
1993-10-11,0.550404965877533,0.550404965877533,0.0,0.3733134433471651,False
1993-10-12,0.6244835257530212,0.6244835257530212,0.0,0.3733134433471651,False
1993-10-13,0.48656803369522095,0.48656803369522095,0.0,0.0,False
1993-10-14,0.3944846987724304,0.3944846987724304,0.0,0.0,False
1993-10-15,0.4215390980243683,0.4215390980243683,2.0,0.0,False
1993-10-18,0.559554934501648,0.559554934501648,2.0,0.1943981614595029,False
1993-10-19,0.5131350755691528,0.5131350755691528,2.0,0.0,False
1993-10-20,0.5278505682945251,0.5278505682945251,2.0,0.1961386143728113,False
1993-10-21,0.446682870388031,0.446682870388031,1.0,0.0,False
1993-10-22,0.6263751983642578,0.6263751983642578,1.0,0.185125444829874,False
1993-10-25,0.6330833435058594,0.6330833435058594,1.0,0.185125444829874,False
1993-10-26,0.6844019889831543,0.6844019889831543,1.0,0.185125444829874,False
1993-10-27,0.600797176361084,0.600797176361084,1.0,0.185125444829874,False
1993-10-28,0.6921664476394653,0.6921664476394653,1.0,0.185125444829874,False
1993-10-29,0.6715322732925415,0.6715322732925415,2.0,0.185125444829874,False
1993-11-01,0.5508408546447754,0.5508408546447754,1.0,0.185125444829874,False
1993-11-02,0.4737137258052826,0.4737137258052826,1.0,0.0,False
1993-11-03,0.769218385219574,0.769218385219574,1.0,0.1810373876293088,False
1993-11-04,0.5526393055915833,0.5526393055915833,1.0,0.1810373876293088,False
1993-11-05,0.6100675463676453,0.6100675463676453,2.0,0.1810373876293088,False
1993-11-08,0.744785726070404,0.744785726070404,2.0,0.1810373876293088,False
1993-11-09,0.6222882270812988,0.6222882270812988,2.0,0.1810373876293088,False
1993-11-10,0.709050178527832,0.709050178527832,2.0,0.1810373876293088,False
1993-11-11,0.6807918548583984,0.6807918548583984,2.0,0.1810373876293088,False
1993-11-12,0.47289761900901794,0.47289761900901794,1.0,0.0,False
1993-11-15,0.4212256968021393,0.4212256968021393,1.0,0.0,False
1993-11-16,0.47946205735206604,0.47946205735206604,1.0,0.0,False
1993-11-17,0.42511728405952454,0.42511728405952454,1.0,0.0,False
1993-11-18,0.3216533362865448,0.3216533362865448,1.0,0.0,False
1993-11-19,0.4033166766166687,0.4033166766166687,1.0,0.0,False
1993-11-22,0.4150862693786621,0.4150862693786621,1.0,0.0,False
1993-11-23,0.5128993391990662,0.5128993391990662,1.0,0.0,False
1993-11-24,0.5671812295913696,0.5671812295913696,1.0,0.3790320705784981,False
1993-11-26,0.5831269025802612,0.5831269025802612,1.0,0.3790320705784981,False
1993-11-29,0.6709573268890381,0.6709573268890381,0.0,0.3790320705784981,False
1993-11-30,0.6340094804763794,0.6340094804763794,0.0,0.3790320705784981,False
1993-12-01,0.6011525988578796,0.6011525988578796,0.0,0.3790320705784981,False
1993-12-02,0.640015184879303,0.640015184879303,0.0,0.3790320705784981,False
1993-12-03,0.5817121267318726,0.5817121267318726,0.0,0.3790320705784981,False
1993-12-06,0.599297046661377,0.599297046661377,0.0,0.3790320705784981,False
1993-12-07,0.41237613558769226,0.41237613558769226,0.0,0.0,False
1993-12-08,0.4410006105899811,0.4410006105899811,0.0,0.0,False
1993-12-09,0.5535269379615784,0.5535269379615784,0.0,0.4015422585284052,False
1993-12-10,0.34807130694389343,0.34807130694389343,0.0,0.0,False
1993-12-13,0.43960806727409363,0.43960806727409363,0.0,0.0,False
1993-12-14,0.45800626277923584,0.45800626277923584,0.0,0.0,False
1993-12-15,0.41489169001579285,0.41489169001579285,0.0,0.0,False
1993-12-16,0.3876959979534149,0.3876959979534149,0.0,0.0,False
1993-12-17,0.5330718755722046,0.5330718755722046,0.0,0.3880934723227236,False
1993-12-20,0.6197039484977722,0.6197039484977722,0.0,0.3880934723227236,False
1993-12-21,0.4579249322414398,0.4579249322414398,0.0,0.0,False
1993-12-22,0.4334472119808197,0.4334472119808197,0.0,0.0,False
1993-12-23,0.4050171375274658,0.4050171375274658,0.0,0.0,False
1993-12-27,0.46174365282058716,0.46174365282058716,0.0,0.0,False
1993-12-28,0.36576321721076965,0.36576321721076965,0.0,0.0,False
1993-12-29,0.3708294630050659,0.3708294630050659,0.0,0.0,False
1993-12-30,0.516398549079895,0.516398549079895,0.0,0.0,False
1993-12-31,0.47365275025367737,0.47365275025367737,0.0,0.0,False
1994-01-03,0.5530791282653809,0.5530791282653809,0.0,0.29597573860715076,False
1994-01-04,0.5783412456512451,0.5783412456512451,0.0,0.29597573860715076,False
1994-01-05,0.6466761231422424,0.6466761231422424,1.0,0.29597573860715076,False
1994-01-06,0.6926229000091553,0.6926229000091553,1.0,0.29597573860715076,False
1994-01-07,0.5925897359848022,0.5925897359848022,1.0,0.29597573860715076,False
1994-01-10,0.5892900228500366,0.5892900228500366,1.0,0.29597573860715076,False
1994-01-11,0.6298946142196655,0.6298946142196655,1.0,0.29597573860715076,False
1994-01-12,0.534462571144104,0.534462571144104,1.0,0.29597573860715076,False
1994-01-13,0.5879868268966675,0.5879868268966675,1.0,0.29597573860715076,False
1994-01-14,0.48188745975494385,0.48188745975494385,1.0,0.0,False
1994-01-17,0.5011223554611206,0.5011223554611206,1.0,0.0,False
1994-01-18,0.45521917939186096,0.45521917939186096,1.0,0.0,False
1994-01-19,0.37554988265037537,0.37554988265037537,1.0,0.0,False
1994-01-20,0.367975115776062,0.367975115776062,1.0,0.0,False
1994-01-21,0.5698062777519226,0.5698062777519226,1.0,0.2266784984467248,False
1994-01-24,0.5805284380912781,0.5805284380912781,1.0,0.2266784984467248,False
1994-01-25,0.707042396068573,0.707042396068573,1.0,0.2266784984467248,False
1994-01-26,0.7023248672485352,0.7023248672485352,1.0,0.2266784984467248,False
1994-01-27,0.6244113445281982,0.6244113445281982,1.0,0.2266784984467248,False
1994-01-28,0.5281513333320618,0.5281513333320618,1.0,0.2266784984467248,False
1994-01-31,0.49717140197753906,0.49717140197753906,1.0,0.0,False
1994-02-01,0.5188261270523071,0.5188261270523071,1.0,0.0,False
1994-02-02,0.5204629898071289,0.5204629898071289,1.0,0.2497933091677363,False
1994-02-03,0.571733295917511,0.571733295917511,1.0,0.2497933091677363,False
1994-02-04,0.591302216053009,0.591302216053009,1.0,0.2497933091677363,False
1994-02-07,0.595722496509552,0.595722496509552,1.0,0.2497933091677363,False
1994-02-08,0.5844825506210327,0.5844825506210327,1.0,0.2497933091677363,False
1994-02-09,0.5953265428543091,0.5953265428543091,1.0,0.2497933091677363,False
1994-02-10,0.6398940682411194,0.6398940682411194,1.0,0.2497933091677363,False
1994-02-11,0.5842613577842712,0.5842613577842712,1.0,0.2497933091677363,False
1994-02-14,0.6422204375267029,0.6422204375267029,1.0,0.2497933091677363,False
1994-02-15,0.6280213594436646,0.6280213594436646,1.0,0.2497933091677363,False
1994-02-16,0.6807976961135864,0.6807976961135864,1.0,0.2497933091677363,False
1994-02-17,0.6538891792297363,0.6538891792297363,1.0,0.2497933091677363,False
1994-02-18,0.6035777926445007,0.6035777926445007,1.0,0.2497933091677363,False
1994-02-22,0.555137038230896,0.555137038230896,1.0,0.2497933091677363,False
1994-02-23,0.6141452789306641,0.6141452789306641,1.0,0.36512283319130395,False
1994-02-24,0.5746235251426697,0.5746235251426697,0.0,0.36512283319130395,False
1994-02-25,0.5318648815155029,0.5318648815155029,0.0,0.36512283319130395,False
1994-02-28,0.5497401356697083,0.5497401356697083,0.0,0.36512283319130395,False
1994-03-01,0.5817362666130066,0.5817362666130066,0.0,0.36512283319130395,False
1994-03-02,0.5071985721588135,0.5071985721588135,0.0,0.0,False
1994-03-03,0.4664190411567688,0.4664190411567688,0.0,0.0,False
1994-03-04,0.39324772357940674,0.39324772357940674,0.0,0.0,False
1994-03-07,0.4119214415550232,0.4119214415550232,1.0,0.0,False
1994-03-08,0.45907995104789734,0.45907995104789734,0.0,0.0,False
1994-03-09,0.4378732144832611,0.4378732144832611,0.0,0.0,False
1994-03-10,0.44444021582603455,0.44444021582603455,0.0,0.0,False
1994-03-11,0.5238097906112671,0.5238097906112671,0.0,0.5770007040231969,False
1994-03-14,0.6824164390563965,0.6824164390563965,0.0,0.5770007040231969,False
1994-03-15,0.579016387462616,0.579016387462616,0.0,0.5770007040231969,False
1994-03-16,0.5726251006126404,0.5726251006126404,0.0,0.5770007040231969,False
1994-03-17,0.6150330305099487,0.6150330305099487,0.0,0.5770007040231969,False
1994-03-18,0.597811758518219,0.597811758518219,0.0,0.5770007040231969,False
1994-03-21,0.3729422092437744,0.3729422092437744,0.0,0.0,False
1994-03-22,0.43438154458999634,0.43438154458999634,0.0,0.0,False
1994-03-23,0.46239104866981506,0.46239104866981506,0.0,0.0,False
1994-03-24,0.4540195167064667,0.4540195167064667,0.0,0.0,False
1994-03-25,0.5005660057067871,0.5005660057067871,0.0,0.0,False
1994-03-28,0.5506348013877869,0.5506348013877869,0.0,0.4627792899503261,False
1994-03-29,0.4773264229297638,0.4773264229297638,0.0,0.0,False
1994-03-30,0.42859041690826416,0.42859041690826416,0.0,0.0,False
1994-03-31,0.3545277714729309,0.3545277714729309,0.0,0.0,False
1994-04-04,0.42601945996284485,0.42601945996284485,0.0,0.0,False
1994-04-05,0.4944627583026886,0.4944627583026886,0.0,0.0,False
1994-04-06,0.35580354928970337,0.35580354928970337,0.0,0.0,False
1994-04-07,0.28937700390815735,0.28937700390815735,0.0,0.0,False
1994-04-08,0.43520498275756836,0.43520498275756836,0.0,0.0,False
1994-04-11,0.45139142870903015,0.45139142870903015,0.0,0.0,False
1994-04-12,0.49355006217956543,0.49355006217956543,0.0,0.0,False
1994-04-13,0.5962086319923401,0.5962086319923401,0.0,0.5169040543259078,False
1994-04-14,0.6251277327537537,0.6251277327537537,0.0,0.5169040543259078,False
1994-04-15,0.5428577661514282,0.5428577661514282,0.0,0.5169040543259078,False
1994-04-18,0.5390865802764893,0.5390865802764893,0.0,0.5169040543259078,False
1994-04-19,0.4587947130203247,0.4587947130203247,0.0,0.0,False
1994-04-20,0.4860736131668091,0.4860736131668091,0.0,0.0,False
1994-04-21,0.5589437484741211,0.5589437484741211,0.0,0.4013258784023749,False
1994-04-22,0.4781738817691803,0.4781738817691803,0.0,0.0,False
1994-04-25,0.38434848189353943,0.38434848189353943,0.0,0.0,False
1994-04-26,0.42519062757492065,0.42519062757492065,0.0,0.0,False
1994-04-28,0.411891907453537,0.411891907453537,0.0,0.0,False
1994-04-29,0.3902011215686798,0.3902011215686798,0.0,0.0,False
1994-05-02,0.43273863196372986,0.43273863196372986,0.0,0.0,False
1994-05-03,0.36910778284072876,0.36910778284072876,0.0,0.0,False
1994-05-04,0.5661683082580566,0.5661683082580566,0.0,0.2873764577173969,False
1994-05-05,0.5780337452888489,0.5780337452888489,0.0,0.2873764577173969,False
1994-05-06,0.4520951807498932,0.4520951807498932,0.0,0.0,False
1994-05-09,0.4976540505886078,0.4976540505886078,0.0,0.0,False
1994-05-10,0.5390156507492065,0.5390156507492065,0.0,0.27931676990594934,False
1994-05-11,0.3974883556365967,0.3974883556365967,0.0,0.0,False
1994-05-12,0.4073590338230133,0.4073590338230133,0.0,0.0,False
1994-05-13,0.42353665828704834,0.42353665828704834,0.0,0.0,False
1994-05-16,0.44703209400177,0.44703209400177,0.0,0.0,False
1994-05-17,0.44885942339897156,0.44885942339897156,0.0,0.0,False
1994-05-18,0.441344290971756,0.441344290971756,1.0,0.0,False
1994-05-19,0.6358031630516052,0.6358031630516052,1.0,0.28221430141121967,False
1994-05-20,0.5723958015441895,0.5723958015441895,1.0,0.28221430141121967,False
1994-05-23,0.5791650414466858,0.5791650414466858,1.0,0.28221430141121967,False
1994-05-24,0.5834864377975464,0.5834864377975464,0.0,0.28221430141121967,False
1994-05-25,0.5279363989830017,0.5279363989830017,0.0,0.28221430141121967,False
1994-05-26,0.43479037284851074,0.43479037284851074,0.0,0.0,False
1994-05-27,0.4943534731864929,0.4943534731864929,0.0,0.0,False
1994-05-31,0.47678372263908386,0.47678372263908386,0.0,0.0,False
1994-06-01,0.451386958360672,0.451386958360672,0.0,0.0,False
1994-06-02,0.4671429693698883,0.4671429693698883,0.0,0.0,False
1994-06-03,0.5795524716377258,0.5795524716377258,0.0,0.3941052491021998,False
1994-06-06,0.4424911439418793,0.4424911439418793,0.0,0.0,False
1994-06-07,0.49558085203170776,0.49558085203170776,0.0,0.0,False
1994-06-08,0.6716053485870361,0.6716053485870361,0.0,0.3737555327772336,False
1994-06-09,0.6131635308265686,0.6131635308265686,0.0,0.3737555327772336,False
1994-06-10,0.586361289024353,0.586361289024353,0.0,0.3737555327772336,False
1994-06-13,0.41000911593437195,0.41000911593437195,0.0,0.0,False
1994-06-14,0.42451047897338867,0.42451047897338867,0.0,0.0,False
1994-06-15,0.37476685643196106,0.37476685643196106,0.0,0.0,False
1994-06-16,0.48588308691978455,0.48588308691978455,0.0,0.0,False
1994-06-17,0.5123267769813538,0.5123267769813538,0.0,0.0,False
1994-06-20,0.5335199236869812,0.5335199236869812,0.0,0.37835880951942286,False
1994-06-21,0.5467166304588318,0.5467166304588318,0.0,0.37835880951942286,False
1994-06-22,0.5148032307624817,0.5148032307624817,0.0,0.0,False
1994-06-23,0.47198110818862915,0.47198110818862915,0.0,0.0,False
1994-06-24,0.5475805401802063,0.5475805401802063,0.0,0.34696907613119465,False
1994-06-27,0.6196373105049133,0.6196373105049133,0.0,0.34696907613119465,False
1994-06-28,0.49287810921669006,0.49287810921669006,0.0,0.0,False
1994-06-29,0.48187780380249023,0.48187780380249023,0.0,0.0,False
1994-06-30,0.43216198682785034,0.43216198682785034,0.0,0.0,False
1994-07-01,0.467663437128067,0.467663437128067,0.0,0.0,False
1994-07-05,0.48955047130584717,0.48955047130584717,0.0,0.0,False
1994-07-06,0.43489545583724976,0.43489545583724976,0.0,0.0,False
1994-07-07,0.4800424873828888,0.4800424873828888,0.0,0.0,False
1994-07-08,0.5222476720809937,0.5222476720809937,0.0,0.3597340174485255,False
1994-07-11,0.37328916788101196,0.37328916788101196,0.0,0.0,False
1994-07-12,0.536013126373291,0.536013126373291,0.0,0.337997155780572,False
1994-07-13,0.559724748134613,0.559724748134613,1.0,0.337997155780572,False
1994-07-14,0.5214516520500183,0.5214516520500183,0.0,0.337997155780572,False
1994-07-15,0.4792291820049286,0.4792291820049286,0.0,0.0,False
1994-07-18,0.49221906065940857,0.49221906065940857,0.0,0.0,False
1994-07-19,0.5456080436706543,0.5456080436706543,0.0,0.3346430266726351,False
1994-07-20,0.44955623149871826,0.44955623149871826,0.0,0.0,False
1994-07-21,0.5889988541603088,0.5889988541603088,1.0,0.31362468650748926,False
1994-07-22,0.4687459468841553,0.4687459468841553,1.0,0.0,False
1994-07-25,0.487754225730896,0.487754225730896,1.0,0.0,False
1994-07-26,0.5021548271179199,0.5021548271179199,1.0,0.0,False
1994-07-27,0.6167324781417847,0.6167324781417847,1.0,0.2596131715488537,False
1994-07-28,0.4933677911758423,0.4933677911758423,1.0,0.0,False
1994-07-29,0.5742905735969543,0.5742905735969543,1.0,0.25340206494590556,False
1994-08-01,0.6406229734420776,0.6406229734420776,1.0,0.25340206494590556,False
1994-08-02,0.6418071389198303,0.6418071389198303,1.0,0.25340206494590556,False
1994-08-03,0.5883240699768066,0.5883240699768066,1.0,0.25340206494590556,False
1994-08-04,0.6343259215354919,0.6343259215354919,1.0,0.25340206494590556,False
1994-08-05,0.632437527179718,0.632437527179718,1.0,0.25340206494590556,False
1994-08-08,0.5572546720504761,0.5572546720504761,1.0,0.25340206494590556,False
1994-08-09,0.5070852041244507,0.5070852041244507,1.0,0.0,False
1994-08-10,0.5641946196556091,0.5641946196556091,1.0,0.27141237303156157,False
1994-08-11,0.559712827205658,0.559712827205658,1.0,0.27141237303156157,False
1994-08-12,0.5141043663024902,0.5141043663024902,1.0,0.0,False
1994-08-15,0.5282569527626038,0.5282569527626038,1.0,0.28497053936466105,False
1994-08-16,0.5257017612457275,0.5257017612457275,1.0,0.28497053936466105,False
1994-08-17,0.48510274291038513,0.48510274291038513,1.0,0.0,False
1994-08-18,0.5914192199707031,0.5914192199707031,1.0,0.3246003814106241,False
1994-08-19,0.5976582169532776,0.5976582169532776,0.0,0.514099171401572,False
1994-08-22,0.5799376368522644,0.5799376368522644,0.0,0.514099171401572,False
1994-08-23,0.555260181427002,0.555260181427002,0.0,0.514099171401572,False
1994-08-24,0.6016381978988647,0.6016381978988647,0.0,0.514099171401572,False
1994-08-25,0.6819198727607727,0.6819198727607727,0.0,0.514099171401572,False
1994-08-26,0.4520531892776489,0.4520531892776489,0.0,0.0,False
1994-08-29,0.4344154894351959,0.4344154894351959,0.0,0.0,False
1994-08-30,0.4296989142894745,0.4296989142894745,0.0,0.0,False
1994-08-31,0.5218100547790527,0.5218100547790527,0.0,0.8508676516128698,False
1994-09-01,0.5377983450889587,0.5377983450889587,0.0,0.6789434577967683,False
1994-09-02,0.44160738587379456,0.44160738587379456,0.0,0.0,False
1994-09-06,0.369146466255188,0.369146466255188,0.0,0.0,False
1994-09-07,0.3386684060096741,0.3386684060096741,0.0,0.0,False
1994-09-08,0.3463710844516754,0.3463710844516754,0.0,0.0,False
1994-09-09,0.40027686953544617,0.40027686953544617,0.0,0.0,False
1994-09-12,0.4937700629234314,0.4937700629234314,0.0,0.0,False
1994-09-13,0.48820728063583374,0.48820728063583374,0.0,0.0,False
1994-09-14,0.5437055826187134,0.5437055826187134,0.0,0.7143769880749791,False
1994-09-15,0.5875465869903564,0.5875465869903564,0.0,0.7143769880749791,False
1994-09-16,0.48301687836647034,0.48301687836647034,0.0,0.0,False
1994-09-19,0.5117761492729187,0.5117761492729187,0.0,0.0,False
1994-09-20,0.5105794668197632,0.5105794668197632,0.0,0.0,False
1994-09-21,0.5342914462089539,0.5342914462089539,0.0,0.568986393248648,False
1994-09-22,0.48540517687797546,0.48540517687797546,0.0,0.0,False
1994-09-23,0.37707990407943726,0.37707990407943726,0.0,0.0,False
1994-09-26,0.39308321475982666,0.39308321475982666,0.0,0.0,False
1994-09-27,0.4894814193248749,0.4894814193248749,0.0,0.0,False
1994-09-28,0.47779959440231323,0.47779959440231323,0.0,0.0,False
1994-09-29,0.48211953043937683,0.48211953043937683,0.0,0.0,False
1994-09-30,0.3616138994693756,0.3616138994693756,0.0,0.0,False
1994-10-03,0.4054100215435028,0.4054100215435028,0.0,0.0,False
1994-10-04,0.5141858458518982,0.5141858458518982,0.0,0.0,False
1994-10-05,0.4712541103363037,0.4712541103363037,1.0,0.0,False
1994-10-06,0.49613305926322937,0.49613305926322937,0.0,0.0,False
1994-10-07,0.5062898397445679,0.5062898397445679,1.0,0.0,False
1994-10-10,0.4931991398334503,0.4931991398334503,1.0,0.0,False
1994-10-11,0.5160015821456909,0.5160015821456909,1.0,0.0,False
1994-10-12,0.5140132904052734,0.5140132904052734,1.0,0.0,False
1994-10-13,0.6269919276237488,0.6269919276237488,1.0,0.2550222447442628,False
1994-10-14,0.5835415124893188,0.5835415124893188,1.0,0.2550222447442628,False
1994-10-17,0.6938759088516235,0.6938759088516235,1.0,0.2550222447442628,False
1994-10-18,0.6093373894691467,0.6093373894691467,1.0,0.2550222447442628,False
1994-10-19,0.6403243541717529,0.6403243541717529,1.0,0.2550222447442628,False
1994-10-20,0.6944165825843811,0.6944165825843811,1.0,0.2550222447442628,False
1994-10-21,0.5558425188064575,0.5558425188064575,1.0,0.2550222447442628,False
1994-10-24,0.6515445113182068,0.6515445113182068,1.0,0.2550222447442628,False
1994-10-25,0.5938160419464111,0.5938160419464111,1.0,0.2550222447442628,False
1994-10-26,0.5540538430213928,0.5540538430213928,1.0,0.2550222447442628,False
1994-10-27,0.552533745765686,0.552533745765686,1.0,0.2550222447442628,False
1994-10-28,0.6321247816085815,0.6321247816085815,1.0,0.2550222447442628,False
1994-10-31,0.4967985153198242,0.4967985153198242,1.0,0.0,False
1994-11-01,0.5407335758209229,0.5407335758209229,1.0,0.25145309299834057,False
1994-11-02,0.5622724294662476,0.5622724294662476,1.0,0.25145309299834057,False
1994-11-03,0.6083217263221741,0.6083217263221741,1.0,0.25145309299834057,False
1994-11-04,0.5087013244628906,0.5087013244628906,0.0,0.0,False
1994-11-07,0.46882978081703186,0.46882978081703186,0.0,0.0,False
1994-11-08,0.5502800941467285,0.5502800941467285,0.0,0.35278901277339936,False
1994-11-09,0.5976047515869141,0.5976047515869141,0.0,0.35278901277339936,False
1994-11-10,0.5293560028076172,0.5293560028076172,0.0,0.35278901277339936,False
1994-11-11,0.43840792775154114,0.43840792775154114,0.0,0.0,False
1994-11-14,0.40759292244911194,0.40759292244911194,0.0,0.0,False
1994-11-15,0.5299043655395508,0.5299043655395508,0.0,0.4363943382117015,False
1994-11-16,0.5382936000823975,0.5382936000823975,0.0,0.4363943382117015,False
1994-11-17,0.5223541259765625,0.5223541259765625,0.0,0.4363943382117015,False
1994-11-18,0.5251575112342834,0.5251575112342834,0.0,0.4363943382117015,False
1994-11-21,0.5165804624557495,0.5165804624557495,0.0,0.0,False
1994-11-22,0.5544875264167786,0.5544875264167786,0.0,0.4199868232326633,False
1994-11-23,0.5463517308235168,0.5463517308235168,0.0,0.4199868232326633,False
1994-11-25,0.49149420857429504,0.49149420857429504,0.0,0.0,False
1994-11-28,0.5030226111412048,0.5030226111412048,0.0,0.0,False
1994-11-29,0.5350850820541382,0.5350850820541382,0.0,0.42449650718746706,False
1994-11-30,0.5401530265808105,0.5401530265808105,0.0,0.42449650718746706,False
1994-12-01,0.5515835881233215,0.5515835881233215,0.0,0.42449650718746706,False
1994-12-02,0.4890638589859009,0.4890638589859009,0.0,0.0,False
1994-12-05,0.48009786009788513,0.48009786009788513,0.0,0.0,False
1994-12-06,0.5551480054855347,0.5551480054855347,0.0,0.4269925816736502,False
1994-12-07,0.44316208362579346,0.44316208362579346,0.0,0.0,False
1994-12-08,0.415531724691391,0.415531724691391,0.0,0.0,False
1994-12-09,0.481961190700531,0.481961190700531,0.0,0.0,False
1994-12-12,0.5200797915458679,0.5200797915458679,0.0,0.4467407882592331,False
1994-12-13,0.5770413875579834,0.5770413875579834,0.0,0.4467407882592331,False
1994-12-14,0.5758992433547974,0.5758992433547974,0.0,0.4467407882592331,False
1994-12-15,0.5068002343177795,0.5068002343177795,0.0,0.0,False
1994-12-16,0.4963102340698242,0.4963102340698242,0.0,0.0,False
1994-12-19,0.6378924250602722,0.6378924250602722,0.0,0.3875299822028009,False
1994-12-20,0.5108895301818848,0.5108895301818848,0.0,0.0,False
1994-12-21,0.5200238227844238,0.5200238227844238,0.0,0.43552997385410536,False
1994-12-22,0.42816707491874695,0.42816707491874695,0.0,0.0,False
1994-12-23,0.5572969913482666,0.5572969913482666,0.0,0.4527183285405657,False
1994-12-27,0.49100348353385925,0.49100348353385925,0.0,0.0,False
1994-12-28,0.6445149183273315,0.6445149183273315,0.0,0.4547779310248692,False
1994-12-29,0.5276796221733093,0.5276796221733093,0.0,0.4547779310248692,False
1994-12-30,0.43322131037712097,0.43322131037712097,0.0,0.0,False
1995-01-03,0.3858001232147217,0.3858001232147217,0.0,0.0,False
1995-01-04,0.5709720849990845,0.5709720849990845,0.0,0.4806126310258243,False
1995-01-05,0.5115483999252319,0.5115483999252319,0.0,0.0,False
1995-01-06,0.6088982820510864,0.6088982820510864,1.0,0.3698819170421741,False
1995-01-09,0.5532532930374146,0.5532532930374146,1.0,0.3698819170421741,False
1995-01-10,0.5989440679550171,0.5989440679550171,1.0,0.3698819170421741,False
1995-01-11,0.44483038783073425,0.44483038783073425,1.0,0.0,False
1995-01-12,0.6112450361251831,0.6112450361251831,1.0,0.2917951545938941,False
1995-01-13,0.6499200463294983,0.6499200463294983,1.0,0.2917951545938941,False
1995-01-16,0.7106746435165405,0.7106746435165405,1.0,0.2917951545938941,False
1995-01-17,0.6756647229194641,0.6756647229194641,1.0,0.2917951545938941,False
1995-01-18,0.6724219918251038,0.6724219918251038,1.0,0.2917951545938941,False
1995-01-19,0.7074958086013794,0.7074958086013794,1.0,0.2917951545938941,False
1995-01-20,0.5830712914466858,0.5830712914466858,1.0,0.2917951545938941,False
1995-01-23,0.5528420209884644,0.5528420209884644,1.0,0.2917951545938941,False
1995-01-24,0.5512859225273132,0.5512859225273132,1.0,0.2917951545938941,False
1995-01-25,0.5489746332168579,0.5489746332168579,1.0,0.2917951545938941,False
1995-01-26,0.5252442955970764,0.5252442955970764,1.0,0.2917951545938941,False
1995-01-27,0.4502181112766266,0.4502181112766266,1.0,0.0,False
1995-01-30,0.48658260703086853,0.48658260703086853,1.0,0.0,False
1995-01-31,0.4730975329875946,0.4730975329875946,1.0,0.0,False
1995-02-01,0.4497475326061249,0.4497475326061249,1.0,0.0,False
1995-02-02,0.39660656452178955,0.39660656452178955,1.0,0.0,False
1995-02-03,0.375974178314209,0.375974178314209,0.0,0.0,False
1995-02-06,0.40310853719711304,0.40310853719711304,0.0,0.0,False
1995-02-07,0.477536141872406,0.477536141872406,0.0,0.0,False
1995-02-08,0.38988929986953735,0.38988929986953735,1.0,0.0,False
1995-02-09,0.4920678734779358,0.4920678734779358,0.0,0.0,False
1995-02-10,0.5284087657928467,0.5284087657928467,0.0,0.3763094990488789,False
1995-02-13,0.5609043836593628,0.5609043836593628,0.0,0.3763094990488789,False
1995-02-14,0.5055419206619263,0.5055419206619263,0.0,0.0,False
1995-02-15,0.44162315130233765,0.44162315130233765,0.0,0.0,False
1995-02-16,0.5676032304763794,0.5676032304763794,0.0,0.37456499274312194,False
1995-02-17,0.5028762221336365,0.5028762221336365,0.0,0.0,False
1995-02-21,0.5781118273735046,0.5781118273735046,0.0,0.4441378971713834,False
1995-02-22,0.5034521818161011,0.5034521818161011,0.0,0.0,False
1995-02-23,0.5218567252159119,0.5218567252159119,0.0,0.4489118988821161,False
1995-02-24,0.43841344118118286,0.43841344118118286,0.0,0.0,False
1995-02-27,0.3947439193725586,0.3947439193725586,0.0,0.0,False
1995-02-28,0.5352010726928711,0.5352010726928711,0.0,0.4272681585791312,False
1995-03-01,0.44925010204315186,0.44925010204315186,0.0,0.0,False
1995-03-02,0.4620187282562256,0.4620187282562256,0.0,0.0,False
1995-03-03,0.43396034836769104,0.43396034836769104,0.0,0.0,False
1995-03-06,0.3951643109321594,0.3951643109321594,0.0,0.0,False
1995-03-07,0.4886765480041504,0.4886765480041504,0.0,0.0,False
1995-03-08,0.5162566304206848,0.5162566304206848,0.0,0.0,False
1995-03-09,0.43349605798721313,0.43349605798721313,0.0,0.0,False
1995-03-10,0.44691818952560425,0.44691818952560425,0.0,0.0,False
1995-03-13,0.40011152625083923,0.40011152625083923,0.0,0.0,False
1995-03-14,0.35051974654197693,0.35051974654197693,0.0,0.0,False
1995-03-15,0.4486965835094452,0.4486965835094452,0.0,0.0,False
1995-03-16,0.4660159647464752,0.4660159647464752,0.0,0.0,False
1995-03-17,0.4621693193912506,0.4621693193912506,0.0,0.0,False
1995-03-20,0.4507899582386017,0.4507899582386017,0.0,0.0,False
1995-03-21,0.3984434902667999,0.3984434902667999,0.0,0.0,False
1995-03-22,0.4217926561832428,0.4217926561832428,0.0,0.0,False
1995-03-23,0.5039424300193787,0.5039424300193787,0.0,0.0,False
1995-03-24,0.5167288780212402,0.5167288780212402,0.0,0.0,False
1995-03-27,0.5162660479545593,0.5162660479545593,0.0,0.0,False
1995-03-28,0.5794191360473633,0.5794191360473633,0.0,0.2904430000927158,False
1995-03-29,0.5471044182777405,0.5471044182777405,0.0,0.2904430000927158,False
1995-03-30,0.5857212543487549,0.5857212543487549,0.0,0.2904430000927158,False
1995-03-31,0.5826069116592407,0.5826069116592407,0.0,0.2904430000927158,False
1995-04-03,0.5996195673942566,0.5996195673942566,0.0,0.2904430000927158,False
1995-04-04,0.4874783754348755,0.4874783754348755,0.0,0.0,False
1995-04-05,0.5066085457801819,0.5066085457801819,0.0,0.0,False
1995-04-06,0.6535254120826721,0.6535254120826721,0.0,0.2607446920281259,False
1995-04-07,0.5481998920440674,0.5481998920440674,0.0,0.2607446920281259,False
1995-04-10,0.5510466694831848,0.5510466694831848,0.0,0.2607446920281259,False
1995-04-11,0.4500693082809448,0.4500693082809448,1.0,0.0,False
1995-04-12,0.43780946731567383,0.43780946731567383,1.0,0.0,False
1995-04-13,0.3553791046142578,0.3553791046142578,1.0,0.0,False
1995-04-17,0.45845139026641846,0.45845139026641846,1.0,0.0,False
1995-04-18,0.49498605728149414,0.49498605728149414,1.0,0.0,False
1995-04-19,0.58454829454422,0.58454829454422,0.0,0.29009387686121435,False
1995-04-20,0.6576435565948486,0.6576435565948486,0.0,0.29009387686121435,False
1995-04-21,0.5659843683242798,0.5659843683242798,1.0,0.29009387686121435,False
1995-04-24,0.5942373275756836,0.5942373275756836,0.0,0.29009387686121435,False
1995-04-25,0.5681865811347961,0.5681865811347961,0.0,0.29009387686121435,False
1995-04-26,0.5345738530158997,0.5345738530158997,1.0,0.29009387686121435,False
1995-04-27,0.5169735550880432,0.5169735550880432,1.0,0.0,False
1995-04-28,0.5112154483795166,0.5112154483795166,0.0,0.0,False
1995-05-01,0.4677935242652893,0.4677935242652893,0.0,0.0,False
1995-05-02,0.35924795269966125,0.35924795269966125,0.0,0.0,False
1995-05-03,0.3269546627998352,0.3269546627998352,1.0,0.0,False
1995-05-04,0.5363189578056335,0.5363189578056335,0.0,0.3951558309240114,False
1995-05-05,0.61160808801651,0.61160808801651,0.0,0.3951558309240114,False
1995-05-08,0.5336658358573914,0.5336658358573914,0.0,0.3951558309240114,False
1995-05-09,0.5111528635025024,0.5111528635025024,0.0,0.0,False
1995-05-10,0.5246000289916992,0.5246000289916992,0.0,0.43638834297811124,False
1995-05-11,0.5413533449172974,0.5413533449172974,0.0,0.43638834297811124,False
1995-05-12,0.5636615753173828,0.5636615753173828,1.0,0.43638834297811124,False
1995-05-15,0.5984231233596802,0.5984231233596802,1.0,0.43638834297811124,False
1995-05-16,0.5659803152084351,0.5659803152084351,1.0,0.43638834297811124,False
1995-05-17,0.4991382956504822,0.4991382956504822,1.0,0.0,False
1995-05-18,0.578109860420227,0.578109860420227,0.0,0.44201824203178813,False
1995-05-19,0.5990638136863708,0.5990638136863708,0.0,0.44201824203178813,False
1995-05-22,0.616881787776947,0.616881787776947,0.0,0.44201824203178813,False
1995-05-23,0.6095489859580994,0.6095489859580994,0.0,0.44201824203178813,False
1995-05-24,0.626107931137085,0.626107931137085,0.0,0.44201824203178813,False
1995-05-25,0.6083024740219116,0.6083024740219116,0.0,0.44201824203178813,False
1995-05-26,0.5698844790458679,0.5698844790458679,0.0,0.44201824203178813,False
1995-05-30,0.575377345085144,0.575377345085144,0.0,0.44201824203178813,False
1995-05-31,0.5477884411811829,0.5477884411811829,0.0,0.44201824203178813,False
1995-06-01,0.5122219920158386,0.5122219920158386,0.0,0.0,False
1995-06-02,0.48976415395736694,0.48976415395736694,0.0,0.0,False
1995-06-05,0.3984619677066803,0.3984619677066803,0.0,0.0,False
1995-06-06,0.3655354082584381,0.3655354082584381,0.0,0.0,False
1995-06-07,0.3460715413093567,0.3460715413093567,0.0,0.0,False
1995-06-08,0.4249093532562256,0.4249093532562256,0.0,0.0,False
1995-06-09,0.3718658685684204,0.3718658685684204,0.0,0.0,False
1995-06-12,0.4700659513473511,0.4700659513473511,0.0,0.0,False
1995-06-13,0.479714035987854,0.479714035987854,0.0,0.0,False
1995-06-14,0.4277231693267822,0.4277231693267822,0.0,0.0,False
1995-06-15,0.3365213871002197,0.3365213871002197,0.0,0.0,False
1995-06-16,0.4051681458950043,0.4051681458950043,0.0,0.0,False
1995-06-19,0.45831623673439026,0.45831623673439026,0.0,0.0,False
1995-06-20,0.4809108078479767,0.4809108078479767,0.0,0.0,False
1995-06-21,0.5794611573219299,0.5794611573219299,1.0,0.4418886066575709,False
1995-06-22,0.6025606393814087,0.6025606393814087,0.0,0.4418886066575709,False
1995-06-23,0.5718101263046265,0.5718101263046265,0.0,0.4418886066575709,False
1995-06-26,0.627817690372467,0.627817690372467,0.0,0.4418886066575709,False
1995-06-27,0.5573909878730774,0.5573909878730774,0.0,0.4418886066575709,False
1995-06-28,0.5403356552124023,0.5403356552124023,0.0,0.4418886066575709,False
1995-06-29,0.536948561668396,0.536948561668396,0.0,0.4418886066575709,False
1995-06-30,0.5007859468460083,0.5007859468460083,0.0,0.0,False
1995-07-03,0.516893208026886,0.516893208026886,0.0,0.0,False
1995-07-05,0.5341721773147583,0.5341721773147583,0.0,0.4220139890035115,False
1995-07-06,0.5009309649467468,0.5009309649467468,0.0,0.0,False
1995-07-07,0.42132043838500977,0.42132043838500977,0.0,0.0,False
1995-07-10,0.4943370521068573,0.4943370521068573,0.0,0.0,False
1995-07-11,0.4944908320903778,0.4944908320903778,0.0,0.0,False
1995-07-12,0.48630446195602417,0.48630446195602417,0.0,0.0,False
1995-07-13,0.5049614906311035,0.5049614906311035,0.0,0.0,False
1995-07-14,0.42058634757995605,0.42058634757995605,0.0,0.0,False
1995-07-17,0.47886043787002563,0.47886043787002563,0.0,0.0,False
1995-07-18,0.41799670457839966,0.41799670457839966,0.0,0.0,False
1995-07-19,0.49810516834259033,0.49810516834259033,0.0,0.0,False
1995-07-20,0.4283474385738373,0.4283474385738373,0.0,0.0,False
1995-07-21,0.3963697552680969,0.3963697552680969,0.0,0.0,False
1995-07-24,0.38799232244491577,0.38799232244491577,0.0,0.0,False
1995-07-25,0.44865882396698,0.44865882396698,0.0,0.0,False
1995-07-26,0.4660913646221161,0.4660913646221161,0.0,0.0,False
1995-07-27,0.4345662593841553,0.4345662593841553,0.0,0.0,False
1995-07-28,0.39365947246551514,0.39365947246551514,0.0,0.0,False
1995-07-31,0.41477274894714355,0.41477274894714355,0.0,0.0,False
1995-08-01,0.5426510572433472,0.5426510572433472,0.0,0.31725003174590166,False
1995-08-02,0.4718681573867798,0.4718681573867798,0.0,0.0,False
1995-08-03,0.5030696988105774,0.5030696988105774,0.0,0.0,False
1995-08-04,0.40886586904525757,0.40886586904525757,0.0,0.0,False
1995-08-07,0.4328685998916626,0.4328685998916626,0.0,0.0,False
1995-08-08,0.3768511116504669,0.3768511116504669,0.0,0.0,False
1995-08-09,0.4317927658557892,0.4317927658557892,0.0,0.0,False
1995-08-10,0.43627479672431946,0.43627479672431946,0.0,0.0,False
1995-08-11,0.428821861743927,0.428821861743927,0.0,0.0,False
1995-08-14,0.43017566204071045,0.43017566204071045,0.0,0.0,False
1995-08-15,0.35019776225090027,0.35019776225090027,0.0,0.0,False
1995-08-16,0.46267935633659363,0.46267935633659363,0.0,0.0,False
1995-08-17,0.6286521553993225,0.6286521553993225,0.0,0.37773621999845497,False
1995-08-18,0.6600690484046936,0.6600690484046936,0.0,0.4917638627145508,False
1995-08-21,0.46102508902549744,0.46102508902549744,0.0,0.0,False
1995-08-22,0.49721968173980713,0.49721968173980713,0.0,0.0,False
1995-08-23,0.5582706928253174,0.5582706928253174,0.0,0.5186261549988348,False
1995-08-24,0.5692234039306641,0.5692234039306641,0.0,0.5186261549988348,False
1995-08-25,0.611233651638031,0.611233651638031,0.0,0.5186261549988348,False
1995-08-28,0.5039997100830078,0.5039997100830078,0.0,0.0,False
1995-08-29,0.5368597507476807,0.5368597507476807,0.0,0.5639384414548101,False
1995-08-30,0.5085000395774841,0.5085000395774841,0.0,0.0,False
1995-08-31,0.43325281143188477,0.43325281143188477,0.0,0.0,False
1995-09-01,0.5205408930778503,0.5205408930778503,0.0,0.6117533899684654,False
1995-09-05,0.3820340037345886,0.3820340037345886,0.0,0.0,False
1995-09-06,0.4530240297317505,0.4530240297317505,0.0,0.0,False
1995-09-07,0.5949195027351379,0.5949195027351379,0.0,0.6363259805492608,False
1995-09-08,0.31291207671165466,0.31291207671165466,0.0,0.0,False
1995-09-11,0.5638113617897034,0.5638113617897034,0.0,0.6339132635963639,False
1995-09-12,0.47503259778022766,0.47503259778022766,0.0,0.0,False
1995-09-13,0.5030998587608337,0.5030998587608337,0.0,0.0,False
1995-09-14,0.4295791685581207,0.4295791685581207,0.0,0.0,False
1995-09-15,0.44722917675971985,0.44722917675971985,0.0,0.0,False
1995-09-18,0.4352717697620392,0.4352717697620392,0.0,0.0,False
1995-09-19,0.4375999867916107,0.4375999867916107,0.0,0.0,False
1995-09-20,0.4132172763347626,0.4132172763347626,0.0,0.0,False
1995-09-21,0.4527508616447449,0.4527508616447449,0.0,0.0,False
1995-09-22,0.34888583421707153,0.34888583421707153,0.0,0.0,False
1995-09-25,0.4810747504234314,0.4810747504234314,0.0,0.0,False
1995-09-26,0.4372665584087372,0.4372665584087372,0.0,0.0,False
1995-09-27,0.44427064061164856,0.44427064061164856,0.0,0.0,False
1995-09-28,0.3978516459465027,0.3978516459465027,0.0,0.0,False
1995-09-29,0.3841511607170105,0.3841511607170105,0.0,0.0,False
1995-10-02,0.46895724534988403,0.46895724534988403,0.0,0.0,False
1995-10-03,0.4716092348098755,0.4716092348098755,0.0,0.0,False
1995-10-04,0.4502420723438263,0.4502420723438263,0.0,0.0,False
1995-10-05,0.44579577445983887,0.44579577445983887,0.0,0.0,False
1995-10-06,0.3665577173233032,0.3665577173233032,0.0,0.0,False
1995-10-09,0.37030893564224243,0.37030893564224243,0.0,0.0,False
1995-10-10,0.3504011034965515,0.3504011034965515,0.0,0.0,False
1995-10-11,0.3807614743709564,0.3807614743709564,0.0,0.0,False
1995-10-12,0.39568960666656494,0.39568960666656494,0.0,0.0,False
1995-10-13,0.46883049607276917,0.46883049607276917,0.0,0.0,False
1995-10-16,0.37454408407211304,0.37454408407211304,0.0,0.0,False
1995-10-17,0.4668847620487213,0.4668847620487213,0.0,0.0,False
1995-10-18,0.46774613857269287,0.46774613857269287,0.0,0.0,False
1995-10-19,0.5260111093521118,0.5260111093521118,0.0,0.3883921419693916,False
1995-10-20,0.5481430292129517,0.5481430292129517,0.0,0.3883921419693916,False
1995-10-23,0.4707050621509552,0.4707050621509552,0.0,0.0,False
1995-10-24,0.5470450520515442,0.5470450520515442,0.0,0.3891964469417646,False
1995-10-25,0.5135395526885986,0.5135395526885986,0.0,0.0,False
1995-10-26,0.3478532135486603,0.3478532135486603,0.0,0.0,False
1995-10-27,0.5543174743652344,0.5543174743652344,0.0,0.44693202654656844,False
1995-10-30,0.41399237513542175,0.41399237513542175,0.0,0.0,False
1995-10-31,0.48100367188453674,0.48100367188453674,0.0,0.0,False
1995-11-01,0.49690577387809753,0.49690577387809753,0.0,0.0,False
1995-11-02,0.45099684596061707,0.45099684596061707,0.0,0.0,False
1995-11-03,0.48127511143684387,0.48127511143684387,0.0,0.0,False
1995-11-06,0.5108747482299805,0.5108747482299805,0.0,0.0,False
1995-11-07,0.5778199434280396,0.5778199434280396,1.0,0.40888408456493386,False
1995-11-08,0.5409818291664124,0.5409818291664124,1.0,0.40888408456493386,False
1995-11-09,0.5418432950973511,0.5418432950973511,0.0,0.40888408456493386,False
1995-11-10,0.5512214303016663,0.5512214303016663,0.0,0.40888408456493386,False
1995-11-13,0.5573957562446594,0.5573957562446594,1.0,0.40888408456493386,False
1995-11-14,0.5318122506141663,0.5318122506141663,1.0,0.40888408456493386,False
1995-11-15,0.6378432512283325,0.6378432512283325,0.0,0.40888408456493386,False
1995-11-16,0.5588204860687256,0.5588204860687256,0.0,0.5134903093956426,False
1995-11-17,0.5237279534339905,0.5237279534339905,0.0,0.5134903093956426,False
1995-11-20,0.5960097312927246,0.5960097312927246,0.0,0.5134903093956426,False
1995-11-21,0.5490068197250366,0.5490068197250366,0.0,0.5134903093956426,False
1995-11-22,0.5307518839836121,0.5307518839836121,0.0,0.5134903093956426,False
1995-11-24,0.5207581520080566,0.5207581520080566,1.0,0.5134903093956426,False
1995-11-27,0.5553552508354187,0.5553552508354187,1.0,0.5134903093956426,False
1995-11-28,0.49838873744010925,0.49838873744010925,1.0,0.0,False
1995-11-29,0.4735097587108612,0.4735097587108612,0.0,0.0,False
1995-11-30,0.4347299337387085,0.4347299337387085,0.0,0.0,False
1995-12-01,0.38930365443229675,0.38930365443229675,0.0,0.0,False
1995-12-04,0.5225463509559631,0.5225463509559631,0.0,0.3590859739077187,False
1995-12-05,0.46065860986709595,0.46065860986709595,0.0,0.0,False
1995-12-06,0.4333902895450592,0.4333902895450592,0.0,0.0,False
1995-12-07,0.4440215528011322,0.4440215528011322,0.0,0.0,False
1995-12-08,0.40769538283348083,0.40769538283348083,0.0,0.0,False
1995-12-11,0.44935598969459534,0.44935598969459534,0.0,0.0,False
1995-12-12,0.4425452947616577,0.4425452947616577,0.0,0.0,False
1995-12-13,0.5256204605102539,0.5256204605102539,0.0,0.41874399557790126,False
1995-12-14,0.41838136315345764,0.41838136315345764,0.0,0.0,False
1995-12-15,0.4509514570236206,0.4509514570236206,0.0,0.0,False
1995-12-18,0.4353472590446472,0.4353472590446472,0.0,0.0,False
1995-12-19,0.3686136305332184,0.3686136305332184,0.0,0.0,False
1995-12-20,0.39020058512687683,0.39020058512687683,0.0,0.0,False
1995-12-21,0.3881763815879822,0.3881763815879822,0.0,0.0,False
1995-12-22,0.4700447618961334,0.4700447618961334,0.0,0.0,False
1995-12-26,0.4293350279331207,0.4293350279331207,0.0,0.0,False
1995-12-27,0.4420199692249298,0.4420199692249298,0.0,0.0,False
1995-12-28,0.4885024428367615,0.4885024428367615,0.0,0.0,False
1995-12-29,0.5917959809303284,0.5917959809303284,0.0,0.31795864134335106,False
1996-01-02,0.4191938042640686,0.4191938042640686,0.0,0.0,False
1996-01-03,0.42882221937179565,0.42882221937179565,0.0,0.0,False
1996-01-04,0.5126376748085022,0.5126376748085022,0.0,0.0,False
1996-01-05,0.42732176184654236,0.42732176184654236,0.0,0.0,False
1996-01-08,0.43850305676460266,0.43850305676460266,0.0,0.0,False
1996-01-09,0.48292598128318787,0.48292598128318787,0.0,0.0,False
1996-01-10,0.5160850286483765,0.5160850286483765,0.0,0.0,False
1996-01-11,0.4854470193386078,0.4854470193386078,0.0,0.0,False
1996-01-12,0.5339124202728271,0.5339124202728271,0.0,0.24753917766201958,False
1996-01-15,0.5649159550666809,0.5649159550666809,0.0,0.24753917766201958,False
1996-01-16,0.39251258969306946,0.39251258969306946,0.0,0.0,False
1996-01-17,0.39903736114501953,0.39903736114501953,1.0,0.0,False
1996-01-18,0.5071011781692505,0.5071011781692505,0.0,0.0,False
1996-01-19,0.5828176736831665,0.5828176736831665,0.0,0.2735267476891928,False
1996-01-22,0.6132686138153076,0.6132686138153076,0.0,0.2735267476891928,False
1996-01-23,0.5834997296333313,0.5834997296333313,2.0,0.2735267476891928,False
1996-01-24,0.6520959734916687,0.6520959734916687,2.0,0.2735267476891928,False
1996-01-25,0.6524003744125366,0.6524003744125366,2.0,0.2735267476891928,False
1996-01-26,0.5265085697174072,0.5265085697174072,2.0,0.2735267476891928,False
1996-01-29,0.604563295841217,0.604563295841217,2.0,0.2735267476891928,False
1996-01-30,0.6940731406211853,0.6940731406211853,2.0,0.2735267476891928,False
1996-01-31,0.6242637634277344,0.6242637634277344,2.0,0.2735267476891928,False
1996-02-01,0.5647568106651306,0.5647568106651306,2.0,0.2735267476891928,False
1996-02-02,0.590472936630249,0.590472936630249,0.0,0.2735267476891928,False
1996-02-05,0.4547649621963501,0.4547649621963501,0.0,0.0,False
1996-02-06,0.5128491520881653,0.5128491520881653,0.0,0.0,False
1996-02-07,0.5347799062728882,0.5347799062728882,0.0,0.26131868926001817,False
1996-02-08,0.3582121431827545,0.3582121431827545,0.0,0.0,False
1996-02-09,0.40967753529548645,0.40967753529548645,0.0,0.0,False
1996-02-12,0.3681707978248596,0.3681707978248596,0.0,0.0,False
1996-02-13,0.3408055305480957,0.3408055305480957,0.0,0.0,False
1996-02-14,0.358629047870636,0.358629047870636,0.0,0.0,False
1996-02-15,0.3142792880535126,0.3142792880535126,0.0,0.0,False
1996-02-16,0.3584904670715332,0.3584904670715332,0.0,0.0,False
1996-02-20,0.5142132043838501,0.5142132043838501,0.0,0.0,False
1996-02-21,0.3777548670768738,0.3777548670768738,0.0,0.0,False
1996-02-22,0.30905136466026306,0.30905136466026306,0.0,0.0,False
1996-02-23,0.38671010732650757,0.38671010732650757,0.0,0.0,False
1996-02-26,0.43961212038993835,0.43961212038993835,0.0,0.0,False
1996-02-27,0.45352211594581604,0.45352211594581604,0.0,0.0,False
1996-02-28,0.5414758920669556,0.5414758920669556,0.0,0.38923289072421785,False
1996-02-29,0.5584592819213867,0.5584592819213867,0.0,0.38923289072421785,False
1996-03-01,0.5114384889602661,0.5114384889602661,0.0,0.0,False
1996-03-04,0.48709818720817566,0.48709818720817566,0.0,0.0,False
1996-03-05,0.4868859052658081,0.4868859052658081,0.0,0.0,False
1996-03-06,0.5666055083274841,0.5666055083274841,0.0,0.40872785537164913,False
1996-03-07,0.5972802042961121,0.5972802042961121,0.0,0.40872785537164913,False
1996-03-08,0.5974487662315369,0.5974487662315369,0.0,0.40872785537164913,False
1996-03-11,0.540118932723999,0.540118932723999,0.0,0.40872785537164913,False
1996-03-12,0.545120120048523,0.545120120048523,0.0,0.40872785537164913,False
1996-03-13,0.556283712387085,0.556283712387085,0.0,0.40872785537164913,False
1996-03-14,0.5999647378921509,0.5999647378921509,0.0,0.40872785537164913,False
1996-03-15,0.6023897528648376,0.6023897528648376,0.0,0.40872785537164913,False
1996-03-18,0.4598091244697571,0.4598091244697571,0.0,0.0,False
1996-03-19,0.39973825216293335,0.39973825216293335,0.0,0.0,False
1996-03-20,0.5647876262664795,0.5647876262664795,0.0,0.6957274637264081,False
1996-03-21,0.6076121926307678,0.6076121926307678,0.0,0.6957274637264081,False
1996-03-22,0.5950440764427185,0.5950440764427185,0.0,0.6957274637264081,False
1996-03-25,0.578846275806427,0.578846275806427,0.0,0.5541164210103362,False
1996-03-26,0.5259084701538086,0.5259084701538086,0.0,0.5541164210103362,False
1996-03-27,0.5759819746017456,0.5759819746017456,0.0,0.44157489559968455,False
1996-03-28,0.6099571585655212,0.6099571585655212,0.0,0.44157489559968455,False
1996-03-29,0.5565023422241211,0.5565023422241211,0.0,0.44157489559968455,False
1996-04-01,0.5569890141487122,0.5569890141487122,0.0,0.44157489559968455,False
1996-04-02,0.5409899353981018,0.5409899353981018,0.0,0.44157489559968455,False
1996-04-03,0.5737529397010803,0.5737529397010803,0.0,0.44157489559968455,False
1996-04-04,0.502659797668457,0.502659797668457,0.0,0.0,False
1996-04-08,0.5077449083328247,0.5077449083328247,0.0,0.0,False
1996-04-09,0.5327537655830383,0.5327537655830383,0.0,0.32330506479102467,False
1996-04-10,0.5317423939704895,0.5317423939704895,0.0,0.32330506479102467,False
1996-04-11,0.5393382906913757,0.5393382906913757,0.0,0.32330506479102467,False
1996-04-12,0.46842753887176514,0.46842753887176514,0.0,0.0,False
1996-04-15,0.47741785645484924,0.47741785645484924,0.0,0.0,False
1996-04-16,0.5320692658424377,0.5320692658424377,0.0,0.3224050152728304,False
1996-04-17,0.5588973164558411,0.5588973164558411,0.0,0.3224050152728304,False
1996-04-18,0.579342782497406,0.579342782497406,0.0,0.3224050152728304,False
1996-04-19,0.5310192704200745,0.5310192704200745,0.0,0.3224050152728304,False
1996-04-22,0.5578040480613708,0.5578040480613708,0.0,0.3224050152728304,False
1996-04-23,0.5759224891662598,0.5759224891662598,0.0,0.3224050152728304,False
1996-04-24,0.5714764595031738,0.5714764595031738,0.0,0.3224050152728304,False
1996-04-25,0.47140389680862427,0.47140389680862427,0.0,0.0,False
1996-04-26,0.543591320514679,0.543591320514679,0.0,0.4121632966192457,False
1996-04-29,0.5053622722625732,0.5053622722625732,0.0,0.0,False
1996-04-30,0.4713599383831024,0.4713599383831024,0.0,0.0,False
1996-05-01,0.4329496920108795,0.4329496920108795,0.0,0.0,False
1996-05-02,0.4353350102901459,0.4353350102901459,0.0,0.0,False
1996-05-03,0.4494796395301819,0.4494796395301819,0.0,0.0,False
1996-05-06,0.5462589263916016,0.5462589263916016,0.0,0.3566106969505847,False
1996-05-07,0.6843516230583191,0.6843516230583191,0.0,0.3566106969505847,False
1996-05-08,0.6616929173469543,0.6616929173469543,0.0,0.3566106969505847,False
1996-05-09,0.594609260559082,0.594609260559082,0.0,0.3566106969505847,False
1996-05-10,0.4415555000305176,0.4415555000305176,0.0,0.0,False
1996-05-13,0.5860263705253601,0.5860263705253601,0.0,0.35498532028015545,False
1996-05-14,0.528052568435669,0.528052568435669,0.0,0.35498532028015545,False
1996-05-15,0.6036800146102905,0.6036800146102905,1.0,0.35498532028015545,False
1996-05-16,0.6466615796089172,0.6466615796089172,1.0,0.35498532028015545,False
1996-05-17,0.6039995551109314,0.6039995551109314,1.0,0.35498532028015545,False
1996-05-20,0.4727725088596344,0.4727725088596344,1.0,0.0,False
1996-05-21,0.5701768398284912,0.5701768398284912,1.0,0.3361142864707496,False
1996-05-22,0.5226668119430542,0.5226668119430542,0.0,0.3361142864707496,False
1996-05-23,0.5074484944343567,0.5074484944343567,0.0,0.0,False
1996-05-24,0.51605623960495,0.51605623960495,1.0,0.0,False
1996-05-28,0.46626731753349304,0.46626731753349304,0.0,0.0,False
1996-05-29,0.5285901427268982,0.5285901427268982,0.0,0.29482802209700065,False
1996-05-30,0.5422080755233765,0.5422080755233765,0.0,0.29482802209700065,False
1996-05-31,0.4332345128059387,0.4332345128059387,1.0,0.0,False
1996-06-03,0.5735020637512207,0.5735020637512207,1.0,0.2729742017913447,False
1996-06-04,0.5922905206680298,0.5922905206680298,0.0,0.2729742017913447,False
1996-06-05,0.45980459451675415,0.45980459451675415,0.0,0.0,False
1996-06-06,0.5158014297485352,0.5158014297485352,0.0,0.0,False
1996-06-07,0.47771427035331726,0.47771427035331726,0.0,0.0,False
1996-06-10,0.48418036103248596,0.48418036103248596,0.0,0.0,False
1996-06-11,0.4202828109264374,0.4202828109264374,0.0,0.0,False
1996-06-12,0.4480506181716919,0.4480506181716919,0.0,0.0,False
1996-06-13,0.4612704813480377,0.4612704813480377,0.0,0.0,False
1996-06-14,0.3888619840145111,0.3888619840145111,0.0,0.0,False
1996-06-17,0.3580883741378784,0.3580883741378784,0.0,0.0,False
1996-06-18,0.4167327284812927,0.4167327284812927,0.0,0.0,False
1996-06-19,0.465689480304718,0.465689480304718,0.0,0.0,False
1996-06-20,0.4071490466594696,0.4071490466594696,0.0,0.0,False
1996-06-21,0.4104801416397095,0.4104801416397095,0.0,0.0,False
1996-06-24,0.43214043974876404,0.43214043974876404,0.0,0.0,False
1996-06-25,0.603464663028717,0.603464663028717,0.0,0.31884767967242006,False
1996-06-26,0.6490026712417603,0.6490026712417603,0.0,0.31884767967242006,False
1996-06-27,0.4758133888244629,0.4758133888244629,0.0,0.0,False
1996-06-28,0.501418948173523,0.501418948173523,0.0,0.0,False
1996-07-01,0.4608459770679474,0.4608459770679474,0.0,0.0,False
1996-07-02,0.43617385625839233,0.43617385625839233,0.0,0.0,False
1996-07-03,0.6032601594924927,0.6032601594924927,0.0,0.31334307567876657,False
1996-07-05,0.5557478070259094,0.5557478070259094,0.0,0.31334307567876657,False
1996-07-08,0.596752941608429,0.596752941608429,0.0,0.31334307567876657,False
1996-07-09,0.5853390693664551,0.5853390693664551,0.0,0.31334307567876657,False
1996-07-10,0.515068769454956,0.515068769454956,0.0,0.0,False
1996-07-11,0.40746787190437317,0.40746787190437317,0.0,0.0,False
1996-07-12,0.5130462646484375,0.5130462646484375,0.0,0.0,False
1996-07-15,0.5646234154701233,0.5646234154701233,0.0,0.3065451422318821,False
1996-07-16,0.49377772212028503,0.49377772212028503,0.0,0.0,False
1996-07-17,0.5180116295814514,0.5180116295814514,0.0,0.0,False
1996-07-18,0.3694399297237396,0.3694399297237396,2.0,0.0,False
1996-07-19,0.3069552183151245,0.3069552183151245,2.0,0.0,False
1996-07-22,0.2612253427505493,0.2612253427505493,2.0,0.0,False
1996-07-23,0.3169553577899933,0.3169553577899933,2.0,0.0,False
1996-07-24,0.2755575478076935,0.2755575478076935,2.0,0.0,False
1996-07-25,0.32469314336776733,0.32469314336776733,2.0,0.0,False
1996-07-26,0.3959822654724121,0.3959822654724121,2.0,0.0,False
1996-07-29,0.39266353845596313,0.39266353845596313,2.0,0.0,False
1996-07-30,0.4397576153278351,0.4397576153278351,2.0,0.0,False
1996-07-31,0.47759583592414856,0.47759583592414856,2.0,0.0,False
1996-08-01,0.42152708768844604,0.42152708768844604,2.0,0.0,False
1996-08-02,0.44183504581451416,0.44183504581451416,2.0,0.0,False
1996-08-05,0.4674069285392761,0.4674069285392761,2.0,0.0,False
1996-08-06,0.4696458876132965,0.4696458876132965,2.0,0.0,False
1996-08-07,0.4379854202270508,0.4379854202270508,2.0,0.0,False
1996-08-08,0.5107259750366211,0.5107259750366211,2.0,0.0,False
1996-08-09,0.47540774941444397,0.47540774941444397,2.0,0.0,False
1996-08-12,0.4840562045574188,0.4840562045574188,2.0,0.0,False
1996-08-13,0.5831620693206787,0.5831620693206787,2.0,0.1625597681092845,False
1996-08-14,0.5418871641159058,0.5418871641159058,2.0,0.1625597681092845,False
1996-08-15,0.5077186822891235,0.5077186822891235,0.0,0.0,False
1996-08-16,0.5293647646903992,0.5293647646903992,0.0,0.35588869588682226,False
1996-08-19,0.5671938061714172,0.5671938061714172,1.0,0.35588869588682226,False
1996-08-20,0.5148146152496338,0.5148146152496338,1.0,0.0,False
1996-08-21,0.5254887938499451,0.5254887938499451,1.0,0.33391826821074305,False
1996-08-22,0.4805081784725189,0.4805081784725189,1.0,0.0,False
1996-08-23,0.5337859392166138,0.5337859392166138,1.0,0.3494510434715399,False
1996-08-26,0.5335602164268494,0.5335602164268494,1.0,0.3494510434715399,False
1996-08-27,0.5876827239990234,0.5876827239990234,1.0,0.3494510434715399,False
1996-08-28,0.5768989324569702,0.5768989324569702,1.0,0.3494510434715399,False
1996-08-29,0.5373194813728333,0.5373194813728333,1.0,0.3494510434715399,False
1996-08-30,0.5473557114601135,0.5473557114601135,1.0,0.3494510434715399,False
1996-09-03,0.5612134337425232,0.5612134337425232,1.0,0.3494510434715399,False
1996-09-04,0.6848610639572144,0.6848610639572144,0.0,0.3494510434715399,False
1996-09-05,0.4622129797935486,0.4622129797935486,0.0,0.0,False
1996-09-06,0.4891149401664734,0.4891149401664734,0.0,0.0,False
1996-09-09,0.487204372882843,0.487204372882843,0.0,0.0,False
1996-09-10,0.47894665598869324,0.47894665598869324,0.0,0.0,False
1996-09-11,0.429645836353302,0.429645836353302,0.0,0.0,False
1996-09-12,0.4514501392841339,0.4514501392841339,0.0,0.0,False
1996-09-13,0.43447279930114746,0.43447279930114746,0.0,0.0,False
1996-09-16,0.4644930064678192,0.4644930064678192,0.0,0.0,False
1996-09-17,0.36471477150917053,0.36471477150917053,0.0,0.0,False
1996-09-18,0.388861745595932,0.388861745595932,0.0,0.0,False
1996-09-19,0.44749075174331665,0.44749075174331665,0.0,0.0,False
1996-09-20,0.4426890015602112,0.4426890015602112,0.0,0.0,False
1996-09-23,0.38552126288414,0.38552126288414,0.0,0.0,False
1996-09-24,0.3377372920513153,0.3377372920513153,0.0,0.0,False
1996-09-25,0.3615694046020508,0.3615694046020508,0.0,0.0,False
1996-09-26,0.34263432025909424,0.34263432025909424,0.0,0.0,False
1996-09-27,0.3703565299510956,0.3703565299510956,0.0,0.0,False
1996-09-30,0.487140029668808,0.487140029668808,0.0,0.0,False
1996-10-01,0.5701836347579956,0.5701836347579956,1.0,0.2542415514599774,False
1996-10-02,0.5913065075874329,0.5913065075874329,1.0,0.2542415514599774,False
1996-10-03,0.6060397028923035,0.6060397028923035,0.0,0.2542415514599774,False
1996-10-04,0.5996185541152954,0.5996185541152954,1.0,0.2542415514599774,False
1996-10-07,0.6350711584091187,0.6350711584091187,1.0,0.2542415514599774,False
1996-10-08,0.534293532371521,0.534293532371521,1.0,0.2542415514599774,False
1996-10-09,0.493257999420166,0.493257999420166,1.0,0.0,False
1996-10-10,0.5905883312225342,0.5905883312225342,1.0,0.2567409145263881,False
1996-10-11,0.5194056630134583,0.5194056630134583,1.0,0.0,False
1996-10-14,0.5029709935188293,0.5029709935188293,1.0,0.0,False
1996-10-15,0.5542547106742859,0.5542547106742859,1.0,0.27400223002813623,False
1996-10-16,0.5499187111854553,0.5499187111854553,1.0,0.27400223002813623,False
1996-10-17,0.6130971908569336,0.6130971908569336,1.0,0.27400223002813623,False
1996-10-18,0.624059796333313,0.624059796333313,1.0,0.27400223002813623,False
1996-10-21,0.635890007019043,0.635890007019043,1.0,0.27400223002813623,False
1996-10-22,0.5827771425247192,0.5827771425247192,1.0,0.27400223002813623,False
1996-10-23,0.5991403460502625,0.5991403460502625,1.0,0.27400223002813623,False
1996-10-24,0.5476087927818298,0.5476087927818298,1.0,0.27400223002813623,False
1996-10-25,0.5087419152259827,0.5087419152259827,1.0,0.0,False
1996-10-28,0.5066601037979126,0.5066601037979126,1.0,0.0,False
1996-10-29,0.4831507205963135,0.4831507205963135,0.0,0.0,False
1996-10-30,0.5063493847846985,0.5063493847846985,0.0,0.0,False
1996-10-31,0.6037357449531555,0.6037357449531555,0.0,0.38941224974287597,False
1996-11-01,0.47785505652427673,0.47785505652427673,0.0,0.0,False
1996-11-04,0.3792908191680908,0.3792908191680908,0.0,0.0,False
1996-11-05,0.41171300411224365,0.41171300411224365,1.0,0.0,False
1996-11-06,0.44883981347084045,0.44883981347084045,1.0,0.0,False
1996-11-07,0.4870695471763611,0.4870695471763611,0.0,0.0,False
1996-11-08,0.493631511926651,0.493631511926651,1.0,0.0,False
1996-11-11,0.4657028615474701,0.4657028615474701,0.0,0.0,False
1996-11-12,0.4750638008117676,0.4750638008117676,0.0,0.0,False
1996-11-13,0.45542341470718384,0.45542341470718384,0.0,0.0,False
1996-11-14,0.45560479164123535,0.45560479164123535,0.0,0.0,False
1996-11-15,0.482818603515625,0.482818603515625,0.0,0.0,False
1996-11-18,0.4471460282802582,0.4471460282802582,0.0,0.0,False
1996-11-19,0.452477365732193,0.452477365732193,0.0,0.0,False
1996-11-20,0.46382567286491394,0.46382567286491394,0.0,0.0,False
1996-11-21,0.4608931243419647,0.4608931243419647,0.0,0.0,False
1996-11-22,0.42377379536628723,0.42377379536628723,0.0,0.0,False
1996-11-25,0.4445759654045105,0.4445759654045105,0.0,0.0,False
1996-11-26,0.4756223261356354,0.4756223261356354,0.0,0.0,False
1996-11-27,0.40863707661628723,0.40863707661628723,0.0,0.0,False
1996-11-29,0.35460230708122253,0.35460230708122253,0.0,0.0,False
1996-12-02,0.42067280411720276,0.42067280411720276,0.0,0.0,False
1996-12-03,0.4303818941116333,0.4303818941116333,0.0,0.0,False
1996-12-04,0.42919912934303284,0.42919912934303284,0.0,0.0,False
1996-12-05,0.45332086086273193,0.45332086086273193,0.0,0.0,False
1996-12-06,0.48438364267349243,0.48438364267349243,0.0,0.0,False
1996-12-09,0.5488889217376709,0.5488889217376709,0.0,0.5234429008332362,False
1996-12-10,0.4231850206851959,0.4231850206851959,0.0,0.0,False
1996-12-11,0.38052475452423096,0.38052475452423096,0.0,0.0,False
1996-12-12,0.44021227955818176,0.44021227955818176,0.0,0.0,False
1996-12-13,0.3820277154445648,0.3820277154445648,0.0,0.0,False
1996-12-16,0.4098731279373169,0.4098731279373169,0.0,0.0,False
1996-12-17,0.5549725890159607,0.5549725890159607,0.0,0.5157284803976632,False
1996-12-18,0.4773663580417633,0.4773663580417633,0.0,0.0,False
1996-12-19,0.44713813066482544,0.44713813066482544,0.0,0.0,False
1996-12-20,0.47886353731155396,0.47886353731155396,0.0,0.0,False
1996-12-23,0.4085244834423065,0.4085244834423065,0.0,0.0,False
1996-12-24,0.31177377700805664,0.31177377700805664,0.0,0.0,False
1996-12-26,0.39861300587654114,0.39861300587654114,0.0,0.0,False
1996-12-27,0.41660985350608826,0.41660985350608826,0.0,0.0,False
1996-12-30,0.43785107135772705,0.43785107135772705,0.0,0.0,False
1996-12-31,0.5223770141601562,0.5223770141601562,0.0,0.3845261537859916,False
1997-01-02,0.46402597427368164,0.46402597427368164,0.0,0.0,False
1997-01-03,0.4614827334880829,0.4614827334880829,0.0,0.0,False
1997-01-06,0.7209102511405945,0.7209102511405945,2.0,0.2027043693807669,False
1997-01-07,0.7066018581390381,0.7066018581390381,2.0,0.2027043693807669,False
1997-01-08,0.7211910486221313,0.7211910486221313,2.0,0.2027043693807669,False
1997-01-09,0.7488909959793091,0.7488909959793091,2.0,0.2027043693807669,False
1997-01-10,0.6281642317771912,0.6281642317771912,2.0,0.2027043693807669,False
1997-01-13,0.7040835022926331,0.7040835022926331,2.0,0.2027043693807669,False
1997-01-14,0.5768627524375916,0.5768627524375916,2.0,0.2027043693807669,False
1997-01-15,0.6578347682952881,0.6578347682952881,2.0,0.2027043693807669,False
1997-01-16,0.7278227210044861,0.7278227210044861,2.0,0.2027043693807669,False
1997-01-17,0.7240013480186462,0.7240013480186462,2.0,0.2027043693807669,False
1997-01-20,0.6976723670959473,0.6976723670959473,2.0,0.2027043693807669,False
1997-01-21,0.5900131464004517,0.5900131464004517,2.0,0.2027043693807669,False
1997-01-22,0.6217063069343567,0.6217063069343567,2.0,0.2027043693807669,False
1997-01-23,0.587762176990509,0.587762176990509,2.0,0.2027043693807669,False
1997-01-24,0.6994407176971436,0.6994407176971436,2.0,0.2027043693807669,False
1997-01-27,0.659729540348053,0.659729540348053,2.0,0.2027043693807669,False
1997-01-28,0.6991676688194275,0.6991676688194275,2.0,0.2027043693807669,False
1997-01-29,0.665592610836029,0.665592610836029,2.0,0.2027043693807669,False
1997-01-30,0.5971975922584534,0.5971975922584534,2.0,0.2027043693807669,False
1997-01-31,0.3660860061645508,0.3660860061645508,0.0,0.0,False
1997-02-03,0.388015478849411,0.388015478849411,0.0,0.0,False
1997-02-04,0.6505320072174072,0.6505320072174072,0.0,0.48004536400270137,False
1997-02-05,0.7273643612861633,0.7273643612861633,0.0,0.48004536400270137,False
1997-02-06,0.6229522228240967,0.6229522228240967,0.0,0.48004536400270137,False
1997-02-07,0.5551630258560181,0.5551630258560181,0.0,0.48004536400270137,False
1997-02-10,0.5708948969841003,0.5708948969841003,0.0,0.48004536400270137,False
1997-02-11,0.33973798155784607,0.33973798155784607,0.0,0.0,False
1997-02-12,0.36009082198143005,0.36009082198143005,0.0,0.0,False
1997-02-13,0.26176369190216064,0.26176369190216064,0.0,0.0,False
1997-02-14,0.3449563980102539,0.3449563980102539,0.0,0.0,False
1997-02-18,0.3276350498199463,0.3276350498199463,1.0,0.0,False
1997-02-19,0.3248189091682434,0.3248189091682434,0.0,0.0,False
1997-02-20,0.4526115357875824,0.4526115357875824,0.0,0.0,False
1997-02-21,0.5081407427787781,0.5081407427787781,0.0,0.0,False
1997-02-24,0.5056304335594177,0.5056304335594177,0.0,0.0,False
1997-02-25,0.42353081703186035,0.42353081703186035,0.0,0.0,False
1997-02-26,0.4805053174495697,0.4805053174495697,0.0,0.0,False
1997-02-27,0.387165904045105,0.387165904045105,0.0,0.0,False
1997-02-28,0.40109992027282715,0.40109992027282715,0.0,0.0,False
1997-03-03,0.476131796836853,0.476131796836853,0.0,0.0,False
1997-03-04,0.46856653690338135,0.46856653690338135,0.0,0.0,False
1997-03-05,0.513075053691864,0.513075053691864,1.0,0.0,False
1997-03-06,0.47754907608032227,0.47754907608032227,1.0,0.0,False
1997-03-07,0.48835745453834534,0.48835745453834534,0.0,0.0,False
1997-03-10,0.4631848931312561,0.4631848931312561,0.0,0.0,False
1997-03-11,0.4341115355491638,0.4341115355491638,0.0,0.0,False
1997-03-12,0.4835817813873291,0.4835817813873291,0.0,0.0,False
1997-03-13,0.4586251378059387,0.4586251378059387,0.0,0.0,False
1997-03-14,0.5279806852340698,0.5279806852340698,0.0,0.31291243565010574,False
1997-03-17,0.46100249886512756,0.46100249886512756,0.0,0.0,False
1997-03-18,0.4297223389148712,0.4297223389148712,0.0,0.0,False
1997-03-19,0.47726520895957947,0.47726520895957947,0.0,0.0,False
1997-03-20,0.637553334236145,0.637553334236145,0.0,0.379571698509122,False
1997-03-21,0.5495507717132568,0.5495507717132568,0.0,0.379571698509122,False
1997-03-24,0.49392470717430115,0.49392470717430115,0.0,0.0,False
1997-03-25,0.4718572199344635,0.4718572199344635,0.0,0.0,False
1997-03-26,0.4913278818130493,0.4913278818130493,0.0,0.0,False
1997-03-27,0.5154558420181274,0.5154558420181274,1.0,0.0,False
1997-03-31,0.605817973613739,0.605817973613739,1.0,0.2809172054439814,False
1997-04-01,0.6574755311012268,0.6574755311012268,1.0,0.2809172054439814,False
1997-04-02,0.6445906162261963,0.6445906162261963,1.0,0.2809172054439814,False
1997-04-03,0.718288779258728,0.718288779258728,1.0,0.2809172054439814,False
1997-04-04,0.5397412180900574,0.5397412180900574,1.0,0.2809172054439814,False
1997-04-07,0.5276885628700256,0.5276885628700256,1.0,0.2809172054439814,False
1997-04-08,0.5943974852561951,0.5943974852561951,1.0,0.2809172054439814,False
1997-04-09,0.5281345844268799,0.5281345844268799,1.0,0.2809172054439814,False
1997-04-10,0.6588850021362305,0.6588850021362305,1.0,0.2809172054439814,False
1997-04-11,0.5963176488876343,0.5963176488876343,1.0,0.2809172054439814,False
1997-04-14,0.6150291562080383,0.6150291562080383,1.0,0.2809172054439814,False
1997-04-15,0.5731199979782104,0.5731199979782104,1.0,0.2809172054439814,False
1997-04-16,0.6375809907913208,0.6375809907913208,1.0,0.2809172054439814,False
1997-04-17,0.5370034575462341,0.5370034575462341,1.0,0.2809172054439814,False
1997-04-18,0.5014805197715759,0.5014805197715759,1.0,0.0,False
1997-04-21,0.42266207933425903,0.42266207933425903,1.0,0.0,False
1997-04-22,0.45319923758506775,0.45319923758506775,1.0,0.0,False
1997-04-23,0.450498104095459,0.450498104095459,1.0,0.0,False
1997-04-24,0.4604846239089966,0.4604846239089966,1.0,0.0,False
1997-04-25,0.4439694881439209,0.4439694881439209,0.0,0.0,False
1997-04-28,0.41329678893089294,0.41329678893089294,0.0,0.0,False
1997-04-29,0.4991801083087921,0.4991801083087921,0.0,0.0,False
1997-04-30,0.4756529629230499,0.4756529629230499,0.0,0.0,False
1997-05-01,0.47553303837776184,0.47553303837776184,0.0,0.0,False
1997-05-02,0.4304411709308624,0.4304411709308624,0.0,0.0,False
1997-05-05,0.41700923442840576,0.41700923442840576,0.0,0.0,False
1997-05-06,0.430224746465683,0.430224746465683,0.0,0.0,False
1997-05-07,0.4469456672668457,0.4469456672668457,0.0,0.0,False
1997-05-08,0.3933783769607544,0.3933783769607544,0.0,0.0,False
1997-05-09,0.42001262307167053,0.42001262307167053,0.0,0.0,False
1997-05-12,0.345566064119339,0.345566064119339,0.0,0.0,False
1997-05-13,0.41143882274627686,0.41143882274627686,0.0,0.0,False
1997-05-14,0.3991888463497162,0.3991888463497162,0.0,0.0,False
1997-05-15,0.4465375542640686,0.4465375542640686,0.0,0.0,False
1997-05-16,0.49082106351852417,0.49082106351852417,0.0,0.0,False
1997-05-19,0.49002712965011597,0.49002712965011597,0.0,0.0,False
1997-05-20,0.502112090587616,0.502112090587616,0.0,0.0,False
1997-05-21,0.5534496307373047,0.5534496307373047,0.0,0.5288516683561052,False
1997-05-22,0.4424547255039215,0.4424547255039215,0.0,0.0,False
1997-05-23,0.4275031089782715,0.4275031089782715,0.0,0.0,False
1997-05-27,0.45194026827812195,0.45194026827812195,0.0,0.0,False
1997-05-28,0.4930276870727539,0.4930276870727539,0.0,0.0,False
1997-05-29,0.4827078580856323,0.4827078580856323,0.0,0.0,False
1997-05-30,0.5013847351074219,0.5013847351074219,0.0,0.0,False
1997-06-02,0.38527876138687134,0.38527876138687134,0.0,0.0,False
1997-06-03,0.516288697719574,0.516288697719574,0.0,0.0,False
1997-06-04,0.4490705728530884,0.4490705728530884,0.0,0.0,False
1997-06-05,0.39158371090888977,0.39158371090888977,0.0,0.0,False
1997-06-06,0.3816479742527008,0.3816479742527008,0.0,0.0,False
1997-06-09,0.39026394486427307,0.39026394486427307,0.0,0.0,False
1997-06-10,0.45835304260253906,0.45835304260253906,0.0,0.0,False
1997-06-11,0.361702561378479,0.361702561378479,0.0,0.0,False
1997-06-12,0.449777215719223,0.449777215719223,0.0,0.0,False
1997-06-13,0.4701738655567169,0.4701738655567169,0.0,0.0,False
1997-06-16,0.5387098789215088,0.5387098789215088,0.0,0.6474171694834405,False
1997-06-17,0.46812066435813904,0.46812066435813904,0.0,0.0,False
1997-06-18,0.43347758054733276,0.43347758054733276,0.0,0.0,False
1997-06-19,0.41679251194000244,0.41679251194000244,0.0,0.0,False
1997-06-20,0.4392910897731781,0.4392910897731781,0.0,0.0,False
1997-06-23,0.4092029333114624,0.4092029333114624,0.0,0.0,False
1997-06-24,0.4597000181674957,0.4597000181674957,0.0,0.0,False
1997-06-25,0.5546807050704956,0.5546807050704956,0.0,0.5284556393288267,False
1997-06-26,0.49924299120903015,0.49924299120903015,0.0,0.0,False
1997-06-27,0.5090600252151489,0.5090600252151489,0.0,0.0,False
1997-06-30,0.4995521605014801,0.4995521605014801,0.0,0.0,False
1997-07-01,0.6761099696159363,0.6761099696159363,0.0,0.405299984940158,False
1997-07-02,0.6301141977310181,0.6301141977310181,0.0,0.405299984940158,False
1997-07-03,0.5517227649688721,0.5517227649688721,0.0,0.405299984940158,False
1997-07-07,0.459343284368515,0.459343284368515,0.0,0.0,False
1997-07-08,0.45773613452911377,0.45773613452911377,0.0,0.0,False
1997-07-09,0.41467851400375366,0.41467851400375366,0.0,0.0,False
1997-07-10,0.5367989540100098,0.5367989540100098,0.0,0.3499735482050342,False
1997-07-11,0.6030484437942505,0.6030484437942505,2.0,0.21435102625159577,False
1997-07-14,0.5988461971282959,0.5988461971282959,2.0,0.21435102625159577,False
1997-07-15,0.5052642226219177,0.5052642226219177,1.0,0.0,False
1997-07-16,0.5196890234947205,0.5196890234947205,1.0,0.0,False
1997-07-17,0.5515474081039429,0.5515474081039429,1.0,0.20978970202118355,False
1997-07-18,0.5951130986213684,0.5951130986213684,1.0,0.20978970202118355,False
1997-07-21,0.6427599191665649,0.6427599191665649,2.0,0.20978970202118355,False
1997-07-22,0.6413008570671082,0.6413008570671082,1.0,0.20978970202118355,False
1997-07-23,0.7429213523864746,0.7429213523864746,2.0,0.20978970202118355,False
1997-07-24,0.6649121642112732,0.6649121642112732,2.0,0.20978970202118355,False
1997-07-25,0.6711986064910889,0.6711986064910889,2.0,0.20978970202118355,False
1997-07-28,0.6038280129432678,0.6038280129432678,2.0,0.20978970202118355,False
1997-07-29,0.6567925214767456,0.6567925214767456,1.0,0.20978970202118355,False
1997-07-30,0.5757237672805786,0.5757237672805786,2.0,0.20978970202118355,False
1997-07-31,0.6675751209259033,0.6675751209259033,2.0,0.20978970202118355,False
1997-08-01,0.3578399419784546,0.3578399419784546,1.0,0.0,False
1997-08-04,0.47275814414024353,0.47275814414024353,1.0,0.0,False
1997-08-05,0.5334815382957458,0.5334815382957458,1.0,0.20146647846005006,False
1997-08-06,0.49731776118278503,0.49731776118278503,2.0,0.0,False
1997-08-07,0.4698008894920349,0.4698008894920349,2.0,0.0,False
1997-08-08,0.6355570554733276,0.6355570554733276,1.0,0.11187038824852778,False
1997-08-11,0.6368560194969177,0.6368560194969177,2.0,0.11187038824852778,False
1997-08-12,0.8711324334144592,0.8711324334144592,2.0,0.11187038824852778,False
1997-08-13,0.6307119727134705,0.6307119727134705,2.0,0.11187038824852778,False
1997-08-14,0.8726588487625122,0.8726588487625122,2.0,0.11187038824852778,False
1997-08-15,0.8296436071395874,0.8296436071395874,2.0,0.11187038824852778,False
1997-08-18,0.7833370566368103,0.7833370566368103,2.0,0.11187038824852778,False
1997-08-19,0.6572293043136597,0.6572293043136597,2.0,0.11187038824852778,False
1997-08-20,0.651779294013977,0.651779294013977,2.0,0.11187038824852778,False
1997-08-21,0.646930992603302,0.646930992603302,2.0,0.11187038824852778,False
1997-08-22,0.6247815489768982,0.6247815489768982,2.0,0.11187038824852778,False
1997-08-25,0.667130172252655,0.667130172252655,2.0,0.11187038824852778,False
1997-08-26,0.6639097929000854,0.6639097929000854,2.0,0.11187038824852778,False
1997-08-27,0.6040292382240295,0.6040292382240295,2.0,0.11187038824852778,False
1997-08-28,0.6195220947265625,0.6195220947265625,2.0,0.11187038824852778,False
1997-08-29,0.5765990018844604,0.5765990018844604,2.0,0.11187038824852778,False
1997-09-02,0.5568988919258118,0.5568988919258118,2.0,0.11187038824852778,False
1997-09-03,0.6016767024993896,0.6016767024993896,2.0,0.11187038824852778,False
1997-09-04,0.6452397108078003,0.6452397108078003,1.0,0.11187038824852778,False
1997-09-05,0.48505786061286926,0.48505786061286926,1.0,0.0,False
1997-09-08,0.49857547879219055,0.49857547879219055,1.0,0.0,False
1997-09-09,0.5613896250724792,0.5613896250724792,1.0,0.2687930138831377,False
1997-09-10,0.476982980966568,0.476982980966568,1.0,0.0,False
1997-09-11,0.40095055103302,0.40095055103302,1.0,0.0,False
1997-09-12,0.46883857250213623,0.46883857250213623,1.0,0.0,False
1997-09-15,0.46490585803985596,0.46490585803985596,0.0,0.0,False
1997-09-16,0.4301456809043884,0.4301456809043884,1.0,0.0,False
1997-09-17,0.49643847346305847,0.49643847346305847,1.0,0.0,False
1997-09-18,0.4351026117801666,0.4351026117801666,1.0,0.0,False
1997-09-19,0.4449751675128937,0.4449751675128937,0.0,0.0,False
1997-09-22,0.38055261969566345,0.38055261969566345,0.0,0.0,False
1997-09-23,0.45430734753608704,0.45430734753608704,0.0,0.0,False
1997-09-24,0.4037248492240906,0.4037248492240906,0.0,0.0,False
1997-09-25,0.42030075192451477,0.42030075192451477,0.0,0.0,False
1997-09-26,0.4702501595020294,0.4702501595020294,0.0,0.0,False
1997-09-29,0.45783352851867676,0.45783352851867676,0.0,0.0,False
1997-09-30,0.37253081798553467,0.37253081798553467,0.0,0.0,False
1997-10-01,0.3817751109600067,0.3817751109600067,0.0,0.0,False
1997-10-02,0.3182540237903595,0.3182540237903595,0.0,0.0,False
1997-10-03,0.47677281498908997,0.47677281498908997,0.0,0.0,False
1997-10-06,0.5452937483787537,0.5452937483787537,0.0,0.3776530403239255,False
1997-10-07,0.33971819281578064,0.33971819281578064,0.0,0.0,False
1997-10-08,0.4009287357330322,0.4009287357330322,0.0,0.0,False
1997-10-09,0.47402575612068176,0.47402575612068176,0.0,0.0,False
1997-10-10,0.5630410313606262,0.5630410313606262,0.0,0.40316566666290604,False
1997-10-13,0.5630566477775574,0.5630566477775574,0.0,0.40316566666290604,False
1997-10-14,0.5644339919090271,0.5644339919090271,0.0,0.40316566666290604,False
1997-10-15,0.5563173890113831,0.5563173890113831,0.0,0.40316566666290604,False
1997-10-16,0.5950317978858948,0.5950317978858948,0.0,0.286103749711311,False
1997-10-17,0.3973380923271179,0.3973380923271179,0.0,0.0,False
1997-10-20,0.45635873079299927,0.45635873079299927,0.0,0.0,False
1997-10-21,0.4565826654434204,0.4565826654434204,0.0,0.0,False
1997-10-22,0.4601997137069702,0.4601997137069702,0.0,0.0,False
1997-10-23,0.526972234249115,0.526972234249115,0.0,0.24969141221521593,False
1997-10-24,0.5042000412940979,0.5042000412940979,2.0,0.0,False
1997-10-27,0.4859398305416107,0.4859398305416107,0.0,0.0,False
1997-10-28,0.5645166635513306,0.5645166635513306,2.0,0.2143082303584008,False
1997-10-29,0.5337793231010437,0.5337793231010437,2.0,0.2143082303584008,False
1997-10-30,0.5540388226509094,0.5540388226509094,2.0,0.2143082303584008,False
1997-10-31,0.503730833530426,0.503730833530426,2.0,0.0,False
1997-11-03,0.38982683420181274,0.38982683420181274,2.0,0.0,False
1997-11-04,0.39258813858032227,0.39258813858032227,2.0,0.0,False
1997-11-05,0.440254807472229,0.440254807472229,2.0,0.0,False
1997-11-06,0.49503180384635925,0.49503180384635925,2.0,0.0,False
1997-11-07,0.4642539918422699,0.4642539918422699,2.0,0.0,False
1997-11-10,0.4058605432510376,0.4058605432510376,2.0,0.0,False
1997-11-11,0.5048630833625793,0.5048630833625793,2.0,0.0,False
1997-11-12,0.6129476428031921,0.6129476428031921,2.0,0.19579371451824254,False
1997-11-13,0.5847291946411133,0.5847291946411133,2.0,0.19579371451824254,False
1997-11-14,0.5266933441162109,0.5266933441162109,2.0,0.19579371451824254,False
1997-11-17,0.3223488926887512,0.3223488926887512,1.0,0.0,False
1997-11-18,0.39372533559799194,0.39372533559799194,0.0,0.0,False
1997-11-19,0.3824683427810669,0.3824683427810669,1.0,0.0,False
1997-11-20,0.3673863112926483,0.3673863112926483,1.0,0.0,False
1997-11-21,0.3561750054359436,0.3561750054359436,2.0,0.0,False
1997-11-24,0.4459669888019562,0.4459669888019562,2.0,0.0,False
1997-11-25,0.485939085483551,0.485939085483551,0.0,0.0,False
1997-11-26,0.4564015865325928,0.4564015865325928,0.0,0.0,False
1997-11-28,0.43653297424316406,0.43653297424316406,1.0,0.0,False
1997-12-01,0.3516240119934082,0.3516240119934082,0.0,0.0,False
1997-12-02,0.44878584146499634,0.44878584146499634,0.0,0.0,False
1997-12-03,0.46059450507164,0.46059450507164,0.0,0.0,False
1997-12-04,0.45763924717903137,0.45763924717903137,0.0,0.0,False
1997-12-05,0.42463988065719604,0.42463988065719604,0.0,0.0,False
1997-12-08,0.456150084733963,0.456150084733963,0.0,0.0,False
1997-12-09,0.5650036334991455,0.5650036334991455,0.0,0.32815371487943695,False
1997-12-10,0.5493537783622742,0.5493537783622742,0.0,0.32815371487943695,False
1997-12-11,0.5627631545066833,0.5627631545066833,0.0,0.32815371487943695,False
1997-12-12,0.4984736740589142,0.4984736740589142,0.0,0.0,False
1997-12-15,0.5114911794662476,0.5114911794662476,0.0,0.0,False
1997-12-16,0.4126684069633484,0.4126684069633484,0.0,0.0,False
1997-12-17,0.48588454723358154,0.48588454723358154,0.0,0.0,False
1997-12-18,0.44980958104133606,0.44980958104133606,0.0,0.0,False
1997-12-19,0.5111216902732849,0.5111216902732849,0.0,0.0,False
1997-12-22,0.5650227665901184,0.5650227665901184,0.0,0.35373475827490486,False
1997-12-23,0.5992567539215088,0.5992567539215088,0.0,0.35373475827490486,False
1997-12-24,0.40904274582862854,0.40904274582862854,0.0,0.0,False
1997-12-26,0.34685713052749634,0.34685713052749634,0.0,0.0,False
1997-12-29,0.46006378531455994,0.46006378531455994,0.0,0.0,False
1997-12-30,0.33232250809669495,0.33232250809669495,0.0,0.0,False
1997-12-31,0.38335612416267395,0.38335612416267395,0.0,0.0,False
1998-01-02,0.5812571048736572,0.5812571048736572,2.0,0.16349992229175594,False
1998-01-05,0.6071687340736389,0.6071687340736389,2.0,0.16349992229175594,False
1998-01-06,0.4790330231189728,0.4790330231189728,2.0,0.0,False
1998-01-07,0.4559345245361328,0.4559345245361328,2.0,0.0,False
1998-01-08,0.42545726895332336,0.42545726895332336,2.0,0.0,False
1998-01-09,0.5040999054908752,0.5040999054908752,2.0,0.0,False
1998-01-12,0.529223620891571,0.529223620891571,2.0,0.1284167328109533,False
1998-01-13,0.2225775569677353,0.2225775569677353,2.0,0.0,False
1998-01-14,0.3211703300476074,0.3211703300476074,2.0,0.0,False
1998-01-15,0.5810777544975281,0.5810777544975281,2.0,0.12734880018353975,False
1998-01-16,0.6269831657409668,0.6269831657409668,2.0,0.12734880018353975,False
1998-01-20,0.5225258469581604,0.5225258469581604,2.0,0.12734880018353975,False
1998-01-21,0.5416743159294128,0.5416743159294128,2.0,0.12734880018353975,False
1998-01-22,0.47575557231903076,0.47575557231903076,2.0,0.0,False
1998-01-23,0.46803832054138184,0.46803832054138184,2.0,0.0,False
1998-01-26,0.47900480031967163,0.47900480031967163,2.0,0.0,False
1998-01-27,0.5121589303016663,0.5121589303016663,2.0,0.0,False
1998-01-28,0.4367651343345642,0.4367651343345642,2.0,0.0,False
1998-01-29,0.4187818765640259,0.4187818765640259,2.0,0.0,False
1998-01-30,0.30873435735702515,0.30873435735702515,2.0,0.0,False
1998-02-02,0.6182913780212402,0.6182913780212402,2.0,0.17710914987318616,False
1998-02-03,0.6821318864822388,0.6821318864822388,2.0,0.17710914987318616,False
1998-02-04,0.54966801404953,0.54966801404953,1.0,0.30563197354586513,False
1998-02-05,0.5651313066482544,0.5651313066482544,0.0,0.30563197354586513,False
1998-02-06,0.5763759016990662,0.5763759016990662,0.0,0.30563197354586513,False
1998-02-09,0.4451179802417755,0.4451179802417755,0.0,0.0,False
1998-02-10,0.424982488155365,0.424982488155365,1.0,0.0,False
1998-02-11,0.41002675890922546,0.41002675890922546,0.0,0.0,False
1998-02-12,0.40523070096969604,0.40523070096969604,0.0,0.0,False
1998-02-13,0.45629650354385376,0.45629650354385376,0.0,0.0,False
1998-02-17,0.5007461905479431,0.5007461905479431,0.0,0.0,False
1998-02-18,0.49150681495666504,0.49150681495666504,0.0,0.0,False
1998-02-19,0.5877177715301514,0.5877177715301514,0.0,0.42909014979895144,False
1998-02-20,0.4866187274456024,0.4866187274456024,0.0,0.0,False
1998-02-23,0.5173003673553467,0.5173003673553467,0.0,0.0,False
1998-02-24,0.5435344576835632,0.5435344576835632,0.0,0.3621861227735271,False
1998-02-25,0.4697633385658264,0.4697633385658264,0.0,0.0,False
1998-02-26,0.48793330788612366,0.48793330788612366,1.0,0.0,False
1998-02-27,0.6170501708984375,0.6170501708984375,0.0,0.35146123361446907,False
1998-03-02,0.6658512949943542,0.6658512949943542,0.0,0.35146123361446907,False
1998-03-03,0.5594088435173035,0.5594088435173035,0.0,0.35146123361446907,False
1998-03-04,0.43725359439849854,0.43725359439849854,1.0,0.0,False
1998-03-05,0.6495109796524048,0.6495109796524048,1.0,0.3317730945787586,False
1998-03-06,0.5633498430252075,0.5633498430252075,1.0,0.3317730945787586,False
1998-03-09,0.7605958580970764,0.7605958580970764,1.0,0.3317730945787586,False
1998-03-10,0.5879106521606445,0.5879106521606445,1.0,0.3317730945787586,False
1998-03-11,0.5357237458229065,0.5357237458229065,1.0,0.3317730945787586,False
1998-03-12,0.30606040358543396,0.30606040358543396,1.0,0.0,False
1998-03-13,0.35142967104911804,0.35142967104911804,1.0,0.0,False
1998-03-16,0.6143672466278076,0.6143672466278076,1.0,0.24385218607148898,False
1998-03-17,0.675916850566864,0.675916850566864,1.0,0.24385218607148898,False
1998-03-18,0.4879171848297119,0.4879171848297119,1.0,0.0,False
1998-03-19,0.5746060609817505,0.5746060609817505,1.0,0.24488850960272526,False
1998-03-20,0.5686004757881165,0.5686004757881165,1.0,0.24488850960272526,False
1998-03-23,0.6405146718025208,0.6405146718025208,1.0,0.24488850960272526,False
1998-03-24,0.3806570768356323,0.3806570768356323,1.0,0.0,False
1998-03-25,0.5381238460540771,0.5381238460540771,1.0,0.2383237815929303,False
1998-03-26,0.5700382590293884,0.5700382590293884,1.0,0.2383237815929303,False
1998-03-27,0.4506620466709137,0.4506620466709137,1.0,0.0,False
1998-03-30,0.39246276021003723,0.39246276021003723,1.0,0.0,False
1998-03-31,0.43313899636268616,0.43313899636268616,1.0,0.0,False
1998-04-01,0.4109068214893341,0.4109068214893341,1.0,0.0,False
1998-04-02,0.49735310673713684,0.49735310673713684,1.0,0.0,False
1998-04-03,0.5715122222900391,0.5715122222900391,0.0,0.26357522713814324,False
1998-04-06,0.5570537447929382,0.5570537447929382,0.0,0.26357522713814324,False
1998-04-07,0.48747095465660095,0.48747095465660095,0.0,0.0,False
1998-04-08,0.4644268751144409,0.4644268751144409,0.0,0.0,False
1998-04-09,0.5380083322525024,0.5380083322525024,0.0,0.3904999376135801,False
1998-04-13,0.4589160978794098,0.4589160978794098,0.0,0.0,False
1998-04-14,0.4942282438278198,0.4942282438278198,0.0,0.0,False
1998-04-15,0.48613885045051575,0.48613885045051575,0.0,0.0,False
1998-04-16,0.4432681202888489,0.4432681202888489,0.0,0.0,False
1998-04-17,0.39682555198669434,0.39682555198669434,0.0,0.0,False
1998-04-20,0.4166204631328583,0.4166204631328583,0.0,0.0,False
1998-04-21,0.38648852705955505,0.38648852705955505,0.0,0.0,False
1998-04-22,0.5031765103340149,0.5031765103340149,0.0,0.0,False
1998-04-23,0.5830739140510559,0.5830739140510559,0.0,0.3732329052459751,False
1998-04-24,0.5106563568115234,0.5106563568115234,0.0,0.0,False
1998-04-27,0.5875222682952881,0.5875222682952881,0.0,0.3824780707177432,False
1998-04-28,0.5170055031776428,0.5170055031776428,0.0,0.0,False
1998-04-29,0.48358389735221863,0.48358389735221863,0.0,0.0,False
1998-04-30,0.4531511962413788,0.4531511962413788,0.0,0.0,False
1998-05-01,0.46482765674591064,0.46482765674591064,0.0,0.0,False
1998-05-04,0.4407850205898285,0.4407850205898285,0.0,0.0,False
1998-05-05,0.453597754240036,0.453597754240036,0.0,0.0,False
1998-05-06,0.48014387488365173,0.48014387488365173,0.0,0.0,False
1998-05-07,0.5332880616188049,0.5332880616188049,0.0,0.3906710732952583,False
1998-05-08,0.5085090398788452,0.5085090398788452,0.0,0.0,False
1998-05-11,0.5086932182312012,0.5086932182312012,0.0,0.0,False
1998-05-12,0.5435947775840759,0.5435947775840759,0.0,0.38639093689822185,False
1998-05-13,0.5647004842758179,0.5647004842758179,0.0,0.38639093689822185,False
1998-05-14,0.5345939993858337,0.5345939993858337,0.0,0.38639093689822185,False
1998-05-15,0.6142340302467346,0.6142340302467346,0.0,0.38639093689822185,False
1998-05-18,0.4862596392631531,0.4862596392631531,0.0,0.0,False
1998-05-19,0.49054843187332153,0.49054843187332153,0.0,0.0,False
1998-05-20,0.5214869379997253,0.5214869379997253,0.0,0.47056500157035713,False
1998-05-21,0.4516665041446686,0.4516665041446686,0.0,0.0,False
1998-05-22,0.5170971751213074,0.5170971751213074,0.0,0.0,False
1998-05-26,0.6121768355369568,0.6121768355369568,0.0,0.3878263633516372,False
1998-05-27,0.5861706733703613,0.5861706733703613,0.0,0.3878263633516372,False
1998-05-28,0.5030608773231506,0.5030608773231506,0.0,0.0,False
1998-05-29,0.5030059218406677,0.5030059218406677,0.0,0.0,False
1998-06-01,0.4866417646408081,0.4866417646408081,0.0,0.0,False
1998-06-02,0.4839230179786682,0.4839230179786682,0.0,0.0,False
1998-06-03,0.4363495111465454,0.4363495111465454,0.0,0.0,False
1998-06-04,0.4317721724510193,0.4317721724510193,0.0,0.0,False
1998-06-05,0.4306463301181793,0.4306463301181793,0.0,0.0,False
1998-06-08,0.33334600925445557,0.33334600925445557,0.0,0.0,False
1998-06-09,0.3168812394142151,0.3168812394142151,0.0,0.0,False
1998-06-10,0.3807747960090637,0.3807747960090637,0.0,0.0,False
1998-06-11,0.49850910902023315,0.49850910902023315,0.0,0.0,False
1998-06-12,0.4589183032512665,0.4589183032512665,0.0,0.0,False
1998-06-15,0.47795575857162476,0.47795575857162476,0.0,0.0,False
1998-06-16,0.4956386089324951,0.4956386089324951,0.0,0.0,False
1998-06-17,0.4662477374076843,0.4662477374076843,0.0,0.0,False
1998-06-18,0.5205996036529541,0.5205996036529541,0.0,0.4147190699750736,False
1998-06-19,0.5416501760482788,0.5416501760482788,0.0,0.4147190699750736,False
1998-06-22,0.49996358156204224,0.49996358156204224,0.0,0.0,False
1998-06-23,0.5459587574005127,0.5459587574005127,0.0,0.49388847082732484,False
1998-06-24,0.5152689218521118,0.5152689218521118,0.0,0.0,False
1998-06-25,0.5390413999557495,0.5390413999557495,0.0,0.5045523523107646,False
1998-06-26,0.4780072271823883,0.4780072271823883,0.0,0.0,False
1998-06-29,0.5076144337654114,0.5076144337654114,0.0,0.0,False
1998-06-30,0.5965262651443481,0.5965262651443481,0.0,0.5619625748888442,False
1998-07-01,0.5940285325050354,0.5940285325050354,0.0,0.5619625748888442,False
1998-07-02,0.558932363986969,0.558932363986969,0.0,0.5619625748888442,False
1998-07-06,0.589111328125,0.589111328125,0.0,0.4314020112745752,False
1998-07-07,0.5187431573867798,0.5187431573867798,0.0,0.0,False
1998-07-08,0.5884289741516113,0.5884289741516113,0.0,0.3779884677158559,False
1998-07-09,0.6856234073638916,0.6856234073638916,0.0,0.3779884677158559,False
1998-07-10,0.5353719592094421,0.5353719592094421,0.0,0.3779884677158559,False
1998-07-13,0.4665583074092865,0.4665583074092865,0.0,0.0,False
1998-07-14,0.5881407260894775,0.5881407260894775,0.0,0.34020956003018504,False
1998-07-15,0.5348175168037415,0.5348175168037415,0.0,0.34020956003018504,False
1998-07-16,0.4836326241493225,0.4836326241493225,1.0,0.0,False
1998-07-17,0.5497731566429138,0.5497731566429138,1.0,0.2930292336586988,False
1998-07-20,0.6539575457572937,0.6539575457572937,1.0,0.2930292336586988,False
1998-07-21,0.6465874910354614,0.6465874910354614,1.0,0.2930292336586988,False
1998-07-22,0.6352984309196472,0.6352984309196472,1.0,0.2930292336586988,False
1998-07-23,0.6601110696792603,0.6601110696792603,1.0,0.2930292336586988,False
1998-07-24,0.6347873210906982,0.6347873210906982,1.0,0.2930292336586988,False
1998-07-27,0.6531480550765991,0.6531480550765991,1.0,0.2930292336586988,False
1998-07-28,0.5887277126312256,0.5887277126312256,1.0,0.2930292336586988,False
1998-07-29,0.5835050344467163,0.5835050344467163,1.0,0.2930292336586988,False
1998-07-30,0.41029152274131775,0.41029152274131775,1.0,0.0,False
1998-07-31,0.6444772481918335,0.6444772481918335,1.0,0.2539203631333062,False
1998-08-03,0.5423832535743713,0.5423832535743713,1.0,0.2539203631333062,False
1998-08-04,0.5397633910179138,0.5397633910179138,0.0,0.2539203631333062,False
1998-08-05,0.5366635918617249,0.5366635918617249,0.0,0.2539203631333062,False
1998-08-06,0.3934020400047302,0.3934020400047302,0.0,0.0,False
1998-08-07,0.4020381569862366,0.4020381569862366,0.0,0.0,False
1998-08-10,0.5049926042556763,0.5049926042556763,1.0,0.0,False
1998-08-11,0.5469434857368469,0.5469434857368469,1.0,0.27649293756197146,False
1998-08-12,0.5814487934112549,0.5814487934112549,1.0,0.27649293756197146,False
1998-08-13,0.5364233255386353,0.5364233255386353,1.0,0.27649293756197146,False
1998-08-14,0.516283392906189,0.516283392906189,1.0,0.0,False
1998-08-17,0.5313078165054321,0.5313078165054321,1.0,0.32589880446828867,False
1998-08-18,0.5670672059059143,0.5670672059059143,1.0,0.32589880446828867,False
1998-08-19,0.6917440295219421,0.6917440295219421,0.0,0.32589880446828867,False
1998-08-20,0.6704289317131042,0.6704289317131042,0.0,0.32589880446828867,False
1998-08-21,0.6548715829849243,0.6548715829849243,1.0,0.32589880446828867,False
1998-08-24,0.7632490992546082,0.7632490992546082,0.0,0.32589880446828867,False
1998-08-25,0.7640252709388733,0.7640252709388733,0.0,0.32589880446828867,False
1998-08-26,0.7250445485115051,0.7250445485115051,0.0,0.32589880446828867,False
1998-08-27,0.516082763671875,0.516082763671875,0.0,0.0,False
1998-08-28,0.5001912117004395,0.5001912117004395,0.0,0.0,False
1998-08-31,0.4690658152103424,0.4690658152103424,2.0,0.0,False
1998-09-01,0.5313355326652527,0.5313355326652527,1.0,0.19355901561626143,False
1998-09-02,0.58658367395401,0.58658367395401,1.0,0.19355901561626143,False
1998-09-03,0.599001944065094,0.599001944065094,1.0,0.19355901561626143,False
1998-09-04,0.5686691999435425,0.5686691999435425,1.0,0.19355901561626143,False
1998-09-08,0.5120583772659302,0.5120583772659302,1.0,0.0,False
1998-09-09,0.4623959958553314,0.4623959958553314,1.0,0.0,False
1998-09-10,0.43339598178863525,0.43339598178863525,1.0,0.0,False
1998-09-11,0.3826937973499298,0.3826937973499298,1.0,0.0,False
1998-09-14,0.3736822009086609,0.3736822009086609,1.0,0.0,False
1998-09-15,0.43315500020980835,0.43315500020980835,1.0,0.0,False
1998-09-16,0.4290264844894409,0.4290264844894409,1.0,0.0,False
1998-09-17,0.5258926749229431,0.5258926749229431,1.0,0.18668134846823353,False
1998-09-18,0.42400217056274414,0.42400217056274414,1.0,0.0,False
1998-09-21,0.4736534357070923,0.4736534357070923,1.0,0.0,False
1998-09-22,0.5548710823059082,0.5548710823059082,1.0,0.19622723692421723,False
1998-09-23,0.5432223677635193,0.5432223677635193,1.0,0.19622723692421723,False
1998-09-24,0.5240936279296875,0.5240936279296875,1.0,0.19622723692421723,False
1998-09-25,0.5884721875190735,0.5884721875190735,1.0,0.19622723692421723,False
1998-09-28,0.6160477995872498,0.6160477995872498,1.0,0.19622723692421723,False
1998-09-29,0.540066123008728,0.540066123008728,1.0,0.19622723692421723,False
1998-09-30,0.5001410841941833,0.5001410841941833,0.0,0.0,False
1998-10-01,0.5167421102523804,0.5167421102523804,0.0,0.0,False
1998-10-02,0.4340955317020416,0.4340955317020416,0.0,0.0,False
1998-10-05,0.42478147149086,0.42478147149086,0.0,0.0,False
1998-10-06,0.4201291501522064,0.4201291501522064,0.0,0.0,False
1998-10-07,0.4029076397418976,0.4029076397418976,0.0,0.0,False
1998-10-08,0.43841949105262756,0.43841949105262756,0.0,0.0,False
1998-10-09,0.5276283025741577,0.5276283025741577,1.0,0.2109117472601084,False
1998-10-12,0.4298998713493347,0.4298998713493347,1.0,0.0,False
1998-10-13,0.7126607298851013,0.7126607298851013,1.0,0.1988479696068467,False
1998-10-14,0.6470789313316345,0.6470789313316345,1.0,0.1988479696068467,False
1998-10-15,0.5797287821769714,0.5797287821769714,1.0,0.1988479696068467,False
1998-10-16,0.4985707700252533,0.4985707700252533,1.0,0.0,False
1998-10-19,0.5575757622718811,0.5575757622718811,1.0,0.19900760410918125,False
1998-10-20,0.5594488978385925,0.5594488978385925,1.0,0.19900760410918125,False
1998-10-21,0.5253064632415771,0.5253064632415771,1.0,0.19900760410918125,False
1998-10-22,0.5572419762611389,0.5572419762611389,1.0,0.19900760410918125,False
1998-10-23,0.5376841425895691,0.5376841425895691,1.0,0.19900760410918125,False
1998-10-26,0.6677995324134827,0.6677995324134827,1.0,0.19900760410918125,False
1998-10-27,0.57940274477005,0.57940274477005,2.0,0.19900760410918125,False
1998-10-28,0.5995985269546509,0.5995985269546509,1.0,0.19900760410918125,False
1998-10-29,0.5985011458396912,0.5985011458396912,1.0,0.19900760410918125,False
1998-10-30,0.5839132070541382,0.5839132070541382,1.0,0.19900760410918125,False
1998-11-02,0.6653521060943604,0.6653521060943604,1.0,0.19900760410918125,False
1998-11-03,0.6555646657943726,0.6555646657943726,1.0,0.19900760410918125,False
1998-11-04,0.5624904632568359,0.5624904632568359,1.0,0.19900760410918125,False
1998-11-05,0.619388997554779,0.619388997554779,1.0,0.19900760410918125,False
1998-11-06,0.494133859872818,0.494133859872818,0.0,0.0,False
1998-11-09,0.4816812574863434,0.4816812574863434,0.0,0.0,False
1998-11-10,0.4444820284843445,0.4444820284843445,0.0,0.0,False
1998-11-11,0.4148389995098114,0.4148389995098114,0.0,0.0,False
1998-11-12,0.47449788451194763,0.47449788451194763,0.0,0.0,False
1998-11-13,0.5220765471458435,0.5220765471458435,0.0,0.28073411262321357,False
1998-11-16,0.4250267744064331,0.4250267744064331,0.0,0.0,False
1998-11-17,0.4678320586681366,0.4678320586681366,0.0,0.0,False
1998-11-18,0.43584465980529785,0.43584465980529785,0.0,0.0,False
1998-11-19,0.3874684274196625,0.3874684274196625,0.0,0.0,False
1998-11-20,0.3913915157318115,0.3913915157318115,0.0,0.0,False
1998-11-23,0.4273565709590912,0.4273565709590912,0.0,0.0,False
1998-11-24,0.4199748635292053,0.4199748635292053,0.0,0.0,False
1998-11-25,0.4164544939994812,0.4164544939994812,0.0,0.0,False
1998-11-27,0.3309190273284912,0.3309190273284912,0.0,0.0,False
1998-11-30,0.40884843468666077,0.40884843468666077,0.0,0.0,False
1998-12-01,0.47933247685432434,0.47933247685432434,1.0,0.0,False
1998-12-02,0.5756911039352417,0.5756911039352417,1.0,0.2505269308804443,False
1998-12-03,0.43038445711135864,0.43038445711135864,1.0,0.0,False
1998-12-04,0.43347668647766113,0.43347668647766113,1.0,0.0,False
1998-12-07,0.367699533700943,0.367699533700943,1.0,0.0,False
1998-12-08,0.5108345150947571,0.5108345150947571,1.0,0.0,False
1998-12-09,0.5273624658584595,0.5273624658584595,1.0,0.23275440348349816,False
1998-12-10,0.4291650652885437,0.4291650652885437,1.0,0.0,False
1998-12-11,0.4492237865924835,0.4492237865924835,1.0,0.0,False
1998-12-14,0.4766751825809479,0.4766751825809479,1.0,0.0,False
1998-12-15,0.4536844789981842,0.4536844789981842,1.0,0.0,False
1998-12-16,0.5197538137435913,0.5197538137435913,1.0,0.0,False
1998-12-17,0.507230818271637,0.507230818271637,1.0,0.0,False
1998-12-18,0.5564855337142944,0.5564855337142944,1.0,0.2218550321916941,False
1998-12-21,0.5048834681510925,0.5048834681510925,1.0,0.0,False
1998-12-22,0.5680866837501526,0.5680866837501526,1.0,0.204875171775548,False
1998-12-23,0.49113720655441284,0.49113720655441284,1.0,0.0,False
1998-12-24,0.5105863809585571,0.5105863809585571,1.0,0.0,False
1998-12-28,0.5525726675987244,0.5525726675987244,1.0,0.19930875957921304,False
1998-12-29,0.6158492565155029,0.6158492565155029,1.0,0.19930875957921304,False
1998-12-30,0.5836390852928162,0.5836390852928162,1.0,0.19930875957921304,False
1998-12-31,0.5584904551506042,0.5584904551506042,1.0,0.19930875957921304,False
1999-01-04,0.5498495697975159,0.5498495697975159,1.0,0.19930875957921304,False
1999-01-05,0.4451538026332855,0.4451538026332855,1.0,0.0,False
1999-01-06,0.6466935276985168,0.6466935276985168,1.0,0.261140120589319,False
1999-01-07,0.3516937494277954,0.3516937494277954,1.0,0.0,False
1999-01-08,0.39031490683555603,0.39031490683555603,1.0,0.0,False
1999-01-11,0.3813754618167877,0.3813754618167877,1.0,0.0,False
1999-01-12,0.5424826741218567,0.5424826741218567,1.0,0.2710638854410483,False
1999-01-13,0.3241594135761261,0.3241594135761261,1.0,0.0,False
1999-01-14,0.7968888282775879,0.7968888282775879,1.0,0.2183819685403624,False
1999-01-15,0.7019013166427612,0.7019013166427612,1.0,0.2183819685403624,False
1999-01-19,0.7197617888450623,0.7197617888450623,1.0,0.2183819685403624,False
1999-01-20,0.6264532208442688,0.6264532208442688,1.0,0.2183819685403624,False
1999-01-21,0.6874180436134338,0.6874180436134338,1.0,0.2183819685403624,False
1999-01-22,0.6811385154724121,0.6811385154724121,1.0,0.2183819685403624,False
1999-01-25,0.6470901966094971,0.6470901966094971,1.0,0.2183819685403624,False
1999-01-26,0.5981696248054504,0.5981696248054504,1.0,0.2183819685403624,False
1999-01-27,0.5640556216239929,0.5640556216239929,1.0,0.2183819685403624,False
1999-01-28,0.579028308391571,0.579028308391571,1.0,0.2183819685403624,False
1999-01-29,0.3342914879322052,0.3342914879322052,1.0,0.0,False
1999-02-01,0.3896869122982025,0.3896869122982025,1.0,0.0,False
1999-02-02,0.5323158502578735,0.5323158502578735,1.0,0.24665010793304634,False
1999-02-03,0.39577075839042664,0.39577075839042664,1.0,0.0,False
1999-02-04,0.5100179314613342,0.5100179314613342,1.0,0.0,False
1999-02-05,0.4719404876232147,0.4719404876232147,1.0,0.0,False
1999-02-08,0.45639386773109436,0.45639386773109436,1.0,0.0,False
1999-02-09,0.45181402564048767,0.45181402564048767,1.0,0.0,False
1999-02-10,0.441410094499588,0.441410094499588,1.0,0.0,False
1999-02-11,0.39373013377189636,0.39373013377189636,1.0,0.0,False
1999-02-12,0.46153706312179565,0.46153706312179565,0.0,0.0,False
1999-02-16,0.40777868032455444,0.40777868032455444,0.0,0.0,False
1999-02-17,0.4840627610683441,0.4840627610683441,0.0,0.0,False
1999-02-18,0.48432356119155884,0.48432356119155884,0.0,0.0,False
1999-02-19,0.4316656291484833,0.4316656291484833,0.0,0.0,False
1999-02-22,0.3969466984272003,0.3969466984272003,0.0,0.0,False
1999-02-23,0.47080808877944946,0.47080808877944946,0.0,0.0,False
1999-02-24,0.4355851113796234,0.4355851113796234,0.0,0.0,False
1999-02-25,0.46322938799858093,0.46322938799858093,0.0,0.0,False
1999-02-26,0.5304552316665649,0.5304552316665649,0.0,0.28217747749430916,False
1999-03-01,0.4938044548034668,0.4938044548034668,0.0,0.0,False
1999-03-02,0.48893192410469055,0.48893192410469055,0.0,0.0,False
1999-03-03,0.4815664291381836,0.4815664291381836,0.0,0.0,False
1999-03-04,0.4176449775695801,0.4176449775695801,0.0,0.0,False
1999-03-05,0.3896045684814453,0.3896045684814453,0.0,0.0,False
1999-03-08,0.5202619433403015,0.5202619433403015,0.0,0.30440120845677965,False
1999-03-09,0.5097189545631409,0.5097189545631409,0.0,0.0,False
1999-03-10,0.5213537812232971,0.5213537812232971,0.0,0.3068952291890923,False
1999-03-11,0.4931517541408539,0.4931517541408539,0.0,0.0,False
1999-03-12,0.35723182559013367,0.35723182559013367,0.0,0.0,False
1999-03-15,0.3520853519439697,0.3520853519439697,0.0,0.0,False
1999-03-16,0.39600324630737305,0.39600324630737305,0.0,0.0,False
1999-03-17,0.37667426466941833,0.37667426466941833,0.0,0.0,False
1999-03-18,0.33541783690452576,0.33541783690452576,0.0,0.0,False
1999-03-19,0.44102662801742554,0.44102662801742554,0.0,0.0,False
1999-03-22,0.47097477316856384,0.47097477316856384,0.0,0.0,False
1999-03-23,0.5488503575325012,0.5488503575325012,0.0,0.2619297757366312,False
1999-03-24,0.41408857703208923,0.41408857703208923,0.0,0.0,False
1999-03-25,0.4793922007083893,0.4793922007083893,0.0,0.0,False
1999-03-26,0.5603666305541992,0.5603666305541992,0.0,0.27643870586586805,False
1999-03-29,0.5837785601615906,0.5837785601615906,0.0,0.27643870586586805,False
1999-03-30,0.43097183108329773,0.43097183108329773,0.0,0.0,False
1999-03-31,0.4073497951030731,0.4073497951030731,0.0,0.0,False
1999-04-01,0.47110676765441895,0.47110676765441895,1.0,0.0,False
1999-04-05,0.4965963661670685,0.4965963661670685,1.0,0.0,False
1999-04-06,0.46920761466026306,0.46920761466026306,0.0,0.0,False
1999-04-07,0.5224394202232361,0.5224394202232361,0.0,0.263696922044642,False
1999-04-08,0.502594530582428,0.502594530582428,1.0,0.0,False
1999-04-09,0.4986863136291504,0.4986863136291504,1.0,0.0,False
1999-04-12,0.49912405014038086,0.49912405014038086,0.0,0.0,False
1999-04-13,0.5040539503097534,0.5040539503097534,0.0,0.0,False
1999-04-14,0.5406486392021179,0.5406486392021179,0.0,0.2769186299450447,False
1999-04-15,0.4927433133125305,0.4927433133125305,0.0,0.0,False
1999-04-16,0.5694627165794373,0.5694627165794373,0.0,0.3002325909092767,False
1999-04-19,0.5192161202430725,0.5192161202430725,0.0,0.0,False
1999-04-20,0.5929914712905884,0.5929914712905884,0.0,0.33162184895775754,False
1999-04-21,0.4765464961528778,0.4765464961528778,0.0,0.0,False
1999-04-22,0.5153675079345703,0.5153675079345703,0.0,0.0,False
1999-04-23,0.6015569567680359,0.6015569567680359,0.0,0.2931298725877542,False
1999-04-26,0.5257440209388733,0.5257440209388733,1.0,0.2931298725877542,False
1999-04-27,0.4317978620529175,0.4317978620529175,1.0,0.0,False
1999-04-28,0.6379640698432922,0.6379640698432922,1.0,0.23338858431726073,False
1999-04-29,0.6987914443016052,0.6987914443016052,1.0,0.23338858431726073,False
1999-04-30,0.5875675678253174,0.5875675678253174,1.0,0.23338858431726073,False
1999-05-03,0.5920608043670654,0.5920608043670654,1.0,0.23338858431726073,False
1999-05-04,0.7872637510299683,0.7872637510299683,1.0,0.23338858431726073,False
1999-05-05,0.7478201985359192,0.7478201985359192,1.0,0.23338858431726073,False
1999-05-06,0.8597378134727478,0.8597378134727478,1.0,0.23338858431726073,False
1999-05-07,0.733843207359314,0.733843207359314,1.0,0.23338858431726073,False
1999-05-10,0.811677873134613,0.811677873134613,1.0,0.23338858431726073,False
1999-05-11,0.7486685514450073,0.7486685514450073,1.0,0.23338858431726073,False
1999-05-12,0.7074387669563293,0.7074387669563293,1.0,0.23338858431726073,False
1999-05-13,0.6962540745735168,0.6962540745735168,1.0,0.23338858431726073,False
1999-05-14,0.6783626675605774,0.6783626675605774,1.0,0.23338858431726073,False
1999-05-17,0.6905794143676758,0.6905794143676758,1.0,0.23338858431726073,False
1999-05-18,0.6089819073677063,0.6089819073677063,1.0,0.23338858431726073,False
1999-05-19,0.6219808459281921,0.6219808459281921,1.0,0.23338858431726073,False
1999-05-20,0.6889833807945251,0.6889833807945251,1.0,0.23338858431726073,False
1999-05-21,0.5699766278266907,0.5699766278266907,1.0,0.23338858431726073,False
1999-05-24,0.6691266298294067,0.6691266298294067,1.0,0.23338858431726073,False
1999-05-25,0.624197244644165,0.624197244644165,1.0,0.23338858431726073,False
1999-05-26,0.6054251790046692,0.6054251790046692,1.0,0.23338858431726073,False
1999-05-27,0.6344228982925415,0.6344228982925415,1.0,0.23338858431726073,False
1999-05-28,0.5180349349975586,0.5180349349975586,1.0,0.0,False
1999-06-01,0.4326796233654022,0.4326796233654022,1.0,0.0,False
1999-06-02,0.3164703845977783,0.3164703845977783,1.0,0.0,False
1999-06-03,0.49037593603134155,0.49037593603134155,1.0,0.0,False
1999-06-04,0.4288199245929718,0.4288199245929718,0.0,0.0,False
1999-06-07,0.4723569452762604,0.4723569452762604,0.0,0.0,False
1999-06-08,0.49849382042884827,0.49849382042884827,0.0,0.0,False
1999-06-09,0.507836103439331,0.507836103439331,0.0,0.0,False
1999-06-10,0.47441908717155457,0.47441908717155457,0.0,0.0,False
1999-06-11,0.5638425350189209,0.5638425350189209,0.0,0.3090680509165127,False
1999-06-14,0.44093289971351624,0.44093289971351624,0.0,0.0,False
1999-06-15,0.4480825960636139,0.4480825960636139,0.0,0.0,False
1999-06-16,0.45724251866340637,0.45724251866340637,0.0,0.0,False
1999-06-17,0.5275510549545288,0.5275510549545288,0.0,0.29765171194341555,False
1999-06-18,0.4837217628955841,0.4837217628955841,0.0,0.0,False
1999-06-21,0.3905276358127594,0.3905276358127594,0.0,0.0,False
1999-06-22,0.45721277594566345,0.45721277594566345,0.0,0.0,False
1999-06-23,0.4051773250102997,0.4051773250102997,0.0,0.0,False
1999-06-24,0.5650171041488647,0.5650171041488647,0.0,0.37799444555249034,False
1999-06-25,0.5059881210327148,0.5059881210327148,0.0,0.0,False
1999-06-28,0.45475494861602783,0.45475494861602783,0.0,0.0,False
1999-06-29,0.45915091037750244,0.45915091037750244,0.0,0.0,False
1999-06-30,0.393785685300827,0.393785685300827,0.0,0.0,False
1999-07-01,0.3687768876552582,0.3687768876552582,0.0,0.0,False
1999-07-02,0.3762058913707733,0.3762058913707733,0.0,0.0,False
1999-07-06,0.4170075058937073,0.4170075058937073,0.0,0.0,False
1999-07-07,0.5554410219192505,0.5554410219192505,0.0,0.3132366020477165,False
1999-07-08,0.5772953033447266,0.5772953033447266,1.0,0.3132366020477165,False
1999-07-09,0.5101560950279236,0.5101560950279236,1.0,0.0,False
1999-07-12,0.6157726645469666,0.6157726645469666,1.0,0.26663191280584975,False
1999-07-13,0.5558488965034485,0.5558488965034485,1.0,0.26663191280584975,False
1999-07-14,0.5509137511253357,0.5509137511253357,1.0,0.26663191280584975,False
1999-07-15,0.5782309770584106,0.5782309770584106,1.0,0.26663191280584975,False
1999-07-16,0.6661185622215271,0.6661185622215271,1.0,0.26663191280584975,False
1999-07-19,0.581425666809082,0.581425666809082,1.0,0.26663191280584975,False
1999-07-20,0.7276332378387451,0.7276332378387451,1.0,0.26663191280584975,False
1999-07-21,0.6268808841705322,0.6268808841705322,1.0,0.26663191280584975,False
1999-07-22,0.5932713747024536,0.5932713747024536,1.0,0.26663191280584975,False
1999-07-23,0.5855298042297363,0.5855298042297363,1.0,0.26663191280584975,False
1999-07-26,0.5473200678825378,0.5473200678825378,1.0,0.26663191280584975,False
1999-07-27,0.6049782633781433,0.6049782633781433,1.0,0.26663191280584975,False
1999-07-28,0.525524914264679,0.525524914264679,1.0,0.26663191280584975,False
1999-07-29,0.4870477318763733,0.4870477318763733,1.0,0.0,False
1999-07-30,0.493349552154541,0.493349552154541,1.0,0.0,False
1999-08-02,0.4793318212032318,0.4793318212032318,1.0,0.0,False
1999-08-03,0.5355435013771057,0.5355435013771057,1.0,0.2616107753550224,False
1999-08-04,0.38903307914733887,0.38903307914733887,0.0,0.0,False
1999-08-05,0.4539740979671478,0.4539740979671478,0.0,0.0,False
1999-08-06,0.4913111925125122,0.4913111925125122,0.0,0.0,False
1999-08-09,0.5304219126701355,0.5304219126701355,0.0,0.33521325423432563,False
1999-08-10,0.468105286359787,0.468105286359787,0.0,0.0,False
1999-08-11,0.5253188610076904,0.5253188610076904,1.0,0.2972118070585621,False
1999-08-12,0.5639431476593018,0.5639431476593018,0.0,0.2972118070585621,False
1999-08-13,0.5070357322692871,0.5070357322692871,0.0,0.0,False
1999-08-16,0.43830814957618713,0.43830814957618713,0.0,0.0,False
1999-08-17,0.5105250477790833,0.5105250477790833,0.0,0.0,False
1999-08-18,0.6085759997367859,0.6085759997367859,0.0,0.3406929923773674,False
1999-08-19,0.5396934747695923,0.5396934747695923,0.0,0.3406929923773674,False
1999-08-20,0.5196638703346252,0.5196638703346252,0.0,0.0,False
1999-08-23,0.4894237220287323,0.4894237220287323,0.0,0.0,False
1999-08-24,0.49524620175361633,0.49524620175361633,0.0,0.0,False
1999-08-25,0.4498651623725891,0.4498651623725891,0.0,0.0,False
1999-08-26,0.4783455431461334,0.4783455431461334,0.0,0.0,False
1999-08-27,0.46877413988113403,0.46877413988113403,0.0,0.0,False
1999-08-30,0.5591546893119812,0.5591546893119812,0.0,0.37157469134617566,False
1999-08-31,0.5299681425094604,0.5299681425094604,0.0,0.37157469134617566,False
1999-09-01,0.4558910131454468,0.4558910131454468,1.0,0.0,False
1999-09-02,0.45765262842178345,0.45765262842178345,1.0,0.0,False
1999-09-03,0.46441903710365295,0.46441903710365295,1.0,0.0,False
1999-09-07,0.33856189250946045,0.33856189250946045,1.0,0.0,False
1999-09-08,0.507885754108429,0.507885754108429,1.0,0.0,False
1999-09-09,0.6251961588859558,0.6251961588859558,1.0,0.3674850766538199,False
1999-09-10,0.6494064331054688,0.6494064331054688,1.0,0.3674850766538199,False
1999-09-13,0.6368038058280945,0.6368038058280945,1.0,0.3674850766538199,False
1999-09-14,0.5993861556053162,0.5993861556053162,1.0,0.3674850766538199,False
1999-09-15,0.6601642966270447,0.6601642966270447,1.0,0.3674850766538199,False
1999-09-16,0.5656335353851318,0.5656335353851318,1.0,0.3674850766538199,False
1999-09-17,0.46379974484443665,0.46379974484443665,1.0,0.0,False
1999-09-20,0.3740021586418152,0.3740021586418152,1.0,0.0,False
1999-09-21,0.5164536833763123,0.5164536833763123,1.0,0.0,False
1999-09-22,0.5200107097625732,0.5200107097625732,1.0,0.22529562611016213,False
1999-09-23,0.5796360373497009,0.5796360373497009,1.0,0.22529562611016213,False
1999-09-24,0.6006702184677124,0.6006702184677124,1.0,0.22529562611016213,False
1999-09-27,0.6030562520027161,0.6030562520027161,2.0,0.22529562611016213,False
1999-09-28,0.6673729419708252,0.6673729419708252,2.0,0.22529562611016213,False
1999-09-29,0.7243647575378418,0.7243647575378418,2.0,0.22529562611016213,False
1999-09-30,0.7047054171562195,0.7047054171562195,2.0,0.22529562611016213,False
1999-10-01,0.6031640768051147,0.6031640768051147,2.0,0.22529562611016213,False
1999-10-04,0.5322356224060059,0.5322356224060059,2.0,0.22529562611016213,False
1999-10-05,0.47022026777267456,0.47022026777267456,1.0,0.0,False
1999-10-06,0.38018354773521423,0.38018354773521423,1.0,0.0,False
1999-10-07,0.3259233236312866,0.3259233236312866,1.0,0.0,False
1999-10-08,0.3427122235298157,0.3427122235298157,2.0,0.0,False
1999-10-11,0.20420925319194794,0.20420925319194794,1.0,0.0,False
1999-10-12,0.3697764575481415,0.3697764575481415,1.0,0.0,False
1999-10-13,0.4661092460155487,0.4661092460155487,2.0,0.0,False
1999-10-14,0.6139898300170898,0.6139898300170898,1.0,0.16045042764645923,False
1999-10-15,0.6033368706703186,0.6033368706703186,1.0,0.16045042764645923,False
1999-10-18,0.6619486808776855,0.6619486808776855,1.0,0.16045042764645923,False
1999-10-19,0.700100839138031,0.700100839138031,2.0,0.16045042764645923,False
1999-10-20,0.6880798935890198,0.6880798935890198,1.0,0.16045042764645923,False
1999-10-21,0.6558214426040649,0.6558214426040649,1.0,0.16045042764645923,False
1999-10-22,0.7064142227172852,0.7064142227172852,1.0,0.16045042764645923,False
1999-10-25,0.6575407981872559,0.6575407981872559,1.0,0.16045042764645923,False
1999-10-26,0.6312980055809021,0.6312980055809021,1.0,0.16045042764645923,False
1999-10-27,0.5812296271324158,0.5812296271324158,1.0,0.16045042764645923,False
1999-10-28,0.5721736550331116,0.5721736550331116,1.0,0.16045042764645923,False
1999-10-29,0.4705764055252075,0.4705764055252075,1.0,0.0,False
1999-11-01,0.6048548817634583,0.6048548817634583,1.0,0.19918006772807131,False
1999-11-02,0.5394812226295471,0.5394812226295471,1.0,0.19918006772807131,False
1999-11-03,0.5743130445480347,0.5743130445480347,1.0,0.19918006772807131,False
1999-11-04,0.5257508754730225,0.5257508754730225,1.0,0.19918006772807131,False
1999-11-05,0.4909299314022064,0.4909299314022064,1.0,0.0,False
1999-11-08,0.3349471092224121,0.3349471092224121,1.0,0.0,False
1999-11-09,0.5800264477729797,0.5800264477729797,1.0,0.17583605775340136,False
1999-11-10,0.33168718218803406,0.33168718218803406,1.0,0.0,False
1999-11-11,0.5877615213394165,0.5877615213394165,1.0,0.22448539478331125,False
1999-11-12,0.6531606912612915,0.6531606912612915,1.0,0.22448539478331125,False
1999-11-15,0.6364325881004333,0.6364325881004333,1.0,0.22448539478331125,False
1999-11-16,0.6266322135925293,0.6266322135925293,1.0,0.22448539478331125,False
1999-11-17,0.6629573702812195,0.6629573702812195,1.0,0.22448539478331125,False
1999-11-18,0.7117747068405151,0.7117747068405151,1.0,0.22448539478331125,False
1999-11-19,0.5402549505233765,0.5402549505233765,1.0,0.22448539478331125,False
1999-11-22,0.5712254643440247,0.5712254643440247,1.0,0.22448539478331125,False
1999-11-23,0.40378478169441223,0.40378478169441223,1.0,0.0,False
1999-11-24,0.3839183449745178,0.3839183449745178,1.0,0.0,False
1999-11-26,0.4465189278125763,0.4465189278125763,1.0,0.0,False
1999-11-29,0.3907528221607208,0.3907528221607208,1.0,0.0,False
1999-11-30,0.3827456831932068,0.3827456831932068,1.0,0.0,False
1999-12-01,0.430110901594162,0.430110901594162,1.0,0.0,False
1999-12-02,0.4441702365875244,0.4441702365875244,1.0,0.0,False
1999-12-03,0.4489955008029938,0.4489955008029938,1.0,0.0,False
1999-12-06,0.4973551034927368,0.4973551034927368,1.0,0.0,False
1999-12-07,0.4350249171257019,0.4350249171257019,1.0,0.0,False
1999-12-08,0.6334652900695801,0.6334652900695801,1.0,0.3161755349018639,False
1999-12-09,0.7011597156524658,0.7011597156524658,1.0,0.3161755349018639,False
1999-12-10,0.5739936828613281,0.5739936828613281,1.0,0.3161755349018639,False
1999-12-13,0.5723053216934204,0.5723053216934204,0.0,0.3161755349018639,False
1999-12-14,0.5939275622367859,0.5939275622367859,0.0,0.3161755349018639,False
1999-12-15,0.6042982935905457,0.6042982935905457,0.0,0.3161755349018639,False
1999-12-16,0.589425265789032,0.589425265789032,0.0,0.3161755349018639,False
1999-12-17,0.5913331508636475,0.5913331508636475,1.0,0.3161755349018639,False
1999-12-20,0.6079128980636597,0.6079128980636597,0.0,0.3161755349018639,False
1999-12-21,0.5900697708129883,0.5900697708129883,1.0,0.3161755349018639,False
1999-12-22,0.5497647523880005,0.5497647523880005,1.0,0.3161755349018639,False
1999-12-23,0.5179124474525452,0.5179124474525452,1.0,0.0,False
1999-12-27,0.6180202960968018,0.6180202960968018,1.0,0.2467394281222772,False
1999-12-28,0.622127115726471,0.622127115726471,1.0,0.2467394281222772,False
1999-12-29,0.47571277618408203,0.47571277618408203,1.0,0.0,False
1999-12-30,0.4580332636833191,0.4580332636833191,0.0,0.0,False
1999-12-31,0.3662298023700714,0.3662298023700714,1.0,0.0,False
2000-01-03,0.529342770576477,0.529342770576477,1.0,0.2527281796845035,False
2000-01-04,0.42967620491981506,0.42967620491981506,2.0,0.0,False
2000-01-05,0.48549365997314453,0.48549365997314453,2.0,0.0,False
2000-01-06,0.48513439297676086,0.48513439297676086,2.0,0.0,False
2000-01-07,0.6250608563423157,0.6250608563423157,2.0,0.21413786725787262,False
2000-01-10,0.511795699596405,0.511795699596405,2.0,0.0,False
2000-01-11,0.6520773768424988,0.6520773768424988,2.0,0.21150980489127716,False
2000-01-12,0.5151921510696411,0.5151921510696411,2.0,0.0,False
2000-01-13,0.5748006701469421,0.5748006701469421,2.0,0.18169311255796103,False
2000-01-14,0.4725731313228607,0.4725731313228607,2.0,0.0,False
2000-01-18,0.41096848249435425,0.41096848249435425,2.0,0.0,False
2000-01-19,0.4850884974002838,0.4850884974002838,1.0,0.0,False
2000-01-20,0.6045822501182556,0.6045822501182556,1.0,0.1754180819450352,False
2000-01-21,0.6010755300521851,0.6010755300521851,1.0,0.1754180819450352,False
2000-01-24,0.6034486889839172,0.6034486889839172,2.0,0.1754180819450352,False
2000-01-25,0.6624225378036499,0.6624225378036499,1.0,0.1754180819450352,False
2000-01-26,0.624968945980072,0.624968945980072,1.0,0.1754180819450352,False
2000-01-27,0.6695690155029297,0.6695690155029297,1.0,0.1754180819450352,False
2000-01-28,0.6746505498886108,0.6746505498886108,2.0,0.1754180819450352,False
2000-01-31,0.5781689882278442,0.5781689882278442,2.0,0.1754180819450352,False
2000-02-01,0.6174818873405457,0.6174818873405457,2.0,0.1754180819450352,False
2000-02-02,0.5540094971656799,0.5540094971656799,2.0,0.1754180819450352,False
2000-02-03,0.6499019265174866,0.6499019265174866,2.0,0.1754180819450352,False
2000-02-04,0.5740001797676086,0.5740001797676086,1.0,0.1754180819450352,False
2000-02-07,0.6573222875595093,0.6573222875595093,1.0,0.1754180819450352,False
2000-02-08,0.5848636627197266,0.5848636627197266,1.0,0.1754180819450352,False
2000-02-09,0.5245521068572998,0.5245521068572998,1.0,0.1754180819450352,False
2000-02-10,0.5596990585327148,0.5596990585327148,1.0,0.1754180819450352,False
2000-02-11,0.5446237921714783,0.5446237921714783,1.0,0.1754180819450352,False
2000-02-14,0.6264652609825134,0.6264652609825134,1.0,0.1754180819450352,False
2000-02-15,0.5517333149909973,0.5517333149909973,1.0,0.1754180819450352,False
2000-02-16,0.565608561038971,0.565608561038971,1.0,0.1754180819450352,False
2000-02-17,0.5425240397453308,0.5425240397453308,1.0,0.1754180819450352,False
2000-02-18,0.6111712455749512,0.6111712455749512,1.0,0.1754180819450352,False
2000-02-22,0.5001348853111267,0.5001348853111267,1.0,0.0,False
2000-02-23,0.5184090733528137,0.5184090733528137,1.0,0.0,False
2000-02-24,0.5009647607803345,0.5009647607803345,1.0,0.0,False
2000-02-25,0.4912511110305786,0.4912511110305786,0.0,0.0,False
2000-02-28,0.3628534972667694,0.3628534972667694,0.0,0.0,False
2000-02-29,0.43328601121902466,0.43328601121902466,0.0,0.0,False
2000-03-01,0.5733550190925598,0.5733550190925598,1.0,0.21751664011285754,False
2000-03-02,0.7258439660072327,0.7258439660072327,1.0,0.21751664011285754,False
2000-03-03,0.6128425002098083,0.6128425002098083,1.0,0.21751664011285754,False
2000-03-06,0.7130622267723083,0.7130622267723083,1.0,0.21751664011285754,False
2000-03-07,0.7402951717376709,0.7402951717376709,1.0,0.21751664011285754,False
2000-03-08,0.6372224688529968,0.6372224688529968,1.0,0.21751664011285754,False
2000-03-09,0.5449714660644531,0.5449714660644531,1.0,0.21751664011285754,False
2000-03-10,0.5881993770599365,0.5881993770599365,1.0,0.21751664011285754,False
2000-03-13,0.5910036563873291,0.5910036563873291,1.0,0.21751664011285754,False
2000-03-14,0.5736581683158875,0.5736581683158875,2.0,0.21751664011285754,False
2000-03-15,0.6189272999763489,0.6189272999763489,2.0,0.21751664011285754,False
2000-03-16,0.5333341956138611,0.5333341956138611,1.0,0.21751664011285754,False
2000-03-17,0.5132982730865479,0.5132982730865479,1.0,0.0,False
2000-03-20,0.5436972379684448,0.5436972379684448,1.0,0.2114326978118907,False
2000-03-21,0.556946337223053,0.556946337223053,1.0,0.2114326978118907,False
2000-03-22,0.5614020824432373,0.5614020824432373,1.0,0.2114326978118907,False
2000-03-23,0.5705539584159851,0.5705539584159851,1.0,0.2114326978118907,False
2000-03-24,0.5686516165733337,0.5686516165733337,1.0,0.2114326978118907,False
2000-03-27,0.5943049192428589,0.5943049192428589,1.0,0.2114326978118907,False
2000-03-28,0.6203050017356873,0.6203050017356873,1.0,0.2114326978118907,False
2000-03-29,0.5634911060333252,0.5634911060333252,1.0,0.2114326978118907,False
2000-03-30,0.49891671538352966,0.49891671538352966,1.0,0.0,False
2000-03-31,0.6170621514320374,0.6170621514320374,1.0,0.21429432993906092,False
2000-04-03,0.6187517642974854,0.6187517642974854,1.0,0.21429432993906092,False
2000-04-04,0.5907032489776611,0.5907032489776611,1.0,0.21429432993906092,False
2000-04-05,0.5512445569038391,0.5512445569038391,1.0,0.21429432993906092,False
2000-04-06,0.717322051525116,0.717322051525116,1.0,0.21429432993906092,False
2000-04-07,0.6471944451332092,0.6471944451332092,1.0,0.21429432993906092,False
2000-04-10,0.8138762712478638,0.8138762712478638,2.0,0.21429432993906092,False
2000-04-11,0.7339393496513367,0.7339393496513367,2.0,0.21429432993906092,False
2000-04-12,0.6218631267547607,0.6218631267547607,2.0,0.21429432993906092,False
2000-04-13,0.6137884259223938,0.6137884259223938,2.0,0.21429432993906092,False
2000-04-14,0.5781204104423523,0.5781204104423523,2.0,0.21429432993906092,False
2000-04-17,0.6615065336227417,0.6615065336227417,2.0,0.21429432993906092,False
2000-04-18,0.4602062404155731,0.4602062404155731,2.0,0.0,False
2000-04-19,0.5377438068389893,0.5377438068389893,2.0,0.18889180636258715,False
2000-04-20,0.5378264784812927,0.5378264784812927,2.0,0.18889180636258715,False
2000-04-24,0.5322574377059937,0.5322574377059937,2.0,0.18889180636258715,False
2000-04-25,0.4687556326389313,0.4687556326389313,2.0,0.0,False
2000-04-26,0.624335527420044,0.624335527420044,2.0,0.1756367888262543,False
2000-04-27,0.4842635989189148,0.4842635989189148,2.0,0.0,False
2000-04-28,0.6017442345619202,0.6017442345619202,2.0,0.18079403953840628,False
2000-05-01,0.6268071532249451,0.6268071532249451,2.0,0.18079403953840628,False
2000-05-02,0.7241256833076477,0.7241256833076477,2.0,0.18079403953840628,False
2000-05-03,0.5407532453536987,0.5407532453536987,2.0,0.18079403953840628,False
2000-05-04,0.5409343242645264,0.5409343242645264,2.0,0.18079403953840628,False
2000-05-05,0.5786212086677551,0.5786212086677551,2.0,0.18079403953840628,False
2000-05-08,0.5552735328674316,0.5552735328674316,2.0,0.18079403953840628,False
2000-05-09,0.6535238027572632,0.6535238027572632,2.0,0.18079403953840628,False
2000-05-10,0.631337583065033,0.631337583065033,2.0,0.18079403953840628,False
2000-05-11,0.6905325055122375,0.6905325055122375,2.0,0.18079403953840628,False
2000-05-12,0.7476149201393127,0.7476149201393127,2.0,0.18079403953840628,False
2000-05-15,0.6798559427261353,0.6798559427261353,2.0,0.18079403953840628,False
2000-05-16,0.5464348196983337,0.5464348196983337,2.0,0.18079403953840628,False
2000-05-17,0.4166240990161896,0.4166240990161896,2.0,0.0,False
2000-05-18,0.5119279623031616,0.5119279623031616,2.0,0.0,False
2000-05-19,0.6606695055961609,0.6606695055961609,2.0,0.22294938886186721,False
2000-05-22,0.6936740875244141,0.6936740875244141,2.0,0.22294938886186721,False
2000-05-23,0.5992820262908936,0.5992820262908936,2.0,0.22294938886186721,False
2000-05-24,0.6695536971092224,0.6695536971092224,2.0,0.22294938886186721,False
2000-05-25,0.5863491892814636,0.5863491892814636,2.0,0.22294938886186721,False
2000-05-26,0.5254455804824829,0.5254455804824829,2.0,0.22294938886186721,False
2000-05-30,0.5211073756217957,0.5211073756217957,2.0,0.22294938886186721,False
2000-05-31,0.5164478421211243,0.5164478421211243,2.0,0.0,False
2000-06-01,0.539705216884613,0.539705216884613,2.0,0.23511248169654234,False
2000-06-02,0.44451218843460083,0.44451218843460083,2.0,0.0,False
2000-06-05,0.4964187443256378,0.4964187443256378,2.0,0.0,False
2000-06-06,0.41970211267471313,0.41970211267471313,2.0,0.0,False
2000-06-07,0.23378907144069672,0.23378907144069672,2.0,0.0,False
2000-06-08,0.19187422096729279,0.19187422096729279,2.0,0.0,False
2000-06-09,0.2189212292432785,0.2189212292432785,2.0,0.0,False
2000-06-12,0.35063210129737854,0.35063210129737854,2.0,0.0,False
2000-06-13,0.31178781390190125,0.31178781390190125,0.0,0.0,False
2000-06-14,0.4263630211353302,0.4263630211353302,0.0,0.0,False
2000-06-15,0.4035711884498596,0.4035711884498596,0.0,0.0,False
2000-06-16,0.5157439112663269,0.5157439112663269,0.0,0.0,False
2000-06-19,0.3306131958961487,0.3306131958961487,2.0,0.0,False
2000-06-20,0.44114816188812256,0.44114816188812256,1.0,0.0,False
2000-06-21,0.4745497405529022,0.4745497405529022,1.0,0.0,False
2000-06-22,0.4588593542575836,0.4588593542575836,1.0,0.0,False
2000-06-23,0.5940219759941101,0.5940219759941101,1.0,0.2296008346885888,False
2000-06-26,0.5436112284660339,0.5436112284660339,1.0,0.2296008346885888,False
2000-06-27,0.6530656218528748,0.6530656218528748,1.0,0.2296008346885888,False
2000-06-28,0.626973569393158,0.626973569393158,1.0,0.2296008346885888,False
2000-06-29,0.7456893920898438,0.7456893920898438,1.0,0.2296008346885888,False
2000-06-30,0.685663640499115,0.685663640499115,1.0,0.2296008346885888,False
2000-07-03,0.6320515871047974,0.6320515871047974,1.0,0.2296008346885888,False
2000-07-05,0.6732103824615479,0.6732103824615479,1.0,0.2296008346885888,False
2000-07-06,0.6424579620361328,0.6424579620361328,1.0,0.2296008346885888,False
2000-07-07,0.6202139258384705,0.6202139258384705,1.0,0.2296008346885888,False
2000-07-10,0.609019935131073,0.609019935131073,1.0,0.2296008346885888,False
2000-07-11,0.6083735823631287,0.6083735823631287,1.0,0.2296008346885888,False
2000-07-12,0.5527557730674744,0.5527557730674744,1.0,0.2296008346885888,False
2000-07-13,0.6126807332038879,0.6126807332038879,1.0,0.2296008346885888,False
2000-07-14,0.5167496204376221,0.5167496204376221,1.0,0.0,False
2000-07-17,0.4950648844242096,0.4950648844242096,1.0,0.0,False
2000-07-18,0.519420325756073,0.519420325756073,1.0,0.0,False
2000-07-19,0.5789320468902588,0.5789320468902588,1.0,0.2077102278179375,False
2000-07-20,0.5747675895690918,0.5747675895690918,1.0,0.2077102278179375,False
2000-07-21,0.5759859085083008,0.5759859085083008,1.0,0.2077102278179375,False
2000-07-24,0.6444600820541382,0.6444600820541382,2.0,0.2077102278179375,False
2000-07-25,0.5396668910980225,0.5396668910980225,2.0,0.2077102278179375,False
2000-07-26,0.6289452314376831,0.6289452314376831,2.0,0.2077102278179375,False
2000-07-27,0.524882972240448,0.524882972240448,2.0,0.2077102278179375,False
2000-07-28,0.6416365504264832,0.6416365504264832,2.0,0.2077102278179375,False
2000-07-31,0.7256860136985779,0.7256860136985779,2.0,0.2077102278179375,False
2000-08-01,0.7466720342636108,0.7466720342636108,2.0,0.2077102278179375,False
2000-08-02,0.6490088105201721,0.6490088105201721,2.0,0.2077102278179375,False
2000-08-03,0.6721790432929993,0.6721790432929993,2.0,0.2077102278179375,False
2000-08-04,0.5688174962997437,0.5688174962997437,2.0,0.2077102278179375,False
2000-08-07,0.5112486481666565,0.5112486481666565,2.0,0.0,False
2000-08-08,0.4363015592098236,0.4363015592098236,2.0,0.0,False
2000-08-09,0.48380887508392334,0.48380887508392334,2.0,0.0,False
2000-08-10,0.4584422707557678,0.4584422707557678,2.0,0.0,False
2000-08-11,0.44384610652923584,0.44384610652923584,2.0,0.0,False
2000-08-14,0.397676020860672,0.397676020860672,2.0,0.0,False
2000-08-15,0.3966100811958313,0.3966100811958313,2.0,0.0,False
2000-08-16,0.3790132701396942,0.3790132701396942,0.0,0.0,False
2000-08-17,0.4865489602088928,0.4865489602088928,2.0,0.0,False
2000-08-18,0.5049908757209778,0.5049908757209778,2.0,0.0,False
2000-08-21,0.5128862857818604,0.5128862857818604,0.0,0.0,False
2000-08-22,0.5004335641860962,0.5004335641860962,0.0,0.0,False
2000-08-23,0.4834948182106018,0.4834948182106018,0.0,0.0,False
2000-08-24,0.4690084457397461,0.4690084457397461,0.0,0.0,False
2000-08-25,0.5325829982757568,0.5325829982757568,1.0,0.3260185438370335,False
2000-08-28,0.5775429606437683,0.5775429606437683,0.0,0.3260185438370335,False
2000-08-29,0.5359299778938293,0.5359299778938293,0.0,0.3260185438370335,False
2000-08-30,0.5569911599159241,0.5569911599159241,1.0,0.3260185438370335,False
2000-08-31,0.512620747089386,0.512620747089386,1.0,0.0,False
2000-09-01,0.49745672941207886,0.49745672941207886,1.0,0.0,False
2000-09-05,0.5865408182144165,0.5865408182144165,1.0,0.387970730453338,False
2000-09-06,0.7418073415756226,0.7418073415756226,1.0,0.387970730453338,False
2000-09-07,0.6625671982765198,0.6625671982765198,1.0,0.387970730453338,False
2000-09-08,0.7369012236595154,0.7369012236595154,1.0,0.27829402433826084,False
2000-09-11,0.6330476403236389,0.6330476403236389,1.0,0.27829402433826084,False
2000-09-12,0.4727078974246979,0.4727078974246979,1.0,0.0,False
2000-09-13,0.5061298608779907,0.5061298608779907,1.0,0.0,False
2000-09-14,0.4775844216346741,0.4775844216346741,1.0,0.0,False
2000-09-15,0.5150031447410583,0.5150031447410583,0.0,0.0,False
2000-09-18,0.4783942699432373,0.4783942699432373,1.0,0.0,False
2000-09-19,0.42499467730522156,0.42499467730522156,1.0,0.0,False
2000-09-20,0.425290048122406,0.425290048122406,1.0,0.0,False
2000-09-21,0.433719277381897,0.433719277381897,1.0,0.0,False
2000-09-22,0.5266113877296448,0.5266113877296448,2.0,0.2149666197121859,False
2000-09-25,0.559299647808075,0.559299647808075,2.0,0.2149666197121859,False
2000-09-26,0.6090714931488037,0.6090714931488037,2.0,0.2149666197121859,False
2000-09-27,0.6185391545295715,0.6185391545295715,2.0,0.2149666197121859,False
2000-09-28,0.6448422074317932,0.6448422074317932,2.0,0.2149666197121859,False
2000-09-29,0.5031798481941223,0.5031798481941223,2.0,0.0,False
2000-10-02,0.4963524043560028,0.4963524043560028,2.0,0.0,False
2000-10-03,0.5108237862586975,0.5108237862586975,2.0,0.0,False
2000-10-04,0.5635157227516174,0.5635157227516174,2.0,0.0,False
2000-10-05,0.5496794581413269,0.5496794581413269,2.0,0.0,False
2000-10-06,0.5316410660743713,0.5316410660743713,2.0,0.0,False
2000-10-09,0.5247745513916016,0.5247745513916016,2.0,0.0,False
2000-10-10,0.5981656312942505,0.5981656312942505,2.0,0.0,False
2000-10-11,0.6322344541549683,0.6322344541549683,2.0,0.0,False
2000-10-12,0.5735546350479126,0.5735546350479126,2.0,0.0,False
2000-10-13,0.6165918707847595,0.6165918707847595,2.0,0.0,False
2000-10-16,0.57988041639328,0.57988041639328,2.0,0.0,False
2000-10-17,0.6877410411834717,0.6877410411834717,2.0,0.0,False
2000-10-18,0.5762479901313782,0.5762479901313782,2.0,0.0,False
2000-10-19,0.7318885326385498,0.7318885326385498,2.0,0.0,False
2000-10-20,0.6056653261184692,0.6056653261184692,2.0,0.0,False
2000-10-23,0.5240306854248047,0.5240306854248047,2.0,0.0,False
2000-10-24,0.6303077936172485,0.6303077936172485,2.0,0.0,False
2000-10-25,0.5347424149513245,0.5347424149513245,2.0,0.0,False
2000-10-26,0.5297656059265137,0.5297656059265137,2.0,0.0,False
2000-10-27,0.7915728688240051,0.7915728688240051,2.0,0.19072206729835894,False
2000-10-30,0.7032366991043091,0.7032366991043091,2.0,0.19072206729835894,False
2000-10-31,0.4856131672859192,0.4856131672859192,2.0,0.0,False
2000-11-01,0.45645809173583984,0.45645809173583984,2.0,0.0,False
2000-11-02,0.41185465455055237,0.41185465455055237,2.0,0.0,False
2000-11-03,0.44690296053886414,0.44690296053886414,2.0,0.0,False
2000-11-06,0.44784078001976013,0.44784078001976013,2.0,0.0,False
2000-11-07,0.5053439140319824,0.5053439140319824,2.0,0.0,False
2000-11-08,0.547004222869873,0.547004222869873,2.0,0.19508441694785358,False
2000-11-09,0.5459069609642029,0.5459069609642029,2.0,0.19508441694785358,False
2000-11-10,0.675534725189209,0.675534725189209,2.0,0.19508441694785358,False
2000-11-13,0.6641212105751038,0.6641212105751038,2.0,0.19508441694785358,False
2000-11-14,0.6791014075279236,0.6791014075279236,2.0,0.19508441694785358,False
2000-11-15,0.7018024325370789,0.7018024325370789,2.0,0.19508441694785358,False
2000-11-16,0.7776829600334167,0.7776829600334167,2.0,0.19508441694785358,False
2000-11-17,0.7980788350105286,0.7980788350105286,2.0,0.19508441694785358,False
2000-11-20,0.7395032644271851,0.7395032644271851,2.0,0.19508441694785358,False
2000-11-21,0.5986971855163574,0.5986971855163574,2.0,0.19508441694785358,False
2000-11-22,0.536662220954895,0.536662220954895,2.0,0.19508441694785358,False
2000-11-24,0.375210165977478,0.375210165977478,2.0,0.0,False
2000-11-27,0.5654476284980774,0.5654476284980774,2.0,0.24191027740986012,False
2000-11-28,0.6982095837593079,0.6982095837593079,2.0,0.24191027740986012,False
2000-11-29,0.7247373461723328,0.7247373461723328,1.0,0.24191027740986012,False
2000-11-30,0.7491340041160583,0.7491340041160583,1.0,0.24191027740986012,False
2000-12-01,0.6359477043151855,0.6359477043151855,0.0,0.24191027740986012,False
2000-12-04,0.6564850807189941,0.6564850807189941,0.0,0.24191027740986012,False
2000-12-05,0.6518858671188354,0.6518858671188354,0.0,0.24191027740986012,False
2000-12-06,0.6820400357246399,0.6820400357246399,1.0,0.24191027740986012,False
2000-12-07,0.5245787501335144,0.5245787501335144,1.0,0.24191027740986012,False
2000-12-08,0.6224733591079712,0.6224733591079712,1.0,0.24191027740986012,False
2000-12-11,0.646379828453064,0.646379828453064,1.0,0.24191027740986012,False
2000-12-12,0.7474633455276489,0.7474633455276489,1.0,0.24191027740986012,False
2000-12-13,0.46622082591056824,0.46622082591056824,1.0,0.0,False
2000-12-14,0.5256657004356384,0.5256657004356384,1.0,0.20690076804244906,False
2000-12-15,0.5984293818473816,0.5984293818473816,1.0,0.20690076804244906,False
2000-12-18,0.4854629337787628,0.4854629337787628,1.0,0.0,False
2000-12-19,0.5339901447296143,0.5339901447296143,1.0,0.21108297356710864,False
2000-12-20,0.4132262170314789,0.4132262170314789,1.0,0.0,False
2000-12-21,0.41363924741744995,0.41363924741744995,1.0,0.0,False
2000-12-22,0.5867417454719543,0.5867417454719543,1.0,0.19919152259538792,False
2000-12-26,0.5923835635185242,0.5923835635185242,1.0,0.19919152259538792,False
2000-12-27,0.5724256038665771,0.5724256038665771,1.0,0.19919152259538792,False
2000-12-28,0.5470240712165833,0.5470240712165833,1.0,0.19919152259538792,False
2000-12-29,0.49944230914115906,0.49944230914115906,1.0,0.0,False
2001-01-02,0.3806156814098358,0.3806156814098358,1.0,0.0,False
2001-01-03,0.5644150376319885,0.5644150376319885,1.0,0.1883943348688073,False
2001-01-04,0.5111156105995178,0.5111156105995178,1.0,0.0,False
2001-01-05,0.3874417245388031,0.3874417245388031,1.0,0.0,False
2001-01-08,0.4176698923110962,0.4176698923110962,1.0,0.0,False
2001-01-09,0.4165920615196228,0.4165920615196228,1.0,0.0,False
2001-01-10,0.561159074306488,0.561159074306488,1.0,0.25836950704463,False
2001-01-11,0.5079593062400818,0.5079593062400818,1.0,0.0,False
2001-01-12,0.6059648394584656,0.6059648394584656,1.0,0.22483472332704213,False
2001-01-16,0.6182828545570374,0.6182828545570374,1.0,0.22483472332704213,False
2001-01-17,0.6858358383178711,0.6858358383178711,1.0,0.22483472332704213,False
2001-01-18,0.5761801600456238,0.5761801600456238,1.0,0.22483472332704213,False
2001-01-19,0.4332546889781952,0.4332546889781952,1.0,0.0,False
2001-01-22,0.5668416619300842,0.5668416619300842,1.0,0.20255061740800442,False
2001-01-23,0.30406975746154785,0.30406975746154785,2.0,0.0,False
2001-01-24,0.5408816933631897,0.5408816933631897,1.0,0.2059377637920518,False
2001-01-25,0.6731176972389221,0.6731176972389221,1.0,0.2059377637920518,False
2001-01-26,0.666394829750061,0.666394829750061,1.0,0.2059377637920518,False
2001-01-29,0.27157753705978394,0.27157753705978394,1.0,0.0,False
2001-01-30,0.27318552136421204,0.27318552136421204,1.0,0.0,False
2001-01-31,0.24291421473026276,0.24291421473026276,1.0,0.0,False
2001-02-01,0.529268741607666,0.529268741607666,1.0,0.1952182048952476,False
2001-02-02,0.7040468454360962,0.7040468454360962,1.0,0.1952182048952476,False
2001-02-05,0.7740932703018188,0.7740932703018188,1.0,0.1952182048952476,False
2001-02-06,0.6690458655357361,0.6690458655357361,1.0,0.1952182048952476,False
2001-02-07,0.6669566035270691,0.6669566035270691,1.0,0.1952182048952476,False
2001-02-08,0.6010294556617737,0.6010294556617737,1.0,0.1952182048952476,False
2001-02-09,0.5890268087387085,0.5890268087387085,1.0,0.1952182048952476,False
2001-02-12,0.5758811831474304,0.5758811831474304,1.0,0.1952182048952476,False
2001-02-13,0.6681267619132996,0.6681267619132996,1.0,0.1952182048952476,False
2001-02-14,0.6363998651504517,0.6363998651504517,1.0,0.1952182048952476,False
2001-02-15,0.4994303584098816,0.4994303584098816,1.0,0.0,False
2001-02-16,0.6181726455688477,0.6181726455688477,1.0,0.22612687854545774,False
2001-02-20,0.6222465634346008,0.6222465634346008,1.0,0.22612687854545774,False
2001-02-21,0.5631207823753357,0.5631207823753357,1.0,0.22612687854545774,False
2001-02-22,0.6689067482948303,0.6689067482948303,1.0,0.22612687854545774,False
2001-02-23,0.655704140663147,0.655704140663147,1.0,0.22612687854545774,False
2001-02-26,0.485262393951416,0.485262393951416,1.0,0.0,False
2001-02-27,0.4091545343399048,0.4091545343399048,1.0,0.0,False
2001-02-28,0.5023972392082214,0.5023972392082214,1.0,0.0,False
2001-03-01,0.43015626072883606,0.43015626072883606,1.0,0.0,False
2001-03-02,0.39839592576026917,0.39839592576026917,1.0,0.0,False
2001-03-05,0.4956285357475281,0.4956285357475281,1.0,0.0,False
2001-03-06,0.5477553009986877,0.5477553009986877,1.0,0.24210026678055868,False
2001-03-07,0.4566380977630615,0.4566380977630615,1.0,0.0,False
2001-03-08,0.5045795440673828,0.5045795440673828,1.0,0.0,False
2001-03-09,0.5282695293426514,0.5282695293426514,1.0,0.24588997818274091,False
2001-03-12,0.5039784908294678,0.5039784908294678,1.0,0.0,False
2001-03-13,0.5597059726715088,0.5597059726715088,1.0,0.23766207363457928,False
2001-03-14,0.4897793233394623,0.4897793233394623,1.0,0.0,False
2001-03-15,0.4791277050971985,0.4791277050971985,1.0,0.0,False
2001-03-16,0.48819079995155334,0.48819079995155334,1.0,0.0,False
2001-03-19,0.5836772918701172,0.5836772918701172,1.0,0.23625280860232,False
2001-03-20,0.5844910740852356,0.5844910740852356,1.0,0.23625280860232,False
2001-03-21,0.5880083441734314,0.5880083441734314,1.0,0.23625280860232,False
2001-03-22,0.625770628452301,0.625770628452301,1.0,0.23625280860232,False
2001-03-23,0.6336720585823059,0.6336720585823059,1.0,0.23625280860232,False
2001-03-26,0.5822523832321167,0.5822523832321167,1.0,0.23625280860232,False
2001-03-27,0.5587942600250244,0.5587942600250244,1.0,0.23625280860232,False
2001-03-28,0.6686704754829407,0.6686704754829407,1.0,0.23625280860232,False
2001-03-29,0.6371437907218933,0.6371437907218933,1.0,0.23625280860232,False
2001-03-30,0.6495111584663391,0.6495111584663391,1.0,0.23625280860232,False
2001-04-02,0.5799415707588196,0.5799415707588196,1.0,0.23625280860232,False
2001-04-03,0.6217405200004578,0.6217405200004578,1.0,0.23625280860232,False
2001-04-04,0.6062663793563843,0.6062663793563843,1.0,0.23625280860232,False
2001-04-05,0.5811076760292053,0.5811076760292053,1.0,0.23625280860232,False
2001-04-06,0.5686723589897156,0.5686723589897156,1.0,0.23625280860232,False
2001-04-09,0.5586632490158081,0.5586632490158081,1.0,0.23625280860232,False
2001-04-10,0.5330395102500916,0.5330395102500916,1.0,0.23625280860232,False
2001-04-11,0.5391915440559387,0.5391915440559387,1.0,0.23625280860232,False
2001-04-12,0.5567378401756287,0.5567378401756287,1.0,0.23625280860232,False
2001-04-16,0.5858669281005859,0.5858669281005859,1.0,0.23625280860232,False
2001-04-17,0.549896240234375,0.549896240234375,1.0,0.23625280860232,False
2001-04-18,0.6122002005577087,0.6122002005577087,1.0,0.23625280860232,False
2001-04-19,0.4927694797515869,0.4927694797515869,1.0,0.0,False
2001-04-20,0.6332443356513977,0.6332443356513977,1.0,0.16577440820612674,False
2001-04-23,0.5537762641906738,0.5537762641906738,1.0,0.16577440820612674,False
2001-04-24,0.5756540298461914,0.5756540298461914,1.0,0.16577440820612674,False
2001-04-25,0.5269140005111694,0.5269140005111694,1.0,0.16577440820612674,False
2001-04-26,0.6076499819755554,0.6076499819755554,1.0,0.16577440820612674,False
2001-04-27,0.5620238780975342,0.5620238780975342,1.0,0.16577440820612674,False
2001-04-30,0.6200590133666992,0.6200590133666992,1.0,0.16577440820612674,False
2001-05-01,0.5449362993240356,0.5449362993240356,1.0,0.16577440820612674,False
2001-05-02,0.4729446470737457,0.4729446470737457,1.0,0.0,False
2001-05-03,0.6421041488647461,0.6421041488647461,1.0,0.17738092166856384,False
2001-05-04,0.6083658337593079,0.6083658337593079,1.0,0.17738092166856384,False
2001-05-07,0.6376341581344604,0.6376341581344604,1.0,0.17738092166856384,False
2001-05-08,0.5436542630195618,0.5436542630195618,1.0,0.17738092166856384,False
2001-05-09,0.470856249332428,0.470856249332428,1.0,0.0,False
2001-05-10,0.6072076559066772,0.6072076559066772,1.0,0.18196316633535556,False
2001-05-11,0.5325926542282104,0.5325926542282104,1.0,0.18196316633535556,False
2001-05-14,0.5084595084190369,0.5084595084190369,1.0,0.0,False
2001-05-15,0.5818604230880737,0.5818604230880737,1.0,0.19250275222955932,False
2001-05-16,0.44285112619400024,0.44285112619400024,1.0,0.0,False
2001-05-17,0.4626016318798065,0.4626016318798065,0.0,0.0,False
2001-05-18,0.4038914740085602,0.4038914740085602,0.0,0.0,False
2001-05-21,0.464115172624588,0.464115172624588,0.0,0.0,False
2001-05-22,0.45937085151672363,0.45937085151672363,0.0,0.0,False
2001-05-23,0.48184359073638916,0.48184359073638916,0.0,0.0,False
2001-05-24,0.5989835858345032,0.5989835858345032,0.0,0.32420449753830305,False
2001-05-25,0.47837162017822266,0.47837162017822266,0.0,0.0,False
2001-05-29,0.5190703272819519,0.5190703272819519,0.0,0.0,False
2001-05-30,0.4971972107887268,0.4971972107887268,0.0,0.0,False
2001-05-31,0.4908675253391266,0.4908675253391266,1.0,0.0,False
2001-06-01,0.4573855698108673,0.4573855698108673,0.0,0.0,False
2001-06-04,0.38580432534217834,0.38580432534217834,0.0,0.0,False
2001-06-05,0.45814046263694763,0.45814046263694763,0.0,0.0,False
2001-06-06,0.47092628479003906,0.47092628479003906,0.0,0.0,False
2001-06-07,0.4599405825138092,0.4599405825138092,0.0,0.0,False
2001-06-08,0.43183633685112,0.43183633685112,0.0,0.0,False
2001-06-11,0.4974569082260132,0.4974569082260132,0.0,0.0,False
2001-06-12,0.5206319689750671,0.5206319689750671,0.0,0.29141397702292127,False
2001-06-13,0.4832667410373688,0.4832667410373688,0.0,0.0,False
2001-06-14,0.4768928289413452,0.4768928289413452,0.0,0.0,False
2001-06-15,0.48659151792526245,0.48659151792526245,0.0,0.0,False
2001-06-18,0.4040203392505646,0.4040203392505646,0.0,0.0,False
2001-06-19,0.4340817928314209,0.4340817928314209,0.0,0.0,False
2001-06-20,0.46380308270454407,0.46380308270454407,1.0,0.0,False
2001-06-21,0.4636625051498413,0.4636625051498413,1.0,0.0,False
2001-06-22,0.5110700726509094,0.5110700726509094,1.0,0.0,False
2001-06-25,0.5210052132606506,0.5210052132606506,1.0,0.2280208607051496,False
2001-06-26,0.5562921762466431,0.5562921762466431,1.0,0.2280208607051496,False
2001-06-27,0.5640330910682678,0.5640330910682678,1.0,0.2280208607051496,False
2001-06-28,0.6060889363288879,0.6060889363288879,1.0,0.2280208607051496,False
2001-06-29,0.5821666717529297,0.5821666717529297,1.0,0.2280208607051496,False
2001-07-02,0.5281497836112976,0.5281497836112976,1.0,0.2280208607051496,False
2001-07-03,0.6016666293144226,0.6016666293144226,1.0,0.2280208607051496,False
2001-07-05,0.5601009130477905,0.5601009130477905,1.0,0.2280208607051496,False
2001-07-06,0.5446057915687561,0.5446057915687561,1.0,0.2280208607051496,False
2001-07-09,0.5675044655799866,0.5675044655799866,1.0,0.2280208607051496,False
2001-07-10,0.5973547101020813,0.5973547101020813,1.0,0.2280208607051496,False
2001-07-11,0.5232013463973999,0.5232013463973999,1.0,0.2280208607051496,False
2001-07-12,0.6794751882553101,0.6794751882553101,1.0,0.2280208607051496,False
2001-07-13,0.5271511673927307,0.5271511673927307,1.0,0.2280208607051496,False
2001-07-16,0.6310796737670898,0.6310796737670898,1.0,0.2280208607051496,False
2001-07-17,0.5213006734848022,0.5213006734848022,1.0,0.2280208607051496,False
2001-07-18,0.5632848143577576,0.5632848143577576,1.0,0.2280208607051496,False
2001-07-19,0.5337321162223816,0.5337321162223816,1.0,0.2280208607051496,False
2001-07-20,0.4815223217010498,0.4815223217010498,1.0,0.0,False
2001-07-23,0.5132048726081848,0.5132048726081848,1.0,0.0,False
2001-07-24,0.5107530951499939,0.5107530951499939,1.0,0.0,False
2001-07-25,0.5068225860595703,0.5068225860595703,1.0,0.0,False
2001-07-26,0.4637852907180786,0.4637852907180786,1.0,0.0,False
2001-07-27,0.4579450488090515,0.4579450488090515,1.0,0.0,False
2001-07-30,0.5439886450767517,0.5439886450767517,1.0,0.1731194680639488,False
2001-07-31,0.5284615159034729,0.5284615159034729,1.0,0.1731194680639488,False
2001-08-01,0.4351978003978729,0.4351978003978729,1.0,0.0,False
2001-08-02,0.4250420928001404,0.4250420928001404,1.0,0.0,False
2001-08-03,0.4176207184791565,0.4176207184791565,1.0,0.0,False
2001-08-06,0.31577789783477783,0.31577789783477783,1.0,0.0,True
2001-08-07,0.4377197325229645,0.4377197325229645,1.0,0.0,True
2001-08-08,0.5117993354797363,0.5117993354797363,1.0,0.0,True
2001-08-09,0.5289748311042786,0.5289748311042786,1.0,0.211442704666777,True
2001-08-10,0.4774457812309265,0.4774457812309265,1.0,0.0,True
2001-08-13,0.5081017017364502,0.5081017017364502,1.0,0.0,True
2001-08-14,0.4068973958492279,0.4068973958492279,1.0,0.0,True
2001-08-15,0.43198803067207336,0.43198803067207336,0.0,0.0,True
2001-08-16,0.40944454073905945,0.40944454073905945,0.0,0.0,True
2001-08-17,0.4875926375389099,0.4875926375389099,0.0,0.0,True
2001-08-20,0.48516860604286194,0.48516860604286194,0.0,0.0,True
2001-08-21,0.4924654960632324,0.4924654960632324,0.0,0.0,True
2001-08-22,0.4678994417190552,0.4678994417190552,0.0,0.0,True
2001-08-23,0.49968472123146057,0.49968472123146057,0.0,0.0,True
2001-08-24,0.461130827665329,0.461130827665329,0.0,0.0,True
2001-08-27,0.44959962368011475,0.44959962368011475,0.0,0.0,True
2001-08-28,0.4693184196949005,0.4693184196949005,0.0,0.0,True
2001-08-29,0.5758495926856995,0.5758495926856995,0.0,0.43601045846632436,True
2001-08-30,0.5523257255554199,0.5523257255554199,0.0,0.43601045846632436,True
2001-08-31,0.4713338613510132,0.4713338613510132,0.0,0.0,True
2001-09-04,0.5711956024169922,0.5711956024169922,0.0,0.44140113377641765,True
2001-09-05,0.4743621051311493,0.4743621051311493,0.0,0.0,True
2001-09-06,0.6117479801177979,0.6117479801177979,0.0,0.401458978514141,True
2001-09-07,0.4813346564769745,0.4813346564769745,0.0,0.0,True
2001-09-10,0.5445576906204224,0.5445576906204224,0.0,0.3942036153154998,True
2001-09-17,0.5590349435806274,0.5590349435806274,0.0,0.3942036153154998,True
2001-09-18,0.5680340528488159,0.5680340528488159,0.0,0.3942036153154998,True
2001-09-19,0.5392031073570251,0.5392031073570251,0.0,0.3942036153154998,True
2001-09-20,0.4135928750038147,0.4135928750038147,0.0,0.0,True
2001-09-21,0.3930720090866089,0.3930720090866089,0.0,0.0,True
2001-09-24,0.46967437863349915,0.46967437863349915,0.0,0.0,True
2001-09-25,0.45162540674209595,0.45162540674209595,1.0,0.0,True
2001-09-26,0.41557493805885315,0.41557493805885315,0.0,0.0,True
2001-09-27,0.45266613364219666,0.45266613364219666,1.0,0.0,True
2001-09-28,0.53757244348526,0.53757244348526,0.0,0.27570545301601007,True
2001-10-01,0.4812052249908447,0.4812052249908447,0.0,0.0,True
2001-10-02,0.4480835497379303,0.4480835497379303,0.0,0.0,True
2001-10-03,0.4674054980278015,0.4674054980278015,0.0,0.0,True
2001-10-04,0.5243967175483704,0.5243967175483704,1.0,0.25661541850616654,True
2001-10-05,0.46052220463752747,0.46052220463752747,0.0,0.0,True
2001-10-08,0.47820839285850525,0.47820839285850525,0.0,0.0,True
2001-10-09,0.3629207909107208,0.3629207909107208,0.0,0.0,True
2001-10-10,0.40455514192581177,0.40455514192581177,0.0,0.0,True
2001-10-11,0.4324563443660736,0.4324563443660736,1.0,0.0,True
2001-10-12,0.485231876373291,0.485231876373291,1.0,0.0,True
2001-10-15,0.5130950808525085,0.5130950808525085,1.0,0.0,True
2001-10-16,0.4769814610481262,0.4769814610481262,1.0,0.0,True
2001-10-17,0.5856727361679077,0.5856727361679077,1.0,0.2521826674327734,True
2001-10-18,0.6085506677627563,0.6085506677627563,1.0,0.2521826674327734,True
2001-10-19,0.5613602995872498,0.5613602995872498,1.0,0.2521826674327734,True
2001-10-22,0.5748429298400879,0.5748429298400879,1.0,0.2521826674327734,True
2001-10-23,0.6131740212440491,0.6131740212440491,1.0,0.2521826674327734,True
2001-10-24,0.5282817482948303,0.5282817482948303,1.0,0.2521826674327734,True
2001-10-25,0.5691810250282288,0.5691810250282288,1.0,0.2521826674327734,True
2001-10-26,0.6262842416763306,0.6262842416763306,1.0,0.2521826674327734,True
2001-10-29,0.6313007473945618,0.6313007473945618,1.0,0.2521826674327734,True
2001-10-30,0.6187983155250549,0.6187983155250549,1.0,0.2521826674327734,True
2001-10-31,0.4600854814052582,0.4600854814052582,1.0,0.0,True
2001-11-01,0.6095811128616333,0.6095811128616333,1.0,0.26060540856592795,True
2001-11-02,0.5542481541633606,0.5542481541633606,1.0,0.26060540856592795,True
2001-11-05,0.47466835379600525,0.47466835379600525,1.0,0.0,True
2001-11-06,0.4594592750072479,0.4594592750072479,1.0,0.0,True
2001-11-07,0.5110329985618591,0.5110329985618591,1.0,0.0,True
2001-11-08,0.536535382270813,0.536535382270813,0.0,0.26809635334070964,True
2001-11-09,0.5051838755607605,0.5051838755607605,0.0,0.0,True
2001-11-12,0.48645707964897156,0.48645707964897156,0.0,0.0,True
2001-11-13,0.4425671100616455,0.4425671100616455,1.0,0.0,True
2001-11-14,0.4790108799934387,0.4790108799934387,1.0,0.0,True
2001-11-15,0.538296103477478,0.538296103477478,0.0,0.30886511382262805,True
2001-11-16,0.45611679553985596,0.45611679553985596,0.0,0.0,True
2001-11-19,0.534079372882843,0.534079372882843,1.0,0.29339360677351617,True
2001-11-20,0.4942244589328766,0.4942244589328766,0.0,0.0,True
2001-11-21,0.500243067741394,0.500243067741394,0.0,0.0,True
2001-11-23,0.36395177245140076,0.36395177245140076,0.0,0.0,True
2001-11-26,0.5140377879142761,0.5140377879142761,1.0,0.0,True
2001-11-27,0.5563673973083496,0.5563673973083496,1.0,0.31601618797074665,True
2001-11-28,0.5223559737205505,0.5223559737205505,1.0,0.31601618797074665,True
2001-11-29,0.521187424659729,0.521187424659729,1.0,0.31601618797074665,True
2001-11-30,0.47773292660713196,0.47773292660713196,1.0,0.0,True
2001-12-03,0.4832874536514282,0.4832874536514282,1.0,0.0,True
2001-12-04,0.5268076062202454,0.5268076062202454,1.0,0.293624659608992,True
2001-12-05,0.4753408432006836,0.4753408432006836,1.0,0.0,True
2001-12-06,0.5829597115516663,0.5829597115516663,1.0,0.2631077488397043,True
2001-12-07,0.5396091341972351,0.5396091341972351,1.0,0.2631077488397043,True
2001-12-10,0.5574912428855896,0.5574912428855896,1.0,0.2631077488397043,True
2001-12-11,0.6302887797355652,0.6302887797355652,1.0,0.2631077488397043,True
2001-12-12,0.5771452188491821,0.5771452188491821,1.0,0.2631077488397043,True
2001-12-13,0.4955197274684906,0.4955197274684906,1.0,0.0,True
2001-12-14,0.5817225575447083,0.5817225575447083,1.0,0.2598840254171894,True
2001-12-17,0.5266536474227905,0.5266536474227905,1.0,0.2598840254171894,True
2001-12-18,0.514139711856842,0.514139711856842,1.0,0.0,True
2001-12-19,0.4408068060874939,0.4408068060874939,1.0,0.0,True
2001-12-20,0.4994513988494873,0.4994513988494873,1.0,0.0,True
2001-12-21,0.4575154483318329,0.4575154483318329,1.0,0.0,True
2001-12-24,0.3517454266548157,0.3517454266548157,0.0,0.0,True
2001-12-26,0.47461196780204773,0.47461196780204773,0.0,0.0,True
2001-12-27,0.45348984003067017,0.45348984003067017,0.0,0.0,True
2001-12-28,0.40566810965538025,0.40566810965538025,1.0,0.0,True
2001-12-31,0.4214783310890198,0.4214783310890198,0.0,0.0,True
2002-01-02,0.5312747955322266,0.5312747955322266,1.0,0.2832577768038006,True
2002-01-03,0.48341846466064453,0.48341846466064453,1.0,0.0,True
2002-01-04,0.5220786929130554,0.5220786929130554,1.0,0.3463788677356533,True
2002-01-07,0.5723885893821716,0.5723885893821716,0.0,0.3463788677356533,True
2002-01-08,0.5370795726776123,0.5370795726776123,0.0,0.3463788677356533,True
2002-01-09,0.47935083508491516,0.47935083508491516,0.0,0.0,True
2002-01-10,0.43909353017807007,0.43909353017807007,0.0,0.0,True
2002-01-11,0.5515149831771851,0.5515149831771851,0.0,0.3417115146257789,True
2002-01-14,0.4662471115589142,0.4662471115589142,0.0,0.0,True
2002-01-15,0.4800947904586792,0.4800947904586792,0.0,0.0,True
2002-01-16,0.5655158162117004,0.5655158162117004,0.0,0.3305005725974205,True
2002-01-17,0.4995954930782318,0.4995954930782318,1.0,0.0,True
2002-01-18,0.3365831971168518,0.3365831971168518,1.0,0.0,True
2002-01-22,0.32380393147468567,0.32380393147468567,0.0,0.0,True
2002-01-23,0.517823338508606,0.517823338508606,1.0,0.0,True
2002-01-24,0.4590316712856293,0.4590316712856293,1.0,0.0,True
2002-01-25,0.4658734202384949,0.4658734202384949,1.0,0.0,True
2002-01-28,0.5005617737770081,0.5005617737770081,1.0,0.0,True
2002-01-29,0.481989324092865,0.481989324092865,1.0,0.0,True
2002-01-30,0.520212709903717,0.520212709903717,1.0,0.27790864793364317,True
2002-01-31,0.48025327920913696,0.48025327920913696,1.0,0.0,True
2002-02-01,0.4401788115501404,0.4401788115501404,1.0,0.0,True
2002-02-04,0.48876914381980896,0.48876914381980896,1.0,0.0,True
2002-02-05,0.5152418613433838,0.5152418613433838,1.0,0.0,True
2002-02-06,0.5464099645614624,0.5464099645614624,1.0,0.2926190788893711,True
2002-02-07,0.5476630330085754,0.5476630330085754,1.0,0.2926190788893711,True
2002-02-08,0.5917070508003235,0.5917070508003235,1.0,0.2926190788893711,True
2002-02-11,0.506495475769043,0.506495475769043,1.0,0.0,True
2002-02-12,0.5740734934806824,0.5740734934806824,1.0,0.30142319876822843,True
2002-02-13,0.4948025941848755,0.4948025941848755,1.0,0.0,True
2002-02-14,0.5179415941238403,0.5179415941238403,1.0,0.0,True
2002-02-15,0.5320391058921814,0.5320391058921814,0.0,0.3780207992311753,True
2002-02-19,0.6035857200622559,0.6035857200622559,0.0,0.3780207992311753,True
2002-02-20,0.5464524030685425,0.5464524030685425,0.0,0.3780207992311753,True
2002-02-21,0.5981770753860474,0.5981770753860474,0.0,0.3780207992311753,True
2002-02-22,0.43850988149642944,0.43850988149642944,0.0,0.0,True
2002-02-25,0.44345587491989136,0.44345587491989136,0.0,0.0,True
2002-02-26,0.3854961693286896,0.3854961693286896,0.0,0.0,True
2002-02-27,0.40909767150878906,0.40909767150878906,1.0,0.0,True
2002-02-28,0.40137365460395813,0.40137365460395813,1.0,0.0,True
2002-03-01,0.43653833866119385,0.43653833866119385,1.0,0.0,True
2002-03-04,0.36174076795578003,0.36174076795578003,1.0,0.0,True
2002-03-05,0.4028080403804779,0.4028080403804779,1.0,0.0,True
2002-03-06,0.536750316619873,0.536750316619873,1.0,0.22782065737815116,True
2002-03-07,0.5074891448020935,0.5074891448020935,1.0,0.0,True
2002-03-08,0.5084210634231567,0.5084210634231567,1.0,0.0,True
2002-03-11,0.542998731136322,0.542998731136322,1.0,0.23072497599158684,True
2002-03-12,0.4337332844734192,0.4337332844734192,1.0,0.0,True
2002-03-13,0.4974799156188965,0.4974799156188965,1.0,0.0,True
2002-03-14,0.4688188135623932,0.4688188135623932,1.0,0.0,True
2002-03-15,0.583154559135437,0.583154559135437,1.0,0.2353542395236945,True
2002-03-18,0.5641123652458191,0.5641123652458191,1.0,0.2353542395236945,True
2002-03-19,0.4998551905155182,0.4998551905155182,1.0,0.0,True
2002-03-20,0.5026149749755859,0.5026149749755859,1.0,0.0,True
2002-03-21,0.5324881076812744,0.5324881076812744,1.0,0.28140830859449056,True
2002-03-22,0.558327317237854,0.558327317237854,0.0,0.28140830859449056,True
2002-03-25,0.5329810380935669,0.5329810380935669,0.0,0.28140830859449056,True
2002-03-26,0.5266646146774292,0.5266646146774292,0.0,0.28140830859449056,True
2002-03-27,0.4807822108268738,0.4807822108268738,0.0,0.0,True
2002-03-28,0.4840644299983978,0.4840644299983978,0.0,0.0,True
2002-04-01,0.477831095457077,0.477831095457077,0.0,0.0,True
2002-04-02,0.4181044101715088,0.4181044101715088,0.0,0.0,True
2002-04-03,0.4309706687927246,0.4309706687927246,0.0,0.0,True
2002-04-04,0.5784913897514343,0.5784913897514343,0.0,0.4928893286545199,True
2002-04-05,0.5040829181671143,0.5040829181671143,0.0,0.0,True
2002-04-08,0.47715988755226135,0.47715988755226135,0.0,0.0,True
2002-04-09,0.44037845730781555,0.44037845730781555,0.0,0.0,True
2002-04-10,0.4799707531929016,0.4799707531929016,0.0,0.0,True
2002-04-11,0.5396307110786438,0.5396307110786438,0.0,0.4835661688624975,True
2002-04-12,0.5448116064071655,0.5448116064071655,0.0,0.4835661688624975,True
2002-04-15,0.5195450782775879,0.5195450782775879,0.0,0.0,True
2002-04-16,0.49575507640838623,0.49575507640838623,0.0,0.0,True
2002-04-17,0.48228341341018677,0.48228341341018677,0.0,0.0,True
2002-04-18,0.5575557947158813,0.5575557947158813,0.0,0.4452217417551808,True
2002-04-19,0.5329810380935669,0.5329810380935669,0.0,0.4452217417551808,True
2002-04-22,0.5163866281509399,0.5163866281509399,0.0,0.0,True
2002-04-23,0.49924522638320923,0.49924522638320923,0.0,0.0,True
2002-04-24,0.5480412840843201,0.5480412840843201,0.0,0.46039144416441724,True
2002-04-25,0.49772852659225464,0.49772852659225464,0.0,0.0,True
2002-04-26,0.5541695952415466,0.5541695952415466,0.0,0.4067622712498573,True
2002-04-29,0.37896594405174255,0.37896594405174255,0.0,0.0,True
2002-04-30,0.4145630896091461,0.4145630896091461,0.0,0.0,True
2002-05-01,0.4126615822315216,0.4126615822315216,0.0,0.0,True
2002-05-02,0.38162752985954285,0.38162752985954285,0.0,0.0,True
2002-05-03,0.45630380511283875,0.45630380511283875,0.0,0.0,True
2002-05-06,0.5201489329338074,0.5201489329338074,0.0,0.42116036565897375,True
2002-05-07,0.44655704498291016,0.44655704498291016,0.0,0.0,True
2002-05-08,0.5029741525650024,0.5029741525650024,0.0,0.0,True
2002-05-09,0.4120505750179291,0.4120505750179291,0.0,0.0,True
2002-05-10,0.3812248110771179,0.3812248110771179,0.0,0.0,True
2002-05-13,0.4599989950656891,0.4599989950656891,0.0,0.0,True
2002-05-14,0.530394971370697,0.530394971370697,0.0,0.2771711149506701,True
2002-05-15,0.4808555543422699,0.4808555543422699,0.0,0.0,True
2002-05-16,0.5315396785736084,0.5315396785736084,0.0,0.2820039994417783,True
2002-05-17,0.5498225092887878,0.5498225092887878,0.0,0.2820039994417783,True
2002-05-20,0.5052290558815002,0.5052290558815002,0.0,0.0,True
2002-05-21,0.5268480777740479,0.5268480777740479,0.0,0.2691158621268162,True
2002-05-22,0.5673621296882629,0.5673621296882629,1.0,0.2691158621268162,True
2002-05-23,0.5671213865280151,0.5671213865280151,1.0,0.2691158621268162,True
2002-05-24,0.6742949485778809,0.6742949485778809,1.0,0.2691158621268162,True
2002-05-28,0.6299554109573364,0.6299554109573364,1.0,0.2691158621268162,True
2002-05-29,0.5537078976631165,0.5537078976631165,0.0,0.2691158621268162,True
2002-05-30,0.5156330466270447,0.5156330466270447,1.0,0.0,True
2002-05-31,0.5274765491485596,0.5274765491485596,1.0,0.2639855355800454,True
2002-06-03,0.5126857757568359,0.5126857757568359,1.0,0.0,True
2002-06-04,0.5234074592590332,0.5234074592590332,1.0,0.27014315483462376,True
2002-06-05,0.5011429190635681,0.5011429190635681,1.0,0.0,True
2002-06-06,0.48089414834976196,0.48089414834976196,0.0,0.0,True
2002-06-07,0.6098238825798035,0.6098238825798035,0.0,0.31462670050714603,True
2002-06-10,0.47107893228530884,0.47107893228530884,0.0,0.0,True
2002-06-11,0.5270205140113831,0.5270205140113831,0.0,0.3163029883483213,True
2002-06-12,0.5478360652923584,0.5478360652923584,0.0,0.3163029883483213,True
2002-06-13,0.5707916617393494,0.5707916617393494,0.0,0.3163029883483213,True
2002-06-14,0.4824178218841553,0.4824178218841553,0.0,0.0,True
2002-06-17,0.5172086954116821,0.5172086954116821,0.0,0.0,True
2002-06-18,0.5177798271179199,0.5177798271179199,0.0,0.0,True
2002-06-19,0.5085246562957764,0.5085246562957764,1.0,0.0,True
2002-06-20,0.49439293146133423,0.49439293146133423,1.0,0.0,True
2002-06-21,0.510295033454895,0.510295033454895,1.0,0.0,True
2002-06-24,0.43874281644821167,0.43874281644821167,1.0,0.0,True
2002-06-25,0.44658780097961426,0.44658780097961426,1.0,0.0,True
2002-06-26,0.5765717029571533,0.5765717029571533,1.0,0.2503909263227809,True
2002-06-27,0.41982269287109375,0.41982269287109375,1.0,0.0,True
2002-06-28,0.3453589081764221,0.3453589081764221,1.0,0.0,True
2002-07-01,0.6052653193473816,0.6052653193473816,1.0,0.2318281021237706,True
2002-07-02,0.6241330504417419,0.6241330504417419,1.0,0.2318281021237706,True
2002-07-03,0.41916748881340027,0.41916748881340027,1.0,0.0,True
2002-07-05,0.45116159319877625,0.45116159319877625,1.0,0.0,True
2002-07-08,0.5269747972488403,0.5269747972488403,1.0,0.20627131513951033,True
2002-07-09,0.5845987200737,0.5845987200737,1.0,0.20627131513951033,True
2002-07-10,0.6016863584518433,0.6016863584518433,1.0,0.20627131513951033,True
2002-07-11,0.4721757471561432,0.4721757471561432,1.0,0.0,True
2002-07-12,0.6343602538108826,0.6343602538108826,1.0,0.19815394331571415,True
2002-07-15,0.5318084955215454,0.5318084955215454,1.0,0.19815394331571415,True
2002-07-16,0.4723396599292755,0.4723396599292755,1.0,0.0,True
2002-07-17,0.6352362036705017,0.6352362036705017,1.0,0.17230332749094499,True
2002-07-18,0.6195067167282104,0.6195067167282104,1.0,0.17230332749094499,True
2002-07-19,0.5540590286254883,0.5540590286254883,1.0,0.17230332749094499,True
2002-07-22,0.6258252263069153,0.6258252263069153,1.0,0.17230332749094499,True
2002-07-23,0.6286851763725281,0.6286851763725281,1.0,0.17230332749094499,True
2002-07-24,0.5867336392402649,0.5867336392402649,1.0,0.17230332749094499,True
2002-07-25,0.6584049463272095,0.6584049463272095,1.0,0.17230332749094499,True
2002-07-26,0.6581887602806091,0.6581887602806091,1.0,0.17230332749094499,True
2002-07-29,0.6752477288246155,0.6752477288246155,1.0,0.17230332749094499,True
2002-07-30,0.6372544169425964,0.6372544169425964,1.0,0.17230332749094499,True
2002-07-31,0.5905660390853882,0.5905660390853882,1.0,0.17230332749094499,True
2002-08-01,0.44332650303840637,0.44332650303840637,1.0,0.0,True
2002-08-02,0.469148188829422,0.469148188829422,1.0,0.0,True
2002-08-05,0.4613018333911896,0.4613018333911896,1.0,0.0,True
2002-08-06,0.6440093517303467,0.6440093517303467,1.0,0.2101792528344262,True
2002-08-07,0.5821324586868286,0.5821324586868286,1.0,0.2101792528344262,True
2002-08-08,0.46332472562789917,0.46332472562789917,1.0,0.0,True
2002-08-09,0.45230892300605774,0.45230892300605774,1.0,0.0,True
2002-08-12,0.42024168372154236,0.42024168372154236,1.0,0.0,True
2002-08-13,0.46844878792762756,0.46844878792762756,1.0,0.0,True
2002-08-14,0.4130929410457611,0.4130929410457611,0.0,0.0,True
2002-08-15,0.2433367818593979,0.2433367818593979,1.0,0.0,True
2002-08-16,0.4297966957092285,0.4297966957092285,1.0,0.0,True
2002-08-19,0.4396331310272217,0.4396331310272217,1.0,0.0,True
2002-08-20,0.4645589590072632,0.4645589590072632,1.0,0.0,True
2002-08-21,0.5244234204292297,0.5244234204292297,0.0,0.32556796525952164,True
2002-08-22,0.5391591787338257,0.5391591787338257,0.0,0.32556796525952164,True
2002-08-23,0.5137599110603333,0.5137599110603333,0.0,0.0,True
2002-08-26,0.4640994071960449,0.4640994071960449,0.0,0.0,True
2002-08-27,0.523831307888031,0.523831307888031,0.0,0.36812657808587623,True
2002-08-28,0.5169157385826111,0.5169157385826111,0.0,0.0,True
2002-08-29,0.4596737325191498,0.4596737325191498,0.0,0.0,True
2002-08-30,0.39122307300567627,0.39122307300567627,0.0,0.0,True
2002-09-03,0.5192021131515503,0.5192021131515503,0.0,0.0,True
2002-09-04,0.4667147696018219,0.4667147696018219,0.0,0.0,True
2002-09-05,0.4719996452331543,0.4719996452331543,0.0,0.0,True
2002-09-06,0.3902627229690552,0.3902627229690552,0.0,0.0,True
2002-09-09,0.4121496081352234,0.4121496081352234,0.0,0.0,True
2002-09-10,0.41202107071876526,0.41202107071876526,0.0,0.0,True
2002-09-11,0.4273836612701416,0.4273836612701416,0.0,0.0,True
2002-09-12,0.4531368613243103,0.4531368613243103,0.0,0.0,True
2002-09-13,0.43443289399147034,0.43443289399147034,0.0,0.0,True
2002-09-16,0.4176892638206482,0.4176892638206482,0.0,0.0,True
2002-09-17,0.4084809422492981,0.4084809422492981,0.0,0.0,True
2002-09-18,0.4658828377723694,0.4658828377723694,0.0,0.0,True
2002-09-19,0.4537688195705414,0.4537688195705414,0.0,0.0,True
2002-09-20,0.566307008266449,0.566307008266449,0.0,0.444468863241559,True
2002-09-23,0.5432885885238647,0.5432885885238647,0.0,0.444468863241559,True
2002-09-24,0.47863146662712097,0.47863146662712097,0.0,0.0,True
2002-09-25,0.5315191149711609,0.5315191149711609,0.0,0.4889273265981521,True
2002-09-26,0.5161349773406982,0.5161349773406982,0.0,0.0,True
2002-09-27,0.47725677490234375,0.47725677490234375,0.0,0.0,True
2002-09-30,0.4647742509841919,0.4647742509841919,0.0,0.0,True
2002-10-01,0.5505587458610535,0.5505587458610535,0.0,0.574660963078869,True
2002-10-02,0.40989241003990173,0.40989241003990173,0.0,0.0,True
2002-10-03,0.5705333948135376,0.5705333948135376,0.0,0.6167840434305426,True
2002-10-04,0.4990350902080536,0.4990350902080536,0.0,0.0,True
2002-10-07,0.4884841740131378,0.4884841740131378,0.0,0.0,True
2002-10-08,0.46187230944633484,0.46187230944633484,0.0,0.0,True
2002-10-09,0.42557960748672485,0.42557960748672485,0.0,0.0,True
2002-10-10,0.4048316776752472,0.4048316776752472,0.0,0.0,True
2002-10-11,0.5026994347572327,0.5026994347572327,0.0,0.0,True
2002-10-14,0.543129026889801,0.543129026889801,0.0,0.49429124087423276,True
2002-10-15,0.528613269329071,0.528613269329071,0.0,0.49429124087423276,True
2002-10-16,0.5657318234443665,0.5657318234443665,0.0,0.49429124087423276,True
2002-10-17,0.5356250405311584,0.5356250405311584,0.0,0.49429124087423276,True
2002-10-18,0.4838913083076477,0.4838913083076477,0.0,0.0,True
2002-10-21,0.5303970575332642,0.5303970575332642,0.0,0.43978901025762984,True
2002-10-22,0.567957878112793,0.567957878112793,0.0,0.43978901025762984,True
2002-10-23,0.5354332327842712,0.5354332327842712,0.0,0.43978901025762984,True
2002-10-24,0.5439253449440002,0.5439253449440002,0.0,0.43978901025762984,True
2002-10-25,0.5744828581809998,0.5744828581809998,0.0,0.43978901025762984,True
2002-10-28,0.5197072625160217,0.5197072625160217,0.0,0.0,True
2002-10-29,0.5508566498756409,0.5508566498756409,0.0,0.3992042949409778,True
2002-10-30,0.5067200660705566,0.5067200660705566,0.0,0.0,True
2002-10-31,0.5756893754005432,0.5756893754005432,0.0,0.39732704601835594,True
2002-11-01,0.5436884760856628,0.5436884760856628,0.0,0.39732704601835594,True
2002-11-04,0.5298567414283752,0.5298567414283752,0.0,0.39732704601835594,True
2002-11-05,0.5401779413223267,0.5401779413223267,0.0,0.39732704601835594,True
2002-11-06,0.5006732940673828,0.5006732940673828,1.0,0.0,True
2002-11-07,0.5400893688201904,0.5400893688201904,0.0,0.33513784738867164,True
2002-11-08,0.5946423411369324,0.5946423411369324,0.0,0.33513784738867164,True
2002-11-11,0.6623862385749817,0.6623862385749817,0.0,0.33513784738867164,True
2002-11-12,0.4296633005142212,0.4296633005142212,0.0,0.0,True
2002-11-13,0.5094681978225708,0.5094681978225708,0.0,0.0,True
2002-11-14,0.5008553266525269,0.5008553266525269,0.0,0.0,True
2002-11-15,0.4563462436199188,0.4563462436199188,0.0,0.0,True
2002-11-18,0.488542377948761,0.488542377948761,0.0,0.0,True
2002-11-19,0.4867248237133026,0.4867248237133026,0.0,0.0,True
2002-11-20,0.4805235266685486,0.4805235266685486,0.0,0.0,True
2002-11-21,0.5619800686836243,0.5619800686836243,0.0,0.2943958469899426,True
2002-11-22,0.47254854440689087,0.47254854440689087,0.0,0.0,True
2002-11-25,0.46810680627822876,0.46810680627822876,0.0,0.0,True
2002-11-26,0.5212087035179138,0.5212087035179138,0.0,0.29735817398025827,True
2002-11-27,0.4708683490753174,0.4708683490753174,0.0,0.0,True
2002-11-29,0.3750261664390564,0.3750261664390564,0.0,0.0,True
2002-12-02,0.45968714356422424,0.45968714356422424,0.0,0.0,True
2002-12-03,0.45384740829467773,0.45384740829467773,0.0,0.0,True
2002-12-04,0.4910953640937805,0.4910953640937805,0.0,0.0,True
2002-12-05,0.39885541796684265,0.39885541796684265,0.0,0.0,True
2002-12-06,0.479336142539978,0.479336142539978,0.0,0.0,True
2002-12-09,0.4345231354236603,0.4345231354236603,0.0,0.0,True
2002-12-10,0.47095659375190735,0.47095659375190735,0.0,0.0,True
2002-12-11,0.45834535360336304,0.45834535360336304,0.0,0.0,True
2002-12-12,0.4423931837081909,0.4423931837081909,0.0,0.0,True
2002-12-13,0.46203869581222534,0.46203869581222534,0.0,0.0,True
2002-12-16,0.47220155596733093,0.47220155596733093,0.0,0.0,True
2002-12-17,0.4487086534500122,0.4487086534500122,0.0,0.0,True
2002-12-18,0.528113067150116,0.528113067150116,0.0,0.39329269093940694,True
2002-12-19,0.4532739222049713,0.4532739222049713,0.0,0.0,True
2002-12-20,0.46562620997428894,0.46562620997428894,0.0,0.0,True
2002-12-23,0.4695892035961151,0.4695892035961151,0.0,0.0,True
2002-12-24,0.3312843441963196,0.3312843441963196,0.0,0.0,True
2002-12-26,0.40374258160591125,0.40374258160591125,0.0,0.0,True
2002-12-27,0.40202218294143677,0.40202218294143677,0.0,0.0,True
2002-12-30,0.46873489022254944,0.46873489022254944,0.0,0.0,True
2002-12-31,0.45028170943260193,0.45028170943260193,0.0,0.0,True
2003-01-02,0.55229651927948,0.55229651927948,0.0,0.4441787701271401,True
2003-01-03,0.5597622394561768,0.5597622394561768,0.0,0.4441787701271401,True
2003-01-06,0.5109895467758179,0.5109895467758179,0.0,0.0,True
2003-01-07,0.4611593186855316,0.4611593186855316,0.0,0.0,True
2003-01-08,0.4693971574306488,0.4693971574306488,0.0,0.0,True
2003-01-09,0.41680261492729187,0.41680261492729187,0.0,0.0,True
2003-01-10,0.4222700893878937,0.4222700893878937,0.0,0.0,True
2003-01-13,0.3855050206184387,0.3855050206184387,0.0,0.0,True
2003-01-14,0.36037248373031616,0.36037248373031616,0.0,0.0,True
2003-01-15,0.45125672221183777,0.45125672221183777,0.0,0.0,True
2003-01-16,0.43865111470222473,0.43865111470222473,0.0,0.0,True
2003-01-17,0.5672109723091125,0.5672109723091125,0.0,0.5566070922310026,True
2003-01-21,0.5465153455734253,0.5465153455734253,0.0,0.5566070922310026,True
2003-01-22,0.5098557472229004,0.5098557472229004,0.0,0.0,True
2003-01-23,0.4141998887062073,0.4141998887062073,0.0,0.0,True
2003-01-24,0.4124857187271118,0.4124857187271118,0.0,0.0,True
2003-01-27,0.5138598680496216,0.5138598680496216,0.0,0.0,True
2003-01-28,0.512614905834198,0.512614905834198,0.0,0.0,True
2003-01-29,0.6010766625404358,0.6010766625404358,0.0,0.4989603400020016,True
2003-01-30,0.546462893486023,0.546462893486023,0.0,0.4989603400020016,True
2003-01-31,0.4432551860809326,0.4432551860809326,0.0,0.0,True
2003-02-03,0.49841389060020447,0.49841389060020447,0.0,0.0,True
2003-02-04,0.5212190747261047,0.5212190747261047,0.0,0.4704397441138876,True
2003-02-05,0.46433183550834656,0.46433183550834656,0.0,0.0,True
2003-02-06,0.45462125539779663,0.45462125539779663,0.0,0.0,True
2003-02-07,0.41566282510757446,0.41566282510757446,0.0,0.0,True
2003-02-10,0.4462071657180786,0.4462071657180786,0.0,0.0,True
2003-02-11,0.43689101934432983,0.43689101934432983,0.0,0.0,True
2003-02-12,0.4276387691497803,0.4276387691497803,0.0,0.0,True
2003-02-13,0.5090154409408569,0.5090154409408569,0.0,0.0,True
2003-02-14,0.5537636280059814,0.5537636280059814,0.0,0.4698300296553348,True
2003-02-18,0.5460695028305054,0.5460695028305054,0.0,0.4698300296553348,True
2003-02-19,0.5791118144989014,0.5791118144989014,0.0,0.4698300296553348,True
2003-02-20,0.5035817623138428,0.5035817623138428,0.0,0.0,True
2003-02-21,0.5452881455421448,0.5452881455421448,0.0,0.4502458757721806,True
2003-02-24,0.5434713959693909,0.5434713959693909,0.0,0.4502458757721806,True
2003-02-25,0.519357442855835,0.519357442855835,0.0,0.0,True
2003-02-26,0.5081949830055237,0.5081949830055237,0.0,0.0,True
2003-02-27,0.5214154124259949,0.5214154124259949,0.0,0.455189826833302,True
2003-02-28,0.48847338557243347,0.48847338557243347,0.0,0.0,True
2003-03-03,0.49571171402931213,0.49571171402931213,0.0,0.0,True
2003-03-04,0.4851571023464203,0.4851571023464203,0.0,0.0,True
2003-03-05,0.4693053662776947,0.4693053662776947,0.0,0.0,True
2003-03-06,0.4378437399864197,0.4378437399864197,0.0,0.0,True
2003-03-07,0.4480910301208496,0.4480910301208496,0.0,0.0,True
2003-03-10,0.5454233884811401,0.5454233884811401,0.0,0.5136435340019937,True
2003-03-11,0.5637994408607483,0.5637994408607483,0.0,0.5136435340019937,True
2003-03-12,0.5723256468772888,0.5723256468772888,0.0,0.5136435340019937,True
2003-03-13,0.4573306739330292,0.4573306739330292,0.0,0.0,True
2003-03-14,0.49654310941696167,0.49654310941696167,0.0,0.0,True
2003-03-17,0.535003125667572,0.535003125667572,0.0,0.4722690366474573,True
2003-03-18,0.49041080474853516,0.49041080474853516,0.0,0.0,True
2003-03-19,0.5397288203239441,0.5397288203239441,0.0,0.5701113644254868,True
2003-03-20,0.5151434540748596,0.5151434540748596,0.0,0.0,True
2003-03-21,0.5172132849693298,0.5172132849693298,0.0,0.0,True
2003-03-24,0.5139209628105164,0.5139209628105164,0.0,0.0,True
2003-03-25,0.4474775791168213,0.4474775791168213,0.0,0.0,True
2003-03-26,0.5003603100776672,0.5003603100776672,0.0,0.0,True
2003-03-27,0.3986915946006775,0.3986915946006775,0.0,0.0,True
2003-03-28,0.41875025629997253,0.41875025629997253,0.0,0.0,True
2003-03-31,0.5756641626358032,0.5756641626358032,0.0,0.5986269322825271,True
2003-04-01,0.5517270565032959,0.5517270565032959,0.0,0.5986269322825271,True
2003-04-02,0.48252055048942566,0.48252055048942566,0.0,0.0,True
2003-04-03,0.46323445439338684,0.46323445439338684,0.0,0.0,True
2003-04-04,0.4755808115005493,0.4755808115005493,0.0,0.0,True
2003-04-07,0.4807899594306946,0.4807899594306946,0.0,0.0,True
2003-04-08,0.49427884817123413,0.49427884817123413,0.0,0.0,True
2003-04-09,0.44368356466293335,0.44368356466293335,0.0,0.0,True
2003-04-10,0.3787098228931427,0.3787098228931427,0.0,0.0,True
2003-04-11,0.43021056056022644,0.43021056056022644,0.0,0.0,True
2003-04-14,0.40404564142227173,0.40404564142227173,0.0,0.0,True
2003-04-15,0.42149344086647034,0.42149344086647034,0.0,0.0,True
2003-04-16,0.42338040471076965,0.42338040471076965,0.0,0.0,True
2003-04-17,0.45782846212387085,0.45782846212387085,0.0,0.0,True
2003-04-21,0.3966963589191437,0.3966963589191437,0.0,0.0,True
2003-04-22,0.4061187505722046,0.4061187505722046,0.0,0.0,True
2003-04-23,0.4243271052837372,0.4243271052837372,0.0,0.0,True
2003-04-24,0.4409761428833008,0.4409761428833008,0.0,0.0,True
2003-04-25,0.4554828107357025,0.4554828107357025,0.0,0.0,True
2003-04-28,0.3990430533885956,0.3990430533885956,0.0,0.0,True
2003-04-29,0.45316892862319946,0.45316892862319946,0.0,0.0,True
2003-04-30,0.473765105009079,0.473765105009079,0.0,0.0,True
2003-05-01,0.4799802899360657,0.4799802899360657,0.0,0.0,True
2003-05-02,0.4174530804157257,0.4174530804157257,0.0,0.0,True
2003-05-05,0.5562290549278259,0.5562290549278259,1.0,0.269101536096649,True
2003-05-06,0.4815772771835327,0.4815772771835327,1.0,0.0,True
2003-05-07,0.5643537044525146,0.5643537044525146,1.0,0.2395429881345663,True
2003-05-08,0.511172890663147,0.511172890663147,1.0,0.0,True
2003-05-09,0.48934823274612427,0.48934823274612427,1.0,0.0,True
2003-05-12,0.37870457768440247,0.37870457768440247,1.0,0.0,True
2003-05-13,0.6313983201980591,0.6313983201980591,1.0,0.2956758963855954,True
2003-05-14,0.4730866551399231,0.4730866551399231,1.0,0.0,True
2003-05-15,0.4332357943058014,0.4332357943058014,1.0,0.0,True
2003-05-16,0.3916915953159332,0.3916915953159332,1.0,0.0,True
2003-05-19,0.6460797786712646,0.6460797786712646,1.0,0.2880086069998727,True
2003-05-20,0.6497341990470886,0.6497341990470886,1.0,0.2880086069998727,True
2003-05-21,0.6097519397735596,0.6097519397735596,1.0,0.2880086069998727,True
2003-05-22,0.5783677101135254,0.5783677101135254,1.0,0.2880086069998727,True
2003-05-23,0.6405324935913086,0.6405324935913086,1.0,0.2880086069998727,True
2003-05-27,0.6388357877731323,0.6388357877731323,1.0,0.2880086069998727,True
2003-05-28,0.5800092220306396,0.5800092220306396,1.0,0.2880086069998727,True
2003-05-29,0.5329540371894836,0.5329540371894836,1.0,0.2880086069998727,True
2003-05-30,0.608493983745575,0.608493983745575,1.0,0.2880086069998727,True
2003-06-02,0.6153589487075806,0.6153589487075806,1.0,0.2880086069998727,True
2003-06-03,0.5430086255073547,0.5430086255073547,0.0,0.2880086069998727,True
2003-06-04,0.53493332862854,0.53493332862854,0.0,0.5090983739282031,True
2003-06-05,0.5583202838897705,0.5583202838897705,0.0,0.5090983739282031,True
2003-06-06,0.5180646181106567,0.5180646181106567,0.0,0.0,True
2003-06-09,0.609402060508728,0.609402060508728,0.0,0.5038875327462242,True
2003-06-10,0.5553841590881348,0.5553841590881348,0.0,0.5038875327462242,True
2003-06-11,0.5265312194824219,0.5265312194824219,0.0,0.5038875327462242,True
2003-06-12,0.5059843063354492,0.5059843063354492,0.0,0.0,True
2003-06-13,0.4402882754802704,0.4402882754802704,0.0,0.0,True
2003-06-16,0.4842570126056671,0.4842570126056671,0.0,0.0,True
2003-06-17,0.48113954067230225,0.48113954067230225,0.0,0.0,True
2003-06-18,0.5291262865066528,0.5291262865066528,0.0,0.3895505898213497,True
2003-06-19,0.5065600275993347,0.5065600275993347,0.0,0.0,True
2003-06-20,0.4985724985599518,0.4985724985599518,0.0,0.0,True
2003-06-23,0.5036375522613525,0.5036375522613525,0.0,0.0,True
2003-06-24,0.48482176661491394,0.48482176661491394,0.0,0.0,True
2003-06-25,0.5348414778709412,0.5348414778709412,0.0,0.423330378470042,True
2003-06-26,0.5366265773773193,0.5366265773773193,0.0,0.423330378470042,True
2003-06-27,0.5702447295188904,0.5702447295188904,0.0,0.423330378470042,True
2003-06-30,0.5295723080635071,0.5295723080635071,0.0,0.423330378470042,True
2003-07-01,0.5393165349960327,0.5393165349960327,0.0,0.423330378470042,True
2003-07-02,0.5321966409683228,0.5321966409683228,0.0,0.423330378470042,True
2003-07-03,0.5640247464179993,0.5640247464179993,0.0,0.423330378470042,True
2003-07-07,0.5195095539093018,0.5195095539093018,0.0,0.0,True
2003-07-08,0.5202688574790955,0.5202688574790955,0.0,0.4417659602283881,True
2003-07-09,0.47776058316230774,0.47776058316230774,0.0,0.0,True
2003-07-10,0.5268272161483765,0.5268272161483765,0.0,0.4108874775319679,True
2003-07-11,0.5447567701339722,0.5447567701339722,0.0,0.4108874775319679,True
2003-07-14,0.5133553743362427,0.5133553743362427,0.0,0.0,True
2003-07-15,0.5061106085777283,0.5061106085777283,0.0,0.0,True
2003-07-16,0.5125205516815186,0.5125205516815186,0.0,0.0,True
2003-07-17,0.5646612048149109,0.5646612048149109,0.0,0.46418050007620437,True
2003-07-18,0.5127458572387695,0.5127458572387695,0.0,0.0,True
2003-07-21,0.47345149517059326,0.47345149517059326,0.0,0.0,True
2003-07-22,0.4683346450328827,0.4683346450328827,0.0,0.0,True
2003-07-23,0.4782097339630127,0.4782097339630127,0.0,0.0,True
2003-07-24,0.5213159918785095,0.5213159918785095,0.0,0.4639502764634858,True
2003-07-25,0.5293932557106018,0.5293932557106018,0.0,0.4639502764634858,True
2003-07-28,0.5004079937934875,0.5004079937934875,0.0,0.0,True
2003-07-29,0.5227326154708862,0.5227326154708862,0.0,0.4149372665368183,True
2003-07-30,0.4683781564235687,0.4683781564235687,0.0,0.0,True
2003-07-31,0.451112300157547,0.451112300157547,0.0,0.0,True
2003-08-01,0.5098954439163208,0.5098954439163208,0.0,0.0,True
2003-08-04,0.4684942960739136,0.4684942960739136,0.0,0.0,True
2003-08-05,0.5267963409423828,0.5267963409423828,0.0,0.37225876882757614,True
2003-08-06,0.4879898428916931,0.4879898428916931,0.0,0.0,True
2003-08-07,0.46740055084228516,0.46740055084228516,0.0,0.0,True
2003-08-08,0.4600766897201538,0.4600766897201538,0.0,0.0,True
2003-08-11,0.4794459044933319,0.4794459044933319,0.0,0.0,True
2003-08-12,0.4678952693939209,0.4678952693939209,0.0,0.0,True
2003-08-13,0.44997361302375793,0.44997361302375793,0.0,0.0,True
2003-08-14,0.4398137331008911,0.4398137331008911,0.0,0.0,True
2003-08-15,0.4326050281524658,0.4326050281524658,0.0,0.0,True
2003-08-18,0.4452587068080902,0.4452587068080902,0.0,0.0,True
2003-08-19,0.4401891827583313,0.4401891827583313,0.0,0.0,True
2003-08-20,0.506627082824707,0.506627082824707,0.0,0.0,True
2003-08-21,0.4751739203929901,0.4751739203929901,0.0,0.0,True
2003-08-22,0.5425102114677429,0.5425102114677429,0.0,0.3703659857844462,True
2003-08-25,0.4964115023612976,0.4964115023612976,0.0,0.0,True
2003-08-26,0.5269074440002441,0.5269074440002441,0.0,0.38173979638381245,True
2003-08-27,0.5177860260009766,0.5177860260009766,0.0,0.0,True
2003-08-28,0.49180543422698975,0.49180543422698975,0.0,0.0,True
2003-08-29,0.5461117029190063,0.5461117029190063,0.0,0.39591023995863645,True
2003-09-02,0.49393367767333984,0.49393367767333984,0.0,0.0,True
2003-09-03,0.5231873989105225,0.5231873989105225,0.0,0.4453542316376851,True
2003-09-04,0.46150466799736023,0.46150466799736023,0.0,0.0,True
2003-09-05,0.5167542695999146,0.5167542695999146,0.0,0.0,True
2003-09-08,0.4758143424987793,0.4758143424987793,0.0,0.0,True
2003-09-09,0.5206649899482727,0.5206649899482727,0.0,0.4839971650143111,True
2003-09-10,0.5849835276603699,0.5849835276603699,0.0,0.4839971650143111,True
2003-09-11,0.5250193476676941,0.5250193476676941,0.0,0.4839971650143111,True
2003-09-12,0.5383966565132141,0.5383966565132141,0.0,0.4839971650143111,True
2003-09-15,0.5646079778671265,0.5646079778671265,0.0,0.4839971650143111,True
2003-09-16,0.5641579031944275,0.5641579031944275,0.0,0.4839971650143111,True
2003-09-17,0.4951399862766266,0.4951399862766266,0.0,0.0,True
2003-09-18,0.4255514442920685,0.4255514442920685,0.0,0.0,True
2003-09-19,0.4744535982608795,0.4744535982608795,0.0,0.0,True
2003-09-22,0.4742780029773712,0.4742780029773712,0.0,0.0,True
2003-09-23,0.47092512249946594,0.47092512249946594,0.0,0.0,True
2003-09-24,0.47843480110168457,0.47843480110168457,0.0,0.0,True
2003-09-25,0.558986485004425,0.558986485004425,0.0,0.3932852929033087,True
2003-09-26,0.5015345215797424,0.5015345215797424,0.0,0.0,True
2003-09-29,0.4507388174533844,0.4507388174533844,0.0,0.0,True
2003-09-30,0.45202288031578064,0.45202288031578064,0.0,0.0,True
2003-10-01,0.5032619833946228,0.5032619833946228,0.0,0.0,True
2003-10-02,0.5115951299667358,0.5115951299667358,0.0,0.0,True
2003-10-03,0.5449051856994629,0.5449051856994629,0.0,0.3472963320080767,True
2003-10-06,0.46334442496299744,0.46334442496299744,0.0,0.0,True
2003-10-07,0.4840782880783081,0.4840782880783081,0.0,0.0,True
2003-10-08,0.5204129219055176,0.5204129219055176,0.0,0.3245933545760128,True
2003-10-09,0.49070483446121216,0.49070483446121216,0.0,0.0,True
2003-10-10,0.47902536392211914,0.47902536392211914,0.0,0.0,True
2003-10-13,0.45870518684387207,0.45870518684387207,0.0,0.0,True
2003-10-14,0.4830930829048157,0.4830930829048157,0.0,0.0,True
2003-10-15,0.4377479553222656,0.4377479553222656,0.0,0.0,True
2003-10-16,0.5529900789260864,0.5529900789260864,0.0,0.3081938873452177,True
2003-10-17,0.5392054915428162,0.5392054915428162,0.0,0.3081938873452177,True
2003-10-20,0.5283617973327637,0.5283617973327637,0.0,0.3081938873452177,True
2003-10-21,0.5585771203041077,0.5585771203041077,0.0,0.3081938873452177,True
2003-10-22,0.5140027403831482,0.5140027403831482,0.0,0.0,True
2003-10-23,0.5001890659332275,0.5001890659332275,0.0,0.0,True
2003-10-24,0.4549468159675598,0.4549468159675598,0.0,0.0,True
2003-10-27,0.5018313527107239,0.5018313527107239,0.0,0.0,True
2003-10-28,0.5561609864234924,0.5561609864234924,0.0,0.3473344588455317,True
2003-10-29,0.5148958563804626,0.5148958563804626,0.0,0.0,True
2003-10-30,0.488251656293869,0.488251656293869,0.0,0.0,True
2003-10-31,0.47614696621894836,0.47614696621894836,0.0,0.0,True
2003-11-03,0.46986621618270874,0.46986621618270874,0.0,0.0,True
2003-11-04,0.48303183913230896,0.48303183913230896,0.0,0.0,True
2003-11-05,0.4621438682079315,0.4621438682079315,0.0,0.0,True
2003-11-06,0.46352702379226685,0.46352702379226685,0.0,0.0,True
2003-11-07,0.4784263074398041,0.4784263074398041,0.0,0.0,True
2003-11-10,0.4717915654182434,0.4717915654182434,0.0,0.0,True
2003-11-11,0.4895288944244385,0.4895288944244385,0.0,0.0,True
2003-11-12,0.4766562879085541,0.4766562879085541,0.0,0.0,True
2003-11-13,0.42409995198249817,0.42409995198249817,0.0,0.0,True
2003-11-14,0.46259260177612305,0.46259260177612305,0.0,0.0,True
2003-11-17,0.45025819540023804,0.45025819540023804,0.0,0.0,True
2003-11-18,0.4574654996395111,0.4574654996395111,0.0,0.0,True
2003-11-19,0.4982992708683014,0.4982992708683014,0.0,0.0,True
2003-11-20,0.5022338628768921,0.5022338628768921,0.0,0.0,True
2003-11-21,0.4675568640232086,0.4675568640232086,0.0,0.0,True
2003-11-24,0.4711942970752716,0.4711942970752716,0.0,0.0,True
2003-11-25,0.4685439169406891,0.4685439169406891,0.0,0.0,True
2003-11-26,0.48761186003685,0.48761186003685,0.0,0.0,True
2003-11-28,0.4140152335166931,0.4140152335166931,0.0,0.0,True
2003-12-01,0.45994511246681213,0.45994511246681213,0.0,0.0,True
2003-12-02,0.4474402070045471,0.4474402070045471,0.0,0.0,True
2003-12-03,0.4732823669910431,0.4732823669910431,0.0,0.0,True
2003-12-04,0.4360635578632355,0.4360635578632355,0.0,0.0,True
2003-12-05,0.4454297423362732,0.4454297423362732,0.0,0.0,True
2003-12-08,0.47370249032974243,0.47370249032974243,0.0,0.0,True
2003-12-09,0.482350617647171,0.482350617647171,0.0,0.0,True
2003-12-10,0.5065335631370544,0.5065335631370544,0.0,0.0,True
2003-12-11,0.4213416576385498,0.4213416576385498,0.0,0.0,True
2003-12-12,0.44876375794410706,0.44876375794410706,0.0,0.0,True
2003-12-15,0.5227230191230774,0.5227230191230774,0.0,0.41196888615426364,True
2003-12-16,0.521431565284729,0.521431565284729,0.0,0.41196888615426364,True
2003-12-17,0.45539990067481995,0.45539990067481995,0.0,0.0,True
2003-12-18,0.4501582086086273,0.4501582086086273,0.0,0.0,True
2003-12-19,0.45189517736434937,0.45189517736434937,0.0,0.0,True
2003-12-22,0.47306254506111145,0.47306254506111145,0.0,0.0,True
2003-12-23,0.4303677976131439,0.4303677976131439,0.0,0.0,True
2003-12-24,0.48287123441696167,0.48287123441696167,0.0,0.0,True
2003-12-26,0.5235499739646912,0.5235499739646912,0.0,0.4548293617529428,True
2003-12-29,0.45859456062316895,0.45859456062316895,0.0,0.0,True
2003-12-30,0.4106638729572296,0.4106638729572296,0.0,0.0,True
2003-12-31,0.4150379002094269,0.4150379002094269,0.0,0.0,True
2004-01-02,0.48686861991882324,0.48686861991882324,0.0,0.0,True
2004-01-05,0.5618260502815247,0.5618260502815247,0.0,0.4602223794165679,True
2004-01-06,0.5656055808067322,0.5656055808067322,0.0,0.4602223794165679,True
2004-01-07,0.6039901375770569,0.6039901375770569,0.0,0.4602223794165679,True
2004-01-08,0.49817129969596863,0.49817129969596863,0.0,0.0,True
2004-01-09,0.5935572385787964,0.5935572385787964,0.0,0.45590665671979386,True
2004-01-12,0.4812699258327484,0.4812699258327484,0.0,0.0,True
2004-01-13,0.45756036043167114,0.45756036043167114,0.0,0.0,True
2004-01-14,0.525871992111206,0.525871992111206,0.0,0.5585227344064967,True
2004-01-15,0.5631023645401001,0.5631023645401001,0.0,0.4250074737291504,True
2004-01-16,0.5833495259284973,0.5833495259284973,0.0,0.4250074737291504,True
2004-01-20,0.6019064784049988,0.6019064784049988,0.0,0.4250074737291504,True
2004-01-21,0.5741989016532898,0.5741989016532898,0.0,0.4250074737291504,True
2004-01-22,0.5241800546646118,0.5241800546646118,0.0,0.4250074737291504,True
2004-01-23,0.5269050002098083,0.5269050002098083,0.0,0.4250074737291504,True
2004-01-26,0.5197392702102661,0.5197392702102661,0.0,0.0,True
2004-01-27,0.5288166999816895,0.5288166999816895,0.0,0.43445690932070097,True
2004-01-28,0.4923253059387207,0.4923253059387207,0.0,0.0,True
2004-01-29,0.4857965111732483,0.4857965111732483,0.0,0.0,True
2004-01-30,0.4757920205593109,0.4757920205593109,0.0,0.0,True
2004-02-02,0.5128144025802612,0.5128144025802612,0.0,0.0,True
2004-02-03,0.47518429160118103,0.47518429160118103,0.0,0.0,True
2004-02-04,0.5198912024497986,0.5198912024497986,0.0,0.0,True
2004-02-05,0.47237005829811096,0.47237005829811096,0.0,0.0,True
2004-02-06,0.47262808680534363,0.47262808680534363,0.0,0.0,True
2004-02-09,0.4740762710571289,0.4740762710571289,0.0,0.0,True
2004-02-10,0.47973138093948364,0.47973138093948364,0.0,0.0,True
2004-02-11,0.4503820538520813,0.4503820538520813,0.0,0.0,True
2004-02-12,0.46151208877563477,0.46151208877563477,0.0,0.0,True
2004-02-13,0.5236121416091919,0.5236121416091919,0.0,0.5431298923213467,True
2004-02-17,0.4513355493545532,0.4513355493545532,0.0,0.0,True
2004-02-18,0.483456015586853,0.483456015586853,0.0,0.0,True
2004-02-19,0.5202190279960632,0.5202190279960632,0.0,0.49530498087320524,True
2004-02-20,0.46603262424468994,0.46603262424468994,0.0,0.0,True
2004-02-23,0.515785276889801,0.515785276889801,0.0,0.0,True
2004-02-24,0.5001930594444275,0.5001930594444275,0.0,0.0,True
2004-02-25,0.4545678496360779,0.4545678496360779,0.0,0.0,True
2004-02-26,0.43375930190086365,0.43375930190086365,0.0,0.0,True
2004-02-27,0.556797981262207,0.556797981262207,0.0,0.4855215442689492,True
2004-03-01,0.4495290219783783,0.4495290219783783,0.0,0.0,True
2004-03-02,0.516703188419342,0.516703188419342,0.0,0.0,True
2004-03-03,0.5411946177482605,0.5411946177482605,0.0,0.4909000117134374,True
2004-03-04,0.5755369067192078,0.5755369067192078,0.0,0.4909000117134374,True
2004-03-05,0.525924563407898,0.525924563407898,0.0,0.4909000117134374,True
2004-03-08,0.5764608979225159,0.5764608979225159,0.0,0.3718701750526481,True
2004-03-09,0.529588520526886,0.529588520526886,0.0,0.3718701750526481,True
2004-03-10,0.5481859445571899,0.5481859445571899,0.0,0.3718701750526481,True
2004-03-11,0.5563438534736633,0.5563438534736633,0.0,0.3718701750526481,True
2004-03-12,0.4749883711338043,0.4749883711338043,0.0,0.0,True
2004-03-15,0.594368577003479,0.594368577003479,0.0,0.34522101943346095,True
2004-03-16,0.5742751359939575,0.5742751359939575,0.0,0.34522101943346095,True
2004-03-17,0.5525820851325989,0.5525820851325989,0.0,0.34522101943346095,True
2004-03-18,0.5198242664337158,0.5198242664337158,0.0,0.0,True
2004-03-19,0.5526864528656006,0.5526864528656006,0.0,0.34602657937972225,True
2004-03-22,0.5578359961509705,0.5578359961509705,0.0,0.34602657937972225,True
2004-03-23,0.5277920961380005,0.5277920961380005,0.0,0.34602657937972225,True
2004-03-24,0.5468802452087402,0.5468802452087402,0.0,0.34602657937972225,True
2004-03-25,0.5144432783126831,0.5144432783126831,0.0,0.0,True
2004-03-26,0.47665274143218994,0.47665274143218994,0.0,0.0,True
2004-03-29,0.45264366269111633,0.45264366269111633,0.0,0.0,True
2004-03-30,0.43058115243911743,0.43058115243911743,0.0,0.0,True
2004-03-31,0.5797423124313354,0.5797423124313354,0.0,0.3093616684141656,True
2004-04-01,0.5328758358955383,0.5328758358955383,0.0,0.3093616684141656,True
2004-04-02,0.559847354888916,0.559847354888916,0.0,0.3093616684141656,True
2004-04-05,0.46996092796325684,0.46996092796325684,0.0,0.0,True
2004-04-06,0.5278169512748718,0.5278169512748718,0.0,0.3971052762089519,True
2004-04-07,0.4900500476360321,0.4900500476360321,0.0,0.0,True
2004-04-08,0.5069454908370972,0.5069454908370972,0.0,0.0,True
2004-04-12,0.4902184307575226,0.4902184307575226,0.0,0.0,True
2004-04-13,0.5328677296638489,0.5328677296638489,0.0,0.4032767399719024,True
2004-04-14,0.49392610788345337,0.49392610788345337,0.0,0.0,True
2004-04-15,0.5308663845062256,0.5308663845062256,0.0,0.2985705286823957,True
2004-04-16,0.48528727889060974,0.48528727889060974,0.0,0.0,True
2004-04-19,0.49587827920913696,0.49587827920913696,0.0,0.0,True
2004-04-20,0.4390396773815155,0.4390396773815155,0.0,0.0,True
2004-04-21,0.4133056700229645,0.4133056700229645,0.0,0.0,True
2004-04-22,0.5268690586090088,0.5268690586090088,0.0,0.2940459911750748,True
2004-04-23,0.5106621980667114,0.5106621980667114,0.0,0.0,True
2004-04-26,0.5072733759880066,0.5072733759880066,0.0,0.0,True
2004-04-27,0.47452837228775024,0.47452837228775024,0.0,0.0,True
2004-04-28,0.49594852328300476,0.49594852328300476,0.0,0.0,True
2004-04-29,0.516200840473175,0.516200840473175,0.0,0.0,True
2004-04-30,0.5656700134277344,0.5656700134277344,0.0,0.3126831191991279,True
2004-05-03,0.4850171208381653,0.4850171208381653,0.0,0.0,True
2004-05-04,0.4875135123729706,0.4875135123729706,0.0,0.0,True
2004-05-05,0.4366908669471741,0.4366908669471741,0.0,0.0,True
2004-05-06,0.43855351209640503,0.43855351209640503,0.0,0.0,True
2004-05-07,0.39641281962394714,0.39641281962394714,0.0,0.0,True
2004-05-10,0.45906347036361694,0.45906347036361694,0.0,0.0,True
2004-05-11,0.4154294729232788,0.4154294729232788,0.0,0.0,True
2004-05-12,0.5216790437698364,0.5216790437698364,0.0,0.33185254459292135,True
2004-05-13,0.4537521302700043,0.4537521302700043,0.0,0.0,True
2004-05-14,0.4481467604637146,0.4481467604637146,0.0,0.0,True
2004-05-17,0.44408586621284485,0.44408586621284485,0.0,0.0,True
2004-05-18,0.42251428961753845,0.42251428961753845,0.0,0.0,True
2004-05-19,0.48494410514831543,0.48494410514831543,0.0,0.0,True
2004-05-20,0.49004065990448,0.49004065990448,0.0,0.0,True
2004-05-21,0.5235556960105896,0.5235556960105896,0.0,0.5572836726180653,True
2004-05-24,0.5351640582084656,0.5351640582084656,0.0,0.5572836726180653,True
2004-05-25,0.545015275478363,0.545015275478363,0.0,0.5572836726180653,True
2004-05-26,0.5314106345176697,0.5314106345176697,0.0,0.5572836726180653,True
2004-05-27,0.5224282741546631,0.5224282741546631,0.0,0.5572836726180653,True
2004-05-28,0.5338074564933777,0.5338074564933777,0.0,0.5572836726180653,True
2004-06-01,0.5198983550071716,0.5198983550071716,0.0,0.0,True
2004-06-02,0.5733281970024109,0.5733281970024109,0.0,0.5710631506915873,True
2004-06-03,0.4855387210845947,0.4855387210845947,0.0,0.0,True
2004-06-04,0.5097330212593079,0.5097330212593079,0.0,0.0,True
2004-06-07,0.4989866316318512,0.4989866316318512,0.0,0.0,True
2004-06-08,0.505354106426239,0.505354106426239,0.0,0.0,True
2004-06-09,0.4891381561756134,0.4891381561756134,0.0,0.0,True
2004-06-10,0.5336779356002808,0.5336779356002808,0.0,0.5438306142353162,True
2004-06-14,0.499066561460495,0.499066561460495,0.0,0.0,True
2004-06-15,0.5294356346130371,0.5294356346130371,0.0,0.5161854943349885,True
2004-06-16,0.49512922763824463,0.49512922763824463,0.0,0.0,True
2004-06-17,0.5115921497344971,0.5115921497344971,0.0,0.0,True
2004-06-18,0.5520612597465515,0.5520612597465515,0.0,0.45402935585014637,True
2004-06-21,0.5343855023384094,0.5343855023384094,0.0,0.45402935585014637,True
2004-06-22,0.5074412226676941,0.5074412226676941,0.0,0.0,True
2004-06-23,0.5059152245521545,0.5059152245521545,0.0,0.0,True
2004-06-24,0.5344245433807373,0.5344245433807373,0.0,0.43535774353140366,True
2004-06-25,0.5202648043632507,0.5202648043632507,0.0,0.43535774353140366,True
2004-06-28,0.6121554374694824,0.6121554374694824,0.0,0.43535774353140366,True
2004-06-29,0.5685885548591614,0.5685885548591614,0.0,0.43535774353140366,True
2004-06-30,0.5849053859710693,0.5849053859710693,0.0,0.43535774353140366,True
2004-07-01,0.5766153335571289,0.5766153335571289,0.0,0.43535774353140366,True
2004-07-02,0.5372156500816345,0.5372156500816345,0.0,0.43535774353140366,True
2004-07-06,0.5432473421096802,0.5432473421096802,0.0,0.43535774353140366,True
2004-07-07,0.6093878149986267,0.6093878149986267,0.0,0.43535774353140366,True
2004-07-08,0.6071842312812805,0.6071842312812805,0.0,0.43535774353140366,True
2004-07-09,0.5744104981422424,0.5744104981422424,0.0,0.43535774353140366,True
2004-07-12,0.644991934299469,0.644991934299469,0.0,0.43535774353140366,True
2004-07-13,0.6063504219055176,0.6063504219055176,0.0,0.43535774353140366,True
2004-07-14,0.5698871612548828,0.5698871612548828,0.0,0.43535774353140366,True
2004-07-15,0.5416046380996704,0.5416046380996704,0.0,0.30088314604037275,True
2004-07-16,0.3851392865180969,0.3851392865180969,0.0,0.0,True
2004-07-19,0.45955848693847656,0.45955848693847656,0.0,0.0,True
2004-07-20,0.46146008372306824,0.46146008372306824,0.0,0.0,True
2004-07-21,0.45067012310028076,0.45067012310028076,0.0,0.0,True
2004-07-22,0.442480206489563,0.442480206489563,0.0,0.0,True
2004-07-23,0.5052641034126282,0.5052641034126282,0.0,0.0,True
2004-07-26,0.41148924827575684,0.41148924827575684,0.0,0.0,True
2004-07-27,0.4973837733268738,0.4973837733268738,0.0,0.0,True
2004-07-28,0.552486777305603,0.552486777305603,0.0,0.29563869538224785,True
2004-07-29,0.5297055840492249,0.5297055840492249,0.0,0.29563869538224785,True
2004-07-30,0.555881679058075,0.555881679058075,0.0,0.29563869538224785,True
2004-08-02,0.4650196135044098,0.4650196135044098,0.0,0.0,True
2004-08-03,0.5312902927398682,0.5312902927398682,0.0,0.3008533154426906,True
2004-08-04,0.5172409415245056,0.5172409415245056,0.0,0.0,True
2004-08-05,0.5209804773330688,0.5209804773330688,0.0,0.30153466649404237,True
2004-08-06,0.5341231226921082,0.5341231226921082,0.0,0.30153466649404237,True
2004-08-09,0.5068507194519043,0.5068507194519043,1.0,0.0,True
2004-08-10,0.4840824604034424,0.4840824604034424,1.0,0.0,True
2004-08-11,0.49561166763305664,0.49561166763305664,1.0,0.0,True
2004-08-12,0.41963887214660645,0.41963887214660645,0.0,0.0,True
2004-08-13,0.43668660521507263,0.43668660521507263,0.0,0.0,True
2004-08-16,0.47515663504600525,0.47515663504600525,0.0,0.0,True
2004-08-17,0.46088725328445435,0.46088725328445435,0.0,0.0,True
2004-08-18,0.4924018979072571,0.4924018979072571,0.0,0.0,True
2004-08-19,0.553254246711731,0.553254246711731,0.0,0.3875879911411985,True
2004-08-20,0.4842532277107239,0.4842532277107239,0.0,0.0,True
2004-08-23,0.49222785234451294,0.49222785234451294,0.0,0.0,True
2004-08-24,0.5516475439071655,0.5516475439071655,0.0,0.42248705086275223,True
2004-08-25,0.5350207090377808,0.5350207090377808,0.0,0.42248705086275223,True
2004-08-26,0.5441461205482483,0.5441461205482483,0.0,0.42248705086275223,True
2004-08-27,0.554313600063324,0.554313600063324,0.0,0.42248705086275223,True
2004-08-30,0.5179391503334045,0.5179391503334045,0.0,0.0,True
2004-08-31,0.5180312395095825,0.5180312395095825,0.0,0.0,True
2004-09-01,0.5357698798179626,0.5357698798179626,0.0,0.3620044175264777,True
2004-09-02,0.5010812878608704,0.5010812878608704,0.0,0.0,True
2004-09-03,0.5477290153503418,0.5477290153503418,0.0,0.41955940620442034,True
2004-09-07,0.5466976761817932,0.5466976761817932,0.0,0.41955940620442034,True
2004-09-08,0.515808641910553,0.515808641910553,0.0,0.0,True
2004-09-09,0.5013960599899292,0.5013960599899292,0.0,0.0,True
2004-09-10,0.49290359020233154,0.49290359020233154,0.0,0.0,True
2004-09-13,0.5021010637283325,0.5021010637283325,0.0,0.0,True
2004-09-14,0.5103565454483032,0.5103565454483032,0.0,0.0,True
2004-09-15,0.5691048502922058,0.5691048502922058,0.0,0.4512376386295602,True
2004-09-16,0.5313315391540527,0.5313315391540527,0.0,0.4512376386295602,True
2004-09-17,0.5211322903633118,0.5211322903633118,0.0,0.4512376386295602,True
2004-09-20,0.4721539318561554,0.4721539318561554,0.0,0.0,True
2004-09-21,0.5086228251457214,0.5086228251457214,0.0,0.0,True
2004-09-22,0.5245905518531799,0.5245905518531799,0.0,0.45818018230315316,True
2004-09-23,0.50460284948349,0.50460284948349,0.0,0.0,True
2004-09-24,0.5311866402626038,0.5311866402626038,0.0,0.5586509369154731,True
2004-09-27,0.5366272330284119,0.5366272330284119,0.0,0.5586509369154731,True
2004-09-28,0.5007073283195496,0.5007073283195496,0.0,0.0,True
2004-09-29,0.5033260583877563,0.5033260583877563,0.0,0.0,True
2004-09-30,0.48057347536087036,0.48057347536087036,0.0,0.0,True
2004-10-01,0.4958820044994354,0.4958820044994354,0.0,0.0,True
2004-10-04,0.5023444890975952,0.5023444890975952,0.0,0.0,True
2004-10-05,0.4624103903770447,0.4624103903770447,0.0,0.0,True
2004-10-06,0.6269634366035461,0.6269634366035461,0.0,0.6231180039965997,True
2004-10-07,0.48614078760147095,0.48614078760147095,0.0,0.0,True
2004-10-08,0.45952555537223816,0.45952555537223816,0.0,0.0,True
2004-10-11,0.4598851203918457,0.4598851203918457,0.0,0.0,True
2004-10-12,0.4683241844177246,0.4683241844177246,0.0,0.0,True
2004-10-13,0.3696214556694031,0.3696214556694031,0.0,0.0,True
2004-10-14,0.5404379963874817,0.5404379963874817,1.0,0.2858154656498749,True
2004-10-15,0.5293458104133606,0.5293458104133606,1.0,0.2858154656498749,True
2004-10-18,0.4528155028820038,0.4528155028820038,1.0,0.0,True
2004-10-19,0.5005583763122559,0.5005583763122559,1.0,0.0,True
2004-10-20,0.607775092124939,0.607775092124939,1.0,0.2851954970588734,True
2004-10-21,0.6120777130126953,0.6120777130126953,1.0,0.2851954970588734,True
2004-10-22,0.634611189365387,0.634611189365387,1.0,0.2851954970588734,True
2004-10-25,0.6319130659103394,0.6319130659103394,1.0,0.2851954970588734,True
2004-10-26,0.6379928588867188,0.6379928588867188,1.0,0.2851954970588734,True
2004-10-27,0.5388143062591553,0.5388143062591553,1.0,0.2851954970588734,True
2004-10-28,0.5455442667007446,0.5455442667007446,1.0,0.2851954970588734,True
2004-10-29,0.5444693565368652,0.5444693565368652,1.0,0.2851954970588734,True
2004-11-01,0.5399782657623291,0.5399782657623291,1.0,0.2851954970588734,True
2004-11-02,0.5268484950065613,0.5268484950065613,1.0,0.2851954970588734,True
2004-11-03,0.5167685151100159,0.5167685151100159,1.0,0.0,True
2004-11-04,0.5287052392959595,0.5287052392959595,1.0,0.27641337094120416,True
2004-11-05,0.37932655215263367,0.37932655215263367,1.0,0.0,True
2004-11-08,0.38542458415031433,0.38542458415031433,1.0,0.0,True
2004-11-09,0.3892239034175873,0.3892239034175873,1.0,0.0,True
2004-11-10,0.5163860321044922,0.5163860321044922,1.0,0.0,True
2004-11-11,0.530376136302948,0.530376136302948,0.0,0.5048766429596243,True
2004-11-12,0.5293084979057312,0.5293084979057312,0.0,0.5048766429596243,True
2004-11-15,0.48294755816459656,0.48294755816459656,0.0,0.0,True
2004-11-16,0.5242205262184143,0.5242205262184143,0.0,0.5718703012721312,True
2004-11-17,0.581930935382843,0.581930935382843,0.0,0.5718703012721312,True
2004-11-18,0.5862089395523071,0.5862089395523071,0.0,0.5718703012721312,True
2004-11-19,0.4974307119846344,0.4974307119846344,0.0,0.0,True
2004-11-22,0.440255731344223,0.440255731344223,1.0,0.0,True
2004-11-23,0.5341963171958923,0.5341963171958923,1.0,0.3314709809717387,True
2004-11-24,0.47128114104270935,0.47128114104270935,1.0,0.0,True
2004-11-26,0.5737019777297974,0.5737019777297974,1.0,0.34122301742399597,True
2004-11-29,0.3706265091896057,0.3706265091896057,1.0,0.0,True
2004-11-30,0.5282530784606934,0.5282530784606934,1.0,0.30902487342803336,True
2004-12-01,0.5117712616920471,0.5117712616920471,1.0,0.0,True
2004-12-02,0.46318182349205017,0.46318182349205017,1.0,0.0,True
2004-12-03,0.4808173179626465,0.4808173179626465,1.0,0.0,True
2004-12-06,0.50664883852005,0.50664883852005,1.0,0.0,True
2004-12-07,0.49184122681617737,0.49184122681617737,1.0,0.0,True
2004-12-08,0.5044923424720764,0.5044923424720764,1.0,0.0,True
2004-12-09,0.5274372696876526,0.5274372696876526,1.0,0.2596276194898831,True
2004-12-10,0.4546707570552826,0.4546707570552826,1.0,0.0,True
2004-12-13,0.5355193614959717,0.5355193614959717,1.0,0.2585258367666952,True
2004-12-14,0.4918099641799927,0.4918099641799927,1.0,0.0,True
2004-12-15,0.47677335143089294,0.47677335143089294,1.0,0.0,True
2004-12-16,0.3736535310745239,0.3736535310745239,1.0,0.0,True
2004-12-17,0.5146564245223999,0.5146564245223999,1.0,0.0,True
2004-12-20,0.5516951084136963,0.5516951084136963,1.0,0.2464937346420225,True
2004-12-21,0.46873411536216736,0.46873411536216736,0.0,0.0,True
2004-12-22,0.5725221037864685,0.5725221037864685,0.0,0.3205706414933031,True
2004-12-23,0.5217875838279724,0.5217875838279724,0.0,0.3205706414933031,True
2004-12-27,0.5688422322273254,0.5688422322273254,0.0,0.3205706414933031,True
2004-12-28,0.5405789017677307,0.5405789017677307,0.0,0.3205706414933031,True
2004-12-29,0.5488851070404053,0.5488851070404053,0.0,0.3205706414933031,True
2004-12-30,0.523084819316864,0.523084819316864,0.0,0.3205706414933031,True
2004-12-31,0.5385041832923889,0.5385041832923889,0.0,0.4242517705607726,True
2005-01-03,0.5070385336875916,0.5070385336875916,0.0,0.0,True
2005-01-04,0.478806734085083,0.478806734085083,0.0,0.0,True
2005-01-05,0.48691028356552124,0.48691028356552124,0.0,0.0,True
2005-01-06,0.47065412998199463,0.47065412998199463,0.0,0.0,True
2005-01-07,0.44147324562072754,0.44147324562072754,0.0,0.0,True
2005-01-10,0.5070685744285583,0.5070685744285583,0.0,0.0,True
2005-01-11,0.4511954188346863,0.4511954188346863,0.0,0.0,True
2005-01-12,0.49038252234458923,0.49038252234458923,0.0,0.0,True
2005-01-13,0.5863032937049866,0.5863032937049866,0.0,0.31425647466386003,True
2005-01-14,0.5468116998672485,0.5468116998672485,0.0,0.31425647466386003,True
2005-01-18,0.5561127662658691,0.5561127662658691,0.0,0.31425647466386003,True
2005-01-19,0.5227317810058594,0.5227317810058594,0.0,0.31425647466386003,True
2005-01-20,0.5106020569801331,0.5106020569801331,0.0,0.0,True
2005-01-21,0.49472489953041077,0.49472489953041077,0.0,0.0,True
2005-01-24,0.49874347448349,0.49874347448349,0.0,0.0,True
2005-01-25,0.482914537191391,0.482914537191391,0.0,0.0,True
2005-01-26,0.4658443331718445,0.4658443331718445,0.0,0.0,True
2005-01-27,0.4739261269569397,0.4739261269569397,0.0,0.0,True
2005-01-28,0.3991364538669586,0.3991364538669586,0.0,0.0,True
2005-01-31,0.5050967335700989,0.5050967335700989,0.0,0.0,True
2005-02-01,0.6148493885993958,0.6148493885993958,1.0,0.34152477292061484,True
2005-02-02,0.5263156294822693,0.5263156294822693,1.0,0.34152477292061484,True
2005-02-03,0.5128341317176819,0.5128341317176819,1.0,0.0,True
2005-02-04,0.438822478055954,0.438822478055954,1.0,0.0,True
2005-02-07,0.4885418713092804,0.4885418713092804,0.0,0.0,True
2005-02-08,0.5191606283187866,0.5191606283187866,0.0,0.0,True
2005-02-09,0.5269283652305603,0.5269283652305603,0.0,0.4635638930222326,True
2005-02-10,0.5470090508460999,0.5470090508460999,0.0,0.4635638930222326,True
2005-02-11,0.46389296650886536,0.46389296650886536,0.0,0.0,True
2005-02-14,0.4902137219905853,0.4902137219905853,0.0,0.0,True
2005-02-15,0.6070452928543091,0.6070452928543091,0.0,0.46685066815504517,True
2005-02-16,0.6213546395301819,0.6213546395301819,0.0,0.46685066815504517,True
2005-02-17,0.516185998916626,0.516185998916626,0.0,0.0,True
2005-02-18,0.5754310488700867,0.5754310488700867,0.0,0.43152791833397697,True
2005-02-22,0.5860350131988525,0.5860350131988525,0.0,0.43152791833397697,True
2005-02-23,0.4985946714878082,0.4985946714878082,0.0,0.0,True
2005-02-24,0.6158669590950012,0.6158669590950012,0.0,0.40560385899860296,True
2005-02-25,0.587954580783844,0.587954580783844,0.0,0.40560385899860296,True
2005-02-28,0.6061426997184753,0.6061426997184753,0.0,0.40560385899860296,True
2005-03-01,0.5746603012084961,0.5746603012084961,0.0,0.40560385899860296,True
2005-03-02,0.6304109692573547,0.6304109692573547,0.0,0.40560385899860296,True
2005-03-03,0.6498889923095703,0.6498889923095703,0.0,0.40560385899860296,True
2005-03-04,0.5189110040664673,0.5189110040664673,0.0,0.0,True
2005-03-07,0.5940540432929993,0.5940540432929993,0.0,0.3701241093023071,True
2005-03-08,0.6532177925109863,0.6532177925109863,0.0,0.3701241093023071,True
2005-03-09,0.6049602627754211,0.6049602627754211,0.0,0.3701241093023071,True
2005-03-10,0.5839880108833313,0.5839880108833313,0.0,0.3701241093023071,True
2005-03-11,0.5809261202812195,0.5809261202812195,0.0,0.3701241093023071,True
2005-03-14,0.5503298044204712,0.5503298044204712,0.0,0.3701241093023071,True
2005-03-15,0.5188227891921997,0.5188227891921997,0.0,0.0,True
2005-03-16,0.6018092036247253,0.6018092036247253,0.0,0.40776622700999143,True
2005-03-17,0.46577316522598267,0.46577316522598267,0.0,0.0,True
2005-03-18,0.432405948638916,0.432405948638916,0.0,0.0,True
2005-03-21,0.4193614423274994,0.4193614423274994,0.0,0.0,True
2005-03-22,0.4546170234680176,0.4546170234680176,0.0,0.0,True
2005-03-23,0.4947267174720764,0.4947267174720764,0.0,0.0,True
2005-03-24,0.46540164947509766,0.46540164947509766,0.0,0.0,True
2005-03-28,0.4657725393772125,0.4657725393772125,0.0,0.0,True
2005-03-29,0.4629603326320648,0.4629603326320648,0.0,0.0,True
2005-03-30,0.5149713158607483,0.5149713158607483,0.0,0.0,True
2005-03-31,0.4938030242919922,0.4938030242919922,0.0,0.0,True
2005-04-01,0.5241772532463074,0.5241772532463074,0.0,0.44962426258753807,True
2005-04-04,0.5127081871032715,0.5127081871032715,0.0,0.0,True
2005-04-05,0.4939669370651245,0.4939669370651245,0.0,0.0,True
2005-04-06,0.47914987802505493,0.47914987802505493,0.0,0.0,True
2005-04-07,0.5447396039962769,0.5447396039962769,0.0,0.578051182876532,True
2005-04-08,0.4472574293613434,0.4472574293613434,0.0,0.0,True
2005-04-11,0.5020807385444641,0.5020807385444641,0.0,0.0,True
2005-04-12,0.47213947772979736,0.47213947772979736,0.0,0.0,True
2005-04-13,0.4763382375240326,0.4763382375240326,0.0,0.0,True
2005-04-14,0.3737647831439972,0.3737647831439972,0.0,0.0,True
2005-04-15,0.47266286611557007,0.47266286611557007,0.0,0.0,True
2005-04-18,0.42919921875,0.42919921875,0.0,0.0,True
2005-04-19,0.42664119601249695,0.42664119601249695,0.0,0.0,True
2005-04-20,0.4394666850566864,0.4394666850566864,0.0,0.0,True
2005-04-21,0.5204330682754517,0.5204330682754517,1.0,0.2714400862900117,True
2005-04-22,0.5724672079086304,0.5724672079086304,1.0,0.2714400862900117,True
2005-04-25,0.42892393469810486,0.42892393469810486,1.0,0.0,True
2005-04-26,0.510554850101471,0.510554850101471,1.0,0.0,True
2005-04-27,0.5165902972221375,0.5165902972221375,1.0,0.0,True
2005-04-28,0.47074246406555176,0.47074246406555176,1.0,0.0,True
2005-04-29,0.38513797521591187,0.38513797521591187,1.0,0.0,True
2005-05-02,0.437457412481308,0.437457412481308,1.0,0.0,True
2005-05-03,0.39787742495536804,0.39787742495536804,1.0,0.0,True
2005-05-04,0.4338652789592743,0.4338652789592743,1.0,0.0,True
2005-05-05,0.4181569516658783,0.4181569516658783,1.0,0.0,True
2005-05-06,0.3951478600502014,0.3951478600502014,1.0,0.0,True
2005-05-09,0.4263855218887329,0.4263855218887329,1.0,0.0,True
2005-05-10,0.46191543340682983,0.46191543340682983,1.0,0.0,True
2005-05-11,0.5084219574928284,0.5084219574928284,1.0,0.0,True
2005-05-12,0.45957762002944946,0.45957762002944946,0.0,0.0,True
2005-05-13,0.42059439420700073,0.42059439420700073,0.0,0.0,True
2005-05-16,0.42456647753715515,0.42456647753715515,0.0,0.0,True
2005-05-17,0.4830223023891449,0.4830223023891449,0.0,0.0,True
2005-05-18,0.48134052753448486,0.48134052753448486,0.0,0.0,True
2005-05-19,0.5485973358154297,0.5485973358154297,0.0,0.38142301284677377,True
2005-05-20,0.4408353269100189,0.4408353269100189,0.0,0.0,True
2005-05-23,0.5753921866416931,0.5753921866416931,0.0,0.39177888763121677,True
2005-05-24,0.5521489977836609,0.5521489977836609,0.0,0.39177888763121677,True
2005-05-25,0.524360179901123,0.524360179901123,0.0,0.39177888763121677,True
2005-05-26,0.4465148150920868,0.4465148150920868,0.0,0.0,True
2005-05-27,0.5608392357826233,0.5608392357826233,0.0,0.4045865436076632,True
2005-05-31,0.5170455574989319,0.5170455574989319,0.0,0.0,True
2005-06-01,0.5083470344543457,0.5083470344543457,0.0,0.0,True
2005-06-02,0.5696002840995789,0.5696002840995789,0.0,0.4000870421776097,True
2005-06-03,0.5040732026100159,0.5040732026100159,0.0,0.0,True
2005-06-06,0.5298655033111572,0.5298655033111572,0.0,0.36709472115714165,True
2005-06-07,0.5690547227859497,0.5690547227859497,0.0,0.36709472115714165,True
2005-06-08,0.5406433343887329,0.5406433343887329,0.0,0.36709472115714165,True
2005-06-09,0.49612003564834595,0.49612003564834595,0.0,0.0,True
2005-06-10,0.6286420226097107,0.6286420226097107,0.0,0.34585809287006414,True
2005-06-13,0.5253028869628906,0.5253028869628906,0.0,0.34585809287006414,True
2005-06-14,0.5036484599113464,0.5036484599113464,0.0,0.0,True
2005-06-15,0.4751299321651459,0.4751299321651459,0.0,0.0,True
2005-06-16,0.5158032178878784,0.5158032178878784,0.0,0.0,True
2005-06-17,0.46371981501579285,0.46371981501579285,0.0,0.0,True
2005-06-20,0.436960369348526,0.436960369348526,0.0,0.0,True
2005-06-21,0.45538708567619324,0.45538708567619324,0.0,0.0,True
2005-06-22,0.42994678020477295,0.42994678020477295,0.0,0.0,True
2005-06-23,0.49928018450737,0.49928018450737,0.0,0.0,True
2005-06-24,0.4860753118991852,0.4860753118991852,0.0,0.0,True
2005-06-27,0.4893744885921478,0.4893744885921478,0.0,0.0,True
2005-06-28,0.4462612271308899,0.4462612271308899,0.0,0.0,True
2005-06-29,0.44245198369026184,0.44245198369026184,0.0,0.0,True
2005-06-30,0.4638657867908478,0.4638657867908478,0.0,0.0,True
2005-07-01,0.5116950273513794,0.5116950273513794,0.0,0.0,True
2005-07-05,0.5025349259376526,0.5025349259376526,0.0,0.0,True
2005-07-06,0.4499867558479309,0.4499867558479309,0.0,0.0,True
2005-07-07,0.4930850863456726,0.4930850863456726,0.0,0.0,True
2005-07-08,0.4797009825706482,0.4797009825706482,0.0,0.0,True
2005-07-11,0.462868332862854,0.462868332862854,0.0,0.0,True
2005-07-12,0.44609132409095764,0.44609132409095764,0.0,0.0,True
2005-07-13,0.4671582281589508,0.4671582281589508,0.0,0.0,True
2005-07-14,0.6151238679885864,0.6151238679885864,0.0,0.43186882218866857,True
2005-07-15,0.6041014194488525,0.6041014194488525,0.0,0.43186882218866857,True
2005-07-18,0.5587964057922363,0.5587964057922363,0.0,0.43186882218866857,True
2005-07-19,0.48964935541152954,0.48964935541152954,0.0,0.0,True
2005-07-20,0.5096295475959778,0.5096295475959778,0.0,0.0,True
2005-07-21,0.532933235168457,0.532933235168457,0.0,0.41689023187992374,True
2005-07-22,0.47039881348609924,0.47039881348609924,0.0,0.0,True
2005-07-25,0.5324611067771912,0.5324611067771912,0.0,0.442014245567724,True
2005-07-26,0.5707629323005676,0.5707629323005676,0.0,0.442014245567724,True
2005-07-27,0.5779816508293152,0.5779816508293152,0.0,0.442014245567724,True
2005-07-28,0.5424982309341431,0.5424982309341431,0.0,0.442014245567724,True
2005-07-29,0.5645080804824829,0.5645080804824829,0.0,0.442014245567724,True
2005-08-01,0.565298318862915,0.565298318862915,0.0,0.442014245567724,True
2005-08-02,0.541185736656189,0.541185736656189,0.0,0.442014245567724,True
2005-08-03,0.5411916375160217,0.5411916375160217,0.0,0.442014245567724,True
2005-08-04,0.5471311211585999,0.5471311211585999,0.0,0.442014245567724,True
2005-08-05,0.5642712712287903,0.5642712712287903,0.0,0.442014245567724,True
2005-08-08,0.5332586765289307,0.5332586765289307,0.0,0.442014245567724,True
2005-08-09,0.47679048776626587,0.47679048776626587,0.0,0.0,True
2005-08-10,0.5591501593589783,0.5591501593589783,0.0,0.4716179446963054,True
2005-08-11,0.49013301730155945,0.49013301730155945,0.0,0.0,True
2005-08-12,0.5011809468269348,0.5011809468269348,0.0,0.0,True
2005-08-15,0.4998074769973755,0.4998074769973755,0.0,0.0,True
2005-08-16,0.5708715319633484,0.5708715319633484,0.0,0.5012123721200007,True
2005-08-17,0.514413595199585,0.514413595199585,0.0,0.0,True
2005-08-18,0.540593683719635,0.540593683719635,0.0,0.4820998732756915,True
2005-08-19,0.5278171896934509,0.5278171896934509,0.0,0.4820998732756915,True
2005-08-22,0.5759211182594299,0.5759211182594299,0.0,0.4820998732756915,True
2005-08-23,0.5658280849456787,0.5658280849456787,0.0,0.4820998732756915,True
2005-08-24,0.584683895111084,0.584683895111084,0.0,0.4820998732756915,True
2005-08-25,0.6403501033782959,0.6403501033782959,0.0,0.4820998732756915,True
2005-08-26,0.6834308505058289,0.6834308505058289,0.0,0.4820998732756915,True
2005-08-29,0.6231814622879028,0.6231814622879028,0.0,0.4820998732756915,True
2005-08-30,0.5251995921134949,0.5251995921134949,0.0,0.4820998732756915,True
2005-08-31,0.53963702917099,0.53963702917099,0.0,0.4820998732756915,True
2005-09-01,0.5132958292961121,0.5132958292961121,0.0,0.0,True
2005-09-02,0.5390390753746033,0.5390390753746033,0.0,0.5079143327686532,True
2005-09-06,0.6108433604240417,0.6108433604240417,0.0,0.5079143327686532,True
2005-09-07,0.5178921222686768,0.5178921222686768,0.0,0.0,True
2005-09-08,0.5676275491714478,0.5676275491714478,0.0,0.44498157796342463,True
2005-09-09,0.5396546721458435,0.5396546721458435,0.0,0.44498157796342463,True
2005-09-12,0.6737380623817444,0.6737380623817444,0.0,0.44498157796342463,True
2005-09-13,0.5239943861961365,0.5239943861961365,0.0,0.44498157796342463,True
2005-09-14,0.539523184299469,0.539523184299469,0.0,0.44498157796342463,True
2005-09-15,0.5343590378761292,0.5343590378761292,0.0,0.44498157796342463,True
2005-09-16,0.49571463465690613,0.49571463465690613,0.0,0.0,True
2005-09-19,0.5227317214012146,0.5227317214012146,0.0,0.5157421636371077,True
2005-09-20,0.5234881639480591,0.5234881639480591,0.0,0.5157421636371077,True
2005-09-21,0.5194166302680969,0.5194166302680969,0.0,0.0,True
2005-09-22,0.5061910152435303,0.5061910152435303,0.0,0.0,True
2005-09-23,0.5111423134803772,0.5111423134803772,0.0,0.0,True
2005-09-26,0.5104391574859619,0.5104391574859619,0.0,0.0,True
2005-09-27,0.5339841842651367,0.5339841842651367,0.0,0.4785333947662542,True
2005-09-28,0.558349609375,0.558349609375,0.0,0.4785333947662542,True
2005-09-29,0.4702831506729126,0.4702831506729126,0.0,0.0,True
2005-09-30,0.4669780135154724,0.4669780135154724,0.0,0.0,True
2005-10-03,0.48868298530578613,0.48868298530578613,0.0,0.0,True
2005-10-04,0.5094588398933411,0.5094588398933411,0.0,0.0,True
2005-10-05,0.5179277658462524,0.5179277658462524,0.0,0.0,True
2005-10-06,0.5173746347427368,0.5173746347427368,0.0,0.0,True
2005-10-07,0.5252131223678589,0.5252131223678589,0.0,0.4621444033846232,True
2005-10-10,0.6204095482826233,0.6204095482826233,0.0,0.4621444033846232,True
2005-10-11,0.5240463018417358,0.5240463018417358,0.0,0.4621444033846232,True
2005-10-12,0.5706512928009033,0.5706512928009033,0.0,0.4621444033846232,True
2005-10-13,0.4836566746234894,0.4836566746234894,0.0,0.0,True
2005-10-14,0.44498640298843384,0.44498640298843384,0.0,0.0,True
2005-10-17,0.4771144986152649,0.4771144986152649,0.0,0.0,True
2005-10-18,0.4692211449146271,0.4692211449146271,0.0,0.0,True
2005-10-19,0.5134679079055786,0.5134679079055786,0.0,0.0,True
2005-10-20,0.5474167466163635,0.5474167466163635,0.0,0.29164984389368626,True
2005-10-21,0.5201104879379272,0.5201104879379272,0.0,0.29164984389368626,True
2005-10-24,0.4748479127883911,0.4748479127883911,0.0,0.0,True
2005-10-25,0.5054015517234802,0.5054015517234802,0.0,0.0,True
2005-10-26,0.5006821155548096,0.5006821155548096,0.0,0.0,True
2005-10-27,0.5469779968261719,0.5469779968261719,0.0,0.30326498314274664,True
2005-10-28,0.46686941385269165,0.46686941385269165,0.0,0.0,True
2005-10-31,0.6117913126945496,0.6117913126945496,1.0,0.28299845468548646,True
2005-11-01,0.5231859683990479,0.5231859683990479,0.0,0.28299845468548646,True
2005-11-02,0.5314359068870544,0.5314359068870544,1.0,0.28299845468548646,True
2005-11-03,0.4435836970806122,0.4435836970806122,1.0,0.0,True
2005-11-04,0.5319252610206604,0.5319252610206604,1.0,0.2799786775277177,True
2005-11-07,0.5188862085342407,0.5188862085342407,1.0,0.0,True
2005-11-08,0.5021834373474121,0.5021834373474121,1.0,0.0,True
2005-11-09,0.556306004524231,0.556306004524231,1.0,0.3028440874823835,True
2005-11-10,0.5483818054199219,0.5483818054199219,0.0,0.3028440874823835,True
2005-11-11,0.558711051940918,0.558711051940918,0.0,0.3028440874823835,True
2005-11-14,0.4826348125934601,0.4826348125934601,0.0,0.0,True
2005-11-15,0.46276888251304626,0.46276888251304626,0.0,0.0,True
2005-11-16,0.5298753976821899,0.5298753976821899,0.0,0.4148271183626082,True
2005-11-17,0.5639109015464783,0.5639109015464783,0.0,0.4148271183626082,True
2005-11-18,0.5261534452438354,0.5261534452438354,0.0,0.4148271183626082,True
2005-11-21,0.5200353860855103,0.5200353860855103,0.0,0.4148271183626082,True
2005-11-22,0.48190340399742126,0.48190340399742126,0.0,0.0,True
2005-11-23,0.5341732501983643,0.5341732501983643,0.0,0.42719514967806416,True
2005-11-25,0.5234395265579224,0.5234395265579224,0.0,0.42719514967806416,True
2005-11-28,0.6494621634483337,0.6494621634483337,0.0,0.42719514967806416,True
2005-11-29,0.5252463817596436,0.5252463817596436,0.0,0.42719514967806416,True
2005-11-30,0.5228400826454163,0.5228400826454163,0.0,0.42719514967806416,True
2005-12-01,0.6229752898216248,0.6229752898216248,0.0,0.42719514967806416,True
2005-12-02,0.6660231351852417,0.6660231351852417,0.0,0.42719514967806416,True
2005-12-05,0.6306881904602051,0.6306881904602051,0.0,0.42719514967806416,True
2005-12-06,0.5728886723518372,0.5728886723518372,0.0,0.42719514967806416,True
2005-12-07,0.6824576258659363,0.6824576258659363,0.0,0.42719514967806416,True
2005-12-08,0.729983925819397,0.729983925819397,0.0,0.42719514967806416,True
2005-12-09,0.6991044282913208,0.6991044282913208,0.0,0.42719514967806416,True
2005-12-12,0.6565342545509338,0.6565342545509338,0.0,0.42719514967806416,True
2005-12-13,0.7487514019012451,0.7487514019012451,0.0,0.42719514967806416,True
2005-12-14,0.6431695222854614,0.6431695222854614,0.0,0.42719514967806416,True
2005-12-15,0.632379949092865,0.632379949092865,0.0,0.42719514967806416,True
2005-12-16,0.625662088394165,0.625662088394165,0.0,0.42719514967806416,True
2005-12-19,0.6237986087799072,0.6237986087799072,0.0,0.42719514967806416,True
2005-12-20,0.6484387516975403,0.6484387516975403,0.0,0.42719514967806416,True
2005-12-21,0.5568482279777527,0.5568482279777527,0.0,0.42719514967806416,True
2005-12-22,0.5334668755531311,0.5334668755531311,0.0,0.42719514967806416,True
2005-12-23,0.5780643224716187,0.5780643224716187,0.0,0.42719514967806416,True
2005-12-27,0.5896860361099243,0.5896860361099243,0.0,0.42719514967806416,True
2005-12-28,0.5495026707649231,0.5495026707649231,0.0,0.42719514967806416,True
2005-12-29,0.5661599636077881,0.5661599636077881,0.0,0.42719514967806416,True
2005-12-30,0.5762546062469482,0.5762546062469482,0.0,0.5896300122853538,True
2006-01-03,0.44336116313934326,0.44336116313934326,0.0,0.0,True
2006-01-04,0.4819566607475281,0.4819566607475281,0.0,0.0,True
2006-01-05,0.478292316198349,0.478292316198349,0.0,0.0,True
2006-01-06,0.5445566177368164,0.5445566177368164,0.0,0.5387201495427134,True
2006-01-09,0.5586408972740173,0.5586408972740173,0.0,0.5387201495427134,True
2006-01-10,0.5087530016899109,0.5087530016899109,0.0,0.0,True
2006-01-11,0.503731369972229,0.503731369972229,0.0,0.0,True
2006-01-12,0.5795689821243286,0.5795689821243286,0.0,0.4015205487738629,True
2006-01-13,0.48046165704727173,0.48046165704727173,0.0,0.0,True
2006-01-17,0.5809014439582825,0.5809014439582825,0.0,0.44203575691654134,True
2006-01-18,0.5591433048248291,0.5591433048248291,0.0,0.44203575691654134,True
2006-01-19,0.5906754732131958,0.5906754732131958,0.0,0.44203575691654134,True
2006-01-20,0.5382673144340515,0.5382673144340515,0.0,0.44203575691654134,True
2006-01-23,0.5486135482788086,0.5486135482788086,0.0,0.44203575691654134,True
2006-01-24,0.55074143409729,0.55074143409729,0.0,0.44203575691654134,True
2006-01-25,0.6250734329223633,0.6250734329223633,0.0,0.44203575691654134,True
2006-01-26,0.6438820958137512,0.6438820958137512,0.0,0.33673607779671993,True
2006-01-27,0.6348551511764526,0.6348551511764526,0.0,0.33673607779671993,True
2006-01-30,0.5833890438079834,0.5833890438079834,0.0,0.33673607779671993,True
2006-01-31,0.5912988781929016,0.5912988781929016,0.0,0.33673607779671993,True
2006-02-01,0.5398904085159302,0.5398904085159302,0.0,0.33673607779671993,True
2006-02-02,0.6127610206604004,0.6127610206604004,0.0,0.33673607779671993,True
2006-02-03,0.567081093788147,0.567081093788147,0.0,0.33673607779671993,True
2006-02-06,0.5089074969291687,0.5089074969291687,0.0,0.0,True
2006-02-07,0.5115118026733398,0.5115118026733398,0.0,0.0,True
2006-02-08,0.41196340322494507,0.41196340322494507,0.0,0.0,True
2006-02-09,0.4914977252483368,0.4914977252483368,0.0,0.0,True
2006-02-10,0.3715263605117798,0.3715263605117798,0.0,0.0,True
2006-02-13,0.5001694560050964,0.5001694560050964,0.0,0.0,True
2006-02-14,0.40863293409347534,0.40863293409347534,1.0,0.0,True
2006-02-15,0.4674363434314728,0.4674363434314728,1.0,0.0,True
2006-02-16,0.474575936794281,0.474575936794281,0.0,0.0,True
2006-02-17,0.4915919601917267,0.4915919601917267,0.0,0.0,True
2006-02-21,0.4255897104740143,0.4255897104740143,0.0,0.0,True
2006-02-22,0.4247322082519531,0.4247322082519531,0.0,0.0,True
2006-02-23,0.46068376302719116,0.46068376302719116,0.0,0.0,True
2006-02-24,0.47178196907043457,0.47178196907043457,0.0,0.0,True
2006-02-27,0.4270052909851074,0.4270052909851074,0.0,0.0,True
2006-02-28,0.5042014718055725,0.5042014718055725,0.0,0.0,True
2006-03-01,0.49969977140426636,0.49969977140426636,0.0,0.0,True
2006-03-02,0.4437112510204315,0.4437112510204315,0.0,0.0,True
2006-03-03,0.4314068555831909,0.4314068555831909,0.0,0.0,True
2006-03-06,0.4746076166629791,0.4746076166629791,0.0,0.0,True
2006-03-07,0.499501496553421,0.499501496553421,0.0,0.0,True
2006-03-08,0.44968661665916443,0.44968661665916443,0.0,0.0,True
2006-03-09,0.46252551674842834,0.46252551674842834,0.0,0.0,True
2006-03-10,0.4880302846431732,0.4880302846431732,0.0,0.0,True
2006-03-13,0.4776405096054077,0.4776405096054077,0.0,0.0,True
2006-03-14,0.4387778341770172,0.4387778341770172,0.0,0.0,True
2006-03-15,0.48683255910873413,0.48683255910873413,0.0,0.0,True
2006-03-16,0.5105328559875488,0.5105328559875488,0.0,0.0,True
2006-03-17,0.4721502363681793,0.4721502363681793,0.0,0.0,True
2006-03-20,0.5171588659286499,0.5171588659286499,0.0,0.0,True
2006-03-21,0.47047969698905945,0.47047969698905945,0.0,0.0,True
2006-03-22,0.5055477023124695,0.5055477023124695,0.0,0.0,True
2006-03-23,0.4678862988948822,0.4678862988948822,0.0,0.0,True
2006-03-24,0.46465909481048584,0.46465909481048584,0.0,0.0,True
2006-03-27,0.459740549325943,0.459740549325943,0.0,0.0,True
2006-03-28,0.4760444164276123,0.4760444164276123,0.0,0.0,True
2006-03-29,0.4670804440975189,0.4670804440975189,0.0,0.0,True
2006-03-30,0.4721563756465912,0.4721563756465912,0.0,0.0,True
2006-03-31,0.4514106810092926,0.4514106810092926,0.0,0.0,True
2006-04-03,0.4734824001789093,0.4734824001789093,0.0,0.0,True
2006-04-04,0.47433024644851685,0.47433024644851685,0.0,0.0,True
2006-04-05,0.5620163083076477,0.5620163083076477,0.0,0.288664336943659,True
2006-04-06,0.5250562429428101,0.5250562429428101,1.0,0.288664336943659,True
2006-04-07,0.6074617505073547,0.6074617505073547,1.0,0.288664336943659,True
2006-04-10,0.5926896929740906,0.5926896929740906,1.0,0.288664336943659,True
2006-04-11,0.6143935918807983,0.6143935918807983,0.0,0.288664336943659,True
2006-04-12,0.5561205148696899,0.5561205148696899,0.0,0.288664336943659,True
2006-04-13,0.5007712841033936,0.5007712841033936,0.0,0.0,True
2006-04-17,0.4605455994606018,0.4605455994606018,0.0,0.0,True
2006-04-18,0.5320924520492554,0.5320924520492554,1.0,0.2783284204070719,True
2006-04-19,0.543762743473053,0.543762743473053,1.0,0.2783284204070719,True
2006-04-20,0.5323817133903503,0.5323817133903503,1.0,0.2783284204070719,True
2006-04-21,0.5018585920333862,0.5018585920333862,1.0,0.0,True
2006-04-24,0.509404718875885,0.509404718875885,1.0,0.0,True
2006-04-25,0.5027182698249817,0.5027182698249817,1.0,0.0,True
2006-04-26,0.4919489920139313,0.4919489920139313,1.0,0.0,True
2006-04-27,0.49482956528663635,0.49482956528663635,0.0,0.0,True
2006-04-28,0.49061518907546997,0.49061518907546997,0.0,0.0,True
2006-05-01,0.5273913145065308,0.5273913145065308,0.0,0.3026146762393109,True
2006-05-02,0.4684678912162781,0.4684678912162781,1.0,0.0,True
2006-05-03,0.5404183864593506,0.5404183864593506,1.0,0.3052288795520526,True
2006-05-04,0.5069524645805359,0.5069524645805359,0.0,0.0,True
2006-05-05,0.5593074560165405,0.5593074560165405,0.0,0.5207264602255,True
2006-05-08,0.547347903251648,0.547347903251648,0.0,0.5207264602255,True
2006-05-09,0.5211254954338074,0.5211254954338074,0.0,0.5207264602255,True
2006-05-10,0.5225611925125122,0.5225611925125122,0.0,0.5207264602255,True
2006-05-11,0.5724766254425049,0.5724766254425049,0.0,0.5207264602255,True
2006-05-12,0.47480565309524536,0.47480565309524536,0.0,0.0,True
2006-05-15,0.5073658227920532,0.5073658227920532,0.0,0.0,True
2006-05-16,0.6074629426002502,0.6074629426002502,0.0,0.4865733700809328,True
2006-05-17,0.5451443791389465,0.5451443791389465,0.0,0.4865733700809328,True
2006-05-18,0.6358641982078552,0.6358641982078552,0.0,0.4865733700809328,True
2006-05-19,0.5177539587020874,0.5177539587020874,0.0,0.0,True
2006-05-22,0.5551086068153381,0.5551086068153381,0.0,0.4763192899703631,True
2006-05-23,0.5884447693824768,0.5884447693824768,0.0,0.4763192899703631,True
2006-05-24,0.5966934561729431,0.5966934561729431,0.0,0.4763192899703631,True
2006-05-25,0.5024807453155518,0.5024807453155518,0.0,0.0,True
2006-05-26,0.4283393323421478,0.4283393323421478,0.0,0.0,True
2006-05-30,0.5124180912971497,0.5124180912971497,0.0,0.0,True
2006-05-31,0.49590927362442017,0.49590927362442017,0.0,0.0,True
2006-06-01,0.4408755600452423,0.4408755600452423,0.0,0.0,True
2006-06-02,0.4512808918952942,0.4512808918952942,0.0,0.0,True
2006-06-05,0.42551562190055847,0.42551562190055847,0.0,0.0,True
2006-06-06,0.46258220076560974,0.46258220076560974,0.0,0.0,True
2006-06-07,0.446673184633255,0.446673184633255,0.0,0.0,True
2006-06-08,0.46135473251342773,0.46135473251342773,0.0,0.0,True
2006-06-09,0.5205333828926086,0.5205333828926086,0.0,0.4160621262564428,True
2006-06-12,0.5393526554107666,0.5393526554107666,0.0,0.4160621262564428,True
2006-06-13,0.4661818742752075,0.4661818742752075,0.0,0.0,True
2006-06-14,0.4075312912464142,0.4075312912464142,0.0,0.0,True
2006-06-15,0.4752751290798187,0.4752751290798187,0.0,0.0,True
2006-06-16,0.4856281280517578,0.4856281280517578,0.0,0.0,True
2006-06-19,0.49985411763191223,0.49985411763191223,0.0,0.0,True
2006-06-20,0.459884911775589,0.459884911775589,0.0,0.0,True
2006-06-21,0.47078821063041687,0.47078821063041687,0.0,0.0,True
2006-06-22,0.4694642722606659,0.4694642722606659,0.0,0.0,True
2006-06-23,0.4080953001976013,0.4080953001976013,0.0,0.0,True
2006-06-26,0.39866265654563904,0.39866265654563904,0.0,0.0,True
2006-06-27,0.467155784368515,0.467155784368515,0.0,0.0,True
2006-06-28,0.50798100233078,0.50798100233078,0.0,0.0,True
2006-06-29,0.5666677951812744,0.5666677951812744,0.0,0.37045018634465804,True
2006-06-30,0.5158357620239258,0.5158357620239258,0.0,0.0,True
2006-07-03,0.5046890377998352,0.5046890377998352,0.0,0.0,True
2006-07-05,0.4924004077911377,0.4924004077911377,0.0,0.0,True
2006-07-06,0.48930683732032776,0.48930683732032776,0.0,0.0,True
2006-07-07,0.48633873462677,0.48633873462677,0.0,0.0,True
2006-07-10,0.48777902126312256,0.48777902126312256,0.0,0.0,True
2006-07-11,0.5037279725074768,0.5037279725074768,0.0,0.0,True
2006-07-12,0.5115748047828674,0.5115748047828674,0.0,0.0,True
2006-07-13,0.5004947185516357,0.5004947185516357,0.0,0.0,True
2006-07-14,0.5546272993087769,0.5546272993087769,0.0,0.4043317875275892,True
2006-07-17,0.45082440972328186,0.45082440972328186,0.0,0.0,True
2006-07-18,0.4960159659385681,0.4960159659385681,0.0,0.0,True
2006-07-19,0.492123544216156,0.492123544216156,0.0,0.0,True
2006-07-20,0.5342711210250854,0.5342711210250854,1.0,0.2550864072368195,True
2006-07-21,0.5536749362945557,0.5536749362945557,1.0,0.2550864072368195,True
2006-07-24,0.5196666121482849,0.5196666121482849,1.0,0.0,True
2006-07-25,0.5086956024169922,0.5086956024169922,1.0,0.0,True
2006-07-26,0.5548082590103149,0.5548082590103149,1.0,0.2606034407673429,True
2006-07-27,0.5506859421730042,0.5506859421730042,1.0,0.2606034407673429,True
2006-07-28,0.5049387216567993,0.5049387216567993,1.0,0.0,True
2006-07-31,0.5347367525100708,0.5347367525100708,1.0,0.27543995604930405,True
2006-08-01,0.563958466053009,0.563958466053009,1.0,0.27543995604930405,True
2006-08-02,0.5534676313400269,0.5534676313400269,1.0,0.27543995604930405,True
2006-08-03,0.5188502073287964,0.5188502073287964,1.0,0.0,True
2006-08-04,0.5746440291404724,0.5746440291404724,1.0,0.2789787488358974,True
2006-08-07,0.5761044025421143,0.5761044025421143,1.0,0.2789787488358974,True
2006-08-08,0.6027088761329651,0.6027088761329651,1.0,0.2789787488358974,True
2006-08-09,0.5117600560188293,0.5117600560188293,1.0,0.0,True
2006-08-10,0.5283104777336121,0.5283104777336121,1.0,0.2830699329251133,True
2006-08-11,0.5316802263259888,0.5316802263259888,1.0,0.2830699329251133,True
2006-08-14,0.5520270466804504,0.5520270466804504,1.0,0.2830699329251133,True
2006-08-15,0.5205010175704956,0.5205010175704956,1.0,0.2830699329251133,True
2006-08-16,0.5270284414291382,0.5270284414291382,1.0,0.2830699329251133,True
2006-08-17,0.5371412038803101,0.5371412038803101,0.0,0.451080834174447,True
2006-08-18,0.5284433364868164,0.5284433364868164,0.0,0.451080834174447,True
2006-08-21,0.4771687090396881,0.4771687090396881,0.0,0.0,True
2006-08-22,0.5350627303123474,0.5350627303123474,0.0,0.4334525049881253,True
2006-08-23,0.5753483176231384,0.5753483176231384,0.0,0.4334525049881253,True
2006-08-24,0.5734952688217163,0.5734952688217163,0.0,0.4334525049881253,True
2006-08-25,0.5501837730407715,0.5501837730407715,0.0,0.4334525049881253,True
2006-08-28,0.5922591686248779,0.5922591686248779,0.0,0.4334525049881253,True
2006-08-29,0.5547031164169312,0.5547031164169312,0.0,0.4334525049881253,True
2006-08-30,0.5713233947753906,0.5713233947753906,0.0,0.4334525049881253,True
2006-08-31,0.575494647026062,0.575494647026062,0.0,0.4334525049881253,True
2006-09-01,0.6013928651809692,0.6013928651809692,0.0,0.4334525049881253,True
2006-09-05,0.6190937757492065,0.6190937757492065,0.0,0.4334525049881253,True
2006-09-06,0.5462498068809509,0.5462498068809509,0.0,0.4334525049881253,True
2006-09-07,0.5867138504981995,0.5867138504981995,0.0,0.4334525049881253,True
2006-09-08,0.5368564128875732,0.5368564128875732,0.0,0.4334525049881253,True
2006-09-11,0.5439399480819702,0.5439399480819702,0.0,0.4334525049881253,True
2006-09-12,0.5441185235977173,0.5441185235977173,0.0,0.4334525049881253,True
2006-09-13,0.5747549533843994,0.5747549533843994,0.0,0.4334525049881253,True
2006-09-14,0.5632705688476562,0.5632705688476562,0.0,0.4334525049881253,True
2006-09-15,0.5603250861167908,0.5603250861167908,0.0,0.4334525049881253,True
2006-09-18,0.5427541732788086,0.5427541732788086,0.0,0.4334525049881253,True
2006-09-19,0.5614084601402283,0.5614084601402283,0.0,0.5554430210718797,True
2006-09-20,0.5543158650398254,0.5543158650398254,0.0,0.5554430210718797,True
2006-09-21,0.5929814577102661,0.5929814577102661,0.0,0.5554430210718797,True
2006-09-22,0.6338018774986267,0.6338018774986267,0.0,0.5554430210718797,True
2006-09-25,0.5301459431648254,0.5301459431648254,0.0,0.5554430210718797,True
2006-09-26,0.538722574710846,0.538722574710846,0.0,0.5554430210718797,True
2006-09-27,0.5196157097816467,0.5196157097816467,0.0,0.0,True
2006-09-28,0.5639711022377014,0.5639711022377014,0.0,0.4916840584364966,True
2006-09-29,0.5496582388877869,0.5496582388877869,0.0,0.4916840584364966,True
2006-10-02,0.5728912353515625,0.5728912353515625,0.0,0.4916840584364966,True
2006-10-03,0.5694776177406311,0.5694776177406311,0.0,0.4916840584364966,True
2006-10-04,0.5941598415374756,0.5941598415374756,0.0,0.4916840584364966,True
2006-10-05,0.5802088975906372,0.5802088975906372,0.0,0.4916840584364966,True
2006-10-06,0.5747360587120056,0.5747360587120056,0.0,0.4916840584364966,True
2006-10-09,0.5322573184967041,0.5322573184967041,0.0,0.4916840584364966,True
2006-10-10,0.5331340432167053,0.5331340432167053,0.0,0.4916840584364966,True
2006-10-11,0.5975499153137207,0.5975499153137207,0.0,0.5945762787516785,True
2006-10-12,0.5426701903343201,0.5426701903343201,0.0,0.5945762787516785,True
2006-10-13,0.5407750606536865,0.5407750606536865,0.0,0.5945762787516785,True
2006-10-16,0.539740264415741,0.539740264415741,0.0,0.5945762787516785,True
2006-10-17,0.5049677491188049,0.5049677491188049,0.0,0.0,True
2006-10-18,0.49346843361854553,0.49346843361854553,0.0,0.0,True
2006-10-19,0.5869320034980774,0.5869320034980774,0.0,0.44041285243418576,True
2006-10-20,0.5488989353179932,0.5488989353179932,0.0,0.44041285243418576,True
2006-10-23,0.5640832781791687,0.5640832781791687,0.0,0.44041285243418576,True
2006-10-24,0.5400958061218262,0.5400958061218262,0.0,0.44041285243418576,True
2006-10-25,0.5417559146881104,0.5417559146881104,0.0,0.44041285243418576,True
2006-10-26,0.5120261311531067,0.5120261311531067,0.0,0.0,True
2006-10-27,0.5216768383979797,0.5216768383979797,0.0,0.48856293453441546,True
2006-10-30,0.5053144693374634,0.5053144693374634,0.0,0.0,True
2006-10-31,0.49788698554039,0.49788698554039,0.0,0.0,True
2006-11-01,0.5570997595787048,0.5570997595787048,0.0,0.5094943505978619,True
2006-11-02,0.5091803073883057,0.5091803073883057,0.0,0.0,True
2006-11-03,0.4974425137042999,0.4974425137042999,0.0,0.0,True
2006-11-06,0.5372092127799988,0.5372092127799988,0.0,0.5034923621693325,True
2006-11-07,0.5626319050788879,0.5626319050788879,0.0,0.5034923621693325,True
2006-11-08,0.5226709842681885,0.5226709842681885,0.0,0.5034923621693325,True
2006-11-09,0.4910285472869873,0.4910285472869873,0.0,0.0,True
2006-11-10,0.48669150471687317,0.48669150471687317,0.0,0.0,True
2006-11-13,0.4721814692020416,0.4721814692020416,0.0,0.0,True
2006-11-14,0.4966108798980713,0.4966108798980713,0.0,0.0,True
2006-11-15,0.5245860815048218,0.5245860815048218,0.0,0.5246939595211859,True
2006-11-16,0.5255264639854431,0.5255264639854431,0.0,0.7115587344591863,True
2006-11-17,0.5141046643257141,0.5141046643257141,0.0,0.0,True
2006-11-20,0.5244640707969666,0.5244640707969666,0.0,0.7449325860803999,True
2006-11-21,0.5390373468399048,0.5390373468399048,0.0,0.7449325860803999,True
2006-11-22,0.5660837292671204,0.5660837292671204,0.0,0.7449325860803999,True
2006-11-24,0.5777899026870728,0.5777899026870728,0.0,0.7449325860803999,True
2006-11-27,0.5224684476852417,0.5224684476852417,0.0,0.7449325860803999,True
2006-11-28,0.4947570562362671,0.4947570562362671,0.0,0.0,True
2006-11-29,0.5520077347755432,0.5520077347755432,0.0,0.6402837687964394,True
2006-11-30,0.5718743205070496,0.5718743205070496,0.0,0.6402837687964394,True
2006-12-01,0.6196029186248779,0.6196029186248779,0.0,0.6402837687964394,True
2006-12-04,0.59766685962677,0.59766685962677,0.0,0.6402837687964394,True
2006-12-05,0.6788772344589233,0.6788772344589233,0.0,0.7460218679347357,True
2006-12-06,0.6771060824394226,0.6771060824394226,0.0,0.7460218679347357,True
2006-12-07,0.6157928109169006,0.6157928109169006,0.0,0.6234075538233095,True
2006-12-08,0.6278224587440491,0.6278224587440491,0.0,0.6234075538233095,True
2006-12-11,0.6385012865066528,0.6385012865066528,0.0,0.6234075538233095,True
2006-12-12,0.5689935088157654,0.5689935088157654,0.0,0.6234075538233095,True
2006-12-13,0.47385427355766296,0.47385427355766296,0.0,0.0,True
2006-12-14,0.5253474116325378,0.5253474116325378,0.0,0.5269368964069004,True
2006-12-15,0.5453956127166748,0.5453956127166748,0.0,0.5269368964069004,True
2006-12-18,0.5085557699203491,0.5085557699203491,0.0,0.0,True
2006-12-19,0.5218084454536438,0.5218084454536438,0.0,0.5031799170646556,True
2006-12-20,0.5347994565963745,0.5347994565963745,0.0,0.5031799170646556,True
2006-12-21,0.4935256838798523,0.4935256838798523,0.0,0.0,True
2006-12-22,0.5413730144500732,0.5413730144500732,0.0,0.5395498468776396,True
2006-12-26,0.509103536605835,0.509103536605835,0.0,0.0,True
2006-12-27,0.4906122386455536,0.4906122386455536,0.0,0.0,True
2006-12-28,0.4773082137107849,0.4773082137107849,0.0,0.0,True
2006-12-29,0.5283845067024231,0.5283845067024231,0.0,0.4758601238423167,True
2007-01-03,0.48513299226760864,0.48513299226760864,0.0,0.0,True
2007-01-04,0.46918535232543945,0.46918535232543945,0.0,0.0,True
2007-01-05,0.48355764150619507,0.48355764150619507,0.0,0.0,True
2007-01-08,0.4788493812084198,0.4788493812084198,0.0,0.0,True
2007-01-09,0.6466637849807739,0.6466637849807739,0.0,0.34921287164250375,True
2007-01-10,0.611058235168457,0.611058235168457,0.0,0.34921287164250375,True
2007-01-11,0.5123488903045654,0.5123488903045654,0.0,0.0,True
2007-01-12,0.49807611107826233,0.49807611107826233,0.0,0.0,True
2007-01-16,0.466621994972229,0.466621994972229,0.0,0.0,True
2007-01-17,0.5417206883430481,0.5417206883430481,0.0,0.33240504281861466,True
2007-01-18,0.4907509386539459,0.4907509386539459,0.0,0.0,True
2007-01-19,0.4873856008052826,0.4873856008052826,0.0,0.0,True
2007-01-22,0.5280349254608154,0.5280349254608154,0.0,0.2984279933159355,True
2007-01-23,0.5489311218261719,0.5489311218261719,0.0,0.2984279933159355,True
2007-01-24,0.5404959321022034,0.5404959321022034,0.0,0.2984279933159355,True
2007-01-25,0.5205346941947937,0.5205346941947937,0.0,0.2984279933159355,True
2007-01-26,0.5459534525871277,0.5459534525871277,0.0,0.2984279933159355,True
2007-01-29,0.4870447814464569,0.4870447814464569,0.0,0.0,True
2007-01-30,0.4959138035774231,0.4959138035774231,0.0,0.0,True
2007-01-31,0.5929832458496094,0.5929832458496094,0.0,0.3244654547734778,True
2007-02-01,0.5048171877861023,0.5048171877861023,0.0,0.0,True
2007-02-02,0.5033719539642334,0.5033719539642334,0.0,0.0,True
2007-02-05,0.508228600025177,0.508228600025177,0.0,0.0,True
2007-02-06,0.4859875738620758,0.4859875738620758,0.0,0.0,True
2007-02-07,0.454970121383667,0.454970121383667,0.0,0.0,True
2007-02-08,0.4283851087093353,0.4283851087093353,0.0,0.0,True
2007-02-09,0.48602044582366943,0.48602044582366943,0.0,0.0,True
2007-02-12,0.44835522770881653,0.44835522770881653,0.0,0.0,True
2007-02-13,0.4651212990283966,0.4651212990283966,0.0,0.0,True
2007-02-14,0.49557217955589294,0.49557217955589294,0.0,0.0,True
2007-02-15,0.45527106523513794,0.45527106523513794,0.0,0.0,True
2007-02-16,0.3447646498680115,0.3447646498680115,0.0,0.0,True
2007-02-20,0.44137856364250183,0.44137856364250183,0.0,0.0,True
2007-02-21,0.6123562455177307,0.6123562455177307,0.0,0.6307122764712916,True
2007-02-22,0.6143176555633545,0.6143176555633545,0.0,0.6307122764712916,True
2007-02-23,0.5948662161827087,0.5948662161827087,0.0,0.6307122764712916,True
2007-02-26,0.5591878294944763,0.5591878294944763,0.0,0.6307122764712916,True
2007-02-27,0.48197054862976074,0.48197054862976074,0.0,0.0,True
2007-02-28,0.5254127383232117,0.5254127383232117,0.0,0.4979673055857445,True
2007-03-01,0.44807302951812744,0.44807302951812744,0.0,0.0,True
2007-03-02,0.43621861934661865,0.43621861934661865,0.0,0.0,True
2007-03-05,0.4563669264316559,0.4563669264316559,0.0,0.0,True
2007-03-06,0.5402317643165588,0.5402317643165588,0.0,0.4534160951460351,True
2007-03-07,0.5675534009933472,0.5675534009933472,0.0,0.4534160951460351,True
2007-03-08,0.5185083746910095,0.5185083746910095,0.0,0.0,True
2007-03-09,0.5467290878295898,0.5467290878295898,0.0,0.4653828822241498,True
2007-03-12,0.5189140439033508,0.5189140439033508,0.0,0.0,True
2007-03-13,0.4899049997329712,0.4899049997329712,0.0,0.0,True
2007-03-14,0.5310481190681458,0.5310481190681458,0.0,0.4854527899092272,True
2007-03-15,0.5149291157722473,0.5149291157722473,0.0,0.0,True
2007-03-16,0.41977521777153015,0.41977521777153015,0.0,0.0,True
2007-03-19,0.49775657057762146,0.49775657057762146,0.0,0.0,True
2007-03-20,0.41625067591667175,0.41625067591667175,0.0,0.0,True
2007-03-21,0.5485280752182007,0.5485280752182007,0.0,0.5082406842492891,True
2007-03-22,0.5079976916313171,0.5079976916313171,0.0,0.0,True
2007-03-23,0.4407943785190582,0.4407943785190582,0.0,0.0,True
2007-03-26,0.5137034058570862,0.5137034058570862,0.0,0.0,True
2007-03-27,0.571122944355011,0.571122944355011,0.0,0.6713326968876391,True
2007-03-28,0.5917115211486816,0.5917115211486816,0.0,0.6713326968876391,True
2007-03-29,0.5756391286849976,0.5756391286849976,0.0,0.6713326968876391,True
2007-03-30,0.5770473480224609,0.5770473480224609,0.0,0.6713326968876391,True
2007-04-02,0.5806740522384644,0.5806740522384644,0.0,0.6713326968876391,True
2007-04-03,0.5880148410797119,0.5880148410797119,0.0,0.6713326968876391,True
2007-04-04,0.4847145676612854,0.4847145676612854,0.0,0.0,True
2007-04-05,0.527083158493042,0.527083158493042,0.0,0.7193338480260295,True
2007-04-09,0.511242151260376,0.511242151260376,0.0,0.0,True
2007-04-10,0.477819561958313,0.477819561958313,0.0,0.0,True
2007-04-11,0.49946925044059753,0.49946925044059753,0.0,0.0,True
2007-04-12,0.5239643454551697,0.5239643454551697,0.0,0.7579241539295327,True
2007-04-13,0.573192834854126,0.573192834854126,0.0,0.7579241539295327,True
2007-04-16,0.5625024437904358,0.5625024437904358,0.0,0.7579241539295327,True
2007-04-17,0.6035668253898621,0.6035668253898621,0.0,0.7579241539295327,True
2007-04-18,0.5755521655082703,0.5755521655082703,0.0,0.7579241539295327,True
2007-04-19,0.5664348602294922,0.5664348602294922,0.0,0.7579241539295327,True
2007-04-20,0.40441393852233887,0.40441393852233887,0.0,0.0,True
2007-04-23,0.5417982935905457,0.5417982935905457,0.0,0.6912789499313985,True
2007-04-24,0.5572621822357178,0.5572621822357178,0.0,0.6912789499313985,True
2007-04-25,0.6275450587272644,0.6275450587272644,0.0,0.6912789499313985,True
2007-04-26,0.6190064549446106,0.6190064549446106,0.0,0.6912789499313985,True
2007-04-27,0.5915705561637878,0.5915705561637878,0.0,0.6912789499313985,True
2007-04-30,0.5622169971466064,0.5622169971466064,0.0,0.6912789499313985,True
2007-05-01,0.5657949447631836,0.5657949447631836,0.0,0.6912789499313985,True
2007-05-02,0.5500193238258362,0.5500193238258362,0.0,0.6912789499313985,True
2007-05-03,0.5422729849815369,0.5422729849815369,0.0,0.6912789499313985,True
2007-05-04,0.5646858215332031,0.5646858215332031,0.0,0.6912789499313985,True
2007-05-07,0.6206759214401245,0.6206759214401245,0.0,0.6912789499313985,True
2007-05-08,0.5611101984977722,0.5611101984977722,0.0,0.6912789499313985,True
2007-05-09,0.6119731664657593,0.6119731664657593,0.0,0.6912789499313985,True
2007-05-10,0.5742813944816589,0.5742813944816589,0.0,0.6912789499313985,True
2007-05-11,0.5872920155525208,0.5872920155525208,0.0,0.6912789499313985,True
2007-05-14,0.6394148468971252,0.6394148468971252,0.0,0.6912789499313985,True
2007-05-15,0.5111753344535828,0.5111753344535828,0.0,0.0,True
2007-05-16,0.5341346263885498,0.5341346263885498,0.0,0.717077607281567,True
2007-05-17,0.5439785122871399,0.5439785122871399,0.0,0.717077607281567,True
2007-05-18,0.5029060244560242,0.5029060244560242,0.0,0.0,True
2007-05-21,0.6390225291252136,0.6390225291252136,0.0,0.7476279784651254,True
2007-05-22,0.649295449256897,0.649295449256897,0.0,0.7476279784651254,True
2007-05-23,0.6776295304298401,0.6776295304298401,0.0,0.7476279784651254,True
2007-05-24,0.5764354467391968,0.5764354467391968,0.0,0.7476279784651254,True
2007-05-25,0.48537781834602356,0.48537781834602356,0.0,0.0,True
2007-05-29,0.5360140204429626,0.5360140204429626,0.0,0.7379166270606896,True
2007-05-30,0.6368679404258728,0.6368679404258728,0.0,0.7379166270606896,True
2007-05-31,0.6399214863777161,0.6399214863777161,0.0,0.7379166270606896,True
2007-06-01,0.5248475074768066,0.5248475074768066,0.0,0.582513059679547,True
2007-06-04,0.5832261443138123,0.5832261443138123,0.0,0.582513059679547,True
2007-06-05,0.6514206528663635,0.6514206528663635,0.0,0.582513059679547,True
2007-06-06,0.6649793982505798,0.6649793982505798,0.0,0.582513059679547,True
2007-06-07,0.6684362292289734,0.6684362292289734,0.0,0.582513059679547,True
2007-06-08,0.7135242819786072,0.7135242819786072,0.0,0.582513059679547,True
2007-06-11,0.6299766898155212,0.6299766898155212,0.0,0.582513059679547,True
2007-06-12,0.6192831993103027,0.6192831993103027,0.0,0.582513059679547,True
2007-06-13,0.642405092716217,0.642405092716217,0.0,0.582513059679547,True
2007-06-14,0.6244311332702637,0.6244311332702637,0.0,0.582513059679547,True
2007-06-15,0.5151374340057373,0.5151374340057373,0.0,0.0,True
2007-06-18,0.5214029550552368,0.5214029550552368,0.0,0.4725778902574506,True
2007-06-19,0.5841003060340881,0.5841003060340881,0.0,0.4725778902574506,True
2007-06-20,0.5751416683197021,0.5751416683197021,0.0,0.4725778902574506,True
2007-06-21,0.5106498599052429,0.5106498599052429,0.0,0.0,True
2007-06-22,0.5711157917976379,0.5711157917976379,0.0,0.4664045866945628,True
2007-06-25,0.5707645416259766,0.5707645416259766,0.0,0.4664045866945628,True
2007-06-26,0.5660964250564575,0.5660964250564575,0.0,0.4664045866945628,True
2007-06-27,0.5837855935096741,0.5837855935096741,0.0,0.4664045866945628,True
2007-06-28,0.5740348696708679,0.5740348696708679,0.0,0.4664045866945628,True
2007-06-29,0.6051314473152161,0.6051314473152161,0.0,0.4664045866945628,True
2007-07-02,0.5736261010169983,0.5736261010169983,0.0,0.4664045866945628,True
2007-07-03,0.5863326191902161,0.5863326191902161,0.0,0.4664045866945628,True
2007-07-05,0.5188637375831604,0.5188637375831604,0.0,0.0,True
2007-07-06,0.5355376601219177,0.5355376601219177,0.0,0.41915091463851617,True
2007-07-09,0.5101301670074463,0.5101301670074463,0.0,0.0,True
2007-07-10,0.5284773111343384,0.5284773111343384,0.0,0.4430225564119826,True
2007-07-11,0.5381770133972168,0.5381770133972168,0.0,0.4430225564119826,True
2007-07-12,0.555015504360199,0.555015504360199,0.0,0.4430225564119826,True
2007-07-13,0.4667065143585205,0.4667065143585205,0.0,0.0,True
2007-07-16,0.5547389984130859,0.5547389984130859,0.0,0.4557034914535908,True
2007-07-17,0.557178258895874,0.557178258895874,0.0,0.4557034914535908,True
2007-07-18,0.5562456846237183,0.5562456846237183,0.0,0.4557034914535908,True
2007-07-19,0.49278002977371216,0.49278002977371216,0.0,0.0,True
2007-07-20,0.6322826743125916,0.6322826743125916,0.0,0.5023949113255041,True
2007-07-23,0.6802763342857361,0.6802763342857361,0.0,0.5023949113255041,True
2007-07-24,0.5267046093940735,0.5267046093940735,0.0,0.3922496905942836,True
2007-07-25,0.5359572768211365,0.5359572768211365,0.0,0.3922496905942836,True
2007-07-26,0.6459447741508484,0.6459447741508484,0.0,0.3922496905942836,True
2007-07-27,0.5599833726882935,0.5599833726882935,0.0,0.3922496905942836,True
2007-07-30,0.5804729461669922,0.5804729461669922,0.0,0.3922496905942836,True
2007-07-31,0.39286133646965027,0.39286133646965027,0.0,0.0,True
2007-08-01,0.39003661274909973,0.39003661274909973,0.0,0.0,True
2007-08-02,0.5375781655311584,0.5375781655311584,0.0,0.32246050845857144,True
2007-08-03,0.5802016854286194,0.5802016854286194,0.0,0.32246050845857144,True
2007-08-06,0.4653560221195221,0.4653560221195221,0.0,0.0,True
2007-08-07,0.48664411902427673,0.48664411902427673,0.0,0.0,True
2007-08-08,0.5237869620323181,0.5237869620323181,0.0,0.30902508591490574,True
2007-08-09,0.5994437336921692,0.5994437336921692,0.0,0.30902508591490574,True
2007-08-10,0.5786446332931519,0.5786446332931519,0.0,0.30902508591490574,True
2007-08-13,0.5523564219474792,0.5523564219474792,0.0,0.30902508591490574,True
2007-08-14,0.4916844069957733,0.4916844069957733,0.0,0.0,True
2007-08-15,0.4950222969055176,0.4950222969055176,1.0,0.0,True
2007-08-16,0.4671703577041626,0.4671703577041626,1.0,0.0,True
2007-08-17,0.500758707523346,0.500758707523346,1.0,0.0,True
2007-08-20,0.526835024356842,0.526835024356842,1.0,0.27152965695963205,True
2007-08-21,0.5312817096710205,0.5312817096710205,0.0,0.27152965695963205,True
2007-08-22,0.43889448046684265,0.43889448046684265,1.0,0.0,True
2007-08-23,0.4227389991283417,0.4227389991283417,0.0,0.0,True
2007-08-24,0.40691161155700684,0.40691161155700684,0.0,0.0,True
2007-08-27,0.4921175241470337,0.4921175241470337,0.0,0.0,True
2007-08-28,0.4914999306201935,0.4914999306201935,0.0,0.0,True
2007-08-29,0.5998261570930481,0.5998261570930481,0.0,0.28926899330148925,True
2007-08-30,0.5498892068862915,0.5498892068862915,0.0,0.28926899330148925,True
2007-08-31,0.48487594723701477,0.48487594723701477,0.0,0.0,True
2007-09-04,0.5170180201530457,0.5170180201530457,0.0,0.0,True
2007-09-05,0.5245994329452515,0.5245994329452515,1.0,0.2707220441644065,True
2007-09-06,0.5283302068710327,0.5283302068710327,1.0,0.2707220441644065,True
2007-09-07,0.4981156289577484,0.4981156289577484,1.0,0.0,True
2007-09-10,0.547924816608429,0.547924816608429,1.0,0.2815139714015072,True
2007-09-11,0.5663557648658752,0.5663557648658752,1.0,0.2815139714015072,True
2007-09-12,0.49540549516677856,0.49540549516677856,1.0,0.0,True
2007-09-13,0.5317042469978333,0.5317042469978333,1.0,0.30216101222979214,True
2007-09-14,0.5505838394165039,0.5505838394165039,1.0,0.30216101222979214,True
2007-09-17,0.49086856842041016,0.49086856842041016,1.0,0.0,True
2007-09-18,0.5122911930084229,0.5122911930084229,1.0,0.0,True
2007-09-19,0.4608977437019348,0.4608977437019348,0.0,0.0,True
2007-09-20,0.4965779483318329,0.4965779483318329,0.0,0.0,True
2007-09-21,0.5019546747207642,0.5019546747207642,0.0,0.0,True
2007-09-24,0.5395432710647583,0.5395432710647583,0.0,0.3454258481379427,True
2007-09-25,0.5218146443367004,0.5218146443367004,0.0,0.3454258481379427,True
2007-09-26,0.527865469455719,0.527865469455719,0.0,0.3454258481379427,True
2007-09-27,0.5271745324134827,0.5271745324134827,0.0,0.3454258481379427,True
2007-09-28,0.5526702404022217,0.5526702404022217,0.0,0.3454258481379427,True
2007-10-01,0.5123770236968994,0.5123770236968994,0.0,0.0,True
2007-10-02,0.5312209129333496,0.5312209129333496,0.0,0.4510616478302708,True
2007-10-03,0.5322341918945312,0.5322341918945312,0.0,0.5753688681121001,True
2007-10-04,0.5884457230567932,0.5884457230567932,0.0,0.5753688681121001,True
2007-10-05,0.5475045442581177,0.5475045442581177,0.0,0.5753688681121001,True
2007-10-08,0.5195493698120117,0.5195493698120117,0.0,0.0,True
2007-10-09,0.6315268278121948,0.6315268278121948,0.0,0.6182531189906649,True
2007-10-10,0.5295568108558655,0.5295568108558655,0.0,0.6182531189906649,True
2007-10-11,0.5442008376121521,0.5442008376121521,0.0,0.6182531189906649,True
2007-10-12,0.4718053340911865,0.4718053340911865,0.0,0.0,True
2007-10-15,0.5508714914321899,0.5508714914321899,0.0,0.5123819490080448,True
2007-10-16,0.5484991073608398,0.5484991073608398,0.0,0.5123819490080448,True
2007-10-17,0.5428389310836792,0.5428389310836792,0.0,0.5123819490080448,True
2007-10-18,0.5268057584762573,0.5268057584762573,0.0,0.5123819490080448,True
2007-10-19,0.5953101515769958,0.5953101515769958,0.0,0.5123819490080448,True
2007-10-22,0.5773431062698364,0.5773431062698364,0.0,0.5123819490080448,True
2007-10-23,0.6121352910995483,0.6121352910995483,0.0,0.5123819490080448,True
2007-10-24,0.6630721092224121,0.6630721092224121,0.0,0.5123819490080448,True
2007-10-25,0.6113108396530151,0.6113108396530151,0.0,0.4122393594284268,True
2007-10-26,0.5538789629936218,0.5538789629936218,0.0,0.4122393594284268,True
2007-10-29,0.5879592299461365,0.5879592299461365,0.0,0.4122393594284268,True
2007-10-30,0.6513220071792603,0.6513220071792603,0.0,0.4122393594284268,True
2007-10-31,0.6189228296279907,0.6189228296279907,0.0,0.4122393594284268,True
2007-11-01,0.5780863761901855,0.5780863761901855,0.0,0.4122393594284268,True
2007-11-02,0.568723201751709,0.568723201751709,0.0,0.4122393594284268,True
2007-11-05,0.6609722375869751,0.6609722375869751,0.0,0.4122393594284268,True
2007-11-06,0.5599029660224915,0.5599029660224915,0.0,0.4122393594284268,True
2007-11-07,0.6398155689239502,0.6398155689239502,0.0,0.4122393594284268,True
2007-11-08,0.5551966428756714,0.5551966428756714,0.0,0.4122393594284268,True
2007-11-09,0.6463574171066284,0.6463574171066284,0.0,0.4122393594284268,True
2007-11-12,0.6308226585388184,0.6308226585388184,0.0,0.2901647590326654,True
2007-11-13,0.5534394383430481,0.5534394383430481,1.0,0.2901647590326654,True
2007-11-14,0.49386993050575256,0.49386993050575256,1.0,0.0,True
2007-11-15,0.5247319340705872,0.5247319340705872,1.0,0.23223351508595216,True
2007-11-16,0.45743894577026367,0.45743894577026367,1.0,0.0,True
2007-11-19,0.47163066267967224,0.47163066267967224,1.0,0.0,True
2007-11-20,0.5198692679405212,0.5198692679405212,1.0,0.0,True
2007-11-21,0.5095157623291016,0.5095157623291016,1.0,0.0,True
2007-11-23,0.4443645477294922,0.4443645477294922,1.0,0.0,True
2007-11-26,0.44866716861724854,0.44866716861724854,1.0,0.0,True
2007-11-27,0.40091031789779663,0.40091031789779663,1.0,0.0,True
2007-11-28,0.42657631635665894,0.42657631635665894,1.0,0.0,True
2007-11-29,0.4977748990058899,0.4977748990058899,1.0,0.0,True
2007-11-30,0.5069361329078674,0.5069361329078674,1.0,0.0,True
2007-12-03,0.4554086923599243,0.4554086923599243,1.0,0.0,True
2007-12-04,0.5014134049415588,0.5014134049415588,1.0,0.0,True
2007-12-05,0.4723522663116455,0.4723522663116455,1.0,0.0,True
2007-12-06,0.5257844924926758,0.5257844924926758,1.0,0.2433221544898329,True
2007-12-07,0.6036826968193054,0.6036826968193054,1.0,0.2433221544898329,True
2007-12-10,0.609674870967865,0.609674870967865,1.0,0.2433221544898329,True
2007-12-11,0.549635112285614,0.549635112285614,1.0,0.2433221544898329,True
2007-12-12,0.5750325322151184,0.5750325322151184,0.0,0.4994879137386288,True
2007-12-13,0.5703587532043457,0.5703587532043457,0.0,0.4994879137386288,True
2007-12-14,0.5742347240447998,0.5742347240447998,0.0,0.4994879137386288,True
2007-12-17,0.5449743866920471,0.5449743866920471,0.0,0.4994879137386288,True
2007-12-18,0.5858674645423889,0.5858674645423889,0.0,0.4994879137386288,True
2007-12-19,0.5058579444885254,0.5058579444885254,0.0,0.0,True
2007-12-20,0.5920903086662292,0.5920903086662292,0.0,0.5052998150284501,True
2007-12-21,0.5146217346191406,0.5146217346191406,0.0,0.0,True
2007-12-24,0.5644252896308899,0.5644252896308899,0.0,0.46871058764787693,True
2007-12-26,0.5449888110160828,0.5449888110160828,0.0,0.46871058764787693,True
2007-12-27,0.6050638556480408,0.6050638556480408,0.0,0.46871058764787693,True
2007-12-28,0.5984882712364197,0.5984882712364197,0.0,0.46871058764787693,True
2007-12-31,0.5252859592437744,0.5252859592437744,0.0,0.46871058764787693,True
2008-01-02,0.5334701538085938,0.5334701538085938,0.0,0.46871058764787693,True
2008-01-03,0.5520011782646179,0.5520011782646179,0.0,0.46871058764787693,True
2008-01-04,0.5086501240730286,0.5086501240730286,0.0,0.0,True
2008-01-07,0.514001727104187,0.514001727104187,0.0,0.0,True
2008-01-08,0.5959520936012268,0.5959520936012268,0.0,0.38372964668700016,True
2008-01-09,0.5073363780975342,0.5073363780975342,0.0,0.0,True
2008-01-10,0.5115752220153809,0.5115752220153809,0.0,0.0,True
2008-01-11,0.6010950803756714,0.6010950803756714,0.0,0.34775421253039074,True
2008-01-14,0.5027634501457214,0.5027634501457214,0.0,0.0,True
2008-01-15,0.48992955684661865,0.48992955684661865,0.0,0.0,True
2008-01-16,0.5435410141944885,0.5435410141944885,0.0,0.29273372773069944,True
2008-01-17,0.5146222114562988,0.5146222114562988,0.0,0.0,True
2008-01-18,0.47106897830963135,0.47106897830963135,0.0,0.0,True
2008-01-22,0.5125289559364319,0.5125289559364319,0.0,0.0,True
2008-01-23,0.512340784072876,0.512340784072876,1.0,0.0,True
2008-01-24,0.5447219014167786,0.5447219014167786,1.0,0.2615711382936518,True
2008-01-25,0.6045480370521545,0.6045480370521545,1.0,0.2615711382936518,True
2008-01-28,0.5897589325904846,0.5897589325904846,1.0,0.2615711382936518,True
2008-01-29,0.5633581280708313,0.5633581280708313,1.0,0.2615711382936518,True
2008-01-30,0.5706014633178711,0.5706014633178711,1.0,0.2615711382936518,True
2008-01-31,0.47626394033432007,0.47626394033432007,1.0,0.0,True
2008-02-01,0.4747871160507202,0.4747871160507202,1.0,0.0,True
2008-02-04,0.49236050248146057,0.49236050248146057,1.0,0.0,True
2008-02-05,0.4813096225261688,0.4813096225261688,1.0,0.0,True
2008-02-06,0.6134263873100281,0.6134263873100281,1.0,0.26077138743606,True
2008-02-07,0.6330631375312805,0.6330631375312805,1.0,0.26077138743606,True
2008-02-08,0.46819889545440674,0.46819889545440674,1.0,0.0,True
2008-02-11,0.43702808022499084,0.43702808022499084,1.0,0.0,True
2008-02-12,0.5421707630157471,0.5421707630157471,1.0,0.2696810726917036,True
2008-02-13,0.45618098974227905,0.45618098974227905,1.0,0.0,True
2008-02-14,0.39994683861732483,0.39994683861732483,1.0,0.0,True
2008-02-15,0.45617273449897766,0.45617273449897766,1.0,0.0,True
2008-02-19,0.4595961570739746,0.4595961570739746,1.0,0.0,True
2008-02-20,0.32892873883247375,0.32892873883247375,1.0,0.0,True
2008-02-21,0.3542764186859131,0.3542764186859131,0.0,0.0,True
2008-02-22,0.4244518280029297,0.4244518280029297,0.0,0.0,True
2008-02-25,0.4224933981895447,0.4224933981895447,1.0,0.0,True
2008-02-26,0.4856058657169342,0.4856058657169342,1.0,0.0,True
2008-02-27,0.3650319278240204,0.3650319278240204,0.0,0.0,True
2008-02-28,0.3649255037307739,0.3649255037307739,1.0,0.0,True
2008-02-29,0.42228105664253235,0.42228105664253235,0.0,0.0,True
2008-03-03,0.4383043944835663,0.4383043944835663,0.0,0.0,True
2008-03-04,0.40860387682914734,0.40860387682914734,1.0,0.0,True
2008-03-05,0.4127781391143799,0.4127781391143799,1.0,0.0,True
2008-03-06,0.40208423137664795,0.40208423137664795,1.0,0.0,True
2008-03-07,0.39917781949043274,0.39917781949043274,1.0,0.0,True
2008-03-10,0.4289399981498718,0.4289399981498718,0.0,0.0,True
2008-03-11,0.48892074823379517,0.48892074823379517,0.0,0.0,True
2008-03-12,0.39995986223220825,0.39995986223220825,0.0,0.0,True
2008-03-13,0.4461284279823303,0.4461284279823303,0.0,0.0,True
2008-03-14,0.3877284824848175,0.3877284824848175,0.0,0.0,True
2008-03-17,0.32364848256111145,0.32364848256111145,0.0,0.0,True
2008-03-18,0.520709216594696,0.520709216594696,0.0,0.3303713680307844,True
2008-03-19,0.4051614999771118,0.4051614999771118,0.0,0.0,True
2008-03-20,0.46997618675231934,0.46997618675231934,1.0,0.0,True
2008-03-24,0.5028229355812073,0.5028229355812073,1.0,0.0,True
2008-03-25,0.5880587697029114,0.5880587697029114,1.0,0.3131252125336967,True
2008-03-26,0.5149698257446289,0.5149698257446289,1.0,0.0,True
2008-03-27,0.5666356086730957,0.5666356086730957,1.0,0.3013327964755469,True
2008-03-28,0.5334201455116272,0.5334201455116272,0.0,0.3013327964755469,True
2008-03-31,0.5344099998474121,0.5344099998474121,0.0,0.3013327964755469,True
2008-04-01,0.4276748597621918,0.4276748597621918,1.0,0.0,True
2008-04-02,0.5345789194107056,0.5345789194107056,0.0,0.3407877734200214,True
2008-04-03,0.44068729877471924,0.44068729877471924,0.0,0.0,True
2008-04-04,0.520382285118103,0.520382285118103,1.0,0.3578194680515326,True
2008-04-07,0.4872104227542877,0.4872104227542877,1.0,0.0,True
2008-04-08,0.5286641716957092,0.5286641716957092,1.0,0.3585865486170272,True
2008-04-09,0.5549349784851074,0.5549349784851074,0.0,0.3585865486170272,True
2008-04-10,0.4998301863670349,0.4998301863670349,0.0,0.0,True
2008-04-11,0.6220922470092773,0.6220922470092773,0.0,0.35227801880762344,True
2008-04-14,0.5865112543106079,0.5865112543106079,0.0,0.35227801880762344,True
2008-04-15,0.5672979950904846,0.5672979950904846,0.0,0.35227801880762344,True
2008-04-16,0.48907965421676636,0.48907965421676636,0.0,0.0,True
2008-04-17,0.5523257851600647,0.5523257851600647,0.0,0.3845949168153692,True
2008-04-18,0.5248831510543823,0.5248831510543823,0.0,0.3845949168153692,True
2008-04-21,0.4639505445957184,0.4639505445957184,0.0,0.0,True
2008-04-22,0.5577366352081299,0.5577366352081299,0.0,0.3351282063237169,True
2008-04-23,0.5723052620887756,0.5723052620887756,0.0,0.3351282063237169,True
2008-04-24,0.5421989560127258,0.5421989560127258,0.0,0.3351282063237169,True
2008-04-25,0.5865253806114197,0.5865253806114197,0.0,0.3351282063237169,True
2008-04-28,0.49970561265945435,0.49970561265945435,0.0,0.0,True
2008-04-29,0.5213620066642761,0.5213620066642761,0.0,0.36492925588619285,True
2008-04-30,0.5688430070877075,0.5688430070877075,0.0,0.36492925588619285,True
2008-05-01,0.5137735605239868,0.5137735605239868,0.0,0.0,True
2008-05-02,0.6301753520965576,0.6301753520965576,0.0,0.364199712193408,True
2008-05-05,0.5245644450187683,0.5245644450187683,0.0,0.364199712193408,True
2008-05-06,0.6133638620376587,0.6133638620376587,0.0,0.364199712193408,True
2008-05-07,0.5900519490242004,0.5900519490242004,0.0,0.364199712193408,True
2008-05-08,0.5569299459457397,0.5569299459457397,0.0,0.364199712193408,True
2008-05-09,0.5910872220993042,0.5910872220993042,0.0,0.364199712193408,True
2008-05-12,0.4721336364746094,0.4721336364746094,0.0,0.0,True
2008-05-13,0.5319482684135437,0.5319482684135437,0.0,0.42096754142424897,True
2008-05-14,0.47037142515182495,0.47037142515182495,0.0,0.0,True
2008-05-15,0.44015178084373474,0.44015178084373474,0.0,0.0,True
2008-05-16,0.5087900757789612,0.5087900757789612,0.0,0.0,True
2008-05-19,0.6074022054672241,0.6074022054672241,0.0,0.4441210674811651,True
2008-05-20,0.5423340797424316,0.5423340797424316,0.0,0.4441210674811651,True
2008-05-21,0.562279224395752,0.562279224395752,0.0,0.4441210674811651,True
2008-05-22,0.6920624375343323,0.6920624375343323,0.0,0.4441210674811651,True
2008-05-23,0.5586550831794739,0.5586550831794739,0.0,0.4441210674811651,True
2008-05-27,0.488980770111084,0.488980770111084,0.0,0.0,True
2008-05-28,0.545443058013916,0.545443058013916,0.0,0.46983488970799986,True
2008-05-29,0.5887088775634766,0.5887088775634766,0.0,0.46983488970799986,True
2008-05-30,0.5779897570610046,0.5779897570610046,0.0,0.46983488970799986,True
2008-06-02,0.5729237794876099,0.5729237794876099,0.0,0.46983488970799986,True
2008-06-03,0.5946361422538757,0.5946361422538757,0.0,0.46983488970799986,True
2008-06-04,0.6011834740638733,0.6011834740638733,0.0,0.46983488970799986,True
2008-06-05,0.6045731902122498,0.6045731902122498,0.0,0.46983488970799986,True
2008-06-06,0.6044793725013733,0.6044793725013733,0.0,0.46983488970799986,True
2008-06-09,0.6063120365142822,0.6063120365142822,0.0,0.46983488970799986,True
2008-06-10,0.5637849569320679,0.5637849569320679,0.0,0.46983488970799986,True
2008-06-11,0.452167809009552,0.452167809009552,0.0,0.0,True
2008-06-12,0.5467016100883484,0.5467016100883484,0.0,0.44263631689706684,True
2008-06-13,0.5602469444274902,0.5602469444274902,0.0,0.44263631689706684,True
2008-06-16,0.4641647934913635,0.4641647934913635,0.0,0.0,True
2008-06-17,0.4227983355522156,0.4227983355522156,0.0,0.0,True
2008-06-18,0.47755005955696106,0.47755005955696106,0.0,0.0,True
2008-06-19,0.5132386088371277,0.5132386088371277,0.0,0.0,True
2008-06-20,0.536966860294342,0.536966860294342,0.0,0.44048141964866533,True
2008-06-23,0.5210368037223816,0.5210368037223816,0.0,0.44048141964866533,True
2008-06-24,0.5608125925064087,0.5608125925064087,0.0,0.44048141964866533,True
2008-06-25,0.4747765362262726,0.4747765362262726,0.0,0.0,True
2008-06-26,0.5189441442489624,0.5189441442489624,0.0,0.0,True
2008-06-27,0.5001654028892517,0.5001654028892517,0.0,0.0,True
2008-06-30,0.4754772186279297,0.4754772186279297,0.0,0.0,True
2008-07-01,0.4782702624797821,0.4782702624797821,0.0,0.0,True
2008-07-02,0.48180684447288513,0.48180684447288513,0.0,0.0,True
2008-07-03,0.5010777711868286,0.5010777711868286,0.0,0.0,True
2008-07-07,0.46566352248191833,0.46566352248191833,0.0,0.0,True
2008-07-08,0.518811821937561,0.518811821937561,0.0,0.0,True
2008-07-09,0.5038365125656128,0.5038365125656128,0.0,0.0,True
2008-07-10,0.5523828268051147,0.5523828268051147,0.0,0.3467193002447028,True
2008-07-11,0.5012908577919006,0.5012908577919006,0.0,0.0,True
2008-07-14,0.4910484254360199,0.4910484254360199,0.0,0.0,True
2008-07-15,0.51279616355896,0.51279616355896,0.0,0.0,True
2008-07-16,0.49234652519226074,0.49234652519226074,0.0,0.0,True
2008-07-17,0.4713223874568939,0.4713223874568939,0.0,0.0,True
2008-07-18,0.5326639413833618,0.5326639413833618,0.0,0.3564191496765617,True
2008-07-21,0.5406848788261414,0.5406848788261414,0.0,0.3564191496765617,True
2008-07-22,0.5132959485054016,0.5132959485054016,0.0,0.0,True
2008-07-23,0.5004504323005676,0.5004504323005676,0.0,0.0,True
2008-07-24,0.5512206554412842,0.5512206554412842,0.0,0.33866326021004367,True
2008-07-25,0.48285815119743347,0.48285815119743347,0.0,0.0,True
2008-07-28,0.5478386878967285,0.5478386878967285,0.0,0.3387089131903044,True
2008-07-29,0.4958980679512024,0.4958980679512024,0.0,0.0,True
2008-07-30,0.4676666557788849,0.4676666557788849,0.0,0.0,True
2008-07-31,0.4692215621471405,0.4692215621471405,0.0,0.0,True
2008-08-01,0.4990469515323639,0.4990469515323639,0.0,0.0,True
2008-08-04,0.4492396116256714,0.4492396116256714,0.0,0.0,True
2008-08-05,0.4580092430114746,0.4580092430114746,0.0,0.0,True
2008-08-06,0.5157955288887024,0.5157955288887024,0.0,0.0,True
2008-08-07,0.45709967613220215,0.45709967613220215,0.0,0.0,True
2008-08-08,0.5106708407402039,0.5106708407402039,0.0,0.0,True
2008-08-11,0.5107830166816711,0.5107830166816711,0.0,0.0,True
2008-08-12,0.5241022706031799,0.5241022706031799,0.0,0.3467613756143493,True
2008-08-13,0.5189993381500244,0.5189993381500244,0.0,0.0,True
2008-08-14,0.5181778073310852,0.5181778073310852,0.0,0.0,True
2008-08-15,0.5034846067428589,0.5034846067428589,0.0,0.0,True
2008-08-18,0.5126005411148071,0.5126005411148071,0.0,0.0,True
2008-08-19,0.5670161843299866,0.5670161843299866,0.0,0.3747709307093772,True
2008-08-20,0.5405937433242798,0.5405937433242798,0.0,0.3747709307093772,True
2008-08-21,0.5773884654045105,0.5773884654045105,0.0,0.3747709307093772,True
2008-08-22,0.5257079005241394,0.5257079005241394,0.0,0.3747709307093772,True
2008-08-25,0.5852583050727844,0.5852583050727844,0.0,0.4752876498165912,True
2008-08-26,0.6159844994544983,0.6159844994544983,0.0,0.4752876498165912,True
2008-08-27,0.566804051399231,0.566804051399231,0.0,0.4752876498165912,True
2008-08-28,0.4864225685596466,0.4864225685596466,0.0,0.0,True
2008-08-29,0.4819447100162506,0.4819447100162506,0.0,0.0,True
2008-09-02,0.5229769945144653,0.5229769945144653,0.0,0.4740249749569107,True
2008-09-03,0.5891616344451904,0.5891616344451904,0.0,0.4740249749569107,True
2008-09-04,0.6102880835533142,0.6102880835533142,0.0,0.4740249749569107,True
2008-09-05,0.5801948308944702,0.5801948308944702,0.0,0.4740249749569107,True
2008-09-08,0.6094672083854675,0.6094672083854675,0.0,0.5857778787186684,True
2008-09-09,0.5403425097465515,0.5403425097465515,0.0,0.5857778787186684,True
2008-09-10,0.5738981366157532,0.5738981366157532,0.0,0.5857778787186684,True
2008-09-11,0.5694416165351868,0.5694416165351868,0.0,0.5857778787186684,True
2008-09-12,0.5313657522201538,0.5313657522201538,0.0,0.5857778787186684,True
2008-09-15,0.6069932579994202,0.6069932579994202,0.0,0.5857778787186684,True
2008-09-16,0.562971830368042,0.562971830368042,0.0,0.5857778787186684,True
2008-09-17,0.5752794146537781,0.5752794146537781,0.0,0.3744733399325896,True
2008-09-18,0.4136489927768707,0.4136489927768707,0.0,0.0,True
2008-09-19,0.47309401631355286,0.47309401631355286,0.0,0.0,True
2008-09-22,0.5224741697311401,0.5224741697311401,1.0,0.2787064932493532,True
2008-09-23,0.505220353603363,0.505220353603363,1.0,0.0,True
2008-09-24,0.4579954445362091,0.4579954445362091,1.0,0.0,True
2008-09-25,0.3961435854434967,0.3961435854434967,1.0,0.0,True
2008-09-26,0.5127390027046204,0.5127390027046204,1.0,0.0,True
2008-09-29,0.43251028656959534,0.43251028656959534,1.0,0.0,True
2008-09-30,0.5213425159454346,0.5213425159454346,1.0,0.16889595914670344,True
2008-10-01,0.5435637831687927,0.5435637831687927,1.0,0.16889595914670344,True
2008-10-02,0.531195342540741,0.531195342540741,1.0,0.16889595914670344,True
2008-10-03,0.5395554900169373,0.5395554900169373,1.0,0.16889595914670344,True
2008-10-06,0.5846285223960876,0.5846285223960876,1.0,0.16889595914670344,True
2008-10-07,0.5936432480812073,0.5936432480812073,2.0,0.16889595914670344,True
2008-10-08,0.5410313606262207,0.5410313606262207,2.0,0.16889595914670344,True
2008-10-09,0.5942243337631226,0.5942243337631226,2.0,0.16889595914670344,True
2008-10-10,0.5657792091369629,0.5657792091369629,2.0,0.16889595914670344,True
2008-10-13,0.4216618239879608,0.4216618239879608,2.0,0.0,True
2008-10-14,0.4309747815132141,0.4309747815132141,2.0,0.0,True
2008-10-15,0.45075151324272156,0.45075151324272156,2.0,0.0,True
2008-10-16,0.39619746804237366,0.39619746804237366,2.0,0.0,True
2008-10-17,0.3633052408695221,0.3633052408695221,2.0,0.0,True
2008-10-20,0.4273155629634857,0.4273155629634857,2.0,0.0,True
2008-10-21,0.48950761556625366,0.48950761556625366,2.0,0.0,True
2008-10-22,0.34319359064102173,0.34319359064102173,2.0,0.0,True
2008-10-23,0.33234310150146484,0.33234310150146484,2.0,0.0,True
2008-10-24,0.39021825790405273,0.39021825790405273,2.0,0.0,True
2008-10-27,0.5818243622779846,0.5818243622779846,2.0,0.15269076467392861,True
2008-10-28,0.4371781349182129,0.4371781349182129,2.0,0.0,True
2008-10-29,0.3037756681442261,0.3037756681442261,2.0,0.0,True
2008-10-30,0.3794163167476654,0.3794163167476654,2.0,0.0,True
2008-10-31,0.3428838551044464,0.3428838551044464,2.0,0.0,True
2008-11-03,0.2956523597240448,0.2956523597240448,2.0,0.0,True
2008-11-04,0.2713516056537628,0.2713516056537628,2.0,0.0,True
2008-11-05,0.38604024052619934,0.38604024052619934,2.0,0.0,True
2008-11-06,0.5398842692375183,0.5398842692375183,2.0,0.15579919239956605,True
2008-11-07,0.531303882598877,0.531303882598877,2.0,0.15579919239956605,True
2008-11-10,0.6178046464920044,0.6178046464920044,1.0,0.15579919239956605,True
2008-11-11,0.6048164963722229,0.6048164963722229,1.0,0.15579919239956605,True
2008-11-12,0.5477832555770874,0.5477832555770874,1.0,0.15579919239956605,True
2008-11-13,0.630814790725708,0.630814790725708,1.0,0.15579919239956605,True
2008-11-14,0.6083531379699707,0.6083531379699707,1.0,0.15579919239956605,True
2008-11-17,0.48384028673171997,0.48384028673171997,1.0,0.0,True
2008-11-18,0.5364885330200195,0.5364885330200195,1.0,0.20273464984219097,True
2008-11-19,0.5278192162513733,0.5278192162513733,1.0,0.20273464984219097,True
2008-11-20,0.5638048052787781,0.5638048052787781,1.0,0.20273464984219097,True
2008-11-21,0.5166925191879272,0.5166925191879272,1.0,0.0,True
2008-11-24,0.5768334269523621,0.5768334269523621,1.0,0.171325513316281,True
2008-11-25,0.4861011207103729,0.4861011207103729,1.0,0.0,True
2008-11-26,0.41195541620254517,0.41195541620254517,1.0,0.0,True
2008-11-28,0.4009745121002197,0.4009745121002197,1.0,0.0,True
2008-12-01,0.4917221665382385,0.4917221665382385,1.0,0.0,True
2008-12-02,0.46160888671875,0.46160888671875,1.0,0.0,True
2008-12-03,0.47174280881881714,0.47174280881881714,1.0,0.0,True
2008-12-04,0.5440149903297424,0.5440149903297424,1.0,0.18999895861824803,True
2008-12-05,0.4363721013069153,0.4363721013069153,1.0,0.0,True
2008-12-08,0.5850090384483337,0.5850090384483337,1.0,0.18386315549329607,True
2008-12-09,0.6118120551109314,0.6118120551109314,1.0,0.18386315549329607,True
2008-12-10,0.6177743077278137,0.6177743077278137,1.0,0.18386315549329607,True
2008-12-11,0.5734894275665283,0.5734894275665283,1.0,0.18386315549329607,True
2008-12-12,0.5872188210487366,0.5872188210487366,1.0,0.18386315549329607,True
2008-12-15,0.5384383797645569,0.5384383797645569,1.0,0.18386315549329607,True
2008-12-16,0.5777044892311096,0.5777044892311096,1.0,0.18386315549329607,True
2008-12-17,0.6109040379524231,0.6109040379524231,1.0,0.18386315549329607,True
2008-12-18,0.5608540773391724,0.5608540773391724,1.0,0.18386315549329607,True
2008-12-19,0.5241000652313232,0.5241000652313232,1.0,0.18386315549329607,True
2008-12-22,0.4766712188720703,0.4766712188720703,1.0,0.0,True
2008-12-23,0.5080510973930359,0.5080510973930359,1.0,0.0,True
2008-12-24,0.336884081363678,0.336884081363678,1.0,0.0,True
2008-12-26,0.4003739655017853,0.4003739655017853,1.0,0.0,True
2008-12-29,0.47362205386161804,0.47362205386161804,1.0,0.0,True
2008-12-30,0.5004514455795288,0.5004514455795288,1.0,0.0,True
2008-12-31,0.4979128837585449,0.4979128837585449,0.0,0.0,True
2009-01-02,0.508846640586853,0.508846640586853,0.0,0.0,True
2009-01-05,0.501710832118988,0.501710832118988,1.0,0.0,True
2009-01-06,0.48386722803115845,0.48386722803115845,0.0,0.0,True
2009-01-07,0.4496774971485138,0.4496774971485138,0.0,0.0,True
2009-01-08,0.5248225331306458,0.5248225331306458,0.0,0.30892910946293906,True
2009-01-09,0.41334226727485657,0.41334226727485657,0.0,0.0,True
2009-01-12,0.43454545736312866,0.43454545736312866,0.0,0.0,True
2009-01-13,0.5031049251556396,0.5031049251556396,0.0,0.0,True
2009-01-14,0.48899874091148376,0.48899874091148376,0.0,0.0,True
2009-01-15,0.5483453273773193,0.5483453273773193,0.0,0.3296035155118097,True
2009-01-16,0.4984655976295471,0.4984655976295471,0.0,0.0,True
2009-01-20,0.4971219003200531,0.4971219003200531,0.0,0.0,True
2009-01-21,0.5620009303092957,0.5620009303092957,0.0,0.307348551856097,True
2009-01-22,0.5431497693061829,0.5431497693061829,1.0,0.307348551856097,True
2009-01-23,0.49589210748672485,0.49589210748672485,0.0,0.0,True
2009-01-26,0.5651840567588806,0.5651840567588806,1.0,0.29003865897034226,True
2009-01-27,0.5230255722999573,0.5230255722999573,1.0,0.29003865897034226,True
2009-01-28,0.4952488839626312,0.4952488839626312,1.0,0.0,True
2009-01-29,0.490804523229599,0.490804523229599,1.0,0.0,True
2009-01-30,0.4812435805797577,0.4812435805797577,1.0,0.0,True
2009-02-02,0.546363353729248,0.546363353729248,0.0,0.298790035562759,True
2009-02-03,0.5219929218292236,0.5219929218292236,0.0,0.298790035562759,True
2009-02-04,0.5311110615730286,0.5311110615730286,0.0,0.298790035562759,True
2009-02-05,0.5058640241622925,0.5058640241622925,0.0,0.0,True
2009-02-06,0.46197929978370667,0.46197929978370667,0.0,0.0,True
2009-02-09,0.43039780855178833,0.43039780855178833,0.0,0.0,True
2009-02-10,0.5825331807136536,0.5825331807136536,1.0,0.2922352619528361,True
2009-02-11,0.5939772725105286,0.5939772725105286,1.0,0.2922352619528361,True
2009-02-12,0.5317511558532715,0.5317511558532715,1.0,0.2922352619528361,True
2009-02-13,0.5690357089042664,0.5690357089042664,1.0,0.2922352619528361,True
2009-02-17,0.5788133144378662,0.5788133144378662,1.0,0.2922352619528361,True
2009-02-18,0.560829222202301,0.560829222202301,1.0,0.2922352619528361,True
2009-02-19,0.5460599660873413,0.5460599660873413,1.0,0.2922352619528361,True
2009-02-20,0.5089467167854309,0.5089467167854309,0.0,0.0,True
2009-02-23,0.6130965948104858,0.6130965948104858,0.0,0.3347190962328934,True
2009-02-24,0.5122319459915161,0.5122319459915161,0.0,0.0,True
2009-02-25,0.5323689579963684,0.5323689579963684,0.0,0.32239695795086504,True
2009-02-26,0.5233428478240967,0.5233428478240967,0.0,0.32239695795086504,True
2009-02-27,0.524966299533844,0.524966299533844,0.0,0.32239695795086504,True
2009-03-02,0.5377023816108704,0.5377023816108704,0.0,0.32239695795086504,True
2009-03-03,0.526683509349823,0.526683509349823,0.0,0.32239695795086504,True
2009-03-04,0.48631009459495544,0.48631009459495544,0.0,0.0,True
2009-03-05,0.47887420654296875,0.47887420654296875,0.0,0.0,True
2009-03-06,0.5595331788063049,0.5595331788063049,0.0,0.33009030434536696,True
2009-03-09,0.5010583996772766,0.5010583996772766,0.0,0.0,True
2009-03-10,0.5118514895439148,0.5118514895439148,0.0,0.0,True
2009-03-11,0.45302096009254456,0.45302096009254456,0.0,0.0,True
2009-03-12,0.49925854802131653,0.49925854802131653,1.0,0.0,True
2009-03-13,0.5230692625045776,0.5230692625045776,1.0,0.28988346582314145,True
2009-03-16,0.518229067325592,0.518229067325592,0.0,0.0,True
2009-03-17,0.509493887424469,0.509493887424469,0.0,0.0,True
2009-03-18,0.5638850927352905,0.5638850927352905,1.0,0.2909621345108128,True
2009-03-19,0.49358898401260376,0.49358898401260376,0.0,0.0,True
2009-03-20,0.5094194412231445,0.5094194412231445,0.0,0.0,True
2009-03-23,0.4410863220691681,0.4410863220691681,1.0,0.0,True
2009-03-24,0.560443639755249,0.560443639755249,1.0,0.3128624941971493,True
2009-03-25,0.5315505862236023,0.5315505862236023,1.0,0.3128624941971493,True
2009-03-26,0.4105975329875946,0.4105975329875946,1.0,0.0,True
2009-03-27,0.5711377263069153,0.5711377263069153,1.0,0.3047785672764662,True
2009-03-30,0.5356069207191467,0.5356069207191467,1.0,0.3047785672764662,True
2009-03-31,0.5452873110771179,0.5452873110771179,1.0,0.3047785672764662,True
2009-04-01,0.5284680724143982,0.5284680724143982,1.0,0.3047785672764662,True
2009-04-02,0.5141127109527588,0.5141127109527588,1.0,0.0,True
2009-04-03,0.40043044090270996,0.40043044090270996,1.0,0.0,True
2009-04-06,0.30632808804512024,0.30632808804512024,1.0,0.0,True
2009-04-07,0.5293520092964172,0.5293520092964172,1.0,0.36041963416290884,True
2009-04-08,0.5547225475311279,0.5547225475311279,1.0,0.36041963416290884,True
2009-04-09,0.48744428157806396,0.48744428157806396,0.0,0.0,True
2009-04-13,0.5492913126945496,0.5492913126945496,0.0,0.38866389578174054,True
2009-04-14,0.5444748401641846,0.5444748401641846,0.0,0.38866389578174054,True
2009-04-15,0.5767843723297119,0.5767843723297119,0.0,0.38866389578174054,True
2009-04-16,0.6007599234580994,0.6007599234580994,0.0,0.38866389578174054,True
2009-04-17,0.5702192187309265,0.5702192187309265,0.0,0.38866389578174054,True
2009-04-20,0.5817253589630127,0.5817253589630127,0.0,0.38866389578174054,True
2009-04-21,0.5928390026092529,0.5928390026092529,0.0,0.38866389578174054,True
2009-04-22,0.6006786227226257,0.6006786227226257,0.0,0.38866389578174054,True
2009-04-23,0.5685479640960693,0.5685479640960693,0.0,0.38866389578174054,True
2009-04-24,0.6358948349952698,0.6358948349952698,0.0,0.38866389578174054,True
2009-04-27,0.5789926052093506,0.5789926052093506,0.0,0.38866389578174054,True
2009-04-28,0.5720212459564209,0.5720212459564209,0.0,0.38866389578174054,True
2009-04-29,0.49879181385040283,0.49879181385040283,0.0,0.0,True
2009-04-30,0.5321933031082153,0.5321933031082153,0.0,0.49296654579597704,True
2009-05-01,0.5304255485534668,0.5304255485534668,0.0,0.49296654579597704,True
2009-05-04,0.5520389080047607,0.5520389080047607,0.0,0.49296654579597704,True
2009-05-05,0.5946788191795349,0.5946788191795349,0.0,0.49296654579597704,True
2009-05-06,0.6246019601821899,0.6246019601821899,0.0,0.49296654579597704,True
2009-05-07,0.5442087054252625,0.5442087054252625,0.0,0.49296654579597704,True
2009-05-08,0.5717847347259521,0.5717847347259521,0.0,0.49296654579597704,True
2009-05-11,0.577394962310791,0.577394962310791,0.0,0.49296654579597704,True
2009-05-12,0.6531513333320618,0.6531513333320618,0.0,0.49296654579597704,True
2009-05-13,0.6630832552909851,0.6630832552909851,0.0,0.49296654579597704,True
2009-05-14,0.4345472455024719,0.4345472455024719,0.0,0.0,True
2009-05-15,0.42721763253211975,0.42721763253211975,0.0,0.0,True
2009-05-18,0.449345201253891,0.449345201253891,0.0,0.0,True
2009-05-19,0.47381022572517395,0.47381022572517395,0.0,0.0,True
2009-05-20,0.48787495493888855,0.48787495493888855,0.0,0.0,True
2009-05-21,0.49247267842292786,0.49247267842292786,0.0,0.0,True
2009-05-22,0.49817657470703125,0.49817657470703125,0.0,0.0,True
2009-05-26,0.5445894598960876,0.5445894598960876,0.0,0.36644433901598517,True
2009-05-27,0.5109859704971313,0.5109859704971313,0.0,0.0,True
2009-05-28,0.5331947803497314,0.5331947803497314,0.0,0.36374656706852293,True
2009-05-29,0.5588086247444153,0.5588086247444153,0.0,0.36374656706852293,True
2009-06-01,0.41786864399909973,0.41786864399909973,0.0,0.0,True
2009-06-02,0.5729520916938782,0.5729520916938782,0.0,0.3745283192027828,True
2009-06-03,0.5683597326278687,0.5683597326278687,0.0,0.3745283192027828,True
2009-06-04,0.4442906975746155,0.4442906975746155,0.0,0.0,True
2009-06-05,0.5778574347496033,0.5778574347496033,0.0,0.3857646014912128,True
2009-06-08,0.5293572545051575,0.5293572545051575,0.0,0.3857646014912128,True
2009-06-09,0.5649740695953369,0.5649740695953369,0.0,0.3857646014912128,True
2009-06-10,0.561843991279602,0.561843991279602,0.0,0.3857646014912128,True
2009-06-11,0.605485200881958,0.605485200881958,0.0,0.3857646014912128,True
2009-06-12,0.5059828162193298,0.5059828162193298,0.0,0.0,True
2009-06-15,0.5530966520309448,0.5530966520309448,0.0,0.4496661913784834,True
2009-06-16,0.5905035138130188,0.5905035138130188,0.0,0.4496661913784834,True
2009-06-17,0.5571383833885193,0.5571383833885193,0.0,0.4496661913784834,True
2009-06-18,0.5852028727531433,0.5852028727531433,0.0,0.4496661913784834,True
2009-06-19,0.5424268841743469,0.5424268841743469,0.0,0.4496661913784834,True
2009-06-22,0.5391545295715332,0.5391545295715332,0.0,0.4496661913784834,True
2009-06-23,0.4375568926334381,0.4375568926334381,0.0,0.0,True
2009-06-24,0.43597838282585144,0.43597838282585144,0.0,0.0,True
2009-06-25,0.42665693163871765,0.42665693163871765,0.0,0.0,True
2009-06-26,0.49518731236457825,0.49518731236457825,0.0,0.0,True
2009-06-29,0.4726027846336365,0.4726027846336365,0.0,0.0,True
2009-06-30,0.5377573370933533,0.5377573370933533,0.0,0.6261778871121607,True
2009-07-01,0.5387127995491028,0.5387127995491028,0.0,0.6261778871121607,True
2009-07-02,0.554469883441925,0.554469883441925,0.0,0.6261778871121607,True
2009-07-06,0.487369179725647,0.487369179725647,0.0,0.0,True
2009-07-07,0.5163095593452454,0.5163095593452454,0.0,0.0,True
2009-07-08,0.544518232345581,0.544518232345581,0.0,0.5907222835716266,True
2009-07-09,0.5577464699745178,0.5577464699745178,0.0,0.5907222835716266,True
2009-07-10,0.531326413154602,0.531326413154602,0.0,0.5907222835716266,True
2009-07-13,0.5335175395011902,0.5335175395011902,0.0,0.5907222835716266,True
2009-07-14,0.5529859662055969,0.5529859662055969,0.0,0.5907222835716266,True
2009-07-15,0.6304779052734375,0.6304779052734375,0.0,0.5907222835716266,True
2009-07-16,0.5992065668106079,0.5992065668106079,0.0,0.5907222835716266,True
2009-07-17,0.5641263723373413,0.5641263723373413,0.0,0.5907222835716266,True
2009-07-20,0.5123956799507141,0.5123956799507141,0.0,0.0,True
2009-07-21,0.5987234115600586,0.5987234115600586,0.0,0.5439769727654581,True
2009-07-22,0.5169797539710999,0.5169797539710999,0.0,0.0,True
2009-07-23,0.5832080841064453,0.5832080841064453,0.0,0.5563495417258514,True
2009-07-24,0.6627560257911682,0.6627560257911682,0.0,0.5563495417258514,True
2009-07-27,0.6538844108581543,0.6538844108581543,0.0,0.5563495417258514,True
2009-07-28,0.646232545375824,0.646232545375824,0.0,0.5563495417258514,True
2009-07-29,0.6503504514694214,0.6503504514694214,0.0,0.5563495417258514,True
2009-07-30,0.6365600824356079,0.6365600824356079,0.0,0.5563495417258514,True
2009-07-31,0.666208028793335,0.666208028793335,0.0,0.5563495417258514,True
2009-08-03,0.687139630317688,0.687139630317688,0.0,0.5563495417258514,True
2009-08-04,0.6334621906280518,0.6334621906280518,0.0,0.7164554790211853,True
2009-08-05,0.7019742131233215,0.7019742131233215,0.0,0.7164554790211853,True
2009-08-06,0.6035586595535278,0.6035586595535278,0.0,0.7164554790211853,True
2009-08-07,0.6474713683128357,0.6474713683128357,0.0,0.7164554790211853,True
2009-08-10,0.5870316028594971,0.5870316028594971,0.0,0.7164554790211853,True
2009-08-11,0.5698984861373901,0.5698984861373901,0.0,0.7164554790211853,True
2009-08-12,0.6115362644195557,0.6115362644195557,0.0,0.7164554790211853,True
2009-08-13,0.6115105152130127,0.6115105152130127,0.0,0.7164554790211853,True
2009-08-14,0.6268026828765869,0.6268026828765869,0.0,0.7164554790211853,True
2009-08-17,0.47002777457237244,0.47002777457237244,0.0,0.0,True
2009-08-18,0.4890236556529999,0.4890236556529999,0.0,0.0,True
2009-08-19,0.5401120185852051,0.5401120185852051,0.0,0.6197106120889093,True
2009-08-20,0.5408034324645996,0.5408034324645996,0.0,0.6197106120889093,True
2009-08-21,0.5496047139167786,0.5496047139167786,0.0,0.6197106120889093,True
2009-08-24,0.5325285196304321,0.5325285196304321,0.0,0.6197106120889093,True
2009-08-25,0.5461978912353516,0.5461978912353516,0.0,0.6197106120889093,True
2009-08-26,0.5613265633583069,0.5613265633583069,0.0,0.6197106120889093,True
2009-08-27,0.5317790508270264,0.5317790508270264,0.0,0.6197106120889093,True
2009-08-28,0.5555807948112488,0.5555807948112488,0.0,0.6197106120889093,True
2009-08-31,0.5644922852516174,0.5644922852516174,0.0,0.6197106120889093,True
2009-09-01,0.510292112827301,0.510292112827301,0.0,0.0,True
2009-09-02,0.4884786009788513,0.4884786009788513,0.0,0.0,True
2009-09-03,0.5214440822601318,0.5214440822601318,0.0,0.5975456685592944,True
2009-09-04,0.6268764734268188,0.6268764734268188,0.0,0.5975456685592944,True
2009-09-08,0.4901028871536255,0.4901028871536255,0.0,0.0,True
2009-09-09,0.564289927482605,0.564289927482605,0.0,0.5693091875432503,True
2009-09-10,0.5382305383682251,0.5382305383682251,0.0,0.5693091875432503,True
2009-09-11,0.5692721605300903,0.5692721605300903,0.0,0.5693091875432503,True
2009-09-14,0.496741384267807,0.496741384267807,0.0,0.0,True
2009-09-15,0.47919994592666626,0.47919994592666626,0.0,0.0,True
2009-09-16,0.6227139234542847,0.6227139234542847,0.0,0.7272843718980719,True
2009-09-17,0.6586042642593384,0.6586042642593384,0.0,0.7272843718980719,True
2009-09-18,0.7000412344932556,0.7000412344932556,0.0,0.7272843718980719,True
2009-09-21,0.6318947076797485,0.6318947076797485,0.0,0.7272843718980719,True
2009-09-22,0.630125880241394,0.630125880241394,0.0,0.7272843718980719,True
2009-09-23,0.5795108079910278,0.5795108079910278,0.0,0.7272843718980719,True
2009-09-24,0.6574634909629822,0.6574634909629822,0.0,0.7272843718980719,True
2009-09-25,0.6312439441680908,0.6312439441680908,0.0,0.7272843718980719,True
2009-09-28,0.611771821975708,0.611771821975708,0.0,0.7272843718980719,True
2009-09-29,0.6374556422233582,0.6374556422233582,0.0,0.7272843718980719,True
2009-09-30,0.6137714982032776,0.6137714982032776,0.0,0.7272843718980719,True
2009-10-01,0.6022915244102478,0.6022915244102478,0.0,0.7272843718980719,True
2009-10-02,0.5671719908714294,0.5671719908714294,0.0,0.7272843718980719,True
2009-10-05,0.6221053600311279,0.6221053600311279,0.0,0.7272843718980719,True
2009-10-06,0.5821547508239746,0.5821547508239746,0.0,0.7272843718980719,True
2009-10-07,0.5248405337333679,0.5248405337333679,0.0,0.7272843718980719,True
2009-10-08,0.6035551428794861,0.6035551428794861,0.0,0.7272843718980719,True
2009-10-09,0.53111732006073,0.53111732006073,0.0,0.7272843718980719,True
2009-10-12,0.5225856900215149,0.5225856900215149,0.0,0.7272843718980719,True
2009-10-13,0.49788549542427063,0.49788549542427063,0.0,0.0,True
2009-10-14,0.5719470977783203,0.5719470977783203,0.0,0.8300130783088133,True
2009-10-15,0.5312662720680237,0.5312662720680237,0.0,0.8300130783088133,True
2009-10-16,0.4694267809391022,0.4694267809391022,0.0,0.0,True
2009-10-19,0.5075180530548096,0.5075180530548096,0.0,0.0,True
2009-10-20,0.5590218305587769,0.5590218305587769,0.0,0.6126531900548765,True
2009-10-21,0.6107547879219055,0.6107547879219055,0.0,0.6126531900548765,True
2009-10-22,0.6969970464706421,0.6969970464706421,0.0,0.6126531900548765,True
2009-10-23,0.6163704991340637,0.6163704991340637,0.0,0.6126531900548765,True
2009-10-26,0.6052807569503784,0.6052807569503784,0.0,0.6126531900548765,True
2009-10-27,0.5445677042007446,0.5445677042007446,0.0,0.6126531900548765,True
2009-10-28,0.4881153702735901,0.4881153702735901,0.0,0.0,True
2009-10-29,0.5589932203292847,0.5589932203292847,0.0,0.5323039643032131,True
2009-10-30,0.5045945048332214,0.5045945048332214,0.0,0.0,True
2009-11-02,0.466483473777771,0.466483473777771,0.0,0.0,True
2009-11-03,0.5227894186973572,0.5227894186973572,0.0,0.4929804375692897,True
2009-11-04,0.5246793627738953,0.5246793627738953,0.0,0.4929804375692897,True
2009-11-05,0.5270178318023682,0.5270178318023682,0.0,0.4929804375692897,True
2009-11-06,0.5633029937744141,0.5633029937744141,0.0,0.4929804375692897,True
2009-11-09,0.5243666768074036,0.5243666768074036,0.0,0.4929804375692897,True
2009-11-10,0.5137049555778503,0.5137049555778503,0.0,0.0,True
2009-11-11,0.5065833330154419,0.5065833330154419,0.0,0.0,True
2009-11-12,0.5333636999130249,0.5333636999130249,0.0,0.4471884168345023,True
2009-11-13,0.5150399804115295,0.5150399804115295,0.0,0.0,True
2009-11-16,0.5014755725860596,0.5014755725860596,0.0,0.0,True
2009-11-17,0.5492241382598877,0.5492241382598877,0.0,0.5154795838699371,True
2009-11-18,0.5568411946296692,0.5568411946296692,0.0,0.5154795838699371,True
2009-11-19,0.55146723985672,0.55146723985672,0.0,0.5154795838699371,True
2009-11-20,0.48240748047828674,0.48240748047828674,0.0,0.0,True
2009-11-23,0.5575981736183167,0.5575981736183167,0.0,0.491180452363932,True
2009-11-24,0.5708993673324585,0.5708993673324585,0.0,0.491180452363932,True
2009-11-25,0.526091992855072,0.526091992855072,0.0,0.491180452363932,True
2009-11-27,0.5530241131782532,0.5530241131782532,0.0,0.491180452363932,True
2009-11-30,0.5945734977722168,0.5945734977722168,0.0,0.6554327334530932,True
2009-12-01,0.5168065428733826,0.5168065428733826,0.0,0.0,True
2009-12-02,0.5382339954376221,0.5382339954376221,0.0,0.6315725074349616,True
2009-12-03,0.5709521770477295,0.5709521770477295,0.0,0.6315725074349616,True
2009-12-04,0.5027984380722046,0.5027984380722046,0.0,0.0,True
2009-12-07,0.4581710398197174,0.4581710398197174,0.0,0.0,True
2009-12-08,0.6051825881004333,0.6051825881004333,0.0,0.7260971195805092,True
2009-12-09,0.47355568408966064,0.47355568408966064,0.0,0.0,True
2009-12-10,0.4829246699810028,0.4829246699810028,0.0,0.0,True
2009-12-11,0.4733794629573822,0.4733794629573822,0.0,0.0,True
2009-12-14,0.5108637809753418,0.5108637809753418,0.0,0.0,True
2009-12-15,0.3978625237941742,0.3978625237941742,0.0,0.0,True
2009-12-16,0.40722620487213135,0.40722620487213135,0.0,0.0,True
2009-12-17,0.4517992436885834,0.4517992436885834,0.0,0.0,True
2009-12-18,0.5572323203086853,0.5572323203086853,0.0,0.5758519749162883,True
2009-12-21,0.5785316824913025,0.5785316824913025,0.0,0.5758519749162883,True
2009-12-22,0.5460916757583618,0.5460916757583618,0.0,0.5758519749162883,True
2009-12-23,0.5102285742759705,0.5102285742759705,0.0,0.0,True
2009-12-24,0.5284519791603088,0.5284519791603088,0.0,0.5438594932800689,True
2009-12-28,0.5600686073303223,0.5600686073303223,0.0,0.5438594932800689,True
2009-12-29,0.6253971457481384,0.6253971457481384,0.0,0.5438594932800689,True
2009-12-30,0.6097559332847595,0.6097559332847595,0.0,0.5438594932800689,True
2009-12-31,0.5951845049858093,0.5951845049858093,0.0,0.5438594932800689,True
2010-01-04,0.5041717886924744,0.5041717886924744,0.0,0.0,True
2010-01-05,0.4874003231525421,0.4874003231525421,0.0,0.0,True
2010-01-06,0.5537680387496948,0.5537680387496948,0.0,0.5966786224775472,True
2010-01-07,0.5247650146484375,0.5247650146484375,0.0,0.5966786224775472,True
2010-01-08,0.5781790614128113,0.5781790614128113,0.0,0.7033452062768628,True
2010-01-11,0.5122811794281006,0.5122811794281006,0.0,0.0,True
2010-01-12,0.5453606247901917,0.5453606247901917,0.0,0.6924604588245434,True
2010-01-13,0.5154193043708801,0.5154193043708801,0.0,0.0,True
2010-01-14,0.5764252543449402,0.5764252543449402,0.0,0.7117390118808369,True
2010-01-15,0.577219545841217,0.577219545841217,0.0,0.7117390118808369,True
2010-01-19,0.5391551852226257,0.5391551852226257,0.0,0.587253125803959,True
2010-01-20,0.49962204694747925,0.49962204694747925,0.0,0.0,True
2010-01-21,0.4809640645980835,0.4809640645980835,0.0,0.0,True
2010-01-22,0.4486517012119293,0.4486517012119293,0.0,0.0,True
2010-01-25,0.45664578676223755,0.45664578676223755,0.0,0.0,True
2010-01-26,0.4513842463493347,0.4513842463493347,0.0,0.0,True
2010-01-27,0.47344648838043213,0.47344648838043213,0.0,0.0,True
2010-01-28,0.48000118136405945,0.48000118136405945,0.0,0.0,True
2010-01-29,0.47516196966171265,0.47516196966171265,0.0,0.0,True
2010-02-01,0.5118817687034607,0.5118817687034607,0.0,0.0,True
2010-02-02,0.5308928489685059,0.5308928489685059,0.0,0.41416056642053806,True
2010-02-03,0.4854675829410553,0.4854675829410553,0.0,0.0,True
2010-02-04,0.5025601387023926,0.5025601387023926,0.0,0.0,True
2010-02-05,0.47296375036239624,0.47296375036239624,0.0,0.0,True
2010-02-08,0.5141426920890808,0.5141426920890808,0.0,0.0,True
2010-02-09,0.4855154752731323,0.4855154752731323,0.0,0.0,True
2010-02-10,0.4473450779914856,0.4473450779914856,0.0,0.0,True
2010-02-11,0.4620424509048462,0.4620424509048462,0.0,0.0,True
2010-02-12,0.4447530508041382,0.4447530508041382,0.0,0.0,True
2010-02-16,0.4677489995956421,0.4677489995956421,0.0,0.0,True
2010-02-17,0.501297116279602,0.501297116279602,0.0,0.0,True
2010-02-18,0.5456415414810181,0.5456415414810181,0.0,0.4180849108016143,True
2010-02-19,0.46118488907814026,0.46118488907814026,0.0,0.0,True
2010-02-22,0.45708197355270386,0.45708197355270386,0.0,0.0,True
2010-02-23,0.4274331331253052,0.4274331331253052,0.0,0.0,True
2010-02-24,0.4473183751106262,0.4473183751106262,0.0,0.0,True
2010-02-25,0.47262319922447205,0.47262319922447205,0.0,0.0,True
2010-02-26,0.6253922581672668,0.6253922581672668,0.0,0.5734128746968167,True
2010-03-01,0.647508442401886,0.647508442401886,0.0,0.5734128746968167,True
2010-03-02,0.5176621675491333,0.5176621675491333,0.0,0.0,True
2010-03-03,0.41723865270614624,0.41723865270614624,0.0,0.0,True
2010-03-04,0.47274667024612427,0.47274667024612427,0.0,0.0,True
2010-03-05,0.6324049830436707,0.6324049830436707,0.0,0.7267152705842488,True
2010-03-08,0.5227643847465515,0.5227643847465515,0.0,0.7267152705842488,True
2010-03-09,0.6433871984481812,0.6433871984481812,0.0,0.7267152705842488,True
2010-03-10,0.6263849139213562,0.6263849139213562,0.0,0.7267152705842488,True
2010-03-11,0.6406052112579346,0.6406052112579346,0.0,0.7267152705842488,True
2010-03-12,0.5634796023368835,0.5634796023368835,0.0,0.7267152705842488,True
2010-03-15,0.5695797204971313,0.5695797204971313,0.0,0.7267152705842488,True
2010-03-16,0.4899190664291382,0.4899190664291382,0.0,0.0,True
2010-03-17,0.5497546792030334,0.5497546792030334,0.0,0.7527737907728848,True
2010-03-18,0.5205036401748657,0.5205036401748657,0.0,0.7527737907728848,True
2010-03-19,0.5133490562438965,0.5133490562438965,0.0,0.0,True
2010-03-22,0.5469377636909485,0.5469377636909485,0.0,0.7505049049667737,True
2010-03-23,0.6518447399139404,0.6518447399139404,0.0,0.7505049049667737,True
2010-03-24,0.6463025808334351,0.6463025808334351,0.0,0.7505049049667737,True
2010-03-25,0.6796745657920837,0.6796745657920837,0.0,0.7505049049667737,True
2010-03-26,0.6652423739433289,0.6652423739433289,0.0,0.7505049049667737,True
2010-03-29,0.6278972029685974,0.6278972029685974,0.0,0.7505049049667737,True
2010-03-30,0.6615964770317078,0.6615964770317078,0.0,0.7505049049667737,True
2010-03-31,0.6377829909324646,0.6377829909324646,0.0,0.7505049049667737,True
2010-04-01,0.5806211829185486,0.5806211829185486,0.0,0.7505049049667737,True
2010-04-05,0.6270467042922974,0.6270467042922974,0.0,1.0,True
2010-04-06,0.6318530440330505,0.6318530440330505,0.0,1.0,True
2010-04-07,0.7211037278175354,0.7211037278175354,0.0,1.0,True
2010-04-08,0.7174062728881836,0.7174062728881836,0.0,1.0,True
2010-04-09,0.6188508868217468,0.6188508868217468,0.0,1.0,True
2010-04-12,0.6341578364372253,0.6341578364372253,0.0,1.0,True
2010-04-13,0.6994272470474243,0.6994272470474243,0.0,1.0,True
2010-04-14,0.6893121004104614,0.6893121004104614,0.0,1.0,True
2010-04-15,0.739805281162262,0.739805281162262,0.0,1.0,True
2010-04-16,0.6893960237503052,0.6893960237503052,0.0,1.0,True
2010-04-19,0.6823960542678833,0.6823960542678833,0.0,1.0,True
2010-04-20,0.6517574191093445,0.6517574191093445,0.0,1.0,True
2010-04-21,0.6603308320045471,0.6603308320045471,0.0,0.6306706461065601,True
2010-04-22,0.6557090878486633,0.6557090878486633,0.0,0.6306706461065601,True
2010-04-23,0.6469051241874695,0.6469051241874695,0.0,0.6306706461065601,True
2010-04-26,0.6829144358634949,0.6829144358634949,0.0,0.6306706461065601,True
2010-04-27,0.6002793312072754,0.6002793312072754,0.0,0.6306706461065601,True
2010-04-28,0.5642149448394775,0.5642149448394775,0.0,0.6306706461065601,True
2010-04-29,0.549462080001831,0.549462080001831,0.0,0.6306706461065601,True
2010-04-30,0.5489552021026611,0.5489552021026611,0.0,0.48874746365947497,True
2010-05-03,0.4919796288013458,0.4919796288013458,0.0,0.0,True
2010-05-04,0.5897805690765381,0.5897805690765381,0.0,0.44874632187452645,True
2010-05-05,0.583012580871582,0.583012580871582,0.0,0.44874632187452645,True
2010-05-06,0.5326048135757446,0.5326048135757446,0.0,0.44874632187452645,True
2010-05-07,0.5710022449493408,0.5710022449493408,0.0,0.44874632187452645,True
2010-05-10,0.5056353211402893,0.5056353211402893,0.0,0.0,True
2010-05-11,0.471309095621109,0.471309095621109,0.0,0.0,True
2010-05-12,0.5138726830482483,0.5138726830482483,0.0,0.0,True
2010-05-13,0.47556808590888977,0.47556808590888977,0.0,0.0,True
2010-05-14,0.5099071264266968,0.5099071264266968,0.0,0.0,True
2010-05-17,0.5383256673812866,0.5383256673812866,0.0,0.3025808329203169,True
2010-05-18,0.5516318678855896,0.5516318678855896,0.0,0.3025808329203169,True
2010-05-19,0.5312126874923706,0.5312126874923706,0.0,0.3025808329203169,True
2010-05-20,0.505826473236084,0.505826473236084,0.0,0.0,True
2010-05-21,0.508959174156189,0.508959174156189,0.0,0.0,True
2010-05-24,0.539595901966095,0.539595901966095,0.0,0.3220720692563607,True
2010-05-25,0.5456299185752869,0.5456299185752869,0.0,0.3220720692563607,True
2010-05-26,0.4984925091266632,0.4984925091266632,0.0,0.0,True
2010-05-27,0.4739415943622589,0.4739415943622589,0.0,0.0,True
2010-05-28,0.5100700259208679,0.5100700259208679,0.0,0.0,True
2010-06-01,0.5060878396034241,0.5060878396034241,0.0,0.0,True
2010-06-02,0.5166079998016357,0.5166079998016357,0.0,0.0,True
2010-06-03,0.5110796689987183,0.5110796689987183,0.0,0.0,True
2010-06-04,0.46223345398902893,0.46223345398902893,0.0,0.0,True
2010-06-07,0.4187818765640259,0.4187818765640259,0.0,0.0,True
2010-06-08,0.5382269620895386,0.5382269620895386,0.0,0.4873918451980049,True
2010-06-09,0.4779791533946991,0.4779791533946991,0.0,0.0,True
2010-06-10,0.4586939513683319,0.4586939513683319,0.0,0.0,True
2010-06-11,0.5205211043357849,0.5205211043357849,0.0,0.459934791503849,True
2010-06-14,0.5615675449371338,0.5615675449371338,0.0,0.459934791503849,True
2010-06-15,0.5793243050575256,0.5793243050575256,0.0,0.459934791503849,True
2010-06-16,0.5683304667472839,0.5683304667472839,0.0,0.459934791503849,True
2010-06-17,0.5252452492713928,0.5252452492713928,0.0,0.459934791503849,True
2010-06-18,0.5306285619735718,0.5306285619735718,0.0,0.459934791503849,True
2010-06-21,0.49968454241752625,0.49968454241752625,0.0,0.0,True
2010-06-22,0.5445773601531982,0.5445773601531982,0.0,0.5158100148092475,True
2010-06-23,0.5219218134880066,0.5219218134880066,0.0,0.5158100148092475,True
2010-06-24,0.5111503005027771,0.5111503005027771,0.0,0.0,True
2010-06-25,0.5327094197273254,0.5327094197273254,0.0,0.5527359037406575,True
2010-06-28,0.5103490948677063,0.5103490948677063,0.0,0.0,True
2010-06-29,0.5201234221458435,0.5201234221458435,0.0,0.4807946914291241,True
2010-06-30,0.5027076005935669,0.5027076005935669,0.0,0.0,True
2010-07-01,0.539505124092102,0.539505124092102,0.0,0.4746922794263453,True
2010-07-02,0.5144329071044922,0.5144329071044922,0.0,0.0,True
2010-07-06,0.5039870738983154,0.5039870738983154,0.0,0.0,True
2010-07-07,0.4899844229221344,0.4899844229221344,0.0,0.0,True
2010-07-08,0.5263736844062805,0.5263736844062805,0.0,0.47811052664690945,True
2010-07-09,0.5279857516288757,0.5279857516288757,0.0,0.47811052664690945,True
2010-07-12,0.5316786766052246,0.5316786766052246,0.0,0.47811052664690945,True
2010-07-13,0.4858637750148773,0.4858637750148773,0.0,0.0,True
2010-07-14,0.4903789162635803,0.4903789162635803,0.0,0.0,True
2010-07-15,0.4702851474285126,0.4702851474285126,0.0,0.0,True
2010-07-16,0.5053330659866333,0.5053330659866333,0.0,0.0,True
2010-07-19,0.4809509515762329,0.4809509515762329,0.0,0.0,True
2010-07-20,0.49042707681655884,0.49042707681655884,0.0,0.0,True
2010-07-21,0.5309010148048401,0.5309010148048401,0.0,0.5338011848714685,True
2010-07-22,0.5756944417953491,0.5756944417953491,0.0,0.5338011848714685,True
2010-07-23,0.608018696308136,0.608018696308136,0.0,0.5338011848714685,True
2010-07-26,0.46022167801856995,0.46022167801856995,0.0,0.0,True
2010-07-27,0.5462335348129272,0.5462335348129272,0.0,0.5053885039716914,True
2010-07-28,0.612043023109436,0.612043023109436,0.0,0.5053885039716914,True
2010-07-29,0.5715546607971191,0.5715546607971191,0.0,0.6141927112358224,True
2010-07-30,0.553399920463562,0.553399920463562,0.0,0.6141927112358224,True
2010-08-02,0.6052494049072266,0.6052494049072266,0.0,0.6141927112358224,True
2010-08-03,0.5792674422264099,0.5792674422264099,0.0,0.6141927112358224,True
2010-08-04,0.6354445815086365,0.6354445815086365,0.0,0.7514482047951853,True
2010-08-05,0.5094020962715149,0.5094020962715149,0.0,0.0,True
2010-08-06,0.5524979829788208,0.5524979829788208,0.0,0.7468539675189549,True
2010-08-09,0.5947338342666626,0.5947338342666626,0.0,0.7468539675189549,True
2010-08-10,0.6738613843917847,0.6738613843917847,0.0,0.7468539675189549,True
2010-08-11,0.6127834916114807,0.6127834916114807,0.0,0.7468539675189549,True
2010-08-12,0.5944210886955261,0.5944210886955261,0.0,0.7468539675189549,True
2010-08-13,0.5940033793449402,0.5940033793449402,0.0,0.7468539675189549,True
2010-08-16,0.583808183670044,0.583808183670044,0.0,0.7468539675189549,True
2010-08-17,0.4835226833820343,0.4835226833820343,0.0,0.0,True
2010-08-18,0.5414603352546692,0.5414603352546692,0.0,0.7191335548503013,True
2010-08-19,0.5853567123413086,0.5853567123413086,0.0,0.7191335548503013,True
2010-08-20,0.5768560171127319,0.5768560171127319,0.0,0.7191335548503013,True
2010-08-23,0.610065758228302,0.610065758228302,0.0,0.7191335548503013,True
2010-08-24,0.5845809578895569,0.5845809578895569,0.0,0.7191335548503013,True
2010-08-25,0.6010193824768066,0.6010193824768066,0.0,0.7191335548503013,True
2010-08-26,0.6205303072929382,0.6205303072929382,0.0,0.7191335548503013,True
2010-08-27,0.5939698815345764,0.5939698815345764,0.0,0.7191335548503013,True
2010-08-30,0.532679557800293,0.532679557800293,0.0,0.7191335548503013,True
2010-08-31,0.4235597550868988,0.4235597550868988,0.0,0.0,True
2010-09-01,0.5744460225105286,0.5744460225105286,0.0,0.6498112920871754,True
2010-09-02,0.5141702890396118,0.5141702890396118,0.0,0.0,True
2010-09-03,0.6205613613128662,0.6205613613128662,0.0,0.5941098055482646,True
2010-09-07,0.5885128378868103,0.5885128378868103,0.0,0.5941098055482646,True
2010-09-08,0.6081264615058899,0.6081264615058899,0.0,0.5941098055482646,True
2010-09-09,0.5939649939537048,0.5939649939537048,0.0,0.5941098055482646,True
2010-09-10,0.5718221664428711,0.5718221664428711,0.0,0.5941098055482646,True
2010-09-13,0.480903297662735,0.480903297662735,0.0,0.0,True
2010-09-14,0.5210860371589661,0.5210860371589661,0.0,0.6944982413100325,True
2010-09-15,0.5534777641296387,0.5534777641296387,0.0,0.6944982413100325,True
2010-09-16,0.591552734375,0.591552734375,0.0,0.6944982413100325,True
2010-09-17,0.5102063417434692,0.5102063417434692,0.0,0.0,True
2010-09-20,0.6813321709632874,0.6813321709632874,0.0,0.6524314689567781,True
2010-09-21,0.6442517042160034,0.6442517042160034,0.0,0.6524314689567781,True
2010-09-22,0.7927351593971252,0.7927351593971252,0.0,0.8210506924036651,True
2010-09-23,0.787907600402832,0.787907600402832,0.0,0.8210506924036651,True
2010-09-24,0.7807923555374146,0.7807923555374146,0.0,0.8210506924036651,True
2010-09-27,0.7696647047996521,0.7696647047996521,0.0,0.8210506924036651,True
2010-09-28,0.6812459826469421,0.6812459826469421,0.0,0.8210506924036651,True
2010-09-29,0.7286864519119263,0.7286864519119263,0.0,0.8210506924036651,True
2010-09-30,0.7123866677284241,0.7123866677284241,0.0,0.8210506924036651,True
2010-10-01,0.7154105305671692,0.7154105305671692,0.0,0.8210506924036651,True
2010-10-04,0.6064034104347229,0.6064034104347229,0.0,0.8210506924036651,True
2010-10-05,0.560052752494812,0.560052752494812,0.0,0.6770852497843565,True
2010-10-06,0.5498014092445374,0.5498014092445374,0.0,0.6770852497843565,True
2010-10-07,0.5454230904579163,0.5454230904579163,0.0,0.6770852497843565,True
2010-10-08,0.5282569527626038,0.5282569527626038,0.0,0.6770852497843565,True
2010-10-11,0.6008634567260742,0.6008634567260742,0.0,0.6770852497843565,True
2010-10-12,0.6471192240715027,0.6471192240715027,0.0,0.6770852497843565,True
2010-10-13,0.6493087410926819,0.6493087410926819,0.0,0.6770852497843565,True
2010-10-14,0.6690415143966675,0.6690415143966675,0.0,0.6770852497843565,True
2010-10-15,0.6783265471458435,0.6783265471458435,0.0,0.6770852497843565,True
2010-10-18,0.7019044756889343,0.7019044756889343,0.0,0.6770852497843565,True
2010-10-19,0.5432928800582886,0.5432928800582886,0.0,0.6770852497843565,True
2010-10-20,0.5554413795471191,0.5554413795471191,0.0,0.6770852497843565,True
2010-10-21,0.5495221018791199,0.5495221018791199,0.0,0.6770852497843565,True
2010-10-22,0.6319321393966675,0.6319321393966675,0.0,0.6770852497843565,True
2010-10-25,0.6177794337272644,0.6177794337272644,0.0,0.6770852497843565,True
2010-10-26,0.7252996563911438,0.7252996563911438,0.0,0.6770852497843565,True
2010-10-27,0.7254603505134583,0.7254603505134583,0.0,0.6770852497843565,True
2010-10-28,0.748235821723938,0.748235821723938,0.0,0.6770852497843565,True
2010-10-29,0.6165850162506104,0.6165850162506104,0.0,0.6770852497843565,True
2010-11-01,0.6002278327941895,0.6002278327941895,0.0,0.6770852497843565,True
2010-11-02,0.6120453476905823,0.6120453476905823,0.0,0.6770852497843565,True
2010-11-03,0.6473168730735779,0.6473168730735779,0.0,0.6770852497843565,True
2010-11-04,0.6325801014900208,0.6325801014900208,0.0,0.6770852497843565,True
2010-11-05,0.5668463110923767,0.5668463110923767,0.0,0.6770852497843565,True
2010-11-08,0.5877706408500671,0.5877706408500671,0.0,0.6770852497843565,True
2010-11-09,0.6021637916564941,0.6021637916564941,0.0,0.6770852497843565,True
2010-11-10,0.6051627993583679,0.6051627993583679,0.0,0.6770852497843565,True
2010-11-11,0.6902093887329102,0.6902093887329102,0.0,0.6770852497843565,True
2010-11-12,0.6481380462646484,0.6481380462646484,0.0,0.6770852497843565,True
2010-11-15,0.6817423105239868,0.6817423105239868,0.0,0.7844252260151965,True
2010-11-16,0.6767215728759766,0.6767215728759766,0.0,0.7844252260151965,True
2010-11-17,0.7250750660896301,0.7250750660896301,0.0,0.7844252260151965,True
2010-11-18,0.5362910628318787,0.5362910628318787,0.0,0.7844252260151965,True
2010-11-19,0.5798197388648987,0.5798197388648987,0.0,0.7844252260151965,True
2010-11-22,0.5357924103736877,0.5357924103736877,0.0,0.7844252260151965,True
2010-11-23,0.5531672835350037,0.5531672835350037,0.0,0.6730479117497955,True
2010-11-24,0.5594197511672974,0.5594197511672974,0.0,0.6730479117497955,True
2010-11-26,0.5487318634986877,0.5487318634986877,0.0,0.6730479117497955,True
2010-11-29,0.5937958359718323,0.5937958359718323,0.0,0.6730479117497955,True
2010-11-30,0.549963653087616,0.549963653087616,0.0,0.6730479117497955,True
2010-12-01,0.5471612215042114,0.5471612215042114,0.0,0.6730479117497955,True
2010-12-02,0.5617368221282959,0.5617368221282959,0.0,0.6730479117497955,True
2010-12-03,0.5533518195152283,0.5533518195152283,0.0,0.6730479117497955,True
2010-12-06,0.5664148926734924,0.5664148926734924,0.0,0.6730479117497955,True
2010-12-07,0.5339376330375671,0.5339376330375671,0.0,0.6730479117497955,True
2010-12-08,0.5251322388648987,0.5251322388648987,0.0,0.6730479117497955,True
2010-12-09,0.5233168601989746,0.5233168601989746,0.0,0.6730479117497955,True
2010-12-10,0.4716265797615051,0.4716265797615051,0.0,0.0,True
2010-12-13,0.6781477928161621,0.6781477928161621,0.0,0.7597395920266119,True
2010-12-14,0.6353926658630371,0.6353926658630371,0.0,0.7597395920266119,True
2010-12-15,0.7142350077629089,0.7142350077629089,0.0,0.7597395920266119,True
2010-12-16,0.6702570915222168,0.6702570915222168,0.0,0.7597395920266119,True
2010-12-17,0.6188252568244934,0.6188252568244934,0.0,0.9313176025459322,True
2010-12-20,0.7396496534347534,0.7396496534347534,0.0,0.9313176025459322,True
2010-12-21,0.6553044319152832,0.6553044319152832,0.0,0.9313176025459322,True
2010-12-22,0.6735771298408508,0.6735771298408508,0.0,0.9313176025459322,True
2010-12-23,0.5682143568992615,0.5682143568992615,0.0,0.9313176025459322,True
2010-12-27,0.6960513591766357,0.6960513591766357,0.0,0.9313176025459322,True
2010-12-28,0.5647987723350525,0.5647987723350525,0.0,0.9313176025459322,True
2010-12-29,0.5325804352760315,0.5325804352760315,0.0,0.9313176025459322,True
2010-12-30,0.7079737782478333,0.7079737782478333,0.0,0.9313176025459322,True
2010-12-31,0.6758808493614197,0.6758808493614197,0.0,0.9313176025459322,True
2011-01-03,0.6480893492698669,0.6480893492698669,0.0,0.9313176025459322,True
2011-01-04,0.659639298915863,0.659639298915863,0.0,0.9313176025459322,True
2011-01-05,0.6341183185577393,0.6341183185577393,0.0,0.9313176025459322,True
2011-01-06,0.6266993284225464,0.6266993284225464,0.0,0.9313176025459322,True
2011-01-07,0.6286832690238953,0.6286832690238953,0.0,0.9313176025459322,True
2011-01-10,0.6816825270652771,0.6816825270652771,0.0,0.9313176025459322,True
2011-01-11,0.6830638647079468,0.6830638647079468,0.0,0.9313176025459322,True
2011-01-12,0.6390098929405212,0.6390098929405212,0.0,0.9313176025459322,True
2011-01-13,0.6151201128959656,0.6151201128959656,0.0,0.9313176025459322,True
2011-01-14,0.6814541816711426,0.6814541816711426,0.0,0.9313176025459322,True
2011-01-18,0.603232741355896,0.603232741355896,0.0,0.9313176025459322,True
2011-01-19,0.5945713520050049,0.5945713520050049,0.0,0.9313176025459322,True
2011-01-20,0.6395803689956665,0.6395803689956665,0.0,0.9313176025459322,True
2011-01-21,0.6717902421951294,0.6717902421951294,0.0,0.9313176025459322,True
2011-01-24,0.5660634636878967,0.5660634636878967,0.0,0.7120595234272638,True
2011-01-25,0.5594647526741028,0.5594647526741028,0.0,0.7120595234272638,True
2011-01-26,0.5645551681518555,0.5645551681518555,0.0,0.7120595234272638,True
2011-01-27,0.4131981432437897,0.4131981432437897,0.0,0.0,True
2011-01-28,0.5240426659584045,0.5240426659584045,0.0,0.656109120022424,True
2011-01-31,0.5968604683876038,0.5968604683876038,0.0,0.656109120022424,True
2011-02-01,0.5947129130363464,0.5947129130363464,0.0,0.656109120022424,True
2011-02-02,0.49164101481437683,0.49164101481437683,0.0,0.0,True
2011-02-03,0.5824481248855591,0.5824481248855591,0.0,0.6696475831477875,True
2011-02-04,0.4613880217075348,0.4613880217075348,0.0,0.0,True
2011-02-07,0.5784211158752441,0.5784211158752441,0.0,0.6527573136978726,True
2011-02-08,0.5323696136474609,0.5323696136474609,0.0,0.6527573136978726,True
2011-02-09,0.6302293539047241,0.6302293539047241,0.0,0.6527573136978726,True
2011-02-10,0.5477089881896973,0.5477089881896973,0.0,0.6527573136978726,True
2011-02-11,0.5059624910354614,0.5059624910354614,0.0,0.0,True
2011-02-14,0.4940917193889618,0.4940917193889618,0.0,0.0,True
2011-02-15,0.4442168176174164,0.4442168176174164,0.0,0.0,True
2011-02-16,0.5925231575965881,0.5925231575965881,0.0,0.7240638134348886,True
2011-02-17,0.5556371808052063,0.5556371808052063,0.0,0.7240638134348886,True
2011-02-18,0.6435772180557251,0.6435772180557251,0.0,0.7240638134348886,True
2011-02-22,0.6307364702224731,0.6307364702224731,0.0,0.7240638134348886,True
2011-02-23,0.5800691246986389,0.5800691246986389,0.0,0.7240638134348886,True
2011-02-24,0.6586733460426331,0.6586733460426331,0.0,0.7240638134348886,True
2011-02-25,0.5768322348594666,0.5768322348594666,0.0,0.7240638134348886,True
2011-02-28,0.6099895238876343,0.6099895238876343,0.0,0.7240638134348886,True
2011-03-01,0.5986470580101013,0.5986470580101013,0.0,0.7240638134348886,True
2011-03-02,0.6176342964172363,0.6176342964172363,0.0,0.7240638134348886,True
2011-03-03,0.6733644008636475,0.6733644008636475,0.0,0.7240638134348886,True
2011-03-04,0.6712430715560913,0.6712430715560913,0.0,0.7240638134348886,True
2011-03-07,0.6498749256134033,0.6498749256134033,0.0,0.7240638134348886,True
2011-03-08,0.6305001974105835,0.6305001974105835,0.0,0.7240638134348886,True
2011-03-09,0.6416991353034973,0.6416991353034973,0.0,0.7240638134348886,True
2011-03-10,0.5771663784980774,0.5771663784980774,0.0,0.7240638134348886,True
2011-03-11,0.6130806803703308,0.6130806803703308,0.0,0.7240638134348886,True
2011-03-14,0.6216802597045898,0.6216802597045898,0.0,0.7240638134348886,True
2011-03-15,0.5919143557548523,0.5919143557548523,0.0,0.7240638134348886,True
2011-03-16,0.4535137116909027,0.4535137116909027,0.0,0.0,True
2011-03-17,0.38591712713241577,0.38591712713241577,0.0,0.0,True
2011-03-18,0.4488593637943268,0.4488593637943268,0.0,0.0,True
2011-03-21,0.41985630989074707,0.41985630989074707,0.0,0.0,True
2011-03-22,0.46936434507369995,0.46936434507369995,0.0,0.0,True
2011-03-23,0.568333625793457,0.568333625793457,0.0,0.5571310926819842,True
2011-03-24,0.5406740307807922,0.5406740307807922,0.0,0.5571310926819842,True
2011-03-25,0.5104296207427979,0.5104296207427979,0.0,0.0,True
2011-03-28,0.4798557460308075,0.4798557460308075,0.0,0.0,True
2011-03-29,0.5200676918029785,0.5200676918029785,0.0,0.5523567533275208,True
2011-03-30,0.42392677068710327,0.42392677068710327,0.0,0.0,True
2011-03-31,0.4480040967464447,0.4480040967464447,0.0,0.0,True
2011-04-01,0.510574460029602,0.510574460029602,0.0,0.0,True
2011-04-04,0.5381470322608948,0.5381470322608948,0.0,0.5778735234940492,True
2011-04-05,0.5936954617500305,0.5936954617500305,0.0,0.5778735234940492,True
2011-04-06,0.5967308282852173,0.5967308282852173,0.0,0.5778735234940492,True
2011-04-07,0.5941661596298218,0.5941661596298218,0.0,0.5778735234940492,True
2011-04-08,0.5904529094696045,0.5904529094696045,0.0,0.5778735234940492,True
2011-04-11,0.5590178370475769,0.5590178370475769,0.0,0.5778735234940492,True
2011-04-12,0.5123398900032043,0.5123398900032043,0.0,0.0,True
2011-04-13,0.6287422776222229,0.6287422776222229,0.0,0.833573185035912,True
2011-04-14,0.5919066667556763,0.5919066667556763,0.0,0.833573185035912,True
2011-04-15,0.6264880895614624,0.6264880895614624,0.0,0.833573185035912,True
2011-04-18,0.5997846126556396,0.5997846126556396,0.0,0.9342515029950675,True
2011-04-19,0.6128391027450562,0.6128391027450562,0.0,0.9342515029950675,True
2011-04-20,0.633551836013794,0.633551836013794,0.0,0.9342515029950675,True
2011-04-21,0.6939148902893066,0.6939148902893066,0.0,0.7942292582028901,True
2011-04-25,0.5977138876914978,0.5977138876914978,0.0,0.7942292582028901,True
2011-04-26,0.6456132531166077,0.6456132531166077,0.0,0.7942292582028901,True
2011-04-27,0.6609511375427246,0.6609511375427246,0.0,0.7942292582028901,True
2011-04-28,0.705393373966217,0.705393373966217,0.0,0.7942292582028901,True
2011-04-29,0.6448410749435425,0.6448410749435425,0.0,0.7942292582028901,True
2011-05-02,0.622413158416748,0.622413158416748,0.0,0.7942292582028901,True
2011-05-03,0.6143671870231628,0.6143671870231628,0.0,0.7942292582028901,True
2011-05-04,0.6889686584472656,0.6889686584472656,0.0,0.7942292582028901,True
2011-05-05,0.6440707445144653,0.6440707445144653,0.0,0.7942292582028901,True
2011-05-06,0.5645773410797119,0.5645773410797119,0.0,0.7942292582028901,True
2011-05-09,0.5788705945014954,0.5788705945014954,0.0,0.7942292582028901,True
2011-05-10,0.6548678278923035,0.6548678278923035,0.0,0.7942292582028901,True
2011-05-11,0.6713084578514099,0.6713084578514099,0.0,0.7942292582028901,True
2011-05-12,0.6378264427185059,0.6378264427185059,0.0,0.7942292582028901,True
2011-05-13,0.5467711091041565,0.5467711091041565,0.0,0.7942292582028901,True
2011-05-16,0.6499316096305847,0.6499316096305847,0.0,0.7942292582028901,True
2011-05-17,0.7000340819358826,0.7000340819358826,0.0,0.7942292582028901,True
2011-05-18,0.5727267265319824,0.5727267265319824,0.0,0.7942292582028901,True
2011-05-19,0.5612033009529114,0.5612033009529114,0.0,0.7942292582028901,True
2011-05-20,0.5936450958251953,0.5936450958251953,0.0,0.9996136372609626,True
2011-05-23,0.6165751814842224,0.6165751814842224,0.0,0.9996136372609626,True
2011-05-24,0.6238341927528381,0.6238341927528381,0.0,0.9996136372609626,True
2011-05-25,0.5854379534721375,0.5854379534721375,0.0,0.9996136372609626,True
2011-05-26,0.5060368180274963,0.5060368180274963,0.0,0.0,True
2011-05-27,0.5189650654792786,0.5189650654792786,0.0,0.0,True
2011-05-31,0.5997686386108398,0.5997686386108398,0.0,0.7986151256103621,True
2011-06-01,0.604503333568573,0.604503333568573,0.0,0.7986151256103621,True
2011-06-02,0.6104894280433655,0.6104894280433655,0.0,0.7986151256103621,True
2011-06-03,0.5711649060249329,0.5711649060249329,0.0,0.7986151256103621,True
2011-06-06,0.5800555348396301,0.5800555348396301,0.0,0.7986151256103621,True
2011-06-07,0.5190883278846741,0.5190883278846741,0.0,0.0,True
2011-06-08,0.5703054666519165,0.5703054666519165,0.0,0.7440877652224113,True
2011-06-09,0.4840454161167145,0.4840454161167145,0.0,0.0,True
2011-06-10,0.6057214736938477,0.6057214736938477,0.0,0.7224332816662212,True
2011-06-13,0.6112341284751892,0.6112341284751892,0.0,0.7224332816662212,True
2011-06-14,0.6263414025306702,0.6263414025306702,0.0,0.7224332816662212,True
2011-06-15,0.6072371006011963,0.6072371006011963,0.0,0.7224332816662212,True
2011-06-16,0.6355940103530884,0.6355940103530884,0.0,0.7224332816662212,True
2011-06-17,0.647124707698822,0.647124707698822,0.0,0.7224332816662212,True
2011-06-20,0.648184597492218,0.648184597492218,0.0,0.7224332816662212,True
2011-06-21,0.4512903094291687,0.4512903094291687,0.0,0.0,True
2011-06-22,0.5025184750556946,0.5025184750556946,0.0,0.0,True
2011-06-23,0.496682733297348,0.496682733297348,0.0,0.0,True
2011-06-24,0.47602370381355286,0.47602370381355286,0.0,0.0,True
2011-06-27,0.520835816860199,0.520835816860199,0.0,0.5649878001688305,True
2011-06-28,0.557786226272583,0.557786226272583,0.0,0.5649878001688305,True
2011-06-29,0.5523878931999207,0.5523878931999207,0.0,0.5649878001688305,True
2011-06-30,0.5300750732421875,0.5300750732421875,0.0,0.5649878001688305,True
2011-07-01,0.55885910987854,0.55885910987854,0.0,0.5649878001688305,True
2011-07-05,0.5885381102561951,0.5885381102561951,0.0,0.5649878001688305,True
2011-07-06,0.5560917854309082,0.5560917854309082,0.0,0.5649878001688305,True
2011-07-07,0.540397584438324,0.540397584438324,0.0,0.5649878001688305,True
2011-07-08,0.5912599563598633,0.5912599563598633,0.0,0.5649878001688305,True
2011-07-11,0.571780264377594,0.571780264377594,0.0,0.5649878001688305,True
2011-07-12,0.5163729786872864,0.5163729786872864,0.0,0.0,True
2011-07-13,0.5472133755683899,0.5472133755683899,0.0,0.6146177871407773,True
2011-07-14,0.5008653402328491,0.5008653402328491,0.0,0.0,True
2011-07-15,0.5919569730758667,0.5919569730758667,0.0,0.6375780959523356,True
2011-07-18,0.5979383587837219,0.5979383587837219,0.0,0.6375780959523356,True
2011-07-19,0.6116331219673157,0.6116331219673157,0.0,0.6375780959523356,True
2011-07-20,0.639721691608429,0.639721691608429,0.0,0.6375780959523356,True
2011-07-21,0.6369578838348389,0.6369578838348389,0.0,0.7532032565345806,True
2011-07-22,0.6182687282562256,0.6182687282562256,0.0,0.7532032565345806,True
2011-07-25,0.6448029279708862,0.6448029279708862,0.0,0.8881069192174167,True
2011-07-26,0.6141487956047058,0.6141487956047058,0.0,0.8881069192174167,True
2011-07-27,0.6542050242424011,0.6542050242424011,0.0,0.7087139011724133,True
2011-07-28,0.6822708249092102,0.6822708249092102,0.0,0.7087139011724133,True
2011-07-29,0.6902848482131958,0.6902848482131958,0.0,0.7087139011724133,True
2011-08-01,0.6786092519760132,0.6786092519760132,0.0,0.7087139011724133,True
2011-08-02,0.6835482716560364,0.6835482716560364,0.0,0.7087139011724133,True
2011-08-03,0.6806585192680359,0.6806585192680359,0.0,0.7087139011724133,True
2011-08-04,0.5166335701942444,0.5166335701942444,0.0,0.0,True
2011-08-05,0.5309708714485168,0.5309708714485168,0.0,0.5444613443461062,True
2011-08-08,0.6095303297042847,0.6095303297042847,0.0,0.5444613443461062,True
2011-08-09,0.5387197136878967,0.5387197136878967,0.0,0.3789164166070248,True
2011-08-10,0.49658724665641785,0.49658724665641785,0.0,0.0,True
2011-08-11,0.49257224798202515,0.49257224798202515,0.0,0.0,True
2011-08-12,0.5515213012695312,0.5515213012695312,0.0,0.3615155288395136,True
2011-08-15,0.5318854451179504,0.5318854451179504,0.0,0.3615155288395136,True
2011-08-16,0.5460175275802612,0.5460175275802612,0.0,0.3615155288395136,True
2011-08-17,0.5392389297485352,0.5392389297485352,0.0,0.3615155288395136,True
2011-08-18,0.5617339611053467,0.5617339611053467,0.0,0.3615155288395136,True
2011-08-19,0.5518639087677002,0.5518639087677002,0.0,0.3615155288395136,True
2011-08-22,0.5348312854766846,0.5348312854766846,0.0,0.3615155288395136,True
2011-08-23,0.5227803587913513,0.5227803587913513,0.0,0.3615155288395136,True
2011-08-24,0.4925316572189331,0.4925316572189331,0.0,0.0,True
2011-08-25,0.5082147121429443,0.5082147121429443,0.0,0.0,True
2011-08-26,0.5057041645050049,0.5057041645050049,0.0,0.0,True
2011-08-29,0.4530775845050812,0.4530775845050812,0.0,0.0,True
2011-08-30,0.5416058897972107,0.5416058897972107,0.0,0.3293346819244666,True
2011-08-31,0.4862937331199646,0.4862937331199646,0.0,0.0,True
2011-09-01,0.49321117997169495,0.49321117997169495,0.0,0.0,True
2011-09-02,0.4410367012023926,0.4410367012023926,0.0,0.0,True
2011-09-06,0.4574991762638092,0.4574991762638092,0.0,0.0,True
2011-09-07,0.4608709514141083,0.4608709514141083,0.0,0.0,True
2011-09-08,0.4832635223865509,0.4832635223865509,0.0,0.0,True
2011-09-09,0.5013707280158997,0.5013707280158997,0.0,0.0,True
2011-09-12,0.48657819628715515,0.48657819628715515,0.0,0.0,True
2011-09-13,0.5081774592399597,0.5081774592399597,0.0,0.0,True
2011-09-14,0.5181108117103577,0.5181108117103577,0.0,0.0,True
2011-09-15,0.4909113049507141,0.4909113049507141,0.0,0.0,True
2011-09-16,0.6606159210205078,0.6606159210205078,0.0,0.5426549059536432,True
2011-09-19,0.6037648320198059,0.6037648320198059,0.0,0.5426549059536432,True
2011-09-20,0.6200110912322998,0.6200110912322998,0.0,0.5426549059536432,True
2011-09-21,0.6207162737846375,0.6207162737846375,0.0,0.7037103443763754,True
2011-09-22,0.5003353357315063,0.5003353357315063,0.0,0.0,True
2011-09-23,0.557165265083313,0.557165265083313,0.0,0.6374875498118723,True
2011-09-26,0.5824933052062988,0.5824933052062988,0.0,0.6374875498118723,True
2011-09-27,0.6080086827278137,0.6080086827278137,0.0,0.6374875498118723,True
2011-09-28,0.606521725654602,0.606521725654602,0.0,0.6374875498118723,True
2011-09-29,0.49561312794685364,0.49561312794685364,0.0,0.0,True
2011-09-30,0.559709370136261,0.559709370136261,0.0,0.6345867960809676,True
2011-10-03,0.6390370726585388,0.6390370726585388,0.0,0.6345867960809676,True
2011-10-04,0.5839886665344238,0.5839886665344238,0.0,0.6345867960809676,True
2011-10-05,0.61585932970047,0.61585932970047,0.0,0.6345867960809676,True
2011-10-06,0.6485758423805237,0.6485758423805237,0.0,0.6345867960809676,True
2011-10-07,0.5650967359542847,0.5650967359542847,0.0,0.6345867960809676,True
2011-10-10,0.5037773251533508,0.5037773251533508,0.0,0.0,True
2011-10-11,0.4798411428928375,0.4798411428928375,0.0,0.0,True
2011-10-12,0.5025351047515869,0.5025351047515869,0.0,0.0,True
2011-10-13,0.4761664867401123,0.4761664867401123,0.0,0.0,True
2011-10-14,0.5261369943618774,0.5261369943618774,0.0,0.45664928998362997,True
2011-10-17,0.5531725287437439,0.5531725287437439,0.0,0.45664928998362997,True
2011-10-18,0.5355567932128906,0.5355567932128906,0.0,0.45664928998362997,True
2011-10-19,0.4887043237686157,0.4887043237686157,0.0,0.0,True
2011-10-20,0.4900197684764862,0.4900197684764862,0.0,0.0,True
2011-10-21,0.5009974241256714,0.5009974241256714,0.0,0.0,True
2011-10-24,0.4785429835319519,0.4785429835319519,0.0,0.0,True
2011-10-25,0.4918561279773712,0.4918561279773712,0.0,0.0,True
2011-10-26,0.5264338254928589,0.5264338254928589,0.0,0.38427944278641213,True
2011-10-27,0.5603156685829163,0.5603156685829163,0.0,0.38427944278641213,True
2011-10-28,0.5138260126113892,0.5138260126113892,0.0,0.0,True
2011-10-31,0.5318903923034668,0.5318903923034668,0.0,0.40928697321554947,True
2011-11-01,0.47629237174987793,0.47629237174987793,0.0,0.0,True
2011-11-02,0.4887523949146271,0.4887523949146271,0.0,0.0,True
2011-11-03,0.5055030584335327,0.5055030584335327,0.0,0.0,True
2011-11-04,0.4607052206993103,0.4607052206993103,0.0,0.0,True
2011-11-07,0.47149771451950073,0.47149771451950073,0.0,0.0,True
2011-11-08,0.4794613718986511,0.4794613718986511,0.0,0.0,True
2011-11-09,0.5597353577613831,0.5597353577613831,0.0,0.4630153857771666,True
2011-11-10,0.5735360383987427,0.5735360383987427,0.0,0.4630153857771666,True
2011-11-11,0.6039357781410217,0.6039357781410217,0.0,0.4630153857771666,True
2011-11-14,0.5547969341278076,0.5547969341278076,0.0,0.4630153857771666,True
2011-11-15,0.520645022392273,0.520645022392273,0.0,0.4630153857771666,True
2011-11-16,0.5728908181190491,0.5728908181190491,0.0,0.5864367326007892,True
2011-11-17,0.5881488919258118,0.5881488919258118,0.0,0.5864367326007892,True
2011-11-18,0.6328127980232239,0.6328127980232239,0.0,0.5864367326007892,True
2011-11-21,0.5865939855575562,0.5865939855575562,0.0,0.5864367326007892,True
2011-11-22,0.5846163034439087,0.5846163034439087,0.0,0.5864367326007892,True
2011-11-23,0.5622720122337341,0.5622720122337341,0.0,0.5864367326007892,True
2011-11-25,0.551975667476654,0.551975667476654,0.0,0.5864367326007892,True
2011-11-28,0.43961381912231445,0.43961381912231445,0.0,0.0,True
2011-11-29,0.48427802324295044,0.48427802324295044,0.0,0.0,True
2011-11-30,0.5055047273635864,0.5055047273635864,0.0,0.0,True
2011-12-01,0.5587119460105896,0.5587119460105896,0.0,0.5043379027024322,True
2011-12-02,0.5513665080070496,0.5513665080070496,0.0,0.5043379027024322,True
2011-12-05,0.5035009384155273,0.5035009384155273,0.0,0.0,True
2011-12-06,0.4851515591144562,0.4851515591144562,0.0,0.0,True
2011-12-07,0.4494072198867798,0.4494072198867798,0.0,0.0,True
2011-12-08,0.4959927201271057,0.4959927201271057,0.0,0.0,True
2011-12-09,0.4458465278148651,0.4458465278148651,0.0,0.0,True
2011-12-12,0.519961953163147,0.519961953163147,0.0,0.0,True
2011-12-13,0.4920380413532257,0.4920380413532257,0.0,0.0,True
2011-12-14,0.4955882430076599,0.4955882430076599,0.0,0.0,True
2011-12-15,0.514100968837738,0.514100968837738,0.0,0.0,True
2011-12-16,0.48568153381347656,0.48568153381347656,0.0,0.0,True
2011-12-19,0.4797675907611847,0.4797675907611847,0.0,0.0,True
2011-12-20,0.6032347679138184,0.6032347679138184,0.0,0.5789180797958675,True
2011-12-21,0.6001750230789185,0.6001750230789185,0.0,0.5789180797958675,True
2011-12-22,0.5795344710350037,0.5795344710350037,0.0,0.5789180797958675,True
2011-12-23,0.6441670656204224,0.6441670656204224,0.0,0.5789180797958675,True
2011-12-27,0.6157219409942627,0.6157219409942627,0.0,0.7622420441196726,True
2011-12-28,0.544644296169281,0.544644296169281,0.0,0.7622420441196726,True
2011-12-29,0.5259118676185608,0.5259118676185608,0.0,0.7622420441196726,True
2011-12-30,0.44923603534698486,0.44923603534698486,0.0,0.0,True
2012-01-03,0.5264653563499451,0.5264653563499451,0.0,0.8138061300085384,True
2012-01-04,0.5661972761154175,0.5661972761154175,0.0,0.8138061300085384,True
2012-01-05,0.7147184610366821,0.7147184610366821,0.0,0.8138061300085384,True
2012-01-06,0.7118805646896362,0.7118805646896362,0.0,0.8138061300085384,True
2012-01-09,0.6524986624717712,0.6524986624717712,0.0,0.8138061300085384,True
2012-01-10,0.7316436767578125,0.7316436767578125,0.0,0.8138061300085384,True
2012-01-11,0.6585315465927124,0.6585315465927124,0.0,0.8138061300085384,True
2012-01-12,0.7282806634902954,0.7282806634902954,0.0,0.8138061300085384,True
2012-01-13,0.5991330742835999,0.5991330742835999,0.0,0.98617815768219,True
2012-01-17,0.6809448599815369,0.6809448599815369,0.0,0.98617815768219,True
2012-01-18,0.5852047801017761,0.5852047801017761,0.0,0.98617815768219,True
2012-01-19,0.5973310470581055,0.5973310470581055,0.0,0.98617815768219,True
2012-01-20,0.6152763962745667,0.6152763962745667,0.0,0.98617815768219,True
2012-01-23,0.651100754737854,0.651100754737854,0.0,0.98617815768219,True
2012-01-24,0.6226033568382263,0.6226033568382263,0.0,0.98617815768219,True
2012-01-25,0.6493926644325256,0.6493926644325256,0.0,0.5716877545711139,True
2012-01-26,0.6100949645042419,0.6100949645042419,0.0,0.5716877545711139,True
2012-01-27,0.6005750894546509,0.6005750894546509,0.0,0.5716877545711139,True
2012-01-30,0.5942489504814148,0.5942489504814148,0.0,0.5716877545711139,True
2012-01-31,0.6051225066184998,0.6051225066184998,0.0,0.5716877545711139,True
2012-02-01,0.6188352704048157,0.6188352704048157,0.0,0.5716877545711139,True
2012-02-02,0.6730806827545166,0.6730806827545166,0.0,0.5716877545711139,True
2012-02-03,0.656497061252594,0.656497061252594,0.0,0.5716877545711139,True
2012-02-06,0.7145043015480042,0.7145043015480042,0.0,0.5716877545711139,True
2012-02-07,0.7007644772529602,0.7007644772529602,0.0,0.5716877545711139,True
2012-02-08,0.6790693998336792,0.6790693998336792,0.0,0.5716877545711139,True
2012-02-09,0.557336688041687,0.557336688041687,0.0,0.5716877545711139,True
2012-02-10,0.5848343968391418,0.5848343968391418,0.0,0.5716877545711139,True
2012-02-13,0.5819035172462463,0.5819035172462463,0.0,0.5716877545711139,True
2012-02-14,0.5233790874481201,0.5233790874481201,0.0,0.5716877545711139,True
2012-02-15,0.5142289400100708,0.5142289400100708,0.0,0.0,True
2012-02-16,0.56452876329422,0.56452876329422,0.0,0.5063688085907865,True
2012-02-17,0.5959972143173218,0.5959972143173218,0.0,0.5063688085907865,True
2012-02-21,0.6218350529670715,0.6218350529670715,0.0,0.5063688085907865,True
2012-02-22,0.6203670501708984,0.6203670501708984,0.0,0.5063688085907865,True
2012-02-23,0.6642066240310669,0.6642066240310669,0.0,0.7745152705898017,True
2012-02-24,0.6248422861099243,0.6248422861099243,0.0,0.7745152705898017,True
2012-02-27,0.6456964612007141,0.6456964612007141,0.0,0.7745152705898017,True
2012-02-28,0.653135359287262,0.653135359287262,0.0,0.7745152705898017,True
2012-02-29,0.7541484236717224,0.7541484236717224,0.0,0.7745152705898017,True
2012-03-01,0.7342157959938049,0.7342157959938049,0.0,0.7745152705898017,True
2012-03-02,0.7031105160713196,0.7031105160713196,0.0,0.7745152705898017,True
2012-03-05,0.6292803883552551,0.6292803883552551,0.0,0.7745152705898017,True
2012-03-06,0.6728890538215637,0.6728890538215637,0.0,0.6743103685753906,True
2012-03-07,0.6385859847068787,0.6385859847068787,0.0,0.6743103685753906,True
2012-03-08,0.6440389156341553,0.6440389156341553,0.0,0.6743103685753906,True
2012-03-09,0.5929590463638306,0.5929590463638306,0.0,0.6743103685753906,True
2012-03-12,0.6434000730514526,0.6434000730514526,0.0,0.6743103685753906,True
2012-03-13,0.6697970628738403,0.6697970628738403,0.0,0.6743103685753906,True
2012-03-14,0.5748388767242432,0.5748388767242432,0.0,0.6743103685753906,True
2012-03-15,0.659298300743103,0.659298300743103,0.0,0.6743103685753906,True
2012-03-16,0.6679441928863525,0.6679441928863525,0.0,0.6743103685753906,True
2012-03-19,0.6895788311958313,0.6895788311958313,0.0,0.6743103685753906,True
2012-03-20,0.6797824501991272,0.6797824501991272,0.0,0.6743103685753906,True
2012-03-21,0.7151728272438049,0.7151728272438049,0.0,0.6743103685753906,True
2012-03-22,0.702904999256134,0.702904999256134,0.0,0.6743103685753906,True
2012-03-23,0.6651161909103394,0.6651161909103394,0.0,0.6743103685753906,True
2012-03-26,0.6841533184051514,0.6841533184051514,0.0,0.6743103685753906,True
2012-03-27,0.6980095505714417,0.6980095505714417,0.0,0.6743103685753906,True
2012-03-28,0.6776511073112488,0.6776511073112488,0.0,0.6743103685753906,True
2012-03-29,0.6311598420143127,0.6311598420143127,0.0,0.6743103685753906,True
2012-03-30,0.6618848443031311,0.6618848443031311,0.0,0.6743103685753906,True
2012-04-02,0.6115508079528809,0.6115508079528809,0.0,0.6743103685753906,True
2012-04-03,0.6319783926010132,0.6319783926010132,0.0,0.6743103685753906,True
2012-04-04,0.6351324915885925,0.6351324915885925,0.0,0.6743103685753906,True
2012-04-05,0.6363385319709778,0.6363385319709778,0.0,0.6743103685753906,True
2012-04-09,0.660857617855072,0.660857617855072,0.0,0.6743103685753906,True
2012-04-10,0.652501106262207,0.652501106262207,0.0,0.6743103685753906,True
2012-04-11,0.6320862770080566,0.6320862770080566,0.0,0.6743103685753906,True
2012-04-12,0.6109634041786194,0.6109634041786194,0.0,0.6743103685753906,True
2012-04-13,0.6093486547470093,0.6093486547470093,0.0,0.6743103685753906,True
2012-04-16,0.6433997750282288,0.6433997750282288,0.0,0.5257312500414085,True
2012-04-17,0.5537703633308411,0.5537703633308411,0.0,0.5257312500414085,True
2012-04-18,0.5004543662071228,0.5004543662071228,0.0,0.0,True
2012-04-19,0.5203112363815308,0.5203112363815308,0.0,0.43176024180653844,True
2012-04-20,0.49964821338653564,0.49964821338653564,0.0,0.0,True
2012-04-23,0.49633949995040894,0.49633949995040894,0.0,0.0,True
2012-04-24,0.5468376278877258,0.5468376278877258,0.0,0.423579206881923,True
2012-04-25,0.5827550888061523,0.5827550888061523,0.0,0.31170580869704934,True
2012-04-26,0.5091715455055237,0.5091715455055237,0.0,0.0,True
2012-04-27,0.5349432229995728,0.5349432229995728,0.0,0.3126949866133901,True
2012-04-30,0.5303195118904114,0.5303195118904114,0.0,0.3126949866133901,True
2012-05-01,0.5158369541168213,0.5158369541168213,0.0,0.0,True
2012-05-02,0.5052204132080078,0.5052204132080078,0.0,0.0,True
2012-05-03,0.527726411819458,0.527726411819458,0.0,0.3197294493785055,True
2012-05-04,0.506215512752533,0.506215512752533,0.0,0.0,True
2012-05-07,0.5382127165794373,0.5382127165794373,0.0,0.3169137884559508,True
2012-05-08,0.5011550784111023,0.5011550784111023,0.0,0.0,True
2012-05-09,0.5329944491386414,0.5329944491386414,0.0,0.317003825340751,True
2012-05-10,0.5082055926322937,0.5082055926322937,0.0,0.0,True
2012-05-11,0.5049252510070801,0.5049252510070801,0.0,0.0,True
2012-05-14,0.489391565322876,0.489391565322876,0.0,0.0,True
2012-05-15,0.5009759068489075,0.5009759068489075,0.0,0.0,True
2012-05-16,0.5230152010917664,0.5230152010917664,0.0,0.3741852582376382,True
2012-05-17,0.4845724403858185,0.4845724403858185,0.0,0.0,True
2012-05-18,0.5135331153869629,0.5135331153869629,0.0,0.0,True
2012-05-21,0.5764407515525818,0.5764407515525818,0.0,0.33533938015829967,True
2012-05-22,0.5034431219100952,0.5034431219100952,0.0,0.0,True
2012-05-23,0.4763268232345581,0.4763268232345581,0.0,0.0,True
2012-05-24,0.4626060724258423,0.4626060724258423,0.0,0.0,True
2012-05-25,0.4846615791320801,0.4846615791320801,0.0,0.0,True
2012-05-29,0.5056591629981995,0.5056591629981995,0.0,0.0,True
2012-05-30,0.5074594616889954,0.5074594616889954,0.0,0.0,True
2012-05-31,0.4791431427001953,0.4791431427001953,0.0,0.0,True
2012-06-01,0.47422781586647034,0.47422781586647034,0.0,0.0,True
2012-06-04,0.4649387001991272,0.4649387001991272,0.0,0.0,True
2012-06-05,0.4820004105567932,0.4820004105567932,0.0,0.0,True
2012-06-06,0.5499491691589355,0.5499491691589355,0.0,0.4881866526864155,True
2012-06-07,0.5505242347717285,0.5505242347717285,0.0,0.4881866526864155,True
2012-06-08,0.5467004179954529,0.5467004179954529,0.0,0.4881866526864155,True
2012-06-11,0.5152425169944763,0.5152425169944763,0.0,0.0,True
2012-06-12,0.5370733141899109,0.5370733141899109,0.0,0.4809503313815068,True
2012-06-13,0.49860402941703796,0.49860402941703796,0.0,0.0,True
2012-06-14,0.4818330407142639,0.4818330407142639,0.0,0.0,True
2012-06-15,0.4247874319553375,0.4247874319553375,0.0,0.0,True
2012-06-18,0.5619103908538818,0.5619103908538818,0.0,0.5209727158304404,True
2012-06-19,0.5164529085159302,0.5164529085159302,0.0,0.0,True
2012-06-20,0.49581092596054077,0.49581092596054077,0.0,0.0,True
2012-06-21,0.5305463671684265,0.5305463671684265,0.0,0.7615663403710506,True
2012-06-22,0.5922594666481018,0.5922594666481018,0.0,0.7615663403710506,True
2012-06-25,0.47439971566200256,0.47439971566200256,0.0,0.0,True
2012-06-26,0.49684029817581177,0.49684029817581177,0.0,0.0,True
2012-06-27,0.5222575664520264,0.5222575664520264,0.0,0.7756116093733129,True
2012-06-28,0.5460130572319031,0.5460130572319031,0.0,0.7756116093733129,True
2012-06-29,0.5761234760284424,0.5761234760284424,0.0,0.7756116093733129,True
2012-07-02,0.6379356980323792,0.6379356980323792,0.0,0.7756116093733129,True
2012-07-03,0.6544568538665771,0.6544568538665771,0.0,0.7756116093733129,True
2012-07-05,0.6123063564300537,0.6123063564300537,0.0,0.7756116093733129,True
2012-07-06,0.577543318271637,0.577543318271637,0.0,0.7756116093733129,True
2012-07-09,0.5824336409568787,0.5824336409568787,0.0,0.7756116093733129,True
2012-07-10,0.6395890116691589,0.6395890116691589,0.0,0.7756116093733129,True
2012-07-11,0.625091016292572,0.625091016292572,0.0,0.7756116093733129,True
2012-07-12,0.587916910648346,0.587916910648346,0.0,0.7756116093733129,True
2012-07-13,0.6280227303504944,0.6280227303504944,0.0,0.7756116093733129,True
2012-07-16,0.5676444172859192,0.5676444172859192,0.0,0.7756116093733129,True
2012-07-17,0.6006748676300049,0.6006748676300049,0.0,0.7756116093733129,True
2012-07-18,0.644905686378479,0.644905686378479,0.0,0.7756116093733129,True
2012-07-19,0.697860062122345,0.697860062122345,0.0,0.7756116093733129,True
2012-07-20,0.6194620132446289,0.6194620132446289,0.0,0.7756116093733129,True
2012-07-23,0.6298301219940186,0.6298301219940186,0.0,0.7756116093733129,True
2012-07-24,0.6694058179855347,0.6694058179855347,0.0,0.7756116093733129,True
2012-07-25,0.5597220659255981,0.5597220659255981,0.0,0.6262467873161849,True
2012-07-26,0.6062780022621155,0.6062780022621155,0.0,0.6262467873161849,True
2012-07-27,0.5558061003684998,0.5558061003684998,0.0,0.6262467873161849,True
2012-07-30,0.5480511784553528,0.5480511784553528,0.0,0.6262467873161849,True
2012-07-31,0.6230272054672241,0.6230272054672241,0.0,0.6262467873161849,True
2012-08-01,0.5812812447547913,0.5812812447547913,0.0,0.6262467873161849,True
2012-08-02,0.5871199369430542,0.5871199369430542,0.0,0.6262467873161849,True
2012-08-03,0.6009513735771179,0.6009513735771179,0.0,0.6262467873161849,True
2012-08-06,0.6182559728622437,0.6182559728622437,0.0,0.6262467873161849,True
2012-08-07,0.5298945307731628,0.5298945307731628,0.0,0.6262467873161849,True
2012-08-08,0.5071759223937988,0.5071759223937988,0.0,0.0,True
2012-08-09,0.5299925208091736,0.5299925208091736,0.0,0.6480170327092379,True
2012-08-10,0.5837313532829285,0.5837313532829285,0.0,0.6480170327092379,True
2012-08-13,0.6416102647781372,0.6416102647781372,0.0,0.6480170327092379,True
2012-08-14,0.6902122497558594,0.6902122497558594,0.0,0.6480170327092379,True
2012-08-15,0.6497364044189453,0.6497364044189453,0.0,0.6480170327092379,True
2012-08-16,0.658406138420105,0.658406138420105,0.0,0.6480170327092379,True
2012-08-17,0.6043307185173035,0.6043307185173035,0.0,0.6480170327092379,True
2012-08-20,0.6124460101127625,0.6124460101127625,0.0,0.6480170327092379,True
2012-08-21,0.5891571640968323,0.5891571640968323,0.0,0.6480170327092379,True
2012-08-22,0.6466878056526184,0.6466878056526184,0.0,0.8563842339821132,True
2012-08-23,0.6669567227363586,0.6669567227363586,0.0,0.8563842339821132,True
2012-08-24,0.6110923886299133,0.6110923886299133,0.0,0.8563842339821132,True
2012-08-27,0.6641242504119873,0.6641242504119873,0.0,0.8563842339821132,True
2012-08-28,0.6324193477630615,0.6324193477630615,0.0,0.8563842339821132,True
2012-08-29,0.6607401967048645,0.6607401967048645,0.0,0.8563842339821132,True
2012-08-30,0.6287136673927307,0.6287136673927307,0.0,0.8563842339821132,True
2012-08-31,0.6323938369750977,0.6323938369750977,0.0,0.8563842339821132,True
2012-09-04,0.6829608678817749,0.6829608678817749,0.0,0.8563842339821132,True
2012-09-05,0.658132791519165,0.658132791519165,0.0,0.8563842339821132,True
2012-09-06,0.6943778395652771,0.6943778395652771,0.0,0.8563842339821132,True
2012-09-07,0.5546081066131592,0.5546081066131592,0.0,0.8563842339821132,True
2012-09-10,0.5984440445899963,0.5984440445899963,0.0,0.7103461475292014,True
2012-09-11,0.6406769752502441,0.6406769752502441,0.0,0.7103461475292014,True
2012-09-12,0.6526980400085449,0.6526980400085449,0.0,0.7103461475292014,True
2012-09-13,0.6714280843734741,0.6714280843734741,0.0,0.7103461475292014,True
2012-09-14,0.6490384936332703,0.6490384936332703,0.0,0.7103461475292014,True
2012-09-17,0.6444656252861023,0.6444656252861023,0.0,0.7103461475292014,True
2012-09-18,0.7272117733955383,0.7272117733955383,0.0,0.7103461475292014,True
2012-09-19,0.48989617824554443,0.48989617824554443,0.0,0.0,True
2012-09-20,0.5912842154502869,0.5912842154502869,0.0,0.8179109806420095,True
2012-09-21,0.6714356541633606,0.6714356541633606,0.0,0.8179109806420095,True
2012-09-24,0.6206530928611755,0.6206530928611755,0.0,0.8179109806420095,True
2012-09-25,0.5970337986946106,0.5970337986946106,0.0,0.8179109806420095,True
2012-09-26,0.627978503704071,0.627978503704071,0.0,0.8179109806420095,True
2012-09-27,0.6439228057861328,0.6439228057861328,0.0,0.6745484927913035,True
2012-09-28,0.6166074872016907,0.6166074872016907,0.0,0.6745484927913035,True
2012-10-01,0.6391806602478027,0.6391806602478027,0.0,0.6745484927913035,True
2012-10-02,0.6553301215171814,0.6553301215171814,0.0,0.6745484927913035,True
2012-10-03,0.6597869396209717,0.6597869396209717,0.0,0.6745484927913035,True
2012-10-04,0.661534309387207,0.661534309387207,0.0,0.6745484927913035,True
2012-10-05,0.6153409481048584,0.6153409481048584,0.0,0.6745484927913035,True
2012-10-08,0.6114071607589722,0.6114071607589722,0.0,0.6745484927913035,True
2012-10-09,0.646376371383667,0.646376371383667,0.0,0.6745484927913035,True
2012-10-10,0.6671278476715088,0.6671278476715088,0.0,0.6745484927913035,True
2012-10-11,0.6479750871658325,0.6479750871658325,0.0,0.6745484927913035,True
2012-10-12,0.6499552130699158,0.6499552130699158,0.0,0.6745484927913035,True
2012-10-15,0.6252572536468506,0.6252572536468506,0.0,0.6745484927913035,True
2012-10-16,0.5877434015274048,0.5877434015274048,0.0,0.6745484927913035,True
2012-10-17,0.5494030714035034,0.5494030714035034,0.0,0.6745484927913035,True
2012-10-18,0.5945572257041931,0.5945572257041931,0.0,0.6745484927913035,True
2012-10-19,0.4941391050815582,0.4941391050815582,0.0,0.0,True
2012-10-22,0.47134584188461304,0.47134584188461304,0.0,0.0,True
2012-10-23,0.4190143048763275,0.4190143048763275,0.0,0.0,True
2012-10-24,0.4323573708534241,0.4323573708534241,0.0,0.0,True
2012-10-25,0.4431265592575073,0.4431265592575073,0.0,0.0,True
2012-10-26,0.42606204748153687,0.42606204748153687,0.0,0.0,True
2012-10-31,0.49386975169181824,0.49386975169181824,0.0,0.0,True
2012-11-01,0.45392152667045593,0.45392152667045593,0.0,0.0,True
2012-11-02,0.5531105995178223,0.5531105995178223,0.0,0.4955778268236295,True
2012-11-05,0.5537601709365845,0.5537601709365845,0.0,0.4955778268236295,True
2012-11-06,0.5472166538238525,0.5472166538238525,0.0,0.4955778268236295,True
2012-11-07,0.547507107257843,0.547507107257843,0.0,0.4955778268236295,True
2012-11-08,0.5035471320152283,0.5035471320152283,0.0,0.0,True
2012-11-09,0.5082288384437561,0.5082288384437561,0.0,0.0,True
2012-11-12,0.4963563084602356,0.4963563084602356,0.0,0.0,True
2012-11-13,0.5000373125076294,0.5000373125076294,0.0,0.0,True
2012-11-14,0.532799243927002,0.532799243927002,0.0,0.44224211136944525,True
2012-11-15,0.47764045000076294,0.47764045000076294,0.0,0.0,True
2012-11-16,0.4613451659679413,0.4613451659679413,0.0,0.0,True
2012-11-19,0.5659383535385132,0.5659383535385132,0.0,0.3467837913263402,True
2012-11-20,0.494157612323761,0.494157612323761,0.0,0.0,True
2012-11-21,0.47797656059265137,0.47797656059265137,0.0,0.0,True
2012-11-23,0.34881147742271423,0.34881147742271423,0.0,0.0,True
2012-11-26,0.4402320683002472,0.4402320683002472,0.0,0.0,True
2012-11-27,0.38308295607566833,0.38308295607566833,0.0,0.0,True
2012-11-28,0.4304489493370056,0.4304489493370056,0.0,0.0,True
2012-11-29,0.44441401958465576,0.44441401958465576,0.0,0.0,True
2012-11-30,0.38733750581741333,0.38733750581741333,0.0,0.0,True
2012-12-03,0.42758339643478394,0.42758339643478394,0.0,0.0,True
2012-12-04,0.4420129656791687,0.4420129656791687,0.0,0.0,True
2012-12-05,0.5356603860855103,0.5356603860855103,0.0,0.338897328408895,True
2012-12-06,0.5148252248764038,0.5148252248764038,0.0,0.0,True
2012-12-07,0.5121839046478271,0.5121839046478271,0.0,0.0,True
2012-12-10,0.49125778675079346,0.49125778675079346,0.0,0.0,True
2012-12-11,0.4673416018486023,0.4673416018486023,0.0,0.0,True
2012-12-12,0.4595801532268524,0.4595801532268524,0.0,0.0,True
2012-12-13,0.4849902093410492,0.4849902093410492,0.0,0.0,True
2012-12-14,0.5272451043128967,0.5272451043128967,0.0,0.34313136404888317,True
2012-12-17,0.504527747631073,0.504527747631073,0.0,0.0,True
2012-12-18,0.4513426721096039,0.4513426721096039,0.0,0.0,True
2012-12-19,0.4510239064693451,0.4510239064693451,0.0,0.0,True
2012-12-20,0.4743806719779968,0.4743806719779968,0.0,0.0,True
2012-12-21,0.5073437094688416,0.5073437094688416,0.0,0.0,True
2012-12-24,0.3614823818206787,0.3614823818206787,0.0,0.0,True
2012-12-26,0.4550732374191284,0.4550732374191284,0.0,0.0,True
2012-12-27,0.40994468331336975,0.40994468331336975,0.0,0.0,True
2012-12-28,0.4062015414237976,0.4062015414237976,0.0,0.0,True
2012-12-31,0.4440348744392395,0.4440348744392395,0.0,0.0,True
2013-01-02,0.5069299936294556,0.5069299936294556,0.0,0.0,True
2013-01-03,0.5303048491477966,0.5303048491477966,0.0,0.3752574850947697,True
2013-01-04,0.49773454666137695,0.49773454666137695,0.0,0.0,True
2013-01-07,0.5195230841636658,0.5195230841636658,0.0,0.0,True
2013-01-08,0.5091370344161987,0.5091370344161987,0.0,0.0,True
2013-01-09,0.46573302149772644,0.46573302149772644,0.0,0.0,True
2013-01-10,0.4872858226299286,0.4872858226299286,0.0,0.0,True
2013-01-11,0.42540326714515686,0.42540326714515686,0.0,0.0,True
2013-01-14,0.5335457921028137,0.5335457921028137,0.0,0.4411464017308641,True
2013-01-15,0.5241186022758484,0.5241186022758484,0.0,0.4411464017308641,True
2013-01-16,0.4483800530433655,0.4483800530433655,0.0,0.0,True
2013-01-17,0.4530544579029083,0.4530544579029083,0.0,0.0,True
2013-01-18,0.4629381597042084,0.4629381597042084,0.0,0.0,True
2013-01-22,0.5261352062225342,0.5261352062225342,0.0,0.4381713279067966,True
2013-01-23,0.5080735683441162,0.5080735683441162,0.0,0.0,True
2013-01-24,0.3202904760837555,0.3202904760837555,1.0,0.0,True
2013-01-25,0.37339726090431213,0.37339726090431213,1.0,0.0,True
2013-01-28,0.407649427652359,0.407649427652359,1.0,0.0,True
2013-01-29,0.4140682518482208,0.4140682518482208,1.0,0.0,True
2013-01-30,0.39924848079681396,0.39924848079681396,1.0,0.0,True
2013-01-31,0.40533116459846497,0.40533116459846497,0.0,0.0,True
2013-02-01,0.46487829089164734,0.46487829089164734,0.0,0.0,True
2013-02-04,0.4405321180820465,0.4405321180820465,0.0,0.0,True
2013-02-05,0.4363769292831421,0.4363769292831421,1.0,0.0,True
2013-02-06,0.4691588580608368,0.4691588580608368,1.0,0.0,True
2013-02-07,0.36769935488700867,0.36769935488700867,1.0,0.0,True
2013-02-08,0.37803414463996887,0.37803414463996887,1.0,0.0,True
2013-02-11,0.38341718912124634,0.38341718912124634,1.0,0.0,True
2013-02-12,0.4257393479347229,0.4257393479347229,1.0,0.0,True
2013-02-13,0.4309067726135254,0.4309067726135254,1.0,0.0,True
2013-02-14,0.41503822803497314,0.41503822803497314,0.0,0.0,True
2013-02-15,0.4120613932609558,0.4120613932609558,0.0,0.0,True
2013-02-19,0.39937925338745117,0.39937925338745117,0.0,0.0,True
2013-02-20,0.4343983829021454,0.4343983829021454,0.0,0.0,True
2013-02-21,0.4715474247932434,0.4715474247932434,0.0,0.0,True
2013-02-22,0.4364677965641022,0.4364677965641022,0.0,0.0,True
2013-02-25,0.45446649193763733,0.45446649193763733,0.0,0.0,True
2013-02-26,0.5688652992248535,0.5688652992248535,0.0,0.5548528160403869,True
2013-02-27,0.5818461775779724,0.5818461775779724,0.0,0.5548528160403869,True
2013-02-28,0.5354346632957458,0.5354346632957458,0.0,0.5548528160403869,True
2013-03-01,0.5319400429725647,0.5319400429725647,0.0,0.5548528160403869,True
2013-03-04,0.5490615963935852,0.5490615963935852,0.0,0.5548528160403869,True
2013-03-05,0.49199971556663513,0.49199971556663513,0.0,0.0,True
2013-03-06,0.48726698756217957,0.48726698756217957,0.0,0.0,True
2013-03-07,0.48972287774086,0.48972287774086,0.0,0.0,True
2013-03-08,0.45301511883735657,0.45301511883735657,0.0,0.0,True
2013-03-11,0.5706123113632202,0.5706123113632202,0.0,0.6197965904693274,True
2013-03-12,0.5242381691932678,0.5242381691932678,0.0,0.6197965904693274,True
2013-03-13,0.546663761138916,0.546663761138916,0.0,0.6197965904693274,True
2013-03-14,0.5374764204025269,0.5374764204025269,0.0,0.6197965904693274,True
2013-03-15,0.5412564873695374,0.5412564873695374,0.0,0.6197965904693274,True
2013-03-18,0.543893575668335,0.543893575668335,0.0,0.6197965904693274,True
2013-03-19,0.5255581736564636,0.5255581736564636,0.0,0.6197965904693274,True
2013-03-20,0.5564686059951782,0.5564686059951782,0.0,0.6197965904693274,True
2013-03-21,0.5702335834503174,0.5702335834503174,0.0,0.6197965904693274,True
2013-03-22,0.6139143705368042,0.6139143705368042,0.0,0.6197965904693274,True
2013-03-25,0.5257633924484253,0.5257633924484253,0.0,0.6197965904693274,True
2013-03-26,0.49611592292785645,0.49611592292785645,0.0,0.0,True
2013-03-27,0.5509585738182068,0.5509585738182068,0.0,0.5672528139479779,True
2013-03-28,0.5767660140991211,0.5767660140991211,0.0,0.5672528139479779,True
2013-04-01,0.5231505036354065,0.5231505036354065,0.0,0.5672528139479779,True
2013-04-02,0.5844773054122925,0.5844773054122925,0.0,0.5672528139479779,True
2013-04-03,0.594791054725647,0.594791054725647,0.0,0.5672528139479779,True
2013-04-04,0.629306435585022,0.629306435585022,0.0,0.5672528139479779,True
2013-04-05,0.6309447884559631,0.6309447884559631,0.0,0.5672528139479779,True
2013-04-08,0.4760472774505615,0.4760472774505615,0.0,0.0,True
2013-04-09,0.48666638135910034,0.48666638135910034,0.0,0.0,True
2013-04-10,0.5897526741027832,0.5897526741027832,0.0,0.6164124574100811,True
2013-04-11,0.49048224091529846,0.49048224091529846,0.0,0.0,True
2013-04-12,0.47022679448127747,0.47022679448127747,0.0,0.0,True
2013-04-15,0.5490258932113647,0.5490258932113647,0.0,0.6327349698309822,True
2013-04-16,0.5457115769386292,0.5457115769386292,0.0,0.6327349698309822,True
2013-04-17,0.38493525981903076,0.38493525981903076,0.0,0.0,True
2013-04-18,0.4102778732776642,0.4102778732776642,0.0,0.0,True
2013-04-19,0.38051527738571167,0.38051527738571167,0.0,0.0,True
2013-04-22,0.3840353190898895,0.3840353190898895,0.0,0.0,True
2013-04-23,0.4204805791378021,0.4204805791378021,0.0,0.0,True
2013-04-24,0.5369592308998108,0.5369592308998108,0.0,0.4873376135126688,True
2013-04-25,0.4353480339050293,0.4353480339050293,0.0,0.0,True
2013-04-26,0.45005783438682556,0.45005783438682556,0.0,0.0,True
2013-04-29,0.48371562361717224,0.48371562361717224,0.0,0.0,True
2013-04-30,0.5203551054000854,0.5203551054000854,0.0,0.4489626303064756,True
2013-05-01,0.49937552213668823,0.49937552213668823,0.0,0.0,True
2013-05-02,0.5092570185661316,0.5092570185661316,0.0,0.0,True
2013-05-03,0.4712509512901306,0.4712509512901306,0.0,0.0,True
2013-05-06,0.49348771572113037,0.49348771572113037,0.0,0.0,True
2013-05-07,0.5492188930511475,0.5492188930511475,0.0,0.4379070918943394,True
2013-05-08,0.5071335434913635,0.5071335434913635,0.0,0.0,True
2013-05-09,0.5602176189422607,0.5602176189422607,0.0,0.44093262971121644,True
2013-05-10,0.5618829727172852,0.5618829727172852,0.0,0.44093262971121644,True
2013-05-13,0.5501495599746704,0.5501495599746704,0.0,0.44093262971121644,True
2013-05-14,0.5192816853523254,0.5192816853523254,0.0,0.0,True
2013-05-15,0.5705991983413696,0.5705991983413696,0.0,0.5089038067550251,True
2013-05-16,0.544879138469696,0.544879138469696,0.0,0.5089038067550251,True
2013-05-17,0.5099668502807617,0.5099668502807617,0.0,0.0,True
2013-05-20,0.5173435211181641,0.5173435211181641,0.0,0.0,True
2013-05-21,0.5130178928375244,0.5130178928375244,0.0,0.0,True
2013-05-22,0.4708460867404938,0.4708460867404938,0.0,0.0,True
2013-05-23,0.4936502277851105,0.4936502277851105,0.0,0.0,True
2013-05-24,0.5087434649467468,0.5087434649467468,0.0,0.0,True
2013-05-28,0.5823157429695129,0.5823157429695129,0.0,0.6049439981780276,True
2013-05-29,0.618522584438324,0.618522584438324,0.0,0.6049439981780276,True
2013-05-30,0.550693690776825,0.550693690776825,0.0,0.6049439981780276,True
2013-05-31,0.5382333397865295,0.5382333397865295,0.0,0.6049439981780276,True
2013-06-03,0.5066307187080383,0.5066307187080383,0.0,0.0,True
2013-06-04,0.5302568078041077,0.5302568078041077,0.0,0.7280304182928004,True
2013-06-05,0.5069810748100281,0.5069810748100281,0.0,0.0,True
2013-06-06,0.5244834423065186,0.5244834423065186,0.0,0.7210417967240146,True
2013-06-07,0.5292335152626038,0.5292335152626038,0.0,0.7210417967240146,True
2013-06-10,0.5123326778411865,0.5123326778411865,0.0,0.0,True
2013-06-11,0.49464887380599976,0.49464887380599976,0.0,0.0,True
2013-06-12,0.47474074363708496,0.47474074363708496,0.0,0.0,True
2013-06-13,0.6631323099136353,0.6631323099136353,0.0,0.9638662350505575,True
2013-06-14,0.6436648368835449,0.6436648368835449,0.0,0.9638662350505575,True
2013-06-17,0.6236361861228943,0.6236361861228943,0.0,0.9638662350505575,True
2013-06-18,0.6161191463470459,0.6161191463470459,0.0,0.9638662350505575,True
2013-06-19,0.6388789415359497,0.6388789415359497,0.0,0.9638662350505575,True
2013-06-20,0.6394443511962891,0.6394443511962891,0.0,0.9638662350505575,True
2013-06-21,0.702119767665863,0.702119767665863,0.0,0.9638662350505575,True
2013-06-24,0.6029523015022278,0.6029523015022278,0.0,0.9638662350505575,True
2013-06-25,0.63702791929245,0.63702791929245,0.0,0.9638662350505575,True
2013-06-26,0.6475648283958435,0.6475648283958435,0.0,0.9638662350505575,True
2013-06-27,0.7335273027420044,0.7335273027420044,0.0,0.9638662350505575,True
2013-06-28,0.6717885732650757,0.6717885732650757,0.0,0.9638662350505575,True
2013-07-01,0.5411956906318665,0.5411956906318665,0.0,0.7369082154461067,True
2013-07-02,0.5439302325248718,0.5439302325248718,0.0,0.7369082154461067,True
2013-07-03,0.524861752986908,0.524861752986908,0.0,0.7369082154461067,True
2013-07-05,0.5282795429229736,0.5282795429229736,0.0,0.7369082154461067,True
2013-07-08,0.5337443947792053,0.5337443947792053,0.0,0.7369082154461067,True
2013-07-09,0.5418292880058289,0.5418292880058289,0.0,0.7369082154461067,True
2013-07-10,0.41280999779701233,0.41280999779701233,0.0,0.0,True
2013-07-11,0.5422001481056213,0.5422001481056213,0.0,0.6360975750772746,True
2013-07-12,0.45142418146133423,0.45142418146133423,0.0,0.0,True
2013-07-15,0.4699288606643677,0.4699288606643677,0.0,0.0,True
2013-07-16,0.48076969385147095,0.48076969385147095,0.0,0.0,True
2013-07-17,0.46659794449806213,0.46659794449806213,0.0,0.0,True
2013-07-18,0.5050085186958313,0.5050085186958313,0.0,0.0,True
2013-07-19,0.4827500283718109,0.4827500283718109,0.0,0.0,True
2013-07-22,0.44409823417663574,0.44409823417663574,0.0,0.0,True
2013-07-23,0.5441258549690247,0.5441258549690247,0.0,0.745375719942341,True
2013-07-24,0.6959649920463562,0.6959649920463562,0.0,0.5632191155668183,True
2013-07-25,0.6314374804496765,0.6314374804496765,0.0,0.5632191155668183,True
2013-07-26,0.6522344946861267,0.6522344946861267,0.0,0.5632191155668183,True
2013-07-29,0.6867932081222534,0.6867932081222534,0.0,0.5632191155668183,True
2013-07-30,0.6143767237663269,0.6143767237663269,0.0,0.5632191155668183,True
2013-07-31,0.5494503974914551,0.5494503974914551,0.0,0.5632191155668183,True
2013-08-01,0.6062243580818176,0.6062243580818176,0.0,0.5632191155668183,True
2013-08-02,0.6517353057861328,0.6517353057861328,0.0,0.5632191155668183,True
2013-08-05,0.692672848701477,0.692672848701477,0.0,0.5632191155668183,True
2013-08-06,0.553893506526947,0.553893506526947,0.0,0.5632191155668183,True
2013-08-07,0.5403767228126526,0.5403767228126526,0.0,0.5632191155668183,True
2013-08-08,0.5387367010116577,0.5387367010116577,0.0,0.5632191155668183,True
2013-08-09,0.5207122564315796,0.5207122564315796,0.0,0.5632191155668183,True
2013-08-12,0.6324515342712402,0.6324515342712402,0.0,0.5632191155668183,True
2013-08-13,0.5669155120849609,0.5669155120849609,0.0,0.5632191155668183,True
2013-08-14,0.5797361135482788,0.5797361135482788,0.0,0.5632191155668183,True
2013-08-15,0.5837394595146179,0.5837394595146179,0.0,0.5632191155668183,True
2013-08-16,0.5808690190315247,0.5808690190315247,0.0,0.5632191155668183,True
2013-08-19,0.6140766143798828,0.6140766143798828,0.0,0.5632191155668183,True
2013-08-20,0.5796976685523987,0.5796976685523987,0.0,0.5632191155668183,True
2013-08-21,0.6417025923728943,0.6417025923728943,0.0,0.5632191155668183,True
2013-08-22,0.6516686677932739,0.6516686677932739,0.0,0.5632191155668183,True
2013-08-23,0.5840698480606079,0.5840698480606079,0.0,0.5632191155668183,True
2013-08-26,0.6438055038452148,0.6438055038452148,0.0,0.5632191155668183,True
2013-08-27,0.6573702096939087,0.6573702096939087,0.0,0.5632191155668183,True
2013-08-28,0.674260139465332,0.674260139465332,0.0,0.5632191155668183,True
2013-08-29,0.6487744450569153,0.6487744450569153,0.0,0.5632191155668183,True
2013-08-30,0.6221277713775635,0.6221277713775635,0.0,0.5632191155668183,True
2013-09-03,0.6388940811157227,0.6388940811157227,0.0,0.5632191155668183,True
2013-09-04,0.6036102175712585,0.6036102175712585,0.0,0.5632191155668183,True
2013-09-05,0.5528650879859924,0.5528650879859924,0.0,0.5632191155668183,True
2013-09-06,0.6144132018089294,0.6144132018089294,0.0,0.5632191155668183,True
2013-09-09,0.5809005498886108,0.5809005498886108,0.0,0.5632191155668183,True
2013-09-10,0.5783711075782776,0.5783711075782776,0.0,0.5632191155668183,True
2013-09-11,0.49374401569366455,0.49374401569366455,0.0,0.0,True
2013-09-12,0.5185773372650146,0.5185773372650146,0.0,0.0,True
2013-09-13,0.500839114189148,0.500839114189148,0.0,0.0,True
2013-09-16,0.5527211427688599,0.5527211427688599,0.0,0.5172895537778054,True
2013-09-17,0.5014887452125549,0.5014887452125549,0.0,0.0,True
2013-09-18,0.5210793614387512,0.5210793614387512,0.0,0.495341287843959,True
2013-09-19,0.5076166987419128,0.5076166987419128,0.0,0.0,True
2013-09-20,0.5242412686347961,0.5242412686347961,0.0,0.4821299537211467,True
2013-09-23,0.5435972809791565,0.5435972809791565,0.0,0.4821299537211467,True
2013-09-24,0.5292083024978638,0.5292083024978638,0.0,0.4821299537211467,True
2013-09-25,0.4745240807533264,0.4745240807533264,0.0,0.0,True
2013-09-26,0.49278488755226135,0.49278488755226135,0.0,0.0,True
2013-09-27,0.4396585524082184,0.4396585524082184,0.0,0.0,True
2013-09-30,0.4376632273197174,0.4376632273197174,0.0,0.0,True
2013-10-01,0.44731447100639343,0.44731447100639343,0.0,0.0,True
2013-10-02,0.46784961223602295,0.46784961223602295,0.0,0.0,True
2013-10-03,0.4743214249610901,0.4743214249610901,0.0,0.0,True
2013-10-04,0.4708118438720703,0.4708118438720703,0.0,0.0,True
2013-10-07,0.5095155239105225,0.5095155239105225,0.0,0.0,True
2013-10-08,0.49250516295433044,0.49250516295433044,0.0,0.0,True
2013-10-09,0.5153069496154785,0.5153069496154785,0.0,0.0,True
2013-10-10,0.4846685826778412,0.4846685826778412,0.0,0.0,True
2013-10-11,0.5114957690238953,0.5114957690238953,0.0,0.0,True
2013-10-14,0.5353061556816101,0.5353061556816101,0.0,0.5989175851210485,True
2013-10-15,0.6609536409378052,0.6609536409378052,0.0,0.5989175851210485,True
2013-10-16,0.6567733883857727,0.6567733883857727,0.0,0.5989175851210485,True
2013-10-17,0.7102425694465637,0.7102425694465637,0.0,0.5989175851210485,True
2013-10-18,0.7026943564414978,0.7026943564414978,0.0,0.5989175851210485,True
2013-10-21,0.5326722860336304,0.5326722860336304,0.0,0.839690999151571,True
2013-10-22,0.5623409152030945,0.5623409152030945,0.0,0.839690999151571,True
2013-10-23,0.6455456018447876,0.6455456018447876,0.0,0.839690999151571,True
2013-10-24,0.6525065898895264,0.6525065898895264,0.0,0.839690999151571,True
2013-10-25,0.5820165276527405,0.5820165276527405,0.0,0.839690999151571,True
2013-10-28,0.6460834741592407,0.6460834741592407,0.0,0.839690999151571,True
2013-10-29,0.5654741525650024,0.5654741525650024,0.0,0.839690999151571,True
2013-10-30,0.5896105170249939,0.5896105170249939,0.0,0.839690999151571,True
2013-10-31,0.5770772695541382,0.5770772695541382,0.0,0.839690999151571,True
2013-11-01,0.5944288372993469,0.5944288372993469,0.0,0.839690999151571,True
2013-11-04,0.6123856902122498,0.6123856902122498,0.0,0.839690999151571,True
2013-11-05,0.5947561860084534,0.5947561860084534,0.0,0.839690999151571,True
2013-11-06,0.5080459713935852,0.5080459713935852,0.0,0.0,True
2013-11-07,0.5493897795677185,0.5493897795677185,0.0,0.8172505116917993,True
2013-11-08,0.6048353910446167,0.6048353910446167,0.0,0.8172505116917993,True
2013-11-11,0.5756924152374268,0.5756924152374268,0.0,0.8172505116917993,True
2013-11-12,0.5551073551177979,0.5551073551177979,0.0,0.8172505116917993,True
2013-11-13,0.5754384398460388,0.5754384398460388,0.0,0.8172505116917993,True
2013-11-14,0.5677236318588257,0.5677236318588257,0.0,0.8172505116917993,True
2013-11-15,0.4963851273059845,0.4963851273059845,0.0,0.0,True
2013-11-18,0.5412111282348633,0.5412111282348633,0.0,0.828183712195921,True
2013-11-19,0.5335443019866943,0.5335443019866943,0.0,0.828183712195921,True
2013-11-20,0.5417425036430359,0.5417425036430359,0.0,0.828183712195921,True
2013-11-21,0.5899197459220886,0.5899197459220886,0.0,0.828183712195921,True
2013-11-22,0.5273738503456116,0.5273738503456116,0.0,0.828183712195921,True
2013-11-25,0.5273898243904114,0.5273898243904114,0.0,0.828183712195921,True
2013-11-26,0.6651377081871033,0.6651377081871033,0.0,0.9340573427101956,True
2013-11-27,0.6324480175971985,0.6324480175971985,0.0,0.9340573427101956,True
2013-11-29,0.6226969957351685,0.6226969957351685,0.0,0.9340573427101956,True
2013-12-02,0.6230369210243225,0.6230369210243225,0.0,0.8268162840003318,True
2013-12-03,0.6491668820381165,0.6491668820381165,0.0,0.8268162840003318,True
2013-12-04,0.5981377363204956,0.5981377363204956,0.0,0.8268162840003318,True
2013-12-05,0.607361376285553,0.607361376285553,0.0,0.8268162840003318,True
2013-12-06,0.5678250789642334,0.5678250789642334,0.0,0.8268162840003318,True
2013-12-09,0.6153764128684998,0.6153764128684998,0.0,0.8268162840003318,True
2013-12-10,0.5280482769012451,0.5280482769012451,0.0,0.8268162840003318,True
2013-12-11,0.5473331809043884,0.5473331809043884,0.0,0.8268162840003318,True
2013-12-12,0.49920281767845154,0.49920281767845154,0.0,0.0,True
2013-12-13,0.5402678847312927,0.5402678847312927,0.0,0.7596397746357788,True
2013-12-16,0.6554339528083801,0.6554339528083801,0.0,0.7596397746357788,True
2013-12-17,0.6235678791999817,0.6235678791999817,0.0,0.7596397746357788,True
2013-12-18,0.6012239456176758,0.6012239456176758,0.0,0.7596397746357788,True
2013-12-19,0.5078248977661133,0.5078248977661133,0.0,0.0,True
2013-12-20,0.4956165850162506,0.4956165850162506,0.0,0.0,True
2013-12-23,0.5818630456924438,0.5818630456924438,0.0,0.6520612301380829,True
2013-12-24,0.5302320718765259,0.5302320718765259,0.0,0.6520612301380829,True
2013-12-26,0.5439004302024841,0.5439004302024841,0.0,0.6520612301380829,True
2013-12-27,0.524721086025238,0.524721086025238,0.0,0.6520612301380829,True
2013-12-30,0.5405542254447937,0.5405542254447937,0.0,0.6520612301380829,True
2013-12-31,0.5297838449478149,0.5297838449478149,0.0,0.6520612301380829,True
2014-01-02,0.5143741965293884,0.5143741965293884,0.0,0.0,True
2014-01-03,0.5614228248596191,0.5614228248596191,0.0,0.7226762125345425,True
2014-01-06,0.5979297161102295,0.5979297161102295,0.0,0.7226762125345425,True
2014-01-07,0.592864990234375,0.592864990234375,0.0,0.7226762125345425,True
2014-01-08,0.5746665596961975,0.5746665596961975,0.0,0.7226762125345425,True
2014-01-09,0.5845707654953003,0.5845707654953003,0.0,0.7226762125345425,True
2014-01-10,0.515368640422821,0.515368640422821,0.0,0.0,True
2014-01-13,0.5114894509315491,0.5114894509315491,0.0,0.0,True
2014-01-14,0.5774120092391968,0.5774120092391968,0.0,0.6911775968920613,True
2014-01-15,0.613955020904541,0.613955020904541,0.0,0.6911775968920613,True
2014-01-16,0.5620793104171753,0.5620793104171753,0.0,0.6911775968920613,True
2014-01-17,0.48905807733535767,0.48905807733535767,0.0,0.0,True
2014-01-21,0.5228155851364136,0.5228155851364136,0.0,0.6079721231583365,True
2014-01-22,0.5289829969406128,0.5289829969406128,0.0,0.6079721231583365,True
2014-01-23,0.5762724876403809,0.5762724876403809,0.0,0.737733440250543,True
2014-01-24,0.542709231376648,0.542709231376648,0.0,0.737733440250543,True
2014-01-27,0.6243550181388855,0.6243550181388855,0.0,0.737733440250543,True
2014-01-28,0.4492935836315155,0.4492935836315155,0.0,0.0,True
2014-01-29,0.47857749462127686,0.47857749462127686,0.0,0.0,True
2014-01-30,0.47667214274406433,0.47667214274406433,0.0,0.0,True
2014-01-31,0.49727243185043335,0.49727243185043335,0.0,0.0,True
2014-02-03,0.4383470118045807,0.4383470118045807,0.0,0.0,True
2014-02-04,0.494606077671051,0.494606077671051,0.0,0.0,True
2014-02-05,0.490953654050827,0.490953654050827,0.0,0.0,True
2014-02-06,0.48040658235549927,0.48040658235549927,0.0,0.0,True
2014-02-07,0.4856129288673401,0.4856129288673401,0.0,0.0,True
2014-02-10,0.48006123304367065,0.48006123304367065,0.0,0.0,True
2014-02-11,0.45205503702163696,0.45205503702163696,0.0,0.0,True
2014-02-12,0.41251176595687866,0.41251176595687866,0.0,0.0,True
2014-02-13,0.47384756803512573,0.47384756803512573,0.0,0.0,True
2014-02-14,0.3987680673599243,0.3987680673599243,0.0,0.0,True
2014-02-18,0.4805077314376831,0.4805077314376831,0.0,0.0,True
2014-02-19,0.45520585775375366,0.45520585775375366,0.0,0.0,True
2014-02-20,0.491587370634079,0.491587370634079,0.0,0.0,True
2014-02-21,0.4997592568397522,0.4997592568397522,0.0,0.0,True
2014-02-24,0.4790881872177124,0.4790881872177124,0.0,0.0,True
2014-02-25,0.48423969745635986,0.48423969745635986,0.0,0.0,True
2014-02-26,0.5756940245628357,0.5756940245628357,0.0,0.9052005159758657,True
2014-02-27,0.5704267621040344,0.5704267621040344,0.0,0.9052005159758657,True
2014-02-28,0.5727406144142151,0.5727406144142151,0.0,0.9052005159758657,True
2014-03-03,0.5398574471473694,0.5398574471473694,0.0,0.9052005159758657,True
2014-03-04,0.5878366827964783,0.5878366827964783,0.0,0.9052005159758657,True
2014-03-05,0.5981168746948242,0.5981168746948242,0.0,0.9052005159758657,True
2014-03-06,0.5363638997077942,0.5363638997077942,0.0,0.9052005159758657,True
2014-03-07,0.5412681102752686,0.5412681102752686,0.0,0.9052005159758657,True
2014-03-10,0.5293163657188416,0.5293163657188416,0.0,0.9052005159758657,True
2014-03-11,0.5968620777130127,0.5968620777130127,0.0,0.9052005159758657,True
2014-03-12,0.54189532995224,0.54189532995224,0.0,0.9052005159758657,True
2014-03-13,0.5786724090576172,0.5786724090576172,0.0,0.9052005159758657,True
2014-03-14,0.5990965962409973,0.5990965962409973,0.0,0.9052005159758657,True
2014-03-17,0.5501579642295837,0.5501579642295837,0.0,0.9052005159758657,True
2014-03-18,0.6284112930297852,0.6284112930297852,0.0,0.9052005159758657,True
2014-03-19,0.5959838032722473,0.5959838032722473,0.0,0.9052005159758657,True
2014-03-20,0.5912351608276367,0.5912351608276367,0.0,0.9052005159758657,True
2014-03-21,0.5628646016120911,0.5628646016120911,0.0,0.9052005159758657,True
2014-03-24,0.6908102631568909,0.6908102631568909,0.0,0.9052005159758657,True
2014-03-25,0.7278856039047241,0.7278856039047241,0.0,0.9052005159758657,True
2014-03-26,0.6169566512107849,0.6169566512107849,0.0,0.9052005159758657,True
2014-03-27,0.5714828372001648,0.5714828372001648,0.0,0.9052005159758657,True
2014-03-28,0.5393579602241516,0.5393579602241516,0.0,0.9052005159758657,True
2014-03-31,0.5481300354003906,0.5481300354003906,0.0,0.9052005159758657,True
2014-04-01,0.6804866790771484,0.6804866790771484,0.0,0.9052005159758657,True
2014-04-02,0.6699185967445374,0.6699185967445374,0.0,0.9052005159758657,True
2014-04-03,0.6512727737426758,0.6512727737426758,0.0,0.9052005159758657,True
2014-04-04,0.5505284667015076,0.5505284667015076,0.0,0.9052005159758657,True
2014-04-07,0.5877758860588074,0.5877758860588074,0.0,0.9052005159758657,True
2014-04-08,0.6051600575447083,0.6051600575447083,0.0,0.9052005159758657,True
2014-04-09,0.608902633190155,0.608902633190155,0.0,0.9052005159758657,True
2014-04-10,0.5590710639953613,0.5590710639953613,0.0,0.9052005159758657,True
2014-04-11,0.5948386192321777,0.5948386192321777,0.0,0.9052005159758657,True
2014-04-14,0.5733234882354736,0.5733234882354736,0.0,0.9052005159758657,True
2014-04-15,0.5937548875808716,0.5937548875808716,0.0,0.9052005159758657,True
2014-04-16,0.63709557056427,0.63709557056427,0.0,0.9052005159758657,True
2014-04-17,0.638888418674469,0.638888418674469,0.0,0.9052005159758657,True
2014-04-21,0.6160216927528381,0.6160216927528381,0.0,0.9052005159758657,True
2014-04-22,0.5806833505630493,0.5806833505630493,0.0,0.9052005159758657,True
2014-04-23,0.5811251997947693,0.5811251997947693,0.0,0.9052005159758657,True
2014-04-24,0.7222656011581421,0.7222656011581421,0.0,0.4591005811401635,True
2014-04-25,0.6665942668914795,0.6665942668914795,0.0,0.4591005811401635,True
2014-04-28,0.6326589584350586,0.6326589584350586,0.0,0.4591005811401635,True
2014-04-29,0.6665380597114563,0.6665380597114563,0.0,0.4591005811401635,True
2014-04-30,0.5698314905166626,0.5698314905166626,0.0,0.4591005811401635,True
2014-05-01,0.5788077116012573,0.5788077116012573,0.0,0.4591005811401635,True
2014-05-02,0.5567477345466614,0.5567477345466614,0.0,0.4591005811401635,True
2014-05-05,0.6172853708267212,0.6172853708267212,0.0,0.4591005811401635,True
2014-05-06,0.571047306060791,0.571047306060791,0.0,0.4591005811401635,True
2014-05-07,0.5547310709953308,0.5547310709953308,0.0,0.4591005811401635,True
2014-05-08,0.5362942814826965,0.5362942814826965,0.0,0.4591005811401635,True
2014-05-09,0.6160097122192383,0.6160097122192383,0.0,0.4591005811401635,True
2014-05-12,0.5903493165969849,0.5903493165969849,0.0,0.4591005811401635,True
2014-05-13,0.5540229678153992,0.5540229678153992,0.0,0.4591005811401635,True
2014-05-14,0.6730449199676514,0.6730449199676514,0.0,0.4591005811401635,True
2014-05-15,0.5179036259651184,0.5179036259651184,0.0,0.0,True
2014-05-16,0.5697413086891174,0.5697413086891174,0.0,0.4482005487232307,True
2014-05-19,0.581697404384613,0.581697404384613,0.0,0.4482005487232307,True
2014-05-20,0.5548978447914124,0.5548978447914124,0.0,0.4482005487232307,True
2014-05-21,0.5196799039840698,0.5196799039840698,0.0,0.0,True
2014-05-22,0.6337525248527527,0.6337525248527527,0.0,0.8662577114082446,True
2014-05-23,0.7453351020812988,0.7453351020812988,0.0,0.8662577114082446,True
2014-05-27,0.6076938509941101,0.6076938509941101,0.0,1.0,True
2014-05-28,0.5957562327384949,0.5957562327384949,0.0,1.0,True
2014-05-29,0.5493279695510864,0.5493279695510864,0.0,1.0,True
2014-05-30,0.6127700209617615,0.6127700209617615,0.0,1.0,True
2014-06-02,0.6409525871276855,0.6409525871276855,0.0,1.0,True
2014-06-03,0.6624399423599243,0.6624399423599243,0.0,1.0,True
2014-06-04,0.6172019243240356,0.6172019243240356,0.0,1.0,True
2014-06-05,0.5885192155838013,0.5885192155838013,0.0,1.0,True
2014-06-06,0.6612043976783752,0.6612043976783752,0.0,1.0,True
2014-06-09,0.64853435754776,0.64853435754776,0.0,1.0,True
2014-06-10,0.6413941383361816,0.6413941383361816,0.0,1.0,True
2014-06-11,0.663617730140686,0.663617730140686,0.0,1.0,True
2014-06-12,0.6321026682853699,0.6321026682853699,0.0,1.0,True
2014-06-13,0.6742097735404968,0.6742097735404968,0.0,1.0,True
2014-06-16,0.6644869446754456,0.6644869446754456,0.0,1.0,True
2014-06-17,0.6223613619804382,0.6223613619804382,0.0,1.0,True
2014-06-18,0.6429153084754944,0.6429153084754944,0.0,1.0,True
2014-06-19,0.5833938121795654,0.5833938121795654,0.0,1.0,True
2014-06-20,0.6284934282302856,0.6284934282302856,0.0,1.0,True
2014-06-23,0.714691698551178,0.714691698551178,0.0,1.0,True
2014-06-24,0.6986596584320068,0.6986596584320068,0.0,1.0,True
2014-06-25,0.7050066590309143,0.7050066590309143,0.0,1.0,True
2014-06-26,0.6676117777824402,0.6676117777824402,0.0,1.0,True
2014-06-27,0.6703504323959351,0.6703504323959351,0.0,1.0,True
2014-06-30,0.6377232670783997,0.6377232670783997,0.0,1.0,True
2014-07-01,0.7029025554656982,0.7029025554656982,0.0,1.0,True
2014-07-02,0.6696072816848755,0.6696072816848755,0.0,1.0,True
2014-07-03,0.6951423287391663,0.6951423287391663,0.0,1.0,True
2014-07-07,0.6077905893325806,0.6077905893325806,0.0,1.0,True
2014-07-08,0.5432911515235901,0.5432911515235901,0.0,1.0,True
2014-07-09,0.5873560309410095,0.5873560309410095,0.0,1.0,True
2014-07-10,0.6146206259727478,0.6146206259727478,0.0,1.0,True
2014-07-11,0.5875276327133179,0.5875276327133179,0.0,1.0,True
2014-07-14,0.6168792843818665,0.6168792843818665,0.0,1.0,True
2014-07-15,0.6312549114227295,0.6312549114227295,0.0,1.0,True
2014-07-16,0.6197931170463562,0.6197931170463562,0.0,1.0,True
2014-07-17,0.5874828696250916,0.5874828696250916,0.0,1.0,True
2014-07-18,0.6256664395332336,0.6256664395332336,0.0,1.0,True
2014-07-21,0.6241604089736938,0.6241604089736938,0.0,1.0,True
2014-07-22,0.6242009997367859,0.6242009997367859,0.0,1.0,True
2014-07-23,0.6659738421440125,0.6659738421440125,0.0,0.8780908306803017,True
2014-07-24,0.5962121486663818,0.5962121486663818,0.0,0.8780908306803017,True
2014-07-25,0.6086696982383728,0.6086696982383728,0.0,0.8780908306803017,True
2014-07-28,0.6237272620201111,0.6237272620201111,0.0,0.8780908306803017,True
2014-07-29,0.5526847243309021,0.5526847243309021,0.0,0.8780908306803017,True
2014-07-30,0.5071460604667664,0.5071460604667664,0.0,0.0,True
2014-07-31,0.5404033064842224,0.5404033064842224,0.0,0.7412841985488327,True
2014-08-01,0.557440459728241,0.557440459728241,0.0,0.7412841985488327,True
2014-08-04,0.5563408732414246,0.5563408732414246,0.0,0.7412841985488327,True
2014-08-05,0.568228006362915,0.568228006362915,0.0,0.7412841985488327,True
2014-08-06,0.5364699959754944,0.5364699959754944,0.0,0.7412841985488327,True
2014-08-07,0.5715800523757935,0.5715800523757935,0.0,0.7412841985488327,True
2014-08-08,0.5957666039466858,0.5957666039466858,0.0,0.7412841985488327,True
2014-08-11,0.5968723893165588,0.5968723893165588,0.0,0.7412841985488327,True
2014-08-12,0.6209594011306763,0.6209594011306763,0.0,0.7412841985488327,True
2014-08-13,0.5724117159843445,0.5724117159843445,0.0,0.7412841985488327,True
2014-08-14,0.569506824016571,0.569506824016571,0.0,0.8667090359500146,True
2014-08-15,0.6371026039123535,0.6371026039123535,0.0,0.8667090359500146,True
2014-08-18,0.6381198167800903,0.6381198167800903,0.0,0.8667090359500146,True
2014-08-19,0.6713118553161621,0.6713118553161621,0.0,0.8667090359500146,True
2014-08-20,0.6137955784797668,0.6137955784797668,0.0,1.0,True
2014-08-21,0.6084672212600708,0.6084672212600708,0.0,1.0,True
2014-08-22,0.6593149900436401,0.6593149900436401,0.0,1.0,True
2014-08-25,0.6378496289253235,0.6378496289253235,0.0,1.0,True
2014-08-26,0.610009491443634,0.610009491443634,0.0,1.0,True
2014-08-27,0.5101436376571655,0.5101436376571655,0.0,0.0,True
2014-08-28,0.6241083741188049,0.6241083741188049,0.0,1.0,True
2014-08-29,0.600212037563324,0.600212037563324,0.0,1.0,True
2014-09-02,0.6704786419868469,0.6704786419868469,0.0,1.0,True
2014-09-03,0.5795905590057373,0.5795905590057373,0.0,0.789303950389673,True
2014-09-04,0.5770619511604309,0.5770619511604309,0.0,0.789303950389673,True
2014-09-05,0.6310405135154724,0.6310405135154724,0.0,0.789303950389673,True
2014-09-08,0.5742620825767517,0.5742620825767517,0.0,0.789303950389673,True
2014-09-09,0.5758426189422607,0.5758426189422607,0.0,0.789303950389673,True
2014-09-10,0.5790135860443115,0.5790135860443115,0.0,0.6824702854424038,True
2014-09-11,0.5545991659164429,0.5545991659164429,0.0,0.6824702854424038,True
2014-09-12,0.552405595779419,0.552405595779419,0.0,0.6824702854424038,True
2014-09-15,0.558739423751831,0.558739423751831,0.0,0.6824702854424038,True
2014-09-16,0.5531968474388123,0.5531968474388123,0.0,0.6824702854424038,True
2014-09-17,0.710748016834259,0.710748016834259,0.0,0.6824702854424038,True
2014-09-18,0.6658300757408142,0.6658300757408142,0.0,0.6824702854424038,True
2014-09-19,0.6437309384346008,0.6437309384346008,0.0,0.6824702854424038,True
2014-09-22,0.6263126134872437,0.6263126134872437,0.0,0.6824702854424038,True
2014-09-23,0.5089068412780762,0.5089068412780762,0.0,0.0,True
2014-09-24,0.5139032602310181,0.5139032602310181,0.0,0.0,True
2014-09-25,0.5723267197608948,0.5723267197608948,0.0,0.589240951129411,True
2014-09-26,0.49949899315834045,0.49949899315834045,0.0,0.0,True
2014-09-29,0.480367511510849,0.480367511510849,0.0,0.0,True
2014-09-30,0.4968566596508026,0.4968566596508026,0.0,0.0,True
2014-10-01,0.5198496580123901,0.5198496580123901,0.0,0.0,True
2014-10-02,0.5392253994941711,0.5392253994941711,0.0,0.6302835765062993,True
2014-10-03,0.4629703462123871,0.4629703462123871,0.0,0.0,True
2014-10-06,0.44021227955818176,0.44021227955818176,0.0,0.0,True
2014-10-07,0.49111250042915344,0.49111250042915344,0.0,0.0,True
2014-10-08,0.5527697801589966,0.5527697801589966,0.0,0.6739457680456554,True
2014-10-09,0.5155229568481445,0.5155229568481445,0.0,0.0,True
2014-10-10,0.5318114757537842,0.5318114757537842,0.0,0.6751168687220183,True
2014-10-13,0.5359781980514526,0.5359781980514526,0.0,0.6751168687220183,True
2014-10-14,0.5630229711532593,0.5630229711532593,0.0,0.6751168687220183,True
2014-10-15,0.5813780426979065,0.5813780426979065,0.0,0.6751168687220183,True
2014-10-16,0.5773760080337524,0.5773760080337524,0.0,0.6751168687220183,True
2014-10-17,0.6028186678886414,0.6028186678886414,0.0,0.6751168687220183,True
2014-10-20,0.6194371581077576,0.6194371581077576,0.0,0.6751168687220183,True
2014-10-21,0.6038812398910522,0.6038812398910522,0.0,0.5695854597887531,True
2014-10-22,0.6474591493606567,0.6474591493606567,0.0,0.5695854597887531,True
2014-10-23,0.6603644490242004,0.6603644490242004,0.0,0.5695854597887531,True
2014-10-24,0.5651459097862244,0.5651459097862244,0.0,0.7407863708090553,True
2014-10-27,0.5522605180740356,0.5522605180740356,0.0,0.7407863708090553,True
2014-10-28,0.5536249876022339,0.5536249876022339,0.0,0.7407863708090553,True
2014-10-29,0.474264919757843,0.474264919757843,0.0,0.0,True
2014-10-30,0.4785709083080292,0.4785709083080292,0.0,0.0,True
2014-10-31,0.40181300044059753,0.40181300044059753,0.0,0.0,True
2014-11-03,0.4621109664440155,0.4621109664440155,0.0,0.0,True
2014-11-04,0.42444276809692383,0.42444276809692383,0.0,0.0,True
2014-11-05,0.4074403941631317,0.4074403941631317,0.0,0.0,True
2014-11-06,0.4624113440513611,0.4624113440513611,0.0,0.0,True
2014-11-07,0.44566452503204346,0.44566452503204346,0.0,0.0,True
2014-11-10,0.6794795989990234,0.6794795989990234,0.0,0.8406574374262046,True
2014-11-11,0.7129572033882141,0.7129572033882141,0.0,0.8406574374262046,True
2014-11-12,0.666213870048523,0.666213870048523,0.0,0.9487182208822497,True
2014-11-13,0.6254552006721497,0.6254552006721497,0.0,0.9487182208822497,True
2014-11-14,0.6351981163024902,0.6351981163024902,0.0,0.9487182208822497,True
2014-11-17,0.6211190819740295,0.6211190819740295,0.0,0.9487182208822497,True
2014-11-18,0.6326320767402649,0.6326320767402649,0.0,0.9487182208822497,True
2014-11-19,0.564486563205719,0.564486563205719,0.0,0.9487182208822497,True
2014-11-20,0.5928381681442261,0.5928381681442261,0.0,0.9487182208822497,True
2014-11-21,0.5512447357177734,0.5512447357177734,0.0,0.9487182208822497,True
2014-11-24,0.6032953262329102,0.6032953262329102,0.0,0.9487182208822497,True
2014-11-25,0.6065113544464111,0.6065113544464111,0.0,0.9487182208822497,True
2014-11-26,0.5898487567901611,0.5898487567901611,0.0,0.9487182208822497,True
2014-11-28,0.5665923357009888,0.5665923357009888,0.0,0.9487182208822497,True
2014-12-01,0.683261513710022,0.683261513710022,0.0,0.7992651599577181,True
2014-12-02,0.5893062949180603,0.5893062949180603,0.0,0.7992651599577181,True
2014-12-03,0.5985209941864014,0.5985209941864014,0.0,0.7992651599577181,True
2014-12-04,0.572559654712677,0.572559654712677,0.0,0.7992651599577181,True
2014-12-05,0.5742149353027344,0.5742149353027344,0.0,0.7992651599577181,True
2014-12-08,0.5952235460281372,0.5952235460281372,0.0,0.7992651599577181,True
2014-12-09,0.5740428566932678,0.5740428566932678,0.0,0.7992651599577181,True
2014-12-10,0.6112716197967529,0.6112716197967529,0.0,0.6644496342373049,True
2014-12-11,0.6019401550292969,0.6019401550292969,0.0,0.6644496342373049,True
2014-12-12,0.5922735929489136,0.5922735929489136,0.0,0.6644496342373049,True
2014-12-15,0.6415874361991882,0.6415874361991882,0.0,0.6644496342373049,True
2014-12-16,0.7058809995651245,0.7058809995651245,0.0,0.6644496342373049,True
2014-12-17,0.5366731882095337,0.5366731882095337,0.0,0.6644496342373049,True
2014-12-18,0.5300263166427612,0.5300263166427612,0.0,0.6644496342373049,True
2014-12-19,0.5324713587760925,0.5324713587760925,0.0,0.6644496342373049,True
2014-12-22,0.5621877312660217,0.5621877312660217,0.0,0.6644496342373049,True
2014-12-23,0.5219795107841492,0.5219795107841492,0.0,0.6644496342373049,True
2014-12-24,0.38125571608543396,0.38125571608543396,0.0,0.0,True
2014-12-26,0.5078616738319397,0.5078616738319397,0.0,0.0,True
2014-12-29,0.40378421545028687,0.40378421545028687,0.0,0.0,True
2014-12-30,0.4190134108066559,0.4190134108066559,0.0,0.0,True
2014-12-31,0.5165777802467346,0.5165777802467346,0.0,0.0,True
2015-01-02,0.5908426642417908,0.5908426642417908,0.0,0.6307929489460882,True
2015-01-05,0.5656906366348267,0.5656906366348267,0.0,0.6307929489460882,True
2015-01-06,0.5934243202209473,0.5934243202209473,0.0,0.6307929489460882,True
2015-01-07,0.6119301915168762,0.6119301915168762,0.0,0.6307929489460882,True
2015-01-08,0.5036107897758484,0.5036107897758484,0.0,0.0,True
2015-01-09,0.5217259526252747,0.5217259526252747,0.0,0.5431494622450573,True
2015-01-12,0.5099772810935974,0.5099772810935974,0.0,0.0,True
2015-01-13,0.5376858711242676,0.5376858711242676,0.0,0.5256887736566814,True
2015-01-14,0.5345092415809631,0.5345092415809631,0.0,0.5256887736566814,True
2015-01-15,0.5314199924468994,0.5314199924468994,0.0,0.5256887736566814,True
2015-01-16,0.5579208135604858,0.5579208135604858,0.0,0.5256887736566814,True
2015-01-20,0.5458289384841919,0.5458289384841919,0.0,0.5256887736566814,True
2015-01-21,0.557908296585083,0.557908296585083,0.0,0.5256887736566814,True
2015-01-22,0.5185135006904602,0.5185135006904602,0.0,0.0,True
2015-01-23,0.571449339389801,0.571449339389801,0.0,0.5179263504000011,True
2015-01-26,0.5557175874710083,0.5557175874710083,0.0,0.5179263504000011,True
2015-01-27,0.5294166803359985,0.5294166803359985,0.0,0.5179263504000011,True
2015-01-28,0.6213938593864441,0.6213938593864441,0.0,0.40389105811366993,True
2015-01-29,0.6071698069572449,0.6071698069572449,0.0,0.40389105811366993,True
2015-01-30,0.5605190396308899,0.5605190396308899,0.0,0.40389105811366993,True
2015-02-02,0.5927528142929077,0.5927528142929077,0.0,0.40389105811366993,True
2015-02-03,0.5706340074539185,0.5706340074539185,0.0,0.40389105811366993,True
2015-02-04,0.5830708146095276,0.5830708146095276,0.0,0.40389105811366993,True
2015-02-05,0.46946462988853455,0.46946462988853455,0.0,0.0,True
2015-02-06,0.49322041869163513,0.49322041869163513,0.0,0.0,True
2015-02-09,0.5423415303230286,0.5423415303230286,0.0,0.4433460031911649,True
2015-02-10,0.52066570520401,0.52066570520401,0.0,0.4433460031911649,True
2015-02-11,0.5627662539482117,0.5627662539482117,0.0,0.4433460031911649,True
2015-02-12,0.5658696293830872,0.5658696293830872,0.0,0.4433460031911649,True
2015-02-13,0.5439478754997253,0.5439478754997253,0.0,0.4433460031911649,True
2015-02-17,0.5549392104148865,0.5549392104148865,0.0,0.4433460031911649,True
2015-02-18,0.5576882362365723,0.5576882362365723,0.0,0.4433460031911649,True
2015-02-19,0.6547185778617859,0.6547185778617859,0.0,0.4433460031911649,True
2015-02-20,0.731924831867218,0.731924831867218,0.0,0.4433460031911649,True
2015-02-23,0.6235697269439697,0.6235697269439697,0.0,0.4433460031911649,True
2015-02-24,0.599376916885376,0.599376916885376,0.0,0.4433460031911649,True
2015-02-25,0.5800601840019226,0.5800601840019226,0.0,0.4433460031911649,True
2015-02-26,0.6253195405006409,0.6253195405006409,0.0,0.6892470979308707,True
2015-02-27,0.5940362811088562,0.5940362811088562,0.0,0.6892470979308707,True
2015-03-02,0.5782281756401062,0.5782281756401062,0.0,0.6892470979308707,True
2015-03-03,0.5025219321250916,0.5025219321250916,0.0,0.0,True
2015-03-04,0.5610985159873962,0.5610985159873962,0.0,0.7528676120974781,True
2015-03-05,0.5467948913574219,0.5467948913574219,0.0,0.7528676120974781,True
2015-03-06,0.5741590857505798,0.5741590857505798,0.0,0.7528676120974781,True
2015-03-09,0.5599971413612366,0.5599971413612366,0.0,0.7528676120974781,True
2015-03-10,0.5745088458061218,0.5745088458061218,0.0,0.7528676120974781,True
2015-03-11,0.6210818886756897,0.6210818886756897,0.0,0.7528676120974781,True
2015-03-12,0.5713536143302917,0.5713536143302917,0.0,0.7528676120974781,True
2015-03-13,0.5805606842041016,0.5805606842041016,0.0,0.7528676120974781,True
2015-03-16,0.5378845930099487,0.5378845930099487,0.0,0.7528676120974781,True
2015-03-17,0.5810871720314026,0.5810871720314026,0.0,0.7528676120974781,True
2015-03-18,0.5568389892578125,0.5568389892578125,0.0,0.7528676120974781,True
2015-03-19,0.5344865322113037,0.5344865322113037,0.0,0.7528676120974781,True
2015-03-20,0.5392972230911255,0.5392972230911255,0.0,0.6499498201466044,True
2015-03-23,0.5366120338439941,0.5366120338439941,0.0,0.6499498201466044,True
2015-03-24,0.5031699538230896,0.5031699538230896,0.0,0.0,True
2015-03-25,0.5694907307624817,0.5694907307624817,0.0,0.7116744808846592,True
2015-03-26,0.5450005531311035,0.5450005531311035,0.0,0.7116744808846592,True
2015-03-27,0.5392712354660034,0.5392712354660034,0.0,0.7116744808846592,True
2015-03-30,0.565901517868042,0.565901517868042,0.0,0.7116744808846592,True
2015-03-31,0.4917352497577667,0.4917352497577667,0.0,0.0,True
2015-04-01,0.5388689041137695,0.5388689041137695,0.0,0.6579125342824536,True
2015-04-02,0.5176737904548645,0.5176737904548645,0.0,0.0,True
2015-04-06,0.5240606665611267,0.5240606665611267,0.0,0.6490612424884588,True
2015-04-07,0.5582760572433472,0.5582760572433472,0.0,0.6490612424884588,True
2015-04-08,0.46170473098754883,0.46170473098754883,0.0,0.0,True
2015-04-09,0.5310345888137817,0.5310345888137817,0.0,0.7100485204926894,True
2015-04-10,0.5294749736785889,0.5294749736785889,0.0,0.7100485204926894,True
2015-04-13,0.510337769985199,0.510337769985199,0.0,0.0,True
2015-04-14,0.44406479597091675,0.44406479597091675,0.0,0.0,True
2015-04-15,0.3952820599079132,0.3952820599079132,0.0,0.0,True
2015-04-16,0.3860905170440674,0.3860905170440674,0.0,0.0,True
2015-04-17,0.4582158625125885,0.4582158625125885,0.0,0.0,True
2015-04-20,0.6808327436447144,0.6808327436447144,0.0,0.7481964401436875,True
2015-04-21,0.5509898066520691,0.5509898066520691,0.0,0.7481964401436875,True
2015-04-22,0.650079607963562,0.650079607963562,0.0,0.7481964401436875,True
2015-04-23,0.6767680644989014,0.6767680644989014,0.0,0.7481964401436875,True
2015-04-24,0.6386550068855286,0.6386550068855286,0.0,0.7481964401436875,True
2015-04-27,0.6977169513702393,0.6977169513702393,0.0,0.7481964401436875,True
2015-04-28,0.5667300820350647,0.5667300820350647,0.0,0.8583122685687642,True
2015-04-29,0.48390570282936096,0.48390570282936096,0.0,0.0,True
2015-04-30,0.5650078058242798,0.5650078058242798,0.0,0.7432922918361328,True
2015-05-01,0.6250460743904114,0.6250460743904114,0.0,0.7432922918361328,True
2015-05-04,0.5994037985801697,0.5994037985801697,0.0,0.7432922918361328,True
2015-05-05,0.5753902792930603,0.5753902792930603,0.0,0.7432922918361328,True
2015-05-06,0.5337843298912048,0.5337843298912048,0.0,0.7432922918361328,True
2015-05-07,0.5505842566490173,0.5505842566490173,0.0,0.7432922918361328,True
2015-05-08,0.5552910566329956,0.5552910566329956,0.0,0.6208900914052045,True
2015-05-11,0.5516220927238464,0.5516220927238464,0.0,0.6208900914052045,True
2015-05-12,0.5010882616043091,0.5010882616043091,0.0,0.0,True
2015-05-13,0.44935113191604614,0.44935113191604614,0.0,0.0,True
2015-05-14,0.5502877831459045,0.5502877831459045,0.0,0.5843971521124485,True
2015-05-15,0.4737860858440399,0.4737860858440399,0.0,0.0,True
2015-05-18,0.532034695148468,0.532034695148468,0.0,0.6175937611030073,True
2015-05-19,0.4361996650695801,0.4361996650695801,0.0,0.0,True
2015-05-20,0.4406266510486603,0.4406266510486603,0.0,0.0,True
2015-05-21,0.6862776875495911,0.6862776875495911,0.0,0.6287112310703401,True
2015-05-22,0.7192367911338806,0.7192367911338806,0.0,0.6287112310703401,True
2015-05-26,0.49583548307418823,0.49583548307418823,0.0,0.0,True
2015-05-27,0.5356273651123047,0.5356273651123047,0.0,0.6070030807315868,True
2015-05-28,0.4599212110042572,0.4599212110042572,0.0,0.0,True
2015-05-29,0.5036370754241943,0.5036370754241943,0.0,0.0,True
2015-06-01,0.4561971426010132,0.4561971426010132,0.0,0.0,True
2015-06-02,0.5251320600509644,0.5251320600509644,0.0,0.766514732128937,True
2015-06-03,0.5518288016319275,0.5518288016319275,0.0,0.766514732128937,True
2015-06-04,0.5992651581764221,0.5992651581764221,0.0,0.766514732128937,True
2015-06-05,0.6638487577438354,0.6638487577438354,0.0,0.766514732128937,True
2015-06-08,0.657578706741333,0.657578706741333,0.0,0.9057574945303468,True
2015-06-09,0.6793057322502136,0.6793057322502136,0.0,0.9057574945303468,True
2015-06-10,0.5114577412605286,0.5114577412605286,0.0,0.0,True
2015-06-11,0.5041837096214294,0.5041837096214294,0.0,0.0,True
2015-06-12,0.5892305374145508,0.5892305374145508,0.0,1.0,True
2015-06-15,0.5748092532157898,0.5748092532157898,0.0,1.0,True
2015-06-16,0.5698031783103943,0.5698031783103943,0.0,1.0,True
2015-06-17,0.6222162246704102,0.6222162246704102,0.0,1.0,True
2015-06-18,0.5695849657058716,0.5695849657058716,0.0,1.0,True
2015-06-19,0.6628440022468567,0.6628440022468567,0.0,1.0,True
2015-06-22,0.5759360194206238,0.5759360194206238,0.0,1.0,True
2015-06-23,0.5087557435035706,0.5087557435035706,0.0,0.0,True
2015-06-24,0.5819793343544006,0.5819793343544006,0.0,1.0,True
2015-06-25,0.5527759790420532,0.5527759790420532,0.0,1.0,True
2015-06-26,0.5662311315536499,0.5662311315536499,0.0,1.0,True
2015-06-29,0.6077857613563538,0.6077857613563538,0.0,1.0,True
2015-06-30,0.5994144678115845,0.5994144678115845,0.0,1.0,True
2015-07-01,0.5818995237350464,0.5818995237350464,0.0,1.0,True
2015-07-02,0.5544832348823547,0.5544832348823547,0.0,1.0,True
2015-07-06,0.571451723575592,0.571451723575592,0.0,1.0,True
2015-07-07,0.576355516910553,0.576355516910553,0.0,1.0,True
2015-07-08,0.615267813205719,0.615267813205719,0.0,1.0,True
2015-07-09,0.6742307543754578,0.6742307543754578,0.0,1.0,True
2015-07-10,0.641776978969574,0.641776978969574,0.0,0.8040167899992486,True
2015-07-13,0.6242191791534424,0.6242191791534424,0.0,0.8040167899992486,True
2015-07-14,0.5915547013282776,0.5915547013282776,0.0,0.8040167899992486,True
2015-07-15,0.5767768025398254,0.5767768025398254,0.0,0.8040167899992486,True
2015-07-16,0.552051842212677,0.552051842212677,0.0,0.8040167899992486,True
2015-07-17,0.5591084957122803,0.5591084957122803,0.0,0.8040167899992486,True
2015-07-20,0.6900003552436829,0.6900003552436829,0.0,0.8040167899992486,True
2015-07-21,0.6096965670585632,0.6096965670585632,0.0,0.6958104140032223,True
2015-07-22,0.5635092854499817,0.5635092854499817,0.0,0.5657971797433513,True
2015-07-23,0.4953157305717468,0.4953157305717468,0.0,0.0,True
2015-07-24,0.57184898853302,0.57184898853302,0.0,0.5702536076825904,True
2015-07-27,0.5842819809913635,0.5842819809913635,0.0,0.5702536076825904,True
2015-07-28,0.5771015882492065,0.5771015882492065,0.0,0.5702536076825904,True
2015-07-29,0.5514537692070007,0.5514537692070007,0.0,0.5702536076825904,True
2015-07-30,0.4958987832069397,0.4958987832069397,0.0,0.0,True
2015-07-31,0.5986378788948059,0.5986378788948059,0.0,0.5818551652007263,True
2015-08-03,0.589772641658783,0.589772641658783,0.0,0.5818551652007263,True
2015-08-04,0.5299219489097595,0.5299219489097595,0.0,0.5818551652007263,True
2015-08-05,0.6111605167388916,0.6111605167388916,0.0,0.5818551652007263,True
2015-08-06,0.6266667246818542,0.6266667246818542,0.0,0.5818551652007263,True
2015-08-07,0.587130606174469,0.587130606174469,0.0,0.5818551652007263,True
2015-08-10,0.4890097379684448,0.4890097379684448,0.0,0.0,True
2015-08-11,0.45959746837615967,0.45959746837615967,0.0,0.0,True
2015-08-12,0.5034898519515991,0.5034898519515991,0.0,0.0,True
2015-08-13,0.4719027876853943,0.4719027876853943,0.0,0.0,True
2015-08-14,0.4739994406700134,0.4739994406700134,0.0,0.0,True
2015-08-17,0.4444771409034729,0.4444771409034729,0.0,0.0,True
2015-08-18,0.40455710887908936,0.40455710887908936,0.0,0.0,True
2015-08-19,0.38546931743621826,0.38546931743621826,0.0,0.0,True
2015-08-20,0.4662591218948364,0.4662591218948364,0.0,0.0,True
2015-08-21,0.5081422924995422,0.5081422924995422,0.0,0.0,True
2015-08-24,0.5634989142417908,0.5634989142417908,0.0,0.41522189470433496,True
2015-08-25,0.5320898294448853,0.5320898294448853,0.0,0.41522189470433496,True
2015-08-26,0.5280880331993103,0.5280880331993103,0.0,0.41522189470433496,True
2015-08-27,0.49369868636131287,0.49369868636131287,0.0,0.0,True
2015-08-28,0.4953741133213043,0.4953741133213043,0.0,0.0,True
2015-08-31,0.47203242778778076,0.47203242778778076,0.0,0.0,True
2015-09-01,0.5042722821235657,0.5042722821235657,0.0,0.0,True
2015-09-02,0.5247960090637207,0.5247960090637207,0.0,0.31157283231408417,True
2015-09-03,0.4950634241104126,0.4950634241104126,0.0,0.0,True
2015-09-04,0.4710875451564789,0.4710875451564789,0.0,0.0,True
2015-09-08,0.4343564510345459,0.4343564510345459,0.0,0.0,True
2015-09-09,0.4674464464187622,0.4674464464187622,0.0,0.0,True
2015-09-10,0.4627123773097992,0.4627123773097992,0.0,0.0,True
2015-09-11,0.4573875367641449,0.4573875367641449,0.0,0.0,True
2015-09-14,0.4896375834941864,0.4896375834941864,0.0,0.0,True
2015-09-15,0.5190417766571045,0.5190417766571045,0.0,0.0,True
2015-09-16,0.4302085340023041,0.4302085340023041,0.0,0.0,True
2015-09-17,0.4454910457134247,0.4454910457134247,0.0,0.0,True
2015-09-18,0.4487439692020416,0.4487439692020416,0.0,0.0,True
2015-09-21,0.4573783874511719,0.4573783874511719,0.0,0.0,True
2015-09-22,0.4650881886482239,0.4650881886482239,1.0,0.0,True
2015-09-23,0.4812641739845276,0.4812641739845276,1.0,0.0,True
2015-09-24,0.5323718786239624,0.5323718786239624,0.0,0.4582437037506441,True
2015-09-25,0.5219403505325317,0.5219403505325317,0.0,0.4582437037506441,True
2015-09-28,0.513957679271698,0.513957679271698,0.0,0.0,True
2015-09-29,0.5822206139564514,0.5822206139564514,0.0,0.4449056548339431,True
2015-09-30,0.5991660952568054,0.5991660952568054,0.0,0.4449056548339431,True
2015-10-01,0.6387218832969666,0.6387218832969666,0.0,0.5870738598530064,True
2015-10-02,0.5936951041221619,0.5936951041221619,0.0,0.5870738598530064,True
2015-10-05,0.5716228485107422,0.5716228485107422,0.0,0.5870738598530064,True
2015-10-06,0.524125874042511,0.524125874042511,0.0,0.5870738598530064,True
2015-10-07,0.5137126445770264,0.5137126445770264,0.0,0.0,True
2015-10-08,0.5283575654029846,0.5283575654029846,0.0,0.7367532420562125,True
2015-10-09,0.6125178337097168,0.6125178337097168,0.0,0.7367532420562125,True
2015-10-12,0.5458933711051941,0.5458933711051941,0.0,0.7367532420562125,True
2015-10-13,0.535678505897522,0.535678505897522,0.0,0.7367532420562125,True
2015-10-14,0.5114104151725769,0.5114104151725769,0.0,0.0,True
2015-10-15,0.5369858145713806,0.5369858145713806,0.0,0.713556247021296,True
2015-10-16,0.534343957901001,0.534343957901001,0.0,0.713556247021296,True
2015-10-19,0.5535452365875244,0.5535452365875244,0.0,0.713556247021296,True
2015-10-20,0.5586814880371094,0.5586814880371094,0.0,0.713556247021296,True
2015-10-21,0.5459276437759399,0.5459276437759399,0.0,0.713556247021296,True
2015-10-22,0.5525988340377808,0.5525988340377808,0.0,0.713556247021296,True
2015-10-23,0.6587270498275757,0.6587270498275757,0.0,0.713556247021296,True
2015-10-26,0.5505045056343079,0.5505045056343079,0.0,0.5858356500705023,True
2015-10-27,0.5932621359825134,0.5932621359825134,0.0,0.5858356500705023,True
2015-10-28,0.7002354860305786,0.7002354860305786,0.0,0.5858356500705023,True
2015-10-29,0.6870769262313843,0.6870769262313843,0.0,0.5858356500705023,True
2015-10-30,0.5836426615715027,0.5836426615715027,0.0,0.5858356500705023,True
2015-11-02,0.5635750889778137,0.5635750889778137,0.0,0.5858356500705023,True
2015-11-03,0.5907340049743652,0.5907340049743652,0.0,0.5858356500705023,True
2015-11-04,0.5089339017868042,0.5089339017868042,0.0,0.0,True
2015-11-05,0.5205492377281189,0.5205492377281189,0.0,0.5611226621627486,True
2015-11-06,0.5269209146499634,0.5269209146499634,0.0,0.5611226621627486,True
2015-11-09,0.5537247657775879,0.5537247657775879,0.0,0.5611226621627486,True
2015-11-10,0.5068159103393555,0.5068159103393555,0.0,0.0,True
2015-11-11,0.5124529600143433,0.5124529600143433,0.0,0.0,True
2015-11-12,0.5055034160614014,0.5055034160614014,0.0,0.0,True
2015-11-13,0.5515536665916443,0.5515536665916443,0.0,0.5006385432636046,True
2015-11-16,0.5591878294944763,0.5591878294944763,0.0,0.5006385432636046,True
2015-11-17,0.5734773278236389,0.5734773278236389,0.0,0.5006385432636046,True
2015-11-18,0.5158343315124512,0.5158343315124512,0.0,0.0,True
2015-11-19,0.5322490930557251,0.5322490930557251,0.0,0.47349094965583255,True
2015-11-20,0.4829978346824646,0.4829978346824646,0.0,0.0,True
2015-11-23,0.5425538420677185,0.5425538420677185,0.0,0.5407974089021059,True
2015-11-24,0.5286882519721985,0.5286882519721985,0.0,0.5407974089021059,True
2015-11-25,0.4620519280433655,0.4620519280433655,0.0,0.0,True
2015-11-27,0.3967515528202057,0.3967515528202057,0.0,0.0,True
2015-11-30,0.44902437925338745,0.44902437925338745,0.0,0.0,True
2015-12-01,0.47918450832366943,0.47918450832366943,0.0,0.0,True
2015-12-02,0.6163999438285828,0.6163999438285828,0.0,0.6688065079857312,True
2015-12-03,0.6769400238990784,0.6769400238990784,0.0,0.6688065079857312,True
2015-12-04,0.5479216575622559,0.5479216575622559,0.0,0.6688065079857312,True
2015-12-07,0.5013436079025269,0.5013436079025269,0.0,0.0,True
2015-12-08,0.5097869634628296,0.5097869634628296,0.0,0.0,True
2015-12-09,0.4996310770511627,0.4996310770511627,0.0,0.0,True
2015-12-10,0.49309495091438293,0.49309495091438293,0.0,0.0,True
2015-12-11,0.5620903968811035,0.5620903968811035,0.0,0.5718279452679227,True
2015-12-14,0.6081079840660095,0.6081079840660095,0.0,0.5718279452679227,True
2015-12-15,0.6097216606140137,0.6097216606140137,0.0,0.5718279452679227,True
2015-12-16,0.6149992942810059,0.6149992942810059,0.0,0.5718279452679227,True
2015-12-17,0.6296333074569702,0.6296333074569702,0.0,0.680002166952239,True
2015-12-18,0.6131804585456848,0.6131804585456848,0.0,0.680002166952239,True
2015-12-21,0.5904819369316101,0.5904819369316101,0.0,0.680002166952239,True
2015-12-22,0.5525516271591187,0.5525516271591187,0.0,0.680002166952239,True
2015-12-23,0.5402029156684875,0.5402029156684875,0.0,0.680002166952239,True
2015-12-24,0.42840278148651123,0.42840278148651123,0.0,0.0,True
2015-12-28,0.5077412128448486,0.5077412128448486,0.0,0.0,True
2015-12-29,0.5217876434326172,0.5217876434326172,0.0,0.6070634018025326,True
2015-12-30,0.5533568859100342,0.5533568859100342,0.0,0.6070634018025326,True
2015-12-31,0.5712840557098389,0.5712840557098389,0.0,0.6070634018025326,True
2016-01-04,0.5928298830986023,0.5928298830986023,0.0,0.6070634018025326,True
2016-01-05,0.6159176230430603,0.6159176230430603,0.0,0.6070634018025326,True
2016-01-06,0.5558003783226013,0.5558003783226013,0.0,0.6070634018025326,True
2016-01-07,0.6119533777236938,0.6119533777236938,0.0,0.6070634018025326,True
2016-01-08,0.5794863700866699,0.5794863700866699,0.0,0.6070634018025326,True
2016-01-11,0.5126634836196899,0.5126634836196899,0.0,0.0,True
2016-01-12,0.4583996832370758,0.4583996832370758,0.0,0.0,True
2016-01-13,0.45126017928123474,0.45126017928123474,0.0,0.0,True
2016-01-14,0.5282378196716309,0.5282378196716309,0.0,0.5109945771709115,True
2016-01-15,0.5121033191680908,0.5121033191680908,0.0,0.0,True
2016-01-19,0.525426983833313,0.525426983833313,0.0,0.5139780485578633,True
2016-01-20,0.5301626324653625,0.5301626324653625,0.0,0.5139780485578633,True
2016-01-21,0.5600124597549438,0.5600124597549438,0.0,0.5139780485578633,True
2016-01-22,0.4920857846736908,0.4920857846736908,0.0,0.0,True
2016-01-25,0.45347896218299866,0.45347896218299866,0.0,0.0,True
2016-01-26,0.4760313332080841,0.4760313332080841,0.0,0.0,True
2016-01-27,0.5474803447723389,0.5474803447723389,0.0,0.36592331235213876,True
2016-01-28,0.4935455322265625,0.4935455322265625,0.0,0.0,True
2016-01-29,0.489789217710495,0.489789217710495,0.0,0.0,True
2016-02-01,0.47526079416275024,0.47526079416275024,0.0,0.0,True
2016-02-02,0.5033190250396729,0.5033190250396729,0.0,0.0,True
2016-02-03,0.42600977420806885,0.42600977420806885,0.0,0.0,True
2016-02-04,0.4498172104358673,0.4498172104358673,0.0,0.0,True
2016-02-05,0.4316166341304779,0.4316166341304779,0.0,0.0,True
2016-02-08,0.46260473132133484,0.46260473132133484,0.0,0.0,True
2016-02-09,0.4318612813949585,0.4318612813949585,0.0,0.0,True
2016-02-10,0.39864978194236755,0.39864978194236755,0.0,0.0,True
2016-02-11,0.4206602871417999,0.4206602871417999,0.0,0.0,True
2016-02-12,0.4072893559932709,0.4072893559932709,0.0,0.0,True
2016-02-16,0.423459529876709,0.423459529876709,0.0,0.0,True
2016-02-17,0.38094568252563477,0.38094568252563477,0.0,0.0,True
2016-02-18,0.39167162775993347,0.39167162775993347,0.0,0.0,True
2016-02-19,0.3822130262851715,0.3822130262851715,0.0,0.0,True
2016-02-22,0.4836810529232025,0.4836810529232025,0.0,0.0,True
2016-02-23,0.407625287771225,0.407625287771225,0.0,0.0,True
2016-02-24,0.4363177418708801,0.4363177418708801,0.0,0.0,True
2016-02-25,0.5398666858673096,0.5398666858673096,0.0,0.5667173103073878,True
2016-02-26,0.5500844717025757,0.5500844717025757,0.0,0.5667173103073878,True
2016-02-29,0.5670250058174133,0.5670250058174133,0.0,0.5667173103073878,True
2016-03-01,0.6499784588813782,0.6499784588813782,0.0,0.5667173103073878,True
2016-03-02,0.6322643756866455,0.6322643756866455,0.0,0.5667173103073878,True
2016-03-03,0.6256784200668335,0.6256784200668335,0.0,0.5667173103073878,True
2016-03-04,0.6690210103988647,0.6690210103988647,0.0,0.5667173103073878,True
2016-03-07,0.5907446146011353,0.5907446146011353,0.0,0.5667173103073878,True
2016-03-08,0.49901726841926575,0.49901726841926575,0.0,0.0,True
2016-03-09,0.49170494079589844,0.49170494079589844,0.0,0.0,True
2016-03-10,0.47285231947898865,0.47285231947898865,0.0,0.0,True
2016-03-11,0.4474721848964691,0.4474721848964691,0.0,0.0,True
2016-03-14,0.5138751268386841,0.5138751268386841,0.0,0.0,True
2016-03-15,0.4991784393787384,0.4991784393787384,0.0,0.0,True
2016-03-16,0.6027362942695618,0.6027362942695618,0.0,0.6798639783723274,True
2016-03-17,0.5473389029502869,0.5473389029502869,0.0,0.6798639783723274,True
2016-03-18,0.5501518845558167,0.5501518845558167,0.0,0.6798639783723274,True
2016-03-21,0.5250558257102966,0.5250558257102966,0.0,0.6798639783723274,True
2016-03-22,0.7367904782295227,0.7367904782295227,0.0,0.8480960293274102,True
2016-03-23,0.6980102062225342,0.6980102062225342,0.0,0.8480960293274102,True
2016-03-24,0.6795386075973511,0.6795386075973511,0.0,0.8480960293274102,True
2016-03-28,0.6881369352340698,0.6881369352340698,0.0,0.8480960293274102,True
2016-03-29,0.6036053895950317,0.6036053895950317,0.0,0.8480960293274102,True
2016-03-30,0.5868489742279053,0.5868489742279053,0.0,0.9723584169995624,True
2016-03-31,0.544239342212677,0.544239342212677,0.0,0.9723584169995624,True
2016-04-01,0.5608711242675781,0.5608711242675781,0.0,0.9723584169995624,True
2016-04-04,0.6018460392951965,0.6018460392951965,0.0,0.9723584169995624,True
2016-04-05,0.5707526803016663,0.5707526803016663,0.0,0.9723584169995624,True
2016-04-06,0.5630696415901184,0.5630696415901184,0.0,0.9723584169995624,True
2016-04-07,0.4871532917022705,0.4871532917022705,0.0,0.0,True
2016-04-08,0.4962412416934967,0.4962412416934967,0.0,0.0,True
2016-04-11,0.5236692428588867,0.5236692428588867,0.0,0.8542574267787441,True
2016-04-12,0.5550575256347656,0.5550575256347656,0.0,0.8542574267787441,True
2016-04-13,0.6030524373054504,0.6030524373054504,0.0,0.8542574267787441,True
2016-04-14,0.6474226713180542,0.6474226713180542,0.0,0.8542574267787441,True
2016-04-15,0.500680685043335,0.500680685043335,0.0,0.0,True
2016-04-18,0.5704126954078674,0.5704126954078674,0.0,0.730163335409437,True
2016-04-19,0.5997400879859924,0.5997400879859924,0.0,0.730163335409437,True
2016-04-20,0.5887507796287537,0.5887507796287537,0.0,0.730163335409437,True
2016-04-21,0.5789890885353088,0.5789890885353088,0.0,0.730163335409437,True
2016-04-22,0.5657877326011658,0.5657877326011658,0.0,0.730163335409437,True
2016-04-25,0.737136960029602,0.737136960029602,0.0,0.730163335409437,True
2016-04-26,0.7565578818321228,0.7565578818321228,0.0,0.730163335409437,True
2016-04-27,0.4588780403137207,0.4588780403137207,0.0,0.0,True
2016-04-28,0.4199470579624176,0.4199470579624176,0.0,0.0,True
2016-04-29,0.5078971982002258,0.5078971982002258,0.0,0.0,True
2016-05-02,0.4402492046356201,0.4402492046356201,0.0,0.0,True
2016-05-03,0.39938685297966003,0.39938685297966003,0.0,0.0,True
2016-05-04,0.5297481417655945,0.5297481417655945,0.0,0.5293336406954783,True
2016-05-05,0.5164036750793457,0.5164036750793457,0.0,0.0,True
2016-05-06,0.5283785462379456,0.5283785462379456,0.0,0.5409978009957795,True
2016-05-09,0.508612334728241,0.508612334728241,0.0,0.0,True
2016-05-10,0.5009647607803345,0.5009647607803345,0.0,0.0,True
2016-05-11,0.5046890377998352,0.5046890377998352,0.0,0.0,True
2016-05-12,0.5416752696037292,0.5416752696037292,0.0,0.5775903416067151,True
2016-05-13,0.509768545627594,0.509768545627594,0.0,0.0,True
2016-05-16,0.47279995679855347,0.47279995679855347,0.0,0.0,True
2016-05-17,0.4896007776260376,0.4896007776260376,0.0,0.0,True
2016-05-18,0.46786850690841675,0.46786850690841675,0.0,0.0,True
2016-05-19,0.4788826107978821,0.4788826107978821,0.0,0.0,True
2016-05-20,0.4503912329673767,0.4503912329673767,0.0,0.0,True
2016-05-23,0.3892516493797302,0.3892516493797302,0.0,0.0,True
2016-05-24,0.3749040365219116,0.3749040365219116,0.0,0.0,True
2016-05-25,0.5405694842338562,0.5405694842338562,0.0,0.6129965974971392,True
2016-05-26,0.6453822255134583,0.6453822255134583,0.0,0.6129965974971392,True
2016-05-27,0.5245279669761658,0.5245279669761658,0.0,0.7215736176736646,True
2016-05-31,0.5178521275520325,0.5178521275520325,0.0,0.0,True
2016-06-01,0.5019739270210266,0.5019739270210266,0.0,0.0,True
2016-06-02,0.500055193901062,0.500055193901062,0.0,0.0,True
2016-06-03,0.45198994874954224,0.45198994874954224,0.0,0.0,True
2016-06-06,0.5331899523735046,0.5331899523735046,0.0,0.7223314021754286,True
2016-06-07,0.48729148507118225,0.48729148507118225,0.0,0.0,True
2016-06-08,0.5360651612281799,0.5360651612281799,0.0,0.7226021659903591,True
2016-06-09,0.6505551934242249,0.6505551934242249,0.0,0.7226021659903591,True
2016-06-10,0.5665327310562134,0.5665327310562134,0.0,0.8268501049068682,True
2016-06-13,0.4938424825668335,0.4938424825668335,0.0,0.0,True
2016-06-14,0.6165179014205933,0.6165179014205933,0.0,1.0,True
2016-06-15,0.6151258945465088,0.6151258945465088,0.0,1.0,True
2016-06-16,0.5783148407936096,0.5783148407936096,0.0,1.0,True
2016-06-17,0.6275551915168762,0.6275551915168762,0.0,0.8945364608477235,True
2016-06-20,0.6449418663978577,0.6449418663978577,0.0,0.8945364608477235,True
2016-06-21,0.5805433988571167,0.5805433988571167,0.0,0.8945364608477235,True
2016-06-22,0.5445560216903687,0.5445560216903687,0.0,1.0,True
2016-06-23,0.4495019018650055,0.4495019018650055,0.0,0.0,True
2016-06-24,0.5008388757705688,0.5008388757705688,0.0,0.0,True
2016-06-27,0.5211611986160278,0.5211611986160278,0.0,0.9188891115323087,True
2016-06-28,0.5645087361335754,0.5645087361335754,0.0,0.9188891115323087,True
2016-06-29,0.5747007727622986,0.5747007727622986,0.0,0.9188891115323087,True
2016-06-30,0.6020880937576294,0.6020880937576294,0.0,0.8086282482491941,True
2016-07-01,0.5216553211212158,0.5216553211212158,0.0,0.8086282482491941,True
2016-07-05,0.5296919345855713,0.5296919345855713,0.0,0.8086282482491941,True
2016-07-06,0.48807957768440247,0.48807957768440247,0.0,0.0,True
2016-07-07,0.45236024260520935,0.45236024260520935,0.0,0.0,True
2016-07-08,0.44672611355781555,0.44672611355781555,0.0,0.0,True
2016-07-11,0.441476970911026,0.441476970911026,0.0,0.0,True
2016-07-12,0.4250037372112274,0.4250037372112274,0.0,0.0,True
2016-07-13,0.4653317332267761,0.4653317332267761,0.0,0.0,True
2016-07-14,0.603316605091095,0.603316605091095,0.0,0.7744313346525739,True
2016-07-15,0.5533377528190613,0.5533377528190613,0.0,0.7744313346525739,True
2016-07-18,0.6253527998924255,0.6253527998924255,0.0,0.7744313346525739,True
2016-07-19,0.5470108985900879,0.5470108985900879,0.0,0.7744313346525739,True
2016-07-20,0.4950904846191406,0.4950904846191406,0.0,0.0,True
2016-07-21,0.6262414455413818,0.6262414455413818,0.0,0.8634947931631008,True
2016-07-22,0.48392999172210693,0.48392999172210693,0.0,0.0,True
2016-07-25,0.5061420202255249,0.5061420202255249,0.0,0.0,True
2016-07-26,0.5525035262107849,0.5525035262107849,0.0,1.0,True
2016-07-27,0.7762804627418518,0.7762804627418518,0.0,0.5785965025815162,True
2016-07-28,0.7305574417114258,0.7305574417114258,0.0,0.5785965025815162,True
2016-07-29,0.6447943449020386,0.6447943449020386,0.0,0.5785965025815162,True
2016-08-01,0.7102144360542297,0.7102144360542297,0.0,0.5785965025815162,True
2016-08-02,0.5972639322280884,0.5972639322280884,0.0,0.5785965025815162,True
2016-08-03,0.5337048768997192,0.5337048768997192,0.0,0.5785965025815162,True
2016-08-04,0.5095053911209106,0.5095053911209106,0.0,0.0,True
2016-08-05,0.595314621925354,0.595314621925354,0.0,0.5508158372045939,True
2016-08-08,0.6048049330711365,0.6048049330711365,0.0,0.5508158372045939,True
2016-08-09,0.7276885509490967,0.7276885509490967,0.0,0.5508158372045939,True
2016-08-10,0.566598117351532,0.566598117351532,0.0,0.5508158372045939,True
2016-08-11,0.5514006018638611,0.5514006018638611,0.0,0.5508158372045939,True
2016-08-12,0.7375730276107788,0.7375730276107788,0.0,0.5508158372045939,True
2016-08-15,0.5950317978858948,0.5950317978858948,0.0,0.5508158372045939,True
2016-08-16,0.5541950464248657,0.5541950464248657,0.0,0.5508158372045939,True
2016-08-17,0.7461796402931213,0.7461796402931213,0.0,0.5508158372045939,True
2016-08-18,0.7465344667434692,0.7465344667434692,0.0,0.5508158372045939,True
2016-08-19,0.7576637864112854,0.7576637864112854,0.0,0.5508158372045939,True
2016-08-22,0.7363137602806091,0.7363137602806091,0.0,0.5508158372045939,True
2016-08-23,0.7413820624351501,0.7413820624351501,0.0,0.5508158372045939,True
2016-08-24,0.6926359534263611,0.6926359534263611,0.0,1.0,True
2016-08-25,0.6185197830200195,0.6185197830200195,0.0,1.0,True
2016-08-26,0.6880955100059509,0.6880955100059509,0.0,1.0,True
2016-08-29,0.6184375286102295,0.6184375286102295,0.0,1.0,True
2016-08-30,0.6441830396652222,0.6441830396652222,0.0,1.0,True
2016-08-31,0.5992677807807922,0.5992677807807922,0.0,1.0,True
2016-09-01,0.5847793817520142,0.5847793817520142,0.0,1.0,True
2016-09-02,0.5550761818885803,0.5550761818885803,0.0,1.0,True
2016-09-06,0.53932124376297,0.53932124376297,0.0,1.0,True
2016-09-07,0.678503155708313,0.678503155708313,0.0,1.0,True
2016-09-08,0.5635030269622803,0.5635030269622803,0.0,1.0,True
2016-09-09,0.6414752006530762,0.6414752006530762,0.0,1.0,True
2016-09-12,0.6254605650901794,0.6254605650901794,0.0,0.8725252422620863,True
2016-09-13,0.666989803314209,0.666989803314209,0.0,0.8725252422620863,True
2016-09-14,0.7379440069198608,0.7379440069198608,0.0,0.6591704679257313,True
2016-09-15,0.6132113933563232,0.6132113933563232,0.0,0.6591704679257313,True
2016-09-16,0.6161086559295654,0.6161086559295654,0.0,0.6591704679257313,True
2016-09-19,0.5526220202445984,0.5526220202445984,0.0,0.6591704679257313,True
2016-09-20,0.5179011225700378,0.5179011225700378,0.0,0.0,True
2016-09-21,0.553544819355011,0.553544819355011,0.0,0.5781918101358655,True
2016-09-22,0.5266633033752441,0.5266633033752441,0.0,0.5781918101358655,True
2016-09-23,0.5087209939956665,0.5087209939956665,0.0,0.0,True
2016-09-26,0.5059434175491333,0.5059434175491333,0.0,0.0,True
2016-09-27,0.49278268218040466,0.49278268218040466,0.0,0.0,True
2016-09-28,0.5208761096000671,0.5208761096000671,0.0,0.5736968115625742,True
2016-09-29,0.532015860080719,0.532015860080719,0.0,0.5736968115625742,True
2016-09-30,0.5482110977172852,0.5482110977172852,0.0,0.5736968115625742,True
2016-10-03,0.44117021560668945,0.44117021560668945,0.0,0.0,True
2016-10-04,0.5022146105766296,0.5022146105766296,0.0,0.0,True
2016-10-05,0.4622932970523834,0.4622932970523834,0.0,0.0,True
2016-10-06,0.7282829284667969,0.7282829284667969,0.0,0.6024690052248246,True
2016-10-07,0.720435619354248,0.720435619354248,0.0,0.6024690052248246,True
2016-10-10,0.6250892877578735,0.6250892877578735,0.0,0.6024690052248246,True
2016-10-11,0.6248796582221985,0.6248796582221985,0.0,0.7040162596052131,True
2016-10-12,0.7833150029182434,0.7833150029182434,0.0,0.8377178742022198,True
2016-10-13,0.5269026756286621,0.5269026756286621,0.0,1.0,True
2016-10-14,0.45634526014328003,0.45634526014328003,0.0,0.0,True
2016-10-17,0.6408359408378601,0.6408359408378601,0.0,1.0,True
2016-10-18,0.5973096489906311,0.5973096489906311,0.0,1.0,True
2016-10-19,0.6974611282348633,0.6974611282348633,0.0,1.0,True
2016-10-20,0.5991321206092834,0.5991321206092834,0.0,1.0,True
2016-10-21,0.5546132326126099,0.5546132326126099,0.0,1.0,True
2016-10-24,0.5454328060150146,0.5454328060150146,0.0,1.0,True
2016-10-25,0.5587087869644165,0.5587087869644165,0.0,1.0,True
2016-10-26,0.5289579629898071,0.5289579629898071,0.0,1.0,True
2016-10-27,0.49468985199928284,0.49468985199928284,0.0,0.0,True
2016-10-28,0.515834629535675,0.515834629535675,0.0,0.0,True
2016-10-31,0.4434496760368347,0.4434496760368347,0.0,0.0,True
2016-11-01,0.6404545903205872,0.6404545903205872,0.0,1.0,True
2016-11-02,0.5776398181915283,0.5776398181915283,0.0,1.0,True
2016-11-03,0.6154400110244751,0.6154400110244751,0.0,1.0,True
2016-11-04,0.6194359064102173,0.6194359064102173,0.0,1.0,True
2016-11-07,0.5451705455780029,0.5451705455780029,0.0,1.0,True
2016-11-08,0.5773401260375977,0.5773401260375977,0.0,1.0,True
2016-11-09,0.5529784560203552,0.5529784560203552,0.0,1.0,True
2016-11-10,0.49038612842559814,0.49038612842559814,0.0,0.0,True
2016-11-11,0.5183351039886475,0.5183351039886475,0.0,0.0,True
2016-11-14,0.523655354976654,0.523655354976654,0.0,0.8252292671715638,True
2016-11-15,0.4996974468231201,0.4996974468231201,0.0,0.0,True
2016-11-16,0.6445824503898621,0.6445824503898621,0.0,0.6752891671649209,True
2016-11-17,0.5109819173812866,0.5109819173812866,0.0,0.0,True
2016-11-18,0.4855538010597229,0.4855538010597229,0.0,0.0,True
2016-11-21,0.5610657930374146,0.5610657930374146,0.0,0.6585989905384169,True
2016-11-22,0.5260303020477295,0.5260303020477295,0.0,0.6585989905384169,True
2016-11-23,0.45758482813835144,0.45758482813835144,0.0,0.0,True
2016-11-25,0.3571394979953766,0.3571394979953766,0.0,0.0,True
2016-11-28,0.4824008345603943,0.4824008345603943,0.0,0.0,True
2016-11-29,0.45862144231796265,0.45862144231796265,0.0,0.0,True
2016-11-30,0.45724204182624817,0.45724204182624817,0.0,0.0,True
2016-12-01,0.48564407229423523,0.48564407229423523,0.0,0.0,True
2016-12-02,0.45954591035842896,0.45954591035842896,0.0,0.0,True
2016-12-05,0.4730868637561798,0.4730868637561798,0.0,0.0,True
2016-12-06,0.4978960156440735,0.4978960156440735,0.0,0.0,True
2016-12-07,0.5036486387252808,0.5036486387252808,0.0,0.0,True
2016-12-08,0.4938831329345703,0.4938831329345703,0.0,0.0,True
2016-12-09,0.5748354196548462,0.5748354196548462,0.0,0.83529561848539,True
2016-12-12,0.5512312650680542,0.5512312650680542,0.0,0.83529561848539,True
2016-12-13,0.6194263696670532,0.6194263696670532,0.0,0.9547654543914488,True
2016-12-14,0.5842943787574768,0.5842943787574768,0.0,0.9547654543914488,True
2016-12-15,0.5204241275787354,0.5204241275787354,0.0,0.9547654543914488,True
2016-12-16,0.5256435871124268,0.5256435871124268,0.0,0.9547654543914488,True
2016-12-19,0.6442914605140686,0.6442914605140686,0.0,0.9547654543914488,True
2016-12-20,0.5860283374786377,0.5860283374786377,0.0,0.9547654543914488,True
2016-12-21,0.5855317711830139,0.5855317711830139,0.0,0.9547654543914488,True
2016-12-22,0.45419955253601074,0.45419955253601074,0.0,0.0,True
2016-12-23,0.4653283357620239,0.4653283357620239,0.0,0.0,True
2016-12-27,0.4738393723964691,0.4738393723964691,0.0,0.0,True
2016-12-28,0.4639662802219391,0.4639662802219391,0.0,0.0,True
2016-12-29,0.4439992904663086,0.4439992904663086,0.0,0.0,True
2016-12-30,0.4819384515285492,0.4819384515285492,0.0,0.0,True
2017-01-03,0.4985334575176239,0.4985334575176239,0.0,0.0,True
2017-01-04,0.4968021810054779,0.4968021810054779,0.0,0.0,True
2017-01-05,0.4878220856189728,0.4878220856189728,0.0,0.0,True
2017-01-06,0.558439314365387,0.558439314365387,0.0,1.0,True
2017-01-09,0.7155380845069885,0.7155380845069885,0.0,1.0,True
2017-01-10,0.6695922613143921,0.6695922613143921,0.0,1.0,True
2017-01-11,0.6928531527519226,0.6928531527519226,0.0,1.0,True
2017-01-12,0.6207746267318726,0.6207746267318726,0.0,1.0,True
2017-01-13,0.5501033663749695,0.5501033663749695,0.0,1.0,True
2017-01-17,0.6746723651885986,0.6746723651885986,0.0,1.0,True
2017-01-18,0.5175135135650635,0.5175135135650635,0.0,0.0,True
2017-01-19,0.4978373348712921,0.4978373348712921,0.0,0.0,True
2017-01-20,0.4898951053619385,0.4898951053619385,0.0,0.0,True
2017-01-23,0.5617672204971313,0.5617672204971313,0.0,1.0,True
2017-01-24,0.5167385935783386,0.5167385935783386,0.0,0.0,True
2017-01-25,0.5642993450164795,0.5642993450164795,0.0,1.0,True
2017-01-26,0.5852252840995789,0.5852252840995789,0.0,1.0,True
2017-01-27,0.44167834520339966,0.44167834520339966,0.0,0.0,True
2017-01-30,0.4420415461063385,0.4420415461063385,0.0,0.0,True
2017-01-31,0.4102778434753418,0.4102778434753418,0.0,0.0,True
2017-02-01,0.8142917156219482,0.8142917156219482,0.0,0.6689628829686375,True
2017-02-02,0.7944059371948242,0.7944059371948242,0.0,0.6689628829686375,True
2017-02-03,0.7764137387275696,0.7764137387275696,0.0,0.6689628829686375,True
2017-02-06,0.7886399030685425,0.7886399030685425,0.0,0.6689628829686375,True
2017-02-07,0.7783898711204529,0.7783898711204529,0.0,0.6689628829686375,True
2017-02-08,0.7360255718231201,0.7360255718231201,0.0,0.6689628829686375,True
2017-02-09,0.714746356010437,0.714746356010437,0.0,0.6689628829686375,True
2017-02-10,0.7150780558586121,0.7150780558586121,0.0,0.6689628829686375,True
2017-02-13,0.7106341123580933,0.7106341123580933,0.0,0.6689628829686375,True
2017-02-14,0.7111909985542297,0.7111909985542297,0.0,0.6689628829686375,True
2017-02-15,0.7155691981315613,0.7155691981315613,0.0,0.6689628829686375,True
2017-02-16,0.7419450879096985,0.7419450879096985,0.0,0.6689628829686375,True
2017-02-17,0.7227540612220764,0.7227540612220764,0.0,0.6689628829686375,True
2017-02-21,0.6985509991645813,0.6985509991645813,0.0,0.6689628829686375,True
2017-02-22,0.7071409821510315,0.7071409821510315,0.0,0.6689628829686375,True
2017-02-23,0.7572506666183472,0.7572506666183472,0.0,0.6689628829686375,True
2017-02-24,0.7545248866081238,0.7545248866081238,0.0,0.6689628829686375,True
2017-02-27,0.7439002990722656,0.7439002990722656,0.0,0.6689628829686375,True
2017-02-28,0.7039194107055664,0.7039194107055664,0.0,0.6689628829686375,True
2017-03-01,0.7033156752586365,0.7033156752586365,0.0,0.6689628829686375,True
2017-03-02,0.6905853748321533,0.6905853748321533,0.0,1.0,True
2017-03-03,0.6861668229103088,0.6861668229103088,0.0,1.0,True
2017-03-06,0.6825510263442993,0.6825510263442993,0.0,1.0,True
2017-03-07,0.6927739977836609,0.6927739977836609,0.0,1.0,True
2017-03-08,0.685945987701416,0.685945987701416,0.0,1.0,True
2017-03-09,0.6347014307975769,0.6347014307975769,0.0,1.0,True
2017-03-10,0.667634129524231,0.667634129524231,0.0,1.0,True
2017-03-13,0.6819342374801636,0.6819342374801636,0.0,1.0,True
2017-03-14,0.6662722826004028,0.6662722826004028,0.0,1.0,True
2017-03-15,0.7093379497528076,0.7093379497528076,0.0,1.0,True
2017-03-16,0.6947314143180847,0.6947314143180847,0.0,1.0,True
2017-03-17,0.6050139665603638,0.6050139665603638,0.0,1.0,True
2017-03-20,0.6192514300346375,0.6192514300346375,0.0,1.0,True
2017-03-21,0.5062642097473145,0.5062642097473145,0.0,0.0,True
2017-03-22,0.558709979057312,0.558709979057312,0.0,1.0,True
2017-03-23,0.4737280607223511,0.4737280607223511,0.0,0.0,True
2017-03-24,0.4846588969230652,0.4846588969230652,0.0,0.0,True
2017-03-27,0.5103889107704163,0.5103889107704163,0.0,0.0,True
2017-03-28,0.591679573059082,0.591679573059082,0.0,1.0,True
2017-03-29,0.543645441532135,0.543645441532135,0.0,1.0,True
2017-03-30,0.5719904899597168,0.5719904899597168,0.0,1.0,True
2017-03-31,0.5361728072166443,0.5361728072166443,0.0,1.0,True
2017-04-03,0.5631770491600037,0.5631770491600037,0.0,1.0,True
2017-04-04,0.6452613472938538,0.6452613472938538,0.0,1.0,True
2017-04-05,0.6334262490272522,0.6334262490272522,0.0,1.0,True
2017-04-06,0.5944036841392517,0.5944036841392517,0.0,1.0,True
2017-04-07,0.6178776025772095,0.6178776025772095,0.0,1.0,True
2017-04-10,0.5750832557678223,0.5750832557678223,0.0,1.0,True
2017-04-11,0.6401240229606628,0.6401240229606628,0.0,1.0,True
2017-04-12,0.5661568641662598,0.5661568641662598,0.0,1.0,True
2017-04-13,0.5845978260040283,0.5845978260040283,0.0,1.0,True
2017-04-17,0.6026176810264587,0.6026176810264587,0.0,1.0,True
2017-04-18,0.5744220018386841,0.5744220018386841,0.0,1.0,True
2017-04-19,0.5817030072212219,0.5817030072212219,0.0,1.0,True
2017-04-20,0.5042835474014282,0.5042835474014282,0.0,0.0,True
2017-04-21,0.439616858959198,0.439616858959198,0.0,0.0,True
2017-04-24,0.4706246554851532,0.4706246554851532,0.0,0.0,True
2017-04-25,0.6014264225959778,0.6014264225959778,0.0,1.0,True
2017-04-26,0.45332080125808716,0.45332080125808716,0.0,0.0,True
2017-04-27,0.5505752563476562,0.5505752563476562,0.0,1.0,True
2017-04-28,0.5058532357215881,0.5058532357215881,0.0,0.0,True
2017-05-01,0.5913682579994202,0.5913682579994202,0.0,1.0,True
2017-05-02,0.5505683422088623,0.5505683422088623,0.0,1.0,True
2017-05-03,0.5298865437507629,0.5298865437507629,0.0,1.0,True
2017-05-04,0.4558250606060028,0.4558250606060028,0.0,0.0,True
2017-05-05,0.5711132287979126,0.5711132287979126,0.0,1.0,True
2017-05-08,0.5379320383071899,0.5379320383071899,0.0,1.0,True
2017-05-09,0.5150977373123169,0.5150977373123169,0.0,0.0,True
2017-05-10,0.5137794017791748,0.5137794017791748,0.0,0.0,True
2017-05-11,0.49332284927368164,0.49332284927368164,0.0,0.0,True
2017-05-12,0.5122633576393127,0.5122633576393127,0.0,0.0,True
2017-05-15,0.5060277581214905,0.5060277581214905,0.0,0.0,True
2017-05-16,0.5130164623260498,0.5130164623260498,0.0,0.0,True
2017-05-17,0.4957672655582428,0.4957672655582428,0.0,0.0,True
2017-05-18,0.49884599447250366,0.49884599447250366,0.0,0.0,True
2017-05-19,0.4720114469528198,0.4720114469528198,0.0,0.0,True
2017-05-22,0.48575714230537415,0.48575714230537415,0.0,0.0,True
2017-05-23,0.4913206994533539,0.4913206994533539,0.0,0.0,True
2017-05-24,0.4707224369049072,0.4707224369049072,0.0,0.0,True
2017-05-25,0.6518963575363159,0.6518963575363159,0.0,0.752455900256274,True
2017-05-26,0.687168300151825,0.687168300151825,0.0,0.752455900256274,True
2017-05-30,0.6324666142463684,0.6324666142463684,0.0,0.752455900256274,True
2017-05-31,0.6068114042282104,0.6068114042282104,0.0,0.752455900256274,True
2017-06-01,0.588803768157959,0.588803768157959,0.0,0.752455900256274,True
2017-06-02,0.5214074850082397,0.5214074850082397,0.0,0.752455900256274,True
2017-06-05,0.4907366931438446,0.4907366931438446,0.0,0.0,True
2017-06-06,0.5592636466026306,0.5592636466026306,0.0,0.8915446153408428,True
2017-06-07,0.516180157661438,0.516180157661438,0.0,0.0,True
2017-06-08,0.5132235288619995,0.5132235288619995,0.0,0.0,True
2017-06-09,0.5502150654792786,0.5502150654792786,0.0,0.6958383018916774,True
2017-06-12,0.5559148192405701,0.5559148192405701,0.0,0.6958383018916774,True
2017-06-13,0.5642381310462952,0.5642381310462952,0.0,0.6958383018916774,True
2017-06-14,0.5713181495666504,0.5713181495666504,0.0,0.6958383018916774,True
2017-06-15,0.5548007488250732,0.5548007488250732,0.0,0.6958383018916774,True
2017-06-16,0.6050618886947632,0.6050618886947632,0.0,0.6958383018916774,True
2017-06-19,0.5616679787635803,0.5616679787635803,0.0,0.6958383018916774,True
2017-06-20,0.523911714553833,0.523911714553833,0.0,0.6958383018916774,True
2017-06-21,0.5051891207695007,0.5051891207695007,0.0,0.0,True
2017-06-22,0.4772709608078003,0.4772709608078003,0.0,0.0,True
2017-06-23,0.5623049736022949,0.5623049736022949,0.0,0.6752404137133919,True
2017-06-26,0.5522745251655579,0.5522745251655579,0.0,0.6752404137133919,True
2017-06-27,0.51146000623703,0.51146000623703,0.0,0.0,True
2017-06-28,0.5026700496673584,0.5026700496673584,0.0,0.0,True
2017-06-29,0.526960015296936,0.526960015296936,0.0,0.6318921276238374,True
2017-06-30,0.49272051453590393,0.49272051453590393,0.0,0.0,True
2017-07-03,0.5084145069122314,0.5084145069122314,0.0,0.0,True
2017-07-05,0.5002710223197937,0.5002710223197937,0.0,0.0,True
2017-07-06,0.4174863398075104,0.4174863398075104,0.0,0.0,True
2017-07-07,0.5444414019584656,0.5444414019584656,0.0,0.6469375209148398,True
2017-07-10,0.5066558122634888,0.5066558122634888,0.0,0.0,True
2017-07-11,0.47159624099731445,0.47159624099731445,0.0,0.0,True
2017-07-12,0.445805162191391,0.445805162191391,0.0,0.0,True
2017-07-13,0.665195643901825,0.665195643901825,0.0,0.8605975878831083,True
2017-07-14,0.6826875805854797,0.6826875805854797,0.0,0.8605975878831083,True
2017-07-17,0.6888015270233154,0.6888015270233154,0.0,0.8605975878831083,True
2017-07-18,0.6078341007232666,0.6078341007232666,0.0,1.0,True
2017-07-19,0.6100738644599915,0.6100738644599915,0.0,1.0,True
2017-07-20,0.5388559103012085,0.5388559103012085,0.0,1.0,True
2017-07-21,0.47246208786964417,0.47246208786964417,0.0,0.0,True
2017-07-24,0.597601056098938,0.597601056098938,0.0,1.0,True
2017-07-25,0.6084008812904358,0.6084008812904358,0.0,1.0,True
2017-07-26,0.6452170014381409,0.6452170014381409,0.0,1.0,True
2017-07-27,0.5543921589851379,0.5543921589851379,0.0,1.0,True
2017-07-28,0.5791805386543274,0.5791805386543274,0.0,1.0,True
2017-07-31,0.5631242394447327,0.5631242394447327,0.0,1.0,True
2017-08-01,0.5281420350074768,0.5281420350074768,0.0,1.0,True
2017-08-02,0.8290405869483948,0.8290405869483948,0.0,0.7356378842495593,True
2017-08-03,0.7564903497695923,0.7564903497695923,0.0,0.7356378842495593,True
2017-08-04,0.7139846086502075,0.7139846086502075,0.0,0.7356378842495593,True
2017-08-07,0.6998685598373413,0.6998685598373413,0.0,0.7356378842495593,True
2017-08-08,0.7152329087257385,0.7152329087257385,0.0,0.7356378842495593,True
2017-08-09,0.6226613521575928,0.6226613521575928,0.0,0.7356378842495593,True
2017-08-10,0.5317745208740234,0.5317745208740234,0.0,0.6198178203731992,True
2017-08-11,0.5115031003952026,0.5115031003952026,0.0,0.0,True
2017-08-14,0.48744630813598633,0.48744630813598633,0.0,0.0,True
2017-08-15,0.5735589265823364,0.5735589265823364,0.0,0.6013346989727254,True
2017-08-16,0.5514876246452332,0.5514876246452332,0.0,0.6013346989727254,True
2017-08-17,0.5247128009796143,0.5247128009796143,0.0,0.6013346989727254,True
2017-08-18,0.5648412108421326,0.5648412108421326,0.0,0.6013346989727254,True
2017-08-21,0.5426148772239685,0.5426148772239685,0.0,0.6013346989727254,True
2017-08-22,0.49712321162223816,0.49712321162223816,0.0,0.0,True
2017-08-23,0.48055118322372437,0.48055118322372437,0.0,0.0,True
2017-08-24,0.5332081913948059,0.5332081913948059,0.0,0.5886535975535953,True
2017-08-25,0.47477489709854126,0.47477489709854126,0.0,0.0,True
2017-08-28,0.5591959357261658,0.5591959357261658,0.0,0.5983517812008889,True
2017-08-29,0.7289102077484131,0.7289102077484131,0.0,0.5983517812008889,True
2017-08-30,0.7212474346160889,0.7212474346160889,0.0,0.7770994922481012,True
2017-08-31,0.7718380689620972,0.7718380689620972,0.0,0.7770994922481012,True
2017-09-01,0.733110785484314,0.733110785484314,0.0,0.7770994922481012,True
2017-09-05,0.5271912217140198,0.5271912217140198,0.0,0.7770994922481012,True
2017-09-06,0.6416279673576355,0.6416279673576355,0.0,0.7770994922481012,True
2017-09-07,0.6172232031822205,0.6172232031822205,0.0,0.7770994922481012,True
2017-09-08,0.5065765976905823,0.5065765976905823,0.0,0.0,True
2017-09-11,0.5512807369232178,0.5512807369232178,0.0,0.9288027956446372,True
2017-09-12,0.5210351347923279,0.5210351347923279,0.0,0.9288027956446372,True
2017-09-13,0.563987672328949,0.563987672328949,0.0,0.9288027956446372,True
2017-09-14,0.5025988817214966,0.5025988817214966,0.0,0.0,True
2017-09-15,0.5450640916824341,0.5450640916824341,0.0,1.0,True
2017-09-18,0.546141505241394,0.546141505241394,0.0,1.0,True
2017-09-19,0.49741822481155396,0.49741822481155396,0.0,0.0,True
2017-09-20,0.5608866810798645,0.5608866810798645,0.0,1.0,True
2017-09-21,0.562014102935791,0.562014102935791,0.0,1.0,True
2017-09-22,0.530335009098053,0.530335009098053,0.0,1.0,True
2017-09-25,0.6141729950904846,0.6141729950904846,0.0,1.0,True
2017-09-26,0.5352500677108765,0.5352500677108765,0.0,1.0,True
2017-09-27,0.45904427766799927,0.45904427766799927,0.0,0.0,True
2017-09-28,0.482023686170578,0.482023686170578,0.0,0.0,True
2017-09-29,0.527560293674469,0.527560293674469,0.0,0.9123794022019338,True
2017-10-02,0.5200202465057373,0.5200202465057373,0.0,0.9123794022019338,True
2017-10-03,0.5206803679466248,0.5206803679466248,0.0,0.9123794022019338,True
2017-10-04,0.5019676089286804,0.5019676089286804,0.0,0.0,True
2017-10-05,0.3951234221458435,0.3951234221458435,0.0,0.0,True
2017-10-06,0.4000505805015564,0.4000505805015564,0.0,0.0,True
2017-10-09,0.4697524309158325,0.4697524309158325,0.0,0.0,True
2017-10-10,0.5245463252067566,0.5245463252067566,0.0,1.0,True
2017-10-11,0.5364173054695129,0.5364173054695129,0.0,1.0,True
2017-10-12,0.46953001618385315,0.46953001618385315,0.0,0.0,True
2017-10-13,0.4529450833797455,0.4529450833797455,0.0,0.0,True
2017-10-16,0.6820570826530457,0.6820570826530457,0.0,0.970388619505943,True
2017-10-17,0.6510215997695923,0.6510215997695923,0.0,0.970388619505943,True
2017-10-18,0.5483251214027405,0.5483251214027405,0.0,0.970388619505943,True
2017-10-19,0.6869755387306213,0.6869755387306213,0.0,0.970388619505943,True
2017-10-20,0.6388875246047974,0.6388875246047974,0.0,0.970388619505943,True
2017-10-23,0.5517691969871521,0.5517691969871521,0.0,0.970388619505943,True
2017-10-24,0.4950900673866272,0.4950900673866272,0.0,0.0,True
2017-10-25,0.5417440533638,0.5417440533638,0.0,1.0,True
2017-10-26,0.45942822098731995,0.45942822098731995,0.0,0.0,True
2017-10-27,0.671566367149353,0.671566367149353,0.0,0.8319632674050734,True
2017-10-30,0.7215059399604797,0.7215059399604797,0.0,0.8319632674050734,True
2017-10-31,0.6785006523132324,0.6785006523132324,0.0,0.8319632674050734,True
2017-11-01,0.5895402431488037,0.5895402431488037,0.0,0.8319632674050734,True
2017-11-02,0.5734250545501709,0.5734250545501709,0.0,0.8319632674050734,True
2017-11-03,0.6355106830596924,0.6355106830596924,0.0,0.7041281111770606,True
2017-11-06,0.606961727142334,0.606961727142334,0.0,0.7041281111770606,True
2017-11-07,0.5819394588470459,0.5819394588470459,0.0,0.7041281111770606,True
2017-11-08,0.6017613410949707,0.6017613410949707,0.0,0.7041281111770606,True
2017-11-09,0.6340882182121277,0.6340882182121277,0.0,0.7041281111770606,True
2017-11-10,0.7074950933456421,0.7074950933456421,0.0,0.7041281111770606,True
2017-11-13,0.6904900670051575,0.6904900670051575,0.0,0.7041281111770606,True
2017-11-14,0.5417194366455078,0.5417194366455078,0.0,0.7041281111770606,True
2017-11-15,0.7003577947616577,0.7003577947616577,0.0,0.7041281111770606,True
2017-11-16,0.5206211805343628,0.5206211805343628,0.0,0.7041281111770606,True
2017-11-17,0.5448134541511536,0.5448134541511536,0.0,0.7041281111770606,True
2017-11-20,0.5050380825996399,0.5050380825996399,0.0,0.0,True
2017-11-21,0.5633537769317627,0.5633537769317627,0.0,0.6915914463818903,True
2017-11-22,0.5617918372154236,0.5617918372154236,0.0,0.6915914463818903,True
2017-11-24,0.4291595220565796,0.4291595220565796,0.0,0.0,True
2017-11-27,0.5056460499763489,0.5056460499763489,0.0,0.0,True
2017-11-28,0.5237134695053101,0.5237134695053101,0.0,0.8576932332218715,True
2017-11-29,0.5507088303565979,0.5507088303565979,0.0,0.8576932332218715,True
2017-11-30,0.5495888590812683,0.5495888590812683,0.0,0.8576932332218715,True
2017-12-01,0.5726433396339417,0.5726433396339417,0.0,0.8576932332218715,True
2017-12-04,0.5091884136199951,0.5091884136199951,0.0,0.0,True
2017-12-05,0.4874211251735687,0.4874211251735687,0.0,0.0,True
2017-12-06,0.5412245392799377,0.5412245392799377,0.0,0.9540225056577708,True
2017-12-07,0.6224780082702637,0.6224780082702637,0.0,0.9540225056577708,True
2017-12-08,0.6386438012123108,0.6386438012123108,0.0,0.9540225056577708,True
2017-12-11,0.5620288848876953,0.5620288848876953,0.0,0.9540225056577708,True
2017-12-12,0.4764701724052429,0.4764701724052429,0.0,0.0,True
2017-12-13,0.4808807075023651,0.4808807075023651,0.0,0.0,True
2017-12-14,0.48466137051582336,0.48466137051582336,0.0,0.0,True
2017-12-15,0.5204890966415405,0.5204890966415405,0.0,0.977127467719694,True
2017-12-18,0.5545358657836914,0.5545358657836914,0.0,0.977127467719694,True
2017-12-19,0.5064445734024048,0.5064445734024048,0.0,0.0,True
2017-12-20,0.5326547026634216,0.5326547026634216,0.0,0.9917626574474342,True
2017-12-21,0.5110962390899658,0.5110962390899658,0.0,0.0,True
2017-12-22,0.474046528339386,0.474046528339386,0.0,0.0,True
2017-12-26,0.5105512142181396,0.5105512142181396,0.0,0.0,True
2017-12-27,0.44092825055122375,0.44092825055122375,0.0,0.0,True
2017-12-28,0.4413911998271942,0.4413911998271942,0.0,0.0,True
2017-12-29,0.473892480134964,0.473892480134964,0.0,0.0,True
2018-01-02,0.6089078187942505,0.6089078187942505,0.0,0.918619728535323,True
2018-01-03,0.5264315009117126,0.5264315009117126,0.0,0.918619728535323,True
2018-01-04,0.48988988995552063,0.48988988995552063,0.0,0.0,True
2018-01-05,0.5137386322021484,0.5137386322021484,0.0,0.0,True
2018-01-08,0.4921268820762634,0.4921268820762634,0.0,0.0,True
2018-01-09,0.5494160652160645,0.5494160652160645,0.0,0.9069649834972767,True
2018-01-10,0.5125063061714172,0.5125063061714172,0.0,0.0,True
2018-01-11,0.5074797868728638,0.5074797868728638,0.0,0.0,True
2018-01-12,0.509402871131897,0.509402871131897,0.0,0.0,True
2018-01-16,0.5218982696533203,0.5218982696533203,0.0,0.9650716513983743,True
2018-01-17,0.5894621014595032,0.5894621014595032,0.0,0.9650716513983743,True
2018-01-18,0.5114141702651978,0.5114141702651978,0.0,0.0,True
2018-01-19,0.4951402246952057,0.4951402246952057,0.0,0.0,True
2018-01-22,0.5121748447418213,0.5121748447418213,0.0,0.0,True
2018-01-23,0.5348405838012695,0.5348405838012695,0.0,0.9785368927800603,True
2018-01-24,0.545613706111908,0.545613706111908,0.0,0.9785368927800603,True
2018-01-25,0.5441010594367981,0.5441010594367981,0.0,0.9785368927800603,True
2018-01-26,0.5173688530921936,0.5173688530921936,0.0,0.0,True
2018-01-29,0.6240552067756653,0.6240552067756653,0.0,0.8947410383588081,True
2018-01-30,0.6666659712791443,0.6666659712791443,0.0,0.8947410383588081,True
2018-01-31,0.5276083946228027,0.5276083946228027,0.0,0.9986842569690038,True
2018-02-01,0.552841305732727,0.552841305732727,0.0,0.9986842569690038,True
2018-02-02,0.5808972120285034,0.5808972120285034,0.0,0.7131634356024423,True
2018-02-05,0.6369536519050598,0.6369536519050598,0.0,0.7131634356024423,True
2018-02-06,0.578217625617981,0.578217625617981,0.0,0.5491415725937773,True
2018-02-07,0.5008305907249451,0.5008305907249451,0.0,0.0,True
2018-02-08,0.5311805605888367,0.5311805605888367,0.0,0.5144022481681089,True
2018-02-09,0.5056042671203613,0.5056042671203613,0.0,0.0,True
2018-02-12,0.45815855264663696,0.45815855264663696,0.0,0.0,True
2018-02-13,0.5082293748855591,0.5082293748855591,0.0,0.0,True
2018-02-14,0.4989800453186035,0.4989800453186035,0.0,0.0,True
2018-02-15,0.5054583549499512,0.5054583549499512,0.0,0.0,True
2018-02-16,0.5005781054496765,0.5005781054496765,0.0,0.0,True
2018-02-20,0.5029516220092773,0.5029516220092773,0.0,0.0,True
2018-02-21,0.5063299536705017,0.5063299536705017,0.0,0.0,True
2018-02-22,0.5067326426506042,0.5067326426506042,0.0,0.0,True
2018-02-23,0.4758130609989166,0.4758130609989166,0.0,0.0,True
2018-02-26,0.507714033126831,0.507714033126831,0.0,0.0,True
2018-02-27,0.49341467022895813,0.49341467022895813,0.0,0.0,True
2018-02-28,0.5074424147605896,0.5074424147605896,0.0,0.0,True
2018-03-01,0.53494793176651,0.53494793176651,0.0,0.4161324420606987,True
2018-03-02,0.5434653759002686,0.5434653759002686,0.0,0.4161324420606987,True
2018-03-05,0.5419896245002747,0.5419896245002747,0.0,0.4161324420606987,True
2018-03-06,0.5500078201293945,0.5500078201293945,0.0,0.4161324420606987,True
2018-03-07,0.5150390863418579,0.5150390863418579,0.0,0.0,True
2018-03-08,0.5089828372001648,0.5089828372001648,0.0,0.0,True
2018-03-09,0.5202171802520752,0.5202171802520752,0.0,0.66598134950542,True
2018-03-12,0.5550521612167358,0.5550521612167358,0.0,0.66598134950542,True
2018-03-13,0.5497944951057434,0.5497944951057434,0.0,0.66598134950542,True
2018-03-14,0.5361843109130859,0.5361843109130859,0.0,0.66598134950542,True
2018-03-15,0.49889248609542847,0.49889248609542847,0.0,0.0,True
2018-03-16,0.48187538981437683,0.48187538981437683,0.0,0.0,True
2018-03-19,0.5893409848213196,0.5893409848213196,0.0,0.8849886324603369,True
2018-03-20,0.5672444105148315,0.5672444105148315,0.0,0.8849886324603369,True
2018-03-21,0.5591316819190979,0.5591316819190979,0.0,0.8849886324603369,True
2018-03-22,0.5667455792427063,0.5667455792427063,0.0,0.7821922411847267,True
2018-03-23,0.5936003923416138,0.5936003923416138,0.0,0.7821922411847267,True
2018-03-26,0.7247458100318909,0.7247458100318909,0.0,0.5923255227918826,True
2018-03-27,0.68179851770401,0.68179851770401,0.0,0.5923255227918826,True
2018-03-28,0.6496047973632812,0.6496047973632812,0.0,0.5923255227918826,True
2018-03-29,0.6807110905647278,0.6807110905647278,0.0,0.5923255227918826,True
2018-04-02,0.5703287124633789,0.5703287124633789,0.0,0.5923255227918826,True
2018-04-03,0.5403299331665039,0.5403299331665039,0.0,0.5923255227918826,True
2018-04-04,0.49711117148399353,0.49711117148399353,0.0,0.0,True
2018-04-05,0.4777500629425049,0.4777500629425049,0.0,0.0,True
2018-04-06,0.4803128242492676,0.4803128242492676,0.0,0.0,True
2018-04-09,0.4894479811191559,0.4894479811191559,0.0,0.0,True
2018-04-10,0.50557941198349,0.50557941198349,0.0,0.0,True
2018-04-11,0.5129578113555908,0.5129578113555908,0.0,0.0,True
2018-04-12,0.5093249678611755,0.5093249678611755,0.0,0.0,True
2018-04-13,0.47522786259651184,0.47522786259651184,0.0,0.0,True
2018-04-16,0.4715823233127594,0.4715823233127594,0.0,0.0,True
2018-04-17,0.598789632320404,0.598789632320404,0.0,0.5168130897953169,True
2018-04-18,0.6058986186981201,0.6058986186981201,0.0,0.5168130897953169,True
2018-04-19,0.5978941321372986,0.5978941321372986,0.0,0.5168130897953169,True
2018-04-20,0.5396971702575684,0.5396971702575684,0.0,0.5168130897953169,True
2018-04-23,0.5626816749572754,0.5626816749572754,0.0,0.5168130897953169,True
2018-04-24,0.5960489511489868,0.5960489511489868,0.0,0.5168130897953169,True
2018-04-25,0.5766968131065369,0.5766968131065369,0.0,0.5168130897953169,True
2018-04-26,0.5660780072212219,0.5660780072212219,0.0,0.5168130897953169,True
2018-04-27,0.5590410828590393,0.5590410828590393,0.0,0.5168130897953169,True
2018-04-30,0.5653313398361206,0.5653313398361206,0.0,0.5168130897953169,True
2018-05-01,0.6128085851669312,0.6128085851669312,0.0,0.5168130897953169,True
2018-05-02,0.5893332362174988,0.5893332362174988,0.0,0.5168130897953169,True
2018-05-03,0.5655002593994141,0.5655002593994141,0.0,0.5168130897953169,True
2018-05-04,0.5911666750907898,0.5911666750907898,0.0,0.5168130897953169,True
2018-05-07,0.6032627820968628,0.6032627820968628,0.0,0.5168130897953169,True
2018-05-08,0.5609139204025269,0.5609139204025269,0.0,0.5168130897953169,True
2018-05-09,0.540462851524353,0.540462851524353,0.0,0.5168130897953169,True
2018-05-10,0.5426561832427979,0.5426561832427979,0.0,0.5168130897953169,True
2018-05-11,0.6320348381996155,0.6320348381996155,0.0,0.5168130897953169,True
2018-05-14,0.4383745789527893,0.4383745789527893,0.0,0.0,True
2018-05-15,0.4909011423587799,0.4909011423587799,0.0,0.0,True
2018-05-16,0.5528398156166077,0.5528398156166077,0.0,0.474835136331945,True
2018-05-17,0.5568947196006775,0.5568947196006775,0.0,0.474835136331945,True
2018-05-18,0.5809948444366455,0.5809948444366455,0.0,0.6114040299268573,True
2018-05-21,0.5774542093276978,0.5774542093276978,0.0,0.6114040299268573,True
2018-05-22,0.5531479120254517,0.5531479120254517,0.0,0.6114040299268573,True
2018-05-23,0.6688473224639893,0.6688473224639893,0.0,0.6114040299268573,True
2018-05-24,0.66408771276474,0.66408771276474,0.0,0.6114040299268573,True
2018-05-25,0.6745184063911438,0.6745184063911438,0.0,0.6114040299268573,True
2018-05-29,0.6541906595230103,0.6541906595230103,0.0,0.6114040299268573,True
2018-05-30,0.6641791462898254,0.6641791462898254,0.0,0.6114040299268573,True
2018-05-31,0.6680902242660522,0.6680902242660522,0.0,0.907953181985895,True
2018-06-01,0.5611424446105957,0.5611424446105957,0.0,0.907953181985895,True
2018-06-04,0.5352144837379456,0.5352144837379456,0.0,0.907953181985895,True
2018-06-05,0.5274537205696106,0.5274537205696106,0.0,0.907953181985895,True
2018-06-06,0.5281457901000977,0.5281457901000977,0.0,0.907953181985895,True
2018-06-07,0.5192133188247681,0.5192133188247681,0.0,0.0,True
2018-06-08,0.48914119601249695,0.48914119601249695,0.0,0.0,True
2018-06-11,0.5192474126815796,0.5192474126815796,0.0,0.0,True
2018-06-12,0.5478079915046692,0.5478079915046692,0.0,1.0,True
2018-06-13,0.5842723846435547,0.5842723846435547,0.0,1.0,True
2018-06-14,0.5507754683494568,0.5507754683494568,0.0,1.0,True
2018-06-15,0.5593217611312866,0.5593217611312866,0.0,1.0,True
2018-06-18,0.5454444885253906,0.5454444885253906,0.0,1.0,True
2018-06-19,0.5438057780265808,0.5438057780265808,0.0,1.0,True
2018-06-20,0.4808923304080963,0.4808923304080963,0.0,0.0,True
2018-06-21,0.5425622463226318,0.5425622463226318,0.0,1.0,True
2018-06-22,0.4953868091106415,0.4953868091106415,0.0,0.0,True
2018-06-25,0.5335657596588135,0.5335657596588135,0.0,1.0,True
2018-06-26,0.5307406187057495,0.5307406187057495,0.0,1.0,True
2018-06-27,0.5259304642677307,0.5259304642677307,0.0,1.0,True
2018-06-28,0.5353792905807495,0.5353792905807495,0.0,1.0,True
2018-06-29,0.49154114723205566,0.49154114723205566,0.0,0.0,True
2018-07-02,0.5970818996429443,0.5970818996429443,0.0,1.0,True
2018-07-03,0.49536943435668945,0.49536943435668945,0.0,0.0,True
2018-07-05,0.4809817969799042,0.4809817969799042,0.0,0.0,True
2018-07-06,0.47741231322288513,0.47741231322288513,0.0,0.0,True
2018-07-09,0.45931118726730347,0.45931118726730347,0.0,0.0,True
2018-07-10,0.4543060064315796,0.4543060064315796,0.0,0.0,True
2018-07-11,0.5101380944252014,0.5101380944252014,0.0,0.0,True
2018-07-12,0.5188819766044617,0.5188819766044617,0.0,0.0,True
2018-07-13,0.5169657468795776,0.5169657468795776,0.0,0.0,True
2018-07-16,0.5598456263542175,0.5598456263542175,0.0,0.9022910682634895,True
2018-07-17,0.6072996258735657,0.6072996258735657,0.0,0.9022910682634895,True
2018-07-18,0.5431802868843079,0.5431802868843079,0.0,0.9022910682634895,True
2018-07-19,0.5583119988441467,0.5583119988441467,0.0,0.9022910682634895,True
2018-07-20,0.5325399041175842,0.5325399041175842,0.0,0.9022910682634895,True
2018-07-23,0.5707597732543945,0.5707597732543945,0.0,0.9022910682634895,True
2018-07-24,0.5693594813346863,0.5693594813346863,0.0,0.9022910682634895,True
2018-07-25,0.6311991810798645,0.6311991810798645,0.0,0.9022910682634895,True
2018-07-26,0.5519973039627075,0.5519973039627075,0.0,0.9022910682634895,True
2018-07-27,0.5223528742790222,0.5223528742790222,0.0,0.9022910682634895,True
2018-07-30,0.51465904712677,0.51465904712677,0.0,0.0,True
2018-07-31,0.5103044509887695,0.5103044509887695,0.0,0.0,True
2018-08-01,0.8765230774879456,0.8765230774879456,0.0,0.6134916993959981,True
2018-08-02,0.8188890814781189,0.8188890814781189,0.0,0.6134916993959981,True
2018-08-03,0.7768872380256653,0.7768872380256653,0.0,0.6134916993959981,True
2018-08-06,0.6134682893753052,0.6134682893753052,0.0,0.6134916993959981,True
2018-08-07,0.7338054180145264,0.7338054180145264,0.0,0.6134916993959981,True
2018-08-08,0.5723957419395447,0.5723957419395447,0.0,0.6134916993959981,True
2018-08-09,0.6145243048667908,0.6145243048667908,0.0,0.6134916993959981,True
2018-08-10,0.569664478302002,0.569664478302002,0.0,0.6134916993959981,True
2018-08-13,0.5712226629257202,0.5712226629257202,0.0,0.6134916993959981,True
2018-08-14,0.6830480098724365,0.6830480098724365,0.0,0.6134916993959981,True
2018-08-15,0.6946487426757812,0.6946487426757812,0.0,0.6134916993959981,True
2018-08-16,0.7488318681716919,0.7488318681716919,0.0,0.6134916993959981,True
2018-08-17,0.6781202554702759,0.6781202554702759,0.0,0.6134916993959981,True
2018-08-20,0.6191958785057068,0.6191958785057068,0.0,0.6134916993959981,True
2018-08-21,0.5702918171882629,0.5702918171882629,0.0,0.6134916993959981,True
2018-08-22,0.5147773623466492,0.5147773623466492,0.0,0.0,True
2018-08-23,0.48742741346359253,0.48742741346359253,0.0,0.0,True
2018-08-24,0.740287184715271,0.740287184715271,0.0,0.6139067204887939,True
2018-08-27,0.7699586153030396,0.7699586153030396,0.0,0.6139067204887939,True
2018-08-28,0.7618892788887024,0.7618892788887024,0.0,0.6139067204887939,True
2018-08-29,0.7498336434364319,0.7498336434364319,0.0,1.0,True
2018-08-30,0.6832783222198486,0.6832783222198486,0.0,1.0,True
2018-08-31,0.6966561675071716,0.6966561675071716,0.0,1.0,True
2018-09-04,0.6815603971481323,0.6815603971481323,0.0,1.0,True
2018-09-05,0.4738064110279083,0.4738064110279083,0.0,0.0,True
2018-09-06,0.4958105683326721,0.4958105683326721,0.0,0.0,True
2018-09-07,0.536493718624115,0.536493718624115,0.0,1.0,True
2018-09-10,0.543292760848999,0.543292760848999,0.0,1.0,True
2018-09-11,0.5498580932617188,0.5498580932617188,0.0,0.8610987372668166,True
2018-09-12,0.532110333442688,0.532110333442688,0.0,0.8610987372668166,True
2018-09-13,0.5894966721534729,0.5894966721534729,0.0,0.7564785332650118,True
2018-09-14,0.5978313684463501,0.5978313684463501,0.0,0.7564785332650118,True
2018-09-17,0.6518599390983582,0.6518599390983582,0.0,0.7564785332650118,True
2018-09-18,0.5323374271392822,0.5323374271392822,0.0,0.7564785332650118,True
2018-09-19,0.5272440910339355,0.5272440910339355,0.0,0.7564785332650118,True
2018-09-20,0.5732834339141846,0.5732834339141846,0.0,0.7564785332650118,True
2018-09-21,0.5646222829818726,0.5646222829818726,0.0,0.7564785332650118,True
2018-09-24,0.516756534576416,0.516756534576416,0.0,0.0,True
2018-09-25,0.523945689201355,0.523945689201355,0.0,0.6774419519027526,True
2018-09-26,0.5025650262832642,0.5025650262832642,0.0,0.0,True
2018-09-27,0.5773887038230896,0.5773887038230896,0.0,0.658614224883498,True
2018-09-28,0.46389973163604736,0.46389973163604736,0.0,0.0,True
2018-10-01,0.5153244733810425,0.5153244733810425,0.0,0.0,True
2018-10-02,0.5108930468559265,0.5108930468559265,0.0,0.0,True
2018-10-03,0.6334632635116577,0.6334632635116577,0.0,0.6595136969356971,True
2018-10-04,0.49141228199005127,0.49141228199005127,0.0,0.0,True
2018-10-05,0.5113953948020935,0.5113953948020935,0.0,0.0,True
2018-10-08,0.5435838103294373,0.5435838103294373,0.0,0.6552071894578835,True
2018-10-09,0.5441133975982666,0.5441133975982666,0.0,0.6552071894578835,True
2018-10-10,0.5605332851409912,0.5605332851409912,0.0,0.554667325669967,True
2018-10-11,0.547700047492981,0.547700047492981,0.0,0.554667325669967,True
2018-10-12,0.5730525255203247,0.5730525255203247,0.0,0.554667325669967,True
2018-10-15,0.6422255635261536,0.6422255635261536,0.0,0.554667325669967,True
2018-10-16,0.6693638563156128,0.6693638563156128,0.0,0.554667325669967,True
2018-10-17,0.5070001482963562,0.5070001482963562,0.0,0.0,True
2018-10-18,0.48226499557495117,0.48226499557495117,0.0,0.0,True
2018-10-19,0.5251486897468567,0.5251486897468567,0.0,0.4915488826738346,True
2018-10-22,0.5323933362960815,0.5323933362960815,0.0,0.4915488826738346,True
2018-10-23,0.5184903740882874,0.5184903740882874,0.0,0.0,True
2018-10-24,0.5456241965293884,0.5456241965293884,0.0,0.4605318151348757,True
2018-10-25,0.5284702181816101,0.5284702181816101,0.0,0.4605318151348757,True
2018-10-26,0.5222504138946533,0.5222504138946533,0.0,0.4605318151348757,True
2018-10-29,0.5522820949554443,0.5522820949554443,0.0,0.4605318151348757,True
2018-10-30,0.5895990133285522,0.5895990133285522,0.0,0.4605318151348757,True
2018-10-31,0.6034429669380188,0.6034429669380188,0.0,0.4605318151348757,True
2018-11-01,0.5920357704162598,0.5920357704162598,0.0,0.4605318151348757,True
2018-11-02,0.5266167521476746,0.5266167521476746,0.0,0.4605318151348757,True
2018-11-05,0.5262649655342102,0.5262649655342102,0.0,0.3545828340725238,True
2018-11-06,0.4960182011127472,0.4960182011127472,0.0,0.0,True
2018-11-07,0.45225635170936584,0.45225635170936584,0.0,0.0,True
2018-11-08,0.4687682092189789,0.4687682092189789,0.0,0.0,True
2018-11-09,0.5124635100364685,0.5124635100364685,0.0,0.0,True
2018-11-12,0.5506696105003357,0.5506696105003357,0.0,0.3577940671286566,True
2018-11-13,0.5498676300048828,0.5498676300048828,0.0,0.3577940671286566,True
2018-11-14,0.551959216594696,0.551959216594696,0.0,0.3577940671286566,True
2018-11-15,0.5206004977226257,0.5206004977226257,0.0,0.3577940671286566,True
2018-11-16,0.5114206671714783,0.5114206671714783,0.0,0.0,True
2018-11-19,0.5480445027351379,0.5480445027351379,0.0,0.3435463660880105,True
2018-11-20,0.5239284634590149,0.5239284634590149,0.0,0.3435463660880105,True
2018-11-21,0.5237743854522705,0.5237743854522705,0.0,0.3435463660880105,True
2018-11-23,0.4922553300857544,0.4922553300857544,0.0,0.0,True
2018-11-26,0.5059988498687744,0.5059988498687744,0.0,0.0,True
2018-11-27,0.5254086256027222,0.5254086256027222,0.0,0.339679906000118,True
2018-11-28,0.4636586010456085,0.4636586010456085,0.0,0.0,True
2018-11-29,0.48297080397605896,0.48297080397605896,0.0,0.0,True
2018-11-30,0.4273657202720642,0.4273657202720642,0.0,0.0,True
2018-12-03,0.46554532647132874,0.46554532647132874,0.0,0.0,True
2018-12-04,0.47074753046035767,0.47074753046035767,0.0,0.0,True
2018-12-06,0.4874461591243744,0.4874461591243744,0.0,0.0,True
2018-12-07,0.48188212513923645,0.48188212513923645,0.0,0.0,True
2018-12-10,0.5187726616859436,0.5187726616859436,0.0,0.0,True
2018-12-11,0.4927438795566559,0.4927438795566559,0.0,0.0,True
2018-12-12,0.4617827534675598,0.4617827534675598,0.0,0.0,True
2018-12-13,0.45087292790412903,0.45087292790412903,0.0,0.0,True
2018-12-14,0.4734290540218353,0.4734290540218353,0.0,0.0,True
2018-12-17,0.4793635904788971,0.4793635904788971,0.0,0.0,True
2018-12-18,0.46762901544570923,0.46762901544570923,0.0,0.0,True
2018-12-19,0.5500959753990173,0.5500959753990173,0.0,0.39754566862439533,True
2018-12-20,0.5793716907501221,0.5793716907501221,0.0,0.39754566862439533,True
2018-12-21,0.5252872705459595,0.5252872705459595,0.0,0.39754566862439533,True
2018-12-24,0.5376052260398865,0.5376052260398865,2.0,0.39754566862439533,True
2018-12-26,0.5393537878990173,0.5393537878990173,0.0,0.39754566862439533,True
2018-12-27,0.5032654404640198,0.5032654404640198,0.0,0.0,True
2018-12-28,0.4738851487636566,0.4738851487636566,0.0,0.0,True
2018-12-31,0.4834360182285309,0.4834360182285309,0.0,0.0,True
2019-01-02,0.503149151802063,0.503149151802063,0.0,0.0,True
2019-01-03,0.43930232524871826,0.43930232524871826,0.0,0.0,True
2019-01-04,0.48335742950439453,0.48335742950439453,0.0,0.0,True
2019-01-07,0.4613174796104431,0.4613174796104431,0.0,0.0,True
2019-01-08,0.46144333481788635,0.46144333481788635,0.0,0.0,True
2019-01-09,0.4746880829334259,0.4746880829334259,0.0,0.0,True
2019-01-10,0.428236186504364,0.428236186504364,0.0,0.0,True
2019-01-11,0.4231767952442169,0.4231767952442169,0.0,0.0,True
2019-01-14,0.40049466490745544,0.40049466490745544,0.0,0.0,True
2019-01-15,0.45062413811683655,0.45062413811683655,0.0,0.0,True
2019-01-16,0.4290914833545685,0.4290914833545685,0.0,0.0,True
2019-01-17,0.3576790392398834,0.3576790392398834,0.0,0.0,True
2019-01-18,0.34295108914375305,0.34295108914375305,0.0,0.0,True
2019-01-22,0.3505815267562866,0.3505815267562866,0.0,0.0,True
2019-01-23,0.33566081523895264,0.33566081523895264,1.0,0.0,True
2019-01-24,0.3445267081260681,0.3445267081260681,1.0,0.0,True
2019-01-25,0.4442676305770874,0.4442676305770874,0.0,0.0,True
2019-01-28,0.4392050802707672,0.4392050802707672,0.0,0.0,True
2019-01-29,0.45661094784736633,0.45661094784736633,0.0,0.0,True
2019-01-30,0.6059360504150391,0.6059360504150391,0.0,0.29300994139542946,True
2019-01-31,0.5989704132080078,0.5989704132080078,0.0,0.29300994139542946,True
2019-02-01,0.5797672271728516,0.5797672271728516,1.0,0.4409874487476989,True
2019-02-04,0.5436974763870239,0.5436974763870239,0.0,0.4409874487476989,True
2019-02-05,0.5291698575019836,0.5291698575019836,1.0,0.4409874487476989,True
2019-02-06,0.5093128085136414,0.5093128085136414,0.0,0.0,True
2019-02-07,0.533328652381897,0.533328652381897,0.0,0.4497393387142291,True
2019-02-08,0.6133261919021606,0.6133261919021606,0.0,0.4497393387142291,True
2019-02-11,0.5655409097671509,0.5655409097671509,0.0,0.4497393387142291,True
2019-02-12,0.5467970967292786,0.5467970967292786,0.0,0.4497393387142291,True
2019-02-13,0.5531994104385376,0.5531994104385376,0.0,0.4497393387142291,True
2019-02-14,0.6607018709182739,0.6607018709182739,0.0,0.4497393387142291,True
2019-02-15,0.6151251196861267,0.6151251196861267,0.0,0.4497393387142291,True
2019-02-19,0.6894028186798096,0.6894028186798096,0.0,0.4497393387142291,True
2019-02-20,0.7406139373779297,0.7406139373779297,0.0,0.4497393387142291,True
2019-02-21,0.6938223838806152,0.6938223838806152,0.0,0.4497393387142291,True
2019-02-22,0.5979557037353516,0.5979557037353516,0.0,0.4497393387142291,True
2019-02-25,0.6571686267852783,0.6571686267852783,0.0,0.4497393387142291,True
2019-02-26,0.625452995300293,0.625452995300293,0.0,0.4497393387142291,True
2019-02-27,0.6851552128791809,0.6851552128791809,0.0,0.4497393387142291,True
2019-02-28,0.4780902564525604,0.4780902564525604,0.0,0.0,True
2019-03-01,0.5133841633796692,0.5133841633796692,0.0,0.0,True
2019-03-04,0.5090377330780029,0.5090377330780029,0.0,0.0,True
2019-03-05,0.47982555627822876,0.47982555627822876,0.0,0.0,True
2019-03-06,0.37973296642303467,0.37973296642303467,0.0,0.0,True
2019-03-07,0.5059332847595215,0.5059332847595215,0.0,0.0,True
2019-03-08,0.5281655192375183,0.5281655192375183,0.0,1.0,True
2019-03-11,0.8022518157958984,0.8022518157958984,0.0,1.0,True
2019-03-12,0.7977181673049927,0.7977181673049927,0.0,1.0,True
2019-03-13,0.7506515979766846,0.7506515979766846,0.0,1.0,True
2019-03-14,0.5573355555534363,0.5573355555534363,0.0,1.0,True
2019-03-15,0.587812602519989,0.587812602519989,0.0,1.0,True
2019-03-18,0.7319034337997437,0.7319034337997437,0.0,1.0,True
2019-03-19,0.5399320125579834,0.5399320125579834,0.0,1.0,True
2019-03-20,0.5329195857048035,0.5329195857048035,0.0,0.8993768822295514,True
2019-03-21,0.6456803679466248,0.6456803679466248,0.0,0.7588604708886011,True
2019-03-22,0.6082910299301147,0.6082910299301147,0.0,0.7588604708886011,True
2019-03-25,0.5948818325996399,0.5948818325996399,0.0,0.7588604708886011,True
2019-03-26,0.592229962348938,0.592229962348938,0.0,0.6444149084363062,True
2019-03-27,0.562179446220398,0.562179446220398,0.0,0.6444149084363062,True
2019-03-28,0.502443790435791,0.502443790435791,0.0,0.0,True
2019-03-29,0.49299687147140503,0.49299687147140503,0.0,0.0,True
2019-04-01,0.5395307540893555,0.5395307540893555,0.0,0.6597243112049694,True
2019-04-02,0.7424260377883911,0.7424260377883911,0.0,0.6597243112049694,True
2019-04-03,0.7529304027557373,0.7529304027557373,0.0,0.6597243112049694,True
2019-04-04,0.7771317958831787,0.7771317958831787,0.0,0.6597243112049694,True
2019-04-05,0.7771691083908081,0.7771691083908081,0.0,0.6597243112049694,True
2019-04-08,0.7107064127922058,0.7107064127922058,0.0,0.7785306253170297,True
2019-04-09,0.6248066425323486,0.6248066425323486,0.0,0.7785306253170297,True
2019-04-10,0.6765961647033691,0.6765961647033691,0.0,0.7785306253170297,True
2019-04-11,0.523742139339447,0.523742139339447,0.0,0.7785306253170297,True
2019-04-12,0.4975360929965973,0.4975360929965973,0.0,0.0,True
2019-04-15,0.6595964431762695,0.6595964431762695,0.0,0.772981940013994,True
2019-04-16,0.6526001691818237,0.6526001691818237,0.0,0.772981940013994,True
2019-04-17,0.5952942371368408,0.5952942371368408,0.0,0.772981940013994,True
2019-04-18,0.5343515872955322,0.5343515872955322,0.0,0.9677953320550113,True
2019-04-22,0.5885258316993713,0.5885258316993713,0.0,0.9677953320550113,True
2019-04-23,0.43165290355682373,0.43165290355682373,0.0,0.0,True
2019-04-24,0.3968389928340912,0.3968389928340912,0.0,0.0,True
2019-04-25,0.4431513547897339,0.4431513547897339,0.0,0.0,True
2019-04-26,0.42408043146133423,0.42408043146133423,0.0,0.0,True
2019-04-29,0.3886462152004242,0.3886462152004242,0.0,0.0,True
2019-04-30,0.5514549016952515,0.5514549016952515,0.0,1.0,True
2019-05-01,0.8014564514160156,0.8014564514160156,0.0,0.6857416641725698,True
2019-05-02,0.7128728628158569,0.7128728628158569,0.0,0.6857416641725698,True
2019-05-03,0.7467146515846252,0.7467146515846252,0.0,0.6857416641725698,True
2019-05-06,0.694199800491333,0.694199800491333,0.0,0.6857416641725698,True
2019-05-07,0.7032508254051208,0.7032508254051208,0.0,0.6857416641725698,True
2019-05-08,0.5516880750656128,0.5516880750656128,0.0,0.6857416641725698,True
2019-05-09,0.5746029019355774,0.5746029019355774,0.0,0.6857416641725698,True
2019-05-10,0.5533222556114197,0.5533222556114197,0.0,0.5840326272036412,True
2019-05-13,0.5500854253768921,0.5500854253768921,0.0,0.4556929108441007,True
2019-05-14,0.5464906096458435,0.5464906096458435,0.0,0.4556929108441007,True
2019-05-15,0.5346692204475403,0.5346692204475403,0.0,0.4556929108441007,True
2019-05-16,0.5007398128509521,0.5007398128509521,0.0,0.0,True
2019-05-17,0.5077863335609436,0.5077863335609436,0.0,0.0,True
2019-05-20,0.5848988890647888,0.5848988890647888,0.0,0.4378933211230986,True
2019-05-21,0.5532839298248291,0.5532839298248291,0.0,0.4378933211230986,True
2019-05-22,0.5376970171928406,0.5376970171928406,0.0,0.4378933211230986,True
2019-05-23,0.5334055423736572,0.5334055423736572,0.0,0.4378933211230986,True
2019-05-24,0.5348745584487915,0.5348745584487915,0.0,0.4378933211230986,True
2019-05-28,0.5197797417640686,0.5197797417640686,0.0,0.0,True
2019-05-29,0.5219308733940125,0.5219308733940125,0.0,0.43043019693388523,True
2019-05-30,0.47479474544525146,0.47479474544525146,0.0,0.0,True
2019-05-31,0.500279426574707,0.500279426574707,0.0,0.0,True
2019-06-03,0.5098024010658264,0.5098024010658264,0.0,0.0,True
2019-06-04,0.500498354434967,0.500498354434967,0.0,0.0,True
2019-06-05,0.5216644406318665,0.5216644406318665,0.0,0.465689934103994,True
2019-06-06,0.49624142050743103,0.49624142050743103,0.0,0.0,True
2019-06-07,0.5344973206520081,0.5344973206520081,0.0,0.4341083595749751,True
2019-06-10,0.5011300444602966,0.5011300444602966,0.0,0.0,True
2019-06-11,0.5196936726570129,0.5196936726570129,0.0,0.0,True
2019-06-12,0.5530924797058105,0.5530924797058105,0.0,0.5532091642630559,True
2019-06-13,0.5367295145988464,0.5367295145988464,0.0,0.5532091642630559,True
2019-06-14,0.5103906989097595,0.5103906989097595,0.0,0.0,True
2019-06-17,0.5127365589141846,0.5127365589141846,0.0,0.0,True
2019-06-18,0.5621316432952881,0.5621316432952881,0.0,0.5997072061550217,True
2019-06-19,0.5716518759727478,0.5716518759727478,0.0,0.5997072061550217,True
2019-06-20,0.6347270011901855,0.6347270011901855,0.0,0.5997072061550217,True
2019-06-21,0.6232936978340149,0.6232936978340149,0.0,0.5997072061550217,True
2019-06-24,0.6114358305931091,0.6114358305931091,0.0,0.5997072061550217,True
2019-06-25,0.5594441890716553,0.5594441890716553,0.0,0.5997072061550217,True
2019-06-26,0.666430652141571,0.666430652141571,0.0,0.5997072061550217,True
2019-06-27,0.6531034111976624,0.6531034111976624,0.0,0.5997072061550217,True
2019-06-28,0.6583073735237122,0.6583073735237122,0.0,0.5997072061550217,True
2019-07-01,0.6020492911338806,0.6020492911338806,0.0,0.5997072061550217,True
2019-07-02,0.5605595111846924,0.5605595111846924,0.0,0.8047661836177812,True
2019-07-03,0.5594176650047302,0.5594176650047302,0.0,0.8047661836177812,True
2019-07-05,0.5207982659339905,0.5207982659339905,0.0,0.8047661836177812,True
2019-07-08,0.5345059633255005,0.5345059633255005,0.0,0.8047661836177812,True
2019-07-09,0.5715833306312561,0.5715833306312561,0.0,0.8047661836177812,True
2019-07-10,0.48329436779022217,0.48329436779022217,0.0,0.0,True
2019-07-11,0.5731787085533142,0.5731787085533142,0.0,0.8265488215594666,True
2019-07-12,0.5068995952606201,0.5068995952606201,0.0,0.0,True
2019-07-15,0.4843157231807709,0.4843157231807709,0.0,0.0,True
2019-07-16,0.5517624020576477,0.5517624020576477,0.0,0.8265860816891348,True
2019-07-17,0.5091867446899414,0.5091867446899414,0.0,0.0,True
2019-07-18,0.5154514312744141,0.5154514312744141,0.0,0.0,True
2019-07-19,0.5271894931793213,0.5271894931793213,0.0,0.8451355462739999,True
2019-07-22,0.5303140878677368,0.5303140878677368,0.0,0.8451355462739999,True
2019-07-23,0.4759116470813751,0.4759116470813751,0.0,0.0,True
2019-07-24,0.48841017484664917,0.48841017484664917,0.0,0.0,True
2019-07-25,0.5092828273773193,0.5092828273773193,0.0,0.0,True
2019-07-26,0.5402888655662537,0.5402888655662537,0.0,0.8671942461741261,True
2019-07-29,0.5088396072387695,0.5088396072387695,0.0,0.0,True
2019-07-30,0.5678849220275879,0.5678849220275879,0.0,0.9307940090645977,True
2019-07-31,0.6219125986099243,0.6219125986099243,0.0,0.9307940090645977,True
2019-08-01,0.523954451084137,0.523954451084137,0.0,0.7806588708096787,True
2019-08-02,0.5097835659980774,0.5097835659980774,0.0,0.0,True
2019-08-05,0.5516745448112488,0.5516745448112488,0.0,0.5544062552602476,True
2019-08-06,0.6076207756996155,0.6076207756996155,0.0,0.5544062552602476,True
2019-08-07,0.5297097563743591,0.5297097563743591,0.0,0.5544062552602476,True
2019-08-08,0.6163235902786255,0.6163235902786255,0.0,0.5544062552602476,True
2019-08-09,0.5211420655250549,0.5211420655250549,0.0,0.5544062552602476,True
2019-08-12,0.4838216304779053,0.4838216304779053,0.0,0.0,True
2019-08-13,0.5443738102912903,0.5443738102912903,0.0,0.4605834974951348,True
2019-08-14,0.5157284736633301,0.5157284736633301,0.0,0.0,True
2019-08-15,0.5030670166015625,0.5030670166015625,0.0,0.0,True
2019-08-16,0.4883198142051697,0.4883198142051697,0.0,0.0,True
2019-08-19,0.48035234212875366,0.48035234212875366,0.0,0.0,True
2019-08-20,0.46576276421546936,0.46576276421546936,0.0,0.0,True
2019-08-21,0.4893750548362732,0.4893750548362732,0.0,0.0,True
2019-08-22,0.5346115231513977,0.5346115231513977,0.0,0.4369612794887169,True
2019-08-23,0.5130422115325928,0.5130422115325928,0.0,0.0,True
2019-08-26,0.47463661432266235,0.47463661432266235,0.0,0.0,True
2019-08-27,0.5136690735816956,0.5136690735816956,0.0,0.0,True
2019-08-28,0.5083255767822266,0.5083255767822266,0.0,0.0,True
2019-08-29,0.49834975600242615,0.49834975600242615,0.0,0.0,True
2019-08-30,0.4459387958049774,0.4459387958049774,0.0,0.0,True
2019-09-03,0.5281462669372559,0.5281462669372559,0.0,0.4699861526207356,True
2019-09-04,0.47605693340301514,0.47605693340301514,0.0,0.0,True
2019-09-05,0.4997802674770355,0.4997802674770355,0.0,0.0,True
2019-09-06,0.4643562138080597,0.4643562138080597,0.0,0.0,True
2019-09-09,0.49626854062080383,0.49626854062080383,0.0,0.0,True
2019-09-10,0.5239777565002441,0.5239777565002441,0.0,0.47908435758930434,True
2019-09-11,0.5900875329971313,0.5900875329971313,0.0,0.47908435758930434,True
2019-09-12,0.5711321234703064,0.5711321234703064,0.0,0.47908435758930434,True
2019-09-13,0.5156275033950806,0.5156275033950806,0.0,0.0,True
2019-09-16,0.5114470720291138,0.5114470720291138,0.0,0.0,True
2019-09-17,0.5147842168807983,0.5147842168807983,0.0,0.0,True
2019-09-18,0.5229500532150269,0.5229500532150269,0.0,0.5574865129616162,True
2019-09-19,0.5247637033462524,0.5247637033462524,0.0,0.5574865129616162,True
2019-09-20,0.5466060042381287,0.5466060042381287,0.0,0.5574865129616162,True
2019-09-23,0.5292271971702576,0.5292271971702576,0.0,0.7084961439758709,True
2019-09-24,0.5401298999786377,0.5401298999786377,0.0,0.7084961439758709,True
2019-09-25,0.5562015771865845,0.5562015771865845,0.0,0.7084961439758709,True
2019-09-26,0.5270144939422607,0.5270144939422607,0.0,0.7084961439758709,True
2019-09-27,0.5288978219032288,0.5288978219032288,0.0,0.7084961439758709,True
2019-09-30,0.5500056743621826,0.5500056743621826,0.0,0.7084961439758709,True
2019-10-01,0.5393770337104797,0.5393770337104797,0.0,0.7084961439758709,True
2019-10-02,0.5278553366661072,0.5278553366661072,0.0,0.7084961439758709,True
2019-10-03,0.5312462449073792,0.5312462449073792,0.0,0.7084961439758709,True
2019-10-04,0.5504416227340698,0.5504416227340698,0.0,0.7084961439758709,True
2019-10-07,0.4957619309425354,0.4957619309425354,0.0,0.0,True
2019-10-08,0.5309580564498901,0.5309580564498901,0.0,0.6317983202408397,True
2019-10-09,0.5013646483421326,0.5013646483421326,0.0,0.0,True
2019-10-10,0.5910125970840454,0.5910125970840454,0.0,0.6895142624441046,True
2019-10-11,0.6404249668121338,0.6404249668121338,0.0,0.6895142624441046,True
2019-10-14,0.6109276413917542,0.6109276413917542,0.0,0.6895142624441046,True
2019-10-15,0.5202425718307495,0.5202425718307495,0.0,0.6895142624441046,True
2019-10-16,0.4974779188632965,0.4974779188632965,0.0,0.0,True
2019-10-17,0.5217903852462769,0.5217903852462769,0.0,0.6878458337833829,True
2019-10-18,0.7523404955863953,0.7523404955863953,0.0,0.6878458337833829,True
2019-10-21,0.5631000995635986,0.5631000995635986,0.0,0.6878458337833829,True
2019-10-22,0.5221160054206848,0.5221160054206848,0.0,0.6878458337833829,True
2019-10-23,0.534326434135437,0.534326434135437,0.0,0.6878458337833829,True
2019-10-24,0.5555288791656494,0.5555288791656494,0.0,0.6878458337833829,True
2019-10-25,0.6357803344726562,0.6357803344726562,0.0,0.6878458337833829,True
2019-10-28,0.6278534531593323,0.6278534531593323,0.0,0.6878458337833829,True
2019-10-29,0.5175290703773499,0.5175290703773499,0.0,0.0,True
2019-10-30,0.5503392219543457,0.5503392219543457,0.0,0.7800545270377162,True
2019-10-31,0.5769137740135193,0.5769137740135193,0.0,0.7800545270377162,True
2019-11-01,0.6710195541381836,0.6710195541381836,0.0,0.7800545270377162,True
2019-11-04,0.6449849009513855,0.6449849009513855,0.0,0.7800545270377162,True
2019-11-05,0.546783447265625,0.546783447265625,0.0,0.7800545270377162,True
2019-11-06,0.5587062835693359,0.5587062835693359,0.0,0.7800545270377162,True
2019-11-07,0.5708094835281372,0.5708094835281372,0.0,0.7800545270377162,True
2019-11-08,0.785561740398407,0.785561740398407,0.0,0.7800545270377162,True
2019-11-11,0.6972222924232483,0.6972222924232483,0.0,0.7800545270377162,True
2019-11-12,0.7029868364334106,0.7029868364334106,0.0,0.7800545270377162,True
2019-11-13,0.7520087361335754,0.7520087361335754,0.0,0.8807396417801122,True
2019-11-14,0.6539297699928284,0.6539297699928284,0.0,0.8807396417801122,True
2019-11-15,0.6230543255805969,0.6230543255805969,0.0,0.8807396417801122,True
2019-11-18,0.583457350730896,0.583457350730896,0.0,0.8807396417801122,True
2019-11-19,0.6011656522750854,0.6011656522750854,0.0,0.8807396417801122,True
2019-11-20,0.570441722869873,0.570441722869873,0.0,0.8807396417801122,True
2019-11-21,0.522118330001831,0.522118330001831,0.0,0.8807396417801122,True
2019-11-22,0.6775516867637634,0.6775516867637634,0.0,0.8807396417801122,True
2019-11-25,0.5977514386177063,0.5977514386177063,0.0,0.8807396417801122,True
2019-11-26,0.5401507019996643,0.5401507019996643,0.0,0.8807396417801122,True
2019-11-27,0.5565689206123352,0.5565689206123352,0.0,0.8807396417801122,True
2019-11-29,0.5242616534233093,0.5242616534233093,0.0,0.8807396417801122,True
2019-12-02,0.5512563586235046,0.5512563586235046,0.0,1.0,True
2019-12-03,0.5429480075836182,0.5429480075836182,0.0,1.0,True
2019-12-04,0.5424113273620605,0.5424113273620605,0.0,1.0,True
2019-12-05,0.51715087890625,0.51715087890625,0.0,0.0,True
2019-12-06,0.6250627040863037,0.6250627040863037,0.0,0.8947354052049694,True
2019-12-09,0.5107409954071045,0.5107409954071045,0.0,0.0,True
2019-12-10,0.5280824303627014,0.5280824303627014,0.0,0.850816425416841,True
2019-12-11,0.5078355073928833,0.5078355073928833,0.0,0.0,True
2019-12-12,0.5300150513648987,0.5300150513648987,0.0,0.8544141826015962,True
2019-12-13,0.5934176445007324,0.5934176445007324,0.0,0.8544141826015962,True
2019-12-16,0.6976547837257385,0.6976547837257385,0.0,0.8544141826015962,True
2019-12-17,0.5767262578010559,0.5767262578010559,0.0,0.8544141826015962,True
2019-12-18,0.5663012266159058,0.5663012266159058,0.0,0.8544141826015962,True
2019-12-19,0.542015790939331,0.542015790939331,0.0,0.8544141826015962,True
2019-12-20,0.5825470089912415,0.5825470089912415,0.0,0.8544141826015962,True
2019-12-23,0.5963112115859985,0.5963112115859985,0.0,0.8544141826015962,True
2019-12-24,0.5312243103981018,0.5312243103981018,0.0,0.8544141826015962,True
2019-12-26,0.5763429999351501,0.5763429999351501,0.0,0.8544141826015962,True
2019-12-27,0.6010563373565674,0.6010563373565674,0.0,0.8544141826015962,True
2019-12-30,0.5953231453895569,0.5953231453895569,0.0,0.8544141826015962,True
2019-12-31,0.602501392364502,0.602501392364502,0.0,0.8544141826015962,True
2020-01-02,0.5963854193687439,0.5963854193687439,0.0,1.0,True
2020-01-03,0.6438246965408325,0.6438246965408325,0.0,1.0,True
2020-01-06,0.5834716558456421,0.5834716558456421,0.0,1.0,True
2020-01-07,0.5563316345214844,0.5563316345214844,0.0,1.0,True
2020-01-08,0.6373841762542725,0.6373841762542725,0.0,1.0,True
2020-01-09,0.6137542724609375,0.6137542724609375,0.0,1.0,True
2020-01-10,0.5793231725692749,0.5793231725692749,0.0,1.0,True
2020-01-13,0.5909132361412048,0.5909132361412048,0.0,1.0,True
2020-01-14,0.6180240511894226,0.6180240511894226,0.0,0.863579921709584,True
2020-01-15,0.5841735005378723,0.5841735005378723,0.0,0.863579921709584,True
2020-01-16,0.6089903116226196,0.6089903116226196,0.0,0.863579921709584,True
2020-01-17,0.560577392578125,0.560577392578125,0.0,0.863579921709584,True
2020-01-21,0.6119014024734497,0.6119014024734497,0.0,0.863579921709584,True
2020-01-22,0.5856800079345703,0.5856800079345703,0.0,0.863579921709584,True
2020-01-23,0.6164414286613464,0.6164414286613464,0.0,0.863579921709584,True
2020-01-24,0.6529605984687805,0.6529605984687805,0.0,0.863579921709584,True
2020-01-27,0.5857821106910706,0.5857821106910706,0.0,0.7300763646229477,True
2020-01-28,0.5419071912765503,0.5419071912765503,0.0,0.7300763646229477,True
2020-01-29,0.5887542366981506,0.5887542366981506,0.0,0.7300763646229477,True
2020-01-30,0.5498241782188416,0.5498241782188416,0.0,0.7300763646229477,True
2020-01-31,0.5739007592201233,0.5739007592201233,0.0,0.5344805181473944,True
2020-02-03,0.5077105164527893,0.5077105164527893,0.0,0.0,True
2020-02-04,0.505375862121582,0.505375862121582,0.0,0.0,True
2020-02-05,0.4985857307910919,0.4985857307910919,0.0,0.0,True
2020-02-06,0.5148563385009766,0.5148563385009766,0.0,0.0,True
2020-02-07,0.5329185724258423,0.5329185724258423,0.0,0.5103376292102845,True
2020-02-10,0.5158304572105408,0.5158304572105408,0.0,0.0,True
2020-02-11,0.5222384929656982,0.5222384929656982,0.0,0.5240825101885255,True
2020-02-12,0.5428138375282288,0.5428138375282288,0.0,0.5240825101885255,True
2020-02-13,0.5020502209663391,0.5020502209663391,0.0,0.0,True
2020-02-14,0.4789385199546814,0.4789385199546814,0.0,0.0,True
2020-02-18,0.5074760913848877,0.5074760913848877,0.0,0.0,True
2020-02-19,0.5215688347816467,0.5215688347816467,0.0,0.500178775657905,True
2020-02-20,0.5326628088951111,0.5326628088951111,0.0,0.500178775657905,True
2020-02-21,0.5105634331703186,0.5105634331703186,0.0,0.0,True
2020-02-24,0.5990142226219177,0.5990142226219177,0.0,0.42301049323538253,True
2020-02-25,0.5910506248474121,0.5910506248474121,0.0,0.42301049323538253,True
2020-02-26,0.5183587074279785,0.5183587074279785,0.0,0.0,True
2020-02-27,0.4827571213245392,0.4827571213245392,0.0,0.0,True
2020-02-28,0.4030396640300751,0.4030396640300751,0.0,0.0,True
2020-03-02,0.6142615079879761,0.6142615079879761,0.0,0.29203218059531383,True
2020-03-03,0.5471978187561035,0.5471978187561035,0.0,0.29203218059531383,True
2020-03-04,0.5981854200363159,0.5981854200363159,0.0,0.29203218059531383,True
2020-03-05,0.48110905289649963,0.48110905289649963,0.0,0.0,True
2020-03-06,0.49567222595214844,0.49567222595214844,0.0,0.0,True
2020-03-09,0.5337009429931641,0.5337009429931641,0.0,0.24775352464469255,True
2020-03-10,0.5038616061210632,0.5038616061210632,2.0,0.0,True
2020-03-11,0.47961607575416565,0.47961607575416565,2.0,0.0,True
2020-03-12,0.3815228044986725,0.3815228044986725,2.0,0.0,True
2020-03-13,0.5286498069763184,0.5286498069763184,2.0,0.1708744525304212,True
2020-03-16,0.441357284784317,0.441357284784317,2.0,0.0,True
2020-03-17,0.4220421612262726,0.4220421612262726,2.0,0.0,True
2020-03-18,0.42556923627853394,0.42556923627853394,2.0,0.0,True
2020-03-19,0.41359856724739075,0.41359856724739075,2.0,0.0,True
2020-03-20,0.5535183548927307,0.5535183548927307,2.0,0.14818646504969887,True
2020-03-23,0.5565404295921326,0.5565404295921326,2.0,0.14818646504969887,True
2020-03-24,0.5263370871543884,0.5263370871543884,2.0,0.14818646504969887,True
2020-03-25,0.5078377723693848,0.5078377723693848,2.0,0.0,True
2020-03-26,0.40694546699523926,0.40694546699523926,2.0,0.0,True
2020-03-27,0.48568323254585266,0.48568323254585266,2.0,0.0,True
2020-03-30,0.4276248812675476,0.4276248812675476,2.0,0.0,True
2020-03-31,0.4650666415691376,0.4650666415691376,2.0,0.0,True
2020-04-01,0.46799811720848083,0.46799811720848083,2.0,0.0,True
2020-04-02,0.4857502281665802,0.4857502281665802,2.0,0.0,True
2020-04-03,0.4728131890296936,0.4728131890296936,2.0,0.0,True
2020-04-06,0.40536215901374817,0.40536215901374817,2.0,0.0,True
2020-04-07,0.4827366769313812,0.4827366769313812,2.0,0.0,True
2020-04-08,0.3990565538406372,0.3990565538406372,2.0,0.0,True
2020-04-09,0.44993463158607483,0.44993463158607483,2.0,0.0,True
2020-04-13,0.4820955991744995,0.4820955991744995,2.0,0.0,True
2020-04-14,0.5295761227607727,0.5295761227607727,1.0,0.2190784611935667,True
2020-04-15,0.5571700930595398,0.5571700930595398,1.0,0.2190784611935667,True
2020-04-16,0.5338209867477417,0.5338209867477417,1.0,0.2190784611935667,True
2020-04-17,0.5413945913314819,0.5413945913314819,1.0,0.2190784611935667,True
2020-04-20,0.5394682288169861,0.5394682288169861,1.0,0.2190784611935667,True
2020-04-21,0.5194632411003113,0.5194632411003113,1.0,0.0,True
2020-04-22,0.5381361842155457,0.5381361842155457,1.0,0.27918528855995817,True
2020-04-23,0.5425114631652832,0.5425114631652832,1.0,0.27918528855995817,True
2020-04-24,0.5524448156356812,0.5524448156356812,1.0,0.27918528855995817,True
2020-04-27,0.6105482578277588,0.6105482578277588,1.0,0.27918528855995817,True
2020-04-28,0.526897668838501,0.526897668838501,1.0,0.27918528855995817,True
2020-04-29,0.5998600721359253,0.5998600721359253,1.0,0.27918528855995817,True
2020-04-30,0.5686798095703125,0.5686798095703125,1.0,0.27918528855995817,True
2020-05-01,0.53484708070755,0.53484708070755,1.0,0.27918528855995817,True
2020-05-04,0.556616485118866,0.556616485118866,1.0,0.27918528855995817,True
2020-05-05,0.5675721764564514,0.5675721764564514,0.0,0.4391701551281547,True
2020-05-06,0.5553430318832397,0.5553430318832397,0.0,0.4391701551281547,True
2020-05-07,0.5488776564598083,0.5488776564598083,0.0,0.4391701551281547,True
2020-05-08,0.6778742671012878,0.6778742671012878,0.0,0.4391701551281547,True
2020-05-11,0.6329859495162964,0.6329859495162964,0.0,0.4391701551281547,True
2020-05-12,0.50281822681427,0.50281822681427,0.0,0.0,True
2020-05-13,0.5120238661766052,0.5120238661766052,0.0,0.0,True
2020-05-14,0.5358893275260925,0.5358893275260925,0.0,0.5024995163445237,True
2020-05-15,0.5355237722396851,0.5355237722396851,0.0,0.5024995163445237,True
2020-05-18,0.5645437836647034,0.5645437836647034,0.0,0.5024995163445237,True
2020-05-19,0.5971925854682922,0.5971925854682922,0.0,0.5024995163445237,True
2020-05-20,0.5450151562690735,0.5450151562690735,0.0,0.6120303022078253,True
2020-05-21,0.5899755358695984,0.5899755358695984,0.0,0.6120303022078253,True
2020-05-22,0.5919445157051086,0.5919445157051086,0.0,0.6120303022078253,True
2020-05-26,0.5848003625869751,0.5848003625869751,0.0,0.6120303022078253,True
2020-05-27,0.5747753381729126,0.5747753381729126,0.0,0.6120303022078253,True
2020-05-28,0.5908041000366211,0.5908041000366211,0.0,0.7420851663975694,True
2020-05-29,0.662645161151886,0.662645161151886,0.0,0.7420851663975694,True
2020-06-01,0.5699933767318726,0.5699933767318726,0.0,0.7420851663975694,True
2020-06-02,0.7317631840705872,0.7317631840705872,0.0,0.8437531428215862,True
2020-06-03,0.6914337277412415,0.6914337277412415,0.0,0.8437531428215862,True
2020-06-04,0.5440868735313416,0.5440868735313416,0.0,0.8437531428215862,True
2020-06-05,0.6325262784957886,0.6325262784957886,0.0,0.8437531428215862,True
2020-06-08,0.6113882660865784,0.6113882660865784,0.0,0.8437531428215862,True
2020-06-09,0.6145452857017517,0.6145452857017517,0.0,0.7285286118472009,True
2020-06-10,0.648649275302887,0.648649275302887,0.0,0.7285286118472009,True
2020-06-11,0.6363107562065125,0.6363107562065125,0.0,0.5373233779794879,True
2020-06-12,0.6433334946632385,0.6433334946632385,0.0,0.5373233779794879,True
2020-06-15,0.6368448138237,0.6368448138237,0.0,0.5373233779794879,True
2020-06-16,0.6404128074645996,0.6404128074645996,0.0,0.5373233779794879,True
2020-06-17,0.603874683380127,0.603874683380127,0.0,0.5373233779794879,True
2020-06-18,0.5332782864570618,0.5332782864570618,0.0,0.5373233779794879,True
2020-06-19,0.5574188232421875,0.5574188232421875,0.0,0.5373233779794879,True
2020-06-22,0.5642023086547852,0.5642023086547852,0.0,0.5373233779794879,True
2020-06-23,0.5971458554267883,0.5971458554267883,0.0,0.5373233779794879,True
2020-06-24,0.5935799479484558,0.5935799479484558,0.0,0.5373233779794879,True
2020-06-25,0.5572885870933533,0.5572885870933533,0.0,0.5373233779794879,True
2020-06-26,0.5184198021888733,0.5184198021888733,0.0,0.0,True
2020-06-29,0.5822265148162842,0.5822265148162842,0.0,0.45301436968877307,True
2020-06-30,0.5944864749908447,0.5944864749908447,0.0,0.45301436968877307,True
2020-07-01,0.5347487330436707,0.5347487330436707,0.0,0.45301436968877307,True
2020-07-02,0.587374746799469,0.587374746799469,0.0,0.45301436968877307,True
2020-07-06,0.5698092579841614,0.5698092579841614,0.0,0.45301436968877307,True
2020-07-07,0.5531619191169739,0.5531619191169739,0.0,0.45301436968877307,True
2020-07-08,0.5712435841560364,0.5712435841560364,0.0,0.45301436968877307,True
2020-07-09,0.5490528345108032,0.5490528345108032,0.0,0.45301436968877307,True
2020-07-10,0.6369802355766296,0.6369802355766296,0.0,0.613334892798973,True
2020-07-13,0.576434850692749,0.576434850692749,0.0,0.613334892798973,True
2020-07-14,0.5781294107437134,0.5781294107437134,0.0,0.613334892798973,True
2020-07-15,0.5716339349746704,0.5716339349746704,0.0,0.613334892798973,True
2020-07-16,0.558339536190033,0.558339536190033,0.0,0.613334892798973,True
2020-07-17,0.5626841187477112,0.5626841187477112,0.0,0.613334892798973,True
2020-07-20,0.6070907711982727,0.6070907711982727,0.0,0.613334892798973,True
2020-07-21,0.545280933380127,0.545280933380127,0.0,0.613334892798973,True
2020-07-22,0.556330680847168,0.556330680847168,0.0,0.613334892798973,True
2020-07-23,0.5171673893928528,0.5171673893928528,0.0,0.0,True
2020-07-24,0.5084061622619629,0.5084061622619629,0.0,0.0,True
2020-07-27,0.5425912141799927,0.5425912141799927,0.0,0.5600368360640966,True
2020-07-28,0.515635073184967,0.515635073184967,0.0,0.0,True
2020-07-29,0.5736541152000427,0.5736541152000427,0.0,0.5497696970472213,True
2020-07-30,0.5753335952758789,0.5753335952758789,0.0,0.5497696970472213,True
2020-07-31,0.5783343315124512,0.5783343315124512,1.0,0.3309612016399544,True
2020-08-03,0.5227825045585632,0.5227825045585632,1.0,0.3309612016399544,True
2020-08-04,0.477293998003006,0.477293998003006,1.0,0.0,True
2020-08-05,0.501269519329071,0.501269519329071,1.0,0.0,True
2020-08-06,0.4527813792228699,0.4527813792228699,1.0,0.0,True
2020-08-07,0.496622771024704,0.496622771024704,1.0,0.0,True
2020-08-10,0.49862146377563477,0.49862146377563477,1.0,0.0,True
2020-08-11,0.5548972487449646,0.5548972487449646,1.0,0.30783717253482645,True
2020-08-12,0.5538596510887146,0.5538596510887146,1.0,0.30783717253482645,True
2020-08-13,0.5420259237289429,0.5420259237289429,1.0,0.30783717253482645,True
2020-08-14,0.5746175050735474,0.5746175050735474,1.0,0.30783717253482645,True
2020-08-17,0.6007775664329529,0.6007775664329529,1.0,0.30783717253482645,True
2020-08-18,0.5917612314224243,0.5917612314224243,1.0,0.30783717253482645,True
2020-08-19,0.5900070667266846,0.5900070667266846,1.0,0.30783717253482645,True
2020-08-20,0.5558081865310669,0.5558081865310669,1.0,0.30783717253482645,True
2020-08-21,0.5439368486404419,0.5439368486404419,1.0,0.30783717253482645,True
2020-08-24,0.6042794585227966,0.6042794585227966,1.0,0.30783717253482645,True
2020-08-25,0.6856752038002014,0.6856752038002014,1.0,0.30783717253482645,True
2020-08-26,0.6628590226173401,0.6628590226173401,1.0,0.30783717253482645,True
2020-08-27,0.6459553837776184,0.6459553837776184,1.0,0.30783717253482645,True
2020-08-28,0.6657125353813171,0.6657125353813171,0.0,0.48161206719978794,True
2020-08-31,0.5664024949073792,0.5664024949073792,1.0,0.48161206719978794,True
2020-09-01,0.5469614863395691,0.5469614863395691,1.0,0.48161206719978794,True
2020-09-02,0.6019565463066101,0.6019565463066101,1.0,0.48161206719978794,True
2020-09-03,0.5864651203155518,0.5864651203155518,1.0,0.3242862859812719,True
2020-09-04,0.5574791431427002,0.5574791431427002,1.0,0.3242862859812719,True
2020-09-08,0.6061240434646606,0.6061240434646606,0.0,0.3242862859812719,True
2020-09-09,0.4842466115951538,0.4842466115951538,1.0,0.0,True
2020-09-10,0.6003839373588562,0.6003839373588562,0.0,0.28537262886716913,True
2020-09-11,0.6876144409179688,0.6876144409179688,0.0,0.28537262886716913,True
2020-09-14,0.6073864102363586,0.6073864102363586,1.0,0.28537262886716913,True
2020-09-15,0.5392079949378967,0.5392079949378967,1.0,0.28537262886716913,True
2020-09-16,0.5755520462989807,0.5755520462989807,0.0,0.28537262886716913,True
2020-09-17,0.5614861249923706,0.5614861249923706,0.0,0.28537262886716913,True
2020-09-18,0.5571815371513367,0.5571815371513367,0.0,0.28537262886716913,True
2020-09-21,0.5097813606262207,0.5097813606262207,1.0,0.0,True
2020-09-22,0.5076461434364319,0.5076461434364319,1.0,0.0,True
2020-09-23,0.5381658673286438,0.5381658673286438,0.0,0.27624807814240215,True
2020-09-24,0.5514910817146301,0.5514910817146301,2.0,0.27624807814240215,True
2020-09-25,0.5054183006286621,0.5054183006286621,1.0,0.0,True
2020-09-28,0.5163030028343201,0.5163030028343201,1.0,0.0,True
2020-09-29,0.5191494226455688,0.5191494226455688,1.0,0.0,True
2020-09-30,0.4692641496658325,0.4692641496658325,2.0,0.0,True
2020-10-01,0.45114099979400635,0.45114099979400635,1.0,0.0,True
2020-10-02,0.4769665002822876,0.4769665002822876,0.0,0.0,True
2020-10-05,0.49378877878189087,0.49378877878189087,0.0,0.0,True
2020-10-06,0.5248523354530334,0.5248523354530334,0.0,0.3476593873237054,True
2020-10-07,0.46818357706069946,0.46818357706069946,0.0,0.0,True
2020-10-08,0.49939605593681335,0.49939605593681335,0.0,0.0,True
2020-10-09,0.5300474166870117,0.5300474166870117,0.0,0.3810873094369038,True
2020-10-12,0.6347442865371704,0.6347442865371704,0.0,0.3810873094369038,True
2020-10-13,0.5593731999397278,0.5593731999397278,0.0,0.3810873094369038,True
2020-10-14,0.5677236318588257,0.5677236318588257,0.0,0.3810873094369038,True
2020-10-15,0.5784146785736084,0.5784146785736084,0.0,0.3810873094369038,True
2020-10-16,0.5303161144256592,0.5303161144256592,1.0,0.3810873094369038,True
2020-10-19,0.5158933997154236,0.5158933997154236,0.0,0.0,True
2020-10-20,0.5052041411399841,0.5052041411399841,0.0,0.0,True
2020-10-21,0.5308114290237427,0.5308114290237427,0.0,0.38887466227850315,True
2020-10-22,0.5149111747741699,0.5149111747741699,0.0,0.0,True
2020-10-23,0.48496705293655396,0.48496705293655396,0.0,0.0,True
2020-10-26,0.5433269739151001,0.5433269739151001,0.0,0.41831906892805504,True
2020-10-27,0.556527853012085,0.556527853012085,0.0,0.41831906892805504,True
2020-10-28,0.5554772615432739,0.5554772615432739,0.0,0.41831906892805504,True
2020-10-29,0.5069872736930847,0.5069872736930847,0.0,0.0,True
2020-10-30,0.46680888533592224,0.46680888533592224,0.0,0.0,True
2020-11-02,0.4781011641025543,0.4781011641025543,0.0,0.0,True
2020-11-03,0.45321378111839294,0.45321378111839294,0.0,0.0,True
2020-11-04,0.47304919362068176,0.47304919362068176,0.0,0.0,True
2020-11-05,0.5307726860046387,0.5307726860046387,0.0,0.3241190311812234,True
2020-11-06,0.47962382435798645,0.47962382435798645,0.0,0.0,True
2020-11-09,0.5197750926017761,0.5197750926017761,0.0,0.0,True
2020-11-10,0.5356112122535706,0.5356112122535706,0.0,0.38334501705754126,True
2020-11-11,0.4865652024745941,0.4865652024745941,0.0,0.0,True
2020-11-12,0.5115331411361694,0.5115331411361694,0.0,0.0,True
2020-11-13,0.487375408411026,0.487375408411026,0.0,0.0,True
2020-11-16,0.48689743876457214,0.48689743876457214,0.0,0.0,True
2020-11-17,0.48230859637260437,0.48230859637260437,0.0,0.0,True
2020-11-18,0.4697183072566986,0.4697183072566986,0.0,0.0,True
2020-11-19,0.48111721873283386,0.48111721873283386,0.0,0.0,True
2020-11-20,0.5169268846511841,0.5169268846511841,0.0,0.0,True
2020-11-23,0.49974238872528076,0.49974238872528076,0.0,0.0,True
2020-11-24,0.49754607677459717,0.49754607677459717,0.0,0.0,True
2020-11-25,0.46092382073402405,0.46092382073402405,0.0,0.0,True
2020-11-27,0.4574492275714874,0.4574492275714874,0.0,0.0,True
2020-11-30,0.5132728219032288,0.5132728219032288,0.0,0.0,True
2020-12-01,0.5677111148834229,0.5677111148834229,0.0,0.5066707272816703,True
2020-12-02,0.5253927111625671,0.5253927111625671,0.0,0.5066707272816703,True
2020-12-03,0.5730652213096619,0.5730652213096619,0.0,0.5066707272816703,True
2020-12-04,0.521794319152832,0.521794319152832,0.0,0.6329688515414087,True
2020-12-07,0.5416670441627502,0.5416670441627502,0.0,0.6329688515414087,True
2020-12-08,0.5774387121200562,0.5774387121200562,0.0,0.6329688515414087,True
2020-12-09,0.5083727836608887,0.5083727836608887,0.0,0.0,True
2020-12-10,0.5392504930496216,0.5392504930496216,0.0,0.6813673266517708,True
2020-12-11,0.5455499291419983,0.5455499291419983,0.0,0.6813673266517708,True
2020-12-14,0.5335097312927246,0.5335097312927246,0.0,0.6813673266517708,True
2020-12-15,0.5888523459434509,0.5888523459434509,0.0,0.5316872726787605,True
2020-12-16,0.5685102939605713,0.5685102939605713,0.0,0.5316872726787605,True
2020-12-17,0.5494491457939148,0.5494491457939148,0.0,0.5316872726787605,True
2020-12-18,0.4972071051597595,0.4972071051597595,0.0,0.0,True
2020-12-21,0.541807234287262,0.541807234287262,0.0,0.5360024157604382,True
2020-12-22,0.6506494879722595,0.6506494879722595,0.0,0.5360024157604382,True
2020-12-23,0.6149095296859741,0.6149095296859741,0.0,0.5360024157604382,True
2020-12-24,0.6166830062866211,0.6166830062866211,0.0,0.5360024157604382,True
2020-12-28,0.5891798138618469,0.5891798138618469,0.0,0.5360024157604382,True
2020-12-29,0.5703819394111633,0.5703819394111633,0.0,0.5360024157604382,True
2020-12-30,0.5930504202842712,0.5930504202842712,0.0,0.5360024157604382,True
2020-12-31,0.5499818325042725,0.5499818325042725,0.0,0.5360024157604382,True
2021-01-04,0.5391985774040222,0.5391985774040222,0.0,0.5360024157604382,True
2021-01-05,0.5446417927742004,0.5446417927742004,0.0,0.5360024157604382,True
2021-01-06,0.5495553612709045,0.5495553612709045,0.0,0.5360024157604382,True
2021-01-07,0.5317354202270508,0.5317354202270508,0.0,0.43348448705361703,True
2021-01-08,0.541221559047699,0.541221559047699,0.0,0.43348448705361703,True
2021-01-11,0.5338366031646729,0.5338366031646729,0.0,0.43348448705361703,True
2021-01-12,0.5225368738174438,0.5225368738174438,0.0,0.43348448705361703,True
2021-01-13,0.5284132361412048,0.5284132361412048,0.0,0.43348448705361703,True
2021-01-14,0.501539409160614,0.501539409160614,0.0,0.0,True
2021-01-15,0.5250423550605774,0.5250423550605774,0.0,0.481436174369078,True
2021-01-19,0.5566499829292297,0.5566499829292297,0.0,0.481436174369078,True
2021-01-20,0.5279969573020935,0.5279969573020935,0.0,0.481436174369078,True
2021-01-21,0.5539036393165588,0.5539036393165588,0.0,0.481436174369078,True
2021-01-22,0.5935942530632019,0.5935942530632019,0.0,0.481436174369078,True
2021-01-25,0.5563722252845764,0.5563722252845764,0.0,0.481436174369078,True
2021-01-26,0.5711115598678589,0.5711115598678589,0.0,0.481436174369078,True
2021-01-27,0.5742648839950562,0.5742648839950562,0.0,0.481436174369078,True
2021-01-28,0.5059617757797241,0.5059617757797241,0.0,0.0,True
2021-01-29,0.5224222540855408,0.5224222540855408,0.0,0.4004493226382458,True
2021-02-01,0.4776705801486969,0.4776705801486969,0.0,0.0,True
2021-02-02,0.4718490540981293,0.4718490540981293,0.0,0.0,True
2021-02-03,0.47054558992385864,0.47054558992385864,0.0,0.0,True
2021-02-04,0.533125638961792,0.533125638961792,0.0,0.4273782817353046,True
2021-02-05,0.5154826641082764,0.5154826641082764,0.0,0.0,True
2021-02-08,0.5276565551757812,0.5276565551757812,0.0,0.4508165547893372,True
2021-02-09,0.511834979057312,0.511834979057312,0.0,0.0,True
2021-02-10,0.521917998790741,0.521917998790741,0.0,0.4662704574997663,True
2021-02-11,0.6486531496047974,0.6486531496047974,0.0,0.4662704574997663,True
2021-02-12,0.6800820231437683,0.6800820231437683,0.0,0.4662704574997663,True
2021-02-16,0.532360315322876,0.532360315322876,0.0,0.4662704574997663,True
2021-02-17,0.5463868975639343,0.5463868975639343,0.0,0.4662704574997663,True
2021-02-18,0.5911486148834229,0.5911486148834229,0.0,0.4662704574997663,True
2021-02-19,0.5794546008110046,0.5794546008110046,0.0,0.4662704574997663,True
2021-02-22,0.5733404159545898,0.5733404159545898,0.0,0.4662704574997663,True
2021-02-23,0.6132828593254089,0.6132828593254089,0.0,0.6082442924629217,True
2021-02-24,0.531065046787262,0.531065046787262,0.0,0.6082442924629217,True
2021-02-25,0.5654839873313904,0.5654839873313904,0.0,0.6082442924629217,True
2021-02-26,0.5989274382591248,0.5989274382591248,0.0,0.6082442924629217,True
2021-03-01,0.5812143683433533,0.5812143683433533,0.0,0.5013689532803287,True
2021-03-02,0.5447874069213867,0.5447874069213867,0.0,0.5013689532803287,True
2021-03-03,0.5368815660476685,0.5368815660476685,0.0,0.5013689532803287,True
2021-03-04,0.5267637968063354,0.5267637968063354,0.0,0.5013689532803287,True
2021-03-05,0.522452712059021,0.522452712059021,0.0,0.5013689532803287,True
2021-03-08,0.5724853277206421,0.5724853277206421,0.0,0.5013689532803287,True
2021-03-09,0.4776117205619812,0.4776117205619812,0.0,0.0,True
2021-03-10,0.49425309896469116,0.49425309896469116,0.0,0.0,True
2021-03-11,0.45690372586250305,0.45690372586250305,0.0,0.0,True
2021-03-12,0.45547693967819214,0.45547693967819214,0.0,0.0,True
2021-03-15,0.488108366727829,0.488108366727829,0.0,0.0,True
2021-03-16,0.5093153119087219,0.5093153119087219,0.0,0.0,True
2021-03-17,0.49309834837913513,0.49309834837913513,0.0,0.0,True
2021-03-18,0.49254241585731506,0.49254241585731506,0.0,0.0,True
2021-03-19,0.5119913816452026,0.5119913816452026,0.0,0.0,True
2021-03-22,0.4615270793437958,0.4615270793437958,0.0,0.0,True
2021-03-23,0.5026301145553589,0.5026301145553589,0.0,0.0,True
2021-03-24,0.4833905100822449,0.4833905100822449,0.0,0.0,True
2021-03-25,0.4688345491886139,0.4688345491886139,0.0,0.0,True
2021-03-26,0.47300973534584045,0.47300973534584045,0.0,0.0,True
2021-03-29,0.4931320548057556,0.4931320548057556,0.0,0.0,True
2021-03-30,0.5116929411888123,0.5116929411888123,0.0,0.0,True
2021-03-31,0.49565359950065613,0.49565359950065613,0.0,0.0,True
2021-04-01,0.49895504117012024,0.49895504117012024,0.0,0.0,True
2021-04-05,0.5327345728874207,0.5327345728874207,0.0,0.4577193495109219,True
2021-04-06,0.5315386056900024,0.5315386056900024,0.0,0.4577193495109219,True
2021-04-07,0.5779758095741272,0.5779758095741272,0.0,0.5937983579105868,True
2021-04-08,0.5757957100868225,0.5757957100868225,0.0,0.5937983579105868,True
2021-04-09,0.5604985356330872,0.5604985356330872,0.0,0.5937983579105868,True
2021-04-12,0.5886685252189636,0.5886685252189636,0.0,0.5937983579105868,True
2021-04-13,0.6707988381385803,0.6707988381385803,0.0,0.5937983579105868,True
2021-04-14,0.5784690976142883,0.5784690976142883,0.0,0.5937983579105868,True
2021-04-15,0.6025336384773254,0.6025336384773254,0.0,0.5937983579105868,True
2021-04-16,0.601367175579071,0.601367175579071,0.0,0.5937983579105868,True
2021-04-19,0.6137809157371521,0.6137809157371521,0.0,0.5937983579105868,True
2021-04-20,0.559593915939331,0.559593915939331,0.0,0.5937983579105868,True
2021-04-21,0.5693728923797607,0.5693728923797607,0.0,0.5937983579105868,True
2021-04-22,0.5837515592575073,0.5837515592575073,0.0,0.7028749980070105,True
2021-04-23,0.5821104049682617,0.5821104049682617,0.0,0.7028749980070105,True
2021-04-26,0.5484864115715027,0.5484864115715027,0.0,0.7028749980070105,True
2021-04-27,0.5276448726654053,0.5276448726654053,0.0,0.7028749980070105,True
2021-04-28,0.5582828521728516,0.5582828521728516,0.0,0.7028749980070105,True
2021-04-29,0.54477459192276,0.54477459192276,0.0,0.7028749980070105,True
2021-04-30,0.5817617774009705,0.5817617774009705,0.0,0.7028749980070105,True
2021-05-03,0.5393370389938354,0.5393370389938354,0.0,0.7028749980070105,True
2021-05-04,0.5817579030990601,0.5817579030990601,0.0,0.7028749980070105,True
2021-05-05,0.5555056929588318,0.5555056929588318,0.0,0.7028749980070105,True
2021-05-06,0.5477808713912964,0.5477808713912964,0.0,0.7028749980070105,True
2021-05-07,0.5720306634902954,0.5720306634902954,0.0,0.7028749980070105,True
2021-05-10,0.5015429854393005,0.5015429854393005,0.0,0.0,True
2021-05-11,0.6002713441848755,0.6002713441848755,0.0,0.6806184050335513,True
2021-05-12,0.5842280983924866,0.5842280983924866,0.0,0.6806184050335513,True
2021-05-13,0.5654172897338867,0.5654172897338867,0.0,0.6806184050335513,True
2021-05-14,0.5165820121765137,0.5165820121765137,0.0,0.0,True
2021-05-17,0.566849946975708,0.566849946975708,0.0,0.6219943553075565,True
2021-05-18,0.5477821230888367,0.5477821230888367,0.0,0.6219943553075565,True
2021-05-19,0.5509085655212402,0.5509085655212402,0.0,0.6219943553075565,True
2021-05-20,0.5466192960739136,0.5466192960739136,0.0,0.6219943553075565,True
2021-05-21,0.5298519134521484,0.5298519134521484,0.0,0.6219943553075565,True
2021-05-24,0.5523131489753723,0.5523131489753723,0.0,0.6219943553075565,True
2021-05-25,0.5863995552062988,0.5863995552062988,0.0,0.6219943553075565,True
2021-05-26,0.5742420554161072,0.5742420554161072,0.0,0.6219943553075565,True
2021-05-27,0.528666079044342,0.528666079044342,0.0,0.6219943553075565,True
2021-05-28,0.510455310344696,0.510455310344696,0.0,0.0,True
2021-06-01,0.5201281309127808,0.5201281309127808,0.0,0.60950553061025,True
2021-06-02,0.48233309388160706,0.48233309388160706,0.0,0.0,True
2021-06-03,0.5444994568824768,0.5444994568824768,0.0,0.6840248191070813,True
2021-06-04,0.5862647294998169,0.5862647294998169,0.0,0.6840248191070813,True
2021-06-07,0.5493563413619995,0.5493563413619995,0.0,0.6840248191070813,True
2021-06-08,0.5850322246551514,0.5850322246551514,0.0,0.6840248191070813,True
2021-06-09,0.56471848487854,0.56471848487854,0.0,0.6840248191070813,True
2021-06-10,0.5646232962608337,0.5646232962608337,0.0,0.8101387586126676,True
2021-06-11,0.5632636547088623,0.5632636547088623,0.0,0.8101387586126676,True
2021-06-14,0.6502835154533386,0.6502835154533386,0.0,0.8101387586126676,True
2021-06-15,0.5601157546043396,0.5601157546043396,0.0,0.8101387586126676,True
2021-06-16,0.6014028191566467,0.6014028191566467,0.0,0.8101387586126676,True
2021-06-17,0.6281738877296448,0.6281738877296448,0.0,0.8101387586126676,True
2021-06-18,0.5580370426177979,0.5580370426177979,0.0,0.8101387586126676,True
2021-06-21,0.5988159775733948,0.5988159775733948,0.0,0.8101387586126676,True
2021-06-22,0.6452926993370056,0.6452926993370056,0.0,0.8101387586126676,True
2021-06-23,0.6071912050247192,0.6071912050247192,0.0,0.8101387586126676,True
2021-06-24,0.6169806122779846,0.6169806122779846,0.0,0.8101387586126676,True
2021-06-25,0.591780424118042,0.591780424118042,0.0,0.9435695336148061,True
2021-06-28,0.6394649147987366,0.6394649147987366,0.0,0.9435695336148061,True
2021-06-29,0.6177297830581665,0.6177297830581665,0.0,0.9435695336148061,True
2021-06-30,0.5850589275360107,0.5850589275360107,0.0,0.9435695336148061,True
2021-07-01,0.7062923312187195,0.7062923312187195,0.0,0.9435695336148061,True
2021-07-02,0.6350437998771667,0.6350437998771667,0.0,0.9435695336148061,True
2021-07-06,0.6543399095535278,0.6543399095535278,0.0,0.9435695336148061,True
2021-07-07,0.6338183283805847,0.6338183283805847,0.0,0.9435695336148061,True
2021-07-08,0.6243064403533936,0.6243064403533936,0.0,0.9435695336148061,True
2021-07-09,0.6279853582382202,0.6279853582382202,0.0,0.9435695336148061,True
2021-07-12,0.5976170897483826,0.5976170897483826,0.0,0.9435695336148061,True
2021-07-13,0.6159384846687317,0.6159384846687317,0.0,0.9435695336148061,True
2021-07-14,0.6556705832481384,0.6556705832481384,0.0,0.9435695336148061,True
2021-07-15,0.6175848245620728,0.6175848245620728,0.0,0.9435695336148061,True
2021-07-16,0.6078295707702637,0.6078295707702637,0.0,0.9435695336148061,True
2021-07-19,0.5906820893287659,0.5906820893287659,0.0,0.7433490717567096,True
2021-07-20,0.6624931693077087,0.6624931693077087,0.0,0.7433490717567096,True
2021-07-21,0.5243803858757019,0.5243803858757019,0.0,0.7433490717567096,True
2021-07-22,0.5471627116203308,0.5471627116203308,0.0,0.7433490717567096,True
2021-07-23,0.5446431040763855,0.5446431040763855,0.0,0.7433490717567096,True
2021-07-26,0.5888626575469971,0.5888626575469971,0.0,0.7433490717567096,True
2021-07-27,0.5366562604904175,0.5366562604904175,0.0,0.7433490717567096,True
2021-07-28,0.5889115333557129,0.5889115333557129,0.0,0.7433490717567096,True
2021-07-29,0.5587892532348633,0.5587892532348633,0.0,0.7433490717567096,True
2021-07-30,0.5183579921722412,0.5183579921722412,0.0,0.0,True
2021-08-02,0.5251764059066772,0.5251764059066772,0.0,0.6808819776765468,True
2021-08-03,0.5209184288978577,0.5209184288978577,0.0,0.6808819776765468,True
2021-08-04,0.620561420917511,0.620561420917511,0.0,0.6808819776765468,True
2021-08-05,0.6323245167732239,0.6323245167732239,0.0,0.6808819776765468,True
2021-08-06,0.5150858759880066,0.5150858759880066,0.0,0.0,True
2021-08-09,0.5312357544898987,0.5312357544898987,0.0,0.7383192762095494,True
2021-08-10,0.5973194241523743,0.5973194241523743,0.0,0.7383192762095494,True
2021-08-11,0.6429396271705627,0.6429396271705627,0.0,0.7383192762095494,True
2021-08-12,0.5355764627456665,0.5355764627456665,0.0,0.7383192762095494,True
2021-08-13,0.4828479290008545,0.4828479290008545,0.0,0.0,True
2021-08-16,0.5703350305557251,0.5703350305557251,0.0,0.9262089299490552,True
2021-08-17,0.5330467820167542,0.5330467820167542,0.0,0.9262089299490552,True
2021-08-18,0.6665714979171753,0.6665714979171753,0.0,0.9262089299490552,True
2021-08-19,0.5465888381004333,0.5465888381004333,0.0,0.9262089299490552,True
2021-08-20,0.524358332157135,0.524358332157135,0.0,0.9262089299490552,True
2021-08-23,0.5480839610099792,0.5480839610099792,0.0,0.9262089299490552,True
2021-08-24,0.5053760409355164,0.5053760409355164,0.0,0.0,True
2021-08-25,0.546262800693512,0.546262800693512,0.0,0.973023189898073,True
2021-08-26,0.5415226221084595,0.5415226221084595,0.0,0.973023189898073,True
2021-08-27,0.5874112248420715,0.5874112248420715,0.0,0.973023189898073,True
2021-08-30,0.6172410845756531,0.6172410845756531,0.0,0.7988317901110114,True
2021-08-31,0.5483185052871704,0.5483185052871704,0.0,0.7988317901110114,True
2021-09-01,0.5407236814498901,0.5407236814498901,0.0,0.7988317901110114,True
2021-09-02,0.5462497472763062,0.5462497472763062,0.0,0.7988317901110114,True
2021-09-03,0.5399733781814575,0.5399733781814575,0.0,0.7988317901110114,True
2021-09-07,0.6509162783622742,0.6509162783622742,0.0,0.7988317901110114,True
2021-09-08,0.5450935959815979,0.5450935959815979,0.0,0.7988317901110114,True
2021-09-09,0.5125900506973267,0.5125900506973267,0.0,0.0,True
2021-09-10,0.5291911363601685,0.5291911363601685,0.0,0.6670178997589505,True
2021-09-13,0.5356968641281128,0.5356968641281128,0.0,0.6670178997589505,True
2021-09-14,0.5775117874145508,0.5775117874145508,0.0,0.6670178997589505,True
2021-09-15,0.5499000549316406,0.5499000549316406,0.0,0.6670178997589505,True
2021-09-16,0.5395880341529846,0.5395880341529846,0.0,0.6670178997589505,True
2021-09-17,0.5318124890327454,0.5318124890327454,0.0,0.6670178997589505,True
2021-09-20,0.5685644745826721,0.5685644745826721,0.0,0.6670178997589505,True
2021-09-21,0.5793182849884033,0.5793182849884033,0.0,0.6670178997589505,True
2021-09-22,0.5432500243186951,0.5432500243186951,0.0,0.6670178997589505,True
2021-09-23,0.523811936378479,0.523811936378479,0.0,0.6670178997589505,True
2021-09-24,0.5525379776954651,0.5525379776954651,0.0,0.6670178997589505,True
2021-09-27,0.5091486573219299,0.5091486573219299,0.0,0.0,True
2021-09-28,0.5657846927642822,0.5657846927642822,0.0,0.7135969979081925,True
2021-09-29,0.5714015364646912,0.5714015364646912,0.0,0.7135969979081925,True
2021-09-30,0.5952207446098328,0.5952207446098328,0.0,0.7135969979081925,True
2021-10-01,0.603428840637207,0.603428840637207,0.0,0.7135969979081925,True
2021-10-04,0.5960760712623596,0.5960760712623596,0.0,0.7135969979081925,True
2021-10-05,0.5918765068054199,0.5918765068054199,0.0,0.7135969979081925,True
2021-10-06,0.594817578792572,0.594817578792572,0.0,0.7135969979081925,True
2021-10-07,0.6058138608932495,0.6058138608932495,0.0,0.7135969979081925,True
2021-10-08,0.5792543292045593,0.5792543292045593,0.0,0.7135969979081925,True
2021-10-11,0.5929178595542908,0.5929178595542908,0.0,0.7135969979081925,True
2021-10-12,0.5330751538276672,0.5330751538276672,0.0,0.7135969979081925,True
2021-10-13,0.5584614872932434,0.5584614872932434,0.0,0.7135969979081925,True
2021-10-14,0.5853281617164612,0.5853281617164612,0.0,0.7135969979081925,True
2021-10-15,0.5724006295204163,0.5724006295204163,0.0,0.7135969979081925,True
2021-10-18,0.5655694007873535,0.5655694007873535,0.0,0.7135969979081925,True
2021-10-19,0.5980507731437683,0.5980507731437683,0.0,0.7135969979081925,True
2021-10-20,0.6116657257080078,0.6116657257080078,0.0,0.7135969979081925,True
2021-10-21,0.6119745373725891,0.6119745373725891,0.0,0.7135969979081925,True
2021-10-22,0.5701407194137573,0.5701407194137573,0.0,0.7135969979081925,True
2021-10-25,0.5542898178100586,0.5542898178100586,0.0,0.7135969979081925,True
2021-10-26,0.5812954902648926,0.5812954902648926,0.0,0.9229751894944959,True
2021-10-27,0.5256831645965576,0.5256831645965576,0.0,0.9229751894944959,True
2021-10-28,0.6416563987731934,0.6416563987731934,0.0,0.9229751894944959,True
2021-10-29,0.5997472405433655,0.5997472405433655,0.0,0.7827259138049226,True
2021-11-01,0.6289889216423035,0.6289889216423035,0.0,0.902825011410964,True
2021-11-02,0.7185076475143433,0.7185076475143433,0.0,0.902825011410964,True
2021-11-03,0.7190508246421814,0.7190508246421814,0.0,0.902825011410964,True
2021-11-04,0.5754023194313049,0.5754023194313049,0.0,0.902825011410964,True
2021-11-05,0.5840938687324524,0.5840938687324524,0.0,0.902825011410964,True
2021-11-08,0.5556840896606445,0.5556840896606445,0.0,0.902825011410964,True
2021-11-09,0.5969602465629578,0.5969602465629578,0.0,0.902825011410964,True
2021-11-10,0.5299031138420105,0.5299031138420105,0.0,0.902825011410964,True
2021-11-11,0.5305718183517456,0.5305718183517456,0.0,0.902825011410964,True
2021-11-12,0.5495619177818298,0.5495619177818298,0.0,0.902825011410964,True
2021-11-15,0.5490550398826599,0.5490550398826599,0.0,0.902825011410964,True
2021-11-16,0.5627424716949463,0.5627424716949463,0.0,0.902825011410964,True
2021-11-17,0.6017143726348877,0.6017143726348877,0.0,0.902825011410964,True
2021-11-18,0.652866780757904,0.652866780757904,0.0,0.7795985533557173,True
2021-11-19,0.6456639170646667,0.6456639170646667,0.0,0.7795985533557173,True
2021-11-22,0.6362758874893188,0.6362758874893188,0.0,0.7795985533557173,True
2021-11-23,0.6456397175788879,0.6456397175788879,0.0,0.7795985533557173,True
2021-11-24,0.6225476264953613,0.6225476264953613,0.0,0.7795985533557173,True
2021-11-26,0.5524551272392273,0.5524551272392273,0.0,0.7795985533557173,True
2021-11-29,0.6022042632102966,0.6022042632102966,0.0,0.7795985533557173,True
2021-11-30,0.7669996619224548,0.7669996619224548,0.0,0.6414622707167074,True
2021-12-01,0.7439813017845154,0.7439813017845154,0.0,0.6414622707167074,True
2021-12-02,0.724726140499115,0.724726140499115,0.0,0.6414622707167074,True
2021-12-03,0.5614234805107117,0.5614234805107117,0.0,0.6414622707167074,True
2021-12-06,0.5752551555633545,0.5752551555633545,0.0,0.6414622707167074,True
2021-12-07,0.6327840685844421,0.6327840685844421,0.0,0.6414622707167074,True
2021-12-08,0.5957587361335754,0.5957587361335754,0.0,0.6414622707167074,True
2021-12-09,0.5835755467414856,0.5835755467414856,0.0,0.6414622707167074,True
2021-12-10,0.5874843001365662,0.5874843001365662,0.0,0.6414622707167074,True
2021-12-13,0.5681701898574829,0.5681701898574829,0.0,0.5208929164963612,True
2021-12-14,0.5988122224807739,0.5988122224807739,0.0,0.5208929164963612,True
2021-12-15,0.5551535487174988,0.5551535487174988,0.0,0.5208929164963612,True
2021-12-16,0.5783467292785645,0.5783467292785645,0.0,0.5208929164963612,True
2021-12-17,0.5375433564186096,0.5375433564186096,0.0,0.5208929164963612,True
2021-12-20,0.571721613407135,0.571721613407135,0.0,0.5208929164963612,True
2021-12-21,0.5493022799491882,0.5493022799491882,0.0,0.5208929164963612,True
2021-12-22,0.5376966595649719,0.5376966595649719,0.0,0.5208929164963612,True
2021-12-23,0.5349417328834534,0.5349417328834534,0.0,0.5208929164963612,True
2021-12-27,0.5898923873901367,0.5898923873901367,0.0,0.5208929164963612,True
2021-12-28,0.5590920448303223,0.5590920448303223,0.0,0.5208929164963612,True
2021-12-29,0.5728736519813538,0.5728736519813538,0.0,0.5208929164963612,True
2021-12-30,0.5709571242332458,0.5709571242332458,0.0,0.5208929164963612,True
2021-12-31,0.549767017364502,0.549767017364502,0.0,0.5208929164963612,True
2022-01-03,0.5780272483825684,0.5780272483825684,0.0,0.5208929164963612,True
2022-01-04,0.5138934850692749,0.5138934850692749,0.0,0.0,True
2022-01-05,0.5360492467880249,0.5360492467880249,0.0,0.4937430476361785,True
2022-01-06,0.552536129951477,0.552536129951477,0.0,0.4937430476361785,True
2022-01-07,0.5494250059127808,0.5494250059127808,0.0,0.4937430476361785,True
2022-01-10,0.5413498878479004,0.5413498878479004,0.0,0.4937430476361785,True
2022-01-11,0.5508334040641785,0.5508334040641785,0.0,0.4937430476361785,True
2022-01-12,0.5464036464691162,0.5464036464691162,0.0,0.4937430476361785,True
2022-01-13,0.527138888835907,0.527138888835907,0.0,0.4937430476361785,True
2022-01-14,0.5571117997169495,0.5571117997169495,0.0,0.6694370949171188,True
2022-01-18,0.545087993144989,0.545087993144989,0.0,0.6694370949171188,True
2022-01-19,0.5607936978340149,0.5607936978340149,0.0,0.6694370949171188,True
2022-01-20,0.5926096439361572,0.5926096439361572,0.0,0.6694370949171188,True
2022-01-21,0.5964314341545105,0.5964314341545105,0.0,0.6694370949171188,True
2022-01-24,0.6558442711830139,0.6558442711830139,0.0,0.6694370949171188,True
2022-01-25,0.6922356486320496,0.6922356486320496,0.0,0.6694370949171188,True
2022-01-26,0.6572985053062439,0.6572985053062439,0.0,0.6694370949171188,True
2022-01-27,0.667697012424469,0.667697012424469,0.0,0.6694370949171188,True
2022-01-28,0.5579177141189575,0.5579177141189575,0.0,0.44730579951939425,True
2022-01-31,0.5254366993904114,0.5254366993904114,0.0,0.44730579951939425,True
2022-02-01,0.5431904792785645,0.5431904792785645,0.0,0.44730579951939425,True
2022-02-02,0.5735008120536804,0.5735008120536804,0.0,0.44730579951939425,True
2022-02-03,0.5711012482643127,0.5711012482643127,0.0,0.44730579951939425,True
2022-02-04,0.523183286190033,0.523183286190033,0.0,0.44730579951939425,True
2022-02-07,0.518051028251648,0.518051028251648,0.0,0.0,True
2022-02-08,0.5578480958938599,0.5578480958938599,0.0,0.4567908089648126,True
2022-02-09,0.5221486687660217,0.5221486687660217,0.0,0.4567908089648126,True
2022-02-10,0.4979107975959778,0.4979107975959778,0.0,0.0,True
2022-02-11,0.5594835877418518,0.5594835877418518,0.0,0.44612996391048143,True
2022-02-14,0.5639430284500122,0.5639430284500122,0.0,0.44612996391048143,True
2022-02-15,0.6130581498146057,0.6130581498146057,0.0,0.44612996391048143,True
2022-02-16,0.5854973196983337,0.5854973196983337,0.0,0.44612996391048143,True
2022-02-17,0.5529049634933472,0.5529049634933472,0.0,0.44612996391048143,True
2022-02-18,0.5391669273376465,0.5391669273376465,0.0,0.44612996391048143,True
2022-02-22,0.5425578951835632,0.5425578951835632,0.0,0.44612996391048143,True
2022-02-23,0.5275514721870422,0.5275514721870422,0.0,0.44612996391048143,True
2022-02-24,0.5418450236320496,0.5418450236320496,0.0,0.44612996391048143,True
2022-02-25,0.5512843728065491,0.5512843728065491,0.0,0.44612996391048143,True
2022-02-28,0.5726015567779541,0.5726015567779541,0.0,0.5891906446237672,True
2022-03-01,0.5683411955833435,0.5683411955833435,0.0,0.5891906446237672,True
2022-03-02,0.591951847076416,0.591951847076416,0.0,0.5891906446237672,True
2022-03-03,0.5691767930984497,0.5691767930984497,0.0,0.5891906446237672,True
2022-03-04,0.5537237524986267,0.5537237524986267,0.0,0.5891906446237672,True
2022-03-07,0.5766311883926392,0.5766311883926392,0.0,0.5891906446237672,True
2022-03-08,0.5774784684181213,0.5774784684181213,0.0,0.5891906446237672,True
2022-03-09,0.4855300784111023,0.4855300784111023,0.0,0.0,True
2022-03-10,0.5212682485580444,0.5212682485580444,0.0,0.5101446015149188,True
2022-03-11,0.44779136776924133,0.44779136776924133,0.0,0.0,True
2022-03-14,0.5012723207473755,0.5012723207473755,0.0,0.0,True
2022-03-15,0.4353923201560974,0.4353923201560974,0.0,0.0,True
2022-03-16,0.4694238603115082,0.4694238603115082,0.0,0.0,True
2022-03-17,0.5233837366104126,0.5233837366104126,0.0,0.4506180844342557,True
2022-03-18,0.5552946925163269,0.5552946925163269,0.0,0.4506180844342557,True
2022-03-21,0.48257049918174744,0.48257049918174744,0.0,0.0,True
2022-03-22,0.5408818125724792,0.5408818125724792,0.0,0.44367084348864594,True
2022-03-23,0.5088367462158203,0.5088367462158203,0.0,0.0,True
2022-03-24,0.4813975393772125,0.4813975393772125,0.0,0.0,True
2022-03-25,0.5214715003967285,0.5214715003967285,0.0,0.46180767479948615,True
2022-03-28,0.5093391537666321,0.5093391537666321,0.0,0.0,True
2022-03-29,0.4902280569076538,0.4902280569076538,0.0,0.0,True
2022-03-30,0.5076424479484558,0.5076424479484558,0.0,0.0,True
2022-03-31,0.5495617985725403,0.5495617985725403,0.0,0.4550712018319841,True
2022-04-01,0.5902653336524963,0.5902653336524963,0.0,0.4550712018319841,True
2022-04-04,0.6243014931678772,0.6243014931678772,0.0,0.4550712018319841,True
2022-04-05,0.5750513076782227,0.5750513076782227,0.0,0.4550712018319841,True
2022-04-06,0.5304285883903503,0.5304285883903503,0.0,0.4550712018319841,True
2022-04-07,0.5360924005508423,0.5360924005508423,0.0,0.4550712018319841,True
2022-04-08,0.5483273863792419,0.5483273863792419,0.0,0.4550712018319841,True
2022-04-11,0.5455045104026794,0.5455045104026794,0.0,0.4550712018319841,True
2022-04-12,0.5504172444343567,0.5504172444343567,0.0,0.58004738072039,True
2022-04-13,0.5498354434967041,0.5498354434967041,0.0,0.58004738072039,True
2022-04-14,0.5579571723937988,0.5579571723937988,0.0,0.58004738072039,True
2022-04-18,0.5298222303390503,0.5298222303390503,0.0,0.58004738072039,True
2022-04-19,0.52848219871521,0.52848219871521,0.0,0.58004738072039,True
2022-04-20,0.5343108177185059,0.5343108177185059,0.0,0.58004738072039,True
2022-04-21,0.5440278649330139,0.5440278649330139,0.0,0.58004738072039,True
2022-04-22,0.5499799847602844,0.5499799847602844,0.0,0.58004738072039,True
2022-04-25,0.5842482447624207,0.5842482447624207,0.0,0.58004738072039,True
2022-04-26,0.5528658032417297,0.5528658032417297,0.0,0.58004738072039,True
2022-04-27,0.5402939319610596,0.5402939319610596,0.0,0.58004738072039,True
2022-04-28,0.5117584466934204,0.5117584466934204,0.0,0.0,True
2022-04-29,0.5070663094520569,0.5070663094520569,0.0,0.0,True
2022-05-02,0.4882681667804718,0.4882681667804718,0.0,0.0,True
2022-05-03,0.47798675298690796,0.47798675298690796,0.0,0.0,True
2022-05-04,0.5265596508979797,0.5265596508979797,0.0,0.41357492340121227,True
2022-05-05,0.5004541873931885,0.5004541873931885,0.0,0.0,True
2022-05-06,0.5049663186073303,0.5049663186073303,0.0,0.0,True
2022-05-09,0.4585951566696167,0.4585951566696167,0.0,0.0,True
2022-05-10,0.4787698984146118,0.4787698984146118,0.0,0.0,True
2022-05-11,0.5193650126457214,0.5193650126457214,0.0,0.0,True
2022-05-12,0.5624005794525146,0.5624005794525146,0.0,0.3365860596222671,True
2022-05-13,0.47622519731521606,0.47622519731521606,0.0,0.0,True
2022-05-16,0.5093642473220825,0.5093642473220825,0.0,0.0,True
2022-05-17,0.4573677182197571,0.4573677182197571,0.0,0.0,True
2022-05-18,0.5468923449516296,0.5468923449516296,0.0,0.29901184745942255,True
2022-05-19,0.5096770524978638,0.5096770524978638,0.0,0.0,True
2022-05-20,0.5535873770713806,0.5535873770713806,0.0,0.2992922982064401,True
2022-05-23,0.49391356110572815,0.49391356110572815,0.0,0.0,True
2022-05-24,0.46472933888435364,0.46472933888435364,0.0,0.0,True
2022-05-25,0.45236605405807495,0.45236605405807495,0.0,0.0,True
2022-05-26,0.4784032702445984,0.4784032702445984,0.0,0.0,True
2022-05-27,0.41987621784210205,0.41987621784210205,0.0,0.0,True
2022-05-31,0.4535743296146393,0.4535743296146393,0.0,0.0,True
2022-06-01,0.43505680561065674,0.43505680561065674,0.0,0.0,True
2022-06-02,0.39330151677131653,0.39330151677131653,0.0,0.0,True
2022-06-03,0.43870583176612854,0.43870583176612854,0.0,0.0,True
2022-06-06,0.44049936532974243,0.44049936532974243,0.0,0.0,True
2022-06-07,0.44875022768974304,0.44875022768974304,0.0,0.0,True
2022-06-08,0.45946621894836426,0.45946621894836426,0.0,0.0,True
2022-06-09,0.4702870547771454,0.4702870547771454,0.0,0.0,True
2022-06-10,0.4997715950012207,0.4997715950012207,0.0,0.0,True
2022-06-13,0.5416242480278015,0.5416242480278015,0.0,0.3405469504660673,True
2022-06-14,0.5155515670776367,0.5155515670776367,0.0,0.0,True
2022-06-15,0.4932762086391449,0.4932762086391449,0.0,0.0,True
2022-06-16,0.5362487435340881,0.5362487435340881,0.0,0.3618391256330469,True
2022-06-17,0.5339277982711792,0.5339277982711792,0.0,0.3618391256330469,True
2022-06-21,0.45560044050216675,0.45560044050216675,0.0,0.0,True
2022-06-22,0.47434526681900024,0.47434526681900024,0.0,0.0,True
2022-06-23,0.45597773790359497,0.45597773790359497,0.0,0.0,True
2022-06-24,0.46595051884651184,0.46595051884651184,0.0,0.0,True
2022-06-27,0.4415476620197296,0.4415476620197296,0.0,0.0,True
2022-06-28,0.4627123177051544,0.4627123177051544,0.0,0.0,True
2022-06-29,0.48044654726982117,0.48044654726982117,0.0,0.0,True
2022-06-30,0.5139642357826233,0.5139642357826233,0.0,0.0,True
2022-07-01,0.4669378101825714,0.4669378101825714,0.0,0.0,True
2022-07-05,0.4884094297885895,0.4884094297885895,0.0,0.0,True
2022-07-06,0.4798687696456909,0.4798687696456909,0.0,0.0,True
2022-07-07,0.49264493584632874,0.49264493584632874,0.0,0.0,True
2022-07-08,0.44394081830978394,0.44394081830978394,0.0,0.0,True
2022-07-11,0.4870762228965759,0.4870762228965759,0.0,0.0,True
2022-07-12,0.5742226243019104,0.5742226243019104,0.0,0.4464120458221965,True
2022-07-13,0.5677659511566162,0.5677659511566162,0.0,0.4464120458221965,True
2022-07-14,0.5700905919075012,0.5700905919075012,0.0,0.4464120458221965,True
2022-07-15,0.5505600571632385,0.5505600571632385,0.0,0.4464120458221965,True
2022-07-18,0.6217654347419739,0.6217654347419739,0.0,0.5587682010622709,True
2022-07-19,0.6418951749801636,0.6418951749801636,0.0,0.5587682010622709,True
2022-07-20,0.5752978324890137,0.5752978324890137,0.0,0.5587682010622709,True
2022-07-21,0.5719550251960754,0.5719550251960754,0.0,0.5587682010622709,True
2022-07-22,0.5561583638191223,0.5561583638191223,0.0,0.5587682010622709,True
2022-07-25,0.5767042636871338,0.5767042636871338,0.0,0.5587682010622709,True
2022-07-26,0.5383584499359131,0.5383584499359131,0.0,0.5587682010622709,True
2022-07-27,0.5876569747924805,0.5876569747924805,0.0,0.5587682010622709,True
2022-07-28,0.6140928864479065,0.6140928864479065,0.0,0.5587682010622709,True
2022-07-29,0.6544598340988159,0.6544598340988159,0.0,0.5587682010622709,True
2022-08-01,0.600412905216217,0.600412905216217,0.0,0.5587682010622709,True
2022-08-02,0.6060971617698669,0.6060971617698669,0.0,0.5587682010622709,True
2022-08-03,0.5805689096450806,0.5805689096450806,0.0,0.5587682010622709,True
2022-08-04,0.6110700368881226,0.6110700368881226,0.0,0.5587682010622709,True
2022-08-05,0.6069960594177246,0.6069960594177246,0.0,0.5587682010622709,True
2022-08-08,0.5879207253456116,0.5879207253456116,0.0,0.5587682010622709,True
2022-08-09,0.6192609667778015,0.6192609667778015,0.0,0.5587682010622709,True
2022-08-10,0.6350876092910767,0.6350876092910767,0.0,0.5587682010622709,True
2022-08-11,0.636217474937439,0.636217474937439,0.0,0.5587682010622709,True
2022-08-12,0.6390083432197571,0.6390083432197571,0.0,0.5587682010622709,True
2022-08-15,0.6236821413040161,0.6236821413040161,0.0,0.5587682010622709,True
2022-08-16,0.615588366985321,0.615588366985321,0.0,0.5587682010622709,True
2022-08-17,0.6764407157897949,0.6764407157897949,0.0,0.5587682010622709,True
2022-08-18,0.6130424737930298,0.6130424737930298,0.0,0.5587682010622709,True
2022-08-19,0.5489459037780762,0.5489459037780762,0.0,0.5587682010622709,True
2022-08-22,0.5882010459899902,0.5882010459899902,0.0,0.5587682010622709,True
2022-08-23,0.613663911819458,0.613663911819458,0.0,0.5587682010622709,True
2022-08-24,0.6075096130371094,0.6075096130371094,0.0,0.5587682010622709,True
2022-08-25,0.5865046381950378,0.5865046381950378,0.0,0.5587682010622709,True
2022-08-26,0.5926674604415894,0.5926674604415894,0.0,0.5587682010622709,True
2022-08-29,0.5932173132896423,0.5932173132896423,0.0,0.5587682010622709,True
2022-08-30,0.5676000714302063,0.5676000714302063,0.0,0.5587682010622709,True
2022-08-31,0.6173433065414429,0.6173433065414429,0.0,0.5587682010622709,True
2022-09-01,0.6050185561180115,0.6050185561180115,0.0,0.5587682010622709,True
2022-09-02,0.6255980730056763,0.6255980730056763,0.0,0.5587682010622709,True
2022-09-06,0.6150668859481812,0.6150668859481812,0.0,0.5587682010622709,True
2022-09-07,0.5698239803314209,0.5698239803314209,0.0,0.5587682010622709,True
2022-09-08,0.6063494682312012,0.6063494682312012,0.0,0.6864323859812819,True
2022-09-09,0.5774902105331421,0.5774902105331421,0.0,0.6864323859812819,True
2022-09-12,0.5501053929328918,0.5501053929328918,0.0,0.5690641589360481,True
2022-09-13,0.5770366787910461,0.5770366787910461,0.0,0.45730855168844703,True
2022-09-14,0.5802160501480103,0.5802160501480103,0.0,0.45730855168844703,True
2022-09-15,0.5114763379096985,0.5114763379096985,0.0,0.0,True
2022-09-16,0.501472532749176,0.501472532749176,0.0,0.0,True
2022-09-19,0.4575363099575043,0.4575363099575043,0.0,0.0,True
2022-09-20,0.5484110116958618,0.5484110116958618,0.0,0.42992264974922356,True
2022-09-21,0.5311764478683472,0.5311764478683472,0.0,0.42992264974922356,True
2022-09-22,0.5162295699119568,0.5162295699119568,0.0,0.0,True
2022-09-23,0.5097033381462097,0.5097033381462097,0.0,0.0,True
2022-09-26,0.4952584207057953,0.4952584207057953,0.0,0.0,True
2022-09-27,0.49833959341049194,0.49833959341049194,0.0,0.0,True
2022-09-28,0.5128100514411926,0.5128100514411926,0.0,0.0,True
2022-09-29,0.5951089859008789,0.5951089859008789,0.0,0.41093202921057537,True
2022-09-30,0.5475752353668213,0.5475752353668213,0.0,0.41093202921057537,True
2022-10-03,0.5139473676681519,0.5139473676681519,0.0,0.0,True
2022-10-04,0.4995919167995453,0.4995919167995453,0.0,0.0,True
2022-10-05,0.47569599747657776,0.47569599747657776,0.0,0.0,True
2022-10-06,0.4914228618144989,0.4914228618144989,0.0,0.0,True
2022-10-07,0.508277177810669,0.508277177810669,0.0,0.0,True
2022-10-10,0.4925484359264374,0.4925484359264374,0.0,0.0,True
2022-10-11,0.48326706886291504,0.48326706886291504,0.0,0.0,True
2022-10-12,0.4821082353591919,0.4821082353591919,0.0,0.0,True
2022-10-13,0.5067623853683472,0.5067623853683472,0.0,0.0,True
2022-10-14,0.5119951367378235,0.5119951367378235,0.0,0.0,True
2022-10-17,0.45218032598495483,0.45218032598495483,0.0,0.0,True
2022-10-18,0.4636909067630768,0.4636909067630768,0.0,0.0,True
2022-10-19,0.5057718753814697,0.5057718753814697,0.0,0.0,True
2022-10-20,0.5174038410186768,0.5174038410186768,0.0,0.0,True
2022-10-21,0.38841450214385986,0.38841450214385986,0.0,0.0,True
2022-10-24,0.4328805208206177,0.4328805208206177,0.0,0.0,True
2022-10-25,0.45769956707954407,0.45769956707954407,0.0,0.0,True
2022-10-26,0.46453040838241577,0.46453040838241577,0.0,0.0,True
2022-10-27,0.5461505651473999,0.5461505651473999,0.0,0.41677105343048654,True
2022-10-28,0.6376520395278931,0.6376520395278931,1.0,0.41677105343048654,True
2022-10-31,0.6642335653305054,0.6642335653305054,0.0,0.41677105343048654,True
2022-11-01,0.5976090431213379,0.5976090431213379,0.0,0.41677105343048654,True
2022-11-02,0.5353819727897644,0.5353819727897644,0.0,0.41677105343048654,True
2022-11-03,0.46549463272094727,0.46549463272094727,0.0,0.0,True
2022-11-04,0.5374246835708618,0.5374246835708618,0.0,0.33261078996574667,True
2022-11-07,0.48669055104255676,0.48669055104255676,0.0,0.0,True
2022-11-08,0.504953145980835,0.504953145980835,0.0,0.0,True
2022-11-09,0.5229775309562683,0.5229775309562683,0.0,0.32236209213992023,True
2022-11-10,0.6025875806808472,0.6025875806808472,1.0,0.32236209213992023,True
2022-11-11,0.5652273297309875,0.5652273297309875,1.0,0.32236209213992023,True
2022-11-14,0.5481717586517334,0.5481717586517334,1.0,0.32236209213992023,True
2022-11-15,0.5666595697402954,0.5666595697402954,1.0,0.32236209213992023,True
2022-11-16,0.5524897575378418,0.5524897575378418,0.0,0.32236209213992023,True
2022-11-17,0.48974791169166565,0.48974791169166565,1.0,0.0,True
2022-11-18,0.4715692698955536,0.4715692698955536,0.0,0.0,True
2022-11-21,0.48402106761932373,0.48402106761932373,0.0,0.0,True
2022-11-22,0.5016844272613525,0.5016844272613525,0.0,0.0,True
2022-11-23,0.5095962882041931,0.5095962882041931,0.0,0.0,True
2022-11-25,0.46454402804374695,0.46454402804374695,0.0,0.0,True
2022-11-28,0.4806784391403198,0.4806784391403198,0.0,0.0,True
2022-11-29,0.5025196075439453,0.5025196075439453,0.0,0.0,True
2022-11-30,0.5683357119560242,0.5683357119560242,0.0,0.3096008097394866,True
2022-12-01,0.5171813368797302,0.5171813368797302,0.0,0.0,True
2022-12-02,0.4890287220478058,0.4890287220478058,0.0,0.0,True
2022-12-05,0.49702534079551697,0.49702534079551697,0.0,0.0,True
2022-12-06,0.4867570698261261,0.4867570698261261,0.0,0.0,True
2022-12-07,0.47936907410621643,0.47936907410621643,0.0,0.0,True
2022-12-08,0.5086241364479065,0.5086241364479065,0.0,0.0,True
2022-12-09,0.487194687128067,0.487194687128067,0.0,0.0,True
2022-12-12,0.5048094391822815,0.5048094391822815,0.0,0.0,True
2022-12-13,0.4866461157798767,0.4866461157798767,0.0,0.0,True
2022-12-14,0.4878089129924774,0.4878089129924774,0.0,0.0,True
2022-12-15,0.5370874404907227,0.5370874404907227,0.0,0.452848422446154,True
2022-12-16,0.5359356999397278,0.5359356999397278,0.0,0.452848422446154,True
2022-12-19,0.5277968049049377,0.5277968049049377,0.0,0.452848422446154,True
2022-12-20,0.5429227948188782,0.5429227948188782,0.0,0.452848422446154,True
2022-12-21,0.4785924255847931,0.4785924255847931,0.0,0.0,True
2022-12-22,0.5172489881515503,0.5172489881515503,0.0,0.0,True
2022-12-23,0.5127975940704346,0.5127975940704346,0.0,0.0,True
2022-12-27,0.5268529057502747,0.5268529057502747,0.0,0.46234073297517975,True
2022-12-28,0.5974637269973755,0.5974637269973755,0.0,0.46234073297517975,True
2022-12-29,0.4966050088405609,0.4966050088405609,0.0,0.0,True
2022-12-30,0.4973444938659668,0.4973444938659668,0.0,0.0,True
2023-01-03,0.5549059510231018,0.5549059510231018,0.0,0.47773262259183313,True
2023-01-04,0.4734601676464081,0.4734601676464081,0.0,0.0,True
2023-01-05,0.5199975967407227,0.5199975967407227,0.0,0.0,True
2023-01-06,0.5029091835021973,0.5029091835021973,0.0,0.0,True
2023-01-09,0.5020200610160828,0.5020200610160828,0.0,0.0,True
2023-01-10,0.5047980546951294,0.5047980546951294,0.0,0.0,True
2023-01-11,0.5216361880302429,0.5216361880302429,0.0,0.42921788494562907,True
2023-01-12,0.4328842759132385,0.4328842759132385,0.0,0.0,True
2023-01-13,0.4740276634693146,0.4740276634693146,0.0,0.0,True
2023-01-17,0.47768911719322205,0.47768911719322205,0.0,0.0,True
2023-01-18,0.44570392370224,0.44570392370224,0.0,0.0,True
2023-01-19,0.4418680667877197,0.4418680667877197,0.0,0.0,True
2023-01-20,0.5110700130462646,0.5110700130462646,0.0,0.0,True
2023-01-23,0.5630621314048767,0.5630621314048767,0.0,0.4922597148095086,True
2023-01-24,0.5348265171051025,0.5348265171051025,0.0,0.4922597148095086,True
2023-01-25,0.5280968546867371,0.5280968546867371,0.0,0.4922597148095086,True
2023-01-26,0.5136995315551758,0.5136995315551758,0.0,0.0,True
2023-01-27,0.5691723823547363,0.5691723823547363,0.0,0.5941663337929333,True
2023-01-30,0.6305975914001465,0.6305975914001465,0.0,0.5941663337929333,True
2023-01-31,0.6419106721878052,0.6419106721878052,0.0,0.5941663337929333,True
2023-02-01,0.6646432876586914,0.6646432876586914,0.0,0.7406524265997751,True
2023-02-02,0.6695612072944641,0.6695612072944641,0.0,0.7406524265997751,True
2023-02-03,0.6189186573028564,0.6189186573028564,1.0,0.7406524265997751,True
2023-02-06,0.5717909932136536,0.5717909932136536,0.0,0.7406524265997751,True
2023-02-07,0.5839261412620544,0.5839261412620544,0.0,0.7406524265997751,True
2023-02-08,0.7160083651542664,0.7160083651542664,0.0,0.6171183488153351,True
2023-02-09,0.640831470489502,0.640831470489502,0.0,0.6171183488153351,True
2023-02-10,0.6557612419128418,0.6557612419128418,0.0,0.6171183488153351,True
2023-02-13,0.5859145522117615,0.5859145522117615,0.0,0.6171183488153351,True
2023-02-14,0.6192983984947205,0.6192983984947205,0.0,0.6171183488153351,True
2023-02-15,0.595352828502655,0.595352828502655,0.0,0.6171183488153351,True
2023-02-16,0.6111589074134827,0.6111589074134827,0.0,0.6171183488153351,True
2023-02-17,0.5416957139968872,0.5416957139968872,0.0,0.6171183488153351,True
2023-02-21,0.5213408470153809,0.5213408470153809,0.0,0.6171183488153351,True
2023-02-22,0.5347415804862976,0.5347415804862976,0.0,0.6171183488153351,True
2023-02-23,0.5273286700248718,0.5273286700248718,0.0,0.6171183488153351,True
2023-02-24,0.5014128684997559,0.5014128684997559,0.0,0.0,True
2023-02-27,0.5305765867233276,0.5305765867233276,0.0,0.5599156921820974,True
2023-02-28,0.5286738276481628,0.5286738276481628,0.0,0.5599156921820974,True
2023-03-01,0.5105282068252563,0.5105282068252563,0.0,0.0,True
2023-03-02,0.5099810361862183,0.5099810361862183,0.0,0.0,True
2023-03-03,0.5466182231903076,0.5466182231903076,0.0,0.5843463561992449,True
2023-03-06,0.5490294694900513,0.5490294694900513,0.0,0.5843463561992449,True
2023-03-07,0.511080265045166,0.511080265045166,0.0,0.0,True
2023-03-08,0.4957093596458435,0.4957093596458435,0.0,0.0,True
2023-03-09,0.48716962337493896,0.48716962337493896,0.0,0.0,True
2023-03-10,0.5226982831954956,0.5226982831954956,0.0,0.6241443014720943,True
2023-03-13,0.5173458456993103,0.5173458456993103,0.0,0.0,True
2023-03-14,0.5412194132804871,0.5412194132804871,0.0,0.6226950235789546,True
2023-03-15,0.5200279355049133,0.5200279355049133,0.0,0.6226950235789546,True
2023-03-16,0.5197763442993164,0.5197763442993164,0.0,0.0,True
2023-03-17,0.5273136496543884,0.5273136496543884,0.0,0.6183011969630142,True
2023-03-20,0.5638843178749084,0.5638843178749084,0.0,0.6183011969630142,True
2023-03-21,0.6065505146980286,0.6065505146980286,0.0,0.6183011969630142,True
2023-03-22,0.5753298997879028,0.5753298997879028,0.0,0.6183011969630142,True
2023-03-23,0.5613265037536621,0.5613265037536621,0.0,0.6183011969630142,True
2023-03-24,0.5441851615905762,0.5441851615905762,0.0,0.6183011969630142,True
2023-03-27,0.5286597609519958,0.5286597609519958,0.0,0.6183011969630142,True
2023-03-28,0.5164618492126465,0.5164618492126465,0.0,0.0,True
2023-03-29,0.5327808856964111,0.5327808856964111,0.0,0.6810734981163428,True
2023-03-30,0.541751503944397,0.541751503944397,0.0,0.6810734981163428,True
2023-03-31,0.6212674379348755,0.6212674379348755,0.0,0.6810734981163428,True
2023-04-03,0.6366641521453857,0.6366641521453857,0.0,0.7941376635752091,True
2023-04-04,0.629421055316925,0.629421055316925,0.0,0.7941376635752091,True
2023-04-05,0.5509148240089417,0.5509148240089417,0.0,0.7941376635752091,True
2023-04-06,0.5880187749862671,0.5880187749862671,0.0,0.7941376635752091,True
2023-04-10,0.5256736874580383,0.5256736874580383,0.0,0.7941376635752091,True
2023-04-11,0.5566384196281433,0.5566384196281433,0.0,0.7941376635752091,True
2023-04-12,0.554507851600647,0.554507851600647,0.0,0.7941376635752091,True
2023-04-13,0.5293323993682861,0.5293323993682861,0.0,0.7941376635752091,True
2023-04-14,0.5248692631721497,0.5248692631721497,0.0,0.7941376635752091,True
2023-04-17,0.5137137174606323,0.5137137174606323,0.0,0.0,True
2023-04-18,0.5205371379852295,0.5205371379852295,0.0,0.7699080464675296,True
2023-04-19,0.5293014049530029,0.5293014049530029,0.0,0.7699080464675296,True
2023-04-20,0.6041638255119324,0.6041638255119324,0.0,0.7699080464675296,True
2023-04-21,0.5050618648529053,0.5050618648529053,0.0,0.0,True
2023-04-24,0.49798575043678284,0.49798575043678284,0.0,0.0,True
2023-04-25,0.5199066996574402,0.5199066996574402,0.0,0.0,True
2023-04-26,0.5854564905166626,0.5854564905166626,0.0,0.7910995533236551,True
2023-04-27,0.5423638820648193,0.5423638820648193,0.0,0.7910995533236551,True
2023-04-28,0.5168761610984802,0.5168761610984802,0.0,0.0,True
2023-05-01,0.5093984603881836,0.5093984603881836,0.0,0.0,True
2023-05-02,0.5377379655838013,0.5377379655838013,0.0,0.7669070976178063,True
2023-05-03,0.5442644953727722,0.5442644953727722,0.0,0.7669070976178063,True
2023-05-04,0.5556245446205139,0.5556245446205139,0.0,0.7669070976178063,True
2023-05-05,0.6360083818435669,0.6360083818435669,0.0,0.5873009480309845,True
2023-05-08,0.5517677664756775,0.5517677664756775,0.0,0.5873009480309845,True
2023-05-09,0.5894222259521484,0.5894222259521484,0.0,0.5873009480309845,True
2023-05-10,0.5204719305038452,0.5204719305038452,0.0,0.5873009480309845,True
2023-05-11,0.709121584892273,0.709121584892273,0.0,0.5873009480309845,True
2023-05-12,0.5340502858161926,0.5340502858161926,0.0,0.5873009480309845,True
2023-05-15,0.5190097093582153,0.5190097093582153,0.0,0.0,True
2023-05-16,0.5856279730796814,0.5856279730796814,0.0,0.6774690864207914,True
2023-05-17,0.6247823238372803,0.6247823238372803,0.0,0.6774690864207914,True
2023-05-18,0.5124080181121826,0.5124080181121826,0.0,0.0,True
2023-05-19,0.5841336846351624,0.5841336846351624,0.0,0.6877760918444035,True
2023-05-22,0.5260598063468933,0.5260598063468933,0.0,0.6877760918444035,True
2023-05-23,0.4868868291378021,0.4868868291378021,0.0,0.0,True
2023-05-24,0.5298372507095337,0.5298372507095337,0.0,0.6663000504175624,True
2023-05-25,0.5560154914855957,0.5560154914855957,0.0,0.6663000504175624,True
2023-05-26,0.5488686561584473,0.5488686561584473,0.0,0.6663000504175624,True
2023-05-30,0.5638476014137268,0.5638476014137268,0.0,0.6663000504175624,True
2023-05-31,0.6174814701080322,0.6174814701080322,0.0,0.6663000504175624,True
2023-06-01,0.7084793448448181,0.7084793448448181,0.0,0.6663000504175624,True
2023-06-02,0.6719112396240234,0.6719112396240234,0.0,0.6663000504175624,True
2023-06-05,0.5584262609481812,0.5584262609481812,0.0,1.0,True
2023-06-06,0.567956268787384,0.567956268787384,0.0,1.0,True
2023-06-07,0.5312690734863281,0.5312690734863281,0.0,1.0,True
2023-06-08,0.522517204284668,0.522517204284668,0.0,1.0,True
2023-06-09,0.5005531907081604,0.5005531907081604,0.0,0.0,True
2023-06-12,0.5837445855140686,0.5837445855140686,0.0,1.0,True
2023-06-13,0.5612736940383911,0.5612736940383911,0.0,1.0,True
2023-06-14,0.5987668633460999,0.5987668633460999,0.0,1.0,True
2023-06-15,0.6315165758132935,0.6315165758132935,0.0,1.0,True
2023-06-16,0.5928865075111389,0.5928865075111389,0.0,1.0,True
2023-06-20,0.5630700588226318,0.5630700588226318,0.0,1.0,True
2023-06-21,0.5429475903511047,0.5429475903511047,0.0,1.0,True
2023-06-22,0.5817381143569946,0.5817381143569946,0.0,1.0,True
2023-06-23,0.5786648392677307,0.5786648392677307,0.0,1.0,True
2023-06-26,0.5594115853309631,0.5594115853309631,0.0,1.0,True
2023-06-27,0.5735814571380615,0.5735814571380615,0.0,1.0,True
2023-06-28,0.5598962306976318,0.5598962306976318,0.0,1.0,True
2023-06-29,0.5537672638893127,0.5537672638893127,0.0,1.0,True
2023-06-30,0.671605110168457,0.671605110168457,0.0,1.0,True
2023-07-03,0.5843617916107178,0.5843617916107178,0.0,1.0,True
2023-07-05,0.5768774747848511,0.5768774747848511,0.0,1.0,True
2023-07-06,0.5612283945083618,0.5612283945083618,0.0,1.0,True
2023-07-07,0.5747140645980835,0.5747140645980835,0.0,1.0,True
2023-07-10,0.6464264988899231,0.6464264988899231,0.0,1.0,True
2023-07-11,0.6571268439292908,0.6571268439292908,0.0,1.0,True
2023-07-12,0.5808718800544739,0.5808718800544739,0.0,1.0,True
2023-07-13,0.5343453288078308,0.5343453288078308,0.0,1.0,True
2023-07-14,0.5413521528244019,0.5413521528244019,0.0,1.0,True
2023-07-17,0.5912894606590271,0.5912894606590271,0.0,1.0,True
2023-07-18,0.5343109369277954,0.5343109369277954,0.0,1.0,True
2023-07-19,0.5945090055465698,0.5945090055465698,0.0,1.0,True
2023-07-20,0.5935250520706177,0.5935250520706177,0.0,1.0,True
2023-07-21,0.5792487263679504,0.5792487263679504,0.0,1.0,True
2023-07-24,0.5732747912406921,0.5732747912406921,0.0,1.0,True
2023-07-25,0.5441070795059204,0.5441070795059204,0.0,1.0,True
2023-07-26,0.528275728225708,0.528275728225708,0.0,1.0,True
2023-07-27,0.5738862752914429,0.5738862752914429,0.0,1.0,True
2023-07-28,0.6024011969566345,0.6024011969566345,0.0,1.0,True
2023-07-31,0.5186465978622437,0.5186465978622437,0.0,0.0,True
2023-08-01,0.5239899158477783,0.5239899158477783,0.0,1.0,True
2023-08-02,0.5546002984046936,0.5546002984046936,0.0,1.0,True
2023-08-03,0.5509065389633179,0.5509065389633179,0.0,1.0,True
2023-08-04,0.5412172079086304,0.5412172079086304,0.0,0.6935458889532805,True
2023-08-07,0.595679759979248,0.595679759979248,0.0,0.6935458889532805,True
2023-08-08,0.5542269945144653,0.5542269945144653,0.0,0.6935458889532805,True
2023-08-09,0.5494096875190735,0.5494096875190735,0.0,0.6935458889532805,True
2023-08-10,0.5701320171356201,0.5701320171356201,0.0,0.6935458889532805,True
2023-08-11,0.5664194226264954,0.5664194226264954,0.0,0.6935458889532805,True
2023-08-14,0.6020691394805908,0.6020691394805908,0.0,0.6935458889532805,True
2023-08-15,0.5537819266319275,0.5537819266319275,0.0,0.6935458889532805,True
2023-08-16,0.5559854507446289,0.5559854507446289,0.0,0.6935458889532805,True
2023-08-17,0.5729855895042419,0.5729855895042419,0.0,0.6935458889532805,True
2023-08-18,0.5593001246452332,0.5593001246452332,0.0,0.6935458889532805,True
2023-08-21,0.5657952427864075,0.5657952427864075,0.0,0.6935458889532805,True
2023-08-22,0.49980172514915466,0.49980172514915466,0.0,0.0,True
2023-08-23,0.5958560109138489,0.5958560109138489,0.0,0.6437081741453787,True
2023-08-24,0.5214723348617554,0.5214723348617554,0.0,0.6437081741453787,True
2023-08-25,0.5481240749359131,0.5481240749359131,0.0,0.6437081741453787,True
2023-08-28,0.5542237162590027,0.5542237162590027,0.0,0.6437081741453787,True
2023-08-29,0.5641611218452454,0.5641611218452454,0.0,0.6437081741453787,True
2023-08-30,0.6559911370277405,0.6559911370277405,0.0,0.6437081741453787,True
2023-08-31,0.5537624359130859,0.5537624359130859,0.0,0.6437081741453787,True
2023-09-01,0.5930077433586121,0.5930077433586121,0.0,0.6437081741453787,True
2023-09-05,0.6457417011260986,0.6457417011260986,0.0,0.7752810554002147,True
2023-09-06,0.5791688561439514,0.5791688561439514,0.0,0.6321874893943986,True
2023-09-07,0.5404436588287354,0.5404436588287354,0.0,0.6321874893943986,True
2023-09-08,0.5767187476158142,0.5767187476158142,0.0,0.6321874893943986,True
2023-09-11,0.5425667762756348,0.5425667762756348,0.0,0.6321874893943986,True
2023-09-12,0.5306398868560791,0.5306398868560791,0.0,0.6321874893943986,True
2023-09-13,0.5652996301651001,0.5652996301651001,0.0,0.6321874893943986,True
2023-09-14,0.5117228031158447,0.5117228031158447,0.0,0.0,True
2023-09-15,0.5286363363265991,0.5286363363265991,0.0,0.5729321542173434,True
2023-09-18,0.5430079698562622,0.5430079698562622,0.0,0.5729321542173434,True
2023-09-19,0.5187357068061829,0.5187357068061829,0.0,0.0,True
2023-09-20,0.5191640257835388,0.5191640257835388,0.0,0.0,True
2023-09-21,0.5388493537902832,0.5388493537902832,0.0,0.566232206258544,True
2023-09-22,0.5335744023323059,0.5335744023323059,0.0,0.566232206258544,True
2023-09-25,0.5084734559059143,0.5084734559059143,0.0,0.0,True
2023-09-26,0.5296174883842468,0.5296174883842468,0.0,0.5843371768474438,True
2023-09-27,0.5368897914886475,0.5368897914886475,0.0,0.5843371768474438,True
2023-09-28,0.5572068095207214,0.5572068095207214,0.0,0.5843371768474438,True
2023-09-29,0.5544469952583313,0.5544469952583313,0.0,0.5843371768474438,True
2023-10-02,0.561462938785553,0.561462938785553,0.0,0.5843371768474438,True
2023-10-03,0.5217974185943604,0.5217974185943604,0.0,0.5843371768474438,True
2023-10-04,0.5855799913406372,0.5855799913406372,0.0,0.7320689732547526,True
2023-10-05,0.5961671471595764,0.5961671471595764,0.0,0.7320689732547526,True
2023-10-06,0.5860447883605957,0.5860447883605957,0.0,0.7320689732547526,True
2023-10-09,0.6121662259101868,0.6121662259101868,0.0,0.7320689732547526,True
2023-10-10,0.6015672087669373,0.6015672087669373,0.0,0.8350984577821257,True
2023-10-11,0.6320546865463257,0.6320546865463257,0.0,0.8350984577821257,True
2023-10-12,0.6094414591789246,0.6094414591789246,0.0,0.8350984577821257,True
2023-10-13,0.5907829999923706,0.5907829999923706,0.0,0.8350984577821257,True
2023-10-16,0.6094776391983032,0.6094776391983032,0.0,0.8350984577821257,True
2023-10-17,0.6055802702903748,0.6055802702903748,0.0,0.8350984577821257,True
2023-10-18,0.598049521446228,0.598049521446228,0.0,0.9686210408313302,True
2023-10-19,0.5768133997917175,0.5768133997917175,0.0,0.9686210408313302,True
2023-10-20,0.6319743394851685,0.6319743394851685,0.0,0.9686210408313302,True
2023-10-23,0.6008525490760803,0.6008525490760803,0.0,0.9686210408313302,True
2023-10-24,0.6242416501045227,0.6242416501045227,0.0,0.9686210408313302,True
2023-10-25,0.5977330207824707,0.5977330207824707,0.0,0.9686210408313302,True
2023-10-26,0.6395477056503296,0.6395477056503296,0.0,0.9686210408313302,True
2023-10-27,0.5823420286178589,0.5823420286178589,0.0,0.9686210408313302,True
2023-10-30,0.5882088541984558,0.5882088541984558,0.0,0.9686210408313302,True
2023-10-31,0.602249801158905,0.602249801158905,0.0,0.9686210408313302,True
2023-11-01,0.6052629351615906,0.6052629351615906,0.0,0.8649901392481151,True
2023-11-02,0.6164079308509827,0.6164079308509827,0.0,0.8649901392481151,True
2023-11-03,0.631200909614563,0.631200909614563,0.0,0.8649901392481151,True
2023-11-06,0.6470938324928284,0.6470938324928284,0.0,0.8649901392481151,True
2023-11-07,0.64527428150177,0.64527428150177,0.0,0.8649901392481151,True
2023-11-08,0.6291887760162354,0.6291887760162354,0.0,0.8649901392481151,True
2023-11-09,0.6252799034118652,0.6252799034118652,0.0,0.8649901392481151,True
2023-11-10,0.6526072025299072,0.6526072025299072,0.0,0.7419514938991876,True
2023-11-13,0.6066456437110901,0.6066456437110901,0.0,0.7419514938991876,True
2023-11-14,0.5842916965484619,0.5842916965484619,0.0,0.7419514938991876,True
2023-11-15,0.5673926472663879,0.5673926472663879,0.0,0.7419514938991876,True
2023-11-16,0.5865635871887207,0.5865635871887207,0.0,0.7419514938991876,True
2023-11-17,0.5761231184005737,0.5761231184005737,0.0,0.7419514938991876,True
2023-11-20,0.7484614253044128,0.7484614253044128,0.0,0.7419514938991876,True
2023-11-21,0.7386099100112915,0.7386099100112915,0.0,0.7419514938991876,True
2023-11-22,0.7607685327529907,0.7607685327529907,0.0,0.7419514938991876,True
2023-11-24,0.6608273386955261,0.6608273386955261,0.0,1.0,True
2023-11-27,0.6743563413619995,0.6743563413619995,0.0,1.0,True
2023-11-28,0.7340583801269531,0.7340583801269531,0.0,1.0,True
2023-11-29,0.7286906242370605,0.7286906242370605,0.0,1.0,True
2023-11-30,0.7256950736045837,0.7256950736045837,0.0,1.0,True
2023-12-01,0.7188510894775391,0.7188510894775391,0.0,1.0,True
2023-12-04,0.5997101068496704,0.5997101068496704,0.0,1.0,True
2023-12-05,0.5910810232162476,0.5910810232162476,0.0,1.0,True
2023-12-06,0.5949437618255615,0.5949437618255615,0.0,1.0,True
2023-12-07,0.5692178010940552,0.5692178010940552,0.0,1.0,True
2023-12-08,0.615005373954773,0.615005373954773,0.0,1.0,True
2023-12-11,0.5424792170524597,0.5424792170524597,0.0,1.0,True
2023-12-12,0.5922500491142273,0.5922500491142273,0.0,1.0,True
2023-12-13,0.6463853716850281,0.6463853716850281,0.0,1.0,True
2023-12-14,0.6338641047477722,0.6338641047477722,0.0,1.0,True
2023-12-15,0.5834649801254272,0.5834649801254272,0.0,1.0,True
2023-12-18,0.5489122867584229,0.5489122867584229,0.0,1.0,True
2023-12-19,0.5799159407615662,0.5799159407615662,0.0,1.0,True
2023-12-20,0.556373655796051,0.556373655796051,0.0,1.0,True
2023-12-21,0.5987644195556641,0.5987644195556641,0.0,1.0,True
2023-12-22,0.6163419485092163,0.6163419485092163,0.0,1.0,True
2023-12-26,0.581922709941864,0.581922709941864,0.0,1.0,True
2023-12-27,0.6472785472869873,0.6472785472869873,0.0,1.0,True
2023-12-28,0.6450303792953491,0.6450303792953491,0.0,1.0,True
2023-12-29,0.6881139278411865,0.6881139278411865,0.0,1.0,True
2024-01-02,0.5599765777587891,0.5599765777587891,0.0,0.7825315399525222,True
2024-01-03,0.5225510001182556,0.5225510001182556,0.0,0.7825315399525222,True
2024-01-04,0.5706253051757812,0.5706253051757812,0.0,0.7825315399525222,True
2024-01-05,0.5717154741287231,0.5717154741287231,0.0,0.7825315399525222,True
2024-01-08,0.6785647869110107,0.6785647869110107,0.0,0.7825315399525222,True
2024-01-09,0.6017395257949829,0.6017395257949829,0.0,0.7825315399525222,True
2024-01-10,0.5841746926307678,0.5841746926307678,0.0,0.7825315399525222,True
2024-01-11,0.5639141201972961,0.5639141201972961,0.0,0.7825315399525222,True
2024-01-12,0.5557743310928345,0.5557743310928345,0.0,0.7825315399525222,True
2024-01-16,0.6140271425247192,0.6140271425247192,0.0,0.7825315399525222,True
2024-01-17,0.6308989524841309,0.6308989524841309,0.0,0.7825315399525222,True
2024-01-18,0.5895687341690063,0.5895687341690063,0.0,0.7825315399525222,True
2024-01-19,0.5778530240058899,0.5778530240058899,0.0,0.6694208280121641,True
2024-01-22,0.6187059283256531,0.6187059283256531,0.0,0.6694208280121641,True
2024-01-23,0.6287985444068909,0.6287985444068909,0.0,0.6694208280121641,True
2024-01-24,0.6146937608718872,0.6146937608718872,0.0,0.6694208280121641,True
2024-01-25,0.5584834814071655,0.5584834814071655,0.0,0.6694208280121641,True
2024-01-26,0.5367262363433838,0.5367262363433838,0.0,0.6694208280121641,True
2024-01-29,0.5814972519874573,0.5814972519874573,0.0,0.6694208280121641,True
2024-01-30,0.5385786890983582,0.5385786890983582,0.0,0.6694208280121641,True
2024-01-31,0.5424378514289856,0.5424378514289856,0.0,0.6694208280121641,True
2024-02-01,0.6008389592170715,0.6008389592170715,0.0,0.6694208280121641,True
2024-02-02,0.6052697896957397,0.6052697896957397,0.0,0.6694208280121641,True
2024-02-05,0.5924884676933289,0.5924884676933289,0.0,0.6694208280121641,True
2024-02-06,0.6518309712409973,0.6518309712409973,0.0,0.6694208280121641,True
2024-02-07,0.6086370944976807,0.6086370944976807,0.0,0.6694208280121641,True
2024-02-08,0.5438715815544128,0.5438715815544128,0.0,0.6694208280121641,True
2024-02-09,0.5661018490791321,0.5661018490791321,0.0,0.6694208280121641,True
2024-02-12,0.5454027056694031,0.5454027056694031,0.0,0.6694208280121641,True
2024-02-13,0.551220178604126,0.551220178604126,0.0,0.6694208280121641,True
2024-02-14,0.5860861539840698,0.5860861539840698,0.0,0.6694208280121641,True
2024-02-15,0.5774730443954468,0.5774730443954468,0.0,0.9392315945019195,True
2024-02-16,0.6007601618766785,0.6007601618766785,0.0,0.9392315945019195,True
2024-02-20,0.6484394669532776,0.6484394669532776,0.0,0.9392315945019195,True
2024-02-21,0.6181200742721558,0.6181200742721558,0.0,0.9392315945019195,True
2024-02-22,0.6402106881141663,0.6402106881141663,0.0,0.9392315945019195,True
2024-02-23,0.6451979279518127,0.6451979279518127,0.0,0.9392315945019195,True
2024-02-26,0.620993435382843,0.620993435382843,0.0,0.9392315945019195,True
2024-02-27,0.63357013463974,0.63357013463974,0.0,0.9392315945019195,True
2024-02-28,0.6108563542366028,0.6108563542366028,0.0,0.9392315945019195,True
2024-02-29,0.5699453949928284,0.5699453949928284,0.0,0.9392315945019195,True
2024-03-01,0.5790551900863647,0.5790551900863647,0.0,0.9392315945019195,True
2024-03-04,0.6633810997009277,0.6633810997009277,0.0,0.9392315945019195,True
2024-03-05,0.6794634461402893,0.6794634461402893,0.0,0.9392315945019195,True
2024-03-06,0.6669199466705322,0.6669199466705322,0.0,0.9392315945019195,True
2024-03-07,0.7461957931518555,0.7461957931518555,0.0,0.9392315945019195,True
2024-03-08,0.7500409483909607,0.7500409483909607,0.0,0.9392315945019195,True
2024-03-11,0.6252496838569641,0.6252496838569641,0.0,0.9392315945019195,True
2024-03-12,0.6109843254089355,0.6109843254089355,0.0,0.9392315945019195,True
2024-03-13,0.6397621631622314,0.6397621631622314,0.0,0.9392315945019195,True
2024-03-14,0.6644362211227417,0.6644362211227417,0.0,0.9392315945019195,True
2024-03-15,0.6590287089347839,0.6590287089347839,0.0,0.9392315945019195,True
2024-03-18,0.6185140013694763,0.6185140013694763,0.0,0.8374543697272724,True
2024-03-19,0.5934119820594788,0.5934119820594788,0.0,0.8374543697272724,True
2024-03-20,0.5084332823753357,0.5084332823753357,0.0,0.0,True
2024-03-21,0.606904923915863,0.606904923915863,0.0,0.636485427460831,True
2024-03-22,0.6289927363395691,0.6289927363395691,0.0,0.636485427460831,True
2024-03-25,0.6095393300056458,0.6095393300056458,0.0,0.636485427460831,True
2024-03-26,0.5566146969795227,0.5566146969795227,0.0,0.636485427460831,True
2024-03-27,0.5295361876487732,0.5295361876487732,0.0,0.636485427460831,True
2024-03-28,0.5520772933959961,0.5520772933959961,0.0,0.636485427460831,True
2024-04-01,0.5494319796562195,0.5494319796562195,0.0,0.636485427460831,True
2024-04-02,0.5353405475616455,0.5353405475616455,0.0,0.636485427460831,True
2024-04-03,0.5918444395065308,0.5918444395065308,0.0,0.636485427460831,True
2024-04-04,0.5675961375236511,0.5675961375236511,0.0,0.636485427460831,True
2024-04-05,0.5297752022743225,0.5297752022743225,0.0,0.636485427460831,True
2024-04-08,0.5039698481559753,0.5039698481559753,0.0,0.0,True
2024-04-09,0.540034830570221,0.540034830570221,0.0,0.710116685283283,True
2024-04-10,0.5377724766731262,0.5377724766731262,0.0,0.710116685283283,True
2024-04-11,0.5957186222076416,0.5957186222076416,0.0,0.5718615338196216,True
2024-04-12,0.6158760786056519,0.6158760786056519,0.0,0.5718615338196216,True
2024-04-15,0.5487452745437622,0.5487452745437622,0.0,0.5718615338196216,True
2024-04-16,0.5123019814491272,0.5123019814491272,0.0,0.0,True
2024-04-17,0.5072959065437317,0.5072959065437317,0.0,0.0,True
2024-04-18,0.529316782951355,0.529316782951355,0.0,0.5571787327183872,True
2024-04-19,0.5680325031280518,0.5680325031280518,0.0,0.5571787327183872,True
2024-04-22,0.5272923707962036,0.5272923707962036,0.0,0.5571787327183872,True
2024-04-23,0.5456932187080383,0.5456932187080383,0.0,0.5571787327183872,True
2024-04-24,0.5264350175857544,0.5264350175857544,0.0,0.5571787327183872,True
2024-04-25,0.5410124063491821,0.5410124063491821,0.0,0.6682565323026939,True
2024-04-26,0.5894041061401367,0.5894041061401367,0.0,0.6682565323026939,True
2024-04-29,0.5786067843437195,0.5786067843437195,0.0,0.6682565323026939,True
2024-04-30,0.5532230734825134,0.5532230734825134,0.0,0.6682565323026939,True
2024-05-01,0.5486564636230469,0.5486564636230469,0.0,0.6682565323026939,True
2024-05-02,0.5593448877334595,0.5593448877334595,0.0,0.6682565323026939,True
2024-05-03,0.6550004482269287,0.6550004482269287,0.0,0.4538072310971529,True
2024-05-06,0.6497321128845215,0.6497321128845215,0.0,0.4538072310971529,True
2024-05-07,0.6356812715530396,0.6356812715530396,0.0,0.4538072310971529,True
2024-05-08,0.5458479523658752,0.5458479523658752,0.0,0.4538072310971529,True
2024-05-09,0.587831437587738,0.587831437587738,0.0,0.4538072310971529,True
2024-05-10,0.5478326678276062,0.5478326678276062,0.0,0.4538072310971529,True
2024-05-13,0.58790522813797,0.58790522813797,0.0,0.4538072310971529,True
2024-05-14,0.5807970762252808,0.5807970762252808,0.0,0.4538072310971529,True
2024-05-15,0.6410731077194214,0.6410731077194214,0.0,0.557845078090391,True
2024-05-16,0.5981590151786804,0.5981590151786804,0.0,0.557845078090391,True
2024-05-17,0.6605978012084961,0.6605978012084961,0.0,0.557845078090391,True
2024-05-20,0.7596527934074402,0.7596527934074402,0.0,0.557845078090391,True
2024-05-21,0.743048906326294,0.743048906326294,0.0,0.557845078090391,True
2024-05-22,0.7695590853691101,0.7695590853691101,0.0,0.557845078090391,True
2024-05-23,0.5463976860046387,0.5463976860046387,0.0,0.557845078090391,True
2024-05-24,0.601923942565918,0.601923942565918,0.0,0.557845078090391,True
2024-05-28,0.547942578792572,0.547942578792572,0.0,0.557845078090391,True
2024-05-29,0.5500743985176086,0.5500743985176086,0.0,0.557845078090391,True
2024-05-30,0.5652338266372681,0.5652338266372681,0.0,0.557845078090391,True
2024-05-31,0.640850841999054,0.640850841999054,0.0,0.557845078090391,True
2024-06-03,0.7823068499565125,0.7823068499565125,0.0,1.0,True
2024-06-04,0.7526136636734009,0.7526136636734009,0.0,1.0,True
2024-06-05,0.7717827558517456,0.7717827558517456,0.0,1.0,True
2024-06-06,0.562477707862854,0.562477707862854,0.0,1.0,True
2024-06-07,0.5950697064399719,0.5950697064399719,0.0,1.0,True
2024-06-10,0.5595691204071045,0.5595691204071045,0.0,1.0,True
2024-06-11,0.7029439210891724,0.7029439210891724,0.0,0.5108414295227485,True
2024-06-12,0.6911829113960266,0.6911829113960266,0.0,0.5108414295227485,True
2024-06-13,0.6862170100212097,0.6862170100212097,0.0,0.5108414295227485,True
2024-06-14,0.6838458776473999,0.6838458776473999,0.0,0.5108414295227485,True
2024-06-17,0.5809021592140198,0.5809021592140198,0.0,0.5108414295227485,True
2024-06-18,0.6158342361450195,0.6158342361450195,0.0,0.5108414295227485,True
2024-06-20,0.5358223915100098,0.5358223915100098,0.0,0.5108414295227485,True
2024-06-21,0.539086639881134,0.539086639881134,0.0,0.5108414295227485,True
2024-06-24,0.5736481547355652,0.5736481547355652,0.0,0.5108414295227485,True
2024-06-25,0.5954657196998596,0.5954657196998596,0.0,0.5108414295227485,True
2024-06-26,0.6009558439254761,0.6009558439254761,0.0,0.5108414295227485,True
2024-06-27,0.6360877156257629,0.6360877156257629,0.0,0.5108414295227485,True
2024-06-28,0.5182206034660339,0.5182206034660339,0.0,0.0,True
2024-07-01,0.6083083748817444,0.6083083748817444,0.0,0.43976858907055477,True
2024-07-02,0.6067638993263245,0.6067638993263245,0.0,0.43976858907055477,True
2024-07-03,0.5809712409973145,0.5809712409973145,0.0,0.43976858907055477,True
2024-07-05,0.566797137260437,0.566797137260437,0.0,0.43976858907055477,True
2024-07-08,0.5881420969963074,0.5881420969963074,0.0,0.43976858907055477,True
2024-07-09,0.6639236211776733,0.6639236211776733,0.0,0.43976858907055477,True
2024-07-10,0.6135842204093933,0.6135842204093933,0.0,0.43976858907055477,True
2024-07-11,0.5713492631912231,0.5713492631912231,0.0,0.5946388445310961,True
2024-07-12,0.5768756866455078,0.5768756866455078,0.0,0.5946388445310961,True
2024-07-15,0.5569900870323181,0.5569900870323181,0.0,0.5946388445310961,True
2024-07-16,0.5869224667549133,0.5869224667549133,0.0,0.5946388445310961,True
2024-07-17,0.533423900604248,0.533423900604248,0.0,0.5946388445310961,True
2024-07-18,0.5496435165405273,0.5496435165405273,0.0,0.5946388445310961,True
2024-07-19,0.5679070949554443,0.5679070949554443,0.0,0.5946388445310961,True
2024-07-22,0.5992233157157898,0.5992233157157898,0.0,0.5946388445310961,True
2024-07-23,0.5983847975730896,0.5983847975730896,0.0,0.5946388445310961,True
2024-07-24,0.5615745782852173,0.5615745782852173,0.0,0.5946388445310961,True
2024-07-25,0.5339550971984863,0.5339550971984863,0.0,0.5946388445310961,True
2024-07-26,0.5312162637710571,0.5312162637710571,0.0,0.5946388445310961,True
2024-07-29,0.533139169216156,0.533139169216156,0.0,0.5946388445310961,True
2024-07-30,0.5369974970817566,0.5369974970817566,0.0,0.5946388445310961,True
2024-07-31,0.5491136908531189,0.5491136908531189,0.0,0.5946388445310961,True
2024-08-01,0.5316070914268494,0.5316070914268494,0.0,0.5946388445310961,True
2024-08-02,0.5523464679718018,0.5523464679718018,0.0,0.5946388445310961,True
2024-08-05,0.45311084389686584,0.45311084389686584,0.0,0.0,True
2024-08-06,0.5301562547683716,0.5301562547683716,0.0,0.5403932783264115,True
2024-08-07,0.49220186471939087,0.49220186471939087,0.0,0.0,True
2024-08-08,0.5204036235809326,0.5204036235809326,0.0,0.5497685580805184,True
2024-08-09,0.5380223393440247,0.5380223393440247,0.0,0.5497685580805184,True
2024-08-12,0.4999196529388428,0.4999196529388428,0.0,0.0,True
2024-08-13,0.5951643586158752,0.5951643586158752,0.0,0.5440261207181147,True
2024-08-14,0.5408743023872375,0.5408743023872375,0.0,0.5440261207181147,True
2024-08-15,0.5416966676712036,0.5416966676712036,0.0,0.5440261207181147,True
2024-08-16,0.5950235724449158,0.5950235724449158,0.0,0.5440261207181147,True
2024-08-19,0.5754163861274719,0.5754163861274719,0.0,0.5440261207181147,True
2024-08-20,0.576339840888977,0.576339840888977,0.0,0.5440261207181147,True
2024-08-21,0.6395274996757507,0.6395274996757507,0.0,0.5440261207181147,True
2024-08-22,0.5322496294975281,0.5322496294975281,0.0,0.5440261207181147,True
2024-08-23,0.5854517817497253,0.5854517817497253,0.0,0.5440261207181147,True
2024-08-26,0.5910090804100037,0.5910090804100037,0.0,0.5440261207181147,True
2024-08-27,0.6125741600990295,0.6125741600990295,0.0,0.5440261207181147,True
2024-08-28,0.5629291534423828,0.5629291534423828,0.0,0.5440261207181147,True
2024-08-29,0.6033862233161926,0.6033862233161926,0.0,0.6543707121140062,True
2024-08-30,0.6348130702972412,0.6348130702972412,0.0,0.6543707121140062,True
2024-09-03,0.5613383650779724,0.5613383650779724,0.0,0.8620226994285398,True
2024-09-04,0.5711200833320618,0.5711200833320618,0.0,0.8620226994285398,True
2024-09-05,0.5472956299781799,0.5472956299781799,0.0,0.8620226994285398,True
2024-09-06,0.5627177953720093,0.5627177953720093,0.0,0.8620226994285398,True
2024-09-09,0.544161856174469,0.544161856174469,0.0,0.8620226994285398,True
2024-09-10,0.5638692378997803,0.5638692378997803,0.0,0.8620226994285398,True
2024-09-11,0.5456092357635498,0.5456092357635498,0.0,0.985390923410747,True
2024-09-12,0.5434094071388245,0.5434094071388245,0.0,0.985390923410747,True
2024-09-13,0.5443063378334045,0.5443063378334045,0.0,0.985390923410747,True
2024-09-16,0.5190533995628357,0.5190533995628357,0.0,0.0,True
2024-09-17,0.5252301096916199,0.5252301096916199,0.0,0.8731789673745464,True
2024-09-18,0.5269337296485901,0.5269337296485901,0.0,0.8731789673745464,True
2024-09-19,0.7087034583091736,0.7087034583091736,0.0,0.6523552110472928,True
2024-09-20,0.68389493227005,0.68389493227005,0.0,0.6523552110472928,True
2024-09-23,0.5400353074073792,0.5400353074073792,0.0,0.6523552110472928,True
2024-09-24,0.5304491519927979,0.5304491519927979,0.0,0.6523552110472928,True
2024-09-25,0.5335227251052856,0.5335227251052856,0.0,0.6523552110472928,True
2024-09-26,0.6253910660743713,0.6253910660743713,0.0,0.6523552110472928,True
2024-09-27,0.5924882292747498,0.5924882292747498,0.0,0.6523552110472928,True
2024-09-30,0.549887478351593,0.549887478351593,0.0,0.6523552110472928,True
2024-10-01,0.4833621084690094,0.4833621084690094,0.0,0.0,True
2024-10-02,0.5088586211204529,0.5088586211204529,0.0,0.0,True
2024-10-03,0.5123631358146667,0.5123631358146667,0.0,0.0,True
2024-10-04,0.5129393339157104,0.5129393339157104,0.0,0.0,True
2024-10-07,0.5252403020858765,0.5252403020858765,0.0,0.6017602982010236,True
2024-10-08,0.5160130262374878,0.5160130262374878,0.0,0.0,True
2024-10-09,0.5586419105529785,0.5586419105529785,0.0,0.5766165603572359,True
2024-10-10,0.5396432280540466,0.5396432280540466,0.0,0.5766165603572359,True
2024-10-11,0.5177363157272339,0.5177363157272339,0.0,0.0,True
2024-10-14,0.580131471157074,0.580131471157074,0.0,0.6165919861914659,True
2024-10-15,0.5512019395828247,0.5512019395828247,0.0,0.6165919861914659,True
2024-10-16,0.5213391780853271,0.5213391780853271,0.0,0.6165919861914659,True
2024-10-17,0.5562914609909058,0.5562914609909058,0.0,0.7292558195570148,True
2024-10-18,0.5326103568077087,0.5326103568077087,0.0,0.7292558195570148,True
2024-10-21,0.5141445994377136,0.5141445994377136,0.0,0.0,True
2024-10-22,0.508500337600708,0.508500337600708,0.0,0.0,True
2024-10-23,0.5369479656219482,0.5369479656219482,0.0,0.6731497695985832,True
2024-10-24,0.5285019874572754,0.5285019874572754,0.0,0.6731497695985832,True
2024-10-25,0.5183970928192139,0.5183970928192139,0.0,0.0,True
2024-10-28,0.5468025207519531,0.5468025207519531,0.0,0.7166573187147348,True
2024-10-29,0.5668545365333557,0.5668545365333557,0.0,0.8409163551768661,True
2024-10-30,0.5395680665969849,0.5395680665969849,0.0,0.8409163551768661,True
2024-10-31,0.5509989261627197,0.5509989261627197,0.0,0.8409163551768661,True
2024-11-01,0.5616568326950073,0.5616568326950073,0.0,0.7362815238901499,True
2024-11-04,0.5422739386558533,0.5422739386558533,0.0,0.7362815238901499,True
2024-11-05,0.5681870579719543,0.5681870579719543,0.0,0.8497268479302492,True
2024-11-06,0.5693846940994263,0.5693846940994263,0.0,0.8497268479302492,True
2024-11-07,0.5552335977554321,0.5552335977554321,0.0,0.8497268479302492,True
2024-11-08,0.5342976450920105,0.5342976450920105,0.0,0.8497268479302492,True
2024-11-11,0.5543869733810425,0.5543869733810425,0.0,0.8497268479302492,True
2024-11-12,0.5297003984451294,0.5297003984451294,0.0,0.8497268479302492,True
2024-11-13,0.5548877716064453,0.5548877716064453,0.0,0.8497268479302492,True
2024-11-14,0.5542448163032532,0.5542448163032532,0.0,0.8497268479302492,True
2024-11-15,0.5424273610115051,0.5424273610115051,0.0,0.8497268479302492,True
2024-11-18,0.5621679425239563,0.5621679425239563,0.0,0.8497268479302492,True
2024-11-19,0.5758521556854248,0.5758521556854248,0.0,0.8497268479302492,True
2024-11-20,0.5626024007797241,0.5626024007797241,0.0,0.8497268479302492,True
2024-11-21,0.592473566532135,0.592473566532135,0.0,0.8497268479302492,True
2024-11-22,0.5935064554214478,0.5935064554214478,0.0,0.8497268479302492,True
2024-11-25,0.600814163684845,0.600814163684845,0.0,0.8497268479302492,True
2024-11-26,0.6240313649177551,0.6240313649177551,0.0,0.8497268479302492,True
2024-11-27,0.5892114639282227,0.5892114639282227,0.0,0.8497268479302492,True
2024-11-29,0.6860867738723755,0.6860867738723755,0.0,0.9945445342292905,True
2024-12-02,0.745869517326355,0.745869517326355,0.0,0.9945445342292905,True
2024-12-03,0.7141187191009521,0.7141187191009521,0.0,0.9945445342292905,True
2024-12-04,0.6345319151878357,0.6345319151878357,0.0,0.9945445342292905,True
2024-12-05,0.6624300479888916,0.6624300479888916,0.0,0.9945445342292905,True
2024-12-06,0.5969479084014893,0.5969479084014893,0.0,0.9945445342292905,True
2024-12-09,0.5730912685394287,0.5730912685394287,0.0,0.9945445342292905,True
2024-12-10,0.4656994640827179,0.4656994640827179,0.0,0.0,True
2024-12-11,0.5372359752655029,0.5372359752655029,0.0,1.0,True
2024-12-12,0.5432203412055969,0.5432203412055969,0.0,1.0,True
2024-12-13,0.5187897086143494,0.5187897086143494,0.0,0.0,True
2024-12-16,0.7317973375320435,0.7317973375320435,0.0,1.0,True
2024-12-17,0.6991512179374695,0.6991512179374695,0.0,1.0,True
2024-12-18,0.699033796787262,0.699033796787262,0.0,1.0,True
2024-12-19,0.7059383392333984,0.7059383392333984,0.0,1.0,True
2024-12-20,0.7639802694320679,0.7639802694320679,0.0,1.0,True
2024-12-23,0.7305037379264832,0.7305037379264832,0.0,1.0,True
2024-12-24,0.7629907131195068,0.7629907131195068,0.0,1.0,True
2024-12-26,0.6460269093513489,0.6460269093513489,0.0,1.0,True
2024-12-27,0.5993752479553223,0.5993752479553223,0.0,1.0,True
2024-12-30,0.5812321901321411,0.5812321901321411,0.0,1.0,True
2024-12-31,0.6056899428367615,0.6056899428367615,0.0,1.0,True
2025-01-02,0.5455607771873474,0.5455607771873474,0.0,0.7963886915755373,True
2025-01-03,0.5334060192108154,0.5334060192108154,0.0,0.7963886915755373,True
2025-01-06,0.5557599067687988,0.5557599067687988,0.0,0.7963886915755373,True
2025-01-07,0.559447705745697,0.559447705745697,0.0,0.7963886915755373,True
2025-01-08,0.597483217716217,0.597483217716217,0.0,0.7963886915755373,True
2025-01-10,0.5713390707969666,0.5713390707969666,0.0,0.7963886915755373,True
2025-01-13,0.567902684211731,0.567902684211731,0.0,0.7963886915755373,True
2025-01-14,0.5608345866203308,0.5608345866203308,0.0,0.7963886915755373,True
2025-01-15,0.5307828783988953,0.5307828783988953,0.0,0.6928103106338549,True
2025-01-16,0.5555739402770996,0.5555739402770996,0.0,0.6928103106338549,True
2025-01-17,0.49536633491516113,0.49536633491516113,0.0,0.0,True
2025-01-21,0.5530391335487366,0.5530391335487366,0.0,0.5779267098110891,True
2025-01-22,0.5953419208526611,0.5953419208526611,0.0,0.5779267098110891,True
2025-01-23,0.5094136595726013,0.5094136595726013,0.0,0.0,True
2025-01-24,0.5622445940971375,0.5622445940971375,0.0,0.6227667782171288,True
2025-01-27,0.5058642625808716,0.5058642625808716,0.0,0.0,True
2025-01-28,0.5282682180404663,0.5282682180404663,0.0,0.48709813587103673,True
2025-01-29,0.5336963534355164,0.5336963534355164,0.0,0.48709813587103673,True
2025-01-30,0.5362831950187683,0.5362831950187683,0.0,0.48709813587103673,True
2025-01-31,0.5523641109466553,0.5523641109466553,0.0,0.48709813587103673,True
2025-02-03,0.52402263879776,0.52402263879776,0.0,0.48709813587103673,True
2025-02-04,0.4916509687900543,0.4916509687900543,0.0,0.0,True
2025-02-05,0.5070108771324158,0.5070108771324158,0.0,0.0,True
2025-02-06,0.5064351558685303,0.5064351558685303,0.0,0.0,True
2025-02-07,0.4945104420185089,0.4945104420185089,0.0,0.0,True
2025-02-10,0.5010402798652649,0.5010402798652649,0.0,0.0,True
2025-02-11,0.5337673425674438,0.5337673425674438,0.0,0.4526222597627662,True
2025-02-12,0.5517652630805969,0.5517652630805969,0.0,0.4526222597627662,True
2025-02-13,0.637765645980835,0.637765645980835,0.0,0.4526222597627662,True
2025-02-14,0.5997762084007263,0.5997762084007263,0.0,0.4526222597627662,True
2025-02-18,0.5828062891960144,0.5828062891960144,0.0,0.4526222597627662,True
2025-02-19,0.6111215949058533,0.6111215949058533,0.0,0.4526222597627662,True
2025-02-20,0.6066188216209412,0.6066188216209412,0.0,0.4526222597627662,True
2025-02-21,0.6926518082618713,0.6926518082618713,0.0,0.4526222597627662,True
2025-02-24,0.7088158130645752,0.7088158130645752,0.0,0.5563649007713098,True
2025-02-25,0.6803510189056396,0.6803510189056396,0.0,0.5563649007713098,True
2025-02-26,0.548829972743988,0.548829972743988,0.0,0.5563649007713098,True
2025-02-27,0.5549989342689514,0.5549989342689514,0.0,0.5563649007713098,True
2025-02-28,0.5929601192474365,0.5929601192474365,0.0,0.5563649007713098,True
2025-03-03,0.5521407127380371,0.5521407127380371,0.0,0.5563649007713098,True
2025-03-04,0.5849075317382812,0.5849075317382812,0.0,0.5563649007713098,True
2025-03-05,0.5735219717025757,0.5735219717025757,0.0,0.6882898089052154,True
2025-03-06,0.5607185959815979,0.5607185959815979,0.0,0.6882898089052154,True
2025-03-07,0.5568215250968933,0.5568215250968933,0.0,0.6882898089052154,True
2025-03-10,0.5083369612693787,0.5083369612693787,0.0,0.0,True
2025-03-11,0.5214207768440247,0.5214207768440247,0.0,0.5138165660856252,True
2025-03-12,0.5077744722366333,0.5077744722366333,0.0,0.0,True
2025-03-13,0.4902973473072052,0.4902973473072052,0.0,0.0,True
2025-03-14,0.4663349390029907,0.4663349390029907,0.0,0.0,True
2025-03-17,0.5316442251205444,0.5316442251205444,0.0,0.5304165977852277,True
2025-03-18,0.5545582175254822,0.5545582175254822,0.0,0.5304165977852277,True
2025-03-19,0.5139676332473755,0.5139676332473755,0.0,0.0,True
2025-03-20,0.5276942849159241,0.5276942849159241,0.0,0.5247050579791732,True
2025-03-21,0.4795694053173065,0.4795694053173065,0.0,0.0,True
2025-03-24,0.5079143047332764,0.5079143047332764,0.0,0.0,True
2025-03-25,0.48746761679649353,0.48746761679649353,0.0,0.0,True
2025-03-26,0.4843291938304901,0.4843291938304901,0.0,0.0,True
2025-03-27,0.4468897581100464,0.4468897581100464,0.0,0.0,True
2025-03-28,0.48054587841033936,0.48054587841033936,0.0,0.0,True
2025-03-31,0.5325391888618469,0.5325391888618469,0.0,0.482375649061602,True
2025-04-01,0.505713164806366,0.505713164806366,0.0,0.0,True
2025-04-02,0.5004653930664062,0.5004653930664062,0.0,0.0,True
2025-04-03,0.4518190622329712,0.4518190622329712,0.0,0.0,True
2025-04-04,0.3988434672355652,0.3988434672355652,0.0,0.0,True
2025-04-07,0.4400649666786194,0.4400649666786194,0.0,0.0,True
2025-04-08,0.6445919871330261,0.6445919871330261,2.0,0.2995693083290485,True
2025-04-09,0.47870826721191406,0.47870826721191406,2.0,0.0,True
2025-04-10,0.4832969307899475,0.4832969307899475,2.0,0.0,True
2025-04-11,0.4838877320289612,0.4838877320289612,2.0,0.0,True
2025-04-14,0.483784019947052,0.483784019947052,2.0,0.0,True
2025-04-15,0.5049221515655518,0.5049221515655518,2.0,0.0,True
2025-04-16,0.5111703872680664,0.5111703872680664,2.0,0.0,True
2025-04-17,0.48801472783088684,0.48801472783088684,2.0,0.0,True
2025-04-21,0.4710668623447418,0.4710668623447418,2.0,0.0,True
2025-04-22,0.43262842297554016,0.43262842297554016,2.0,0.0,True
2025-04-23,0.4366844892501831,0.4366844892501831,2.0,0.0,True
2025-04-24,0.37269794940948486,0.37269794940948486,2.0,0.0,True
2025-04-25,0.44649672508239746,0.44649672508239746,2.0,0.0,True
2025-04-28,0.4716733694076538,0.4716733694076538,2.0,0.0,True
2025-04-29,0.5243916511535645,0.5243916511535645,2.0,0.18538231487668252,True
2025-04-30,0.5914844870567322,0.5914844870567322,2.0,0.18538231487668252,True
2025-05-01,0.5831907391548157,0.5831907391548157,2.0,0.18538231487668252,True
2025-05-02,0.46987947821617126,0.46987947821617126,2.0,0.0,True
2025-05-05,0.4772278368473053,0.4772278368473053,2.0,0.0,True
2025-05-06,0.5196324586868286,0.5196324586868286,1.0,0.0,True
2025-05-07,0.5252276062965393,0.5252276062965393,1.0,0.22609892839872975,True
2025-05-08,0.4947868287563324,0.4947868287563324,0.0,0.0,True
2025-05-09,0.49681004881858826,0.49681004881858826,0.0,0.0,True
2025-05-12,0.6263867616653442,0.6263867616653442,0.0,0.39058744401367107,True
2025-05-13,0.5947240591049194,0.5947240591049194,0.0,0.39058744401367107,True
2025-05-14,0.5698029398918152,0.5698029398918152,0.0,0.39058744401367107,True
2025-05-15,0.5963213443756104,0.5963213443756104,0.0,0.39058744401367107,True
2025-05-16,0.5922702550888062,0.5922702550888062,0.0,0.39058744401367107,True
2025-05-19,0.49765297770500183,0.49765297770500183,0.0,0.0,True
2025-05-20,0.5234771370887756,0.5234771370887756,0.0,0.46369612267642457,True
2025-05-21,0.5167226791381836,0.5167226791381836,0.0,0.0,True
2025-05-22,0.5266909003257751,0.5266909003257751,0.0,0.47428161652224865,True
2025-05-23,0.5632050633430481,0.5632050633430481,0.0,0.47428161652224865,True
2025-05-27,0.5248046517372131,0.5248046517372131,0.0,0.47428161652224865,True
2025-05-28,0.5450107455253601,0.5450107455253601,0.0,0.47428161652224865,True
2025-05-29,0.5281780362129211,0.5281780362129211,0.0,0.47428161652224865,True
2025-05-30,0.5299841165542603,0.5299841165542603,0.0,0.47428161652224865,True
2025-06-02,0.4800240099430084,0.4800240099430084,0.0,0.0,True
2025-06-03,0.5512943267822266,0.5512943267822266,0.0,0.5028222688974703,True
2025-06-04,0.5534043312072754,0.5534043312072754,0.0,0.5028222688974703,True
2025-06-05,0.5066835880279541,0.5066835880279541,0.0,0.0,True
2025-06-06,0.5228257775306702,0.5228257775306702,0.0,0.49604891986744937,True
2025-06-09,0.4741094410419464,0.4741094410419464,0.0,0.0,True
2025-06-10,0.5443370938301086,0.5443370938301086,0.0,0.744704270140054,True
2025-06-11,0.5276379585266113,0.5276379585266113,0.0,0.744704270140054,True
2025-06-12,0.5235655903816223,0.5235655903816223,0.0,0.744704270140054,True
2025-06-13,0.5339097380638123,0.5339097380638123,0.0,0.744704270140054,True
2025-06-16,0.5347801446914673,0.5347801446914673,0.0,0.744704270140054,True
2025-06-17,0.5451880097389221,0.5451880097389221,0.0,0.744704270140054,True
2025-06-18,0.5693970322608948,0.5693970322608948,0.0,0.744704270140054,True
2025-06-20,0.5872415900230408,0.5872415900230408,0.0,0.744704270140054,True
2025-06-23,0.5603902339935303,0.5603902339935303,0.0,0.744704270140054,True
2025-06-24,0.584032416343689,0.584032416343689,0.0,0.744704270140054,True
2025-06-25,0.6088075041770935,0.6088075041770935,0.0,0.8890447658195719,True
2025-06-26,0.6040591597557068,0.6040591597557068,0.0,0.8890447658195719,True
2025-06-27,0.551215410232544,0.551215410232544,0.0,0.8890447658195719,True
2025-06-30,0.5820845365524292,0.5820845365524292,0.0,0.8890447658195719,True
2025-07-01,0.6338340044021606,0.6338340044021606,0.0,0.8890447658195719,True
2025-07-02,0.6634209752082825,0.6634209752082825,0.0,0.7492066136290501,True
2025-07-03,0.6707310080528259,0.6707310080528259,0.0,0.7492066136290501,True
2025-07-07,0.5878310799598694,0.5878310799598694,0.0,0.7492066136290501,True
2025-07-08,0.5934227108955383,0.5934227108955383,0.0,0.7492066136290501,True
2025-07-09,0.6021729707717896,0.6021729707717896,0.0,0.7492066136290501,True
2025-07-10,0.6171464920043945,0.6171464920043945,0.0,0.7492066136290501,True
2025-07-11,0.5655319094657898,0.5655319094657898,0.0,0.7492066136290501,True
2025-07-14,0.4996570348739624,0.4996570348739624,0.0,0.0,True
2025-07-15,0.5978826880455017,0.5978826880455017,0.0,0.8500204966929058,True
2025-07-16,0.5779421925544739,0.5779421925544739,0.0,0.8500204966929058,True
2025-07-17,0.5786359310150146,0.5786359310150146,0.0,0.8500204966929058,True
2025-07-18,0.5548108220100403,0.5548108220100403,0.0,0.8500204966929058,True
2025-07-21,0.6851902008056641,0.6851902008056641,0.0,1.0,True
2025-07-22,0.7282060980796814,0.7282060980796814,0.0,1.0,True
2025-07-23,0.7077202200889587,0.7077202200889587,0.0,1.0,True
2025-07-24,0.6953132152557373,0.6953132152557373,0.0,1.0,True
2025-07-25,0.6714656949043274,0.6714656949043274,0.0,1.0,True
2025-07-28,0.6814814805984497,0.6814814805984497,0.0,1.0,True
2025-07-29,0.5490807890892029,0.5490807890892029,0.0,1.0,True
2025-07-30,0.5519412159919739,0.5519412159919739,0.0,1.0,True
2025-07-31,0.589621901512146,0.589621901512146,0.0,1.0,True
2025-08-01,0.6262988448143005,0.6262988448143005,0.0,1.0,True
2025-08-04,0.5507021546363831,0.5507021546363831,0.0,1.0,True
2025-08-05,0.5713652968406677,0.5713652968406677,0.0,1.0,True
2025-08-06,0.6751418709754944,0.6751418709754944,0.0,0.6538042467431237,True
2025-08-07,0.7281315326690674,0.7281315326690674,0.0,0.6538042467431237,True
2025-08-08,0.550736665725708,0.550736665725708,0.0,0.5172434714055902,True
2025-08-11,0.5732108950614929,0.5732108950614929,0.0,0.5172434714055902,True
2025-08-12,0.5548269152641296,0.5548269152641296,0.0,0.5172434714055902,True
2025-08-13,0.559217631816864,0.559217631816864,0.0,0.5172434714055902,True
2025-08-14,0.5777442455291748,0.5777442455291748,0.0,0.5172434714055902,True
2025-08-15,0.5941647291183472,0.5941647291183472,0.0,0.5172434714055902,True
2025-08-18,0.6155016422271729,0.6155016422271729,0.0,0.5172434714055902,True
2025-08-19,0.5900720357894897,0.5900720357894897,0.0,0.5172434714055902,True
2025-08-20,0.5579973459243774,0.5579973459243774,0.0,0.5172434714055902,True
2025-08-21,0.564864456653595,0.564864456653595,0.0,0.5172434714055902,True
2025-08-22,0.5770395994186401,0.5770395994186401,0.0,0.5172434714055902,True
2025-08-25,0.5734590888023376,0.5734590888023376,0.0,0.5172434714055902,True
2025-08-26,0.5590521693229675,0.5590521693229675,0.0,0.5172434714055902,True
2025-08-27,0.5738253593444824,0.5738253593444824,0.0,0.5172434714055902,True
2025-08-28,0.7063778042793274,0.7063778042793274,0.0,0.5172434714055902,True
2025-08-29,0.6701080799102783,0.6701080799102783,0.0,0.5172434714055902,True
2025-09-02,0.5934095978736877,0.5934095978736877,0.0,0.5172434714055902,True
2025-09-03,0.6354501843452454,0.6354501843452454,0.0,0.5172434714055902,True
2025-09-04,0.6503719687461853,0.6503719687461853,0.0,0.5172434714055902,True
2025-09-05,0.6050817966461182,0.6050817966461182,0.0,0.6312320325529992,True
2025-09-08,0.6105787754058838,0.6105787754058838,0.0,0.7728712511302587,True
2025-09-09,0.608243465423584,0.608243465423584,0.0,0.7728712511302587,True
2025-09-10,0.5571893453598022,0.5571893453598022,0.0,0.6525389770843626,True
2025-09-11,0.527622640132904,0.527622640132904,0.0,0.6525389770843626,True
2025-09-12,0.5254972577095032,0.5254972577095032,0.0,0.6525389770843626,True
2025-09-15,0.5462357401847839,0.5462357401847839,0.0,0.6525389770843626,True
2025-09-16,0.5158120393753052,0.5158120393753052,0.0,0.0,True
2025-09-17,0.5881227850914001,0.5881227850914001,0.0,0.6276579764928195,True
2025-09-18,0.5428456664085388,0.5428456664085388,0.0,0.6276579764928195,True
2025-09-19,0.6365729570388794,0.6365729570388794,0.0,0.6276579764928195,True
2025-09-22,0.5451156497001648,0.5451156497001648,0.0,0.6276579764928195,True
2025-09-23,0.5922673344612122,0.5922673344612122,0.0,0.6276579764928195,True
2025-09-24,0.5784493684768677,0.5784493684768677,0.0,0.5216689173901112,True
2025-09-25,0.5574557781219482,0.5574557781219482,0.0,0.5216689173901112,True
2025-09-26,0.5726021528244019,0.5726021528244019,0.0,0.5216689173901112,True
2025-09-29,0.5186067819595337,0.5186067819595337,0.0,0.0,True
2025-09-30,0.5779677629470825,0.5779677629470825,0.0,0.5184274712248373,True
2025-10-01,0.5838571190834045,0.5838571190834045,0.0,0.5184274712248373,True
2025-10-02,0.679928719997406,0.679928719997406,0.0,0.5184274712248373,True
2025-10-03,0.6745003461837769,0.6745003461837769,0.0,0.5184274712248373,True
2025-10-06,0.664249837398529,0.664249837398529,0.0,0.5184274712248373,True
2025-10-07,0.6553372144699097,0.6553372144699097,0.0,0.5184274712248373,True
2025-10-08,0.7277646064758301,0.7277646064758301,0.0,0.711829370102839,True
2025-10-09,0.562311053276062,0.562311053276062,0.0,0.711829370102839,True
2025-10-10,0.5752200484275818,0.5752200484275818,0.0,0.5819288185096708,True
2025-10-13,0.5442810654640198,0.5442810654640198,0.0,0.5819288185096708,True
2025-10-14,0.5355217456817627,0.5355217456817627,0.0,0.5819288185096708,True
2025-10-15,0.5378860831260681,0.5378860831260681,0.0,0.5819288185096708,True
2025-10-16,0.5436268448829651,0.5436268448829651,0.0,0.5819288185096708,True
2025-10-17,0.5350508689880371,0.5350508689880371,0.0,0.5819288185096708,True
2025-10-20,0.6009734869003296,0.6009734869003296,0.0,0.5819288185096708,True
2025-10-21,0.5993070006370544,0.5993070006370544,0.0,0.5819288185096708,True
2025-10-22,0.5212830901145935,0.5212830901145935,0.0,0.5819288185096708,True
2025-10-23,0.5123141407966614,0.5123141407966614,0.0,0.0,True
2025-10-24,0.5069572925567627,0.5069572925567627,0.0,0.0,True
2025-10-27,0.6040374636650085,0.6040374636650085,0.0,0.6139128016243339,True
2025-10-28,0.535916268825531,0.535916268825531,0.0,0.6139128016243339,True
2025-10-29,0.563806414604187,0.563806414604187,0.0,0.6139128016243339,True
2025-10-30,0.5835576057434082,0.5835576057434082,0.0,0.6139128016243339,True
2025-10-31,0.5346260666847229,0.5346260666847229,0.0,0.6139128016243339,True
2025-11-03,0.6065438389778137,0.6065438389778137,0.0,0.6139128016243339,True
2025-11-04,0.6311091184616089,0.6311091184616089,0.0,0.6139128016243339,True
2025-11-05,0.5976926684379578,0.5976926684379578,0.0,0.6139128016243339,True
2025-11-06,0.6298609375953674,0.6298609375953674,0.0,0.6139128016243339,True
2025-11-07,0.6477388739585876,0.6477388739585876,0.0,0.7782931826797116,True
2025-11-10,0.6601290106773376,0.6601290106773376,0.0,0.7782931826797116,True
2025-11-11,0.6070390939712524,0.6070390939712524,0.0,0.7782931826797116,True
2025-11-12,0.5611488223075867,0.5611488223075867,0.0,0.7782931826797116,True
2025-11-13,0.5603034496307373,0.5603034496307373,0.0,0.7782931826797116,True
2025-11-14,0.5597162842750549,0.5597162842750549,0.0,0.7782931826797116,True
2025-11-17,0.5751478672027588,0.5751478672027588,0.0,0.9360552428274443,True
2025-11-18,0.5507159233093262,0.5507159233093262,0.0,0.9360552428274443,True
2025-11-19,0.5948841571807861,0.5948841571807861,0.0,0.9360552428274443,True
2025-11-20,0.5452147126197815,0.5452147126197815,0.0,0.9360552428274443,True
2025-11-21,0.6036937832832336,0.6036937832832336,0.0,0.9360552428274443,True
2025-11-24,0.6237708926200867,0.6237708926200867,0.0,0.9360552428274443,True
2025-11-25,0.6179818511009216,0.6179818511009216,0.0,0.9360552428274443,True
2025-11-26,0.5685229897499084,0.5685229897499084,0.0,0.9360552428274443,True
2025-11-28,0.5730293989181519,0.5730293989181519,0.0,0.9360552428274443,True
2025-12-01,0.6608567237854004,0.6608567237854004,0.0,0.9360552428274443,True
2025-12-02,0.7688162326812744,0.7688162326812744,0.0,0.9360552428274443,True
2025-12-03,0.6022676825523376,0.6022676825523376,0.0,0.9360552428274443,True
2025-12-04,0.5550395250320435,0.5550395250320435,0.0,0.9360552428274443,True
2025-12-05,0.5408043265342712,0.5408043265342712,0.0,0.9360552428274443,True
2025-12-08,0.6155650019645691,0.6155650019645691,0.0,0.9360552428274443,True
2025-12-09,0.6580995321273804,0.6580995321273804,0.0,0.9360552428274443,True
2025-12-10,0.5608072280883789,0.5608072280883789,0.0,0.9360552428274443,True
2025-12-11,0.645685613155365,0.645685613155365,0.0,0.9360552428274443,True
2025-12-12,0.6565859913825989,0.6565859913825989,0.0,0.9360552428274443,True
2025-12-15,0.5464544892311096,0.5464544892311096,0.0,0.9360552428274443,True
2025-12-16,0.5596261620521545,0.5596261620521545,0.0,0.9360552428274443,True
2025-12-17,0.5544698238372803,0.5544698238372803,0.0,0.9360552428274443,True
2025-12-18,0.5389921069145203,0.5389921069145203,0.0,0.9360552428274443,True
2025-12-19,0.554064154624939,0.554064154624939,0.0,0.9360552428274443,True
2025-12-22,0.5313050746917725,0.5313050746917725,0.0,0.9360552428274443,True
2025-12-23,0.529627799987793,0.529627799987793,0.0,0.9360552428274443,True
2025-12-24,0.5299614071846008,0.5299614071846008,0.0,0.9360552428274443,True
2025-12-26,0.5503228902816772,0.5503228902816772,0.0,0.9360552428274443,True
2025-12-29,0.5668655037879944,0.5668655037879944,0.0,0.9360552428274443,True
2025-12-30,0.5390132069587708,0.5390132069587708,0.0,0.9360552428274443,True
2025-12-31,0.6394990086555481,0.6394990086555481,0.0,0.9360552428274443,True
2026-01-02,0.6513104438781738,0.6513104438781738,0.0,0.9360552428274443,True
2026-01-05,0.6711736917495728,0.6711736917495728,0.0,0.9360552428274443,True
2026-01-06,0.5748549103736877,0.5748549103736877,0.0,0.9360552428274443,True
2026-01-07,0.6298863291740417,0.6298863291740417,0.0,0.9360552428274443,True
2026-01-08,0.6392018795013428,0.6392018795013428,0.0,0.9360552428274443,True
2026-01-09,0.5978515148162842,0.5978515148162842,0.0,0.9360552428274443,True
2026-01-12,0.5996842980384827,0.5996842980384827,0.0,0.9360552428274443,True
2026-01-13,0.6173421144485474,0.6173421144485474,0.0,0.9360552428274443,True
2026-01-14,0.5383048057556152,0.5383048057556152,0.0,0.9360552428274443,True
2026-01-15,0.5952244997024536,0.5952244997024536,0.0,0.9360552428274443,True
2026-01-16,0.6314365267753601,0.6314365267753601,0.0,0.9360552428274443,True
2026-01-20,0.7625418305397034,0.7625418305397034,0.0,0.9360552428274443,True
2026-01-21,0.7407904863357544,0.7407904863357544,0.0,0.9360552428274443,True
2026-01-22,0.6900478005409241,0.6900478005409241,0.0,0.9360552428274443,True
2026-01-23,0.7187572121620178,0.7187572121620178,0.0,0.9360552428274443,True
2026-01-26,0.6158361434936523,0.6158361434936523,0.0,0.7905317430673776,True
2026-01-27,0.5565997362136841,0.5565997362136841,0.0,0.7905317430673776,True
2026-01-28,0.5394107103347778,0.5394107103347778,0.0,0.7905317430673776,True
2026-01-29,0.5560388565063477,0.5560388565063477,0.0,0.7905317430673776,True
2026-01-30,0.5626853108406067,0.5626853108406067,0.0,0.7905317430673776,True
2026-02-02,0.6487555503845215,0.6487555503845215,0.0,0.5943804031311032,True
2026-02-03,0.6263338327407837,0.6263338327407837,0.0,0.5943804031311032,True
2026-02-04,0.6742137670516968,0.6742137670516968,0.0,0.5943804031311032,True
2026-02-05,0.6322565674781799,0.6322565674781799,0.0,0.5943804031311032,True
2026-02-06,0.6583595275878906,0.6583595275878906,0.0,0.5943804031311032,True
2026-02-09,0.6007292866706848,0.6007292866706848,0.0,0.5943804031311032,True
2026-02-10,0.5978291034698486,0.5978291034698486,0.0,0.5943804031311032,True
2026-02-11,0.5831018686294556,0.5831018686294556,0.0,0.5943804031311032,True
2026-02-12,0.5501824617385864,0.5501824617385864,0.0,0.47300454595816327,True
2026-02-13,0.553436279296875,0.553436279296875,0.0,0.47300454595816327,True
2026-02-17,0.5115238428115845,0.5115238428115845,0.0,0.0,True
2026-02-18,0.5431448817253113,0.5431448817253113,0.0,0.47586395978218776,True
2026-02-19,0.5029181838035583,0.5029181838035583,0.0,0.0,True
2026-02-20,0.5483395457267761,0.5483395457267761,0.0,0.46201182656220674,True
2026-02-23,0.5211796760559082,0.5211796760559082,0.0,0.46201182656220674,True
2026-02-24,0.5496758818626404,0.5496758818626404,0.0,0.46201182656220674,True
2026-02-25,0.523301899433136,0.523301899433136,0.0,0.46201182656220674,True
2026-02-26,0.5316553711891174,0.5316553711891174,0.0,0.46201182656220674,True
2026-02-27,0.5040936470031738,0.5040936470031738,0.0,0.0,True
2026-03-02,0.4894614815711975,0.4894614815711975,0.0,0.0,True
2026-03-03,0.506685197353363,0.506685197353363,0.0,0.0,True
2026-03-04,0.5045011639595032,0.5045011639595032,0.0,0.0,True
2026-03-05,0.5148210525512695,0.5148210525512695,0.0,0.0,True
2026-03-06,0.5649515390396118,0.5649515390396118,0.0,0.5154074028901511,True
2026-03-09,0.5307987332344055,0.5307987332344055,0.0,0.5154074028901511,True
2026-03-10,0.5201591849327087,0.5201591849327087,0.0,0.5154074028901511,True
2026-03-11,0.49382689595222473,0.49382689595222473,0.0,0.0,True
2026-03-12,0.4914422035217285,0.4914422035217285,0.0,0.0,True
2026-03-13,0.4510349631309509,0.4510349631309509,0.0,0.0,True
2026-03-16,0.5341354608535767,0.5341354608535767,0.0,0.6208688954066128,True
2026-03-17,0.5505302548408508,0.5505302548408508,0.0,0.6208688954066128,True
2026-03-18,0.5194060206413269,0.5194060206413269,0.0,0.0,True
2026-03-19,0.5642722845077515,0.5642722845077515,0.0,0.7031656348513293,True
2026-03-20,0.5570502281188965,0.5570502281188965,0.0,0.7031656348513293,True
2026-03-23,0.567140519618988,0.567140519618988,0.0,0.7031656348513293,True
2026-03-24,0.6039207577705383,0.6039207577705383,0.0,0.7031656348513293,True
2026-03-25,0.6206156015396118,0.6206156015396118,0.0,0.8078164998843848,True
2026-03-26,0.6101962924003601,0.6101962924003601,0.0,0.8078164998843848,True
2026-03-27,0.577694296836853,0.577694296836853,0.0,0.9304531474357447,True
2026-03-30,0.6167171597480774,0.6167171597480774,0.0,0.9304531474357447,True
2026-03-31,0.5925052762031555,0.5925052762031555,0.0,0.7562884865077552,True
2026-04-01,0.5806767344474792,0.5806767344474792,0.0,0.7562884865077552,True
2026-04-02,0.5655167698860168,0.5655167698860168,0.0,0.7562884865077552,True
2026-04-06,0.5514988899230957,0.5514988899230957,0.0,0.7562884865077552,True
2026-04-07,0.5858779549598694,0.5858779549598694,0.0,0.7562884865077552,True
2026-04-08,0.5999194979667664,0.5999194979667664,0.0,0.7562884865077552,True
2026-04-09,0.6085894107818604,0.6085894107818604,0.0,0.7562884865077552,True
2026-04-10,0.5749168395996094,0.5749168395996094,0.0,0.7562884865077552,True
2026-04-13,0.558871865272522,0.558871865272522,0.0,0.7562884865077552,True
2026-04-14,0.5428170561790466,0.5428170561790466,0.0,0.7562884865077552,True
2026-04-15,0.6686143279075623,0.6686143279075623,0.0,0.7562884865077552,True
2026-04-16,0.5989466309547424,0.5989466309547424,0.0,0.7562884865077552,True
2026-04-17,0.6887384057044983,0.6887384057044983,0.0,0.7562884865077552,True
2026-04-20,0.679252028465271,0.679252028465271,0.0,0.7562884865077552,True
2026-04-21,0.5439161658287048,0.5439161658287048,0.0,0.6097723102619068,True
2026-04-22,0.6318816542625427,0.6318816542625427,0.0,0.6097723102619068,True
2026-04-23,0.5952340960502625,0.5952340960502625,0.0,0.6097723102619068,True
2026-04-24,0.5657554864883423,0.5657554864883423,0.0,0.6097723102619068,True
2026-04-27,0.5181123614311218,0.5181123614311218,0.0,0.0,True
2026-04-28,0.5528391599655151,0.5528391599655151,0.0,0.5832335305014721,True
2026-04-29,0.5465695261955261,0.5465695261955261,0.0,0.5832335305014721,True
2026-04-30,0.5570216774940491,0.5570216774940491,0.0,0.5832335305014721,True
2026-05-01,0.6125403642654419,0.6125403642654419,0.0,0.5832335305014721,True
2026-05-04,0.5673832297325134,0.5673832297325134,0.0,0.5832335305014721,True
2026-05-05,0.6133015155792236,0.6133015155792236,0.0,0.5832335305014721,True
2026-05-06,0.628699779510498,0.628699779510498,0.0,0.5832335305014721,True
2026-05-07,0.6037066578865051,0.6037066578865051,0.0,0.5832335305014721,True
2026-05-08,0.6329558491706848,0.6329558491706848,0.0,0.5832335305014721,True
2026-05-11,0.6183834671974182,0.6183834671974182,0.0,0.5832335305014721,True
2026-05-12,0.5924542546272278,0.5924542546272278,0.0,0.5832335305014721,True
2026-05-13,0.6437669396400452,0.6437669396400452,0.0,0.5832335305014721,True
2026-05-14,0.6113826036453247,0.6113826036453247,0.0,0.5832335305014721,True
2026-05-15,0.6747110486030579,0.6747110486030579,0.0,0.5832335305014721,True
2026-05-18,0.6059352159500122,0.6059352159500122,0.0,0.5832335305014721,True
2026-05-19,0.6477818489074707,0.6477818489074707,0.0,0.7279763354506202,True
2026-05-20,0.6192883253097534,0.6192883253097534,0.0,0.7279763354506202,True
2026-05-21,0.661517322063446,0.661517322063446,0.0,0.7279763354506202,True
2026-05-22,0.6659619212150574,0.6659619212150574,0.0,0.7279763354506202,True
2026-05-26,0.7132545113563538,0.7132545113563538,0.0,0.8582423536072643,True
2026-05-27,0.7321218252182007,0.7321218252182007,0.0,0.8582423536072643,True
2026-05-28,0.6925141215324402,0.6925141215324402,0.0,0.8582423536072643,True
2026-05-29,0.7041553854942322,0.7041553854942322,0.0,0.8582423536072643,True
2026-06-01,0.578624427318573,0.578624427318573,0.0,0.8582423536072643,True
2026-06-02,0.6434308886528015,0.6434308886528015,0.0,0.8582423536072643,True
2026-06-03,0.6407829523086548,0.6407829523086548,0.0,0.8582423536072643,True
2026-06-04,0.666592001914978,0.666592001914978,0.0,0.8582423536072643,True
2026-06-05,0.6323912739753723,0.6323912739753723,0.0,0.8582423536072643,True
2026-06-08,0.6081538796424866,0.6081538796424866,0.0,0.8582423536072643,True
2026-06-09,0.6311874985694885,0.6311874985694885,0.0,0.6425920732444429,True
2026-06-10,0.5681121945381165,0.5681121945381165,0.0,0.6425920732444429,True
2026-06-11,0.5425840616226196,0.5425840616226196,0.0,0.6425920732444429,True
2026-06-12,0.5350412726402283,0.5350412726402283,0.0,0.6425920732444429,True
2026-06-15,0.4984104037284851,0.4984104037284851,0.0,0.0,True
2026-06-16,0.5236363410949707,0.5236363410949707,0.0,0.6067586812482103,True
2026-06-17,0.5275487899780273,0.5275487899780273,0.0,0.6067586812482103,True
2026-06-18,0.5466541647911072,0.5466541647911072,0.0,0.6067586812482103,True
2026-06-22,0.5103662014007568,0.5103662014007568,0.0,0.0,True
2026-06-23,0.519201397895813,0.519201397895813,0.0,0.0,True
2026-06-24,0.5454502701759338,0.5454502701759338,0.0,0.6211512210951462,True
2026-06-25,0.5260815620422363,0.5260815620422363,0.0,0.4757140009401219,True
2026-06-26,0.49615007638931274,0.49615007638931274,0.0,0.0,True
2026-06-29,0.485140323638916,0.485140323638916,0.0,0.0,True
2026-06-30,0.4886228144168854,0.4886228144168854,0.0,0.0,True
2026-07-01,0.5520222783088684,0.5520222783088684,0.0,0.4380057052061664,True
2026-07-02,0.5312657356262207,0.5312657356262207,0.0,0.4380057052061664,True
2026-07-06,0.5327700972557068,0.5327700972557068,0.0,0.4380057052061664,True
2026-07-07,0.5128297805786133,0.5128297805786133,0.0,0.0,True
2026-07-08,0.5257528424263,0.5257528424263,0.0,0.39609568522322425,True
2026-07-09,0.5720049142837524,0.5720049142837524,0.0,0.39609568522322425,True
2026-07-10,0.5226081609725952,0.5226081609725952,0.0,0.39609568522322425,True
2026-07-13,0.570151150226593,0.570151150226593,0.0,0.39609568522322425,True
2026-07-14,0.5748733282089233,0.5748733282089233,0.0,0.39609568522322425,True
2026-07-15,0.5251776576042175,0.5251776576042175,0.0,0.39609568522322425,True
2026-07-16,0.5088977217674255,0.5088977217674255,0.0,0.0,True
2026-07-17,0.5634335875511169,0.5634335875511169,0.0,0.41339247166238813,True
2026-07-20,0.5359391570091248,0.5359391570091248,0.0,0.41339247166238813,True
2026-07-21,0.5460978746414185,0.5460978746414185,0.0,0.41339247166238813,True
2026-07-22,0.541748046875,0.541748046875,0.0,0.41339247166238813,True
2026-07-23,0.5391876697540283,0.5391876697540283,0.0,0.41339247166238813,True
2026-07-24,0.5421169996261597,0.5421169996261597,1.0,0.41339247166238813,True
2026-07-27,0.5872326493263245,0.5872326493263245,0.0,0.5171178640658004,True
2026-07-28,0.5890247821807861,0.5890247821807861,1.0,0.5171178640658004,True
2026-07-29,0.6158968210220337,0.6158968210220337,0.0,0.5171178640658004,True
2026-07-30,0.5940364003181458,0.5940364003181458,0.0,0.5171178640658004,True
2026-07-31,0.4928627014160156,0.4928627014160156,0.0,0.0,True
2026-08-03,0.5056644082069397,0.5056644082069397,0.0,0.0,True
2026-08-04,0.4781726598739624,0.4781726598739624,0.0,0.0,True
2026-08-05,0.49302202463150024,0.49302202463150024,0.0,0.0,True
2026-08-06,0.49497175216674805,0.49497175216674805,0.0,0.0,True
2026-08-07,0.5229156613349915,0.5229156613349915,0.0,0.4007767815939512,True
2026-08-10,0.5009956359863281,0.5009956359863281,0.0,0.0,True
2026-08-11,0.529881477355957,0.529881477355957,0.0,0.39665428451247975,True
2026-08-12,0.5427714586257935,0.5427714586257935,0.0,0.39665428451247975,True
2026-08-13,0.5278364419937134,0.5278364419937134,0.0,0.39665428451247975,True
2026-08-14,0.5212414264678955,0.5212414264678955,0.0,0.39665428451247975,True
2026-08-17,0.518577516078949,0.518577516078949,0.0,0.0,True
2026-08-18,0.5094461441040039,0.5094461441040039,0.0,0.0,True
2026-08-19,0.5123887658119202,0.5123887658119202,0.0,0.0,True
2026-08-20,0.4777644872665405,0.4777644872665405,0.0,0.0,True
2026-08-21,0.48489266633987427,0.48489266633987427,0.0,0.0,True
2026-08-24,0.48498818278312683,0.48498818278312683,0.0,0.0,True
2026-08-25,0.4849282503128052,0.4849282503128052,0.0,0.0,True
2026-08-26,0.47458022832870483,0.47458022832870483,0.0,0.0,True
2026-08-27,0.5123414993286133,0.5123414993286133,0.0,0.0,True
2026-08-28,0.5790479779243469,0.5790479779243469,0.0,0.7951029049902784,True
2026-08-31,0.5867602825164795,0.5867602825164795,0.0,0.7951029049902784,True
2026-09-01,0.6804549694061279,0.6804549694061279,0.0,0.7951029049902784,True
2026-09-02,0.6672823429107666,0.6672823429107666,0.0,0.7951029049902784,True
2026-09-03,0.6631777882575989,0.6631777882575989,0.0,0.7951029049902784,True
2026-09-04,0.5846237540245056,0.5846237540245056,0.0,0.7951029049902784,True
2026-09-08,0.5868645906448364,0.5868645906448364,0.0,0.7951029049902784,True
2026-09-09,0.5875875353813171,0.5875875353813171,0.0,0.7951029049902784,True
2026-09-10,0.7040266990661621,0.7040266990661621,0.0,0.639194428272912,True
2026-09-11,0.7584146857261658,0.7584146857261658,0.0,0.639194428272912,True
2026-09-14,0.6659954190254211,0.6659954190254211,0.0,0.639194428272912,True
2026-09-15,0.58791583776474,0.58791583776474,0.0,0.639194428272912,True
2026-09-16,0.6110051870346069,0.6110051870346069,0.0,0.639194428272912,True
2026-09-17,0.6063408255577087,0.6063408255577087,0.0,0.639194428272912,True
2026-09-18,0.6221799254417419,0.6221799254417419,0.0,0.639194428272912,True
2026-09-21,0.6164759993553162,0.6164759993553162,0.0,0.639194428272912,True
2026-09-22,0.6537308096885681,0.6537308096885681,0.0,0.639194428272912,True
2026-09-23,0.5437701940536499,0.5437701940536499,0.0,0.639194428272912,True
2026-09-24,0.6417284607887268,0.6417284607887268,0.0,0.639194428272912,True
2026-09-25,0.574379026889801,0.574379026889801,0.0,0.639194428272912,True
2026-09-28,0.5404367446899414,0.5404367446899414,0.0,0.639194428272912,True
2026-09-29,0.5268561840057373,0.5268561840057373,0.0,0.639194428272912,True
2026-09-30,0.5544970035552979,0.5544970035552979,0.0,0.639194428272912,True
2026-10-01,0.5451614260673523,0.5451614260673523,0.0,0.639194428272912,True
2026-10-02,0.5512806177139282,0.5512806177139282,0.0,0.639194428272912,True
