Date,p_tree,p_ens,regime,signal_ml,is_test
1986-03-13,,,,,False
1986-03-14,,,,,False
1986-03-17,,,,,False
1986-03-18,,,,,False
1986-03-19,,,,,False
1986-03-20,,,,,False
1986-03-21,,,,,False
1986-03-24,,,,,False
1986-03-25,,,,,False
1986-03-26,,,,,False
1986-03-27,,,,,False
1986-03-31,,,,,False
1986-04-01,,,,,False
1986-04-02,,,,,False
1986-04-03,,,,,False
1986-04-04,,,,,False
1986-04-07,,,,,False
1986-04-08,,,,,False
1986-04-09,,,,,False
1986-04-10,,,,,False
1986-04-11,,,,,False
1986-04-14,,,,,False
1986-04-15,,,,,False
1986-04-16,,,,,False
1986-04-17,,,,,False
1986-04-18,,,,,False
1986-04-21,,,,,False
1986-04-22,,,,,False
1986-04-23,,,,,False
1986-04-24,,,,,False
1986-04-25,,,,,False
1986-04-28,,,,,False
1986-04-29,,,,,False
1986-04-30,,,,,False
1986-05-01,,,,,False
1986-05-02,,,,,False
1986-05-05,,,,,False
1986-05-06,,,,,False
1986-05-07,,,,,False
1986-05-08,,,,,False
1986-05-09,,,,,False
1986-05-12,,,,,False
1986-05-13,,,,,False
1986-05-14,,,,,False
1986-05-15,,,,,False
1986-05-16,,,,,False
1986-05-19,,,,,False
1986-05-20,,,,,False
1986-05-21,,,,,False
1986-05-22,,,,,False
1986-05-23,,,,,False
1986-05-27,,,,,False
1986-05-28,,,,,False
1986-05-29,,,,,False
1986-05-30,,,,,False
1986-06-02,,,,,False
1986-06-03,,,,,False
1986-06-04,,,,,False
1986-06-05,,,,,False
1986-06-06,,,,,False
1986-06-09,,,,,False
1986-06-10,,,,,False
1986-06-11,,,,,False
1986-06-12,,,,,False
1986-06-13,,,,,False
1986-06-16,,,,,False
1986-06-17,,,,,False
1986-06-18,,,,,False
1986-06-19,,,,,False
1986-06-20,,,,,False
1986-06-23,,,,,False
1986-06-24,,,,,False
1986-06-25,,,,,False
1986-06-26,,,,,False
1986-06-27,,,,,False
1986-06-30,,,,,False
1986-07-01,,,,,False
1986-07-02,,,,,False
1986-07-03,,,,,False
1986-07-07,,,,,False
1986-07-08,,,,,False
1986-07-09,,,,,False
1986-07-10,,,,,False
1986-07-11,,,,,False
1986-07-14,,,,,False
1986-07-15,,,,,False
1986-07-16,,,,,False
1986-07-17,,,,,False
1986-07-18,,,,,False
1986-07-21,,,,,False
1986-07-22,,,,,False
1986-07-23,,,,,False
1986-07-24,,,,,False
1986-07-25,,,,,False
1986-07-28,,,,,False
1986-07-29,,,,,False
1986-07-30,,,,,False
1986-07-31,,,,,False
1986-08-01,,,,,False
1986-08-04,,,,,False
1986-08-05,,,,,False
1986-08-06,,,,,False
1986-08-07,,,,,False
1986-08-08,,,,,False
1986-08-11,,,,,False
1986-08-12,,,,,False
1986-08-13,,,,,False
1986-08-14,,,,,False
1986-08-15,,,,,False
1986-08-18,,,,,False
1986-08-19,,,,,False
1986-08-20,,,,,False
1986-08-21,,,,,False
1986-08-22,,,,,False
1986-08-25,,,,,False
1986-08-26,,,,,False
1986-08-27,,,,,False
1986-08-28,,,,,False
1986-08-29,,,,,False
1986-09-02,,,,,False
1986-09-03,,,,,False
1986-09-04,,,,,False
1986-09-05,,,,,False
1986-09-08,,,,,False
1986-09-09,,,,,False
1986-09-10,,,,,False
1986-09-11,,,,,False
1986-09-12,,,,,False
1986-09-15,,,,,False
1986-09-16,,,,,False
1986-09-17,,,,,False
1986-09-18,,,,,False
1986-09-19,,,,,False
1986-09-22,,,,,False
1986-09-23,,,,,False
1986-09-24,,,,,False
1986-09-25,,,,,False
1986-09-26,,,,,False
1986-09-29,,,,,False
1986-09-30,,,,,False
1986-10-01,,,,,False
1986-10-02,,,,,False
1986-10-03,,,,,False
1986-10-06,,,,,False
1986-10-07,,,,,False
1986-10-08,,,,,False
1986-10-09,,,,,False
1986-10-10,,,,,False
1986-10-13,,,,,False
1986-10-14,,,,,False
1986-10-15,,,,,False
1986-10-16,,,,,False
1986-10-17,,,,,False
1986-10-20,,,,,False
1986-10-21,,,,,False
1986-10-22,,,,,False
1986-10-23,,,,,False
1986-10-24,,,,,False
1986-10-27,,,,,False
1986-10-28,,,,,False
1986-10-29,,,,,False
1986-10-30,,,,,False
1986-10-31,,,,,False
1986-11-03,,,,,False
1986-11-04,,,,,False
1986-11-05,,,,,False
1986-11-06,,,,,False
1986-11-07,,,,,False
1986-11-10,,,,,False
1986-11-11,,,,,False
1986-11-12,,,,,False
1986-11-13,,,,,False
1986-11-14,,,,,False
1986-11-17,,,,,False
1986-11-18,,,,,False
1986-11-19,,,,,False
1986-11-20,,,,,False
1986-11-21,,,,,False
1986-11-24,,,,,False
1986-11-25,,,,,False
1986-11-26,,,,,False
1986-11-28,,,,,False
1986-12-01,,,,,False
1986-12-02,,,,,False
1986-12-03,,,,,False
1986-12-04,,,,,False
1986-12-05,,,,,False
1986-12-08,,,,,False
1986-12-09,,,,,False
1986-12-10,,,,,False
1986-12-11,,,,,False
1986-12-12,,,,,False
1986-12-15,,,,,False
1986-12-16,,,,,False
1986-12-17,,,,,False
1986-12-18,,,,,False
1986-12-19,,,,,False
1986-12-22,,,,,False
1986-12-23,,,,,False
1986-12-24,,,,,False
1986-12-26,,,,,False
1986-12-29,,,,,False
1986-12-30,,,,,False
1986-12-31,,,,,False
1987-01-02,,,,,False
1987-01-05,,,,,False
1987-01-06,,,,,False
1987-01-07,,,,,False
1987-01-08,,,,,False
1987-01-09,,,,,False
1987-01-12,,,,,False
1987-01-13,,,,,False
1987-01-14,,,,,False
1987-01-15,,,,,False
1987-01-16,,,,,False
1987-01-19,,,,,False
1987-01-20,,,,,False
1987-01-21,,,,,False
1987-01-22,,,,,False
1987-01-23,,,,,False
1987-01-26,,,,,False
1987-01-27,,,,,False
1987-01-28,,,,,False
1987-01-29,,,,,False
1987-01-30,,,,,False
1987-02-02,,,,,False
1987-02-03,,,,,False
1987-02-04,,,,,False
1987-02-05,,,,,False
1987-02-06,,,,,False
1987-02-09,,,,,False
1987-02-10,,,,,False
1987-02-11,,,,,False
1987-02-12,,,,,False
1987-02-13,,,,,False
1987-02-17,,,,,False
1987-02-18,,,,,False
1987-02-19,,,,,False
1987-02-20,,,,,False
1987-02-23,,,,,False
1987-02-24,,,,,False
1987-02-25,,,,,False
1987-02-26,,,,,False
1987-02-27,,,,,False
1987-03-02,,,,,False
1987-03-03,,,,,False
1987-03-04,,,,,False
1987-03-05,,,,,False
1987-03-06,,,,,False
1987-03-09,,,,,False
1987-03-10,,,,,False
1987-03-11,,,,,False
1987-03-12,,,,,False
1987-03-13,,,,,False
1987-03-16,,,,,False
1987-03-17,,,,,False
1987-03-18,,,,,False
1987-03-19,,,,,False
1987-03-20,,,,,False
1987-03-23,,,,,False
1987-03-24,,,,,False
1987-03-25,,,,,False
1987-03-26,,,,,False
1987-03-27,,,,,False
1987-03-30,,,,,False
1987-03-31,,,,,False
1987-04-01,,,,,False
1987-04-02,,,,,False
1987-04-03,,,,,False
1987-04-06,,,,,False
1987-04-07,,,,,False
1987-04-08,,,,,False
1987-04-09,,,,,False
1987-04-10,,,,,False
1987-04-13,,,,,False
1987-04-14,,,,,False
1987-04-15,,,,,False
1987-04-16,,,,,False
1987-04-20,,,,,False
1987-04-21,,,,,False
1987-04-22,,,,,False
1987-04-23,,,,,False
1987-04-24,,,,,False
1987-04-27,,,,,False
1987-04-28,,,,,False
1987-04-29,,,,,False
1987-04-30,,,,,False
1987-05-01,,,,,False
1987-05-04,,,,,False
1987-05-05,,,,,False
1987-05-06,,,,,False
1987-05-07,,,,,False
1987-05-08,,,,,False
1987-05-11,,,,,False
1987-05-12,,,,,False
1987-05-13,,,,,False
1987-05-14,,,,,False
1987-05-15,,,,,False
1987-05-18,,,,,False
1987-05-19,,,,,False
1987-05-20,,,,,False
1987-05-21,,,,,False
1987-05-22,,,,,False
1987-05-26,,,,,False
1987-05-27,,,,,False
1987-05-28,,,,,False
1987-05-29,,,,,False
1987-06-01,,,,,False
1987-06-02,,,,,False
1987-06-03,,,,,False
1987-06-04,,,,,False
1987-06-05,,,,,False
1987-06-08,,,,,False
1987-06-09,,,,,False
1987-06-10,,,,,False
1987-06-11,,,,,False
1987-06-12,,,,,False
1987-06-15,,,,,False
1987-06-16,,,,,False
1987-06-17,,,,,False
1987-06-18,,,,,False
1987-06-19,,,,,False
1987-06-22,,,,,False
1987-06-23,,,,,False
1987-06-24,,,,,False
1987-06-25,,,,,False
1987-06-26,,,,,False
1987-06-29,,,,,False
1987-06-30,,,,,False
1987-07-01,,,,,False
1987-07-02,,,,,False
1987-07-06,,,,,False
1987-07-07,,,,,False
1987-07-08,,,,,False
1987-07-09,,,,,False
1987-07-10,,,,,False
1987-07-13,,,,,False
1987-07-14,,,,,False
1987-07-15,,,,,False
1987-07-16,,,,,False
1987-07-17,,,,,False
1987-07-20,,,,,False
1987-07-21,,,,,False
1987-07-22,,,,,False
1987-07-23,,,,,False
1987-07-24,,,,,False
1987-07-27,,,,,False
1987-07-28,,,,,False
1987-07-29,,,,,False
1987-07-30,,,,,False
1987-07-31,,,,,False
1987-08-03,,,,,False
1987-08-04,,,,,False
1987-08-05,,,,,False
1987-08-06,,,,,False
1987-08-07,,,,,False
1987-08-10,,,,,False
1987-08-11,,,,,False
1987-08-12,,,,,False
1987-08-13,,,,,False
1987-08-14,,,,,False
1987-08-17,,,,,False
1987-08-18,,,,,False
1987-08-19,,,,,False
1987-08-20,,,,,False
1987-08-21,,,,,False
1987-08-24,,,,,False
1987-08-25,,,,,False
1987-08-26,,,,,False
1987-08-27,,,,,False
1987-08-28,,,,,False
1987-08-31,,,,,False
1987-09-01,,,,,False
1987-09-02,,,,,False
1987-09-03,,,,,False
1987-09-04,,,,,False
1987-09-08,,,,,False
1987-09-09,,,,,False
1987-09-10,,,,,False
1987-09-11,,,,,False
1987-09-14,,,,,False
1987-09-15,,,,,False
1987-09-16,,,,,False
1987-09-17,,,,,False
1987-09-18,,,,,False
1987-09-21,,,,,False
1987-09-22,,,,,False
1987-09-23,,,,,False
1987-09-24,,,,,False
1987-09-25,,,,,False
1987-09-28,,,,,False
1987-09-29,,,,,False
1987-09-30,,,,,False
1987-10-01,,,,,False
1987-10-02,,,,,False
1987-10-05,,,,,False
1987-10-06,,,,,False
1987-10-07,,,,,False
1987-10-08,,,,,False
1987-10-09,,,,,False
1987-10-12,,,,,False
1987-10-13,,,,,False
1987-10-14,,,,,False
1987-10-15,,,,,False
1987-10-16,,,,,False
1987-10-19,,,,,False
1987-10-20,,,,,False
1987-10-21,,,,,False
1987-10-22,,,,,False
1987-10-23,,,,,False
1987-10-26,,,,,False
1987-10-27,,,,,False
1987-10-28,,,,,False
1987-10-29,,,,,False
1987-10-30,,,,,False
1987-11-02,,,,,False
1987-11-03,,,,,False
1987-11-04,,,,,False
1987-11-05,,,,,False
1987-11-06,,,,,False
1987-11-09,,,,,False
1987-11-10,,,,,False
1987-11-11,,,,,False
1987-11-12,,,,,False
1987-11-13,,,,,False
1987-11-16,,,,,False
1987-11-17,,,,,False
1987-11-18,,,,,False
1987-11-19,,,,,False
1987-11-20,,,,,False
1987-11-23,,,,,False
1987-11-24,,,,,False
1987-11-25,,,,,False
1987-11-27,,,,,False
1987-11-30,,,,,False
1987-12-01,,,,,False
1987-12-02,,,,,False
1987-12-03,,,,,False
1987-12-04,,,,,False
1987-12-07,,,,,False
1987-12-08,,,,,False
1987-12-09,,,,,False
1987-12-10,,,,,False
1987-12-11,,,,,False
1987-12-14,,,,,False
1987-12-15,,,,,False
1987-12-16,,,,,False
1987-12-17,,,,,False
1987-12-18,,,,,False
1987-12-21,,,,,False
1987-12-22,,,,,False
1987-12-23,,,,,False
1987-12-24,,,,,False
1987-12-28,,,,,False
1987-12-29,,,,,False
1987-12-30,,,,,False
1987-12-31,,,,,False
1988-01-04,,,,,False
1988-01-05,,,,,False
1988-01-06,,,,,False
1988-01-07,,,,,False
1988-01-08,,,,,False
1988-01-11,,,,,False
1988-01-12,,,,,False
1988-01-13,,,,,False
1988-01-14,,,,,False
1988-01-15,,,,,False
1988-01-18,,,,,False
1988-01-19,,,,,False
1988-01-20,,,,,False
1988-01-21,,,,,False
1988-01-22,,,,,False
1988-01-25,,,,,False
1988-01-26,,,,,False
1988-01-27,,,,,False
1988-01-28,,,,,False
1988-01-29,,,,,False
1988-02-01,,,,,False
1988-02-02,,,,,False
1988-02-03,,,,,False
1988-02-04,,,,,False
1988-02-05,,,,,False
1988-02-08,,,,,False
1988-02-09,,,,,False
1988-02-10,,,,,False
1988-02-11,,,,,False
1988-02-12,,,,,False
1988-02-16,,,,,False
1988-02-17,,,,,False
1988-02-18,,,,,False
1988-02-19,,,,,False
1988-02-22,,,,,False
1988-02-23,,,,,False
1988-02-24,,,,,False
1988-02-25,,,,,False
1988-02-26,,,,,False
1988-02-29,,,,,False
1988-03-01,,,,,False
1988-03-02,,,,,False
1988-03-03,,,,,False
1988-03-04,,,,,False
1988-03-07,,,,,False
1988-03-08,,,,,False
1988-03-09,,,,,False
1988-03-10,,,,,False
1988-03-11,,,,,False
1988-03-14,,,,,False
1988-03-15,,,,,False
1988-03-16,,,,,False
1988-03-17,,,,,False
1988-03-18,,,,,False
1988-03-21,,,,,False
1988-03-22,,,,,False
1988-03-23,,,,,False
1988-03-24,,,,,False
1988-03-25,,,,,False
1988-03-28,,,,,False
1988-03-29,,,,,False
1988-03-30,,,,,False
1988-03-31,,,,,False
1988-04-04,,,,,False
1988-04-05,,,,,False
1988-04-06,,,,,False
1988-04-07,,,,,False
1988-04-08,,,,,False
1988-04-11,,,,,False
1988-04-12,,,,,False
1988-04-13,,,,,False
1988-04-14,,,,,False
1988-04-15,,,,,False
1988-04-18,,,,,False
1988-04-19,,,,,False
1988-04-20,,,,,False
1988-04-21,,,,,False
1988-04-22,,,,,False
1988-04-25,,,,,False
1988-04-26,,,,,False
1988-04-27,,,,,False
1988-04-28,,,,,False
1988-04-29,,,,,False
1988-05-02,,,,,False
1988-05-03,,,,,False
1988-05-04,,,,,False
1988-05-05,,,,,False
1988-05-06,,,,,False
1988-05-09,,,,,False
1988-05-10,,,,,False
1988-05-11,,,,,False
1988-05-12,,,,,False
1988-05-13,,,,,False
1988-05-16,,,,,False
1988-05-17,,,,,False
1988-05-18,,,,,False
1988-05-19,,,,,False
1988-05-20,,,,,False
1988-05-23,,,,,False
1988-05-24,,,,,False
1988-05-25,,,,,False
1988-05-26,,,,,False
1988-05-27,,,,,False
1988-05-31,,,,,False
1988-06-01,,,,,False
1988-06-02,,,,,False
1988-06-03,,,,,False
1988-06-06,,,,,False
1988-06-07,,,,,False
1988-06-08,,,,,False
1988-06-09,,,,,False
1988-06-10,,,,,False
1988-06-13,,,,,False
1988-06-14,,,,,False
1988-06-15,,,,,False
1988-06-16,,,,,False
1988-06-17,,,,,False
1988-06-20,,,,,False
1988-06-21,,,,,False
1988-06-22,,,,,False
1988-06-23,,,,,False
1988-06-24,,,,,False
1988-06-27,,,,,False
1988-06-28,,,,,False
1988-06-29,,,,,False
1988-06-30,,,,,False
1988-07-01,,,,,False
1988-07-05,,,,,False
1988-07-06,,,,,False
1988-07-07,,,,,False
1988-07-08,,,,,False
1988-07-11,,,,,False
1988-07-12,,,,,False
1988-07-13,,,,,False
1988-07-14,,,,,False
1988-07-15,,,,,False
1988-07-18,,,,,False
1988-07-19,,,,,False
1988-07-20,,,,,False
1988-07-21,,,,,False
1988-07-22,,,,,False
1988-07-25,,,,,False
1988-07-26,,,,,False
1988-07-27,,,,,False
1988-07-28,,,,,False
1988-07-29,,,,,False
1988-08-01,,,,,False
1988-08-02,,,,,False
1988-08-03,,,,,False
1988-08-04,,,,,False
1988-08-05,,,,,False
1988-08-08,,,,,False
1988-08-09,,,,,False
1988-08-10,,,,,False
1988-08-11,,,,,False
1988-08-12,,,,,False
1988-08-15,,,,,False
1988-08-16,,,,,False
1988-08-17,,,,,False
1988-08-18,,,,,False
1988-08-19,,,,,False
1988-08-22,,,,,False
1988-08-23,,,,,False
1988-08-24,,,,,False
1988-08-25,,,,,False
1988-08-26,,,,,False
1988-08-29,,,,,False
1988-08-30,,,,,False
1988-08-31,,,,,False
1988-09-01,,,,,False
1988-09-02,,,,,False
1988-09-06,,,,,False
1988-09-07,,,,,False
1988-09-08,,,,,False
1988-09-09,,,,,False
1988-09-12,,,,,False
1988-09-13,,,,,False
1988-09-14,,,,,False
1988-09-15,,,,,False
1988-09-16,,,,,False
1988-09-19,,,,,False
1988-09-20,,,,,False
1988-09-21,,,,,False
1988-09-22,,,,,False
1988-09-23,,,,,False
1988-09-26,,,,,False
1988-09-27,,,,,False
1988-09-28,,,,,False
1988-09-29,,,,,False
1988-09-30,,,,,False
1988-10-03,,,,,False
1988-10-04,,,,,False
1988-10-05,,,,,False
1988-10-06,,,,,False
1988-10-07,,,,,False
1988-10-10,,,,,False
1988-10-11,,,,,False
1988-10-12,,,,,False
1988-10-13,,,,,False
1988-10-14,,,,,False
1988-10-17,,,,,False
1988-10-18,,,,,False
1988-10-19,,,,,False
1988-10-20,,,,,False
1988-10-21,,,,,False
1988-10-24,,,,,False
1988-10-25,,,,,False
1988-10-26,,,,,False
1988-10-27,,,,,False
1988-10-28,,,,,False
1988-10-31,,,,,False
1988-11-01,,,,,False
1988-11-02,,,,,False
1988-11-03,,,,,False
1988-11-04,,,,,False
1988-11-07,,,,,False
1988-11-08,,,,,False
1988-11-09,,,,,False
1988-11-10,,,,,False
1988-11-11,,,,,False
1988-11-14,,,,,False
1988-11-15,,,,,False
1988-11-16,,,,,False
1988-11-17,,,,,False
1988-11-18,,,,,False
1988-11-21,,,,,False
1988-11-22,,,,,False
1988-11-23,,,,,False
1988-11-25,,,,,False
1988-11-28,,,,,False
1988-11-29,,,,,False
1988-11-30,,,,,False
1988-12-01,,,,,False
1988-12-02,,,,,False
1988-12-05,,,,,False
1988-12-06,,,,,False
1988-12-07,,,,,False
1988-12-08,,,,,False
1988-12-09,,,,,False
1988-12-12,,,,,False
1988-12-13,,,,,False
1988-12-14,,,,,False
1988-12-15,,,,,False
1988-12-16,,,,,False
1988-12-19,,,,,False
1988-12-20,,,,,False
1988-12-21,,,,,False
1988-12-22,,,,,False
1988-12-23,,,,,False
1988-12-27,,,,,False
1988-12-28,,,,,False
1988-12-29,,,,,False
1988-12-30,,,,,False
1989-01-03,,,,,False
1989-01-04,,,,,False
1989-01-05,,,,,False
1989-01-06,,,,,False
1989-01-09,,,,,False
1989-01-10,,,,,False
1989-01-11,,,,,False
1989-01-12,,,,,False
1989-01-13,,,,,False
1989-01-16,,,,,False
1989-01-17,,,,,False
1989-01-18,,,,,False
1989-01-19,,,,,False
1989-01-20,,,,,False
1989-01-23,,,,,False
1989-01-24,,,,,False
1989-01-25,,,,,False
1989-01-26,,,,,False
1989-01-27,,,,,False
1989-01-30,,,,,False
1989-01-31,,,,,False
1989-02-01,,,,,False
1989-02-02,,,,,False
1989-02-03,,,,,False
1989-02-06,,,,,False
1989-02-07,,,,,False
1989-02-08,,,,,False
1989-02-09,,,,,False
1989-02-10,,,,,False
1989-02-13,,,,,False
1989-02-14,,,,,False
1989-02-15,,,,,False
1989-02-16,,,,,False
1989-02-17,,,,,False
1989-02-21,,,,,False
1989-02-22,,,,,False
1989-02-23,,,,,False
1989-02-24,,,,,False
1989-02-27,,,,,False
1989-02-28,,,,,False
1989-03-01,,,,,False
1989-03-02,,,,,False
1989-03-03,,,,,False
1989-03-06,,,,,False
1989-03-07,,,,,False
1989-03-08,,,,,False
1989-03-09,,,,,False
1989-03-10,,,,,False
1989-03-13,,,,,False
1989-03-14,,,,,False
1989-03-15,,,,,False
1989-03-16,,,,,False
1989-03-17,,,,,False
1989-03-20,,,,,False
1989-03-21,,,,,False
1989-03-22,,,,,False
1989-03-23,,,,,False
1989-03-27,,,,,False
1989-03-28,,,,,False
1989-03-29,,,,,False
1989-03-30,,,,,False
1989-03-31,,,,,False
1989-04-03,,,,,False
1989-04-04,,,,,False
1989-04-05,,,,,False
1989-04-06,,,,,False
1989-04-07,,,,,False
1989-04-10,,,,,False
1989-04-11,,,,,False
1989-04-12,,,,,False
1989-04-13,,,,,False
1989-04-14,,,,,False
1989-04-17,,,,,False
1989-04-18,,,,,False
1989-04-19,,,,,False
1989-04-20,,,,,False
1989-04-21,,,,,False
1989-04-24,,,,,False
1989-04-25,,,,,False
1989-04-26,,,,,False
1989-04-27,,,,,False
1989-04-28,,,,,False
1989-05-01,,,,,False
1989-05-02,,,,,False
1989-05-03,,,,,False
1989-05-04,,,,,False
1989-05-05,,,,,False
1989-05-08,,,,,False
1989-05-09,,,,,False
1989-05-10,,,,,False
1989-05-11,,,,,False
1989-05-12,,,,,False
1989-05-15,,,,,False
1989-05-16,,,,,False
1989-05-17,,,,,False
1989-05-18,,,,,False
1989-05-19,,,,,False
1989-05-22,,,,,False
1989-05-23,,,,,False
1989-05-24,,,,,False
1989-05-25,,,,,False
1989-05-26,,,,,False
1989-05-30,,,,,False
1989-05-31,,,,,False
1989-06-01,,,,,False
1989-06-02,,,,,False
1989-06-05,,,,,False
1989-06-06,,,,,False
1989-06-07,,,,,False
1989-06-08,,,,,False
1989-06-09,,,,,False
1989-06-12,,,,,False
1989-06-13,,,,,False
1989-06-14,,,,,False
1989-06-15,,,,,False
1989-06-16,,,,,False
1989-06-19,,,,,False
1989-06-20,,,,,False
1989-06-21,,,,,False
1989-06-22,,,,,False
1989-06-23,,,,,False
1989-06-26,,,,,False
1989-06-27,,,,,False
1989-06-28,,,,,False
1989-06-29,,,,,False
1989-06-30,,,,,False
1989-07-03,,,,,False
1989-07-05,,,,,False
1989-07-06,,,,,False
1989-07-07,,,,,False
1989-07-10,,,,,False
1989-07-11,,,,,False
1989-07-12,,,,,False
1989-07-13,,,,,False
1989-07-14,,,,,False
1989-07-17,,,,,False
1989-07-18,,,,,False
1989-07-19,,,,,False
1989-07-20,,,,,False
1989-07-21,,,,,False
1989-07-24,,,,,False
1989-07-25,,,,,False
1989-07-26,,,,,False
1989-07-27,,,,,False
1989-07-28,,,,,False
1989-07-31,,,,,False
1989-08-01,,,,,False
1989-08-02,,,,,False
1989-08-03,,,,,False
1989-08-04,,,,,False
1989-08-07,,,,,False
1989-08-08,,,,,False
1989-08-09,,,,,False
1989-08-10,,,,,False
1989-08-11,,,,,False
1989-08-14,,,,,False
1989-08-15,,,,,False
1989-08-16,,,,,False
1989-08-17,,,,,False
1989-08-18,,,,,False
1989-08-21,,,,,False
1989-08-22,,,,,False
1989-08-23,,,,,False
1989-08-24,,,,,False
1989-08-25,,,,,False
1989-08-28,,,,,False
1989-08-29,,,,,False
1989-08-30,,,,,False
1989-08-31,,,,,False
1989-09-01,,,,,False
1989-09-05,,,,,False
1989-09-06,,,,,False
1989-09-07,,,,,False
1989-09-08,,,,,False
1989-09-11,,,,,False
1989-09-12,,,,,False
1989-09-13,,,,,False
1989-09-14,,,,,False
1989-09-15,,,,,False
1989-09-18,,,,,False
1989-09-19,,,,,False
1989-09-20,,,,,False
1989-09-21,,,,,False
1989-09-22,,,,,False
1989-09-25,,,,,False
1989-09-26,,,,,False
1989-09-27,,,,,False
1989-09-28,,,,,False
1989-09-29,,,,,False
1989-10-02,,,,,False
1989-10-03,,,,,False
1989-10-04,,,,,False
1989-10-05,,,,,False
1989-10-06,,,,,False
1989-10-09,,,,,False
1989-10-10,,,,,False
1989-10-11,,,,,False
1989-10-12,,,,,False
1989-10-13,,,,,False
1989-10-16,,,,,False
1989-10-17,,,,,False
1989-10-18,,,,,False
1989-10-19,,,,,False
1989-10-20,,,,,False
1989-10-23,,,,,False
1989-10-24,,,,,False
1989-10-25,,,,,False
1989-10-26,,,,,False
1989-10-27,,,,,False
1989-10-30,,,,,False
1989-10-31,,,,,False
1989-11-01,,,,,False
1989-11-02,,,,,False
1989-11-03,,,,,False
1989-11-06,,,,,False
1989-11-07,,,,,False
1989-11-08,,,,,False
1989-11-09,,,,,False
1989-11-10,,,,,False
1989-11-13,,,,,False
1989-11-14,,,,,False
1989-11-15,,,,,False
1989-11-16,,,,,False
1989-11-17,,,,,False
1989-11-20,,,,,False
1989-11-21,,,,,False
1989-11-22,,,,,False
1989-11-24,,,,,False
1989-11-27,,,,,False
1989-11-28,,,,,False
1989-11-29,,,,,False
1989-11-30,,,,,False
1989-12-01,,,,,False
1989-12-04,,,,,False
1989-12-05,,,,,False
1989-12-06,,,,,False
1989-12-07,,,,,False
1989-12-08,,,,,False
1989-12-11,,,,,False
1989-12-12,,,,,False
1989-12-13,,,,,False
1989-12-14,,,,,False
1989-12-15,,,,,False
1989-12-18,,,,,False
1989-12-19,,,,,False
1989-12-20,,,,,False
1989-12-21,,,,,False
1989-12-22,,,,,False
1989-12-26,,,,,False
1989-12-27,,,,,False
1989-12-28,,,,,False
1989-12-29,,,,,False
1990-01-02,,,,,False
1990-01-03,,,,,False
1990-01-04,,,,,False
1990-01-05,,,,,False
1990-01-08,,,,,False
1990-01-09,,,,,False
1990-01-10,,,,,False
1990-01-11,,,,,False
1990-01-12,,,,,False
1990-01-15,,,,,False
1990-01-16,,,,,False
1990-01-17,,,,,False
1990-01-18,,,,,False
1990-01-19,,,,,False
1990-01-22,,,,,False
1990-01-23,,,,,False
1990-01-24,,,,,False
1990-01-25,,,,,False
1990-01-26,,,,,False
1990-01-29,,,,,False
1990-01-30,,,,,False
1990-01-31,,,,,False
1990-02-01,,,,,False
1990-02-02,,,,,False
1990-02-05,,,,,False
1990-02-06,,,,,False
1990-02-07,,,,,False
1990-02-08,,,,,False
1990-02-09,,,,,False
1990-02-12,,,,,False
1990-02-13,,,,,False
1990-02-14,,,,,False
1990-02-15,,,,,False
1990-02-16,,,,,False
1990-02-20,,,,,False
1990-02-21,,,,,False
1990-02-22,,,,,False
1990-02-23,,,,,False
1990-02-26,0.4794435501098633,0.4794435501098633,0.0,0.0,False
1990-02-27,0.7304930686950684,0.7304930686950684,0.0,0.6719758790300611,False
1990-02-28,0.7548356056213379,0.7548356056213379,0.0,0.6719758790300611,False
1990-03-01,0.6962140798568726,0.6962140798568726,0.0,0.6719758790300611,False
1990-03-02,0.8179140090942383,0.8179140090942383,0.0,0.6719758790300611,False
1990-03-05,0.7548436522483826,0.7548436522483826,0.0,0.6719758790300611,False
1990-03-06,0.767998218536377,0.767998218536377,0.0,0.6719758790300611,False
1990-03-07,0.634086549282074,0.634086549282074,0.0,0.5638226727655771,False
1990-03-08,0.5857656598091125,0.5857656598091125,0.0,0.5638226727655771,False
1990-03-09,0.49338802695274353,0.49338802695274353,0.0,0.0,False
1990-03-12,0.5080150961875916,0.5080150961875916,0.0,0.0,False
1990-03-13,0.42139777541160583,0.42139777541160583,0.0,0.0,False
1990-03-14,0.451915442943573,0.451915442943573,0.0,0.0,False
1990-03-15,0.5535487532615662,0.5535487532615662,0.0,0.0,False
1990-03-16,0.5584321022033691,0.5584321022033691,0.0,0.0,False
1990-03-19,0.5309154987335205,0.5309154987335205,0.0,0.0,False
1990-03-20,0.6407573223114014,0.6407573223114014,0.0,0.4422813732037654,False
1990-03-21,0.5253326296806335,0.5253326296806335,0.0,0.0,False
1990-03-22,0.4621197283267975,0.4621197283267975,0.0,0.0,False
1990-03-23,0.34604597091674805,0.34604597091674805,0.0,0.0,False
1990-03-26,0.4433521330356598,0.4433521330356598,0.0,0.0,False
1990-03-27,0.3052006661891937,0.3052006661891937,0.0,0.0,False
1990-03-28,0.38289690017700195,0.38289690017700195,0.0,0.0,False
1990-03-29,0.3417915105819702,0.3417915105819702,0.0,0.0,False
1990-03-30,0.3879772424697876,0.3879772424697876,0.0,0.0,False
1990-04-02,0.4030749201774597,0.4030749201774597,0.0,0.0,False
1990-04-03,0.5274485945701599,0.5274485945701599,0.0,0.0,False
1990-04-04,0.5621432662010193,0.5621432662010193,0.0,0.5058118426825906,False
1990-04-05,0.5591911673545837,0.5591911673545837,0.0,0.0,False
1990-04-06,0.4993489980697632,0.4993489980697632,0.0,0.0,False
1990-04-09,0.5127122402191162,0.5127122402191162,0.0,0.0,False
1990-04-10,0.49969005584716797,0.49969005584716797,0.0,0.0,False
1990-04-11,0.5910188555717468,0.5910188555717468,0.0,0.4974264720446473,False
1990-04-12,0.4267538785934448,0.4267538785934448,0.0,0.0,False
1990-04-16,0.38032954931259155,0.38032954931259155,0.0,0.0,False
1990-04-17,0.5676570534706116,0.5676570534706116,0.0,0.5426500497844238,False
1990-04-18,0.6539614200592041,0.6539614200592041,0.0,0.5426500497844238,False
1990-04-19,0.534267783164978,0.534267783164978,0.0,0.0,False
1990-04-20,0.5231578350067139,0.5231578350067139,0.0,0.0,False
1990-04-23,0.6972911953926086,0.6972911953926086,0.0,0.5659598897120328,False
1990-04-24,0.6217156648635864,0.6217156648635864,0.0,0.5659598897120328,False
1990-04-25,0.5651505589485168,0.5651505589485168,0.0,0.5659598897120328,False
1990-04-26,0.5169487595558167,0.5169487595558167,0.0,0.0,False
1990-04-27,0.5211072564125061,0.5211072564125061,0.0,0.0,False
1990-04-30,0.43575355410575867,0.43575355410575867,0.0,0.0,False
1990-05-01,0.3750530779361725,0.3750530779361725,0.0,0.0,False
1990-05-02,0.437245637178421,0.437245637178421,0.0,0.0,False
1990-05-03,0.691227912902832,0.691227912902832,0.0,0.5355299289434929,False
1990-05-04,0.6390140056610107,0.6390140056610107,0.0,0.5355299289434929,False
1990-05-07,0.6753278374671936,0.6753278374671936,0.0,0.5355299289434929,False
1990-05-08,0.6632611751556396,0.6632611751556396,0.0,0.5355299289434929,False
1990-05-09,0.5543597340583801,0.5543597340583801,0.0,0.0,False
1990-05-10,0.6292743682861328,0.6292743682861328,0.0,0.4520538714160006,False
1990-05-11,0.6465811133384705,0.6465811133384705,0.0,0.4520538714160006,False
1990-05-14,0.5685106515884399,0.5685106515884399,0.0,0.4520538714160006,False
1990-05-15,0.5270729660987854,0.5270729660987854,0.0,0.0,False
1990-05-16,0.4467692971229553,0.4467692971229553,0.0,0.0,False
1990-05-17,0.5241386890411377,0.5241386890411377,0.0,0.0,False
1990-05-18,0.8276810050010681,0.8276810050010681,0.0,0.4215251660315817,False
1990-05-21,0.846677303314209,0.846677303314209,0.0,0.4215251660315817,False
1990-05-22,0.598381519317627,0.598381519317627,0.0,0.4215251660315817,False
1990-05-23,0.5535682439804077,0.5535682439804077,1.0,0.0,False
1990-05-24,0.5576308369636536,0.5576308369636536,1.0,0.0,False
1990-05-25,0.7012244462966919,0.7012244462966919,1.0,0.38242341849421785,False
1990-05-29,0.656440794467926,0.656440794467926,1.0,0.38242341849421785,False
1990-05-30,0.6418892741203308,0.6418892741203308,1.0,0.38242341849421785,False
1990-05-31,0.5544085502624512,0.5544085502624512,1.0,0.0,False
1990-06-01,0.6466590166091919,0.6466590166091919,1.0,0.3620180162334895,False
1990-06-04,0.6827912330627441,0.6827912330627441,1.0,0.3620180162334895,False
1990-06-05,0.7013465762138367,0.7013465762138367,1.0,0.3620180162334895,False
1990-06-06,0.7378486394882202,0.7378486394882202,1.0,0.3620180162334895,False
1990-06-07,0.6019309759140015,0.6019309759140015,1.0,0.3620180162334895,False
1990-06-08,0.5663278102874756,0.5663278102874756,1.0,0.3620180162334895,False
1990-06-11,0.501736581325531,0.501736581325531,1.0,0.0,False
1990-06-12,0.4756770133972168,0.4756770133972168,1.0,0.0,False
1990-06-13,0.5459892153739929,0.5459892153739929,1.0,0.0,False
1990-06-14,0.43553829193115234,0.43553829193115234,1.0,0.0,False
1990-06-15,0.500031054019928,0.500031054019928,1.0,0.0,False
1990-06-18,0.5020177960395813,0.5020177960395813,0.0,0.0,False
1990-06-19,0.37325766682624817,0.37325766682624817,0.0,0.0,False
1990-06-20,0.7372210621833801,0.7372210621833801,1.0,0.38685782167762456,False
1990-06-21,0.5329281687736511,0.5329281687736511,0.0,0.0,False
1990-06-22,0.44741857051849365,0.44741857051849365,0.0,0.0,False
1990-06-25,0.43063288927078247,0.43063288927078247,0.0,0.0,False
1990-06-26,0.38386070728302,0.38386070728302,0.0,0.0,False
1990-06-27,0.3086848855018616,0.3086848855018616,0.0,0.0,False
1990-06-28,0.3897401988506317,0.3897401988506317,0.0,0.0,False
1990-06-29,0.3856927752494812,0.3856927752494812,0.0,0.0,False
1990-07-02,0.354667603969574,0.354667603969574,0.0,0.0,False
1990-07-03,0.5236526131629944,0.5236526131629944,0.0,0.0,False
1990-07-05,0.5704869031906128,0.5704869031906128,0.0,0.560690903726679,False
1990-07-06,0.6759580373764038,0.6759580373764038,0.0,0.560690903726679,False
1990-07-09,0.6718717217445374,0.6718717217445374,0.0,0.560690903726679,False
1990-07-10,0.47658467292785645,0.47658467292785645,0.0,0.0,False
1990-07-11,0.6817752718925476,0.6817752718925476,0.0,0.5692507660577238,False
1990-07-12,0.7417184114456177,0.7417184114456177,0.0,0.5692507660577238,False
1990-07-13,0.7786749601364136,0.7786749601364136,0.0,0.5692507660577238,False
1990-07-16,0.701857328414917,0.701857328414917,0.0,0.5692507660577238,False
1990-07-17,0.72406005859375,0.72406005859375,0.0,0.5692507660577238,False
1990-07-18,0.804608941078186,0.804608941078186,0.0,0.5692507660577238,False
1990-07-19,0.7314073443412781,0.7314073443412781,0.0,0.5692507660577238,False
1990-07-20,0.7440316081047058,0.7440316081047058,0.0,0.5692507660577238,False
1990-07-23,0.5837055444717407,0.5837055444717407,0.0,0.5692507660577238,False
1990-07-24,0.7568074464797974,0.7568074464797974,0.0,0.45525766802034784,False
1990-07-25,0.8201920986175537,0.8201920986175537,0.0,0.45525766802034784,False
1990-07-26,0.8022738099098206,0.8022738099098206,0.0,0.45525766802034784,False
1990-07-27,0.7230252623558044,0.7230252623558044,0.0,0.45525766802034784,False
1990-07-30,0.6958834528923035,0.6958834528923035,0.0,0.45525766802034784,False
1990-07-31,0.43241584300994873,0.43241584300994873,0.0,0.0,False
1990-08-01,0.6994207501411438,0.6994207501411438,0.0,0.42776560409936587,False
1990-08-02,0.49207809567451477,0.49207809567451477,0.0,0.0,False
1990-08-03,0.6910166144371033,0.6910166144371033,0.0,0.4081111116374184,False
1990-08-06,0.6807301044464111,0.6807301044464111,0.0,0.4081111116374184,False
1990-08-07,0.7344091534614563,0.7344091534614563,0.0,0.4081111116374184,False
1990-08-08,0.7944499850273132,0.7944499850273132,0.0,0.4081111116374184,False
1990-08-09,0.6905401349067688,0.6905401349067688,0.0,0.4081111116374184,False
1990-08-10,0.7344329357147217,0.7344329357147217,0.0,0.4081111116374184,False
1990-08-13,0.601441502571106,0.601441502571106,0.0,0.4081111116374184,False
1990-08-14,0.47956040501594543,0.47956040501594543,0.0,0.0,False
1990-08-15,0.5324854254722595,0.5324854254722595,0.0,0.0,False
1990-08-16,0.7805208563804626,0.7805208563804626,0.0,0.37429245766338637,False
1990-08-17,0.8301041126251221,0.8301041126251221,0.0,0.37429245766338637,False
1990-08-20,0.8923592567443848,0.8923592567443848,0.0,0.37429245766338637,False
1990-08-21,0.8108569383621216,0.8108569383621216,0.0,0.37429245766338637,False
1990-08-22,0.7645331621170044,0.7645331621170044,0.0,0.37429245766338637,False
1990-08-23,0.7762240171432495,0.7762240171432495,0.0,0.37429245766338637,False
1990-08-24,0.7508732676506042,0.7508732676506042,1.0,0.25061368358541386,False
1990-08-27,0.6801686882972717,0.6801686882972717,1.0,0.25061368358541386,False
1990-08-28,0.8017555475234985,0.8017555475234985,1.0,0.25061368358541386,False
1990-08-29,0.5912453532218933,0.5912453532218933,1.0,0.25061368358541386,False
1990-08-30,0.6160436868667603,0.6160436868667603,1.0,0.25061368358541386,False
1990-08-31,0.6931409239768982,0.6931409239768982,1.0,0.25061368358541386,False
1990-09-04,0.5979675650596619,0.5979675650596619,1.0,0.25061368358541386,False
1990-09-05,0.8435123562812805,0.8435123562812805,1.0,0.25061368358541386,False
1990-09-06,0.5726550221443176,0.5726550221443176,1.0,0.25061368358541386,False
1990-09-07,0.545275866985321,0.545275866985321,1.0,0.0,False
1990-09-10,0.7311075329780579,0.7311075329780579,1.0,0.22751959902988086,False
1990-09-11,0.8033402562141418,0.8033402562141418,1.0,0.22751959902988086,False
1990-09-12,0.5617242455482483,0.5617242455482483,1.0,0.22751959902988086,False
1990-09-13,0.4698759913444519,0.4698759913444519,1.0,0.0,False
1990-09-14,0.6433641910552979,0.6433641910552979,1.0,0.22148077256896348,False
1990-09-17,0.5526532530784607,0.5526532530784607,1.0,0.0,False
1990-09-18,0.34710949659347534,0.34710949659347534,1.0,0.0,False
1990-09-19,0.37955448031425476,0.37955448031425476,1.0,0.0,False
1990-09-20,0.570490300655365,0.570490300655365,1.0,0.24456614977779523,False
1990-09-21,0.5082778930664062,0.5082778930664062,1.0,0.0,False
1990-09-24,0.5930929183959961,0.5930929183959961,0.0,0.3104077326901642,False
1990-09-25,0.46532168984413147,0.46532168984413147,0.0,0.0,False
1990-09-26,0.3952009379863739,0.3952009379863739,0.0,0.0,False
1990-09-27,0.5356491804122925,0.5356491804122925,0.0,0.0,False
1990-09-28,0.825080394744873,0.825080394744873,0.0,0.3221466309015895,False
1990-10-01,0.7746204137802124,0.7746204137802124,1.0,0.3221466309015895,False
1990-10-02,0.6732736825942993,0.6732736825942993,1.0,0.3221466309015895,False
1990-10-03,0.5842594504356384,0.5842594504356384,1.0,0.3221466309015895,False
1990-10-04,0.595513641834259,0.595513641834259,1.0,0.3221466309015895,False
1990-10-05,0.8247622847557068,0.8247622847557068,1.0,0.3221466309015895,False
1990-10-08,0.6039665341377258,0.6039665341377258,1.0,0.3221466309015895,False
1990-10-09,0.7380894422531128,0.7380894422531128,1.0,0.3221466309015895,False
1990-10-10,0.7457457780838013,0.7457457780838013,1.0,0.3221466309015895,False
1990-10-11,0.774932324886322,0.774932324886322,1.0,0.3221466309015895,False
1990-10-12,0.7524564266204834,0.7524564266204834,1.0,0.3221466309015895,False
1990-10-15,0.5622317790985107,0.5622317790985107,1.0,0.3221466309015895,False
1990-10-16,0.6265649199485779,0.6265649199485779,1.0,0.3221466309015895,False
1990-10-17,0.6004102826118469,0.6004102826118469,1.0,0.3221466309015895,False
1990-10-18,0.7726472616195679,0.7726472616195679,1.0,0.3221466309015895,False
1990-10-19,0.8791462779045105,0.8791462779045105,1.0,0.3221466309015895,False
1990-10-22,0.8131809234619141,0.8131809234619141,1.0,0.3221466309015895,False
1990-10-23,0.7020907402038574,0.7020907402038574,1.0,0.3221466309015895,False
1990-10-24,0.7001784443855286,0.7001784443855286,1.0,0.3221466309015895,False
1990-10-25,0.5157592296600342,0.5157592296600342,1.0,0.0,False
1990-10-26,0.5910855531692505,0.5910855531692505,1.0,0.2718587807690286,False
1990-10-29,0.40314415097236633,0.40314415097236633,1.0,0.0,False
1990-10-30,0.5631226301193237,0.5631226301193237,1.0,0.2989173207461701,False
1990-10-31,0.5825189352035522,0.5825189352035522,1.0,0.2989173207461701,False
1990-11-01,0.5997166633605957,0.5997166633605957,1.0,0.2989173207461701,False
1990-11-02,0.7168857455253601,0.7168857455253601,1.0,0.2989173207461701,False
1990-11-05,0.5215503573417664,0.5215503573417664,1.0,0.0,False
1990-11-06,0.6694831848144531,0.6694831848144531,1.0,0.31654622609051714,False
1990-11-07,0.6132463812828064,0.6132463812828064,0.0,0.31654622609051714,False
1990-11-08,0.6725428104400635,0.6725428104400635,0.0,0.31654622609051714,False
1990-11-09,0.5893381237983704,0.5893381237983704,0.0,0.31654622609051714,False
1990-11-12,0.8157623410224915,0.8157623410224915,1.0,0.31654622609051714,False
1990-11-13,0.7240949273109436,0.7240949273109436,1.0,0.31654622609051714,False
1990-11-14,0.6597709655761719,0.6597709655761719,1.0,0.31654622609051714,False
1990-11-15,0.6497184038162231,0.6497184038162231,0.0,0.44566935844958633,False
1990-11-16,0.6299418210983276,0.6299418210983276,0.0,0.44566935844958633,False
1990-11-19,0.6014821529388428,0.6014821529388428,0.0,0.44566935844958633,False
1990-11-20,0.6068905591964722,0.6068905591964722,0.0,0.44566935844958633,False
1990-11-21,0.5583444833755493,0.5583444833755493,0.0,0.0,False
1990-11-23,0.5017749667167664,0.5017749667167664,0.0,0.0,False
1990-11-26,0.5316179394721985,0.5316179394721985,0.0,0.0,False
1990-11-27,0.560187578201294,0.560187578201294,1.0,0.4700412503008906,False
1990-11-28,0.6603834629058838,0.6603834629058838,0.0,0.4700412503008906,False
1990-11-29,0.634512186050415,0.634512186050415,0.0,0.4700412503008906,False
1990-11-30,0.414503276348114,0.414503276348114,1.0,0.0,False
1990-12-03,0.46141085028648376,0.46141085028648376,1.0,0.0,False
1990-12-04,0.4933769404888153,0.4933769404888153,1.0,0.0,False
1990-12-05,0.604194164276123,0.604194164276123,1.0,0.4829724718954595,False
1990-12-06,0.5760912895202637,0.5760912895202637,1.0,0.4829724718954595,False
1990-12-07,0.3701303005218506,0.3701303005218506,1.0,0.0,False
1990-12-10,0.4179706275463104,0.4179706275463104,0.0,0.0,False
1990-12-11,0.7009537816047668,0.7009537816047668,0.0,0.6013425008847509,False
1990-12-12,0.7648729681968689,0.7648729681968689,0.0,0.6013425008847509,False
1990-12-13,0.699195146560669,0.699195146560669,0.0,0.6013425008847509,False
1990-12-14,0.6972816586494446,0.6972816586494446,0.0,0.6013425008847509,False
1990-12-17,0.6906980872154236,0.6906980872154236,0.0,0.6013425008847509,False
1990-12-18,0.6790315508842468,0.6790315508842468,0.0,0.6013425008847509,False
1990-12-19,0.3390560746192932,0.3390560746192932,0.0,0.0,False
1990-12-20,0.3544297516345978,0.3544297516345978,0.0,0.0,False
1990-12-21,0.3823311924934387,0.3823311924934387,0.0,0.0,False
1990-12-24,0.2569478452205658,0.2569478452205658,0.0,0.0,False
1990-12-26,0.33156198263168335,0.33156198263168335,0.0,0.0,False
1990-12-27,0.49289584159851074,0.49289584159851074,0.0,0.0,False
1990-12-28,0.48327332735061646,0.48327332735061646,0.0,0.0,False
1990-12-31,0.4576496481895447,0.4576496481895447,0.0,0.0,False
1991-01-02,0.4327910840511322,0.4327910840511322,0.0,0.0,False
1991-01-03,0.5360642075538635,0.5360642075538635,0.0,0.0,False
1991-01-04,0.5214518308639526,0.5214518308639526,0.0,0.0,False
1991-01-07,0.5140785574913025,0.5140785574913025,0.0,0.0,False
1991-01-08,0.5520086884498596,0.5520086884498596,0.0,0.0,False
1991-01-09,0.6150591969490051,0.6150591969490051,0.0,0.9107020444236238,False
1991-01-10,0.9141219258308411,0.9141219258308411,0.0,0.6244274629135784,False
1991-01-11,0.854820191860199,0.854820191860199,0.0,0.6244274629135784,False
1991-01-14,0.8972901105880737,0.8972901105880737,0.0,0.6244274629135784,False
1991-01-15,0.7891602516174316,0.7891602516174316,0.0,0.6244274629135784,False
1991-01-16,0.7728615999221802,0.7728615999221802,1.0,0.49041477920179355,False
1991-01-17,0.7651811838150024,0.7651811838150024,1.0,0.49041477920179355,False
1991-01-18,0.713189423084259,0.713189423084259,1.0,0.49041477920179355,False
1991-01-21,0.48050805926322937,0.48050805926322937,1.0,0.0,False
1991-01-22,0.6288638114929199,0.6288638114929199,1.0,0.4315193214773676,False
1991-01-23,0.568627655506134,0.568627655506134,1.0,0.4315193214773676,False
1991-01-24,0.5228102803230286,0.5228102803230286,1.0,0.0,False
1991-01-25,0.5423344373703003,0.5423344373703003,1.0,0.0,False
1991-01-28,0.5795409083366394,0.5795409083366394,1.0,0.42297268807447763,False
1991-01-29,0.4344322979450226,0.4344322979450226,1.0,0.0,False
1991-01-30,0.4817344546318054,0.4817344546318054,1.0,0.0,False
1991-01-31,0.36941760778427124,0.36941760778427124,1.0,0.0,False
1991-02-01,0.3368260860443115,0.3368260860443115,1.0,0.0,False
1991-02-04,0.28838050365448,0.28838050365448,1.0,0.0,False
1991-02-05,0.25271591544151306,0.25271591544151306,1.0,0.0,False
1991-02-06,0.26053401827812195,0.26053401827812195,1.0,0.0,False
1991-02-07,0.5246890187263489,0.5246890187263489,1.0,0.0,False
1991-02-08,0.4649733901023865,0.4649733901023865,1.0,0.0,False
1991-02-11,0.4075108766555786,0.4075108766555786,1.0,0.0,False
1991-02-12,0.47479522228240967,0.47479522228240967,1.0,0.0,False
1991-02-13,0.255794495344162,0.255794495344162,1.0,0.0,False
1991-02-14,0.6410929560661316,0.6410929560661316,1.0,0.40210568544524156,False
1991-02-15,0.5497023463249207,0.5497023463249207,1.0,0.0,False
1991-02-19,0.5352216958999634,0.5352216958999634,1.0,0.0,False
1991-02-20,0.5182571411132812,0.5182571411132812,1.0,0.0,False
1991-02-21,0.6593193411827087,0.6593193411827087,1.0,0.4088929582949726,False
1991-02-22,0.576829195022583,0.576829195022583,1.0,0.4088929582949726,False
1991-02-25,0.5259988307952881,0.5259988307952881,0.0,0.0,False
1991-02-26,0.4388708472251892,0.4388708472251892,0.0,0.0,False
1991-02-27,0.6083382368087769,0.6083382368087769,1.0,0.40167408891497774,False
1991-02-28,0.5031511187553406,0.5031511187553406,1.0,0.0,False
1991-03-01,0.6122366189956665,0.6122366189956665,1.0,0.4191427678722419,False
1991-03-04,0.6520631313323975,0.6520631313323975,1.0,0.4191427678722419,False
1991-03-05,0.6750748753547668,0.6750748753547668,1.0,0.4191427678722419,False
1991-03-06,0.8361614942550659,0.8361614942550659,1.0,0.4191427678722419,False
1991-03-07,0.756990373134613,0.756990373134613,1.0,0.4191427678722419,False
1991-03-08,0.6697673797607422,0.6697673797607422,1.0,0.4191427678722419,False
1991-03-11,0.6628073453903198,0.6628073453903198,1.0,0.4191427678722419,False
1991-03-12,0.6030770540237427,0.6030770540237427,1.0,0.4191427678722419,False
1991-03-13,0.8455466032028198,0.8455466032028198,1.0,0.4191427678722419,False
1991-03-14,0.762391209602356,0.762391209602356,1.0,0.4191427678722419,False
1991-03-15,0.6227436065673828,0.6227436065673828,0.0,0.4191427678722419,False
1991-03-18,0.7042604684829712,0.7042604684829712,1.0,0.4191427678722419,False
1991-03-19,0.6909414529800415,0.6909414529800415,0.0,0.4191427678722419,False
1991-03-20,0.6508421301841736,0.6508421301841736,0.0,0.4191427678722419,False
1991-03-21,0.6226019859313965,0.6226019859313965,0.0,0.4191427678722419,False
1991-03-22,0.581496000289917,0.581496000289917,0.0,0.4191427678722419,False
1991-03-25,0.38226985931396484,0.38226985931396484,1.0,0.0,False
1991-03-26,0.690367579460144,0.690367579460144,1.0,0.2803985798650802,False
1991-03-27,0.5706116557121277,0.5706116557121277,1.0,0.2803985798650802,False
1991-03-28,0.5180144906044006,0.5180144906044006,1.0,0.0,False
1991-04-01,0.5747034549713135,0.5747034549713135,1.0,0.285731212280206,False
1991-04-02,0.6192260384559631,0.6192260384559631,1.0,0.285731212280206,False
1991-04-03,0.6592971086502075,0.6592971086502075,1.0,0.285731212280206,False
1991-04-04,0.5424120426177979,0.5424120426177979,1.0,0.0,False
1991-04-05,0.6027350425720215,0.6027350425720215,1.0,0.2896553058493651,False
1991-04-08,0.4788462221622467,0.4788462221622467,1.0,0.0,False
1991-04-09,0.6099767684936523,0.6099767684936523,1.0,0.3001866777302484,False
1991-04-10,0.7441743016242981,0.7441743016242981,1.0,0.3001866777302484,False
1991-04-11,0.6466583013534546,0.6466583013534546,1.0,0.3001866777302484,False
1991-04-12,0.7038464546203613,0.7038464546203613,0.0,0.3001866777302484,False
1991-04-15,0.8441420197486877,0.8441420197486877,1.0,0.3001866777302484,False
1991-04-16,0.6776473522186279,0.6776473522186279,1.0,0.3001866777302484,False
1991-04-17,0.8127546906471252,0.8127546906471252,1.0,0.3001866777302484,False
1991-04-18,0.7951169610023499,0.7951169610023499,1.0,0.3001866777302484,False
1991-04-19,0.7812334299087524,0.7812334299087524,1.0,0.3001866777302484,False
1991-04-22,0.5896292924880981,0.5896292924880981,2.0,0.3001866777302484,False
1991-04-23,0.7836551070213318,0.7836551070213318,0.0,0.3001866777302484,False
1991-04-24,0.6631024479866028,0.6631024479866028,0.0,0.3001866777302484,False
1991-04-25,0.5929363965988159,0.5929363965988159,0.0,0.3001866777302484,False
1991-04-26,0.7022157311439514,0.7022157311439514,0.0,0.3001866777302484,False
1991-04-29,0.5358911752700806,0.5358911752700806,0.0,0.0,False
1991-04-30,0.44499194622039795,0.44499194622039795,0.0,0.0,False
1991-05-01,0.43599992990493774,0.43599992990493774,0.0,0.0,False
1991-05-02,0.2990545630455017,0.2990545630455017,0.0,0.0,False
1991-05-03,0.2954312860965729,0.2954312860965729,0.0,0.0,False
1991-05-06,0.39295607805252075,0.39295607805252075,0.0,0.0,False
1991-05-07,0.28877490758895874,0.28877490758895874,0.0,0.0,False
1991-05-08,0.301705002784729,0.301705002784729,0.0,0.0,False
1991-05-09,0.40152618288993835,0.40152618288993835,0.0,0.0,False
1991-05-10,0.3204297423362732,0.3204297423362732,0.0,0.0,False
1991-05-13,0.3119302988052368,0.3119302988052368,0.0,0.0,False
1991-05-14,0.2435549944639206,0.2435549944639206,0.0,0.0,False
1991-05-15,0.36979958415031433,0.36979958415031433,0.0,0.0,False
1991-05-16,0.4656854569911957,0.4656854569911957,0.0,0.0,False
1991-05-17,0.31335097551345825,0.31335097551345825,0.0,0.0,False
1991-05-20,0.5793432593345642,0.5793432593345642,0.0,0.5363985162433285,False
1991-05-21,0.5920773148536682,0.5920773148536682,0.0,0.5363985162433285,False
1991-05-22,0.6154389381408691,0.6154389381408691,0.0,0.5363985162433285,False
1991-05-23,0.5442054271697998,0.5442054271697998,0.0,0.0,False
1991-05-24,0.43033871054649353,0.43033871054649353,0.0,0.0,False
1991-05-28,0.2609793245792389,0.2609793245792389,0.0,0.0,False
1991-05-29,0.3853135108947754,0.3853135108947754,0.0,0.0,False
1991-05-30,0.36533987522125244,0.36533987522125244,0.0,0.0,False
1991-05-31,0.4779254198074341,0.4779254198074341,0.0,0.0,False
1991-06-03,0.2595887780189514,0.2595887780189514,0.0,0.0,False
1991-06-04,0.38639429211616516,0.38639429211616516,0.0,0.0,False
1991-06-05,0.47443920373916626,0.47443920373916626,0.0,0.0,False
1991-06-06,0.5328431129455566,0.5328431129455566,0.0,0.0,False
1991-06-07,0.5746777057647705,0.5746777057647705,0.0,0.5009266634503162,False
1991-06-10,0.6539511680603027,0.6539511680603027,0.0,0.5009266634503162,False
1991-06-11,0.749298095703125,0.749298095703125,0.0,0.5009266634503162,False
1991-06-12,0.7979374527931213,0.7979374527931213,0.0,0.5009266634503162,False
1991-06-13,0.8371737003326416,0.8371737003326416,0.0,0.6589870993236224,False
1991-06-14,0.8000438809394836,0.8000438809394836,0.0,0.6589870993236224,False
1991-06-17,0.7601970434188843,0.7601970434188843,0.0,0.6589870993236224,False
1991-06-18,0.8630952835083008,0.8630952835083008,0.0,0.6589870993236224,False
1991-06-19,0.44964978098869324,0.44964978098869324,0.0,0.0,False
1991-06-20,0.44941866397857666,0.44941866397857666,0.0,0.0,False
1991-06-21,0.44216129183769226,0.44216129183769226,0.0,0.0,False
1991-06-24,0.41418924927711487,0.41418924927711487,0.0,0.0,False
1991-06-25,0.4981366991996765,0.4981366991996765,0.0,0.0,False
1991-06-26,0.5185438990592957,0.5185438990592957,0.0,0.0,False
1991-06-27,0.6025204658508301,0.6025204658508301,0.0,0.4179257268141297,False
1991-06-28,0.503448486328125,0.503448486328125,0.0,0.0,False
1991-07-01,0.7318881750106812,0.7318881750106812,0.0,0.3801541607458543,False
1991-07-02,0.388435959815979,0.388435959815979,0.0,0.0,False
1991-07-03,0.47851505875587463,0.47851505875587463,0.0,0.0,False
1991-07-05,0.5438686013221741,0.5438686013221741,0.0,0.0,False
1991-07-08,0.579217255115509,0.579217255115509,1.0,0.2583297917549472,False
1991-07-09,0.3912855088710785,0.3912855088710785,1.0,0.0,False
1991-07-10,0.35388877987861633,0.35388877987861633,1.0,0.0,False
1991-07-11,0.5311238765716553,0.5311238765716553,1.0,0.0,False
1991-07-12,0.4878349006175995,0.4878349006175995,1.0,0.0,False
1991-07-15,0.49797913432121277,0.49797913432121277,1.0,0.0,False
1991-07-16,0.5957100987434387,0.5957100987434387,1.0,0.24093290257215327,False
1991-07-17,0.4669945538043976,0.4669945538043976,1.0,0.0,False
1991-07-18,0.41587063670158386,0.41587063670158386,1.0,0.0,False
1991-07-19,0.4312942624092102,0.4312942624092102,1.0,0.0,False
1991-07-22,0.42154833674430847,0.42154833674430847,1.0,0.0,False
1991-07-23,0.596064567565918,0.596064567565918,0.0,0.2773116219282388,False
1991-07-24,0.7190077304840088,0.7190077304840088,0.0,0.2773116219282388,False
1991-07-25,0.6388798356056213,0.6388798356056213,0.0,0.2773116219282388,False
1991-07-26,0.6294236779212952,0.6294236779212952,1.0,0.2773116219282388,False
1991-07-29,0.5235225558280945,0.5235225558280945,1.0,0.0,False
1991-07-30,0.5008593201637268,0.5008593201637268,1.0,0.0,False
1991-07-31,0.3885951042175293,0.3885951042175293,1.0,0.0,False
1991-08-01,0.35117197036743164,0.35117197036743164,1.0,0.0,False
1991-08-02,0.40661194920539856,0.40661194920539856,1.0,0.0,False
1991-08-05,0.36691462993621826,0.36691462993621826,0.0,0.0,False
1991-08-06,0.45368850231170654,0.45368850231170654,0.0,0.0,False
1991-08-07,0.4408828914165497,0.4408828914165497,0.0,0.0,False
1991-08-08,0.5623502135276794,0.5623502135276794,1.0,0.3747720780938597,False
1991-08-09,0.6381804943084717,0.6381804943084717,1.0,0.3747720780938597,False
1991-08-12,0.7115185260772705,0.7115185260772705,1.0,0.3747720780938597,False
1991-08-13,0.7975837588310242,0.7975837588310242,1.0,0.3747720780938597,False
1991-08-14,0.7198354601860046,0.7198354601860046,1.0,0.3747720780938597,False
1991-08-15,0.5578545331954956,0.5578545331954956,0.0,0.0,False
1991-08-16,0.5591884851455688,0.5591884851455688,0.0,0.0,False
1991-08-19,0.6740816831588745,0.6740816831588745,0.0,0.3918145142930092,False
1991-08-20,0.32080933451652527,0.32080933451652527,0.0,0.0,False
1991-08-21,0.5554445385932922,0.5554445385932922,1.0,0.0,False
1991-08-22,0.4873028099536896,0.4873028099536896,1.0,0.0,False
1991-08-23,0.46711769700050354,0.46711769700050354,0.0,0.0,False
1991-08-26,0.3665257692337036,0.3665257692337036,0.0,0.0,False
1991-08-27,0.44148415327072144,0.44148415327072144,0.0,0.0,False
1991-08-28,0.3561555743217468,0.3561555743217468,0.0,0.0,False
1991-08-29,0.38763874769210815,0.38763874769210815,0.0,0.0,False
1991-08-30,0.4775882959365845,0.4775882959365845,0.0,0.0,False
1991-09-03,0.4842316806316376,0.4842316806316376,0.0,0.0,False
1991-09-04,0.4571186900138855,0.4571186900138855,0.0,0.0,False
1991-09-05,0.6565584540367126,0.6565584540367126,0.0,0.49997988129216214,False
1991-09-06,0.7401427626609802,0.7401427626609802,0.0,0.49997988129216214,False
1991-09-09,0.7851455211639404,0.7851455211639404,0.0,0.49997988129216214,False
1991-09-10,0.8126456141471863,0.8126456141471863,0.0,0.6368688306908631,False
1991-09-11,0.7779741287231445,0.7779741287231445,0.0,0.6368688306908631,False
1991-09-12,0.5007549524307251,0.5007549524307251,0.0,0.0,False
1991-09-13,0.3074674606323242,0.3074674606323242,0.0,0.0,False
1991-09-16,0.27001526951789856,0.27001526951789856,0.0,0.0,False
1991-09-17,0.3112710416316986,0.3112710416316986,0.0,0.0,False
1991-09-18,0.3402326703071594,0.3402326703071594,0.0,0.0,False
1991-09-19,0.5316891074180603,0.5316891074180603,0.0,0.0,False
1991-09-20,0.3562171161174774,0.3562171161174774,0.0,0.0,False
1991-09-23,0.5011367797851562,0.5011367797851562,0.0,0.0,False
1991-09-24,0.548711895942688,0.548711895942688,0.0,0.0,False
1991-09-25,0.37499600648880005,0.37499600648880005,0.0,0.0,False
1991-09-26,0.5274381041526794,0.5274381041526794,0.0,0.0,False
1991-09-27,0.6169005632400513,0.6169005632400513,0.0,0.46918834193766645,False
1991-09-30,0.5957003831863403,0.5957003831863403,0.0,0.46918834193766645,False
1991-10-01,0.608461856842041,0.608461856842041,0.0,0.46918834193766645,False
1991-10-02,0.5262411236763,0.5262411236763,0.0,0.0,False
1991-10-03,0.669521689414978,0.669521689414978,0.0,0.5076865787039605,False
1991-10-04,0.623075544834137,0.623075544834137,0.0,0.5076865787039605,False
1991-10-07,0.6123353242874146,0.6123353242874146,0.0,0.5076865787039605,False
1991-10-08,0.6705468893051147,0.6705468893051147,0.0,0.5076865787039605,False
1991-10-09,0.7496575713157654,0.7496575713157654,0.0,0.5076865787039605,False
1991-10-10,0.8016548752784729,0.8016548752784729,0.0,0.6267439303397135,False
1991-10-11,0.5859654545783997,0.5859654545783997,0.0,0.7288038478158627,False
1991-10-14,0.7954461574554443,0.7954461574554443,0.0,0.7288038478158627,False
1991-10-15,0.7444714903831482,0.7444714903831482,0.0,0.7288038478158627,False
1991-10-16,0.8212099075317383,0.8212099075317383,0.0,0.7288038478158627,False
1991-10-17,0.8771324753761292,0.8771324753761292,0.0,0.7288038478158627,False
1991-10-18,0.8777757883071899,0.8777757883071899,0.0,0.7288038478158627,False
1991-10-21,0.6411321759223938,0.6411321759223938,0.0,0.7288038478158627,False
1991-10-22,0.5919361114501953,0.5919361114501953,0.0,0.7288038478158627,False
1991-10-23,0.5473841428756714,0.5473841428756714,0.0,0.0,False
1991-10-24,0.47189417481422424,0.47189417481422424,0.0,0.0,False
1991-10-25,0.4366700351238251,0.4366700351238251,0.0,0.0,False
1991-10-28,0.5502505898475647,0.5502505898475647,0.0,0.0,False
1991-10-29,0.5373113751411438,0.5373113751411438,0.0,0.0,False
1991-10-30,0.6143800020217896,0.6143800020217896,0.0,0.7124263752790262,False
1991-10-31,0.4833577573299408,0.4833577573299408,0.0,0.0,False
1991-11-01,0.5817667245864868,0.5817667245864868,0.0,0.6768582677917273,False
1991-11-04,0.8141506910324097,0.8141506910324097,0.0,0.6768582677917273,False
1991-11-05,0.9193614721298218,0.9193614721298218,0.0,0.6768582677917273,False
1991-11-06,0.8310263752937317,0.8310263752937317,0.0,0.6768582677917273,False
1991-11-07,0.84319669008255,0.84319669008255,0.0,0.6768582677917273,False
1991-11-08,0.8180627226829529,0.8180627226829529,0.0,0.6768582677917273,False
1991-11-11,0.726540207862854,0.726540207862854,0.0,0.6768582677917273,False
1991-11-12,0.7130972743034363,0.7130972743034363,0.0,0.6768582677917273,False
1991-11-13,0.7689093947410583,0.7689093947410583,0.0,0.6768582677917273,False
1991-11-14,0.8158488273620605,0.8158488273620605,0.0,0.6768582677917273,False
1991-11-15,0.6287917494773865,0.6287917494773865,0.0,0.48646545823906806,False
1991-11-18,0.5701079964637756,0.5701079964637756,0.0,0.48646545823906806,False
1991-11-19,0.6020562648773193,0.6020562648773193,0.0,0.48646545823906806,False
1991-11-20,0.6384410262107849,0.6384410262107849,0.0,0.48646545823906806,False
1991-11-21,0.6513566970825195,0.6513566970825195,0.0,0.48646545823906806,False
1991-11-22,0.6238403916358948,0.6238403916358948,0.0,0.48646545823906806,False
1991-11-25,0.5377703309059143,0.5377703309059143,0.0,0.0,False
1991-11-26,0.532341480255127,0.532341480255127,0.0,0.0,False
1991-11-27,0.6828665733337402,0.6828665733337402,0.0,0.5199446805481049,False
1991-11-29,0.7184935808181763,0.7184935808181763,0.0,0.5199446805481049,False
1991-12-02,0.679364025592804,0.679364025592804,0.0,0.5199446805481049,False
1991-12-03,0.6247024536132812,0.6247024536132812,0.0,0.5199446805481049,False
1991-12-04,0.6330547332763672,0.6330547332763672,0.0,0.5199446805481049,False
1991-12-05,0.6013367176055908,0.6013367176055908,0.0,0.5199446805481049,False
1991-12-06,0.6779342293739319,0.6779342293739319,0.0,0.5199446805481049,False
1991-12-09,0.5971552133560181,0.5971552133560181,0.0,0.5199446805481049,False
1991-12-10,0.6491944789886475,0.6491944789886475,0.0,0.5199446805481049,False
1991-12-11,0.6387027502059937,0.6387027502059937,0.0,0.5199446805481049,False
1991-12-12,0.6722490787506104,0.6722490787506104,0.0,0.5199446805481049,False
1991-12-13,0.645153820514679,0.645153820514679,0.0,0.5199446805481049,False
1991-12-16,0.6613101959228516,0.6613101959228516,0.0,0.6249806130505356,False
1991-12-17,0.7570866346359253,0.7570866346359253,0.0,0.6249806130505356,False
1991-12-18,0.5929420590400696,0.5929420590400696,0.0,0.6249806130505356,False
1991-12-19,0.7760603427886963,0.7760603427886963,0.0,0.6249806130505356,False
1991-12-20,0.6790028810501099,0.6790028810501099,0.0,0.6249806130505356,False
1991-12-23,0.7009056210517883,0.7009056210517883,0.0,0.6249806130505356,False
1991-12-24,0.6355187296867371,0.6355187296867371,0.0,0.6249806130505356,False
1991-12-26,0.6305007338523865,0.6305007338523865,0.0,0.6249806130505356,False
1991-12-27,0.7025465965270996,0.7025465965270996,0.0,0.6249806130505356,False
1991-12-30,0.7157258987426758,0.7157258987426758,0.0,0.6249806130505356,False
1991-12-31,0.5312553644180298,0.5312553644180298,0.0,0.0,False
1992-01-02,0.3793259263038635,0.3793259263038635,0.0,0.0,False
1992-01-03,0.5208475589752197,0.5208475589752197,0.0,0.0,False
1992-01-06,0.6937966346740723,0.6937966346740723,0.0,0.6412353536492128,False
1992-01-07,0.8142019510269165,0.8142019510269165,0.0,0.6412353536492128,False
1992-01-08,0.8412060141563416,0.8412060141563416,0.0,0.6412353536492128,False
1992-01-09,0.7881671786308289,0.7881671786308289,0.0,0.6412353536492128,False
1992-01-10,0.6751904487609863,0.6751904487609863,0.0,0.6412353536492128,False
1992-01-13,0.6744543313980103,0.6744543313980103,0.0,0.6412353536492128,False
1992-01-14,0.647179365158081,0.647179365158081,0.0,0.6412353536492128,False
1992-01-15,0.6607115268707275,0.6607115268707275,0.0,0.6412353536492128,False
1992-01-16,0.4922838807106018,0.4922838807106018,0.0,0.0,False
1992-01-17,0.46984678506851196,0.46984678506851196,0.0,0.0,False
1992-01-20,0.5138824582099915,0.5138824582099915,0.0,0.0,False
1992-01-21,0.5301759243011475,0.5301759243011475,0.0,0.0,False
1992-01-22,0.6568925380706787,0.6568925380706787,0.0,0.4079729216469908,False
1992-01-23,0.555687665939331,0.555687665939331,0.0,0.0,False
1992-01-24,0.5161415934562683,0.5161415934562683,0.0,0.0,False
1992-01-27,0.5502001643180847,0.5502001643180847,0.0,0.0,False
1992-01-28,0.6282358169555664,0.6282358169555664,0.0,0.3853967254435015,False
1992-01-29,0.6655386090278625,0.6655386090278625,0.0,0.3853967254435015,False
1992-01-30,0.45360204577445984,0.45360204577445984,0.0,0.0,False
1992-01-31,0.6766875386238098,0.6766875386238098,0.0,0.3665557583437432,False
1992-02-03,0.6850050687789917,0.6850050687789917,1.0,0.3665557583437432,False
1992-02-04,0.5608742237091064,0.5608742237091064,1.0,0.3665557583437432,False
1992-02-05,0.6480438113212585,0.6480438113212585,1.0,0.3665557583437432,False
1992-02-06,0.5747876763343811,0.5747876763343811,1.0,0.3665557583437432,False
1992-02-07,0.5483769774436951,0.5483769774436951,1.0,0.0,False
1992-02-10,0.3923015296459198,0.3923015296459198,1.0,0.0,False
1992-02-11,0.3720535933971405,0.3720535933971405,1.0,0.0,False
1992-02-12,0.5334821939468384,0.5334821939468384,1.0,0.0,False
1992-02-13,0.5302597880363464,0.5302597880363464,0.0,0.0,False
1992-02-14,0.5466989874839783,0.5466989874839783,0.0,0.0,False
1992-02-18,0.5659867525100708,0.5659867525100708,0.0,0.39346974204290763,False
1992-02-19,0.45671582221984863,0.45671582221984863,0.0,0.0,False
1992-02-20,0.5234334468841553,0.5234334468841553,0.0,0.0,False
1992-02-21,0.46712154150009155,0.46712154150009155,0.0,0.0,False
1992-02-24,0.39749932289123535,0.39749932289123535,0.0,0.0,False
1992-02-25,0.34088197350502014,0.34088197350502014,0.0,0.0,False
1992-02-26,0.684840738773346,0.684840738773346,0.0,0.3855872136037214,False
1992-02-27,0.6799947023391724,0.6799947023391724,0.0,0.3855872136037214,False
1992-02-28,0.6230687499046326,0.6230687499046326,0.0,0.3855872136037214,False
1992-03-02,0.6086220741271973,0.6086220741271973,0.0,0.3855872136037214,False
1992-03-03,0.548462986946106,0.548462986946106,0.0,0.0,False
1992-03-04,0.32447412610054016,0.32447412610054016,0.0,0.0,False
1992-03-05,0.5290889143943787,0.5290889143943787,0.0,0.0,False
1992-03-06,0.4280233085155487,0.4280233085155487,0.0,0.0,False
1992-03-09,0.40780824422836304,0.40780824422836304,0.0,0.0,False
1992-03-10,0.3200584650039673,0.3200584650039673,0.0,0.0,False
1992-03-11,0.34559375047683716,0.34559375047683716,0.0,0.0,False
1992-03-12,0.37201884388923645,0.37201884388923645,0.0,0.0,False
1992-03-13,0.31608647108078003,0.31608647108078003,0.0,0.0,False
1992-03-16,0.3030378818511963,0.3030378818511963,0.0,0.0,False
1992-03-17,0.7642732262611389,0.7642732262611389,0.0,0.452788278695554,False
1992-03-18,0.516128659248352,0.516128659248352,0.0,0.0,False
1992-03-19,0.5593243837356567,0.5593243837356567,0.0,0.0,False
1992-03-20,0.6938201785087585,0.6938201785087585,0.0,0.5131385379043373,False
1992-03-23,0.6760954260826111,0.6760954260826111,0.0,0.5131385379043373,False
1992-03-24,0.627734363079071,0.627734363079071,0.0,0.5131385379043373,False
1992-03-25,0.7216596007347107,0.7216596007347107,0.0,0.6400684883146561,False
1992-03-26,0.5414400696754456,0.5414400696754456,0.0,0.0,False
1992-03-27,0.5987226366996765,0.5987226366996765,0.0,0.5690022184289084,False
1992-03-30,0.5461717844009399,0.5461717844009399,0.0,0.0,False
1992-03-31,0.5579178333282471,0.5579178333282471,0.0,0.0,False
1992-04-01,0.6310417652130127,0.6310417652130127,0.0,0.5439837501953054,False
1992-04-02,0.531259298324585,0.531259298324585,0.0,0.0,False
1992-04-03,0.5549798607826233,0.5549798607826233,0.0,0.0,False
1992-04-06,0.5011955499649048,0.5011955499649048,0.0,0.0,False
1992-04-07,0.5749742388725281,0.5749742388725281,0.0,0.45739449056886966,False
1992-04-08,0.49988165497779846,0.49988165497779846,0.0,0.0,False
1992-04-09,0.38071930408477783,0.38071930408477783,0.0,0.0,False
1992-04-10,0.5702264308929443,0.5702264308929443,0.0,0.4180113065618278,False
1992-04-13,0.3602428734302521,0.3602428734302521,0.0,0.0,False
1992-04-14,0.3604625463485718,0.3604625463485718,0.0,0.0,False
1992-04-15,0.7089782953262329,0.7089782953262329,1.0,0.30338728779227253,False
1992-04-16,0.6200428605079651,0.6200428605079651,1.0,0.30338728779227253,False
1992-04-20,0.5714070200920105,0.5714070200920105,1.0,0.30338728779227253,False
1992-04-21,0.5196521282196045,0.5196521282196045,1.0,0.0,False
1992-04-22,0.42317071557044983,0.42317071557044983,1.0,0.0,False
1992-04-23,0.6323434114456177,0.6323434114456177,1.0,0.2651773868584037,False
1992-04-24,0.715876579284668,0.715876579284668,1.0,0.2651773868584037,False
1992-04-27,0.690397322177887,0.690397322177887,1.0,0.2651773868584037,False
1992-04-28,0.7195517420768738,0.7195517420768738,1.0,0.2651773868584037,False
1992-04-29,0.7671036124229431,0.7671036124229431,1.0,0.2651773868584037,False
1992-04-30,0.6509962677955627,0.6509962677955627,1.0,0.2651773868584037,False
1992-05-01,0.5490639805793762,0.5490639805793762,1.0,0.0,False
1992-05-04,0.5761700868606567,0.5761700868606567,1.0,0.25805016706509437,False
1992-05-05,0.29878419637680054,0.29878419637680054,1.0,0.0,False
1992-05-06,0.43760231137275696,0.43760231137275696,1.0,0.0,False
1992-05-07,0.33641770482063293,0.33641770482063293,1.0,0.0,False
1992-05-08,0.5134183168411255,0.5134183168411255,1.0,0.0,False
1992-05-11,0.5936455130577087,0.5936455130577087,1.0,0.2813557771292509,False
1992-05-12,0.6221714019775391,0.6221714019775391,1.0,0.2813557771292509,False
1992-05-13,0.7009068727493286,0.7009068727493286,1.0,0.2813557771292509,False
1992-05-14,0.7825791835784912,0.7825791835784912,0.0,0.40434131419948405,False
1992-05-15,0.7599769830703735,0.7599769830703735,0.0,0.40434131419948405,False
1992-05-18,0.5732391476631165,0.5732391476631165,0.0,0.5156712247042969,False
1992-05-19,0.4728955030441284,0.4728955030441284,0.0,0.0,False
1992-05-20,0.4103195369243622,0.4103195369243622,0.0,0.0,False
1992-05-21,0.354611873626709,0.354611873626709,0.0,0.0,False
1992-05-22,0.3416560888290405,0.3416560888290405,0.0,0.0,False
1992-05-26,0.4893771708011627,0.4893771708011627,0.0,0.0,False
1992-05-27,0.644131064414978,0.644131064414978,0.0,0.6580874382574149,False
1992-05-28,0.557539701461792,0.557539701461792,0.0,0.0,False
1992-05-29,0.6605159640312195,0.6605159640312195,0.0,0.6118752681501279,False
1992-06-01,0.6459201574325562,0.6459201574325562,0.0,0.6118752681501279,False
1992-06-02,0.5702199339866638,0.5702199339866638,0.0,0.6118752681501279,False
1992-06-03,0.5690051317214966,0.5690051317214966,0.0,0.6118752681501279,False
1992-06-04,0.5138394236564636,0.5138394236564636,0.0,0.0,False
1992-06-05,0.5725828409194946,0.5725828409194946,0.0,0.6288340076583017,False
1992-06-08,0.6454169750213623,0.6454169750213623,0.0,0.6288340076583017,False
1992-06-09,0.4928000569343567,0.4928000569343567,0.0,0.0,False
1992-06-10,0.6290767788887024,0.6290767788887024,0.0,0.5262867054966347,False
1992-06-11,0.6804201006889343,0.6804201006889343,0.0,0.5262867054966347,False
1992-06-12,0.5832788348197937,0.5832788348197937,0.0,0.5262867054966347,False
1992-06-15,0.6495503783226013,0.6495503783226013,0.0,0.5262867054966347,False
1992-06-16,0.7036818265914917,0.7036818265914917,0.0,0.4130985612790505,False
1992-06-17,0.652590274810791,0.652590274810791,0.0,0.4130985612790505,False
1992-06-18,0.6484933495521545,0.6484933495521545,0.0,0.4130985612790505,False
1992-06-19,0.5956479907035828,0.5956479907035828,0.0,0.4130985612790505,False
1992-06-22,0.47649940848350525,0.47649940848350525,0.0,0.0,False
1992-06-23,0.4183085262775421,0.4183085262775421,0.0,0.0,False
1992-06-24,0.5237316489219666,0.5237316489219666,0.0,0.0,False
1992-06-25,0.6039114594459534,0.6039114594459534,0.0,0.43097818554217543,False
1992-06-26,0.6755390763282776,0.6755390763282776,0.0,0.43097818554217543,False
1992-06-29,0.5957918763160706,0.5957918763160706,1.0,0.31609505125378184,False
1992-06-30,0.6079967021942139,0.6079967021942139,1.0,0.31609505125378184,False
1992-07-01,0.42735353112220764,0.42735353112220764,1.0,0.0,False
1992-07-02,0.6080011129379272,0.6080011129379272,1.0,0.2953229584952286,False
1992-07-06,0.5357763767242432,0.5357763767242432,1.0,0.0,False
1992-07-07,0.6982179284095764,0.6982179284095764,1.0,0.2958486473955956,False
1992-07-08,0.793348491191864,0.793348491191864,1.0,0.2958486473955956,False
1992-07-09,0.7833397388458252,0.7833397388458252,1.0,0.2958486473955956,False
1992-07-10,0.579348623752594,0.579348623752594,1.0,0.2958486473955956,False
1992-07-13,0.4716273844242096,0.4716273844242096,1.0,0.0,False
1992-07-14,0.6082486510276794,0.6082486510276794,1.0,0.32569911268950724,False
1992-07-15,0.5946254730224609,0.5946254730224609,1.0,0.32569911268950724,False
1992-07-16,0.5416275858879089,0.5416275858879089,1.0,0.0,False
1992-07-17,0.655457615852356,0.655457615852356,1.0,0.3315935300696163,False
1992-07-20,0.5907578468322754,0.5907578468322754,1.0,0.3315935300696163,False
1992-07-21,0.426146000623703,0.426146000623703,1.0,0.0,False
1992-07-22,0.6336072683334351,0.6336072683334351,1.0,0.316238167509011,False
1992-07-23,0.5274437665939331,0.5274437665939331,1.0,0.0,False
1992-07-24,0.43138033151626587,0.43138033151626587,1.0,0.0,False
1992-07-27,0.4420304298400879,0.4420304298400879,1.0,0.0,False
1992-07-28,0.4124254286289215,0.4124254286289215,0.0,0.0,False
1992-07-29,0.28048279881477356,0.28048279881477356,0.0,0.0,False
1992-07-30,0.34166252613067627,0.34166252613067627,0.0,0.0,False
1992-07-31,0.5339961647987366,0.5339961647987366,0.0,0.0,False
1992-08-03,0.5282819271087646,0.5282819271087646,0.0,0.0,False
1992-08-04,0.5102472305297852,0.5102472305297852,0.0,0.0,False
1992-08-05,0.5204789042472839,0.5204789042472839,0.0,0.0,False
1992-08-06,0.49870800971984863,0.49870800971984863,0.0,0.0,False
1992-08-07,0.5146202445030212,0.5146202445030212,0.0,0.0,False
1992-08-10,0.6931524872779846,0.6931524872779846,0.0,0.5591351928725246,False
1992-08-11,0.6771446466445923,0.6771446466445923,0.0,0.5591351928725246,False
1992-08-12,0.4883943200111389,0.4883943200111389,0.0,0.0,False
1992-08-13,0.5724631547927856,0.5724631547927856,0.0,0.5762800421614553,False
1992-08-14,0.7251184582710266,0.7251184582710266,0.0,0.5762800421614553,False
1992-08-17,0.740276038646698,0.740276038646698,0.0,0.5762800421614553,False
1992-08-18,0.5118022561073303,0.5118022561073303,0.0,0.0,False
1992-08-19,0.40152648091316223,0.40152648091316223,0.0,0.0,False
1992-08-20,0.4140411615371704,0.4140411615371704,0.0,0.0,False
1992-08-21,0.42921438813209534,0.42921438813209534,0.0,0.0,False
1992-08-24,0.4242972135543823,0.4242972135543823,0.0,0.0,False
1992-08-25,0.36235281825065613,0.36235281825065613,0.0,0.0,False
1992-08-26,0.30768418312072754,0.30768418312072754,0.0,0.0,False
1992-08-27,0.4829346537590027,0.4829346537590027,0.0,0.0,False
1992-08-28,0.3397928476333618,0.3397928476333618,0.0,0.0,False
1992-08-31,0.3615792393684387,0.3615792393684387,0.0,0.0,False
1992-09-01,0.35544919967651367,0.35544919967651367,0.0,0.0,False
1992-09-02,0.38784563541412354,0.38784563541412354,0.0,0.0,False
1992-09-03,0.4206623435020447,0.4206623435020447,0.0,0.0,False
1992-09-04,0.3183942437171936,0.3183942437171936,0.0,0.0,False
1992-09-08,0.4631456136703491,0.4631456136703491,0.0,0.0,False
1992-09-09,0.41989371180534363,0.41989371180534363,0.0,0.0,False
1992-09-10,0.43294307589530945,0.43294307589530945,0.0,0.0,False
1992-09-11,0.3961372971534729,0.3961372971534729,0.0,0.0,False
1992-09-14,0.6912264823913574,0.6912264823913574,0.0,0.6535142285360664,False
1992-09-15,0.46039777994155884,0.46039777994155884,0.0,0.0,False
1992-09-16,0.4248181879520416,0.4248181879520416,0.0,0.0,False
1992-09-17,0.5195547342300415,0.5195547342300415,0.0,0.0,False
1992-09-18,0.6874569654464722,0.6874569654464722,0.0,0.6574990611008709,False
1992-09-21,0.5331213474273682,0.5331213474273682,0.0,0.0,False
1992-09-22,0.6405577063560486,0.6405577063560486,0.0,0.6348426951311671,False
1992-09-23,0.7748149633407593,0.7748149633407593,0.0,0.6348426951311671,False
1992-09-24,0.7405756711959839,0.7405756711959839,0.0,0.6348426951311671,False
1992-09-25,0.8397288918495178,0.8397288918495178,0.0,0.6348426951311671,False
1992-09-28,0.8259351849555969,0.8259351849555969,0.0,0.6348426951311671,False
1992-09-29,0.7510638236999512,0.7510638236999512,0.0,0.6348426951311671,False
1992-09-30,0.7570105195045471,0.7570105195045471,0.0,0.6348426951311671,False
1992-10-01,0.6961348056793213,0.6961348056793213,0.0,0.6348426951311671,False
1992-10-02,0.6661713719367981,0.6661713719367981,0.0,0.6348426951311671,False
1992-10-05,0.8227963447570801,0.8227963447570801,0.0,0.5054513357034978,False
1992-10-06,0.6716253161430359,0.6716253161430359,0.0,0.5054513357034978,False
1992-10-07,0.6321285963058472,0.6321285963058472,0.0,0.5054513357034978,False
1992-10-08,0.655453085899353,0.655453085899353,0.0,0.5054513357034978,False
1992-10-09,0.5058262944221497,0.5058262944221497,0.0,0.0,False
1992-10-12,0.6315486431121826,0.6315486431121826,0.0,0.5112054633416067,False
1992-10-13,0.632449746131897,0.632449746131897,0.0,0.5112054633416067,False
1992-10-14,0.6348411440849304,0.6348411440849304,0.0,0.5112054633416067,False
1992-10-15,0.599834680557251,0.599834680557251,0.0,0.5112054633416067,False
1992-10-16,0.6706933379173279,0.6706933379173279,0.0,0.5112054633416067,False
1992-10-19,0.6687154173851013,0.6687154173851013,0.0,0.5112054633416067,False
1992-10-20,0.5420842170715332,0.5420842170715332,0.0,0.0,False
1992-10-21,0.5902108550071716,0.5902108550071716,0.0,0.5201845255234114,False
1992-10-22,0.5696200728416443,0.5696200728416443,0.0,0.5201845255234114,False
1992-10-23,0.5215182900428772,0.5215182900428772,0.0,0.0,False
1992-10-26,0.5701988339424133,0.5701988339424133,0.0,0.5691257543020757,False
1992-10-27,0.5099104642868042,0.5099104642868042,0.0,0.0,False
1992-10-28,0.43164217472076416,0.43164217472076416,0.0,0.0,False
1992-10-29,0.42049238085746765,0.42049238085746765,0.0,0.0,False
1992-10-30,0.464903861284256,0.464903861284256,0.0,0.0,False
1992-11-02,0.5992459654808044,0.5992459654808044,0.0,0.6165789735180556,False
1992-11-03,0.6749551296234131,0.6749551296234131,0.0,0.6165789735180556,False
1992-11-04,0.7391164898872375,0.7391164898872375,0.0,0.6165789735180556,False
1992-11-05,0.797069251537323,0.797069251537323,0.0,0.6165789735180556,False
1992-11-06,0.6755697131156921,0.6755697131156921,0.0,0.6165789735180556,False
1992-11-09,0.6459490060806274,0.6459490060806274,0.0,0.6165789735180556,False
1992-11-10,0.5633077025413513,0.5633077025413513,0.0,0.6165789735180556,False
1992-11-11,0.6286459565162659,0.6286459565162659,0.0,0.6165789735180556,False
1992-11-12,0.5812405943870544,0.5812405943870544,0.0,0.6165789735180556,False
1992-11-13,0.5521587133407593,0.5521587133407593,0.0,0.0,False
1992-11-16,0.5268233418464661,0.5268233418464661,0.0,0.0,False
1992-11-17,0.6128758192062378,0.6128758192062378,0.0,0.5786932953111584,False
1992-11-18,0.7536579370498657,0.7536579370498657,0.0,0.5786932953111584,False
1992-11-19,0.7281830310821533,0.7281830310821533,0.0,0.5786932953111584,False
1992-11-20,0.7476521730422974,0.7476521730422974,0.0,0.5786932953111584,False
1992-11-23,0.4559572637081146,0.4559572637081146,0.0,0.0,False
1992-11-24,0.6965633034706116,0.6965633034706116,0.0,0.40333089114699133,False
1992-11-25,0.5873473882675171,0.5873473882675171,0.0,0.40333089114699133,False
1992-11-27,0.5463234782218933,0.5463234782218933,0.0,0.0,False
1992-11-30,0.6576843857765198,0.6576843857765198,0.0,0.4086166879749644,False
1992-12-01,0.7108546495437622,0.7108546495437622,0.0,0.4086166879749644,False
1992-12-02,0.5821154713630676,0.5821154713630676,0.0,0.4086166879749644,False
1992-12-03,0.6559964418411255,0.6559964418411255,0.0,0.4086166879749644,False
1992-12-04,0.6055485010147095,0.6055485010147095,0.0,0.4086166879749644,False
1992-12-07,0.7419957518577576,0.7419957518577576,0.0,0.4086166879749644,False
1992-12-08,0.670037031173706,0.670037031173706,0.0,0.4086166879749644,False
1992-12-09,0.5466369986534119,0.5466369986534119,0.0,0.0,False
1992-12-10,0.48290953040122986,0.48290953040122986,0.0,0.0,False
1992-12-11,0.5768014192581177,0.5768014192581177,0.0,0.3935605348410906,False
1992-12-14,0.5181567072868347,0.5181567072868347,0.0,0.0,False
1992-12-15,0.5064471364021301,0.5064471364021301,0.0,0.0,False
1992-12-16,0.6277862787246704,0.6277862787246704,0.0,0.4025462182912067,False
1992-12-17,0.4947052299976349,0.4947052299976349,0.0,0.0,False
1992-12-18,0.5022979378700256,0.5022979378700256,0.0,0.0,False
1992-12-21,0.5402966737747192,0.5402966737747192,0.0,0.0,False
1992-12-22,0.47277018427848816,0.47277018427848816,0.0,0.0,False
1992-12-23,0.5690622925758362,0.5690622925758362,0.0,0.5467219240081371,False
1992-12-24,0.4808320701122284,0.4808320701122284,0.0,0.0,False
1992-12-28,0.4821321666240692,0.4821321666240692,0.0,0.0,False
1992-12-29,0.5331525802612305,0.5331525802612305,0.0,0.0,False
1992-12-30,0.6541579961776733,0.6541579961776733,0.0,0.5619468966939442,False
1992-12-31,0.5934677720069885,0.5934677720069885,0.0,0.5619468966939442,False
1993-01-04,0.7093472480773926,0.7093472480773926,0.0,0.5619468966939442,False
1993-01-05,0.6251300573348999,0.6251300573348999,0.0,0.5619468966939442,False
1993-01-06,0.5598911046981812,0.5598911046981812,0.0,0.0,False
1993-01-07,0.46135106682777405,0.46135106682777405,0.0,0.0,False
1993-01-08,0.4685031473636627,0.4685031473636627,0.0,0.0,False
1993-01-11,0.4855322241783142,0.4855322241783142,0.0,0.0,False
1993-01-12,0.5257862210273743,0.5257862210273743,0.0,0.0,False
1993-01-13,0.44764548540115356,0.44764548540115356,0.0,0.0,False
1993-01-14,0.3961581587791443,0.3961581587791443,0.0,0.0,False
1993-01-15,0.365344375371933,0.365344375371933,0.0,0.0,False
1993-01-18,0.4015539288520813,0.4015539288520813,0.0,0.0,False
1993-01-19,0.3671198785305023,0.3671198785305023,0.0,0.0,False
1993-01-20,0.36189892888069153,0.36189892888069153,0.0,0.0,False
1993-01-21,0.4910252094268799,0.4910252094268799,0.0,0.0,False
1993-01-22,0.4105370044708252,0.4105370044708252,0.0,0.0,False
1993-01-25,0.4114941954612732,0.4114941954612732,0.0,0.0,False
1993-01-26,0.42335379123687744,0.42335379123687744,0.0,0.0,False
1993-01-27,0.5867044925689697,0.5867044925689697,0.0,0.6942574430572409,False
1993-01-28,0.6399049758911133,0.6399049758911133,0.0,0.6942574430572409,False
1993-01-29,0.5489575862884521,0.5489575862884521,0.0,0.0,False
1993-02-01,0.5035821795463562,0.5035821795463562,0.0,0.0,False
1993-02-02,0.6074556708335876,0.6074556708335876,0.0,0.6813446607655937,False
1993-02-03,0.6401098966598511,0.6401098966598511,0.0,0.6813446607655937,False
1993-02-04,0.6244208812713623,0.6244208812713623,0.0,0.6813446607655937,False
1993-02-05,0.7051555514335632,0.7051555514335632,0.0,0.5244054982871881,False
1993-02-08,0.39034053683280945,0.39034053683280945,0.0,0.0,False
1993-02-09,0.5960010290145874,0.5960010290145874,0.0,0.48441707938526474,False
1993-02-10,0.48063868284225464,0.48063868284225464,0.0,0.0,False
1993-02-11,0.4271389842033386,0.4271389842033386,0.0,0.0,False
1993-02-12,0.5570052862167358,0.5570052862167358,0.0,0.0,False
1993-02-16,0.717016339302063,0.717016339302063,0.0,0.43855582306094254,False
1993-02-17,0.6400532722473145,0.6400532722473145,0.0,0.43855582306094254,False
1993-02-18,0.6964474320411682,0.6964474320411682,0.0,0.43855582306094254,False
1993-02-19,0.7048321962356567,0.7048321962356567,0.0,0.43855582306094254,False
1993-02-22,0.7286787629127502,0.7286787629127502,0.0,0.43855582306094254,False
1993-02-23,0.7275366187095642,0.7275366187095642,0.0,0.43855582306094254,False
1993-02-24,0.5715582966804504,0.5715582966804504,1.0,0.331530127103825,False
1993-02-25,0.4748997390270233,0.4748997390270233,1.0,0.0,False
1993-02-26,0.4102122485637665,0.4102122485637665,1.0,0.0,False
1993-03-01,0.4226280748844147,0.4226280748844147,1.0,0.0,False
1993-03-02,0.48259371519088745,0.48259371519088745,1.0,0.0,False
1993-03-03,0.5170959234237671,0.5170959234237671,1.0,0.0,False
1993-03-04,0.4951842725276947,0.4951842725276947,1.0,0.0,False
1993-03-05,0.5337583422660828,0.5337583422660828,1.0,0.0,False
1993-03-08,0.6361876130104065,0.6361876130104065,0.0,0.35775264059693684,False
1993-03-09,0.49654844403266907,0.49654844403266907,0.0,0.0,False
1993-03-10,0.41279375553131104,0.41279375553131104,0.0,0.0,False
1993-03-11,0.3830111026763916,0.3830111026763916,0.0,0.0,False
1993-03-12,0.6414142847061157,0.6414142847061157,0.0,0.37025970632387684,False
1993-03-15,0.362527072429657,0.362527072429657,0.0,0.0,False
1993-03-16,0.41639643907546997,0.41639643907546997,0.0,0.0,False
1993-03-17,0.4341862201690674,0.4341862201690674,0.0,0.0,False
1993-03-18,0.4326154291629791,0.4326154291629791,0.0,0.0,False
1993-03-19,0.452970415353775,0.452970415353775,0.0,0.0,False
1993-03-22,0.4089878797531128,0.4089878797531128,1.0,0.0,False
1993-03-23,0.47256526350975037,0.47256526350975037,0.0,0.0,False
1993-03-24,0.5786040425300598,0.5786040425300598,0.0,0.5138686093322886,False
1993-03-25,0.5577245354652405,0.5577245354652405,0.0,0.0,False
1993-03-26,0.3769979178905487,0.3769979178905487,0.0,0.0,False
1993-03-29,0.5064663290977478,0.5064663290977478,0.0,0.0,False
1993-03-30,0.7264769077301025,0.7264769077301025,0.0,0.5144832450160106,False
1993-03-31,0.6689829230308533,0.6689829230308533,0.0,0.5144832450160106,False
1993-04-01,0.644454836845398,0.644454836845398,0.0,0.5144832450160106,False
1993-04-02,0.6384783387184143,0.6384783387184143,0.0,0.5144832450160106,False
1993-04-05,0.5931485891342163,0.5931485891342163,0.0,0.5144832450160106,False
1993-04-06,0.6583303809165955,0.6583303809165955,0.0,0.5144832450160106,False
1993-04-07,0.6305071115493774,0.6305071115493774,0.0,0.5144832450160106,False
1993-04-08,0.6845163106918335,0.6845163106918335,0.0,0.5144832450160106,False
1993-04-12,0.628571093082428,0.628571093082428,0.0,0.5144832450160106,False
1993-04-13,0.5558887720108032,0.5558887720108032,0.0,0.0,False
1993-04-14,0.6032935380935669,0.6032935380935669,0.0,0.4722086998839195,False
1993-04-15,0.41484904289245605,0.41484904289245605,0.0,0.0,False
1993-04-16,0.45387399196624756,0.45387399196624756,0.0,0.0,False
1993-04-19,0.41979891061782837,0.41979891061782837,0.0,0.0,False
1993-04-20,0.400044709444046,0.400044709444046,0.0,0.0,False
1993-04-21,0.5974396467208862,0.5974396467208862,0.0,0.4747738407710566,False
1993-04-22,0.6249443292617798,0.6249443292617798,0.0,0.4747738407710566,False
1993-04-23,0.7582086324691772,0.7582086324691772,0.0,0.4747738407710566,False
1993-04-26,0.7640277743339539,0.7640277743339539,0.0,0.4747738407710566,False
1993-04-27,0.4569924771785736,0.4569924771785736,0.0,0.0,False
1993-04-28,0.36305198073387146,0.36305198073387146,0.0,0.0,False
1993-04-29,0.3755902051925659,0.3755902051925659,0.0,0.0,False
1993-04-30,0.4506230652332306,0.4506230652332306,0.0,0.0,False
1993-05-03,0.506495475769043,0.506495475769043,0.0,0.0,False
1993-05-04,0.5115062594413757,0.5115062594413757,0.0,0.0,False
1993-05-05,0.5663787722587585,0.5663787722587585,0.0,0.5415445684053884,False
1993-05-06,0.31549888849258423,0.31549888849258423,0.0,0.0,False
1993-05-07,0.28140488266944885,0.28140488266944885,0.0,0.0,False
1993-05-10,0.5185714960098267,0.5185714960098267,0.0,0.0,False
1993-05-11,0.3370911180973053,0.3370911180973053,0.0,0.0,False
1993-05-12,0.4173539876937866,0.4173539876937866,0.0,0.0,False
1993-05-13,0.34281668066978455,0.34281668066978455,0.0,0.0,False
1993-05-14,0.5034779906272888,0.5034779906272888,0.0,0.0,False
1993-05-17,0.40765297412872314,0.40765297412872314,0.0,0.0,False
1993-05-18,0.3719002902507782,0.3719002902507782,0.0,0.0,False
1993-05-19,0.7057434916496277,0.7057434916496277,0.0,0.45285108256664525,False
1993-05-20,0.48396092653274536,0.48396092653274536,0.0,0.0,False
1993-05-21,0.5731443762779236,0.5731443762779236,0.0,0.4743923483673065,False
1993-05-24,0.5305234789848328,0.5305234789848328,0.0,0.0,False
1993-05-25,0.5005367994308472,0.5005367994308472,0.0,0.0,False
1993-05-26,0.6111940741539001,0.6111940741539001,0.0,0.4844064106285076,False
1993-05-27,0.5572319030761719,0.5572319030761719,0.0,0.0,False
1993-05-28,0.6040553450584412,0.6040553450584412,0.0,0.46642703555854204,False
1993-06-01,0.6582008600234985,0.6582008600234985,0.0,0.46642703555854204,False
1993-06-02,0.6089699864387512,0.6089699864387512,0.0,0.46642703555854204,False
1993-06-03,0.49871763586997986,0.49871763586997986,0.0,0.0,False
1993-06-04,0.5895335078239441,0.5895335078239441,0.0,0.4507446394655847,False
1993-06-07,0.5720333456993103,0.5720333456993103,0.0,0.4507446394655847,False
1993-06-08,0.7116879820823669,0.7116879820823669,0.0,0.4507446394655847,False
1993-06-09,0.7473786473274231,0.7473786473274231,0.0,0.4507446394655847,False
1993-06-10,0.6921502351760864,0.6921502351760864,0.0,0.4507446394655847,False
1993-06-11,0.6152549386024475,0.6152549386024475,0.0,0.4507446394655847,False
1993-06-14,0.6310677528381348,0.6310677528381348,0.0,0.4507446394655847,False
1993-06-15,0.5864232182502747,0.5864232182502747,0.0,0.4507446394655847,False
1993-06-16,0.5537209510803223,0.5537209510803223,0.0,0.0,False
1993-06-17,0.5280669331550598,0.5280669331550598,0.0,0.0,False
1993-06-18,0.4149734079837799,0.4149734079837799,0.0,0.0,False
1993-06-21,0.48109614849090576,0.48109614849090576,0.0,0.0,False
1993-06-22,0.5553926825523376,0.5553926825523376,0.0,0.0,False
1993-06-23,0.3853459358215332,0.3853459358215332,0.0,0.0,False
1993-06-24,0.48148396611213684,0.48148396611213684,0.0,0.0,False
1993-06-25,0.4349420964717865,0.4349420964717865,0.0,0.0,False
1993-06-28,0.5102552175521851,0.5102552175521851,0.0,0.0,False
1993-06-29,0.5455330014228821,0.5455330014228821,0.0,0.0,False
1993-06-30,0.5557922720909119,0.5557922720909119,0.0,0.0,False
1993-07-01,0.6565931439399719,0.6565931439399719,0.0,0.6393362974091676,False
1993-07-02,0.5471466779708862,0.5471466779708862,0.0,0.0,False
1993-07-06,0.715250551700592,0.715250551700592,0.0,0.6307700759982818,False
1993-07-07,0.7380086779594421,0.7380086779594421,0.0,0.6307700759982818,False
1993-07-08,0.7465863227844238,0.7465863227844238,0.0,0.6307700759982818,False
1993-07-09,0.6816058158874512,0.6816058158874512,0.0,0.6307700759982818,False
1993-07-12,0.6386830806732178,0.6386830806732178,0.0,0.6307700759982818,False
1993-07-13,0.6135993599891663,0.6135993599891663,0.0,0.6307700759982818,False
1993-07-14,0.578625500202179,0.578625500202179,0.0,0.6307700759982818,False
1993-07-15,0.664954662322998,0.664954662322998,0.0,0.6307700759982818,False
1993-07-16,0.773285984992981,0.773285984992981,0.0,0.6307700759982818,False
1993-07-19,0.8644078373908997,0.8644078373908997,0.0,0.6307700759982818,False
1993-07-20,0.7833139896392822,0.7833139896392822,0.0,0.6307700759982818,False
1993-07-21,0.8514360189437866,0.8514360189437866,0.0,0.6307700759982818,False
1993-07-22,0.8462932705879211,0.8462932705879211,0.0,0.6307700759982818,False
1993-07-23,0.8380148410797119,0.8380148410797119,0.0,0.6307700759982818,False
1993-07-26,0.7706027626991272,0.7706027626991272,0.0,0.6307700759982818,False
1993-07-27,0.8020146489143372,0.8020146489143372,0.0,0.6307700759982818,False
1993-07-28,0.6669885516166687,0.6669885516166687,0.0,0.4918803906434974,False
1993-07-29,0.5569002628326416,0.5569002628326416,0.0,0.0,False
1993-07-30,0.6985659599304199,0.6985659599304199,0.0,0.40339006969871677,False
1993-08-02,0.7001864314079285,0.7001864314079285,0.0,0.40339006969871677,False
1993-08-03,0.6134614944458008,0.6134614944458008,0.0,0.40339006969871677,False
1993-08-04,0.807003378868103,0.807003378868103,0.0,0.40339006969871677,False
1993-08-05,0.664760172367096,0.664760172367096,0.0,0.40339006969871677,False
1993-08-06,0.6177961826324463,0.6177961826324463,0.0,0.40339006969871677,False
1993-08-09,0.6013974547386169,0.6013974547386169,0.0,0.40339006969871677,False
1993-08-10,0.7074781656265259,0.7074781656265259,0.0,0.40339006969871677,False
1993-08-11,0.7183743119239807,0.7183743119239807,0.0,0.40339006969871677,False
1993-08-12,0.6531066298484802,0.6531066298484802,0.0,0.40339006969871677,False
1993-08-13,0.5726271271705627,0.5726271271705627,0.0,0.40339006969871677,False
1993-08-16,0.4497540295124054,0.4497540295124054,0.0,0.0,False
1993-08-17,0.3233632445335388,0.3233632445335388,0.0,0.0,False
1993-08-18,0.287850022315979,0.287850022315979,0.0,0.0,False
1993-08-19,0.5984542369842529,0.5984542369842529,0.0,0.3683008184093343,False
1993-08-20,0.5220016837120056,0.5220016837120056,0.0,0.0,False
1993-08-23,0.5788887739181519,0.5788887739181519,0.0,0.356715324437668,False
1993-08-24,0.5424125790596008,0.5424125790596008,0.0,0.0,False
1993-08-25,0.6390072107315063,0.6390072107315063,0.0,0.3868156604273859,False
1993-08-26,0.7853025197982788,0.7853025197982788,0.0,0.3868156604273859,False
1993-08-27,0.6756573915481567,0.6756573915481567,0.0,0.3868156604273859,False
1993-08-30,0.7355970144271851,0.7355970144271851,0.0,0.3868156604273859,False
1993-08-31,0.7327343821525574,0.7327343821525574,0.0,0.3868156604273859,False
1993-09-01,0.5129725933074951,0.5129725933074951,0.0,0.0,False
1993-09-02,0.43118253350257874,0.43118253350257874,0.0,0.0,False
1993-09-03,0.5115051865577698,0.5115051865577698,0.0,0.0,False
1993-09-07,0.5400271415710449,0.5400271415710449,0.0,0.0,False
1993-09-08,0.5428639054298401,0.5428639054298401,0.0,0.0,False
1993-09-09,0.4523206353187561,0.4523206353187561,0.0,0.0,False
1993-09-10,0.4481451213359833,0.4481451213359833,0.0,0.0,False
1993-09-13,0.46915489435195923,0.46915489435195923,0.0,0.0,False
1993-09-14,0.43964141607284546,0.43964141607284546,0.0,0.0,False
1993-09-15,0.5098311305046082,0.5098311305046082,0.0,0.0,False
1993-09-16,0.4717997610569,0.4717997610569,0.0,0.0,False
1993-09-17,0.49244850873947144,0.49244850873947144,0.0,0.0,False
1993-09-20,0.41523799300193787,0.41523799300193787,0.0,0.0,False
1993-09-21,0.49098634719848633,0.49098634719848633,0.0,0.0,False
1993-09-22,0.38221678137779236,0.38221678137779236,0.0,0.0,False
1993-09-23,0.5466945171356201,0.5466945171356201,0.0,0.0,False
1993-09-24,0.6218957901000977,0.6218957901000977,0.0,0.6122555622332849,False
1993-09-27,0.5026326775550842,0.5026326775550842,0.0,0.0,False
1993-09-28,0.6463263034820557,0.6463263034820557,0.0,0.5762964403853745,False
1993-09-29,0.4446156620979309,0.4446156620979309,0.0,0.0,False
1993-09-30,0.4522951543331146,0.4522951543331146,0.0,0.0,False
1993-10-01,0.5155433416366577,0.5155433416366577,0.0,0.0,False
1993-10-04,0.5167115330696106,0.5167115330696106,0.0,0.0,False
1993-10-05,0.5485623478889465,0.5485623478889465,0.0,0.0,False
1993-10-06,0.5914788842201233,0.5914788842201233,0.0,0.6456790670765364,False
1993-10-07,0.6742733120918274,0.6742733120918274,0.0,0.6456790670765364,False
1993-10-08,0.5547879934310913,0.5547879934310913,0.0,0.0,False
1993-10-11,0.5320229530334473,0.5320229530334473,0.0,0.0,False
1993-10-12,0.7701543569564819,0.7701543569564819,0.0,0.7916834725374816,False
1993-10-13,0.7223895192146301,0.7223895192146301,0.0,0.7916834725374816,False
1993-10-14,0.716130256652832,0.716130256652832,0.0,0.7916834725374816,False
1993-10-15,0.6594086289405823,0.6594086289405823,0.0,0.7916834725374816,False
1993-10-18,0.7490296959877014,0.7490296959877014,0.0,0.6555555340968292,False
1993-10-19,0.5680133104324341,0.5680133104324341,0.0,0.6555555340968292,False
1993-10-20,0.5711837410926819,0.5711837410926819,0.0,0.6555555340968292,False
1993-10-21,0.5391579866409302,0.5391579866409302,0.0,0.0,False
1993-10-22,0.5076534152030945,0.5076534152030945,0.0,0.0,False
1993-10-25,0.36236295104026794,0.36236295104026794,0.0,0.0,False
1993-10-26,0.3974545896053314,0.3974545896053314,0.0,0.0,False
1993-10-27,0.24491095542907715,0.24491095542907715,0.0,0.0,False
1993-10-28,0.3879610598087311,0.3879610598087311,0.0,0.0,False
1993-10-29,0.2966756820678711,0.2966756820678711,0.0,0.0,False
1993-11-01,0.471168577671051,0.471168577671051,0.0,0.0,False
1993-11-02,0.3705803453922272,0.3705803453922272,0.0,0.0,False
1993-11-03,0.4482463300228119,0.4482463300228119,0.0,0.0,False
1993-11-04,0.41681191325187683,0.41681191325187683,0.0,0.0,False
1993-11-05,0.4428587853908539,0.4428587853908539,0.0,0.0,False
1993-11-08,0.358458012342453,0.358458012342453,0.0,0.0,False
1993-11-09,0.3693379759788513,0.3693379759788513,0.0,0.0,False
1993-11-10,0.6124424338340759,0.6124424338340759,0.0,0.48798506287989657,False
1993-11-11,0.4703843593597412,0.4703843593597412,0.0,0.0,False
1993-11-12,0.48579224944114685,0.48579224944114685,0.0,0.0,False
1993-11-15,0.5008493661880493,0.5008493661880493,0.0,0.0,False
1993-11-16,0.4924142062664032,0.4924142062664032,0.0,0.0,False
1993-11-17,0.36643943190574646,0.36643943190574646,0.0,0.0,False
1993-11-18,0.4467650055885315,0.4467650055885315,0.0,0.0,False
1993-11-19,0.42981499433517456,0.42981499433517456,0.0,0.0,False
1993-11-22,0.6075740456581116,0.6075740456581116,0.0,0.49817715742911983,False
1993-11-23,0.580790102481842,0.580790102481842,0.0,0.49817715742911983,False
1993-11-24,0.4670645296573639,0.4670645296573639,0.0,0.0,False
1993-11-26,0.4027402102947235,0.4027402102947235,0.0,0.0,False
1993-11-29,0.5223559141159058,0.5223559141159058,0.0,0.0,False
1993-11-30,0.5483158826828003,0.5483158826828003,0.0,0.0,False
1993-12-01,0.49742865562438965,0.49742865562438965,0.0,0.0,False
1993-12-02,0.535980761051178,0.535980761051178,0.0,0.0,False
1993-12-03,0.5684013962745667,0.5684013962745667,0.0,0.5023337784518789,False
1993-12-06,0.511978805065155,0.511978805065155,0.0,0.0,False
1993-12-07,0.5136221051216125,0.5136221051216125,0.0,0.0,False
1993-12-08,0.5281004309654236,0.5281004309654236,0.0,0.0,False
1993-12-09,0.46106138825416565,0.46106138825416565,0.0,0.0,False
1993-12-10,0.4775802791118622,0.4775802791118622,0.0,0.0,False
1993-12-13,0.4709740877151489,0.4709740877151489,0.0,0.0,False
1993-12-14,0.564236044883728,0.564236044883728,0.0,0.5085952233908198,False
1993-12-15,0.5382442474365234,0.5382442474365234,0.0,0.0,False
1993-12-16,0.5125503540039062,0.5125503540039062,0.0,0.0,False
1993-12-17,0.3490926921367645,0.3490926921367645,0.0,0.0,False
1993-12-20,0.4545285403728485,0.4545285403728485,0.0,0.0,False
1993-12-21,0.44495120644569397,0.44495120644569397,0.0,0.0,False
1993-12-22,0.49322402477264404,0.49322402477264404,0.0,0.0,False
1993-12-23,0.4930308759212494,0.4930308759212494,0.0,0.0,False
1993-12-27,0.46597450971603394,0.46597450971603394,0.0,0.0,False
1993-12-28,0.53974848985672,0.53974848985672,0.0,0.0,False
1993-12-29,0.5242948532104492,0.5242948532104492,0.0,0.0,False
1993-12-30,0.42863237857818604,0.42863237857818604,0.0,0.0,False
1993-12-31,0.372950941324234,0.372950941324234,0.0,0.0,False
1994-01-03,0.423521488904953,0.423521488904953,0.0,0.0,False
1994-01-04,0.3780578672885895,0.3780578672885895,0.0,0.0,False
1994-01-05,0.5580134391784668,0.5580134391784668,0.0,0.0,False
1994-01-06,0.6053565740585327,0.6053565740585327,0.0,0.6208087381684306,False
1994-01-07,0.5959052443504333,0.5959052443504333,0.0,0.6208087381684306,False
1994-01-10,0.6902554035186768,0.6902554035186768,0.0,0.6208087381684306,False
1994-01-11,0.6505420207977295,0.6505420207977295,0.0,0.6208087381684306,False
1994-01-12,0.649891197681427,0.649891197681427,0.0,0.7402324520650924,False
1994-01-13,0.5224732756614685,0.5224732756614685,0.0,0.0,False
1994-01-14,0.6124076247215271,0.6124076247215271,0.0,0.7425024834594091,False
1994-01-17,0.4297036826610565,0.4297036826610565,0.0,0.0,False
1994-01-18,0.427034854888916,0.427034854888916,0.0,0.0,False
1994-01-19,0.43272635340690613,0.43272635340690613,0.0,0.0,False
1994-01-20,0.6015391945838928,0.6015391945838928,0.0,0.6443093962565423,False
1994-01-21,0.6466319561004639,0.6466319561004639,0.0,0.6443093962565423,False
1994-01-24,0.6498032808303833,0.6498032808303833,0.0,0.6443093962565423,False
1994-01-25,0.5437745451927185,0.5437745451927185,0.0,0.0,False
1994-01-26,0.44226059317588806,0.44226059317588806,0.0,0.0,False
1994-01-27,0.36510592699050903,0.36510592699050903,0.0,0.0,False
1994-01-28,0.49446922540664673,0.49446922540664673,0.0,0.0,False
1994-01-31,0.412020206451416,0.412020206451416,0.0,0.0,False
1994-02-01,0.38710689544677734,0.38710689544677734,0.0,0.0,False
1994-02-02,0.355506956577301,0.355506956577301,0.0,0.0,False
1994-02-03,0.482992947101593,0.482992947101593,0.0,0.0,False
1994-02-04,0.48610106110572815,0.48610106110572815,0.0,0.0,False
1994-02-07,0.3807010054588318,0.3807010054588318,0.0,0.0,False
1994-02-08,0.6180903315544128,0.6180903315544128,0.0,0.6481800052498264,False
1994-02-09,0.5729169845581055,0.5729169845581055,0.0,0.6481800052498264,False
1994-02-10,0.6170713901519775,0.6170713901519775,0.0,0.6481800052498264,False
1994-02-11,0.631876528263092,0.631876528263092,0.0,0.6481800052498264,False
1994-02-14,0.5295289754867554,0.5295289754867554,0.0,0.0,False
1994-02-15,0.3399501144886017,0.3399501144886017,0.0,0.0,False
1994-02-16,0.41166967153549194,0.41166967153549194,0.0,0.0,False
1994-02-17,0.48972126841545105,0.48972126841545105,0.0,0.0,False
1994-02-18,0.46143653988838196,0.46143653988838196,0.0,0.0,False
1994-02-22,0.5152046084403992,0.5152046084403992,0.0,0.0,False
1994-02-23,0.40923944115638733,0.40923944115638733,0.0,0.0,False
1994-02-24,0.4652925133705139,0.4652925133705139,0.0,0.0,False
1994-02-25,0.38281744718551636,0.38281744718551636,0.0,0.0,False
1994-02-28,0.4042673110961914,0.4042673110961914,0.0,0.0,False
1994-03-01,0.3724917769432068,0.3724917769432068,0.0,0.0,False
1994-03-02,0.47307875752449036,0.47307875752449036,0.0,0.0,False
1994-03-03,0.37122267484664917,0.37122267484664917,0.0,0.0,False
1994-03-04,0.39250415563583374,0.39250415563583374,0.0,0.0,False
1994-03-07,0.4198251962661743,0.4198251962661743,0.0,0.0,False
1994-03-08,0.4189916253089905,0.4189916253089905,0.0,0.0,False
1994-03-09,0.5960914492607117,0.5960914492607117,0.0,0.8366021259836655,False
1994-03-10,0.6624669432640076,0.6624669432640076,0.0,0.8366021259836655,False
1994-03-11,0.5318816900253296,0.5318816900253296,0.0,0.0,False
1994-03-14,0.4865421652793884,0.4865421652793884,0.0,0.0,False
1994-03-15,0.5060331225395203,0.5060331225395203,0.0,0.0,False
1994-03-16,0.42716291546821594,0.42716291546821594,0.0,0.0,False
1994-03-17,0.4858848750591278,0.4858848750591278,0.0,0.0,False
1994-03-18,0.4537782371044159,0.4537782371044159,0.0,0.0,False
1994-03-21,0.38996633887290955,0.38996633887290955,0.0,0.0,False
1994-03-22,0.3410918414592743,0.3410918414592743,0.0,0.0,False
1994-03-23,0.4157191216945648,0.4157191216945648,0.0,0.0,False
1994-03-24,0.6346650719642639,0.6346650719642639,0.0,0.7833168127911221,False
1994-03-25,0.6403394937515259,0.6403394937515259,0.0,0.7833168127911221,False
1994-03-28,0.5901499390602112,0.5901499390602112,0.0,0.7833168127911221,False
1994-03-29,0.3758210837841034,0.3758210837841034,0.0,0.0,False
1994-03-30,0.4932258725166321,0.4932258725166321,0.0,0.0,False
1994-03-31,0.4698612689971924,0.4698612689971924,0.0,0.0,False
1994-04-04,0.4551905393600464,0.4551905393600464,0.0,0.0,False
1994-04-05,0.7045854926109314,0.7045854926109314,0.0,0.5420861587815261,False
1994-04-06,0.554186224937439,0.554186224937439,0.0,0.0,False
1994-04-07,0.5990756750106812,0.5990756750106812,0.0,0.5417823440083647,False
1994-04-08,0.5464622974395752,0.5464622974395752,0.0,0.0,False
1994-04-11,0.546316921710968,0.546316921710968,0.0,0.0,False
1994-04-12,0.5695081353187561,0.5695081353187561,0.0,0.486745097569567,False
1994-04-13,0.5818465352058411,0.5818465352058411,0.0,0.486745097569567,False
1994-04-14,0.5313757658004761,0.5313757658004761,0.0,0.0,False
1994-04-15,0.47291308641433716,0.47291308641433716,0.0,0.0,False
1994-04-18,0.42822983860969543,0.42822983860969543,0.0,0.0,False
1994-04-19,0.6958493590354919,0.6958493590354919,0.0,0.3934148276857341,False
1994-04-20,0.619727611541748,0.619727611541748,0.0,0.3934148276857341,False
1994-04-21,0.6048896908760071,0.6048896908760071,0.0,0.3934148276857341,False
1994-04-22,0.628206729888916,0.628206729888916,0.0,0.3934148276857341,False
1994-04-25,0.6533192992210388,0.6533192992210388,0.0,0.3934148276857341,False
1994-04-26,0.6720936894416809,0.6720936894416809,0.0,0.3934148276857341,False
1994-04-28,0.5912156701087952,0.5912156701087952,0.0,0.3934148276857341,False
1994-04-29,0.663521409034729,0.663521409034729,0.0,0.3934148276857341,False
1994-05-02,0.7440606951713562,0.7440606951713562,0.0,0.3934148276857341,False
1994-05-03,0.63071209192276,0.63071209192276,0.0,0.3934148276857341,False
1994-05-04,0.5959821939468384,0.5959821939468384,0.0,0.3934148276857341,False
1994-05-05,0.6465678215026855,0.6465678215026855,0.0,0.3934148276857341,False
1994-05-06,0.6904175877571106,0.6904175877571106,0.0,0.3934148276857341,False
1994-05-09,0.6115785241127014,0.6115785241127014,0.0,0.3934148276857341,False
1994-05-10,0.6311254501342773,0.6311254501342773,0.0,0.3934148276857341,False
1994-05-11,0.5824372172355652,0.5824372172355652,0.0,0.3934148276857341,False
1994-05-12,0.6119932532310486,0.6119932532310486,0.0,0.3934148276857341,False
1994-05-13,0.6934170126914978,0.6934170126914978,0.0,0.3934148276857341,False
1994-05-16,0.647043764591217,0.647043764591217,0.0,0.3934148276857341,False
1994-05-17,0.6322102546691895,0.6322102546691895,0.0,0.3934148276857341,False
1994-05-18,0.5687302350997925,0.5687302350997925,0.0,0.5357580184622994,False
1994-05-19,0.6894901990890503,0.6894901990890503,0.0,0.5357580184622994,False
1994-05-20,0.6111100316047668,0.6111100316047668,0.0,0.5357580184622994,False
1994-05-23,0.7287797927856445,0.7287797927856445,0.0,0.5357580184622994,False
1994-05-24,0.6102439165115356,0.6102439165115356,0.0,0.5357580184622994,False
1994-05-25,0.5484641790390015,0.5484641790390015,0.0,0.0,False
1994-05-26,0.6502063274383545,0.6502063274383545,0.0,0.5444410777918538,False
1994-05-27,0.5603565573692322,0.5603565573692322,0.0,0.5444410777918538,False
1994-05-31,0.5100579857826233,0.5100579857826233,0.0,0.0,False
1994-06-01,0.6973552107810974,0.6973552107810974,0.0,0.5766257153972402,False
1994-06-02,0.5214420557022095,0.5214420557022095,0.0,0.0,False
1994-06-03,0.5548193454742432,0.5548193454742432,0.0,0.0,False
1994-06-06,0.5643361806869507,0.5643361806869507,0.0,0.5792744561899512,False
1994-06-07,0.44143468141555786,0.44143468141555786,0.0,0.0,False
1994-06-08,0.5527830123901367,0.5527830123901367,0.0,0.0,False
1994-06-09,0.5220953822135925,0.5220953822135925,0.0,0.0,False
1994-06-10,0.5578208565711975,0.5578208565711975,0.0,0.0,False
1994-06-13,0.4539656639099121,0.4539656639099121,0.0,0.0,False
1994-06-14,0.5037233829498291,0.5037233829498291,0.0,0.0,False
1994-06-15,0.5089024305343628,0.5089024305343628,0.0,0.0,False
1994-06-16,0.5371136665344238,0.5371136665344238,0.0,0.0,False
1994-06-17,0.4611634910106659,0.4611634910106659,0.0,0.0,False
1994-06-20,0.5380677580833435,0.5380677580833435,0.0,0.0,False
1994-06-21,0.5160902142524719,0.5160902142524719,0.0,0.0,False
1994-06-22,0.513396143913269,0.513396143913269,0.0,0.0,False
1994-06-23,0.5474456548690796,0.5474456548690796,0.0,0.0,False
1994-06-24,0.6242154240608215,0.6242154240608215,0.0,0.5468430676838683,False
1994-06-27,0.5255668759346008,0.5255668759346008,0.0,0.0,False
1994-06-28,0.47358545660972595,0.47358545660972595,0.0,0.0,False
1994-06-29,0.4407639801502228,0.4407639801502228,0.0,0.0,False
1994-06-30,0.4113916754722595,0.4113916754722595,0.0,0.0,False
1994-07-01,0.27751463651657104,0.27751463651657104,0.0,0.0,False
1994-07-05,0.5668179988861084,0.5668179988861084,0.0,0.502814378834841,False
1994-07-06,0.6657449007034302,0.6657449007034302,0.0,0.502814378834841,False
1994-07-07,0.4205811023712158,0.4205811023712158,0.0,0.0,False
1994-07-08,0.39530888199806213,0.39530888199806213,0.0,0.0,False
1994-07-11,0.44725263118743896,0.44725263118743896,0.0,0.0,False
1994-07-12,0.48800212144851685,0.48800212144851685,0.0,0.0,False
1994-07-13,0.44712647795677185,0.44712647795677185,0.0,0.0,False
1994-07-14,0.35698285698890686,0.35698285698890686,0.0,0.0,False
1994-07-15,0.26636379957199097,0.26636379957199097,0.0,0.0,False
1994-07-18,0.5805420279502869,0.5805420279502869,0.0,0.39415690829982836,False
1994-07-19,0.5473721027374268,0.5473721027374268,0.0,0.0,False
1994-07-20,0.580072820186615,0.580072820186615,0.0,0.38205031770763925,False
1994-07-21,0.67104172706604,0.67104172706604,0.0,0.38205031770763925,False
1994-07-22,0.6283385157585144,0.6283385157585144,1.0,0.38205031770763925,False
1994-07-25,0.430255264043808,0.430255264043808,1.0,0.0,False
1994-07-26,0.4297383725643158,0.4297383725643158,0.0,0.0,False
1994-07-27,0.49225834012031555,0.49225834012031555,0.0,0.0,False
1994-07-28,0.4879661202430725,0.4879661202430725,0.0,0.0,False
1994-07-29,0.5340986847877502,0.5340986847877502,1.0,0.0,False
1994-08-01,0.6180705428123474,0.6180705428123474,1.0,0.34179117721474656,False
1994-08-02,0.4883882999420166,0.4883882999420166,1.0,0.0,False
1994-08-03,0.4527779519557953,0.4527779519557953,1.0,0.0,False
1994-08-04,0.375318706035614,0.375318706035614,0.0,0.0,False
1994-08-05,0.4578019976615906,0.4578019976615906,0.0,0.0,False
1994-08-08,0.4322337806224823,0.4322337806224823,0.0,0.0,False
1994-08-09,0.47800952196121216,0.47800952196121216,0.0,0.0,False
1994-08-10,0.5078843832015991,0.5078843832015991,0.0,0.0,False
1994-08-11,0.5377237796783447,0.5377237796783447,0.0,0.0,False
1994-08-12,0.6958386898040771,0.6958386898040771,0.0,0.4057061386209212,False
1994-08-15,0.5960298776626587,0.5960298776626587,0.0,0.4057061386209212,False
1994-08-16,0.5850211381912231,0.5850211381912231,0.0,0.4057061386209212,False
1994-08-17,0.5067707896232605,0.5067707896232605,0.0,0.0,False
1994-08-18,0.49808451533317566,0.49808451533317566,0.0,0.0,False
1994-08-19,0.5355874300003052,0.5355874300003052,0.0,0.0,False
1994-08-22,0.5333927869796753,0.5333927869796753,0.0,0.0,False
1994-08-23,0.6221985816955566,0.6221985816955566,0.0,0.5849190473751015,False
1994-08-24,0.5825904607772827,0.5825904607772827,0.0,0.5849190473751015,False
1994-08-25,0.6804031133651733,0.6804031133651733,0.0,0.5849190473751015,False
1994-08-26,0.6512497067451477,0.6512497067451477,0.0,0.7235772432397333,False
1994-08-29,0.7059222459793091,0.7059222459793091,0.0,0.8770232878072894,False
1994-08-30,0.6533430218696594,0.6533430218696594,0.0,0.8770232878072894,False
1994-08-31,0.6567493081092834,0.6567493081092834,0.0,0.8770232878072894,False
1994-09-01,0.6318666338920593,0.6318666338920593,0.0,0.6862509711096365,False
1994-09-02,0.4354057312011719,0.4354057312011719,0.0,0.0,False
1994-09-06,0.4206301271915436,0.4206301271915436,0.0,0.0,False
1994-09-07,0.6287060976028442,0.6287060976028442,0.0,0.6813343072991053,False
1994-09-08,0.6008790731430054,0.6008790731430054,0.0,0.6813343072991053,False
1994-09-09,0.6988956928253174,0.6988956928253174,0.0,0.6813343072991053,False
1994-09-12,0.6653273701667786,0.6653273701667786,0.0,0.6813343072991053,False
1994-09-13,0.7061223387718201,0.7061223387718201,0.0,0.6813343072991053,False
1994-09-14,0.6550855040550232,0.6550855040550232,0.0,0.6813343072991053,False
1994-09-15,0.7414748072624207,0.7414748072624207,0.0,0.6813343072991053,False
1994-09-16,0.6949461102485657,0.6949461102485657,0.0,0.6813343072991053,False
1994-09-19,0.6302350759506226,0.6302350759506226,0.0,0.6813343072991053,False
1994-09-20,0.5408925414085388,0.5408925414085388,0.0,0.0,False
1994-09-21,0.6696613430976868,0.6696613430976868,0.0,0.5771719875736554,False
1994-09-22,0.5356011390686035,0.5356011390686035,0.0,0.0,False
1994-09-23,0.5395041704177856,0.5395041704177856,0.0,0.0,False
1994-09-26,0.32822784781455994,0.32822784781455994,0.0,0.0,False
1994-09-27,0.5108277201652527,0.5108277201652527,0.0,0.0,False
1994-09-28,0.5134099125862122,0.5134099125862122,0.0,0.0,False
1994-09-29,0.4409758746623993,0.4409758746623993,0.0,0.0,False
1994-09-30,0.3955373466014862,0.3955373466014862,0.0,0.0,False
1994-10-03,0.33781948685646057,0.33781948685646057,0.0,0.0,False
1994-10-04,0.46010345220565796,0.46010345220565796,0.0,0.0,False
1994-10-05,0.4134567081928253,0.4134567081928253,0.0,0.0,False
1994-10-06,0.5760663747787476,0.5760663747787476,0.0,0.6556140815561022,False
1994-10-07,0.5658279657363892,0.5658279657363892,0.0,0.6556140815561022,False
1994-10-10,0.3706378936767578,0.3706378936767578,0.0,0.0,False
1994-10-11,0.5111966729164124,0.5111966729164124,0.0,0.0,False
1994-10-12,0.3990756571292877,0.3990756571292877,0.0,0.0,False
1994-10-13,0.5380406975746155,0.5380406975746155,0.0,0.0,False
1994-10-14,0.5120130777359009,0.5120130777359009,0.0,0.0,False
1994-10-17,0.4691145718097687,0.4691145718097687,0.0,0.0,False
1994-10-18,0.5707061886787415,0.5707061886787415,0.0,0.6268165628088757,False
1994-10-19,0.5020228028297424,0.5020228028297424,0.0,0.0,False
1994-10-20,0.45978888869285583,0.45978888869285583,0.0,0.0,False
1994-10-21,0.6073815226554871,0.6073815226554871,0.0,0.5914691776421829,False
1994-10-24,0.49643102288246155,0.49643102288246155,0.0,0.0,False
1994-10-25,0.49898141622543335,0.49898141622543335,0.0,0.0,False
1994-10-26,0.6214907169342041,0.6214907169342041,0.0,0.5762984151332041,False
1994-10-27,0.4777544140815735,0.4777544140815735,0.0,0.0,False
1994-10-28,0.6045372486114502,0.6045372486114502,0.0,0.5906493916949084,False
1994-10-31,0.5777150392532349,0.5777150392532349,0.0,0.5906493916949084,False
1994-11-01,0.5434417724609375,0.5434417724609375,0.0,0.0,False
1994-11-02,0.6041461229324341,0.6041461229324341,0.0,0.6173276792393517,False
1994-11-03,0.45935437083244324,0.45935437083244324,0.0,0.0,False
1994-11-04,0.5283373594284058,0.5283373594284058,0.0,0.0,False
1994-11-07,0.6039997339248657,0.6039997339248657,0.0,0.6122691062425081,False
1994-11-08,0.5205803513526917,0.5205803513526917,0.0,0.0,False
1994-11-09,0.538848340511322,0.538848340511322,0.0,0.0,False
1994-11-10,0.6050807237625122,0.6050807237625122,0.0,0.5969583300295134,False
1994-11-11,0.7380653023719788,0.7380653023719788,0.0,0.5969583300295134,False
1994-11-14,0.5201849937438965,0.5201849937438965,0.0,0.0,False
1994-11-15,0.5955606698989868,0.5955606698989868,0.0,0.5945626256822495,False
1994-11-16,0.5816543102264404,0.5816543102264404,0.0,0.5945626256822495,False
1994-11-17,0.5649331212043762,0.5649331212043762,0.0,0.5945626256822495,False
1994-11-18,0.606914758682251,0.606914758682251,0.0,0.5945626256822495,False
1994-11-21,0.6220325231552124,0.6220325231552124,0.0,0.5945626256822495,False
1994-11-22,0.632263720035553,0.632263720035553,0.0,0.5945626256822495,False
1994-11-23,0.6198379993438721,0.6198379993438721,0.0,0.5945626256822495,False
1994-11-25,0.4518387019634247,0.4518387019634247,0.0,0.0,False
1994-11-28,0.5308392643928528,0.5308392643928528,0.0,0.0,False
1994-11-29,0.5251743197441101,0.5251743197441101,0.0,0.0,False
1994-11-30,0.5342661738395691,0.5342661738395691,0.0,0.0,False
1994-12-01,0.4148905575275421,0.4148905575275421,0.0,0.0,False
1994-12-02,0.5164394378662109,0.5164394378662109,0.0,0.0,False
1994-12-05,0.5160626173019409,0.5160626173019409,0.0,0.0,False
1994-12-06,0.6497226357460022,0.6497226357460022,0.0,0.6149154855486695,False
1994-12-07,0.41473716497421265,0.41473716497421265,0.0,0.0,False
1994-12-08,0.4182814657688141,0.4182814657688141,0.0,0.0,False
1994-12-09,0.44404247403144836,0.44404247403144836,0.0,0.0,False
1994-12-12,0.48934656381607056,0.48934656381607056,0.0,0.0,False
1994-12-13,0.6060579419136047,0.6060579419136047,0.0,0.8991039440244017,False
1994-12-14,0.6341388821601868,0.6341388821601868,0.0,0.8991039440244017,False
1994-12-15,0.6356914043426514,0.6356914043426514,0.0,0.8991039440244017,False
1994-12-16,0.5194805860519409,0.5194805860519409,0.0,0.0,False
1994-12-19,0.6281430721282959,0.6281430721282959,0.0,0.8603460617903573,False
1994-12-20,0.4821978509426117,0.4821978509426117,0.0,0.0,False
1994-12-21,0.4941293001174927,0.4941293001174927,0.0,0.0,False
1994-12-22,0.3853589594364166,0.3853589594364166,0.0,0.0,False
1994-12-23,0.27689865231513977,0.27689865231513977,0.0,0.0,False
1994-12-27,0.3176419138908386,0.3176419138908386,0.0,0.0,False
1994-12-28,0.3781859874725342,0.3781859874725342,0.0,0.0,False
1994-12-29,0.4589449167251587,0.4589449167251587,0.0,0.0,False
1994-12-30,0.4649103879928589,0.4649103879928589,0.0,0.0,False
1995-01-03,0.5277798771858215,0.5277798771858215,0.0,0.0,False
1995-01-04,0.5700733065605164,0.5700733065605164,0.0,0.6623949487967333,False
1995-01-05,0.6325938105583191,0.6325938105583191,0.0,0.6623949487967333,False
1995-01-06,0.5898634791374207,0.5898634791374207,0.0,0.6623949487967333,False
1995-01-09,0.6030360460281372,0.6030360460281372,0.0,0.6623949487967333,False
1995-01-10,0.5567407011985779,0.5567407011985779,0.0,0.0,False
1995-01-11,0.5075526833534241,0.5075526833534241,0.0,0.0,False
1995-01-12,0.535960853099823,0.535960853099823,0.0,0.0,False
1995-01-13,0.44652795791625977,0.44652795791625977,0.0,0.0,False
1995-01-16,0.46739462018013,0.46739462018013,0.0,0.0,False
1995-01-17,0.5110394358634949,0.5110394358634949,0.0,0.0,False
1995-01-18,0.5251268744468689,0.5251268744468689,0.0,0.0,False
1995-01-19,0.4190814793109894,0.4190814793109894,0.0,0.0,False
1995-01-20,0.506567120552063,0.506567120552063,0.0,0.0,False
1995-01-23,0.4880499243736267,0.4880499243736267,0.0,0.0,False
1995-01-24,0.5036992430686951,0.5036992430686951,0.0,0.0,False
1995-01-25,0.6420270800590515,0.6420270800590515,0.0,0.6097279108268062,False
1995-01-26,0.5606886744499207,0.5606886744499207,0.0,0.6097279108268062,False
1995-01-27,0.48132482171058655,0.48132482171058655,0.0,0.0,False
1995-01-30,0.7157983183860779,0.7157983183860779,0.0,0.5633907991132926,False
1995-01-31,0.6146854162216187,0.6146854162216187,0.0,0.5633907991132926,False
1995-02-01,0.6476885676383972,0.6476885676383972,0.0,0.5633907991132926,False
1995-02-02,0.6063022613525391,0.6063022613525391,0.0,0.5633907991132926,False
1995-02-03,0.4955168664455414,0.4955168664455414,0.0,0.0,False
1995-02-06,0.525048017501831,0.525048017501831,0.0,0.0,False
1995-02-07,0.5047704577445984,0.5047704577445984,0.0,0.0,False
1995-02-08,0.5047354698181152,0.5047354698181152,0.0,0.0,False
1995-02-09,0.33486056327819824,0.33486056327819824,0.0,0.0,False
1995-02-10,0.3906557857990265,0.3906557857990265,0.0,0.0,False
1995-02-13,0.33190739154815674,0.33190739154815674,0.0,0.0,False
1995-02-14,0.3280290365219116,0.3280290365219116,0.0,0.0,False
1995-02-15,0.5644505023956299,0.5644505023956299,0.0,0.6476277806545669,False
1995-02-16,0.5451273322105408,0.5451273322105408,0.0,0.0,False
1995-02-17,0.5786874890327454,0.5786874890327454,0.0,0.7687863891963193,False
1995-02-21,0.756951093673706,0.756951093673706,0.0,0.7687863891963193,False
1995-02-22,0.632234513759613,0.632234513759613,0.0,0.7687863891963193,False
1995-02-23,0.5127015709877014,0.5127015709877014,0.0,0.0,False
1995-02-24,0.4760042130947113,0.4760042130947113,0.0,0.0,False
1995-02-27,0.46371325850486755,0.46371325850486755,0.0,0.0,False
1995-02-28,0.4684242606163025,0.4684242606163025,0.0,0.0,False
1995-03-01,0.5164704322814941,0.5164704322814941,0.0,0.0,False
1995-03-02,0.5010119080543518,0.5010119080543518,0.0,0.0,False
1995-03-03,0.5084130764007568,0.5084130764007568,0.0,0.0,False
1995-03-06,0.4903821349143982,0.4903821349143982,0.0,0.0,False
1995-03-07,0.5224082469940186,0.5224082469940186,0.0,0.0,False
1995-03-08,0.6138527989387512,0.6138527989387512,0.0,0.6364975464754801,False
1995-03-09,0.5361343622207642,0.5361343622207642,0.0,0.0,False
1995-03-10,0.524658203125,0.524658203125,0.0,0.0,False
1995-03-13,0.5688402056694031,0.5688402056694031,0.0,0.6276458219122218,False
1995-03-14,0.6698590517044067,0.6698590517044067,0.0,0.6276458219122218,False
1995-03-15,0.6638128757476807,0.6638128757476807,0.0,0.6276458219122218,False
1995-03-16,0.5351632237434387,0.5351632237434387,0.0,0.0,False
1995-03-17,0.5928410291671753,0.5928410291671753,0.0,0.5561131835092971,False
1995-03-20,0.49629902839660645,0.49629902839660645,0.0,0.0,False
1995-03-21,0.4987078905105591,0.4987078905105591,0.0,0.0,False
1995-03-22,0.6006250977516174,0.6006250977516174,0.0,0.5925185151266095,False
1995-03-23,0.4145585894584656,0.4145585894584656,0.0,0.0,False
1995-03-24,0.4718196392059326,0.4718196392059326,0.0,0.0,False
1995-03-27,0.4535823464393616,0.4535823464393616,0.0,0.0,False
1995-03-28,0.50663822889328,0.50663822889328,0.0,0.0,False
1995-03-29,0.3955514430999756,0.3955514430999756,0.0,0.0,False
1995-03-30,0.4904758334159851,0.4904758334159851,0.0,0.0,False
1995-03-31,0.6005412936210632,0.6005412936210632,0.0,0.519611006190062,False
1995-04-03,0.5893458724021912,0.5893458724021912,0.0,0.519611006190062,False
1995-04-04,0.6031603217124939,0.6031603217124939,0.0,0.519611006190062,False
1995-04-05,0.6189050674438477,0.6189050674438477,0.0,0.519611006190062,False
1995-04-06,0.5715373754501343,0.5715373754501343,0.0,0.519611006190062,False
1995-04-07,0.5973687767982483,0.5973687767982483,0.0,0.519611006190062,False
1995-04-10,0.47039949893951416,0.47039949893951416,0.0,0.0,False
1995-04-11,0.41153809428215027,0.41153809428215027,0.0,0.0,False
1995-04-12,0.38731124997138977,0.38731124997138977,0.0,0.0,False
1995-04-13,0.5728830099105835,0.5728830099105835,0.0,0.7131002511244843,False
1995-04-17,0.6614933609962463,0.6614933609962463,0.0,0.48005815342814195,False
1995-04-18,0.6615912318229675,0.6615912318229675,0.0,0.48005815342814195,False
1995-04-19,0.6087287068367004,0.6087287068367004,0.0,0.48005815342814195,False
1995-04-20,0.5134267807006836,0.5134267807006836,0.0,0.0,False
1995-04-21,0.5661394596099854,0.5661394596099854,0.0,0.49075539644431376,False
1995-04-24,0.7177371978759766,0.7177371978759766,0.0,0.49075539644431376,False
1995-04-25,0.760878324508667,0.760878324508667,0.0,0.49075539644431376,False
1995-04-26,0.7408353686332703,0.7408353686332703,0.0,0.49075539644431376,False
1995-04-27,0.5648358464241028,0.5648358464241028,0.0,0.49075539644431376,False
1995-04-28,0.7889118790626526,0.7889118790626526,0.0,0.49075539644431376,False
1995-05-01,0.7432201504707336,0.7432201504707336,0.0,0.49075539644431376,False
1995-05-02,0.6361426115036011,0.6361426115036011,0.0,0.49075539644431376,False
1995-05-03,0.5566122531890869,0.5566122531890869,0.0,0.0,False
1995-05-04,0.5724099278450012,0.5724099278450012,0.0,0.41395368557328505,False
1995-05-05,0.6425755620002747,0.6425755620002747,0.0,0.41395368557328505,False
1995-05-08,0.6186007857322693,0.6186007857322693,0.0,0.41395368557328505,False
1995-05-09,0.6567854881286621,0.6567854881286621,0.0,0.41395368557328505,False
1995-05-10,0.5657174587249756,0.5657174587249756,0.0,0.41395368557328505,False
1995-05-11,0.4232791066169739,0.4232791066169739,0.0,0.0,False
1995-05-12,0.6274313926696777,0.6274313926696777,0.0,0.4002004223124999,False
1995-05-15,0.6658479571342468,0.6658479571342468,0.0,0.5062117004052282,False
1995-05-16,0.7184960842132568,0.7184960842132568,0.0,0.5062117004052282,False
1995-05-17,0.6352211833000183,0.6352211833000183,0.0,0.5062117004052282,False
1995-05-18,0.5601194500923157,0.5601194500923157,0.0,0.5062117004052282,False
1995-05-19,0.4410156011581421,0.4410156011581421,0.0,0.0,False
1995-05-22,0.5100976824760437,0.5100976824760437,0.0,0.0,False
1995-05-23,0.43820399045944214,0.43820399045944214,0.0,0.0,False
1995-05-24,0.4166896641254425,0.4166896641254425,0.0,0.0,False
1995-05-25,0.4576307535171509,0.4576307535171509,0.0,0.0,False
1995-05-26,0.4843572974205017,0.4843572974205017,0.0,0.0,False
1995-05-30,0.6288323998451233,0.6288323998451233,0.0,0.42974119166046054,False
1995-05-31,0.5372398495674133,0.5372398495674133,0.0,0.0,False
1995-06-01,0.5754731893539429,0.5754731893539429,0.0,0.4517120607942282,False
1995-06-02,0.41927894949913025,0.41927894949913025,0.0,0.0,False
1995-06-05,0.4933665096759796,0.4933665096759796,0.0,0.0,False
1995-06-06,0.5434942245483398,0.5434942245483398,0.0,0.0,False
1995-06-07,0.5179219245910645,0.5179219245910645,0.0,0.0,False
1995-06-08,0.45387083292007446,0.45387083292007446,0.0,0.0,False
1995-06-09,0.47709399461746216,0.47709399461746216,0.0,0.0,False
1995-06-12,0.4157125949859619,0.4157125949859619,0.0,0.0,False
1995-06-13,0.3319936692714691,0.3319936692714691,0.0,0.0,False
1995-06-14,0.3669091761112213,0.3669091761112213,0.0,0.0,False
1995-06-15,0.5114150643348694,0.5114150643348694,0.0,0.0,False
1995-06-16,0.5981108546257019,0.5981108546257019,0.0,0.5001445240427966,False
1995-06-19,0.6181007623672485,0.6181007623672485,0.0,0.5001445240427966,False
1995-06-20,0.6167510747909546,0.6167510747909546,0.0,0.5001445240427966,False
1995-06-21,0.5553081631660461,0.5553081631660461,0.0,0.0,False
1995-06-22,0.5832383632659912,0.5832383632659912,0.0,0.47660386616827716,False
1995-06-23,0.6355161070823669,0.6355161070823669,0.0,0.47660386616827716,False
1995-06-26,0.618903398513794,0.618903398513794,0.0,0.47660386616827716,False
1995-06-27,0.5259567499160767,0.5259567499160767,0.0,0.0,False
1995-06-28,0.5631223320960999,0.5631223320960999,0.0,0.5745604973630783,False
1995-06-29,0.6649587750434875,0.6649587750434875,0.0,0.5745604973630783,False
1995-06-30,0.6708622574806213,0.6708622574806213,0.0,0.5745604973630783,False
1995-07-03,0.5966695547103882,0.5966695547103882,0.0,0.5745604973630783,False
1995-07-05,0.6716702580451965,0.6716702580451965,0.0,0.5745604973630783,False
1995-07-06,0.5136681199073792,0.5136681199073792,0.0,0.0,False
1995-07-07,0.47879618406295776,0.47879618406295776,0.0,0.0,False
1995-07-10,0.548249363899231,0.548249363899231,0.0,0.0,False
1995-07-11,0.6020548343658447,0.6020548343658447,0.0,0.5097530178920536,False
1995-07-12,0.6848888993263245,0.6848888993263245,0.0,0.5097530178920536,False
1995-07-13,0.6435982584953308,0.6435982584953308,0.0,0.5097530178920536,False
1995-07-14,0.6307458281517029,0.6307458281517029,0.0,0.5097530178920536,False
1995-07-17,0.8121873736381531,0.8121873736381531,1.0,0.5097530178920536,False
1995-07-18,0.6596736311912537,0.6596736311912537,1.0,0.3447523654185138,False
1995-07-19,0.5625854134559631,0.5625854134559631,1.0,0.3447523654185138,False
1995-07-20,0.5583911538124084,0.5583911538124084,1.0,0.0,False
1995-07-21,0.34941399097442627,0.34941399097442627,1.0,0.0,False
1995-07-24,0.4948233664035797,0.4948233664035797,1.0,0.0,False
1995-07-25,0.6415627002716064,0.6415627002716064,1.0,0.2748520561065658,False
1995-07-26,0.5973159670829773,0.5973159670829773,1.0,0.2748520561065658,False
1995-07-27,0.49036645889282227,0.49036645889282227,1.0,0.0,False
1995-07-28,0.5288615226745605,0.5288615226745605,1.0,0.0,False
1995-07-31,0.530433714389801,0.530433714389801,1.0,0.0,False
1995-08-01,0.5035872459411621,0.5035872459411621,1.0,0.0,False
1995-08-02,0.5679339170455933,0.5679339170455933,1.0,0.2686250147115188,False
1995-08-03,0.5802522301673889,0.5802522301673889,1.0,0.2686250147115188,False
1995-08-04,0.3511258065700531,0.3511258065700531,1.0,0.0,False
1995-08-07,0.3970540463924408,0.3970540463924408,1.0,0.0,False
1995-08-08,0.21604399383068085,0.21604399383068085,1.0,0.0,False
1995-08-09,0.4876725673675537,0.4876725673675537,1.0,0.0,False
1995-08-10,0.4569489359855652,0.4569489359855652,1.0,0.0,False
1995-08-11,0.5232681632041931,0.5232681632041931,1.0,0.0,False
1995-08-14,0.4586922526359558,0.4586922526359558,1.0,0.0,False
1995-08-15,0.6544697284698486,0.6544697284698486,1.0,0.3344108445371548,False
1995-08-16,0.5757400989532471,0.5757400989532471,0.0,0.3344108445371548,False
1995-08-17,0.6592918634414673,0.6592918634414673,0.0,0.3344108445371548,False
1995-08-18,0.525131344795227,0.525131344795227,0.0,0.0,False
1995-08-21,0.6257930994033813,0.6257930994033813,0.0,0.44223968978148576,False
1995-08-22,0.6832669973373413,0.6832669973373413,0.0,0.44223968978148576,False
1995-08-23,0.6112857460975647,0.6112857460975647,0.0,0.44223968978148576,False
1995-08-24,0.5727657675743103,0.5727657675743103,0.0,0.44223968978148576,False
1995-08-25,0.5250176191329956,0.5250176191329956,0.0,0.0,False
1995-08-28,0.7061784863471985,0.7061784863471985,0.0,0.38950986342958016,False
1995-08-29,0.6429600715637207,0.6429600715637207,0.0,0.38950986342958016,False
1995-08-30,0.6514256000518799,0.6514256000518799,1.0,0.38950986342958016,False
1995-08-31,0.5666266083717346,0.5666266083717346,0.0,0.38950986342958016,False
1995-09-01,0.7187904119491577,0.7187904119491577,0.0,0.38950986342958016,False
1995-09-05,0.6173184514045715,0.6173184514045715,1.0,0.38950986342958016,False
1995-09-06,0.558556854724884,0.558556854724884,1.0,0.0,False
1995-09-07,0.615123450756073,0.615123450756073,1.0,0.34942120681147015,False
1995-09-08,0.5714972019195557,0.5714972019195557,1.0,0.34942120681147015,False
1995-09-11,0.5565083026885986,0.5565083026885986,1.0,0.0,False
1995-09-12,0.39796364307403564,0.39796364307403564,1.0,0.0,False
1995-09-13,0.3093980550765991,0.3093980550765991,1.0,0.0,False
1995-09-14,0.534185528755188,0.534185528755188,1.0,0.0,False
1995-09-15,0.6337274312973022,0.6337274312973022,1.0,0.35966001401438996,False
1995-09-18,0.7626549005508423,0.7626549005508423,1.0,0.35966001401438996,False
1995-09-19,0.4855715036392212,0.4855715036392212,0.0,0.0,False
1995-09-20,0.6684389710426331,0.6684389710426331,0.0,0.4162820724638172,False
1995-09-21,0.7381402850151062,0.7381402850151062,0.0,0.4162820724638172,False
1995-09-22,0.696689784526825,0.696689784526825,0.0,0.4162820724638172,False
1995-09-25,0.6814156174659729,0.6814156174659729,0.0,0.4162820724638172,False
1995-09-26,0.7538480162620544,0.7538480162620544,0.0,0.4162820724638172,False
1995-09-27,0.6892999410629272,0.6892999410629272,0.0,0.4162820724638172,False
1995-09-28,0.5752728581428528,0.5752728581428528,0.0,0.4162820724638172,False
1995-09-29,0.6044204831123352,0.6044204831123352,0.0,0.4162820724638172,False
1995-10-02,0.5901094675064087,0.5901094675064087,0.0,0.4162820724638172,False
1995-10-03,0.5371526479721069,0.5371526479721069,0.0,0.0,False
1995-10-04,0.5283085107803345,0.5283085107803345,0.0,0.0,False
1995-10-05,0.559184193611145,0.559184193611145,0.0,0.0,False
1995-10-06,0.4866582453250885,0.4866582453250885,0.0,0.0,False
1995-10-09,0.5277683138847351,0.5277683138847351,0.0,0.0,False
1995-10-10,0.4960688650608063,0.4960688650608063,0.0,0.0,False
1995-10-11,0.38322702050209045,0.38322702050209045,0.0,0.0,False
1995-10-12,0.5314681529998779,0.5314681529998779,0.0,0.0,False
1995-10-13,0.5363407135009766,0.5363407135009766,0.0,0.0,False
1995-10-16,0.6176371574401855,0.6176371574401855,0.0,0.4764777667283006,False
1995-10-17,0.527020275592804,0.527020275592804,0.0,0.0,False
1995-10-18,0.43387335538864136,0.43387335538864136,0.0,0.0,False
1995-10-19,0.5547602772712708,0.5547602772712708,0.0,0.0,False
1995-10-20,0.4188005328178406,0.4188005328178406,0.0,0.0,False
1995-10-23,0.4086363911628723,0.4086363911628723,0.0,0.0,False
1995-10-24,0.5759081840515137,0.5759081840515137,0.0,0.3919779734223629,False
1995-10-25,0.512593150138855,0.512593150138855,0.0,0.0,False
1995-10-26,0.5697992444038391,0.5697992444038391,0.0,0.39235585096512965,False
1995-10-27,0.4791751503944397,0.4791751503944397,0.0,0.0,False
1995-10-30,0.6371399760246277,0.6371399760246277,0.0,0.4022642970108955,False
1995-10-31,0.6528337597846985,0.6528337597846985,0.0,0.4022642970108955,False
1995-11-01,0.5724781155586243,0.5724781155586243,1.0,0.4022642970108955,False
1995-11-02,0.6983903050422668,0.6983903050422668,0.0,0.4022642970108955,False
1995-11-03,0.6207281947135925,0.6207281947135925,1.0,0.4022642970108955,False
1995-11-06,0.5659860968589783,0.5659860968589783,1.0,0.4022642970108955,False
1995-11-07,0.6849960088729858,0.6849960088729858,1.0,0.4022642970108955,False
1995-11-08,0.5558468103408813,0.5558468103408813,1.0,0.0,False
1995-11-09,0.6412203907966614,0.6412203907966614,1.0,0.3642184645053746,False
1995-11-10,0.590884804725647,0.590884804725647,1.0,0.3642184645053746,False
1995-11-13,0.4807639718055725,0.4807639718055725,1.0,0.0,False
1995-11-14,0.5097457766532898,0.5097457766532898,0.0,0.0,False
1995-11-15,0.49410516023635864,0.49410516023635864,0.0,0.0,False
1995-11-16,0.7431703209877014,0.7431703209877014,0.0,0.3930260936408133,False
1995-11-17,0.7123156189918518,0.7123156189918518,0.0,0.3930260936408133,False
1995-11-20,0.6948062181472778,0.6948062181472778,0.0,0.3930260936408133,False
1995-11-21,0.7172641754150391,0.7172641754150391,0.0,0.3930260936408133,False
1995-11-22,0.661903977394104,0.661903977394104,0.0,0.3930260936408133,False
1995-11-24,0.5804094076156616,0.5804094076156616,0.0,0.3930260936408133,False
1995-11-27,0.6317980885505676,0.6317980885505676,0.0,0.3930260936408133,False
1995-11-28,0.43204832077026367,0.43204832077026367,1.0,0.0,False
1995-11-29,0.38003072142601013,0.38003072142601013,1.0,0.0,False
1995-11-30,0.5418713688850403,0.5418713688850403,1.0,0.0,False
1995-12-01,0.5325902104377747,0.5325902104377747,1.0,0.0,False
1995-12-04,0.40546050667762756,0.40546050667762756,1.0,0.0,False
1995-12-05,0.7490819096565247,0.7490819096565247,1.0,0.36545512219010945,False
1995-12-06,0.654522716999054,0.654522716999054,1.0,0.36545512219010945,False
1995-12-07,0.6056064963340759,0.6056064963340759,0.0,0.36545512219010945,False
1995-12-08,0.5451743602752686,0.5451743602752686,1.0,0.0,False
1995-12-11,0.4809740483760834,0.4809740483760834,1.0,0.0,False
1995-12-12,0.6056284308433533,0.6056284308433533,1.0,0.3474507232065524,False
1995-12-13,0.5013881325721741,0.5013881325721741,0.0,0.0,False
1995-12-14,0.5655025839805603,0.5655025839805603,1.0,0.34157607090376224,False
1995-12-15,0.6628693342208862,0.6628693342208862,0.0,0.34157607090376224,False
1995-12-18,0.8236843347549438,0.8236843347549438,0.0,0.34157607090376224,False
1995-12-19,0.6619313359260559,0.6619313359260559,1.0,0.34157607090376224,False
1995-12-20,0.8380523324012756,0.8380523324012756,1.0,0.34157607090376224,False
1995-12-21,0.630174458026886,0.630174458026886,1.0,0.34157607090376224,False
1995-12-22,0.5647052526473999,0.5647052526473999,1.0,0.34157607090376224,False
1995-12-26,0.4994812607765198,0.4994812607765198,1.0,0.0,False
1995-12-27,0.6260309219360352,0.6260309219360352,1.0,0.34919499702847534,False
1995-12-28,0.7560281753540039,0.7560281753540039,1.0,0.34919499702847534,False
1995-12-29,0.5922384262084961,0.5922384262084961,1.0,0.34919499702847534,False
1996-01-02,0.5026714205741882,0.5026714205741882,1.0,0.0,False
1996-01-03,0.742366373538971,0.742366373538971,1.0,0.3467671585796874,False
1996-01-04,0.7370559573173523,0.7370559573173523,1.0,0.3467671585796874,False
1996-01-05,0.713468611240387,0.713468611240387,0.0,0.3467671585796874,False
1996-01-08,0.6826784014701843,0.6826784014701843,0.0,0.3467671585796874,False
1996-01-09,0.8227683305740356,0.8227683305740356,1.0,0.3467671585796874,False
1996-01-10,0.7110579609870911,0.7110579609870911,1.0,0.3467671585796874,False
1996-01-11,0.5796895623207092,0.5796895623207092,1.0,0.3467671585796874,False
1996-01-12,0.626279354095459,0.626279354095459,1.0,0.3467671585796874,False
1996-01-15,0.666474461555481,0.666474461555481,1.0,0.3467671585796874,False
1996-01-16,0.6663696765899658,0.6663696765899658,1.0,0.3467671585796874,False
1996-01-17,0.6378592252731323,0.6378592252731323,1.0,0.3467671585796874,False
1996-01-18,0.5910642743110657,0.5910642743110657,1.0,0.3467671585796874,False
1996-01-19,0.5893667340278625,0.5893667340278625,1.0,0.3467671585796874,False
1996-01-22,0.5265960097312927,0.5265960097312927,1.0,0.0,False
1996-01-23,0.39347365498542786,0.39347365498542786,1.0,0.0,False
1996-01-24,0.42266279458999634,0.42266279458999634,1.0,0.0,False
1996-01-25,0.44793128967285156,0.44793128967285156,1.0,0.0,False
1996-01-26,0.5365939736366272,0.5365939736366272,1.0,0.0,False
1996-01-29,0.5458618402481079,0.5458618402481079,1.0,0.0,False
1996-01-30,0.3850250840187073,0.3850250840187073,1.0,0.0,False
1996-01-31,0.5357605814933777,0.5357605814933777,1.0,0.0,False
1996-02-01,0.6525644659996033,0.6525644659996033,1.0,0.30732400431754997,False
1996-02-02,0.5161466002464294,0.5161466002464294,1.0,0.0,False
1996-02-05,0.5756613612174988,0.5756613612174988,1.0,0.29527336458861936,False
1996-02-06,0.7071633338928223,0.7071633338928223,1.0,0.29527336458861936,False
1996-02-07,0.6124063730239868,0.6124063730239868,1.0,0.29527336458861936,False
1996-02-08,0.6325569152832031,0.6325569152832031,0.0,0.29527336458861936,False
1996-02-09,0.6601119637489319,0.6601119637489319,0.0,0.29527336458861936,False
1996-02-12,0.48729127645492554,0.48729127645492554,1.0,0.0,False
1996-02-13,0.5728720426559448,0.5728720426559448,0.0,0.466416119361606,False
1996-02-14,0.5677862167358398,0.5677862167358398,0.0,0.466416119361606,False
1996-02-15,0.6886109709739685,0.6886109709739685,0.0,0.466416119361606,False
1996-02-16,0.7153249979019165,0.7153249979019165,0.0,0.5777266007861851,False
1996-02-20,0.7061225175857544,0.7061225175857544,0.0,0.5777266007861851,False
1996-02-21,0.632987916469574,0.632987916469574,0.0,0.5777266007861851,False
1996-02-22,0.5703364014625549,0.5703364014625549,0.0,0.5777266007861851,False
1996-02-23,0.5634223818778992,0.5634223818778992,0.0,0.5777266007861851,False
1996-02-26,0.6372820734977722,0.6372820734977722,0.0,0.5777266007861851,False
1996-02-27,0.600584864616394,0.600584864616394,0.0,0.5777266007861851,False
1996-02-28,0.694486141204834,0.694486141204834,0.0,0.5777266007861851,False
1996-02-29,0.5614659786224365,0.5614659786224365,0.0,0.5777266007861851,False
1996-03-01,0.5433526635169983,0.5433526635169983,0.0,0.0,False
1996-03-04,0.596855878829956,0.596855878829956,0.0,0.528574441329185,False
1996-03-05,0.5615183115005493,0.5615183115005493,0.0,0.528574441329185,False
1996-03-06,0.5433439016342163,0.5433439016342163,0.0,0.0,False
1996-03-07,0.44882282614707947,0.44882282614707947,0.0,0.0,False
1996-03-08,0.5024346709251404,0.5024346709251404,0.0,0.0,False
1996-03-11,0.5351483225822449,0.5351483225822449,0.0,0.0,False
1996-03-12,0.49907878041267395,0.49907878041267395,0.0,0.0,False
1996-03-13,0.6518906950950623,0.6518906950950623,0.0,0.47124758863191774,False
1996-03-14,0.607512354850769,0.607512354850769,0.0,0.47124758863191774,False
1996-03-15,0.701870322227478,0.701870322227478,0.0,0.47124758863191774,False
1996-03-18,0.6613277792930603,0.6613277792930603,0.0,0.47124758863191774,False
1996-03-19,0.7085694670677185,0.7085694670677185,0.0,0.47124758863191774,False
1996-03-20,0.6428568363189697,0.6428568363189697,0.0,0.47124758863191774,False
1996-03-21,0.5158816576004028,0.5158816576004028,0.0,0.0,False
1996-03-22,0.5468094944953918,0.5468094944953918,0.0,0.0,False
1996-03-25,0.590738832950592,0.590738832950592,0.0,0.4243578304727415,False
1996-03-26,0.6483951210975647,0.6483951210975647,0.0,0.4243578304727415,False
1996-03-27,0.5854945182800293,0.5854945182800293,0.0,0.4243578304727415,False
1996-03-28,0.6157345175743103,0.6157345175743103,0.0,0.4243578304727415,False
1996-03-29,0.6014938950538635,0.6014938950538635,0.0,0.4243578304727415,False
1996-04-01,0.5444740653038025,0.5444740653038025,0.0,0.0,False
1996-04-02,0.6639900803565979,0.6639900803565979,0.0,0.440809031052303,False
1996-04-03,0.6646547913551331,0.6646547913551331,0.0,0.440809031052303,False
1996-04-04,0.6542069911956787,0.6542069911956787,0.0,0.440809031052303,False
1996-04-08,0.6012797355651855,0.6012797355651855,0.0,0.440809031052303,False
1996-04-09,0.5019358396530151,0.5019358396530151,0.0,0.0,False
1996-04-10,0.42121484875679016,0.42121484875679016,0.0,0.0,False
1996-04-11,0.5327496528625488,0.5327496528625488,0.0,0.0,False
1996-04-12,0.442643404006958,0.442643404006958,0.0,0.0,False
1996-04-15,0.48095497488975525,0.48095497488975525,0.0,0.0,False
1996-04-16,0.6605525612831116,0.6605525612831116,0.0,0.5943864349470177,False
1996-04-17,0.7229366302490234,0.7229366302490234,0.0,0.5943864349470177,False
1996-04-18,0.5732215046882629,0.5732215046882629,0.0,0.5943864349470177,False
1996-04-19,0.5457993745803833,0.5457993745803833,0.0,0.0,False
1996-04-22,0.5460911393165588,0.5460911393165588,0.0,0.0,False
1996-04-23,0.5566180348396301,0.5566180348396301,0.0,0.0,False
1996-04-24,0.5761294960975647,0.5761294960975647,0.0,0.7305127729591998,False
1996-04-25,0.5552228093147278,0.5552228093147278,0.0,0.0,False
1996-04-26,0.5636165738105774,0.5636165738105774,0.0,0.7372184204762536,False
1996-04-29,0.6211400032043457,0.6211400032043457,0.0,0.7372184204762536,False
1996-04-30,0.5693575143814087,0.5693575143814087,0.0,0.7372184204762536,False
1996-05-01,0.5481630563735962,0.5481630563735962,0.0,0.0,False
1996-05-02,0.6618411540985107,0.6618411540985107,0.0,0.6266280039985765,False
1996-05-03,0.6842535138130188,0.6842535138130188,0.0,0.6266280039985765,False
1996-05-06,0.7428911328315735,0.7428911328315735,0.0,0.6266280039985765,False
1996-05-07,0.6200683116912842,0.6200683116912842,0.0,0.6266280039985765,False
1996-05-08,0.6120196580886841,0.6120196580886841,0.0,0.6266280039985765,False
1996-05-09,0.6588252186775208,0.6588252186775208,0.0,0.6266280039985765,False
1996-05-10,0.5157824754714966,0.5157824754714966,0.0,0.0,False
1996-05-13,0.6604377627372742,0.6604377627372742,0.0,0.6383391239955643,False
1996-05-14,0.6036496758460999,0.6036496758460999,0.0,0.6383391239955643,False
1996-05-15,0.5631728172302246,0.5631728172302246,0.0,0.6383391239955643,False
1996-05-16,0.5460593700408936,0.5460593700408936,0.0,0.0,False
1996-05-17,0.5232095718383789,0.5232095718383789,0.0,0.0,False
1996-05-20,0.6333484649658203,0.6333484649658203,0.0,0.7199072737433901,False
1996-05-21,0.550039529800415,0.550039529800415,0.0,0.0,False
1996-05-22,0.6965512037277222,0.6965512037277222,0.0,0.6918469995024613,False
1996-05-23,0.625715434551239,0.625715434551239,0.0,0.6918469995024613,False
1996-05-24,0.5417613387107849,0.5417613387107849,0.0,0.0,False
1996-05-28,0.6650978922843933,0.6650978922843933,0.0,0.6817116024715025,False
1996-05-29,0.6470357775688171,0.6470357775688171,0.0,0.6817116024715025,False
1996-05-30,0.6304464340209961,0.6304464340209961,0.0,0.6817116024715025,False
1996-05-31,0.5641914010047913,0.5641914010047913,0.0,0.8369921026024383,False
1996-06-03,0.6171101331710815,0.6171101331710815,0.0,0.8369921026024383,False
1996-06-04,0.6632077097892761,0.6632077097892761,0.0,0.8369921026024383,False
1996-06-05,0.6573593616485596,0.6573593616485596,0.0,0.8369921026024383,False
1996-06-06,0.7565374374389648,0.7565374374389648,0.0,0.8369921026024383,False
1996-06-07,0.6713166832923889,0.6713166832923889,0.0,0.8369921026024383,False
1996-06-10,0.665013313293457,0.665013313293457,0.0,0.8369921026024383,False
1996-06-11,0.6814403533935547,0.6814403533935547,0.0,0.8369921026024383,False
1996-06-12,0.6592050194740295,0.6592050194740295,0.0,0.8369921026024383,False
1996-06-13,0.6073909401893616,0.6073909401893616,0.0,0.8369921026024383,False
1996-06-14,0.5585840344429016,0.5585840344429016,0.0,0.0,False
1996-06-17,0.5536269545555115,0.5536269545555115,0.0,0.0,False
1996-06-18,0.6407583355903625,0.6407583355903625,0.0,0.7477392209073034,False
1996-06-19,0.6617638468742371,0.6617638468742371,0.0,0.7477392209073034,False
1996-06-20,0.6960757970809937,0.6960757970809937,0.0,0.7477392209073034,False
1996-06-21,0.763422429561615,0.763422429561615,0.0,0.7477392209073034,False
1996-06-24,0.6865774393081665,0.6865774393081665,0.0,0.7477392209073034,False
1996-06-25,0.6343778371810913,0.6343778371810913,0.0,0.7477392209073034,False
1996-06-26,0.6424787044525146,0.6424787044525146,0.0,0.7477392209073034,False
1996-06-27,0.6246339678764343,0.6246339678764343,0.0,0.7477392209073034,False
1996-06-28,0.5491358637809753,0.5491358637809753,0.0,0.0,False
1996-07-01,0.5076032280921936,0.5076032280921936,0.0,0.0,False
1996-07-02,0.4421598017215729,0.4421598017215729,0.0,0.0,False
1996-07-03,0.5759493112564087,0.5759493112564087,0.0,0.7757596720107395,False
1996-07-05,0.4043104946613312,0.4043104946613312,0.0,0.0,False
1996-07-08,0.5411078333854675,0.5411078333854675,0.0,0.0,False
1996-07-09,0.4184406101703644,0.4184406101703644,0.0,0.0,False
1996-07-10,0.5466837882995605,0.5466837882995605,0.0,0.0,False
1996-07-11,0.534308135509491,0.534308135509491,0.0,0.0,False
1996-07-12,0.5846564769744873,0.5846564769744873,0.0,0.6320961694625113,False
1996-07-15,0.7316223382949829,0.7316223382949829,0.0,0.6320961694625113,False
1996-07-16,0.4697410762310028,0.4697410762310028,0.0,0.0,False
1996-07-17,0.5596004128456116,0.5596004128456116,0.0,0.0,False
1996-07-18,0.5383625030517578,0.5383625030517578,0.0,0.0,False
1996-07-19,0.5522785186767578,0.5522785186767578,0.0,0.0,False
1996-07-22,0.5190964937210083,0.5190964937210083,0.0,0.0,False
1996-07-23,0.6717806458473206,0.6717806458473206,0.0,0.40386681970020993,False
1996-07-24,0.538275957107544,0.538275957107544,0.0,0.0,False
1996-07-25,0.5710353255271912,0.5710353255271912,0.0,0.37553777113729214,False
1996-07-26,0.38671115040779114,0.38671115040779114,0.0,0.0,False
1996-07-29,0.43355897068977356,0.43355897068977356,0.0,0.0,False
1996-07-30,0.5059709548950195,0.5059709548950195,0.0,0.0,False
1996-07-31,0.5218978524208069,0.5218978524208069,0.0,0.0,False
1996-08-01,0.44389307498931885,0.44389307498931885,0.0,0.0,False
1996-08-02,0.5819169282913208,0.5819169282913208,0.0,0.36529347836720333,False
1996-08-05,0.43215566873550415,0.43215566873550415,0.0,0.0,False
1996-08-06,0.5748951435089111,0.5748951435089111,0.0,0.3613745106241596,False
1996-08-07,0.5776669383049011,0.5776669383049011,0.0,0.3613745106241596,False
1996-08-08,0.5533808469772339,0.5533808469772339,0.0,0.0,False
1996-08-09,0.5101931095123291,0.5101931095123291,0.0,0.0,False
1996-08-12,0.6068834066390991,0.6068834066390991,0.0,0.4119261877218505,False
1996-08-13,0.544439971446991,0.544439971446991,0.0,0.0,False
1996-08-14,0.5528884530067444,0.5528884530067444,0.0,0.0,False
1996-08-15,0.5495858192443848,0.5495858192443848,0.0,0.0,False
1996-08-16,0.45590677857398987,0.45590677857398987,0.0,0.0,False
1996-08-19,0.42318323254585266,0.42318323254585266,0.0,0.0,False
1996-08-20,0.3808654546737671,0.3808654546737671,0.0,0.0,False
1996-08-21,0.5577241778373718,0.5577241778373718,0.0,0.0,False
1996-08-22,0.66771000623703,0.66771000623703,0.0,0.7839675040621803,False
1996-08-23,0.5228589177131653,0.5228589177131653,0.0,0.0,False
1996-08-26,0.46786510944366455,0.46786510944366455,0.0,0.0,False
1996-08-27,0.4895138442516327,0.4895138442516327,0.0,0.0,False
1996-08-28,0.5582873225212097,0.5582873225212097,0.0,0.0,False
1996-08-29,0.4416358470916748,0.4416358470916748,0.0,0.0,False
1996-08-30,0.38662654161453247,0.38662654161453247,0.0,0.0,False
1996-09-03,0.5640525221824646,0.5640525221824646,0.0,0.9533202135888348,False
1996-09-04,0.4465563893318176,0.4465563893318176,0.0,0.0,False
1996-09-05,0.5799140334129333,0.5799140334129333,0.0,0.9998396523665758,False
1996-09-06,0.4962809979915619,0.4962809979915619,0.0,0.0,False
1996-09-09,0.5992151498794556,0.5992151498794556,0.0,0.8944441737507288,False
1996-09-10,0.5707976818084717,0.5707976818084717,0.0,0.8944441737507288,False
1996-09-11,0.5882267951965332,0.5882267951965332,0.0,0.8944441737507288,False
1996-09-12,0.5469977259635925,0.5469977259635925,0.0,0.0,False
1996-09-13,0.5573847889900208,0.5573847889900208,0.0,0.0,False
1996-09-16,0.5149258375167847,0.5149258375167847,0.0,0.0,False
1996-09-17,0.4944341778755188,0.4944341778755188,0.0,0.0,False
1996-09-18,0.42494967579841614,0.42494967579841614,0.0,0.0,False
1996-09-19,0.5382300019264221,0.5382300019264221,0.0,0.0,False
1996-09-20,0.5608652234077454,0.5608652234077454,0.0,0.7515887395082951,False
1996-09-23,0.5911272168159485,0.5911272168159485,0.0,0.7515887395082951,False
1996-09-24,0.5171056389808655,0.5171056389808655,0.0,0.0,False
1996-09-25,0.5733042359352112,0.5733042359352112,0.0,0.7715922218621026,False
1996-09-26,0.6124747395515442,0.6124747395515442,0.0,0.7715922218621026,False
1996-09-27,0.6686480641365051,0.6686480641365051,0.0,0.7715922218621026,False
1996-09-30,0.6025010943412781,0.6025010943412781,0.0,0.6557071273916062,False
1996-10-01,0.6015511155128479,0.6015511155128479,0.0,0.6557071273916062,False
1996-10-02,0.6466752290725708,0.6466752290725708,0.0,0.6557071273916062,False
1996-10-03,0.5315712094306946,0.5315712094306946,0.0,0.0,False
1996-10-04,0.6603919863700867,0.6603919863700867,0.0,0.6490912482205399,False
1996-10-07,0.6638162136077881,0.6638162136077881,0.0,0.6490912482205399,False
1996-10-08,0.6294500827789307,0.6294500827789307,0.0,0.6490912482205399,False
1996-10-09,0.6554977297782898,0.6554977297782898,0.0,0.6490912482205399,False
1996-10-10,0.5727222561836243,0.5727222561836243,0.0,0.6490912482205399,False
1996-10-11,0.649279773235321,0.649279773235321,0.0,0.6490912482205399,False
1996-10-14,0.6127706170082092,0.6127706170082092,0.0,0.6490912482205399,False
1996-10-15,0.6690139770507812,0.6690139770507812,0.0,0.6490912482205399,False
1996-10-16,0.6381469964981079,0.6381469964981079,0.0,0.6490912482205399,False
1996-10-17,0.5746409296989441,0.5746409296989441,0.0,0.6490912482205399,False
1996-10-18,0.5770527124404907,0.5770527124404907,0.0,0.6490912482205399,False
1996-10-21,0.5270563364028931,0.5270563364028931,0.0,0.0,False
1996-10-22,0.6414951682090759,0.6414951682090759,0.0,0.6495651862184774,False
1996-10-23,0.5744564533233643,0.5744564533233643,0.0,0.6495651862184774,False
1996-10-24,0.5787678360939026,0.5787678360939026,0.0,0.6495651862184774,False
1996-10-25,0.5183483362197876,0.5183483362197876,0.0,0.0,False
1996-10-28,0.522816002368927,0.522816002368927,0.0,0.0,False
1996-10-29,0.48343920707702637,0.48343920707702637,0.0,0.0,False
1996-10-30,0.5352647304534912,0.5352647304534912,0.0,0.0,False
1996-10-31,0.6291207075119019,0.6291207075119019,0.0,0.7786070778895015,False
1996-11-01,0.6582980751991272,0.6582980751991272,0.0,0.7786070778895015,False
1996-11-04,0.6370686888694763,0.6370686888694763,0.0,0.7786070778895015,False
1996-11-05,0.4462965130805969,0.4462965130805969,0.0,0.0,False
1996-11-06,0.5064532160758972,0.5064532160758972,0.0,0.0,False
1996-11-07,0.5408452749252319,0.5408452749252319,0.0,0.0,False
1996-11-08,0.5098021030426025,0.5098021030426025,0.0,0.0,False
1996-11-11,0.431938111782074,0.431938111782074,0.0,0.0,False
1996-11-12,0.5532749891281128,0.5532749891281128,0.0,0.0,False
1996-11-13,0.3865088224411011,0.3865088224411011,0.0,0.0,False
1996-11-14,0.5530741214752197,0.5530741214752197,0.0,0.0,False
1996-11-15,0.5703738927841187,0.5703738927841187,0.0,0.7295982968863551,False
1996-11-18,0.5615743398666382,0.5615743398666382,0.0,0.7295982968863551,False
1996-11-19,0.562253475189209,0.562253475189209,0.0,0.7295982968863551,False
1996-11-20,0.6205708980560303,0.6205708980560303,0.0,0.7295982968863551,False
1996-11-21,0.5239489674568176,0.5239489674568176,0.0,0.0,False
1996-11-22,0.549980878829956,0.549980878829956,0.0,0.0,False
1996-11-25,0.5938859581947327,0.5938859581947327,0.0,0.5932931357713649,False
1996-11-26,0.5624231696128845,0.5624231696128845,0.0,0.5932931357713649,False
1996-11-27,0.5028701424598694,0.5028701424598694,0.0,0.0,False
1996-11-29,0.510934591293335,0.510934591293335,0.0,0.0,False
1996-12-02,0.5232844352722168,0.5232844352722168,0.0,0.0,False
1996-12-03,0.5700597167015076,0.5700597167015076,0.0,0.5678106851441083,False
1996-12-04,0.7380648255348206,0.7380648255348206,0.0,0.5678106851441083,False
1996-12-05,0.7484944462776184,0.7484944462776184,0.0,0.5678106851441083,False
1996-12-06,0.7424540519714355,0.7424540519714355,0.0,0.5678106851441083,False
1996-12-09,0.7367161512374878,0.7367161512374878,0.0,0.43874926983267387,False
1996-12-10,0.6635400652885437,0.6635400652885437,0.0,0.43874926983267387,False
1996-12-11,0.5362029671669006,0.5362029671669006,0.0,0.0,False
1996-12-12,0.4838479161262512,0.4838479161262512,0.0,0.0,False
1996-12-13,0.6291710138320923,0.6291710138320923,0.0,0.432765170230324,False
1996-12-16,0.7415574789047241,0.7415574789047241,0.0,0.432765170230324,False
1996-12-17,0.5835385918617249,0.5835385918617249,0.0,0.432765170230324,False
1996-12-18,0.6363499164581299,0.6363499164581299,1.0,0.432765170230324,False
1996-12-19,0.6382676362991333,0.6382676362991333,1.0,0.432765170230324,False
1996-12-20,0.6223715543746948,0.6223715543746948,1.0,0.432765170230324,False
1996-12-23,0.6347815990447998,0.6347815990447998,1.0,0.432765170230324,False
1996-12-24,0.49863308668136597,0.49863308668136597,1.0,0.0,False
1996-12-26,0.25654205679893494,0.25654205679893494,1.0,0.0,False
1996-12-27,0.33073002099990845,0.33073002099990845,1.0,0.0,False
1996-12-30,0.39165177941322327,0.39165177941322327,1.0,0.0,False
1996-12-31,0.5558680295944214,0.5558680295944214,1.0,0.0,False
1997-01-02,0.7548209428787231,0.7548209428787231,0.0,0.371677305008058,False
1997-01-03,0.6569149494171143,0.6569149494171143,1.0,0.371677305008058,False
1997-01-06,0.7242050766944885,0.7242050766944885,1.0,0.371677305008058,False
1997-01-07,0.6919403672218323,0.6919403672218323,1.0,0.371677305008058,False
1997-01-08,0.6019676923751831,0.6019676923751831,0.0,0.371677305008058,False
1997-01-09,0.5684663653373718,0.5684663653373718,0.0,0.371677305008058,False
1997-01-10,0.5733822584152222,0.5733822584152222,0.0,0.371677305008058,False
1997-01-13,0.5227975249290466,0.5227975249290466,0.0,0.0,False
1997-01-14,0.6980788707733154,0.6980788707733154,0.0,0.4378211275839574,False
1997-01-15,0.6410698294639587,0.6410698294639587,0.0,0.4378211275839574,False
1997-01-16,0.7274292707443237,0.7274292707443237,0.0,0.5394768451478003,False
1997-01-17,0.7581186890602112,0.7581186890602112,0.0,0.5394768451478003,False
1997-01-20,0.7710490226745605,0.7710490226745605,0.0,0.5394768451478003,False
1997-01-21,0.7546722888946533,0.7546722888946533,0.0,0.5394768451478003,False
1997-01-22,0.34907960891723633,0.34907960891723633,0.0,0.0,False
1997-01-23,0.6129066348075867,0.6129066348075867,0.0,0.44443082385265953,False
1997-01-24,0.5557949542999268,0.5557949542999268,0.0,0.0,False
1997-01-27,0.6186853051185608,0.6186853051185608,0.0,0.4545992192737272,False
1997-01-28,0.6253851056098938,0.6253851056098938,0.0,0.4545992192737272,False
1997-01-29,0.5285267233848572,0.5285267233848572,0.0,0.0,False
1997-01-30,0.5360923409461975,0.5360923409461975,1.0,0.0,False
1997-01-31,0.4980428218841553,0.4980428218841553,0.0,0.0,False
1997-02-03,0.380476176738739,0.380476176738739,0.0,0.0,False
1997-02-04,0.316738486289978,0.316738486289978,0.0,0.0,False
1997-02-05,0.49651211500167847,0.49651211500167847,0.0,0.0,False
1997-02-06,0.5276519060134888,0.5276519060134888,0.0,0.0,False
1997-02-07,0.36539778113365173,0.36539778113365173,0.0,0.0,False
1997-02-10,0.5563101768493652,0.5563101768493652,0.0,0.0,False
1997-02-11,0.47730234265327454,0.47730234265327454,0.0,0.0,False
1997-02-12,0.49412158131599426,0.49412158131599426,1.0,0.0,False
1997-02-13,0.4609440267086029,0.4609440267086029,0.0,0.0,False
1997-02-14,0.6282100677490234,0.6282100677490234,0.0,0.38363442853289204,False
1997-02-18,0.6687524914741516,0.6687524914741516,0.0,0.38363442853289204,False
1997-02-19,0.5320185422897339,0.5320185422897339,0.0,0.0,False
1997-02-20,0.7123498916625977,0.7123498916625977,0.0,0.4528864512606751,False
1997-02-21,0.6425426602363586,0.6425426602363586,0.0,0.4528864512606751,False
1997-02-24,0.557213306427002,0.557213306427002,0.0,0.0,False
1997-02-25,0.5139990448951721,0.5139990448951721,0.0,0.0,False
1997-02-26,0.4893913269042969,0.4893913269042969,0.0,0.0,False
1997-02-27,0.5777090191841125,0.5777090191841125,0.0,0.3793581775160063,False
1997-02-28,0.5186129808425903,0.5186129808425903,0.0,0.0,False
1997-03-03,0.558300793170929,0.558300793170929,1.0,0.0,False
1997-03-04,0.5434278249740601,0.5434278249740601,1.0,0.0,False
1997-03-05,0.637071967124939,0.637071967124939,1.0,0.3927554665014995,False
1997-03-06,0.5742685794830322,0.5742685794830322,0.0,0.3927554665014995,False
1997-03-07,0.5072728991508484,0.5072728991508484,0.0,0.0,False
1997-03-10,0.514642059803009,0.514642059803009,0.0,0.0,False
1997-03-11,0.5587089657783508,0.5587089657783508,0.0,0.0,False
1997-03-12,0.5047466158866882,0.5047466158866882,0.0,0.0,False
1997-03-13,0.6067379117012024,0.6067379117012024,0.0,0.42893775922807703,False
1997-03-14,0.593117892742157,0.593117892742157,0.0,0.42893775922807703,False
1997-03-17,0.6747550964355469,0.6747550964355469,0.0,0.42893775922807703,False
1997-03-18,0.6019671559333801,0.6019671559333801,0.0,0.42893775922807703,False
1997-03-19,0.5528342127799988,0.5528342127799988,0.0,0.0,False
1997-03-20,0.5553115010261536,0.5553115010261536,0.0,0.0,False
1997-03-21,0.6689512133598328,0.6689512133598328,0.0,0.4145752959642911,False
1997-03-24,0.7152422070503235,0.7152422070503235,0.0,0.4145752959642911,False
1997-03-25,0.6989885568618774,0.6989885568618774,0.0,0.4145752959642911,False
1997-03-26,0.5216294527053833,0.5216294527053833,0.0,0.0,False
1997-03-27,0.4355882406234741,0.4355882406234741,0.0,0.0,False
1997-03-31,0.5638070106506348,0.5638070106506348,0.0,0.4360291041183474,False
1997-04-01,0.402988463640213,0.402988463640213,0.0,0.0,False
1997-04-02,0.3781548738479614,0.3781548738479614,0.0,0.0,False
1997-04-03,0.5892703533172607,0.5892703533172607,0.0,0.41568062572360864,False
1997-04-04,0.5966640710830688,0.5966640710830688,0.0,0.41568062572360864,False
1997-04-07,0.5659443140029907,0.5659443140029907,0.0,0.41568062572360864,False
1997-04-08,0.3844996392726898,0.3844996392726898,0.0,0.0,False
1997-04-09,0.42805376648902893,0.42805376648902893,0.0,0.0,False
1997-04-10,0.49802166223526,0.49802166223526,0.0,0.0,False
1997-04-11,0.5057950615882874,0.5057950615882874,0.0,0.0,False
1997-04-14,0.4448259472846985,0.4448259472846985,0.0,0.0,False
1997-04-15,0.4666816294193268,0.4666816294193268,0.0,0.0,False
1997-04-16,0.4400322139263153,0.4400322139263153,0.0,0.0,False
1997-04-17,0.46204668283462524,0.46204668283462524,0.0,0.0,False
1997-04-18,0.6592280268669128,0.6592280268669128,1.0,0.315083689310868,False
1997-04-21,0.6443494558334351,0.6443494558334351,1.0,0.315083689310868,False
1997-04-22,0.5961052179336548,0.5961052179336548,1.0,0.315083689310868,False
1997-04-23,0.47343963384628296,0.47343963384628296,1.0,0.0,False
1997-04-24,0.5476076006889343,0.5476076006889343,1.0,0.0,False
1997-04-25,0.7723214626312256,0.7723214626312256,1.0,0.34441692301109694,False
1997-04-28,0.6545705199241638,0.6545705199241638,1.0,0.34441692301109694,False
1997-04-29,0.7874537110328674,0.7874537110328674,1.0,0.34441692301109694,False
1997-04-30,0.7939849495887756,0.7939849495887756,1.0,0.34441692301109694,False
1997-05-01,0.6913378238677979,0.6913378238677979,1.0,0.34441692301109694,False
1997-05-02,0.6114048361778259,0.6114048361778259,1.0,0.34441692301109694,False
1997-05-05,0.6576493382453918,0.6576493382453918,1.0,0.34441692301109694,False
1997-05-06,0.41743573546409607,0.41743573546409607,1.0,0.0,False
1997-05-07,0.69782954454422,0.69782954454422,1.0,0.3434128660163413,False
1997-05-08,0.39500173926353455,0.39500173926353455,1.0,0.0,False
1997-05-09,0.37474310398101807,0.37474310398101807,1.0,0.0,False
1997-05-12,0.30578845739364624,0.30578845739364624,1.0,0.0,False
1997-05-13,0.33095666766166687,0.33095666766166687,1.0,0.0,False
1997-05-14,0.5822983980178833,0.5822983980178833,1.0,0.3532595347308978,False
1997-05-15,0.41863515973091125,0.41863515973091125,1.0,0.0,False
1997-05-16,0.6647406220436096,0.6647406220436096,0.0,0.5427294034244775,False
1997-05-19,0.6613030433654785,0.6613030433654785,0.0,0.5427294034244775,False
1997-05-20,0.5059205293655396,0.5059205293655396,0.0,0.0,False
1997-05-21,0.5189507603645325,0.5189507603645325,0.0,0.0,False
1997-05-22,0.40757569670677185,0.40757569670677185,0.0,0.0,False
1997-05-23,0.39335858821868896,0.39335858821868896,0.0,0.0,False
1997-05-27,0.34417852759361267,0.34417852759361267,0.0,0.0,False
1997-05-28,0.3828767240047455,0.3828767240047455,0.0,0.0,False
1997-05-29,0.41263219714164734,0.41263219714164734,0.0,0.0,False
1997-05-30,0.5347884893417358,0.5347884893417358,0.0,0.0,False
1997-06-02,0.4069427251815796,0.4069427251815796,0.0,0.0,False
1997-06-03,0.6739172339439392,0.6739172339439392,0.0,0.5643647703081514,False
1997-06-04,0.7267212271690369,0.7267212271690369,0.0,0.5643647703081514,False
1997-06-05,0.5868194699287415,0.5868194699287415,0.0,0.5643647703081514,False
1997-06-06,0.39969223737716675,0.39969223737716675,0.0,0.0,False
1997-06-09,0.550941526889801,0.550941526889801,0.0,0.0,False
1997-06-10,0.6149946451187134,0.6149946451187134,0.0,0.5622022307737449,False
1997-06-11,0.505861222743988,0.505861222743988,0.0,0.0,False
1997-06-12,0.5655419230461121,0.5655419230461121,0.0,0.5749453306734074,False
1997-06-13,0.5369530320167542,0.5369530320167542,0.0,0.0,False
1997-06-16,0.49090561270713806,0.49090561270713806,0.0,0.0,False
1997-06-17,0.4089405834674835,0.4089405834674835,0.0,0.0,False
1997-06-18,0.5672428011894226,0.5672428011894226,0.0,0.5516506692293973,False
1997-06-19,0.6130043864250183,0.6130043864250183,0.0,0.5516506692293973,False
1997-06-20,0.7022824287414551,0.7022824287414551,0.0,0.5516506692293973,False
1997-06-23,0.6452615261077881,0.6452615261077881,0.0,0.5516506692293973,False
1997-06-24,0.6018750071525574,0.6018750071525574,0.0,0.5516506692293973,False
1997-06-25,0.699886679649353,0.699886679649353,0.0,0.5516506692293973,False
1997-06-26,0.6047067642211914,0.6047067642211914,0.0,0.5516506692293973,False
1997-06-27,0.5270801186561584,0.5270801186561584,0.0,0.0,False
1997-06-30,0.4819123148918152,0.4819123148918152,0.0,0.0,False
1997-07-01,0.7754738926887512,0.7754738926887512,0.0,0.5642999515178728,False
1997-07-02,0.5138837099075317,0.5138837099075317,0.0,0.0,False
1997-07-03,0.4490916430950165,0.4490916430950165,0.0,0.0,False
1997-07-07,0.5460842847824097,0.5460842847824097,0.0,0.0,False
1997-07-08,0.6547104120254517,0.6547104120254517,0.0,0.5780532807568046,False
1997-07-09,0.7061811089515686,0.7061811089515686,0.0,0.5780532807568046,False
1997-07-10,0.6643579006195068,0.6643579006195068,0.0,0.5780532807568046,False
1997-07-11,0.6099618673324585,0.6099618673324585,0.0,0.5780532807568046,False
1997-07-14,0.7418704032897949,0.7418704032897949,0.0,0.5780532807568046,False
1997-07-15,0.6926517486572266,0.6926517486572266,0.0,0.5780532807568046,False
1997-07-16,0.8169419765472412,0.8169419765472412,1.0,0.39061240225309846,False
1997-07-17,0.5901861190795898,0.5901861190795898,1.0,0.39061240225309846,False
1997-07-18,0.6530470252037048,0.6530470252037048,1.0,0.39061240225309846,False
1997-07-21,0.6306411623954773,0.6306411623954773,1.0,0.39061240225309846,False
1997-07-22,0.6536585688591003,0.6536585688591003,1.0,0.39061240225309846,False
1997-07-23,0.623526394367218,0.623526394367218,1.0,0.39061240225309846,False
1997-07-24,0.5125938653945923,0.5125938653945923,1.0,0.0,False
1997-07-25,0.748988151550293,0.748988151550293,1.0,0.3063960971566614,False
1997-07-28,0.604347825050354,0.604347825050354,1.0,0.3063960971566614,False
1997-07-29,0.6727851033210754,0.6727851033210754,1.0,0.3063960971566614,False
1997-07-30,0.6643313765525818,0.6643313765525818,1.0,0.3063960971566614,False
1997-07-31,0.5991034507751465,0.5991034507751465,1.0,0.3063960971566614,False
1997-08-01,0.6688982844352722,0.6688982844352722,1.0,0.3063960971566614,False
1997-08-04,0.7237934470176697,0.7237934470176697,1.0,0.3063960971566614,False
1997-08-05,0.729408323764801,0.729408323764801,1.0,0.3063960971566614,False
1997-08-06,0.7283204793930054,0.7283204793930054,1.0,0.3063960971566614,False
1997-08-07,0.7665423154830933,0.7665423154830933,1.0,0.3063960971566614,False
1997-08-08,0.6240687370300293,0.6240687370300293,1.0,0.3063960971566614,False
1997-08-11,0.645680844783783,0.645680844783783,1.0,0.3063960971566614,False
1997-08-12,0.5368959903717041,0.5368959903717041,1.0,0.0,False
1997-08-13,0.4996104836463928,0.4996104836463928,1.0,0.0,False
1997-08-14,0.46777310967445374,0.46777310967445374,1.0,0.0,False
1997-08-15,0.5875278115272522,0.5875278115272522,0.0,0.45551600815952803,False
1997-08-18,0.5313964486122131,0.5313964486122131,0.0,0.0,False
1997-08-19,0.6076014637947083,0.6076014637947083,0.0,0.5834932811237242,False
1997-08-20,0.6097848415374756,0.6097848415374756,0.0,0.5834932811237242,False
1997-08-21,0.6367765665054321,0.6367765665054321,0.0,0.5834932811237242,False
1997-08-22,0.5961796641349792,0.5961796641349792,0.0,0.5834932811237242,False
1997-08-25,0.4507259130477905,0.4507259130477905,0.0,0.0,False
1997-08-26,0.4181073307991028,0.4181073307991028,0.0,0.0,False
1997-08-27,0.4705432057380676,0.4705432057380676,0.0,0.0,False
1997-08-28,0.6189664006233215,0.6189664006233215,0.0,0.6299744780328874,False
1997-08-29,0.5874366164207458,0.5874366164207458,0.0,0.6299744780328874,False
1997-09-02,0.5868176817893982,0.5868176817893982,0.0,0.6299744780328874,False
1997-09-03,0.5444012880325317,0.5444012880325317,0.0,0.0,False
1997-09-04,0.5095658302307129,0.5095658302307129,0.0,0.0,False
1997-09-05,0.5467350482940674,0.5467350482940674,0.0,0.0,False
1997-09-08,0.37842705845832825,0.37842705845832825,0.0,0.0,False
1997-09-09,0.43629539012908936,0.43629539012908936,0.0,0.0,False
1997-09-10,0.5290255546569824,0.5290255546569824,0.0,0.0,False
1997-09-11,0.5612836480140686,0.5612836480140686,0.0,0.5287606126331482,False
1997-09-12,0.5391345024108887,0.5391345024108887,0.0,0.0,False
1997-09-15,0.6073982119560242,0.6073982119560242,0.0,0.4526890342610174,False
1997-09-16,0.5339089035987854,0.5339089035987854,0.0,0.0,False
1997-09-17,0.538787305355072,0.538787305355072,0.0,0.0,False
1997-09-18,0.4842079281806946,0.4842079281806946,0.0,0.0,False
1997-09-19,0.5836710333824158,0.5836710333824158,0.0,0.4267174557933392,False
1997-09-22,0.538420557975769,0.538420557975769,0.0,0.0,False
1997-09-23,0.5471373796463013,0.5471373796463013,0.0,0.0,False
1997-09-24,0.6277570128440857,0.6277570128440857,0.0,0.40944500558551183,False
1997-09-25,0.6024737358093262,0.6024737358093262,0.0,0.40944500558551183,False
1997-09-26,0.5384665727615356,0.5384665727615356,0.0,0.0,False
1997-09-29,0.4955283999443054,0.4955283999443054,0.0,0.0,False
1997-09-30,0.5889245867729187,0.5889245867729187,0.0,0.44273321408083105,False
1997-10-01,0.5866776704788208,0.5866776704788208,0.0,0.44273321408083105,False
1997-10-02,0.47117382287979126,0.47117382287979126,0.0,0.0,False
1997-10-03,0.6068819761276245,0.6068819761276245,0.0,0.43824676830028714,False
1997-10-06,0.5385866165161133,0.5385866165161133,0.0,0.0,False
1997-10-07,0.5693821907043457,0.5693821907043457,0.0,0.4408660679635658,False
1997-10-08,0.44265103340148926,0.44265103340148926,0.0,0.0,False
1997-10-09,0.4796124994754791,0.4796124994754791,0.0,0.0,False
1997-10-10,0.539167582988739,0.539167582988739,0.0,0.0,False
1997-10-13,0.44757717847824097,0.44757717847824097,0.0,0.0,False
1997-10-14,0.45624077320098877,0.45624077320098877,0.0,0.0,False
1997-10-15,0.617251455783844,0.617251455783844,0.0,0.7534429873201839,False
1997-10-16,0.7137427926063538,0.7137427926063538,0.0,0.7534429873201839,False
1997-10-17,0.7209697365760803,0.7209697365760803,0.0,0.7534429873201839,False
1997-10-20,0.6900339126586914,0.6900339126586914,0.0,0.7534429873201839,False
1997-10-21,0.6367022395133972,0.6367022395133972,0.0,0.6292841406275419,False
1997-10-22,0.6464978456497192,0.6464978456497192,0.0,0.6292841406275419,False
1997-10-23,0.6107024550437927,0.6107024550437927,0.0,0.6292841406275419,False
1997-10-24,0.6195071935653687,0.6195071935653687,0.0,0.6292841406275419,False
1997-10-27,0.5579127073287964,0.5579127073287964,0.0,0.0,False
1997-10-28,0.5665339231491089,0.5665339231491089,0.0,0.4796910801085966,False
1997-10-29,0.4169253408908844,0.4169253408908844,0.0,0.0,False
1997-10-30,0.498083233833313,0.498083233833313,0.0,0.0,False
1997-10-31,0.24520768225193024,0.24520768225193024,0.0,0.0,False
1997-11-03,0.5579507946968079,0.5579507946968079,0.0,0.0,False
1997-11-04,0.4226912558078766,0.4226912558078766,0.0,0.0,False
1997-11-05,0.4574059247970581,0.4574059247970581,0.0,0.0,False
1997-11-06,0.43385204672813416,0.43385204672813416,0.0,0.0,False
1997-11-07,0.5534521341323853,0.5534521341323853,0.0,0.0,False
1997-11-10,0.5737905502319336,0.5737905502319336,0.0,0.45375736852256576,False
1997-11-11,0.5805928111076355,0.5805928111076355,0.0,0.45375736852256576,False
1997-11-12,0.6598876714706421,0.6598876714706421,0.0,0.45375736852256576,False
1997-11-13,0.6363466382026672,0.6363466382026672,0.0,0.45375736852256576,False
1997-11-14,0.5170350074768066,0.5170350074768066,0.0,0.0,False
1997-11-17,0.4711529016494751,0.4711529016494751,0.0,0.0,False
1997-11-18,0.44119787216186523,0.44119787216186523,0.0,0.0,False
1997-11-19,0.4010458290576935,0.4010458290576935,0.0,0.0,False
1997-11-20,0.40797820687294006,0.40797820687294006,0.0,0.0,False
1997-11-21,0.44822585582733154,0.44822585582733154,0.0,0.0,False
1997-11-24,0.4590017795562744,0.4590017795562744,0.0,0.0,False
1997-11-25,0.5184540152549744,0.5184540152549744,0.0,0.0,False
1997-11-26,0.660844624042511,0.660844624042511,0.0,0.6685002695020685,False
1997-11-28,0.4905720353126526,0.4905720353126526,0.0,0.0,False
1997-12-01,0.5315120220184326,0.5315120220184326,0.0,0.0,False
1997-12-02,0.6355772614479065,0.6355772614479065,0.0,0.7639174472847566,False
1997-12-03,0.5964222550392151,0.5964222550392151,0.0,0.7639174472847566,False
1997-12-04,0.6328072547912598,0.6328072547912598,0.0,0.7639174472847566,False
1997-12-05,0.6497576832771301,0.6497576832771301,0.0,0.7639174472847566,False
1997-12-08,0.5252920985221863,0.5252920985221863,0.0,0.0,False
1997-12-09,0.5155988931655884,0.5155988931655884,0.0,0.0,False
1997-12-10,0.6014956831932068,0.6014956831932068,0.0,0.6732866470716667,False
1997-12-11,0.6213443279266357,0.6213443279266357,0.0,0.6732866470716667,False
1997-12-12,0.5975645780563354,0.5975645780563354,0.0,0.6732866470716667,False
1997-12-15,0.6244390606880188,0.6244390606880188,0.0,0.6732866470716667,False
1997-12-16,0.6088815927505493,0.6088815927505493,0.0,0.6732866470716667,False
1997-12-17,0.5384513139724731,0.5384513139724731,0.0,0.0,False
1997-12-18,0.596235990524292,0.596235990524292,0.0,0.5185972021860571,False
1997-12-19,0.6065037250518799,0.6065037250518799,0.0,0.5185972021860571,False
1997-12-22,0.5606656074523926,0.5606656074523926,0.0,0.5185972021860571,False
1997-12-23,0.6942389011383057,0.6942389011383057,0.0,0.5185972021860571,False
1997-12-24,0.7182712554931641,0.7182712554931641,0.0,0.5185972021860571,False
1997-12-26,0.42505118250846863,0.42505118250846863,0.0,0.0,False
1997-12-29,0.4908091723918915,0.4908091723918915,0.0,0.0,False
1997-12-30,0.31622400879859924,0.31622400879859924,0.0,0.0,False
1997-12-31,0.3599708378314972,0.3599708378314972,0.0,0.0,False
1998-01-02,0.2869623303413391,0.2869623303413391,0.0,0.0,False
1998-01-05,0.4639616310596466,0.4639616310596466,0.0,0.0,False
1998-01-06,0.4491153955459595,0.4491153955459595,0.0,0.0,False
1998-01-07,0.4696964621543884,0.4696964621543884,0.0,0.0,False
1998-01-08,0.3438526391983032,0.3438526391983032,0.0,0.0,False
1998-01-09,0.40477627515792847,0.40477627515792847,0.0,0.0,False
1998-01-12,0.5634833574295044,0.5634833574295044,0.0,0.41400922826136277,False
1998-01-13,0.6080361604690552,0.6080361604690552,0.0,0.41400922826136277,False
1998-01-14,0.6336634755134583,0.6336634755134583,0.0,0.41400922826136277,False
1998-01-15,0.6250688433647156,0.6250688433647156,0.0,0.41400922826136277,False
1998-01-16,0.5121805667877197,0.5121805667877197,0.0,0.0,False
1998-01-20,0.44258221983909607,0.44258221983909607,0.0,0.0,False
1998-01-21,0.4296136200428009,0.4296136200428009,0.0,0.0,False
1998-01-22,0.30135396122932434,0.30135396122932434,0.0,0.0,False
1998-01-23,0.34789395332336426,0.34789395332336426,0.0,0.0,False
1998-01-26,0.3420845568180084,0.3420845568180084,1.0,0.0,False
1998-01-27,0.36636558175086975,0.36636558175086975,1.0,0.0,False
1998-01-28,0.45983922481536865,0.45983922481536865,0.0,0.0,False
1998-01-29,0.5620360374450684,0.5620360374450684,0.0,0.6285630662715918,False
1998-01-30,0.503262996673584,0.503262996673584,0.0,0.0,False
1998-02-02,0.5804812908172607,0.5804812908172607,0.0,0.5853936132249679,False
1998-02-03,0.5482717156410217,0.5482717156410217,0.0,0.0,False
1998-02-04,0.461577445268631,0.461577445268631,0.0,0.0,False
1998-02-05,0.5160107612609863,0.5160107612609863,0.0,0.0,False
1998-02-06,0.497026652097702,0.497026652097702,0.0,0.0,False
1998-02-09,0.45428574085235596,0.45428574085235596,0.0,0.0,False
1998-02-10,0.4372134506702423,0.4372134506702423,0.0,0.0,False
1998-02-11,0.5215405225753784,0.5215405225753784,0.0,0.0,False
1998-02-12,0.42253801226615906,0.42253801226615906,0.0,0.0,False
1998-02-13,0.33160072565078735,0.33160072565078735,0.0,0.0,False
1998-02-17,0.7255759239196777,0.7255759239196777,0.0,0.6360964745794964,False
1998-02-18,0.6950752139091492,0.6950752139091492,0.0,0.6360964745794964,False
1998-02-19,0.5795229077339172,0.5795229077339172,0.0,0.6360964745794964,False
1998-02-20,0.631416380405426,0.631416380405426,0.0,0.6360964745794964,False
1998-02-23,0.46180060505867004,0.46180060505867004,0.0,0.0,False
1998-02-24,0.5372615456581116,0.5372615456581116,0.0,0.0,False
1998-02-25,0.4059058725833893,0.4059058725833893,0.0,0.0,False
1998-02-26,0.48422771692276,0.48422771692276,0.0,0.0,False
1998-02-27,0.4720629155635834,0.4720629155635834,0.0,0.0,False
1998-03-02,0.39049240946769714,0.39049240946769714,0.0,0.0,False
1998-03-03,0.430662602186203,0.430662602186203,0.0,0.0,False
1998-03-04,0.604808509349823,0.604808509349823,0.0,0.524906501548956,False
1998-03-05,0.6784846782684326,0.6784846782684326,0.0,0.524906501548956,False
1998-03-06,0.4515645503997803,0.4515645503997803,0.0,0.0,False
1998-03-09,0.5740655660629272,0.5740655660629272,0.0,0.4286192333634207,False
1998-03-10,0.43609270453453064,0.43609270453453064,0.0,0.0,False
1998-03-11,0.5892412662506104,0.5892412662506104,0.0,0.41841880960918687,False
1998-03-12,0.5485338568687439,0.5485338568687439,0.0,0.0,False
1998-03-13,0.49949970841407776,0.49949970841407776,0.0,0.0,False
1998-03-16,0.4310837984085083,0.4310837984085083,0.0,0.0,False
1998-03-17,0.6065899729728699,0.6065899729728699,0.0,0.4158557896017852,False
1998-03-18,0.5209514498710632,0.5209514498710632,0.0,0.0,False
1998-03-19,0.4605514705181122,0.4605514705181122,0.0,0.0,False
1998-03-20,0.6307071447372437,0.6307071447372437,0.0,0.4110280512611844,False
1998-03-23,0.6234512329101562,0.6234512329101562,0.0,0.4110280512611844,False
1998-03-24,0.6483339667320251,0.6483339667320251,0.0,0.4110280512611844,False
1998-03-25,0.6712096929550171,0.6712096929550171,0.0,0.4110280512611844,False
1998-03-26,0.614724338054657,0.614724338054657,0.0,0.4110280512611844,False
1998-03-27,0.6243475079536438,0.6243475079536438,0.0,0.4110280512611844,False
1998-03-30,0.5715910196304321,0.5715910196304321,0.0,0.4110280512611844,False
1998-03-31,0.6072813272476196,0.6072813272476196,0.0,0.4110280512611844,False
1998-04-01,0.5138693451881409,0.5138693451881409,0.0,0.0,False
1998-04-02,0.5401778817176819,0.5401778817176819,0.0,0.0,False
1998-04-03,0.4429587423801422,0.4429587423801422,0.0,0.0,False
1998-04-06,0.5886358618736267,0.5886358618736267,0.0,0.5431631149699251,False
1998-04-07,0.5640979409217834,0.5640979409217834,0.0,0.5431631149699251,False
1998-04-08,0.5752745866775513,0.5752745866775513,0.0,0.5431631149699251,False
1998-04-09,0.614054799079895,0.614054799079895,0.0,0.5431631149699251,False
1998-04-13,0.6387284994125366,0.6387284994125366,0.0,0.5431631149699251,False
1998-04-14,0.61967933177948,0.61967933177948,0.0,0.5431631149699251,False
1998-04-15,0.647661030292511,0.647661030292511,0.0,0.5431631149699251,False
1998-04-16,0.6484416127204895,0.6484416127204895,0.0,0.5431631149699251,False
1998-04-17,0.6142084002494812,0.6142084002494812,0.0,0.5431631149699251,False
1998-04-20,0.4649527072906494,0.4649527072906494,0.0,0.0,False
1998-04-21,0.48074355721473694,0.48074355721473694,0.0,0.0,False
1998-04-22,0.6154348850250244,0.6154348850250244,0.0,0.46581654019202423,False
1998-04-23,0.6262081265449524,0.6262081265449524,0.0,0.46581654019202423,False
1998-04-24,0.6036444306373596,0.6036444306373596,0.0,0.46581654019202423,False
1998-04-27,0.563602089881897,0.563602089881897,0.0,0.46581654019202423,False
1998-04-28,0.5015310645103455,0.5015310645103455,0.0,0.0,False
1998-04-29,0.6638520956039429,0.6638520956039429,0.0,0.4200831082823187,False
1998-04-30,0.7037010192871094,0.7037010192871094,0.0,0.4200831082823187,False
1998-05-01,0.589599072933197,0.589599072933197,0.0,0.4200831082823187,False
1998-05-04,0.5977811813354492,0.5977811813354492,0.0,0.4200831082823187,False
1998-05-05,0.6270108819007874,0.6270108819007874,0.0,0.4200831082823187,False
1998-05-06,0.7601637840270996,0.7601637840270996,0.0,0.4200831082823187,False
1998-05-07,0.6045254468917847,0.6045254468917847,0.0,0.4200831082823187,False
1998-05-08,0.5606697797775269,0.5606697797775269,0.0,0.4200831082823187,False
1998-05-11,0.6133418679237366,0.6133418679237366,0.0,0.4200831082823187,False
1998-05-12,0.505389928817749,0.505389928817749,0.0,0.0,False
1998-05-13,0.3827868402004242,0.3827868402004242,0.0,0.0,False
1998-05-14,0.4132184088230133,0.4132184088230133,0.0,0.0,False
1998-05-15,0.44070467352867126,0.44070467352867126,0.0,0.0,False
1998-05-18,0.43848860263824463,0.43848860263824463,0.0,0.0,False
1998-05-19,0.45897966623306274,0.45897966623306274,0.0,0.0,False
1998-05-20,0.3267594277858734,0.3267594277858734,0.0,0.0,False
1998-05-21,0.4532279670238495,0.4532279670238495,0.0,0.0,False
1998-05-22,0.5165875554084778,0.5165875554084778,0.0,0.0,False
1998-05-26,0.7172439098358154,0.7172439098358154,0.0,0.5327254134236932,False
1998-05-27,0.649777352809906,0.649777352809906,0.0,0.5327254134236932,False
1998-05-28,0.5536547303199768,0.5536547303199768,0.0,0.0,False
1998-05-29,0.545772135257721,0.545772135257721,0.0,0.0,False
1998-06-01,0.5503066182136536,0.5503066182136536,0.0,0.0,False
1998-06-02,0.5848658680915833,0.5848658680915833,0.0,0.4753295415241548,False
1998-06-03,0.5907158851623535,0.5907158851623535,0.0,0.4753295415241548,False
1998-06-04,0.5885921120643616,0.5885921120643616,0.0,0.4753295415241548,False
1998-06-05,0.5213421583175659,0.5213421583175659,0.0,0.0,False
1998-06-08,0.45066505670547485,0.45066505670547485,0.0,0.0,False
1998-06-09,0.517270028591156,0.517270028591156,0.0,0.0,False
1998-06-10,0.5119005441665649,0.5119005441665649,0.0,0.0,False
1998-06-11,0.6443333625793457,0.6443333625793457,0.0,0.5511770449803575,False
1998-06-12,0.5982705950737,0.5982705950737,0.0,0.5511770449803575,False
1998-06-15,0.5744031071662903,0.5744031071662903,0.0,0.5511770449803575,False
1998-06-16,0.6045865416526794,0.6045865416526794,0.0,0.5511770449803575,False
1998-06-17,0.6192469596862793,0.6192469596862793,0.0,0.5511770449803575,False
1998-06-18,0.5751286745071411,0.5751286745071411,0.0,0.5511770449803575,False
1998-06-19,0.6757344007492065,0.6757344007492065,0.0,0.5511770449803575,False
1998-06-22,0.6885793209075928,0.6885793209075928,0.0,0.5511770449803575,False
1998-06-23,0.6994678974151611,0.6994678974151611,0.0,0.5511770449803575,False
1998-06-24,0.6360677480697632,0.6360677480697632,0.0,0.5511770449803575,False
1998-06-25,0.7764468789100647,0.7764468789100647,0.0,0.4127091610528176,False
1998-06-26,0.705326497554779,0.705326497554779,1.0,0.4127091610528176,False
1998-06-29,0.6740708351135254,0.6740708351135254,1.0,0.4127091610528176,False
1998-06-30,0.7012017369270325,0.7012017369270325,1.0,0.4127091610528176,False
1998-07-01,0.7131777405738831,0.7131777405738831,1.0,0.4127091610528176,False
1998-07-02,0.5743687152862549,0.5743687152862549,1.0,0.4127091610528176,False
1998-07-06,0.495449960231781,0.495449960231781,1.0,0.0,False
1998-07-07,0.45426812767982483,0.45426812767982483,1.0,0.0,False
1998-07-08,0.3600999712944031,0.3600999712944031,1.0,0.0,False
1998-07-09,0.35332736372947693,0.35332736372947693,1.0,0.0,False
1998-07-10,0.27465584874153137,0.27465584874153137,1.0,0.0,False
1998-07-13,0.37522077560424805,0.37522077560424805,1.0,0.0,False
1998-07-14,0.3498956263065338,0.3498956263065338,1.0,0.0,False
1998-07-15,0.3101634383201599,0.3101634383201599,1.0,0.0,False
1998-07-16,0.31845712661743164,0.31845712661743164,1.0,0.0,False
1998-07-17,0.32672324776649475,0.32672324776649475,1.0,0.0,False
1998-07-20,0.2524741590023041,0.2524741590023041,1.0,0.0,False
1998-07-21,0.644468367099762,0.644468367099762,0.0,0.4119043829271882,False
1998-07-22,0.48813596367836,0.48813596367836,0.0,0.0,False
1998-07-23,0.5574811697006226,0.5574811697006226,0.0,0.0,False
1998-07-24,0.49110186100006104,0.49110186100006104,0.0,0.0,False
1998-07-27,0.4527091383934021,0.4527091383934021,0.0,0.0,False
1998-07-28,0.6013241410255432,0.6013241410255432,0.0,0.44109006742257256,False
1998-07-29,0.750831127166748,0.750831127166748,0.0,0.44109006742257256,False
1998-07-30,0.5484336018562317,0.5484336018562317,0.0,0.0,False
1998-07-31,0.687536358833313,0.687536358833313,0.0,0.4115575760714232,False
1998-08-03,0.7429065704345703,0.7429065704345703,0.0,0.4115575760714232,False
1998-08-04,0.6703908443450928,0.6703908443450928,0.0,0.4115575760714232,False
1998-08-05,0.592239499092102,0.592239499092102,0.0,0.4115575760714232,False
1998-08-06,0.596992552280426,0.596992552280426,0.0,0.4115575760714232,False
1998-08-07,0.5335651636123657,0.5335651636123657,0.0,0.0,False
1998-08-10,0.3999277651309967,0.3999277651309967,0.0,0.0,False
1998-08-11,0.48644140362739563,0.48644140362739563,0.0,0.0,False
1998-08-12,0.3962424099445343,0.3962424099445343,0.0,0.0,False
1998-08-13,0.5542774796485901,0.5542774796485901,0.0,0.0,False
1998-08-14,0.3519532084465027,0.3519532084465027,0.0,0.0,False
1998-08-17,0.46155232191085815,0.46155232191085815,0.0,0.0,False
1998-08-18,0.5861262083053589,0.5861262083053589,0.0,0.3880180361994672,False
1998-08-19,0.5844853520393372,0.5844853520393372,0.0,0.3880180361994672,False
1998-08-20,0.5207982659339905,0.5207982659339905,0.0,0.0,False
1998-08-21,0.5012810826301575,0.5012810826301575,0.0,0.0,False
1998-08-24,0.44444209337234497,0.44444209337234497,0.0,0.0,False
1998-08-25,0.509738564491272,0.509738564491272,0.0,0.0,False
1998-08-26,0.4010521173477173,0.4010521173477173,0.0,0.0,False
1998-08-27,0.5431902408599854,0.5431902408599854,0.0,0.0,False
1998-08-28,0.6942771673202515,0.6942771673202515,0.0,0.45092110148662895,False
1998-08-31,0.8502542972564697,0.8502542972564697,1.0,0.33177922956075584,False
1998-09-01,0.6117841601371765,0.6117841601371765,1.0,0.33177922956075584,False
1998-09-02,0.6031923294067383,0.6031923294067383,1.0,0.33177922956075584,False
1998-09-03,0.5469698309898376,0.5469698309898376,1.0,0.0,False
1998-09-04,0.58525550365448,0.58525550365448,1.0,0.30963171080449564,False
1998-09-08,0.6478967666625977,0.6478967666625977,1.0,0.30963171080449564,False
1998-09-09,0.6400309801101685,0.6400309801101685,1.0,0.30963171080449564,False
1998-09-10,0.6559964418411255,0.6559964418411255,1.0,0.30963171080449564,False
1998-09-11,0.6392939686775208,0.6392939686775208,1.0,0.30963171080449564,False
1998-09-14,0.47201940417289734,0.47201940417289734,1.0,0.0,False
1998-09-15,0.46872478723526,0.46872478723526,1.0,0.0,False
1998-09-16,0.4565591514110565,0.4565591514110565,1.0,0.0,False
1998-09-17,0.565721869468689,0.565721869468689,1.0,0.2828615181394892,False
1998-09-18,0.6198183298110962,0.6198183298110962,1.0,0.2828615181394892,False
1998-09-21,0.5122094750404358,0.5122094750404358,1.0,0.0,False
1998-09-22,0.482622355222702,0.482622355222702,1.0,0.0,False
1998-09-23,0.6485610604286194,0.6485610604286194,1.0,0.2743733023286907,False
1998-09-24,0.5316168665885925,0.5316168665885925,1.0,0.0,False
1998-09-25,0.5659611821174622,0.5659611821174622,1.0,0.27020588789767336,False
1998-09-28,0.4831865727901459,0.4831865727901459,1.0,0.0,False
1998-09-29,0.5253885388374329,0.5253885388374329,1.0,0.0,False
1998-09-30,0.5395985841751099,0.5395985841751099,1.0,0.0,False
1998-10-01,0.6849451065063477,0.6849451065063477,1.0,0.33627307296296455,False
1998-10-02,0.5923619866371155,0.5923619866371155,1.0,0.33627307296296455,False
1998-10-05,0.7356412410736084,0.7356412410736084,1.0,0.33627307296296455,False
1998-10-06,0.7054345011711121,0.7054345011711121,1.0,0.33627307296296455,False
1998-10-07,0.7067159414291382,0.7067159414291382,1.0,0.33627307296296455,False
1998-10-08,0.7158291935920715,0.7158291935920715,1.0,0.33627307296296455,False
1998-10-09,0.6790540218353271,0.6790540218353271,1.0,0.33627307296296455,False
1998-10-12,0.4614807069301605,0.4614807069301605,1.0,0.0,False
1998-10-13,0.5361171960830688,0.5361171960830688,1.0,0.0,False
1998-10-14,0.5789722204208374,0.5789722204208374,1.0,0.2881464584912157,False
1998-10-15,0.4137299358844757,0.4137299358844757,1.0,0.0,False
1998-10-16,0.48814183473587036,0.48814183473587036,1.0,0.0,False
1998-10-19,0.5813522338867188,0.5813522338867188,1.0,0.27597362262522984,False
1998-10-20,0.5898637175559998,0.5898637175559998,1.0,0.27597362262522984,False
1998-10-21,0.5492134094238281,0.5492134094238281,1.0,0.0,False
1998-10-22,0.6178123354911804,0.6178123354911804,1.0,0.259487738353279,False
1998-10-23,0.4704979658126831,0.4704979658126831,1.0,0.0,False
1998-10-26,0.47144851088523865,0.47144851088523865,1.0,0.0,False
1998-10-27,0.540344774723053,0.540344774723053,1.0,0.0,False
1998-10-28,0.48589882254600525,0.48589882254600525,1.0,0.0,False
1998-10-29,0.5296283960342407,0.5296283960342407,1.0,0.0,False
1998-10-30,0.5594022274017334,0.5594022274017334,1.0,0.0,False
1998-11-02,0.5601112246513367,0.5601112246513367,1.0,0.28419534903767635,False
1998-11-03,0.5331022143363953,0.5331022143363953,1.0,0.0,False
1998-11-04,0.5897676944732666,0.5897676944732666,1.0,0.30771911778558053,False
1998-11-05,0.5300680994987488,0.5300680994987488,1.0,0.0,False
1998-11-06,0.5574689507484436,0.5574689507484436,1.0,0.0,False
1998-11-09,0.5988178849220276,0.5988178849220276,1.0,0.35708105939292795,False
1998-11-10,0.6367725133895874,0.6367725133895874,1.0,0.35708105939292795,False
1998-11-11,0.5614246726036072,0.5614246726036072,0.0,0.35708105939292795,False
1998-11-12,0.49034440517425537,0.49034440517425537,0.0,0.0,False
1998-11-13,0.5103989243507385,0.5103989243507385,0.0,0.0,False
1998-11-16,0.46267232298851013,0.46267232298851013,0.0,0.0,False
1998-11-17,0.57083660364151,0.57083660364151,0.0,0.4464490367718954,False
1998-11-18,0.48879894614219666,0.48879894614219666,0.0,0.0,False
1998-11-19,0.5841935276985168,0.5841935276985168,0.0,0.5877993846211421,False
1998-11-20,0.6887881755828857,0.6887881755828857,0.0,0.5877993846211421,False
1998-11-23,0.748697817325592,0.748697817325592,0.0,0.5877993846211421,False
1998-11-24,0.6503230333328247,0.6503230333328247,0.0,0.5877993846211421,False
1998-11-25,0.4911223351955414,0.4911223351955414,0.0,0.0,False
1998-11-27,0.3721310496330261,0.3721310496330261,0.0,0.0,False
1998-11-30,0.7463830709457397,0.7463830709457397,0.0,0.4317394305046381,False
1998-12-01,0.7606593370437622,0.7606593370437622,1.0,0.4317394305046381,False
1998-12-02,0.5540313124656677,0.5540313124656677,1.0,0.0,False
1998-12-03,0.5554982423782349,0.5554982423782349,1.0,0.0,False
1998-12-04,0.46962979435920715,0.46962979435920715,1.0,0.0,False
1998-12-07,0.5091121196746826,0.5091121196746826,1.0,0.0,False
1998-12-08,0.5038751363754272,0.5038751363754272,1.0,0.0,False
1998-12-09,0.45003870129585266,0.45003870129585266,1.0,0.0,False
1998-12-10,0.5285342335700989,0.5285342335700989,1.0,0.0,False
1998-12-11,0.47048139572143555,0.47048139572143555,1.0,0.0,False
1998-12-14,0.5678972005844116,0.5678972005844116,1.0,0.29052877279555384,False
1998-12-15,0.45822691917419434,0.45822691917419434,1.0,0.0,False
1998-12-16,0.5374194383621216,0.5374194383621216,1.0,0.0,False
1998-12-17,0.5102322101593018,0.5102322101593018,1.0,0.0,False
1998-12-18,0.4109761416912079,0.4109761416912079,1.0,0.0,False
1998-12-21,0.3661375045776367,0.3661375045776367,1.0,0.0,False
1998-12-22,0.44644153118133545,0.44644153118133545,1.0,0.0,False
1998-12-23,0.49162355065345764,0.49162355065345764,1.0,0.0,False
1998-12-24,0.4720902740955353,0.4720902740955353,1.0,0.0,False
1998-12-28,0.47282373905181885,0.47282373905181885,1.0,0.0,False
1998-12-29,0.6000902056694031,0.6000902056694031,1.0,0.3250769226081851,False
1998-12-30,0.5857807993888855,0.5857807993888855,1.0,0.3250769226081851,False
1998-12-31,0.5344264507293701,0.5344264507293701,1.0,0.0,False
1999-01-04,0.5033447742462158,0.5033447742462158,1.0,0.0,False
1999-01-05,0.4858376085758209,0.4858376085758209,1.0,0.0,False
1999-01-06,0.406637579202652,0.406637579202652,1.0,0.0,False
1999-01-07,0.42887985706329346,0.42887985706329346,1.0,0.0,False
1999-01-08,0.44204181432724,0.44204181432724,1.0,0.0,False
1999-01-11,0.46675118803977966,0.46675118803977966,0.0,0.0,False
1999-01-12,0.5509019494056702,0.5509019494056702,0.0,0.0,False
1999-01-13,0.6130140423774719,0.6130140423774719,0.0,0.4585282541685491,False
1999-01-14,0.5680292844772339,0.5680292844772339,0.0,0.4585282541685491,False
1999-01-15,0.3887127637863159,0.3887127637863159,0.0,0.0,False
1999-01-19,0.5180202722549438,0.5180202722549438,1.0,0.0,False
1999-01-20,0.3185894191265106,0.3185894191265106,1.0,0.0,False
1999-01-21,0.5540226101875305,0.5540226101875305,1.0,0.0,False
1999-01-22,0.48845788836479187,0.48845788836479187,1.0,0.0,False
1999-01-25,0.48138725757598877,0.48138725757598877,1.0,0.0,False
1999-01-26,0.6232700347900391,0.6232700347900391,1.0,0.3297919798894704,False
1999-01-27,0.5974124073982239,0.5974124073982239,1.0,0.3297919798894704,False
1999-01-28,0.5417370200157166,0.5417370200157166,1.0,0.0,False
1999-01-29,0.5456820726394653,0.5456820726394653,1.0,0.0,False
1999-02-01,0.5282593369483948,0.5282593369483948,1.0,0.0,False
1999-02-02,0.5388489365577698,0.5388489365577698,1.0,0.0,False
1999-02-03,0.6404412984848022,0.6404412984848022,1.0,0.3162393531654414,False
1999-02-04,0.7170307040214539,0.7170307040214539,1.0,0.3162393531654414,False
1999-02-05,0.6918348073959351,0.6918348073959351,1.0,0.3162393531654414,False
1999-02-08,0.6161622405052185,0.6161622405052185,1.0,0.3162393531654414,False
1999-02-09,0.7500133514404297,0.7500133514404297,1.0,0.3162393531654414,False
1999-02-10,0.6633874773979187,0.6633874773979187,1.0,0.3162393531654414,False
1999-02-11,0.6382774114608765,0.6382774114608765,1.0,0.3162393531654414,False
1999-02-12,0.6733747720718384,0.6733747720718384,1.0,0.3162393531654414,False
1999-02-16,0.7589935660362244,0.7589935660362244,1.0,0.3162393531654414,False
1999-02-17,0.64950031042099,0.64950031042099,1.0,0.3162393531654414,False
1999-02-18,0.6377096772193909,0.6377096772193909,1.0,0.3162393531654414,False
1999-02-19,0.6386753916740417,0.6386753916740417,1.0,0.3162393531654414,False
1999-02-22,0.6965187191963196,0.6965187191963196,1.0,0.3162393531654414,False
1999-02-23,0.5165421962738037,0.5165421962738037,1.0,0.0,False
1999-02-24,0.40531325340270996,0.40531325340270996,1.0,0.0,False
1999-02-25,0.4960234761238098,0.4960234761238098,1.0,0.0,False
1999-02-26,0.40028494596481323,0.40028494596481323,1.0,0.0,False
1999-03-01,0.3300210237503052,0.3300210237503052,1.0,0.0,False
1999-03-02,0.48392680287361145,0.48392680287361145,1.0,0.0,False
1999-03-03,0.505264163017273,0.505264163017273,0.0,0.0,False
1999-03-04,0.4440470337867737,0.4440470337867737,0.0,0.0,False
1999-03-05,0.41057389974594116,0.41057389974594116,0.0,0.0,False
1999-03-08,0.4243203103542328,0.4243203103542328,0.0,0.0,False
1999-03-09,0.5945863723754883,0.5945863723754883,0.0,0.4156309104809741,False
1999-03-10,0.41002511978149414,0.41002511978149414,0.0,0.0,False
1999-03-11,0.49934759736061096,0.49934759736061096,0.0,0.0,False
1999-03-12,0.5101650357246399,0.5101650357246399,0.0,0.0,False
1999-03-15,0.5797692537307739,0.5797692537307739,0.0,0.43671968844240244,False
1999-03-16,0.5404456853866577,0.5404456853866577,0.0,0.0,False
1999-03-17,0.5338690280914307,0.5338690280914307,0.0,0.0,False
1999-03-18,0.5508242845535278,0.5508242845535278,0.0,0.0,False
1999-03-19,0.5711438655853271,0.5711438655853271,0.0,0.5000516665302728,False
1999-03-22,0.6065453290939331,0.6065453290939331,0.0,0.5000516665302728,False
1999-03-23,0.5457558035850525,0.5457558035850525,0.0,0.0,False
1999-03-24,0.5269010066986084,0.5269010066986084,0.0,0.0,False
1999-03-25,0.5933488011360168,0.5933488011360168,0.0,0.4336092991591394,False
1999-03-26,0.5687753558158875,0.5687753558158875,1.0,0.4336092991591394,False
1999-03-29,0.5874319672584534,0.5874319672584534,1.0,0.4336092991591394,False
1999-03-30,0.5687160491943359,0.5687160491943359,1.0,0.4336092991591394,False
1999-03-31,0.5652183294296265,0.5652183294296265,1.0,0.4336092991591394,False
1999-04-01,0.5967904925346375,0.5967904925346375,1.0,0.4336092991591394,False
1999-04-05,0.5870993733406067,0.5870993733406067,1.0,0.4336092991591394,False
1999-04-06,0.6040455102920532,0.6040455102920532,1.0,0.4336092991591394,False
1999-04-07,0.5624844431877136,0.5624844431877136,1.0,0.4336092991591394,False
1999-04-08,0.5284801125526428,0.5284801125526428,1.0,0.0,False
1999-04-09,0.5607209205627441,0.5607209205627441,1.0,0.38760181632706076,False
1999-04-12,0.5941119194030762,0.5941119194030762,1.0,0.38760181632706076,False
1999-04-13,0.7030683159828186,0.7030683159828186,0.0,0.38760181632706076,False
1999-04-14,0.640037477016449,0.640037477016449,1.0,0.38760181632706076,False
1999-04-15,0.7007519602775574,0.7007519602775574,1.0,0.38760181632706076,False
1999-04-16,0.5098429322242737,0.5098429322242737,1.0,0.0,False
1999-04-19,0.6570501327514648,0.6570501327514648,1.0,0.2985202542807057,False
1999-04-20,0.5116029977798462,0.5116029977798462,1.0,0.0,False
1999-04-21,0.505940854549408,0.505940854549408,1.0,0.0,False
1999-04-22,0.5190204381942749,0.5190204381942749,1.0,0.0,False
1999-04-23,0.5479236245155334,0.5479236245155334,1.0,0.0,False
1999-04-26,0.61033695936203,0.61033695936203,1.0,0.31472757814870495,False
1999-04-27,0.5807324051856995,0.5807324051856995,1.0,0.31472757814870495,False
1999-04-28,0.5804290771484375,0.5804290771484375,1.0,0.31472757814870495,False
1999-04-29,0.6630117893218994,0.6630117893218994,1.0,0.31472757814870495,False
1999-04-30,0.6599081158638,0.6599081158638,1.0,0.31472757814870495,False
1999-05-03,0.7266213893890381,0.7266213893890381,1.0,0.31472757814870495,False
1999-05-04,0.7871557474136353,0.7871557474136353,1.0,0.31472757814870495,False
1999-05-05,0.7267534732818604,0.7267534732818604,1.0,0.31472757814870495,False
1999-05-06,0.6894163489341736,0.6894163489341736,1.0,0.31472757814870495,False
1999-05-07,0.7252649068832397,0.7252649068832397,1.0,0.31472757814870495,False
1999-05-10,0.6807731986045837,0.6807731986045837,1.0,0.31472757814870495,False
1999-05-11,0.5905793309211731,0.5905793309211731,1.0,0.31472757814870495,False
1999-05-12,0.668506920337677,0.668506920337677,0.0,0.31472757814870495,False
1999-05-13,0.6664501428604126,0.6664501428604126,0.0,0.31472757814870495,False
1999-05-14,0.7589201927185059,0.7589201927185059,0.0,0.31472757814870495,False
1999-05-17,0.6617797613143921,0.6617797613143921,0.0,0.4337917516233848,False
1999-05-18,0.66800457239151,0.66800457239151,0.0,0.4337917516233848,False
1999-05-19,0.5912889242172241,0.5912889242172241,0.0,0.4337917516233848,False
1999-05-20,0.6317417621612549,0.6317417621612549,0.0,0.4337917516233848,False
1999-05-21,0.6989811658859253,0.6989811658859253,0.0,0.4337917516233848,False
1999-05-24,0.7066792845726013,0.7066792845726013,0.0,0.5440728215195397,False
1999-05-25,0.7968258261680603,0.7968258261680603,0.0,0.5440728215195397,False
1999-05-26,0.6303187012672424,0.6303187012672424,0.0,0.5440728215195397,False
1999-05-27,0.6523386240005493,0.6523386240005493,0.0,0.5440728215195397,False
1999-05-28,0.569499671459198,0.569499671459198,0.0,0.5440728215195397,False
1999-06-01,0.546524703502655,0.546524703502655,0.0,0.0,False
1999-06-02,0.5403204560279846,0.5403204560279846,0.0,0.0,False
1999-06-03,0.6193898916244507,0.6193898916244507,0.0,0.5246855661933725,False
1999-06-04,0.592820405960083,0.592820405960083,0.0,0.5246855661933725,False
1999-06-07,0.5739834904670715,0.5739834904670715,0.0,0.5246855661933725,False
1999-06-08,0.6076926589012146,0.6076926589012146,0.0,0.5246855661933725,False
1999-06-09,0.49551060795783997,0.49551060795783997,0.0,0.0,False
1999-06-10,0.49937838315963745,0.49937838315963745,0.0,0.0,False
1999-06-11,0.6005803346633911,0.6005803346633911,0.0,0.4114940431170584,False
1999-06-14,0.6122737526893616,0.6122737526893616,0.0,0.4114940431170584,False
1999-06-15,0.6516684889793396,0.6516684889793396,0.0,0.4114940431170584,False
1999-06-16,0.6074725985527039,0.6074725985527039,0.0,0.4114940431170584,False
1999-06-17,0.4707365930080414,0.4707365930080414,0.0,0.0,False
1999-06-18,0.5554420948028564,0.5554420948028564,0.0,0.0,False
1999-06-21,0.6268029808998108,0.6268029808998108,1.0,0.3728879056389648,False
1999-06-22,0.6647592782974243,0.6647592782974243,1.0,0.3728879056389648,False
1999-06-23,0.4791397452354431,0.4791397452354431,1.0,0.0,False
1999-06-24,0.4431571066379547,0.4431571066379547,1.0,0.0,False
1999-06-25,0.5077720880508423,0.5077720880508423,1.0,0.0,False
1999-06-28,0.5888906121253967,0.5888906121253967,0.0,0.36840066799129145,False
1999-06-29,0.5806230306625366,0.5806230306625366,1.0,0.36840066799129145,False
1999-06-30,0.5414983630180359,0.5414983630180359,1.0,0.0,False
1999-07-01,0.5046019554138184,0.5046019554138184,1.0,0.0,False
1999-07-02,0.5055683851242065,0.5055683851242065,0.0,0.0,False
1999-07-06,0.5905119180679321,0.5905119180679321,0.0,0.39947282589427274,False
1999-07-07,0.5690638422966003,0.5690638422966003,1.0,0.39947282589427274,False
1999-07-08,0.5977213978767395,0.5977213978767395,0.0,0.39947282589427274,False
1999-07-09,0.5501068234443665,0.5501068234443665,0.0,0.0,False
1999-07-12,0.49998360872268677,0.49998360872268677,0.0,0.0,False
1999-07-13,0.391074538230896,0.391074538230896,0.0,0.0,False
1999-07-14,0.44033583998680115,0.44033583998680115,1.0,0.0,False
1999-07-15,0.44753602147102356,0.44753602147102356,0.0,0.0,False
1999-07-16,0.5232346653938293,0.5232346653938293,0.0,0.0,False
1999-07-19,0.5364430546760559,0.5364430546760559,0.0,0.0,False
1999-07-20,0.6188797354698181,0.6188797354698181,0.0,0.4096002254407497,False
1999-07-21,0.6142978072166443,0.6142978072166443,0.0,0.4096002254407497,False
1999-07-22,0.6263211369514465,0.6263211369514465,0.0,0.4096002254407497,False
1999-07-23,0.4470313787460327,0.4470313787460327,0.0,0.0,False
1999-07-26,0.511488676071167,0.511488676071167,0.0,0.0,False
1999-07-27,0.522616982460022,0.522616982460022,0.0,0.0,False
1999-07-28,0.6039183735847473,0.6039183735847473,0.0,0.38463254609604847,False
1999-07-29,0.5387650728225708,0.5387650728225708,0.0,0.0,False
1999-07-30,0.6380075812339783,0.6380075812339783,0.0,0.37690681109247154,False
1999-08-02,0.6930534839630127,0.6930534839630127,0.0,0.37690681109247154,False
1999-08-03,0.6753432750701904,0.6753432750701904,0.0,0.37690681109247154,False
1999-08-04,0.7070092558860779,0.7070092558860779,0.0,0.37690681109247154,False
1999-08-05,0.6461033821105957,0.6461033821105957,0.0,0.37690681109247154,False
1999-08-06,0.7101506590843201,0.7101506590843201,0.0,0.37690681109247154,False
1999-08-09,0.6997493505477905,0.6997493505477905,0.0,0.37690681109247154,False
1999-08-10,0.7127096056938171,0.7127096056938171,0.0,0.37690681109247154,False
1999-08-11,0.6979888081550598,0.6979888081550598,0.0,0.37690681109247154,False
1999-08-12,0.728449285030365,0.728449285030365,0.0,0.37690681109247154,False
1999-08-13,0.369529128074646,0.369529128074646,0.0,0.0,False
1999-08-16,0.3734186589717865,0.3734186589717865,0.0,0.0,False
1999-08-17,0.5107241272926331,0.5107241272926331,0.0,0.0,False
1999-08-18,0.6074967384338379,0.6074967384338379,0.0,0.5077873826330933,False
1999-08-19,0.6178736090660095,0.6178736090660095,0.0,0.5077873826330933,False
1999-08-20,0.6270620822906494,0.6270620822906494,0.0,0.5077873826330933,False
1999-08-23,0.5516141653060913,0.5516141653060913,0.0,0.0,False
1999-08-24,0.8418340682983398,0.8418340682983398,0.0,0.4028118968058386,False
1999-08-25,0.7270091772079468,0.7270091772079468,0.0,0.4028118968058386,False
1999-08-26,0.6700097322463989,0.6700097322463989,0.0,0.4028118968058386,False
1999-08-27,0.6840869784355164,0.6840869784355164,0.0,0.4028118968058386,False
1999-08-30,0.5330312848091125,0.5330312848091125,0.0,0.0,False
1999-08-31,0.4909142851829529,0.4909142851829529,0.0,0.0,False
1999-09-01,0.6555392742156982,0.6555392742156982,0.0,0.4109241544797117,False
1999-09-02,0.6752183437347412,0.6752183437347412,0.0,0.4109241544797117,False
1999-09-03,0.6483511924743652,0.6483511924743652,1.0,0.4109241544797117,False
1999-09-07,0.5969157218933105,0.5969157218933105,1.0,0.4109241544797117,False
1999-09-08,0.3930046856403351,0.3930046856403351,1.0,0.0,False
1999-09-09,0.5002915859222412,0.5002915859222412,1.0,0.0,False
1999-09-10,0.47662079334259033,0.47662079334259033,1.0,0.0,False
1999-09-13,0.525475263595581,0.525475263595581,0.0,0.0,False
1999-09-14,0.5948836803436279,0.5948836803436279,0.0,0.40569551695368555,False
1999-09-15,0.5553637146949768,0.5553637146949768,1.0,0.0,False
1999-09-16,0.5576003193855286,0.5576003193855286,1.0,0.0,False
1999-09-17,0.5372932553291321,0.5372932553291321,1.0,0.0,False
1999-09-20,0.6175642013549805,0.6175642013549805,1.0,0.3893772473283412,False
1999-09-21,0.5821154713630676,0.5821154713630676,0.0,0.3893772473283412,False
1999-09-22,0.6172294616699219,0.6172294616699219,0.0,0.3893772473283412,False
1999-09-23,0.5995597243309021,0.5995597243309021,0.0,0.3893772473283412,False
1999-09-24,0.42231079936027527,0.42231079936027527,0.0,0.0,False
1999-09-27,0.4458194673061371,0.4458194673061371,0.0,0.0,False
1999-09-28,0.5247301459312439,0.5247301459312439,0.0,0.0,False
1999-09-29,0.3877178728580475,0.3877178728580475,0.0,0.0,False
1999-09-30,0.4919044077396393,0.4919044077396393,0.0,0.0,False
1999-10-01,0.5149949193000793,0.5149949193000793,0.0,0.0,False
1999-10-04,0.47242963314056396,0.47242963314056396,0.0,0.0,False
1999-10-05,0.4825874865055084,0.4825874865055084,0.0,0.0,False
1999-10-06,0.5389694571495056,0.5389694571495056,0.0,0.0,False
1999-10-07,0.5930404663085938,0.5930404663085938,0.0,0.4551048060751749,False
1999-10-08,0.5799258947372437,0.5799258947372437,0.0,0.4551048060751749,False
1999-10-11,0.4732988178730011,0.4732988178730011,0.0,0.0,False
1999-10-12,0.5286673903465271,0.5286673903465271,0.0,0.0,False
1999-10-13,0.5523034334182739,0.5523034334182739,0.0,0.0,False
1999-10-14,0.6256539225578308,0.6256539225578308,0.0,0.46969202836430485,False
1999-10-15,0.6986446976661682,0.6986446976661682,0.0,0.46969202836430485,False
1999-10-18,0.7612248659133911,0.7612248659133911,0.0,0.46969202836430485,False
1999-10-19,0.831926703453064,0.831926703453064,0.0,0.46969202836430485,False
1999-10-20,0.4983495771884918,0.4983495771884918,0.0,0.0,False
1999-10-21,0.4564553201198578,0.4564553201198578,0.0,0.0,False
1999-10-22,0.5039543509483337,0.5039543509483337,0.0,0.0,False
1999-10-25,0.4166427254676819,0.4166427254676819,0.0,0.0,False
1999-10-26,0.44134587049484253,0.44134587049484253,0.0,0.0,False
1999-10-27,0.46944156289100647,0.46944156289100647,0.0,0.0,False
1999-10-28,0.6667472124099731,0.6667472124099731,0.0,0.44546912484920664,False
1999-10-29,0.46292591094970703,0.46292591094970703,0.0,0.0,False
1999-11-01,0.5597452521324158,0.5597452521324158,0.0,0.0,False
1999-11-02,0.5416702628135681,0.5416702628135681,0.0,0.0,False
1999-11-03,0.6021226644515991,0.6021226644515991,0.0,0.4566768771066964,False
1999-11-04,0.5983500480651855,0.5983500480651855,0.0,0.4566768771066964,False
1999-11-05,0.7219477891921997,0.7219477891921997,0.0,0.4566768771066964,False
1999-11-08,0.7263362407684326,0.7263362407684326,0.0,0.4566768771066964,False
1999-11-09,0.7842918038368225,0.7842918038368225,0.0,0.4566768771066964,False
1999-11-10,0.7982210516929626,0.7982210516929626,0.0,0.4566768771066964,False
1999-11-11,0.6377152800559998,0.6377152800559998,0.0,0.4566768771066964,False
1999-11-12,0.5619053244590759,0.5619053244590759,0.0,0.4566768771066964,False
1999-11-15,0.5922205448150635,0.5922205448150635,0.0,0.4566768771066964,False
1999-11-16,0.647445023059845,0.647445023059845,0.0,0.4566768771066964,False
1999-11-17,0.5595493316650391,0.5595493316650391,0.0,0.0,False
1999-11-18,0.7178083062171936,0.7178083062171936,0.0,0.6538611720464527,False
1999-11-19,0.6358706951141357,0.6358706951141357,0.0,0.6538611720464527,False
1999-11-22,0.6062268614768982,0.6062268614768982,0.0,0.5136039222852452,False
1999-11-23,0.5863813161849976,0.5863813161849976,0.0,0.5136039222852452,False
1999-11-24,0.534268856048584,0.534268856048584,0.0,0.0,False
1999-11-26,0.5386986136436462,0.5386986136436462,0.0,0.0,False
1999-11-29,0.5313093066215515,0.5313093066215515,0.0,0.0,False
1999-11-30,0.5301843285560608,0.5301843285560608,0.0,0.0,False
1999-12-01,0.5545393824577332,0.5545393824577332,0.0,0.0,False
1999-12-02,0.5795539021492004,0.5795539021492004,0.0,0.5028747576184688,False
1999-12-03,0.4722144305706024,0.4722144305706024,0.0,0.0,False
1999-12-06,0.5603204369544983,0.5603204369544983,0.0,0.49603306590841345,False
1999-12-07,0.5116004943847656,0.5116004943847656,0.0,0.0,False
1999-12-08,0.4646129012107849,0.4646129012107849,0.0,0.0,False
1999-12-09,0.47972381114959717,0.47972381114959717,0.0,0.0,False
1999-12-10,0.4887522757053375,0.4887522757053375,0.0,0.0,False
1999-12-13,0.5655481815338135,0.5655481815338135,0.0,0.495379302489125,False
1999-12-14,0.5604795813560486,0.5604795813560486,0.0,0.495379302489125,False
1999-12-15,0.8008841276168823,0.8008841276168823,1.0,0.3439612491868798,False
1999-12-16,0.7856619954109192,0.7856619954109192,1.0,0.3439612491868798,False
1999-12-17,0.6916528344154358,0.6916528344154358,1.0,0.3439612491868798,False
1999-12-20,0.655555009841919,0.655555009841919,1.0,0.3439612491868798,False
1999-12-21,0.6106243133544922,0.6106243133544922,1.0,0.3439612491868798,False
1999-12-22,0.739567756652832,0.739567756652832,1.0,0.3439612491868798,False
1999-12-23,0.7710177302360535,0.7710177302360535,1.0,0.3439612491868798,False
1999-12-27,0.6540924906730652,0.6540924906730652,1.0,0.3439612491868798,False
1999-12-28,0.46434706449508667,0.46434706449508667,1.0,0.0,False
1999-12-29,0.37530234456062317,0.37530234456062317,1.0,0.0,False
1999-12-30,0.38230031728744507,0.38230031728744507,1.0,0.0,False
1999-12-31,0.38395777344703674,0.38395777344703674,1.0,0.0,False
2000-01-03,0.43999016284942627,0.43999016284942627,1.0,0.0,False
2000-01-04,0.6033780574798584,0.6033780574798584,1.0,0.32305888538822514,False
2000-01-05,0.6080474257469177,0.6080474257469177,1.0,0.32305888538822514,False
2000-01-06,0.6635730862617493,0.6635730862617493,1.0,0.32305888538822514,False
2000-01-07,0.637393057346344,0.637393057346344,1.0,0.32305888538822514,False
2000-01-10,0.606989860534668,0.606989860534668,1.0,0.32305888538822514,False
2000-01-11,0.6560646295547485,0.6560646295547485,1.0,0.32305888538822514,False
2000-01-12,0.5700356364250183,0.5700356364250183,1.0,0.32305888538822514,False
2000-01-13,0.575722336769104,0.575722336769104,0.0,0.4310862750803915,False
2000-01-14,0.621448278427124,0.621448278427124,1.0,0.4310862750803915,False
2000-01-18,0.48988670110702515,0.48988670110702515,1.0,0.0,False
2000-01-19,0.5046018362045288,0.5046018362045288,1.0,0.0,False
2000-01-20,0.426742821931839,0.426742821931839,1.0,0.0,False
2000-01-21,0.439255952835083,0.439255952835083,1.0,0.0,False
2000-01-24,0.6123664379119873,0.6123664379119873,1.0,0.3626327727550312,False
2000-01-25,0.5149622559547424,0.5149622559547424,1.0,0.0,False
2000-01-26,0.6000903844833374,0.6000903844833374,1.0,0.35341848956359556,False
2000-01-27,0.6253116130828857,0.6253116130828857,1.0,0.35341848956359556,False
2000-01-28,0.5628565549850464,0.5628565549850464,1.0,0.35341848956359556,False
2000-01-31,0.5863670706748962,0.5863670706748962,1.0,0.35341848956359556,False
2000-02-01,0.4904784560203552,0.4904784560203552,1.0,0.0,False
2000-02-02,0.4649292230606079,0.4649292230606079,1.0,0.0,False
2000-02-03,0.4384308159351349,0.4384308159351349,1.0,0.0,False
2000-02-04,0.49215415120124817,0.49215415120124817,1.0,0.0,False
2000-02-07,0.3959800601005554,0.3959800601005554,1.0,0.0,False
2000-02-08,0.4888930022716522,0.4888930022716522,1.0,0.0,False
2000-02-09,0.5621867179870605,0.5621867179870605,1.0,0.2905689792190586,False
2000-02-10,0.5417064428329468,0.5417064428329468,1.0,0.0,False
2000-02-11,0.7150651216506958,0.7150651216506958,1.0,0.2765068425080365,False
2000-02-14,0.7518696188926697,0.7518696188926697,1.0,0.2765068425080365,False
2000-02-15,0.8143242597579956,0.8143242597579956,1.0,0.2765068425080365,False
2000-02-16,0.7668397426605225,0.7668397426605225,1.0,0.2765068425080365,False
2000-02-17,0.7142654061317444,0.7142654061317444,1.0,0.2765068425080365,False
2000-02-18,0.7721900939941406,0.7721900939941406,1.0,0.2765068425080365,False
2000-02-22,0.8060571551322937,0.8060571551322937,1.0,0.2765068425080365,False
2000-02-23,0.750421941280365,0.750421941280365,1.0,0.2765068425080365,False
2000-02-24,0.7489358186721802,0.7489358186721802,1.0,0.2765068425080365,False
2000-02-25,0.7393000721931458,0.7393000721931458,1.0,0.2765068425080365,False
2000-02-28,0.7796781659126282,0.7796781659126282,1.0,0.2765068425080365,False
2000-02-29,0.7453715205192566,0.7453715205192566,1.0,0.2765068425080365,False
2000-03-01,0.743482232093811,0.743482232093811,1.0,0.2765068425080365,False
2000-03-02,0.6663665175437927,0.6663665175437927,1.0,0.2765068425080365,False
2000-03-03,0.5678368210792542,0.5678368210792542,1.0,0.2765068425080365,False
2000-03-06,0.8160945177078247,0.8160945177078247,1.0,0.2765068425080365,False
2000-03-07,0.5918755531311035,0.5918755531311035,1.0,0.2765068425080365,False
2000-03-08,0.5522222518920898,0.5522222518920898,1.0,0.0,False
2000-03-09,0.46779298782348633,0.46779298782348633,1.0,0.0,False
2000-03-10,0.4045916497707367,0.4045916497707367,1.0,0.0,False
2000-03-13,0.387497216463089,0.387497216463089,1.0,0.0,False
2000-03-14,0.5185372233390808,0.5185372233390808,1.0,0.0,False
2000-03-15,0.487499475479126,0.487499475479126,1.0,0.0,False
2000-03-16,0.5821357369422913,0.5821357369422913,1.0,0.33322146662646085,False
2000-03-17,0.5082937479019165,0.5082937479019165,1.0,0.0,False
2000-03-20,0.4781012535095215,0.4781012535095215,1.0,0.0,False
2000-03-21,0.518176257610321,0.518176257610321,1.0,0.0,False
2000-03-22,0.5713319182395935,0.5713319182395935,1.0,0.3130322921108864,False
2000-03-23,0.729332447052002,0.729332447052002,1.0,0.3130322921108864,False
2000-03-24,0.7792491912841797,0.7792491912841797,1.0,0.3130322921108864,False
2000-03-27,0.5352409482002258,0.5352409482002258,1.0,0.0,False
2000-03-28,0.48250865936279297,0.48250865936279297,1.0,0.0,False
2000-03-29,0.46930578351020813,0.46930578351020813,1.0,0.0,False
2000-03-30,0.49499213695526123,0.49499213695526123,1.0,0.0,False
2000-03-31,0.5145793557167053,0.5145793557167053,1.0,0.0,False
2000-04-03,0.6728299856185913,0.6728299856185913,1.0,0.1919464680858443,False
2000-04-04,0.6886720061302185,0.6886720061302185,1.0,0.1919464680858443,False
2000-04-05,0.6246895790100098,0.6246895790100098,1.0,0.1919464680858443,False
2000-04-06,0.6012819409370422,0.6012819409370422,1.0,0.1919464680858443,False
2000-04-07,0.6393316388130188,0.6393316388130188,1.0,0.1919464680858443,False
2000-04-10,0.5894455909729004,0.5894455909729004,1.0,0.1919464680858443,False
2000-04-11,0.5720736980438232,0.5720736980438232,1.0,0.1919464680858443,False
2000-04-12,0.7400123476982117,0.7400123476982117,1.0,0.1919464680858443,False
2000-04-13,0.7275004982948303,0.7275004982948303,1.0,0.1919464680858443,False
2000-04-14,0.8133131861686707,0.8133131861686707,1.0,0.1919464680858443,False
2000-04-17,0.7497567534446716,0.7497567534446716,1.0,0.1919464680858443,False
2000-04-18,0.6338300108909607,0.6338300108909607,1.0,0.1919464680858443,False
2000-04-19,0.6027906537055969,0.6027906537055969,1.0,0.1919464680858443,False
2000-04-20,0.5304772853851318,0.5304772853851318,1.0,0.0,False
2000-04-24,0.7477460503578186,0.7477460503578186,1.0,0.1716752915809483,False
2000-04-25,0.6433384418487549,0.6433384418487549,1.0,0.1716752915809483,False
2000-04-26,0.7108171582221985,0.7108171582221985,1.0,0.1716752915809483,False
2000-04-27,0.5960171222686768,0.5960171222686768,1.0,0.1716752915809483,False
2000-04-28,0.617285430431366,0.617285430431366,1.0,0.1716752915809483,False
2000-05-01,0.5176858901977539,0.5176858901977539,1.0,0.0,False
2000-05-02,0.6591387391090393,0.6591387391090393,1.0,0.19247688579091154,False
2000-05-03,0.5155572295188904,0.5155572295188904,1.0,0.0,False
2000-05-04,0.5344353914260864,0.5344353914260864,1.0,0.0,False
2000-05-05,0.5302723050117493,0.5302723050117493,1.0,0.0,False
2000-05-08,0.45372557640075684,0.45372557640075684,1.0,0.0,False
2000-05-09,0.5014117360115051,0.5014117360115051,1.0,0.0,False
2000-05-10,0.6763145923614502,0.6763145923614502,1.0,0.1964620165670576,False
2000-05-11,0.5242838263511658,0.5242838263511658,1.0,0.0,False
2000-05-12,0.44779402017593384,0.44779402017593384,1.0,0.0,False
2000-05-15,0.4198644459247589,0.4198644459247589,1.0,0.0,False
2000-05-16,0.2423928827047348,0.2423928827047348,2.0,0.0,False
2000-05-17,0.45428672432899475,0.45428672432899475,2.0,0.0,False
2000-05-18,0.5370162129402161,0.5370162129402161,2.0,0.0,False
2000-05-19,0.7759003639221191,0.7759003639221191,2.0,0.21990681485968594,False
2000-05-22,0.8185484409332275,0.8185484409332275,2.0,0.37002229291949396,False
2000-05-23,0.8551873564720154,0.8551873564720154,1.0,0.37002229291949396,False
2000-05-24,0.7579247951507568,0.7579247951507568,2.0,0.37002229291949396,False
2000-05-25,0.7942517399787903,0.7942517399787903,1.0,0.37002229291949396,False
2000-05-26,0.7071672081947327,0.7071672081947327,1.0,0.37002229291949396,False
2000-05-30,0.6441929340362549,0.6441929340362549,1.0,0.37002229291949396,False
2000-05-31,0.5920166373252869,0.5920166373252869,1.0,0.37002229291949396,False
2000-06-01,0.6496347784996033,0.6496347784996033,1.0,0.37002229291949396,False
2000-06-02,0.4628573954105377,0.4628573954105377,1.0,0.0,False
2000-06-05,0.46241551637649536,0.46241551637649536,1.0,0.0,False
2000-06-06,0.5048871040344238,0.5048871040344238,1.0,0.0,False
2000-06-07,0.39941370487213135,0.39941370487213135,1.0,0.0,False
2000-06-08,0.5701079964637756,0.5701079964637756,1.0,0.3564332495571015,False
2000-06-09,0.49382877349853516,0.49382877349853516,1.0,0.0,False
2000-06-12,0.5376591682434082,0.5376591682434082,1.0,0.0,False
2000-06-13,0.4857150614261627,0.4857150614261627,1.0,0.0,False
2000-06-14,0.4035607874393463,0.4035607874393463,1.0,0.0,False
2000-06-15,0.5013421177864075,0.5013421177864075,1.0,0.0,False
2000-06-16,0.6942862272262573,0.6942862272262573,1.0,0.3467584635269368,False
2000-06-19,0.5855032801628113,0.5855032801628113,1.0,0.3467584635269368,False
2000-06-20,0.6324427723884583,0.6324427723884583,1.0,0.3467584635269368,False
2000-06-21,0.7157632112503052,0.7157632112503052,1.0,0.3467584635269368,False
2000-06-22,0.780586838722229,0.780586838722229,1.0,0.3467584635269368,False
2000-06-23,0.761116087436676,0.761116087436676,1.0,0.3467584635269368,False
2000-06-26,0.7346821427345276,0.7346821427345276,1.0,0.3467584635269368,False
2000-06-27,0.5810441970825195,0.5810441970825195,1.0,0.3467584635269368,False
2000-06-28,0.6453518867492676,0.6453518867492676,1.0,0.3467584635269368,False
2000-06-29,0.6617756485939026,0.6617756485939026,1.0,0.3467584635269368,False
2000-06-30,0.6332307457923889,0.6332307457923889,1.0,0.3467584635269368,False
2000-07-03,0.5318810939788818,0.5318810939788818,1.0,0.0,False
2000-07-05,0.6448884010314941,0.6448884010314941,1.0,0.35832829689762,False
2000-07-06,0.5300525426864624,0.5300525426864624,1.0,0.0,False
2000-07-07,0.4844542443752289,0.4844542443752289,1.0,0.0,False
2000-07-10,0.5703299641609192,0.5703299641609192,1.0,0.34495217090925795,False
2000-07-11,0.5009126663208008,0.5009126663208008,1.0,0.0,False
2000-07-12,0.5160362124443054,0.5160362124443054,1.0,0.0,False
2000-07-13,0.5000585317611694,0.5000585317611694,1.0,0.0,False
2000-07-14,0.5892677307128906,0.5892677307128906,0.0,0.3734140970230229,False
2000-07-17,0.633295476436615,0.633295476436615,0.0,0.3734140970230229,False
2000-07-18,0.5510089993476868,0.5510089993476868,0.0,0.0,False
2000-07-19,0.5133875608444214,0.5133875608444214,1.0,0.0,False
2000-07-20,0.438874751329422,0.438874751329422,1.0,0.0,False
2000-07-21,0.5386218428611755,0.5386218428611755,1.0,0.0,False
2000-07-24,0.47478577494621277,0.47478577494621277,0.0,0.0,False
2000-07-25,0.6011702418327332,0.6011702418327332,0.0,0.3860390601287865,False
2000-07-26,0.6359654664993286,0.6359654664993286,0.0,0.3860390601287865,False
2000-07-27,0.6270695924758911,0.6270695924758911,0.0,0.3860390601287865,False
2000-07-28,0.6011564135551453,0.6011564135551453,0.0,0.3860390601287865,False
2000-07-31,0.6071516275405884,0.6071516275405884,0.0,0.3860390601287865,False
2000-08-01,0.5193150639533997,0.5193150639533997,0.0,0.0,False
2000-08-02,0.5442904829978943,0.5442904829978943,0.0,0.0,False
2000-08-03,0.476605087518692,0.476605087518692,0.0,0.0,False
2000-08-04,0.5613738298416138,0.5613738298416138,0.0,0.43002787453274055,False
2000-08-07,0.50384122133255,0.50384122133255,0.0,0.0,False
2000-08-08,0.4773372709751129,0.4773372709751129,1.0,0.0,False
2000-08-09,0.5174562335014343,0.5174562335014343,1.0,0.0,False
2000-08-10,0.5023983716964722,0.5023983716964722,1.0,0.0,False
2000-08-11,0.4966140687465668,0.4966140687465668,0.0,0.0,False
2000-08-14,0.5776123404502869,0.5776123404502869,0.0,0.36234263414820883,False
2000-08-15,0.6750860810279846,0.6750860810279846,0.0,0.36234263414820883,False
2000-08-16,0.7250981330871582,0.7250981330871582,0.0,0.36234263414820883,False
2000-08-17,0.6674070954322815,0.6674070954322815,0.0,0.36234263414820883,False
2000-08-18,0.6729523539543152,0.6729523539543152,0.0,0.4893013203977159,False
2000-08-21,0.6991686224937439,0.6991686224937439,0.0,0.4893013203977159,False
2000-08-22,0.5962629914283752,0.5962629914283752,0.0,0.4893013203977159,False
2000-08-23,0.5951405763626099,0.5951405763626099,0.0,0.4893013203977159,False
2000-08-24,0.6325384378433228,0.6325384378433228,0.0,0.4893013203977159,False
2000-08-25,0.6730579733848572,0.6730579733848572,0.0,0.4893013203977159,False
2000-08-28,0.5774325132369995,0.5774325132369995,0.0,0.4893013203977159,False
2000-08-29,0.6213358044624329,0.6213358044624329,0.0,0.4893013203977159,False
2000-08-30,0.770447850227356,0.770447850227356,0.0,0.4893013203977159,False
2000-08-31,0.6688002347946167,0.6688002347946167,0.0,0.4893013203977159,False
2000-09-01,0.7600278854370117,0.7600278854370117,0.0,0.4893013203977159,False
2000-09-05,0.6598028540611267,0.6598028540611267,0.0,0.5944651855789747,False
2000-09-06,0.7390121221542358,0.7390121221542358,0.0,1.0,False
2000-09-07,0.6871962547302246,0.6871962547302246,0.0,1.0,False
2000-09-08,0.7462535500526428,0.7462535500526428,0.0,1.0,False
2000-09-11,0.7714999318122864,0.7714999318122864,0.0,1.0,False
2000-09-12,0.7622606158256531,0.7622606158256531,0.0,1.0,False
2000-09-13,0.7566986083984375,0.7566986083984375,0.0,1.0,False
2000-09-14,0.7716588973999023,0.7716588973999023,0.0,0.8913294380645751,False
2000-09-15,0.7677544951438904,0.7677544951438904,0.0,0.8913294380645751,False
2000-09-18,0.7506254315376282,0.7506254315376282,0.0,0.8913294380645751,False
2000-09-19,0.5626363158226013,0.5626363158226013,0.0,0.6600281449309954,False
2000-09-20,0.5255519151687622,0.5255519151687622,0.0,0.0,False
2000-09-21,0.5890007615089417,0.5890007615089417,0.0,0.6704190626150244,False
2000-09-22,0.6450187563896179,0.6450187563896179,0.0,0.6704190626150244,False
2000-09-25,0.6442381739616394,0.6442381739616394,0.0,0.6704190626150244,False
2000-09-26,0.7565552592277527,0.7565552592277527,0.0,0.6704190626150244,False
2000-09-27,0.6591553092002869,0.6591553092002869,0.0,0.5458197806849663,False
2000-09-28,0.5810763239860535,0.5810763239860535,0.0,0.5458197806849663,False
2000-09-29,0.6531848907470703,0.6531848907470703,0.0,0.5458197806849663,False
2000-10-02,0.613564133644104,0.613564133644104,0.0,0.5458197806849663,False
2000-10-03,0.6862800121307373,0.6862800121307373,0.0,0.5458197806849663,False
2000-10-04,0.6629047393798828,0.6629047393798828,1.0,0.5458197806849663,False
2000-10-05,0.7150384783744812,0.7150384783744812,1.0,0.5458197806849663,False
2000-10-06,0.659821629524231,0.659821629524231,1.0,0.5458197806849663,False
2000-10-09,0.6516644358634949,0.6516644358634949,1.0,0.5458197806849663,False
2000-10-10,0.6673226356506348,0.6673226356506348,1.0,0.5458197806849663,False
2000-10-11,0.6622334718704224,0.6622334718704224,0.0,0.5458197806849663,False
2000-10-12,0.6160935759544373,0.6160935759544373,1.0,0.5458197806849663,False
2000-10-13,0.6137468814849854,0.6137468814849854,1.0,0.5458197806849663,False
2000-10-16,0.8394610285758972,0.8394610285758972,1.0,0.40159550704346625,False
2000-10-17,0.7282119989395142,0.7282119989395142,1.0,0.40159550704346625,False
2000-10-18,0.8399085998535156,0.8399085998535156,1.0,0.40159550704346625,False
2000-10-19,0.22363567352294922,0.22363567352294922,2.0,0.0,False
2000-10-20,0.39495861530303955,0.39495861530303955,1.0,0.0,False
2000-10-23,0.5134745240211487,0.5134745240211487,2.0,0.0,False
2000-10-24,0.2769449055194855,0.2769449055194855,2.0,0.0,False
2000-10-25,0.2868722975254059,0.2868722975254059,2.0,0.0,False
2000-10-26,0.4118746817111969,0.4118746817111969,2.0,0.0,False
2000-10-27,0.4503982663154602,0.4503982663154602,1.0,0.0,False
2000-10-30,0.3524119257926941,0.3524119257926941,1.0,0.0,False
2000-10-31,0.2753625810146332,0.2753625810146332,1.0,0.0,False
2000-11-01,0.24539898335933685,0.24539898335933685,1.0,0.0,False
2000-11-02,0.3618358075618744,0.3618358075618744,1.0,0.0,False
2000-11-03,0.4697416126728058,0.4697416126728058,1.0,0.0,False
2000-11-06,0.42657023668289185,0.42657023668289185,1.0,0.0,False
2000-11-07,0.24434693157672882,0.24434693157672882,1.0,0.0,False
2000-11-08,0.29657649993896484,0.29657649993896484,1.0,0.0,False
2000-11-09,0.2659403383731842,0.2659403383731842,1.0,0.0,False
2000-11-10,0.26883745193481445,0.26883745193481445,1.0,0.0,False
2000-11-13,0.41279342770576477,0.41279342770576477,2.0,0.0,False
2000-11-14,0.40893688797950745,0.40893688797950745,2.0,0.0,False
2000-11-15,0.37649598717689514,0.37649598717689514,2.0,0.0,False
2000-11-16,0.5611907839775085,0.5611907839775085,1.0,0.3163308367067227,False
2000-11-17,0.5621861815452576,0.5621861815452576,1.0,0.3163308367067227,False
2000-11-20,0.5016348958015442,0.5016348958015442,1.0,0.0,False
2000-11-21,0.509074330329895,0.509074330329895,1.0,0.0,False
2000-11-22,0.5013930201530457,0.5013930201530457,1.0,0.0,False
2000-11-24,0.48845744132995605,0.48845744132995605,0.0,0.0,False
2000-11-27,0.5414334535598755,0.5414334535598755,0.0,0.0,False
2000-11-28,0.4289545714855194,0.4289545714855194,0.0,0.0,False
2000-11-29,0.38526129722595215,0.38526129722595215,0.0,0.0,False
2000-11-30,0.5083966851234436,0.5083966851234436,1.0,0.0,False
2000-12-01,0.5715587735176086,0.5715587735176086,1.0,0.26709916737006906,False
2000-12-04,0.5643083453178406,0.5643083453178406,1.0,0.26709916737006906,False
2000-12-05,0.39305534958839417,0.39305534958839417,1.0,0.0,False
2000-12-06,0.5011810064315796,0.5011810064315796,1.0,0.0,False
2000-12-07,0.49696794152259827,0.49696794152259827,1.0,0.0,False
2000-12-08,0.44399598240852356,0.44399598240852356,1.0,0.0,False
2000-12-11,0.4851870834827423,0.4851870834827423,1.0,0.0,False
2000-12-12,0.424082487821579,0.424082487821579,1.0,0.0,False
2000-12-13,0.5095007419586182,0.5095007419586182,1.0,0.0,False
2000-12-14,0.4781897962093353,0.4781897962093353,1.0,0.0,False
2000-12-15,0.5241474509239197,0.5241474509239197,2.0,0.0,False
2000-12-18,0.5091818571090698,0.5091818571090698,2.0,0.0,False
2000-12-19,0.5211321711540222,0.5211321711540222,2.0,0.0,False
2000-12-20,0.508131742477417,0.508131742477417,2.0,0.0,False
2000-12-21,0.6323177814483643,0.6323177814483643,2.0,0.18102086441379156,False
2000-12-22,0.5782946348190308,0.5782946348190308,2.0,0.18102086441379156,False
2000-12-26,0.4481155276298523,0.4481155276298523,2.0,0.0,False
2000-12-27,0.35209551453590393,0.35209551453590393,2.0,0.0,False
2000-12-28,0.3456701338291168,0.3456701338291168,2.0,0.0,False
2000-12-29,0.4504949152469635,0.4504949152469635,2.0,0.0,False
2001-01-02,0.3989656865596771,0.3989656865596771,2.0,0.0,False
2001-01-03,0.5574324727058411,0.5574324727058411,2.0,0.0,False
2001-01-04,0.3866408169269562,0.3866408169269562,2.0,0.0,False
2001-01-05,0.2571313977241516,0.2571313977241516,2.0,0.0,False
2001-01-08,0.46656379103660583,0.46656379103660583,2.0,0.0,False
2001-01-09,0.46034500002861023,0.46034500002861023,2.0,0.0,False
2001-01-10,0.4275303781032562,0.4275303781032562,2.0,0.0,False
2001-01-11,0.48708993196487427,0.48708993196487427,2.0,0.0,False
2001-01-12,0.5670928955078125,0.5670928955078125,2.0,0.18229109934382776,False
2001-01-16,0.5873024463653564,0.5873024463653564,2.0,0.18229109934382776,False
2001-01-17,0.6102824211120605,0.6102824211120605,2.0,0.18229109934382776,False
2001-01-18,0.6774277687072754,0.6774277687072754,2.0,0.18229109934382776,False
2001-01-19,0.6329888701438904,0.6329888701438904,2.0,0.18229109934382776,False
2001-01-22,0.7182775139808655,0.7182775139808655,2.0,0.18229109934382776,False
2001-01-23,0.5777221322059631,0.5777221322059631,2.0,0.18229109934382776,False
2001-01-24,0.6013009548187256,0.6013009548187256,2.0,0.18229109934382776,False
2001-01-25,0.7408319115638733,0.7408319115638733,2.0,0.18229109934382776,False
2001-01-26,0.6953399181365967,0.6953399181365967,2.0,0.18229109934382776,False
2001-01-29,0.7145650386810303,0.7145650386810303,2.0,0.18229109934382776,False
2001-01-30,0.6777157187461853,0.6777157187461853,2.0,0.18229109934382776,False
2001-01-31,0.5559481382369995,0.5559481382369995,2.0,0.0,False
2001-02-01,0.5932008028030396,0.5932008028030396,1.0,0.2854496583148333,False
2001-02-02,0.5742834806442261,0.5742834806442261,1.0,0.2854496583148333,False
2001-02-05,0.5116220712661743,0.5116220712661743,1.0,0.0,False
2001-02-06,0.4982820451259613,0.4982820451259613,1.0,0.0,False
2001-02-07,0.5421765446662903,0.5421765446662903,1.0,0.0,False
2001-02-08,0.46509623527526855,0.46509623527526855,1.0,0.0,False
2001-02-09,0.5162017345428467,0.5162017345428467,1.0,0.0,False
2001-02-12,0.4388786852359772,0.4388786852359772,1.0,0.0,False
2001-02-13,0.3973163962364197,0.3973163962364197,1.0,0.0,False
2001-02-14,0.5640345811843872,0.5640345811843872,1.0,0.2692563813747245,False
2001-02-15,0.6381340622901917,0.6381340622901917,1.0,0.2692563813747245,False
2001-02-16,0.5761397480964661,0.5761397480964661,1.0,0.370109175060888,False
2001-02-20,0.537932813167572,0.537932813167572,1.0,0.0,False
2001-02-21,0.4705279469490051,0.4705279469490051,1.0,0.0,False
2001-02-22,0.518789529800415,0.518789529800415,1.0,0.0,False
2001-02-23,0.36831405758857727,0.36831405758857727,1.0,0.0,False
2001-02-26,0.4358161389827728,0.4358161389827728,1.0,0.0,False
2001-02-27,0.4113936126232147,0.4113936126232147,1.0,0.0,False
2001-02-28,0.405658096075058,0.405658096075058,1.0,0.0,False
2001-03-01,0.45095378160476685,0.45095378160476685,1.0,0.0,False
2001-03-02,0.4405450224876404,0.4405450224876404,1.0,0.0,False
2001-03-05,0.5077784061431885,0.5077784061431885,1.0,0.0,False
2001-03-06,0.5127282738685608,0.5127282738685608,1.0,0.0,False
2001-03-07,0.5406570434570312,0.5406570434570312,1.0,0.0,False
2001-03-08,0.4641544222831726,0.4641544222831726,1.0,0.0,False
2001-03-09,0.5750932097434998,0.5750932097434998,1.0,0.3524351707828913,False
2001-03-12,0.6147557497024536,0.6147557497024536,1.0,0.3524351707828913,False
2001-03-13,0.5279303193092346,0.5279303193092346,1.0,0.0,False
2001-03-14,0.5594242215156555,0.5594242215156555,1.0,0.0,False
2001-03-15,0.6020830869674683,0.6020830869674683,1.0,0.2909211677480125,False
2001-03-16,0.5925978422164917,0.5925978422164917,1.0,0.2909211677480125,False
2001-03-19,0.6197274923324585,0.6197274923324585,1.0,0.2909211677480125,False
2001-03-20,0.7052450180053711,0.7052450180053711,1.0,0.2909211677480125,False
2001-03-21,0.760986328125,0.760986328125,1.0,0.2909211677480125,False
2001-03-22,0.5386880040168762,0.5386880040168762,1.0,0.0,False
2001-03-23,0.4447081387042999,0.4447081387042999,1.0,0.0,False
2001-03-26,0.44049227237701416,0.44049227237701416,1.0,0.0,False
2001-03-27,0.454731285572052,0.454731285572052,1.0,0.0,False
2001-03-28,0.5335524082183838,0.5335524082183838,1.0,0.0,False
2001-03-29,0.5624310970306396,0.5624310970306396,1.0,0.23420135613379228,False
2001-03-30,0.5724422931671143,0.5724422931671143,1.0,0.23420135613379228,False
2001-04-02,0.5443335175514221,0.5443335175514221,1.0,0.0,False
2001-04-03,0.5277429223060608,0.5277429223060608,1.0,0.0,False
2001-04-04,0.650181770324707,0.650181770324707,1.0,0.24003871245388173,False
2001-04-05,0.5062129497528076,0.5062129497528076,1.0,0.0,False
2001-04-06,0.5108100175857544,0.5108100175857544,1.0,0.0,False
2001-04-09,0.39636465907096863,0.39636465907096863,1.0,0.0,False
2001-04-10,0.5413331389427185,0.5413331389427185,1.0,0.0,False
2001-04-11,0.40268275141716003,0.40268275141716003,1.0,0.0,False
2001-04-12,0.606831431388855,0.606831431388855,1.0,0.23786710666607366,False
2001-04-16,0.5579773187637329,0.5579773187637329,1.0,0.0,False
2001-04-17,0.47154921293258667,0.47154921293258667,1.0,0.0,False
2001-04-18,0.4950951039791107,0.4950951039791107,1.0,0.0,False
2001-04-19,0.6454437375068665,0.6454437375068665,1.0,0.24289208797263936,False
2001-04-20,0.6913179755210876,0.6913179755210876,1.0,0.24289208797263936,False
2001-04-23,0.7093828320503235,0.7093828320503235,1.0,0.24289208797263936,False
2001-04-24,0.7073003649711609,0.7073003649711609,1.0,0.24289208797263936,False
2001-04-25,0.6302717328071594,0.6302717328071594,1.0,0.24289208797263936,False
2001-04-26,0.5866594314575195,0.5866594314575195,1.0,0.24289208797263936,False
2001-04-27,0.6491901278495789,0.6491901278495789,1.0,0.24289208797263936,False
2001-04-30,0.6188280582427979,0.6188280582427979,1.0,0.24289208797263936,False
2001-05-01,0.48637089133262634,0.48637089133262634,1.0,0.0,False
2001-05-02,0.4362877607345581,0.4362877607345581,1.0,0.0,False
2001-05-03,0.511730432510376,0.511730432510376,1.0,0.0,False
2001-05-04,0.4264238476753235,0.4264238476753235,1.0,0.0,False
2001-05-07,0.38993313908576965,0.38993313908576965,1.0,0.0,False
2001-05-08,0.3594546616077423,0.3594546616077423,1.0,0.0,False
2001-05-09,0.5495864748954773,0.5495864748954773,1.0,0.0,False
2001-05-10,0.5115654468536377,0.5115654468536377,1.0,0.0,False
2001-05-11,0.606371283531189,0.606371283531189,1.0,0.3827897666534193,False
2001-05-14,0.4367840588092804,0.4367840588092804,0.0,0.0,False
2001-05-15,0.5451722741127014,0.5451722741127014,0.0,0.0,False
2001-05-16,0.41811901330947876,0.41811901330947876,0.0,0.0,False
2001-05-17,0.658940315246582,0.658940315246582,0.0,0.5143081188082596,False
2001-05-18,0.6347082257270813,0.6347082257270813,0.0,0.5143081188082596,False
2001-05-21,0.5830374360084534,0.5830374360084534,0.0,0.5143081188082596,False
2001-05-22,0.4584277868270874,0.4584277868270874,0.0,0.0,False
2001-05-23,0.5030112862586975,0.5030112862586975,0.0,0.0,False
2001-05-24,0.4969659447669983,0.4969659447669983,0.0,0.0,False
2001-05-25,0.5305585265159607,0.5305585265159607,0.0,0.0,False
2001-05-29,0.4983048737049103,0.4983048737049103,0.0,0.0,False
2001-05-30,0.6319342851638794,0.6319342851638794,0.0,0.602213025478639,False
2001-05-31,0.6270853877067566,0.6270853877067566,0.0,0.602213025478639,False
2001-06-01,0.6816012859344482,0.6816012859344482,0.0,0.602213025478639,False
2001-06-04,0.681167721748352,0.681167721748352,0.0,0.602213025478639,False
2001-06-05,0.6357405781745911,0.6357405781745911,0.0,0.602213025478639,False
2001-06-06,0.7194494605064392,0.7194494605064392,0.0,0.602213025478639,False
2001-06-07,0.5571011304855347,0.5571011304855347,0.0,0.0,False
2001-06-08,0.65641850233078,0.65641850233078,0.0,0.6665387794412962,False
2001-06-11,0.6601544618606567,0.6601544618606567,0.0,0.6665387794412962,False
2001-06-12,0.7003751993179321,0.7003751993179321,0.0,0.6665387794412962,False
2001-06-13,0.6128613948822021,0.6128613948822021,0.0,0.6665387794412962,False
2001-06-14,0.6655278205871582,0.6655278205871582,0.0,0.6665387794412962,False
2001-06-15,0.6896762251853943,0.6896762251853943,0.0,0.6665387794412962,False
2001-06-18,0.808663547039032,0.808663547039032,0.0,0.6665387794412962,False
2001-06-19,0.7082672119140625,0.7082672119140625,0.0,0.6665387794412962,False
2001-06-20,0.482502818107605,0.482502818107605,0.0,0.0,False
2001-06-21,0.5173632502555847,0.5173632502555847,0.0,0.0,False
2001-06-22,0.5473597645759583,0.5473597645759583,0.0,0.0,False
2001-06-25,0.536800742149353,0.536800742149353,0.0,0.0,False
2001-06-26,0.5296885967254639,0.5296885967254639,0.0,0.0,False
2001-06-27,0.5763161778450012,0.5763161778450012,0.0,0.5942489603751036,False
2001-06-28,0.6282884478569031,0.6282884478569031,0.0,0.5942489603751036,False
2001-06-29,0.5378129482269287,0.5378129482269287,0.0,0.0,False
2001-07-02,0.49108248949050903,0.49108248949050903,0.0,0.0,False
2001-07-03,0.36491358280181885,0.36491358280181885,0.0,0.0,False
2001-07-05,0.552721381187439,0.552721381187439,0.0,0.0,False
2001-07-06,0.610259473323822,0.610259473323822,0.0,0.5061145220324916,False
2001-07-09,0.6713647246360779,0.6713647246360779,0.0,0.5061145220324916,False
2001-07-10,0.741613507270813,0.741613507270813,0.0,0.5061145220324916,False
2001-07-11,0.5617926716804504,0.5617926716804504,0.0,0.5061145220324916,False
2001-07-12,0.4928743541240692,0.4928743541240692,0.0,0.0,False
2001-07-13,0.47771552205085754,0.47771552205085754,0.0,0.0,False
2001-07-16,0.43046775460243225,0.43046775460243225,0.0,0.0,False
2001-07-17,0.5077454447746277,0.5077454447746277,1.0,0.0,False
2001-07-18,0.4701859951019287,0.4701859951019287,1.0,0.0,False
2001-07-19,0.527461588382721,0.527461588382721,0.0,0.0,False
2001-07-20,0.5170935392379761,0.5170935392379761,1.0,0.0,False
2001-07-23,0.5720300078392029,0.5720300078392029,1.0,0.3284246154526489,False
2001-07-24,0.5929287672042847,0.5929287672042847,1.0,0.3284246154526489,False
2001-07-25,0.5370078086853027,0.5370078086853027,1.0,0.0,False
2001-07-26,0.5878002047538757,0.5878002047538757,1.0,0.32943917238194836,False
2001-07-27,0.7135654091835022,0.7135654091835022,1.0,0.32943917238194836,False
2001-07-30,0.5502768158912659,0.5502768158912659,1.0,0.0,False
2001-07-31,0.5536295175552368,0.5536295175552368,1.0,0.0,False
2001-08-01,0.516973614692688,0.516973614692688,1.0,0.0,False
2001-08-02,0.5229371786117554,0.5229371786117554,1.0,0.0,False
2001-08-03,0.5895007848739624,0.5895007848739624,1.0,0.3644022110656121,False
2001-08-06,0.4546734690666199,0.4546734690666199,1.0,0.0,False
2001-08-07,0.4892518222332001,0.4892518222332001,1.0,0.0,False
2001-08-08,0.788446307182312,0.788446307182312,0.0,0.3749414674291865,False
2001-08-09,0.7032198905944824,0.7032198905944824,0.0,0.5420939517536051,False
2001-08-10,0.6297810673713684,0.6297810673713684,0.0,0.5420939517536051,False
2001-08-13,0.589065432548523,0.589065432548523,0.0,0.5420939517536051,False
2001-08-14,0.6631818413734436,0.6631818413734436,0.0,0.5420939517536051,False
2001-08-15,0.6860881447792053,0.6860881447792053,0.0,0.5420939517536051,False
2001-08-16,0.5868715643882751,0.5868715643882751,0.0,0.5420939517536051,False
2001-08-17,0.5432258248329163,0.5432258248329163,0.0,0.0,False
2001-08-20,0.5206379294395447,0.5206379294395447,0.0,0.0,False
2001-08-21,0.5467451214790344,0.5467451214790344,0.0,0.0,False
2001-08-22,0.4930630624294281,0.4930630624294281,0.0,0.0,False
2001-08-23,0.6134104132652283,0.6134104132652283,0.0,0.5501158369462054,False
2001-08-24,0.5731210112571716,0.5731210112571716,0.0,0.5501158369462054,False
2001-08-27,0.6211650371551514,0.6211650371551514,0.0,0.5501158369462054,False
2001-08-28,0.6323184967041016,0.6323184967041016,0.0,0.4413236460304624,False
2001-08-29,0.6012572646141052,0.6012572646141052,0.0,0.4413236460304624,False
2001-08-30,0.5477596521377563,0.5477596521377563,0.0,0.0,False
2001-08-31,0.6273761987686157,0.6273761987686157,0.0,0.39908283605429357,False
2001-09-04,0.6586171984672546,0.6586171984672546,1.0,0.39908283605429357,False
2001-09-05,0.5983883738517761,0.5983883738517761,0.0,0.39908283605429357,False
2001-09-06,0.583213210105896,0.583213210105896,1.0,0.39908283605429357,False
2001-09-07,0.5127514004707336,0.5127514004707336,1.0,0.0,False
2001-09-10,0.5858293175697327,0.5858293175697327,1.0,0.34733189736515924,False
2001-09-17,0.6427293419837952,0.6427293419837952,1.0,0.34733189736515924,False
2001-09-18,0.6153377294540405,0.6153377294540405,1.0,0.34733189736515924,False
2001-09-19,0.7038649916648865,0.7038649916648865,1.0,0.34733189736515924,False
2001-09-20,0.6232771277427673,0.6232771277427673,1.0,0.34733189736515924,False
2001-09-21,0.709385097026825,0.709385097026825,1.0,0.34733189736515924,False
2001-09-24,0.6216118335723877,0.6216118335723877,1.0,0.34733189736515924,False
2001-09-25,0.6749976277351379,0.6749976277351379,1.0,0.34733189736515924,False
2001-09-26,0.6461284160614014,0.6461284160614014,1.0,0.34733189736515924,False
2001-09-27,0.5783984661102295,0.5783984661102295,1.0,0.34733189736515924,False
2001-09-28,0.5363180041313171,0.5363180041313171,1.0,0.0,False
2001-10-01,0.5342282056808472,0.5342282056808472,1.0,0.0,False
2001-10-02,0.6146254539489746,0.6146254539489746,1.0,0.28275896938091893,False
2001-10-03,0.5853316783905029,0.5853316783905029,1.0,0.28275896938091893,False
2001-10-04,0.5085261464118958,0.5085261464118958,1.0,0.0,False
2001-10-05,0.6132197976112366,0.6132197976112366,1.0,0.271609493051499,False
2001-10-08,0.6297438144683838,0.6297438144683838,1.0,0.271609493051499,False
2001-10-09,0.7439547777175903,0.7439547777175903,1.0,0.271609493051499,False
2001-10-10,0.7079691886901855,0.7079691886901855,1.0,0.271609493051499,False
2001-10-11,0.6093670725822449,0.6093670725822449,1.0,0.271609493051499,False
2001-10-12,0.6110621094703674,0.6110621094703674,1.0,0.271609493051499,False
2001-10-15,0.6440641283988953,0.6440641283988953,1.0,0.271609493051499,False
2001-10-16,0.4397003650665283,0.4397003650665283,1.0,0.0,False
2001-10-17,0.5281828045845032,0.5281828045845032,1.0,0.0,False
2001-10-18,0.5242419838905334,0.5242419838905334,1.0,0.0,False
2001-10-19,0.46899518370628357,0.46899518370628357,1.0,0.0,False
2001-10-22,0.6051356196403503,0.6051356196403503,1.0,0.3507027688861946,False
2001-10-23,0.6041919589042664,0.6041919589042664,1.0,0.3507027688861946,False
2001-10-24,0.5884113907814026,0.5884113907814026,1.0,0.3507027688861946,False
2001-10-25,0.5142591595649719,0.5142591595649719,1.0,0.0,False
2001-10-26,0.5914815068244934,0.5914815068244934,1.0,0.37016526544950834,False
2001-10-29,0.4649284780025482,0.4649284780025482,1.0,0.0,False
2001-10-30,0.49956753849983215,0.49956753849983215,1.0,0.0,False
2001-10-31,0.5389010310173035,0.5389010310173035,0.0,0.0,False
2001-11-01,0.5498082637786865,0.5498082637786865,1.0,0.0,False
2001-11-02,0.5531783699989319,0.5531783699989319,1.0,0.0,False
2001-11-05,0.611990749835968,0.611990749835968,1.0,0.3245449258323598,False
2001-11-06,0.6304478645324707,0.6304478645324707,1.0,0.3245449258323598,False
2001-11-07,0.5716252326965332,0.5716252326965332,1.0,0.3245449258323598,False
2001-11-08,0.5569424033164978,0.5569424033164978,1.0,0.0,False
2001-11-09,0.48256751894950867,0.48256751894950867,1.0,0.0,False
2001-11-12,0.48711323738098145,0.48711323738098145,1.0,0.0,False
2001-11-13,0.5105038285255432,0.5105038285255432,1.0,0.0,False
2001-11-14,0.44816896319389343,0.44816896319389343,1.0,0.0,False
2001-11-15,0.42739924788475037,0.42739924788475037,1.0,0.0,False
2001-11-16,0.47322627902030945,0.47322627902030945,0.0,0.0,False
2001-11-19,0.47160881757736206,0.47160881757736206,0.0,0.0,False
2001-11-20,0.5608916282653809,0.5608916282653809,0.0,0.4015698295973769,False
2001-11-21,0.6606811285018921,0.6606811285018921,0.0,0.4015698295973769,False
2001-11-23,0.5090863108634949,0.5090863108634949,0.0,0.0,False
2001-11-26,0.5503737926483154,0.5503737926483154,0.0,0.0,False
2001-11-27,0.5771433711051941,0.5771433711051941,0.0,0.4269071883000782,False
2001-11-28,0.592668354511261,0.592668354511261,0.0,0.4269071883000782,False
2001-11-29,0.46279284358024597,0.46279284358024597,0.0,0.0,False
2001-11-30,0.5359193086624146,0.5359193086624146,0.0,0.0,False
2001-12-03,0.5327815413475037,0.5327815413475037,0.0,0.0,False
2001-12-04,0.49249348044395447,0.49249348044395447,0.0,0.0,False
2001-12-05,0.5190094113349915,0.5190094113349915,0.0,0.0,False
2001-12-06,0.34779447317123413,0.34779447317123413,0.0,0.0,False
2001-12-07,0.5480231642723083,0.5480231642723083,0.0,0.0,False
2001-12-10,0.6074967384338379,0.6074967384338379,0.0,0.5088887225100381,False
2001-12-11,0.6085395216941833,0.6085395216941833,0.0,0.5088887225100381,False
2001-12-12,0.6848342418670654,0.6848342418670654,0.0,0.5088887225100381,False
2001-12-13,0.6497886776924133,0.6497886776924133,0.0,0.5088887225100381,False
2001-12-14,0.6160457730293274,0.6160457730293274,0.0,0.5088887225100381,False
2001-12-17,0.6157779097557068,0.6157779097557068,0.0,0.5088887225100381,False
2001-12-18,0.567137598991394,0.567137598991394,0.0,0.5088887225100381,False
2001-12-19,0.601723313331604,0.601723313331604,0.0,0.5088887225100381,False
2001-12-20,0.5772563219070435,0.5772563219070435,0.0,0.5088887225100381,False
2001-12-21,0.5700160264968872,0.5700160264968872,0.0,0.5088887225100381,False
2001-12-24,0.4005993902683258,0.4005993902683258,0.0,0.0,False
2001-12-26,0.5817791223526001,0.5817791223526001,0.0,0.5205298356035584,False
2001-12-27,0.5817791223526001,0.5817791223526001,0.0,0.5205298356035584,False
2001-12-28,0.5763344764709473,0.5763344764709473,0.0,0.5205298356035584,False
2001-12-31,0.637365460395813,0.637365460395813,0.0,0.5205298356035584,False
2002-01-02,0.5628340244293213,0.5628340244293213,0.0,0.5205298356035584,False
2002-01-03,0.5798740386962891,0.5798740386962891,0.0,0.5205298356035584,False
2002-01-04,0.6127963662147522,0.6127963662147522,0.0,0.5205298356035584,False
2002-01-07,0.5735049247741699,0.5735049247741699,0.0,0.5205298356035584,False
2002-01-08,0.63325035572052,0.63325035572052,0.0,0.5205298356035584,False
2002-01-09,0.5305342674255371,0.5305342674255371,0.0,0.0,False
2002-01-10,0.7152956128120422,0.7152956128120422,0.0,0.5614801785643647,False
2002-01-11,0.5856246948242188,0.5856246948242188,0.0,0.5614801785643647,False
2002-01-14,0.6261131763458252,0.6261131763458252,0.0,0.5614801785643647,False
2002-01-15,0.6457767486572266,0.6457767486572266,0.0,0.5614801785643647,False
2002-01-16,0.5512239933013916,0.5512239933013916,0.0,0.0,False
2002-01-17,0.5710367560386658,0.5710367560386658,0.0,0.5472742142380098,False
2002-01-18,0.40599969029426575,0.40599969029426575,0.0,0.0,False
2002-01-22,0.514977216720581,0.514977216720581,0.0,0.0,False
2002-01-23,0.49856728315353394,0.49856728315353394,0.0,0.0,False
2002-01-24,0.47044605016708374,0.47044605016708374,0.0,0.0,False
2002-01-25,0.56255704164505,0.56255704164505,0.0,0.4679092143163542,False
2002-01-28,0.6717429757118225,0.6717429757118225,0.0,0.4679092143163542,False
2002-01-29,0.6803082227706909,0.6803082227706909,0.0,0.4679092143163542,False
2002-01-30,0.6263000965118408,0.6263000965118408,0.0,0.4679092143163542,False
2002-01-31,0.623585045337677,0.623585045337677,0.0,0.4679092143163542,False
2002-02-01,0.6695120930671692,0.6695120930671692,0.0,0.4679092143163542,False
2002-02-04,0.6415926218032837,0.6415926218032837,0.0,0.4679092143163542,False
2002-02-05,0.6340742111206055,0.6340742111206055,0.0,0.4679092143163542,False
2002-02-06,0.6738081574440002,0.6738081574440002,0.0,0.4679092143163542,False
2002-02-07,0.643479585647583,0.643479585647583,0.0,0.4679092143163542,False
2002-02-08,0.6260650753974915,0.6260650753974915,0.0,0.4679092143163542,False
2002-02-11,0.5869966149330139,0.5869966149330139,0.0,0.4679092143163542,False
2002-02-12,0.6131715178489685,0.6131715178489685,0.0,0.4679092143163542,False
2002-02-13,0.5519777536392212,0.5519777536392212,0.0,0.0,False
2002-02-14,0.5989507436752319,0.5989507436752319,0.0,0.4705152504373391,False
2002-02-15,0.527255654335022,0.527255654335022,0.0,0.0,False
2002-02-19,0.4429756999015808,0.4429756999015808,0.0,0.0,False
2002-02-20,0.48954659700393677,0.48954659700393677,0.0,0.0,False
2002-02-21,0.4878409206867218,0.4878409206867218,0.0,0.0,False
2002-02-22,0.4272344708442688,0.4272344708442688,0.0,0.0,False
2002-02-25,0.47519609332084656,0.47519609332084656,0.0,0.0,False
2002-02-26,0.43689948320388794,0.43689948320388794,0.0,0.0,False
2002-02-27,0.4198552072048187,0.4198552072048187,0.0,0.0,False
2002-02-28,0.41769272089004517,0.41769272089004517,0.0,0.0,False
2002-03-01,0.5023033618927002,0.5023033618927002,0.0,0.0,False
2002-03-04,0.5282909870147705,0.5282909870147705,0.0,0.0,False
2002-03-05,0.4907059371471405,0.4907059371471405,0.0,0.0,False
2002-03-06,0.4464164674282074,0.4464164674282074,0.0,0.0,False
2002-03-07,0.42740026116371155,0.42740026116371155,0.0,0.0,False
2002-03-08,0.44394099712371826,0.44394099712371826,0.0,0.0,False
2002-03-11,0.39444971084594727,0.39444971084594727,0.0,0.0,False
2002-03-12,0.45399534702301025,0.45399534702301025,0.0,0.0,False
2002-03-13,0.5024582147598267,0.5024582147598267,0.0,0.0,False
2002-03-14,0.5910446643829346,0.5910446643829346,0.0,0.4569734424188276,False
2002-03-15,0.5403630137443542,0.5403630137443542,0.0,0.0,False
2002-03-18,0.5582602620124817,0.5582602620124817,0.0,0.0,False
2002-03-19,0.5428558588027954,0.5428558588027954,0.0,0.0,False
2002-03-20,0.6424554586410522,0.6424554586410522,0.0,0.44771286320353926,False
2002-03-21,0.5191690325737,0.5191690325737,0.0,0.0,False
2002-03-22,0.5658785700798035,0.5658785700798035,0.0,0.4585853385598005,False
2002-03-25,0.6124821305274963,0.6124821305274963,0.0,0.4585853385598005,False
2002-03-26,0.5837395191192627,0.5837395191192627,0.0,0.4585853385598005,False
2002-03-27,0.5658342242240906,0.5658342242240906,0.0,0.4585853385598005,False
2002-03-28,0.5354471802711487,0.5354471802711487,0.0,0.0,False
2002-04-01,0.5980187654495239,0.5980187654495239,0.0,0.5460902121525455,False
2002-04-02,0.4496661424636841,0.4496661424636841,0.0,0.0,False
2002-04-03,0.4927338659763336,0.4927338659763336,0.0,0.0,False
2002-04-04,0.487168550491333,0.487168550491333,0.0,0.0,False
2002-04-05,0.5895577073097229,0.5895577073097229,0.0,0.4990556853210705,False
2002-04-08,0.5504937171936035,0.5504937171936035,0.0,0.0,False
2002-04-09,0.5734797120094299,0.5734797120094299,0.0,0.4578499536776318,False
2002-04-10,0.5325843095779419,0.5325843095779419,0.0,0.0,False
2002-04-11,0.5215743780136108,0.5215743780136108,0.0,0.0,False
2002-04-12,0.5192977786064148,0.5192977786064148,0.0,0.0,False
2002-04-15,0.520334005355835,0.520334005355835,0.0,0.0,False
2002-04-16,0.5284485220909119,0.5284485220909119,0.0,0.0,False
2002-04-17,0.5894888043403625,0.5894888043403625,0.0,0.39070142841105115,False
2002-04-18,0.6301758289337158,0.6301758289337158,0.0,0.39070142841105115,False
2002-04-19,0.5397668480873108,0.5397668480873108,0.0,0.0,False
2002-04-22,0.5350821614265442,0.5350821614265442,0.0,0.0,False
2002-04-23,0.6790435314178467,0.6790435314178467,0.0,0.39731208080729785,False
2002-04-24,0.687274694442749,0.687274694442749,0.0,0.39731208080729785,False
2002-04-25,0.6333920955657959,0.6333920955657959,0.0,0.39731208080729785,False
2002-04-26,0.6936935782432556,0.6936935782432556,0.0,0.39731208080729785,False
2002-04-29,0.5457316637039185,0.5457316637039185,0.0,0.0,False
2002-04-30,0.5265804529190063,0.5265804529190063,0.0,0.0,False
2002-05-01,0.5790830850601196,0.5790830850601196,0.0,0.40599600323711765,False
2002-05-02,0.5622062087059021,0.5622062087059021,0.0,0.40599600323711765,False
2002-05-03,0.5575905442237854,0.5575905442237854,0.0,0.0,False
2002-05-06,0.6503820419311523,0.6503820419311523,0.0,0.3963053316360875,False
2002-05-07,0.5244240760803223,0.5244240760803223,0.0,0.0,False
2002-05-08,0.6404950022697449,0.6404950022697449,1.0,0.27567628674466493,False
2002-05-09,0.4286012649536133,0.4286012649536133,1.0,0.0,False
2002-05-10,0.4834192395210266,0.4834192395210266,1.0,0.0,False
2002-05-13,0.48573002219200134,0.48573002219200134,1.0,0.0,False
2002-05-14,0.5192940831184387,0.5192940831184387,1.0,0.0,False
2002-05-15,0.507628321647644,0.507628321647644,1.0,0.0,False
2002-05-16,0.4483802616596222,0.4483802616596222,1.0,0.0,False
2002-05-17,0.4877787232398987,0.4877787232398987,1.0,0.0,False
2002-05-20,0.5297877192497253,0.5297877192497253,1.0,0.0,False
2002-05-21,0.6204251050949097,0.6204251050949097,1.0,0.2419196281890046,False
2002-05-22,0.5315624475479126,0.5315624475479126,1.0,0.0,False
2002-05-23,0.518067479133606,0.518067479133606,1.0,0.0,False
2002-05-24,0.560854434967041,0.560854434967041,1.0,0.24292706028942823,False
2002-05-28,0.6019289493560791,0.6019289493560791,1.0,0.24292706028942823,False
2002-05-29,0.6035411953926086,0.6035411953926086,1.0,0.24292706028942823,False
2002-05-30,0.5960121154785156,0.5960121154785156,1.0,0.24292706028942823,False
2002-05-31,0.6373924016952515,0.6373924016952515,1.0,0.24292706028942823,False
2002-06-03,0.6857612133026123,0.6857612133026123,1.0,0.24292706028942823,False
2002-06-04,0.6672025918960571,0.6672025918960571,1.0,0.24292706028942823,False
2002-06-05,0.5132051706314087,0.5132051706314087,1.0,0.0,False
2002-06-06,0.551734209060669,0.551734209060669,1.0,0.0,False
2002-06-07,0.5902450084686279,0.5902450084686279,0.0,0.3403437077412772,False
2002-06-10,0.3986828029155731,0.3986828029155731,1.0,0.0,False
2002-06-11,0.5571997761726379,0.5571997761726379,0.0,0.0,False
2002-06-12,0.4937121570110321,0.4937121570110321,0.0,0.0,False
2002-06-13,0.4907667934894562,0.4907667934894562,0.0,0.0,False
2002-06-14,0.4572122097015381,0.4572122097015381,0.0,0.0,False
2002-06-17,0.45377856492996216,0.45377856492996216,0.0,0.0,False
2002-06-18,0.5152736902236938,0.5152736902236938,0.0,0.0,False
2002-06-19,0.4957450330257416,0.4957450330257416,0.0,0.0,False
2002-06-20,0.5280715823173523,0.5280715823173523,0.0,0.0,False
2002-06-21,0.5728094577789307,0.5728094577789307,0.0,0.39446914616498163,False
2002-06-24,0.5003030896186829,0.5003030896186829,0.0,0.0,False
2002-06-25,0.4708525240421295,0.4708525240421295,0.0,0.0,False
2002-06-26,0.4934622645378113,0.4934622645378113,0.0,0.0,False
2002-06-27,0.47157636284828186,0.47157636284828186,0.0,0.0,False
2002-06-28,0.542308509349823,0.542308509349823,0.0,0.0,False
2002-07-01,0.5146936178207397,0.5146936178207397,0.0,0.0,False
2002-07-02,0.5022183656692505,0.5022183656692505,0.0,0.0,False
2002-07-03,0.5677210688591003,0.5677210688591003,0.0,0.39233737473731145,False
2002-07-05,0.4154190421104431,0.4154190421104431,0.0,0.0,False
2002-07-08,0.5279378890991211,0.5279378890991211,1.0,0.0,False
2002-07-09,0.5259145498275757,0.5259145498275757,0.0,0.0,False
2002-07-10,0.5196816325187683,0.5196816325187683,0.0,0.0,False
2002-07-11,0.4639583230018616,0.4639583230018616,0.0,0.0,False
2002-07-12,0.5828190445899963,0.5828190445899963,0.0,0.3696162090356971,False
2002-07-15,0.6084370613098145,0.6084370613098145,0.0,0.3696162090356971,False
2002-07-16,0.6830281019210815,0.6830281019210815,0.0,0.3696162090356971,False
2002-07-17,0.5345231294631958,0.5345231294631958,0.0,0.0,False
2002-07-18,0.6641254425048828,0.6641254425048828,0.0,0.3814913934794365,False
2002-07-19,0.6063352227210999,0.6063352227210999,0.0,0.3814913934794365,False
2002-07-22,0.7225521802902222,0.7225521802902222,0.0,0.3814913934794365,False
2002-07-23,0.7537901401519775,0.7537901401519775,1.0,0.3814913934794365,False
2002-07-24,0.5296876430511475,0.5296876430511475,1.0,0.0,False
2002-07-25,0.48131200671195984,0.48131200671195984,1.0,0.0,False
2002-07-26,0.5549208521842957,0.5549208521842957,2.0,0.0,False
2002-07-29,0.493210107088089,0.493210107088089,2.0,0.0,False
2002-07-30,0.45945560932159424,0.45945560932159424,1.0,0.0,False
2002-07-31,0.49069610238075256,0.49069610238075256,1.0,0.0,False
2002-08-01,0.41336795687675476,0.41336795687675476,2.0,0.0,False
2002-08-02,0.5167240500450134,0.5167240500450134,2.0,0.0,False
2002-08-05,0.5779677629470825,0.5779677629470825,2.0,0.22525140841752161,False
2002-08-06,0.527061939239502,0.527061939239502,2.0,0.0,False
2002-08-07,0.5324064493179321,0.5324064493179321,1.0,0.0,False
2002-08-08,0.47732794284820557,0.47732794284820557,1.0,0.0,False
2002-08-09,0.4685467481613159,0.4685467481613159,1.0,0.0,False
2002-08-12,0.3601383566856384,0.3601383566856384,1.0,0.0,False
2002-08-13,0.5281652808189392,0.5281652808189392,2.0,0.0,False
2002-08-14,0.45402559638023376,0.45402559638023376,1.0,0.0,False
2002-08-15,0.4426964819431305,0.4426964819431305,1.0,0.0,False
2002-08-16,0.46936139464378357,0.46936139464378357,1.0,0.0,False
2002-08-19,0.6555693745613098,0.6555693745613098,1.0,0.20614481030480036,False
2002-08-20,0.6133406758308411,0.6133406758308411,1.0,0.20614481030480036,False
2002-08-21,0.614517867565155,0.614517867565155,1.0,0.20614481030480036,False
2002-08-22,0.6087238192558289,0.6087238192558289,1.0,0.20614481030480036,False
2002-08-23,0.5983818173408508,0.5983818173408508,1.0,0.3106583860597284,False
2002-08-26,0.5298842787742615,0.5298842787742615,1.0,0.0,False
2002-08-27,0.48954063653945923,0.48954063653945923,1.0,0.0,False
2002-08-28,0.6433327794075012,0.6433327794075012,1.0,0.3261364233649087,False
2002-08-29,0.6235846877098083,0.6235846877098083,1.0,0.3261364233649087,False
2002-08-30,0.6139039993286133,0.6139039993286133,1.0,0.3261364233649087,False
2002-09-03,0.5240359306335449,0.5240359306335449,1.0,0.0,False
2002-09-04,0.5231231451034546,0.5231231451034546,1.0,0.0,False
2002-09-05,0.5842599272727966,0.5842599272727966,1.0,0.31951018778877427,False
2002-09-06,0.4500770568847656,0.4500770568847656,1.0,0.0,False
2002-09-09,0.46642422676086426,0.46642422676086426,1.0,0.0,False
2002-09-10,0.463798463344574,0.463798463344574,1.0,0.0,False
2002-09-11,0.4867805242538452,0.4867805242538452,1.0,0.0,False
2002-09-12,0.5110684037208557,0.5110684037208557,1.0,0.0,False
2002-09-13,0.5059682726860046,0.5059682726860046,1.0,0.0,False
2002-09-16,0.5214497447013855,0.5214497447013855,1.0,0.0,False
2002-09-17,0.5120620131492615,0.5120620131492615,0.0,0.0,False
2002-09-18,0.47336697578430176,0.47336697578430176,0.0,0.0,False
2002-09-19,0.5120646953582764,0.5120646953582764,0.0,0.0,False
2002-09-20,0.4714580476284027,0.4714580476284027,0.0,0.0,False
2002-09-23,0.6171711087226868,0.6171711087226868,1.0,0.3545106727696928,False
2002-09-24,0.5613437294960022,0.5613437294960022,1.0,0.3545106727696928,False
2002-09-25,0.5106309056282043,0.5106309056282043,0.0,0.0,False
2002-09-26,0.49103763699531555,0.49103763699531555,0.0,0.0,False
2002-09-27,0.5772861838340759,0.5772861838340759,0.0,0.36421157747271365,False
2002-09-30,0.5714468955993652,0.5714468955993652,0.0,0.36421157747271365,False
2002-10-01,0.6613607406616211,0.6613607406616211,1.0,0.36421157747271365,False
2002-10-02,0.5417222380638123,0.5417222380638123,0.0,0.0,False
2002-10-03,0.5235253572463989,0.5235253572463989,0.0,0.0,False
2002-10-04,0.552611768245697,0.552611768245697,0.0,0.0,False
2002-10-07,0.5356112122535706,0.5356112122535706,0.0,0.0,False
2002-10-08,0.5255267024040222,0.5255267024040222,0.0,0.0,False
2002-10-09,0.6125897765159607,0.6125897765159607,0.0,0.401072776480906,False
2002-10-10,0.6353882551193237,0.6353882551193237,0.0,0.401072776480906,False
2002-10-11,0.5466068983078003,0.5466068983078003,1.0,0.0,False
2002-10-14,0.49086838960647583,0.49086838960647583,1.0,0.0,False
2002-10-15,0.6491313576698303,0.6491313576698303,1.0,0.3007606496059961,False
2002-10-16,0.7612864971160889,0.7612864971160889,1.0,0.3007606496059961,False
2002-10-17,0.808565616607666,0.808565616607666,1.0,0.3007606496059961,False
2002-10-18,0.7638154625892639,0.7638154625892639,1.0,0.3007606496059961,False
2002-10-21,0.8392286896705627,0.8392286896705627,1.0,0.3007606496059961,False
2002-10-22,0.758145809173584,0.758145809173584,1.0,0.3007606496059961,False
2002-10-23,0.6190277338027954,0.6190277338027954,1.0,0.3007606496059961,False
2002-10-24,0.6130980253219604,0.6130980253219604,1.0,0.3007606496059961,False
2002-10-25,0.554791271686554,0.554791271686554,1.0,0.0,False
2002-10-28,0.533396303653717,0.533396303653717,1.0,0.0,False
2002-10-29,0.5431006550788879,0.5431006550788879,1.0,0.0,False
2002-10-30,0.5343137979507446,0.5343137979507446,1.0,0.0,False
2002-10-31,0.6205196380615234,0.6205196380615234,1.0,0.31559051683245576,False
2002-11-01,0.5389483571052551,0.5389483571052551,1.0,0.0,False
2002-11-04,0.520911693572998,0.520911693572998,1.0,0.0,False
2002-11-05,0.5844213366508484,0.5844213366508484,1.0,0.3033820409395435,False
2002-11-06,0.4934699833393097,0.4934699833393097,1.0,0.0,False
2002-11-07,0.5461150407791138,0.5461150407791138,1.0,0.0,False
2002-11-08,0.5634569525718689,0.5634569525718689,1.0,0.33828652578483986,False
2002-11-11,0.5673892498016357,0.5673892498016357,1.0,0.33828652578483986,False
2002-11-12,0.5151038765907288,0.5151038765907288,0.0,0.0,False
2002-11-13,0.4864017367362976,0.4864017367362976,0.0,0.0,False
2002-11-14,0.41977280378341675,0.41977280378341675,1.0,0.0,False
2002-11-15,0.5060879588127136,0.5060879588127136,0.0,0.0,False
2002-11-18,0.5243372321128845,0.5243372321128845,0.0,0.0,False
2002-11-19,0.5285568237304688,0.5285568237304688,0.0,0.0,False
2002-11-20,0.4660656750202179,0.4660656750202179,0.0,0.0,False
2002-11-21,0.4401721954345703,0.4401721954345703,0.0,0.0,False
2002-11-22,0.4093678891658783,0.4093678891658783,0.0,0.0,False
2002-11-25,0.3982950448989868,0.3982950448989868,0.0,0.0,False
2002-11-26,0.5498867630958557,0.5498867630958557,0.0,0.0,False
2002-11-27,0.46690788865089417,0.46690788865089417,0.0,0.0,False
2002-11-29,0.356800377368927,0.356800377368927,0.0,0.0,False
2002-12-02,0.4872790277004242,0.4872790277004242,0.0,0.0,False
2002-12-03,0.5426293611526489,0.5426293611526489,0.0,0.0,False
2002-12-04,0.5697447061538696,0.5697447061538696,0.0,0.5417937521205548,False
2002-12-05,0.7043058276176453,0.7043058276176453,0.0,0.5417937521205548,False
2002-12-06,0.7611736059188843,0.7611736059188843,0.0,0.5417937521205548,False
2002-12-09,0.6303877830505371,0.6303877830505371,0.0,0.5417937521205548,False
2002-12-10,0.5923112630844116,0.5923112630844116,0.0,0.5417937521205548,False
2002-12-11,0.5751215815544128,0.5751215815544128,0.0,0.5417937521205548,False
2002-12-12,0.5514300465583801,0.5514300465583801,0.0,0.0,False
2002-12-13,0.600153923034668,0.600153923034668,0.0,0.5308885302229543,False
2002-12-16,0.4055677652359009,0.4055677652359009,0.0,0.0,False
2002-12-17,0.3681586682796478,0.3681586682796478,0.0,0.0,False
2002-12-18,0.3931732773780823,0.3931732773780823,0.0,0.0,False
2002-12-19,0.44928762316703796,0.44928762316703796,0.0,0.0,False
2002-12-20,0.4405445456504822,0.4405445456504822,0.0,0.0,False
2002-12-23,0.5691710114479065,0.5691710114479065,0.0,0.5306984693143264,False
2002-12-24,0.46468865871429443,0.46468865871429443,0.0,0.0,False
2002-12-26,0.492694228887558,0.492694228887558,0.0,0.0,False
2002-12-27,0.5496531128883362,0.5496531128883362,0.0,0.0,False
2002-12-30,0.6024082899093628,0.6024082899093628,0.0,0.5788510037772225,False
2002-12-31,0.6949780583381653,0.6949780583381653,0.0,0.5788510037772225,False
2003-01-02,0.550106406211853,0.550106406211853,0.0,0.0,False
2003-01-03,0.5694148540496826,0.5694148540496826,0.0,0.4937865844688047,False
2003-01-06,0.5360055565834045,0.5360055565834045,0.0,0.0,False
2003-01-07,0.5563946962356567,0.5563946962356567,0.0,0.0,False
2003-01-08,0.47150418162345886,0.47150418162345886,0.0,0.0,False
2003-01-09,0.5541244745254517,0.5541244745254517,0.0,0.0,False
2003-01-10,0.5221620798110962,0.5221620798110962,0.0,0.0,False
2003-01-13,0.557528555393219,0.557528555393219,0.0,0.0,False
2003-01-14,0.6340240240097046,0.6340240240097046,0.0,0.5208168350813959,False
2003-01-15,0.5317267775535583,0.5317267775535583,0.0,0.0,False
2003-01-16,0.5023404955863953,0.5023404955863953,0.0,0.0,False
2003-01-17,0.5385794639587402,0.5385794639587402,0.0,0.0,False
2003-01-21,0.5436016917228699,0.5436016917228699,0.0,0.0,False
2003-01-22,0.5754318833351135,0.5754318833351135,0.0,0.40704016320983005,False
2003-01-23,0.5138707756996155,0.5138707756996155,0.0,0.0,False
2003-01-24,0.583154022693634,0.583154022693634,0.0,0.3683561221079426,False
2003-01-27,0.5984967350959778,0.5984967350959778,0.0,0.3683561221079426,False
2003-01-28,0.5418814420700073,0.5418814420700073,0.0,0.0,False
2003-01-29,0.5683775544166565,0.5683775544166565,0.0,0.35818280303406713,False
2003-01-30,0.6328595876693726,0.6328595876693726,1.0,0.35818280303406713,False
2003-01-31,0.6376169919967651,0.6376169919967651,0.0,0.35818280303406713,False
2003-02-03,0.5476099252700806,0.5476099252700806,0.0,0.0,False
2003-02-04,0.5483343601226807,0.5483343601226807,0.0,0.0,False
2003-02-05,0.6188755631446838,0.6188755631446838,0.0,0.37619392996613743,False
2003-02-06,0.5911125540733337,0.5911125540733337,0.0,0.37619392996613743,False
2003-02-07,0.5609719157218933,0.5609719157218933,0.0,0.37619392996613743,False
2003-02-10,0.4850681722164154,0.4850681722164154,0.0,0.0,False
2003-02-11,0.5476654171943665,0.5476654171943665,0.0,0.0,False
2003-02-12,0.506491482257843,0.506491482257843,0.0,0.0,False
2003-02-13,0.528239905834198,0.528239905834198,0.0,0.0,False
2003-02-14,0.5435134172439575,0.5435134172439575,0.0,0.0,False
2003-02-18,0.4685620963573456,0.4685620963573456,0.0,0.0,False
2003-02-19,0.5035643577575684,0.5035643577575684,0.0,0.0,False
2003-02-20,0.5563574433326721,0.5563574433326721,0.0,0.0,False
2003-02-21,0.48294001817703247,0.48294001817703247,0.0,0.0,False
2003-02-24,0.5398303866386414,0.5398303866386414,0.0,0.0,False
2003-02-25,0.5610569715499878,0.5610569715499878,0.0,0.4688196951752039,False
2003-02-26,0.6177976131439209,0.6177976131439209,0.0,0.4688196951752039,False
2003-02-27,0.5840656757354736,0.5840656757354736,0.0,0.4688196951752039,False
2003-02-28,0.6434393525123596,0.6434393525123596,0.0,0.4688196951752039,False
2003-03-03,0.6602341532707214,0.6602341532707214,0.0,0.4688196951752039,False
2003-03-04,0.5962129831314087,0.5962129831314087,0.0,0.4688196951752039,False
2003-03-05,0.548954427242279,0.548954427242279,0.0,0.0,False
2003-03-06,0.5933901071548462,0.5933901071548462,0.0,0.5361615902365316,False
2003-03-07,0.5392342209815979,0.5392342209815979,0.0,0.0,False
2003-03-10,0.5871230959892273,0.5871230959892273,0.0,0.5183380966558031,False
2003-03-11,0.5383561849594116,0.5383561849594116,0.0,0.0,False
2003-03-12,0.5314844250679016,0.5314844250679016,0.0,0.0,False
2003-03-13,0.48277780413627625,0.48277780413627625,0.0,0.0,False
2003-03-14,0.377092570066452,0.377092570066452,0.0,0.0,False
2003-03-17,0.5518394708633423,0.5518394708633423,0.0,0.0,False
2003-03-18,0.5187215805053711,0.5187215805053711,0.0,0.0,False
2003-03-19,0.6020004153251648,0.6020004153251648,0.0,0.4375622464233896,False
2003-03-20,0.5614612102508545,0.5614612102508545,0.0,0.4375622464233896,False
2003-03-21,0.5461028218269348,0.5461028218269348,0.0,0.0,False
2003-03-24,0.38011103868484497,0.38011103868484497,0.0,0.0,False
2003-03-25,0.39953047037124634,0.39953047037124634,0.0,0.0,False
2003-03-26,0.4057353436946869,0.4057353436946869,0.0,0.0,False
2003-03-27,0.47845855355262756,0.47845855355262756,0.0,0.0,False
2003-03-28,0.5828740000724792,0.5828740000724792,0.0,0.4089198766699671,False
2003-03-31,0.586862325668335,0.586862325668335,0.0,0.4089198766699671,False
2003-04-01,0.626636266708374,0.626636266708374,0.0,0.4089198766699671,False
2003-04-02,0.5296127796173096,0.5296127796173096,1.0,0.0,False
2003-04-03,0.5103217959403992,0.5103217959403992,1.0,0.0,False
2003-04-04,0.4667675495147705,0.4667675495147705,1.0,0.0,False
2003-04-07,0.48156046867370605,0.48156046867370605,1.0,0.0,False
2003-04-08,0.5216057300567627,0.5216057300567627,1.0,0.0,False
2003-04-09,0.5611595511436462,0.5611595511436462,1.0,0.35064250796247975,False
2003-04-10,0.48693203926086426,0.48693203926086426,0.0,0.0,False
2003-04-11,0.5449967384338379,0.5449967384338379,0.0,0.0,False
2003-04-14,0.47312572598457336,0.47312572598457336,0.0,0.0,False
2003-04-15,0.47328129410743713,0.47328129410743713,0.0,0.0,False
2003-04-16,0.4980126619338989,0.4980126619338989,0.0,0.0,False
2003-04-17,0.5102577805519104,0.5102577805519104,0.0,0.0,False
2003-04-21,0.5214492678642273,0.5214492678642273,0.0,0.0,False
2003-04-22,0.5757695436477661,0.5757695436477661,0.0,0.44521288234671286,False
2003-04-23,0.5464423894882202,0.5464423894882202,0.0,0.0,False
2003-04-24,0.4809185266494751,0.4809185266494751,0.0,0.0,False
2003-04-25,0.5597619414329529,0.5597619414329529,0.0,0.0,False
2003-04-28,0.482345312833786,0.482345312833786,0.0,0.0,False
2003-04-29,0.5462915897369385,0.5462915897369385,0.0,0.0,False
2003-04-30,0.5158407092094421,0.5158407092094421,0.0,0.0,False
2003-05-01,0.5601666569709778,0.5601666569709778,0.0,0.5637621704112428,False
2003-05-02,0.634934663772583,0.634934663772583,0.0,0.5637621704112428,False
2003-05-05,0.6061756014823914,0.6061756014823914,0.0,0.5637621704112428,False
2003-05-06,0.6239736676216125,0.6239736676216125,0.0,0.5637621704112428,False
2003-05-07,0.5095231533050537,0.5095231533050537,0.0,0.0,False
2003-05-08,0.500080943107605,0.500080943107605,0.0,0.0,False
2003-05-09,0.607634425163269,0.607634425163269,0.0,0.6356236717665333,False
2003-05-12,0.5412243008613586,0.5412243008613586,0.0,0.0,False
2003-05-13,0.44147300720214844,0.44147300720214844,0.0,0.0,False
2003-05-14,0.5290383696556091,0.5290383696556091,0.0,0.0,False
2003-05-15,0.5265011191368103,0.5265011191368103,0.0,0.0,False
2003-05-16,0.5741969347000122,0.5741969347000122,0.0,0.713109468605403,False
2003-05-19,0.6177111864089966,0.6177111864089966,0.0,0.713109468605403,False
2003-05-20,0.6252386569976807,0.6252386569976807,0.0,0.713109468605403,False
2003-05-21,0.5964925289154053,0.5964925289154053,0.0,0.713109468605403,False
2003-05-22,0.5576287508010864,0.5576287508010864,0.0,0.0,False
2003-05-23,0.5813575983047485,0.5813575983047485,0.0,0.6414080687701703,False
2003-05-27,0.47947588562965393,0.47947588562965393,0.0,0.0,False
2003-05-28,0.500627875328064,0.500627875328064,0.0,0.0,False
2003-05-29,0.5281968116760254,0.5281968116760254,0.0,0.0,False
2003-05-30,0.4851442575454712,0.4851442575454712,0.0,0.0,False
2003-06-02,0.5210837125778198,0.5210837125778198,0.0,0.0,False
2003-06-03,0.5685115456581116,0.5685115456581116,0.0,0.6323377846331389,False
2003-06-04,0.5193986296653748,0.5193986296653748,0.0,0.0,False
2003-06-05,0.5811012387275696,0.5811012387275696,0.0,0.619109161330424,False
2003-06-06,0.5430638194084167,0.5430638194084167,0.0,0.0,False
2003-06-09,0.5486024022102356,0.5486024022102356,0.0,0.0,False
2003-06-10,0.488212525844574,0.488212525844574,0.0,0.0,False
2003-06-11,0.5107652544975281,0.5107652544975281,0.0,0.0,False
2003-06-12,0.5651914477348328,0.5651914477348328,0.0,0.5489488385615279,False
2003-06-13,0.5079982876777649,0.5079982876777649,0.0,0.0,False
2003-06-16,0.566575288772583,0.566575288772583,0.0,0.5061179160591184,False
2003-06-17,0.4932922422885895,0.4932922422885895,0.0,0.0,False
2003-06-18,0.5233970284461975,0.5233970284461975,0.0,0.0,False
2003-06-19,0.4865941107273102,0.4865941107273102,0.0,0.0,False
2003-06-20,0.46204352378845215,0.46204352378845215,0.0,0.0,False
2003-06-23,0.46443066000938416,0.46443066000938416,0.0,0.0,False
2003-06-24,0.5496106147766113,0.5496106147766113,0.0,0.0,False
2003-06-25,0.5353639721870422,0.5353639721870422,0.0,0.0,False
2003-06-26,0.5461249947547913,0.5461249947547913,0.0,0.0,False
2003-06-27,0.5049427151679993,0.5049427151679993,0.0,0.0,False
2003-06-30,0.5110201239585876,0.5110201239585876,0.0,0.0,False
2003-07-01,0.5226650238037109,0.5226650238037109,0.0,0.0,False
2003-07-02,0.5223270654678345,0.5223270654678345,0.0,0.0,False
2003-07-03,0.4890036880970001,0.4890036880970001,0.0,0.0,False
2003-07-07,0.6028760671615601,0.6028760671615601,0.0,0.5352307346598071,False
2003-07-08,0.6630071401596069,0.6630071401596069,0.0,0.5352307346598071,False
2003-07-09,0.6673106551170349,0.6673106551170349,0.0,0.5352307346598071,False
2003-07-10,0.5927969217300415,0.5927969217300415,0.0,0.5352307346598071,False
2003-07-11,0.605362594127655,0.605362594127655,0.0,0.5352307346598071,False
2003-07-14,0.6213083267211914,0.6213083267211914,0.0,0.5352307346598071,False
2003-07-15,0.6183003187179565,0.6183003187179565,0.0,0.5352307346598071,False
2003-07-16,0.6322385668754578,0.6322385668754578,0.0,0.5352307346598071,False
2003-07-17,0.5471089482307434,0.5471089482307434,0.0,0.0,False
2003-07-18,0.5761216878890991,0.5761216878890991,0.0,0.5478357070758473,False
2003-07-21,0.5531907081604004,0.5531907081604004,0.0,0.0,False
2003-07-22,0.5456148386001587,0.5456148386001587,0.0,0.0,False
2003-07-23,0.5882407426834106,0.5882407426834106,0.0,0.5193335630554311,False
2003-07-24,0.5260467529296875,0.5260467529296875,0.0,0.0,False
2003-07-25,0.4853276014328003,0.4853276014328003,0.0,0.0,False
2003-07-28,0.5073171854019165,0.5073171854019165,0.0,0.0,False
2003-07-29,0.4890097379684448,0.4890097379684448,0.0,0.0,False
2003-07-30,0.4514210820198059,0.4514210820198059,0.0,0.0,False
2003-07-31,0.5164117217063904,0.5164117217063904,0.0,0.0,False
2003-08-01,0.5211476683616638,0.5211476683616638,0.0,0.0,False
2003-08-04,0.5346107482910156,0.5346107482910156,0.0,0.0,False
2003-08-05,0.6939877867698669,0.6939877867698669,0.0,0.5886280685281315,False
2003-08-06,0.6748636960983276,0.6748636960983276,0.0,0.5886280685281315,False
2003-08-07,0.6559979915618896,0.6559979915618896,0.0,0.5886280685281315,False
2003-08-08,0.6977248787879944,0.6977248787879944,0.0,0.5886280685281315,False
2003-08-11,0.6401308178901672,0.6401308178901672,0.0,0.5886280685281315,False
2003-08-12,0.6215790510177612,0.6215790510177612,0.0,0.5886280685281315,False
2003-08-13,0.6729609966278076,0.6729609966278076,0.0,0.5886280685281315,False
2003-08-14,0.6099444031715393,0.6099444031715393,0.0,0.7019364606541879,False
2003-08-15,0.6818695068359375,0.6818695068359375,0.0,0.7019364606541879,False
2003-08-18,0.5183653235435486,0.5183653235435486,0.0,0.0,False
2003-08-19,0.4491612911224365,0.4491612911224365,0.0,0.0,False
2003-08-20,0.46086958050727844,0.46086958050727844,0.0,0.0,False
2003-08-21,0.5320269465446472,0.5320269465446472,0.0,0.0,False
2003-08-22,0.5293645858764648,0.5293645858764648,0.0,0.0,False
2003-08-25,0.5568240880966187,0.5568240880966187,0.0,0.0,False
2003-08-26,0.5861833095550537,0.5861833095550537,0.0,0.8692278035625585,False
2003-08-27,0.5763643980026245,0.5763643980026245,0.0,0.8692278035625585,False
2003-08-28,0.6484964489936829,0.6484964489936829,0.0,0.8692278035625585,False
2003-08-29,0.6807467341423035,0.6807467341423035,0.0,0.8692278035625585,False
2003-09-02,0.5054264664649963,0.5054264664649963,0.0,0.0,False
2003-09-03,0.6738409996032715,0.6738409996032715,0.0,0.704378551093918,False
2003-09-04,0.5847104787826538,0.5847104787826538,0.0,0.704378551093918,False
2003-09-05,0.5931589603424072,0.5931589603424072,0.0,0.704378551093918,False
2003-09-08,0.5865243673324585,0.5865243673324585,0.0,0.704378551093918,False
2003-09-09,0.5319889783859253,0.5319889783859253,0.0,0.0,False
2003-09-10,0.526934802532196,0.526934802532196,0.0,0.0,False
2003-09-11,0.5205574035644531,0.5205574035644531,0.0,0.0,False
2003-09-12,0.5506588816642761,0.5506588816642761,0.0,0.0,False
2003-09-15,0.5420396327972412,0.5420396327972412,0.0,0.0,False
2003-09-16,0.5410314202308655,0.5410314202308655,0.0,0.0,False
2003-09-17,0.6438329815864563,0.6438329815864563,0.0,0.6053423755870692,False
2003-09-18,0.6349881887435913,0.6349881887435913,0.0,0.6053423755870692,False
2003-09-19,0.5950345396995544,0.5950345396995544,0.0,0.6053423755870692,False
2003-09-22,0.6317023634910583,0.6317023634910583,0.0,0.6053423755870692,False
2003-09-23,0.5669743418693542,0.5669743418693542,0.0,0.5033056902119893,False
2003-09-24,0.6360315680503845,0.6360315680503845,0.0,0.5033056902119893,False
2003-09-25,0.460684210062027,0.460684210062027,0.0,0.0,False
2003-09-26,0.5573366284370422,0.5573366284370422,0.0,0.0,False
2003-09-29,0.5268394351005554,0.5268394351005554,0.0,0.0,False
2003-09-30,0.4376739263534546,0.4376739263534546,0.0,0.0,False
2003-10-01,0.49241703748703003,0.49241703748703003,0.0,0.0,False
2003-10-02,0.4802059829235077,0.4802059829235077,0.0,0.0,False
2003-10-03,0.49843811988830566,0.49843811988830566,0.0,0.0,False
2003-10-06,0.48518040776252747,0.48518040776252747,0.0,0.0,False
2003-10-07,0.6485466361045837,0.6485466361045837,0.0,0.4364820928534586,False
2003-10-08,0.6863005757331848,0.6863005757331848,0.0,0.4364820928534586,False
2003-10-09,0.6436524391174316,0.6436524391174316,0.0,0.4364820928534586,False
2003-10-10,0.7137002944946289,0.7137002944946289,0.0,0.4364820928534586,False
2003-10-13,0.6712296009063721,0.6712296009063721,0.0,0.4364820928534586,False
2003-10-14,0.6519935727119446,0.6519935727119446,0.0,0.4364820928534586,False
2003-10-15,0.5624416470527649,0.5624416470527649,0.0,0.4364820928534586,False
2003-10-16,0.6784960031509399,0.6784960031509399,0.0,0.4364820928534586,False
2003-10-17,0.6048787832260132,0.6048787832260132,0.0,0.4364820928534586,False
2003-10-20,0.6297086477279663,0.6297086477279663,0.0,0.548122959028433,False
2003-10-21,0.6134291887283325,0.6134291887283325,0.0,0.548122959028433,False
2003-10-22,0.5300903916358948,0.5300903916358948,0.0,0.0,False
2003-10-23,0.5665464401245117,0.5665464401245117,0.0,0.6524458069473681,False
2003-10-24,0.44453978538513184,0.44453978538513184,0.0,0.0,False
2003-10-27,0.376369446516037,0.376369446516037,0.0,0.0,False
2003-10-28,0.36690232157707214,0.36690232157707214,0.0,0.0,False
2003-10-29,0.4433124363422394,0.4433124363422394,0.0,0.0,False
2003-10-30,0.47040826082229614,0.47040826082229614,0.0,0.0,False
2003-10-31,0.4293246269226074,0.4293246269226074,0.0,0.0,False
2003-11-03,0.570766270160675,0.570766270160675,0.0,0.4429862280724706,False
2003-11-04,0.535264253616333,0.535264253616333,0.0,0.0,False
2003-11-05,0.4715346097946167,0.4715346097946167,0.0,0.0,False
2003-11-06,0.4756482243537903,0.4756482243537903,0.0,0.0,False
2003-11-07,0.49461454153060913,0.49461454153060913,0.0,0.0,False
2003-11-10,0.4807809889316559,0.4807809889316559,0.0,0.0,False
2003-11-11,0.6219130158424377,0.6219130158424377,0.0,0.4346218048874078,False
2003-11-12,0.5902971029281616,0.5902971029281616,0.0,0.4346218048874078,False
2003-11-13,0.5535567402839661,0.5535567402839661,0.0,0.0,False
2003-11-14,0.5621849894523621,0.5621849894523621,0.0,0.44890864918081336,False
2003-11-17,0.6139729619026184,0.6139729619026184,0.0,0.44890864918081336,False
2003-11-18,0.573948085308075,0.573948085308075,0.0,0.44890864918081336,False
2003-11-19,0.36831536889076233,0.36831536889076233,0.0,0.0,False
2003-11-20,0.5033642053604126,0.5033642053604126,0.0,0.0,False
2003-11-21,0.45237281918525696,0.45237281918525696,0.0,0.0,False
2003-11-24,0.44867244362831116,0.44867244362831116,0.0,0.0,False
2003-11-25,0.480468213558197,0.480468213558197,0.0,0.0,False
2003-11-26,0.4850512444972992,0.4850512444972992,0.0,0.0,False
2003-11-28,0.5202370285987854,0.5202370285987854,0.0,0.0,False
2003-12-01,0.5260673761367798,0.5260673761367798,0.0,0.0,False
2003-12-02,0.49442964792251587,0.49442964792251587,0.0,0.0,False
2003-12-03,0.5578546524047852,0.5578546524047852,0.0,0.0,False
2003-12-04,0.5231949687004089,0.5231949687004089,0.0,0.0,False
2003-12-05,0.5465102791786194,0.5465102791786194,0.0,0.0,False
2003-12-08,0.5261057615280151,0.5261057615280151,0.0,0.0,False
2003-12-09,0.5506384372711182,0.5506384372711182,0.0,0.0,False
2003-12-10,0.5971031785011292,0.5971031785011292,0.0,0.8834421689096645,False
2003-12-11,0.5002400279045105,0.5002400279045105,0.0,0.0,False
2003-12-12,0.5626876950263977,0.5626876950263977,0.0,0.925407689889367,False
2003-12-15,0.6557491421699524,0.6557491421699524,0.0,0.925407689889367,False
2003-12-16,0.4736592769622803,0.4736592769622803,0.0,0.0,False
2003-12-17,0.5737040042877197,0.5737040042877197,0.0,1.0,False
2003-12-18,0.5326478481292725,0.5326478481292725,0.0,0.0,False
2003-12-19,0.5278604030609131,0.5278604030609131,0.0,0.0,False
2003-12-22,0.5436667203903198,0.5436667203903198,0.0,0.0,False
2003-12-23,0.60635906457901,0.60635906457901,0.0,1.0,False
2003-12-24,0.5591806769371033,0.5591806769371033,0.0,0.0,False
2003-12-26,0.6000099182128906,0.6000099182128906,0.0,1.0,False
2003-12-29,0.6184268593788147,0.6184268593788147,0.0,1.0,False
2003-12-30,0.6753001809120178,0.6753001809120178,0.0,1.0,False
2003-12-31,0.6136268377304077,0.6136268377304077,0.0,1.0,False
2004-01-02,0.6111961603164673,0.6111961603164673,0.0,1.0,False
2004-01-05,0.5647872090339661,0.5647872090339661,0.0,1.0,False
2004-01-06,0.6997103095054626,0.6997103095054626,0.0,1.0,False
2004-01-07,0.6698310971260071,0.6698310971260071,0.0,1.0,False
2004-01-08,0.5901874899864197,0.5901874899864197,0.0,1.0,False
2004-01-09,0.5615538358688354,0.5615538358688354,0.0,1.0,False
2004-01-12,0.5846796035766602,0.5846796035766602,0.0,1.0,False
2004-01-13,0.5962217450141907,0.5962217450141907,0.0,1.0,False
2004-01-14,0.6325505971908569,0.6325505971908569,0.0,1.0,False
2004-01-15,0.5586686730384827,0.5586686730384827,0.0,0.0,False
2004-01-16,0.5641716122627258,0.5641716122627258,0.0,1.0,False
2004-01-20,0.6282871961593628,0.6282871961593628,0.0,1.0,False
2004-01-21,0.6196868419647217,0.6196868419647217,0.0,1.0,False
2004-01-22,0.6030712723731995,0.6030712723731995,0.0,1.0,False
2004-01-23,0.6272343397140503,0.6272343397140503,0.0,1.0,False
2004-01-26,0.6231939196586609,0.6231939196586609,0.0,1.0,False
2004-01-27,0.6008806228637695,0.6008806228637695,0.0,0.8558101955476959,False
2004-01-28,0.5323942303657532,0.5323942303657532,0.0,0.0,False
2004-01-29,0.49308207631111145,0.49308207631111145,0.0,0.0,False
2004-01-30,0.5757738947868347,0.5757738947868347,0.0,0.7826157251073425,False
2004-02-02,0.6447571516036987,0.6447571516036987,0.0,0.7826157251073425,False
2004-02-03,0.6060091257095337,0.6060091257095337,0.0,0.7826157251073425,False
2004-02-04,0.6374379992485046,0.6374379992485046,0.0,0.7826157251073425,False
2004-02-05,0.703415036201477,0.703415036201477,0.0,0.7826157251073425,False
2004-02-06,0.7352267503738403,0.7352267503738403,0.0,0.7826157251073425,False
2004-02-09,0.7169972062110901,0.7169972062110901,0.0,0.9122521393666045,False
2004-02-10,0.5992326736450195,0.5992326736450195,0.0,0.9122521393666045,False
2004-02-11,0.6044222712516785,0.6044222712516785,0.0,0.9122521393666045,False
2004-02-12,0.6681454181671143,0.6681454181671143,0.0,0.9122521393666045,False
2004-02-13,0.6149937510490417,0.6149937510490417,0.0,0.9122521393666045,False
2004-02-17,0.5756246447563171,0.5756246447563171,0.0,0.9122521393666045,False
2004-02-18,0.5688027143478394,0.5688027143478394,0.0,0.9122521393666045,False
2004-02-19,0.5984658002853394,0.5984658002853394,0.0,0.9122521393666045,False
2004-02-20,0.57333904504776,0.57333904504776,0.0,0.9122521393666045,False
2004-02-23,0.5621287226676941,0.5621287226676941,0.0,0.9122521393666045,False
2004-02-24,0.6238680481910706,0.6238680481910706,0.0,0.9122521393666045,False
2004-02-25,0.5843989849090576,0.5843989849090576,0.0,0.9122521393666045,False
2004-02-26,0.5826680064201355,0.5826680064201355,0.0,0.9122521393666045,False
2004-02-27,0.599334180355072,0.599334180355072,0.0,0.9122521393666045,False
2004-03-01,0.627389132976532,0.627389132976532,0.0,0.9122521393666045,False
2004-03-02,0.5619115829467773,0.5619115829467773,0.0,0.9122521393666045,False
2004-03-03,0.5899822115898132,0.5899822115898132,0.0,0.9122521393666045,False
2004-03-04,0.6115691065788269,0.6115691065788269,0.0,0.9122521393666045,False
2004-03-05,0.5837984085083008,0.5837984085083008,0.0,0.9122521393666045,False
2004-03-08,0.5899601578712463,0.5899601578712463,0.0,0.9122521393666045,False
2004-03-09,0.5460761189460754,0.5460761189460754,0.0,0.0,False
2004-03-10,0.5755786299705505,0.5755786299705505,0.0,1.0,False
2004-03-11,0.57090163230896,0.57090163230896,0.0,1.0,False
2004-03-12,0.5434758067131042,0.5434758067131042,0.0,0.0,False
2004-03-15,0.5152673125267029,0.5152673125267029,0.0,0.0,False
2004-03-16,0.5062726140022278,0.5062726140022278,0.0,0.0,False
2004-03-17,0.5545297861099243,0.5545297861099243,0.0,0.0,False
2004-03-18,0.5229184627532959,0.5229184627532959,0.0,0.0,False
2004-03-19,0.5724809765815735,0.5724809765815735,0.0,1.0,False
2004-03-22,0.63238126039505,0.63238126039505,0.0,1.0,False
2004-03-23,0.6297143697738647,0.6297143697738647,0.0,1.0,False
2004-03-24,0.5625560283660889,0.5625560283660889,0.0,1.0,False
2004-03-25,0.5939174890518188,0.5939174890518188,0.0,0.8150688914316089,False
2004-03-26,0.6070812344551086,0.6070812344551086,0.0,0.8150688914316089,False
2004-03-29,0.6160725951194763,0.6160725951194763,0.0,0.8150688914316089,False
2004-03-30,0.5617988705635071,0.5617988705635071,0.0,0.8150688914316089,False
2004-03-31,0.5867692232131958,0.5867692232131958,0.0,0.8150688914316089,False
2004-04-01,0.6641283631324768,0.6641283631324768,0.0,0.8150688914316089,False
2004-04-02,0.43634676933288574,0.43634676933288574,0.0,0.0,False
2004-04-05,0.5362849831581116,0.5362849831581116,0.0,0.0,False
2004-04-06,0.5229121446609497,0.5229121446609497,0.0,0.0,False
2004-04-07,0.5212172865867615,0.5212172865867615,0.0,0.0,False
2004-04-08,0.49700668454170227,0.49700668454170227,0.0,0.0,False
2004-04-12,0.6148648858070374,0.6148648858070374,0.0,0.7420876641326004,False
2004-04-13,0.5880784392356873,0.5880784392356873,0.0,0.7420876641326004,False
2004-04-14,0.5688493847846985,0.5688493847846985,0.0,0.7420876641326004,False
2004-04-15,0.512886106967926,0.512886106967926,0.0,0.0,False
2004-04-16,0.5369824767112732,0.5369824767112732,0.0,0.0,False
2004-04-19,0.5404700636863708,0.5404700636863708,0.0,0.0,False
2004-04-20,0.5555645227432251,0.5555645227432251,0.0,0.0,False
2004-04-21,0.5592792630195618,0.5592792630195618,0.0,0.0,False
2004-04-22,0.5133427381515503,0.5133427381515503,0.0,0.0,False
2004-04-23,0.6138139367103577,0.6138139367103577,0.0,0.5488054105846436,False
2004-04-26,0.5375229716300964,0.5375229716300964,0.0,0.0,False
2004-04-27,0.5211043357849121,0.5211043357849121,0.0,0.0,False
2004-04-28,0.5998223423957825,0.5998223423957825,0.0,0.5138791424272675,False
2004-04-29,0.5214511156082153,0.5214511156082153,0.0,0.0,False
2004-04-30,0.6473815441131592,0.6473815441131592,0.0,0.510299816294962,False
2004-05-03,0.525750994682312,0.525750994682312,0.0,0.0,False
2004-05-04,0.5750612616539001,0.5750612616539001,0.0,0.5450055083724592,False
2004-05-05,0.48211532831192017,0.48211532831192017,0.0,0.0,False
2004-05-06,0.48986300826072693,0.48986300826072693,0.0,0.0,False
2004-05-07,0.5676969885826111,0.5676969885826111,0.0,0.5401157560871866,False
2004-05-10,0.4567493200302124,0.4567493200302124,0.0,0.0,False
2004-05-11,0.42239654064178467,0.42239654064178467,0.0,0.0,False
2004-05-12,0.48218461871147156,0.48218461871147156,0.0,0.0,False
2004-05-13,0.47349798679351807,0.47349798679351807,0.0,0.0,False
2004-05-14,0.5625075101852417,0.5625075101852417,0.0,0.5440650370572506,False
2004-05-17,0.5116035342216492,0.5116035342216492,0.0,0.0,False
2004-05-18,0.4842741787433624,0.4842741787433624,0.0,0.0,False
2004-05-19,0.5565564036369324,0.5565564036369324,0.0,0.0,False
2004-05-20,0.4790673851966858,0.4790673851966858,0.0,0.0,False
2004-05-21,0.5524857640266418,0.5524857640266418,0.0,0.0,False
2004-05-24,0.5493783354759216,0.5493783354759216,0.0,0.0,False
2004-05-25,0.5561875700950623,0.5561875700950623,0.0,0.0,False
2004-05-26,0.5305236577987671,0.5305236577987671,0.0,0.0,False
2004-05-27,0.5385198593139648,0.5385198593139648,0.0,0.0,False
2004-05-28,0.5520772337913513,0.5520772337913513,0.0,0.0,False
2004-06-01,0.5432485938072205,0.5432485938072205,0.0,0.0,False
2004-06-02,0.6042163372039795,0.6042163372039795,0.0,1.0,False
2004-06-03,0.6241519451141357,0.6241519451141357,0.0,1.0,False
2004-06-04,0.5994879007339478,0.5994879007339478,0.0,1.0,False
2004-06-07,0.5002248287200928,0.5002248287200928,0.0,0.0,False
2004-06-08,0.5315442681312561,0.5315442681312561,0.0,0.0,False
2004-06-09,0.6023566722869873,0.6023566722869873,0.0,1.0,False
2004-06-10,0.5609073042869568,0.5609073042869568,0.0,1.0,False
2004-06-14,0.4817609190940857,0.4817609190940857,0.0,0.0,False
2004-06-15,0.5455660223960876,0.5455660223960876,0.0,0.0,False
2004-06-16,0.5275038480758667,0.5275038480758667,0.0,0.0,False
2004-06-17,0.4663779139518738,0.4663779139518738,0.0,0.0,False
2004-06-18,0.5785409808158875,0.5785409808158875,0.0,1.0,False
2004-06-21,0.5694463849067688,0.5694463849067688,0.0,1.0,False
2004-06-22,0.49514779448509216,0.49514779448509216,0.0,0.0,False
2004-06-23,0.5328687429428101,0.5328687429428101,0.0,0.0,False
2004-06-24,0.49123379588127136,0.49123379588127136,0.0,0.0,False
2004-06-25,0.5117484927177429,0.5117484927177429,0.0,0.0,False
2004-06-28,0.6404774785041809,0.6404774785041809,0.0,1.0,False
2004-06-29,0.5240858197212219,0.5240858197212219,0.0,0.0,False
2004-06-30,0.4887421429157257,0.4887421429157257,0.0,0.0,False
2004-07-01,0.4838016629219055,0.4838016629219055,0.0,0.0,False
2004-07-02,0.47128525376319885,0.47128525376319885,0.0,0.0,False
2004-07-06,0.5055307745933533,0.5055307745933533,0.0,0.0,False
2004-07-07,0.6242179274559021,0.6242179274559021,0.0,0.9949877442372439,False
2004-07-08,0.5682594776153564,0.5682594776153564,0.0,0.9949877442372439,False
2004-07-09,0.515417754650116,0.515417754650116,0.0,0.0,False
2004-07-12,0.5068950057029724,0.5068950057029724,0.0,0.0,False
2004-07-13,0.47484031319618225,0.47484031319618225,0.0,0.0,False
2004-07-14,0.552950918674469,0.552950918674469,0.0,0.0,False
2004-07-15,0.46263718605041504,0.46263718605041504,0.0,0.0,False
2004-07-16,0.5554099082946777,0.5554099082946777,0.0,0.0,False
2004-07-19,0.548623263835907,0.548623263835907,0.0,0.0,False
2004-07-20,0.5846459269523621,0.5846459269523621,0.0,0.8840787897591966,False
2004-07-21,0.5643291473388672,0.5643291473388672,0.0,0.8840787897591966,False
2004-07-22,0.5202913284301758,0.5202913284301758,0.0,0.0,False
2004-07-23,0.4058379828929901,0.4058379828929901,0.0,0.0,False
2004-07-26,0.5620608329772949,0.5620608329772949,0.0,0.641274900019735,False
2004-07-27,0.5707513093948364,0.5707513093948364,0.0,0.641274900019735,False
2004-07-28,0.5204654932022095,0.5204654932022095,0.0,0.0,False
2004-07-29,0.5228360295295715,0.5228360295295715,0.0,0.0,False
2004-07-30,0.5265903472900391,0.5265903472900391,0.0,0.0,False
2004-08-02,0.5770962238311768,0.5770962238311768,0.0,0.6476185624254709,False
2004-08-03,0.5621240735054016,0.5621240735054016,0.0,0.6476185624254709,False
2004-08-04,0.4410187005996704,0.4410187005996704,0.0,0.0,False
2004-08-05,0.6253499984741211,0.6253499984741211,0.0,0.6509311403168819,False
2004-08-06,0.6663041114807129,0.6663041114807129,0.0,0.6509311403168819,False
2004-08-09,0.6357596516609192,0.6357596516609192,0.0,0.6509311403168819,False
2004-08-10,0.5217199921607971,0.5217199921607971,0.0,0.0,False
2004-08-11,0.4382110834121704,0.4382110834121704,0.0,0.0,False
2004-08-12,0.5617225170135498,0.5617225170135498,0.0,0.6197953444299219,False
2004-08-13,0.5401998162269592,0.5401998162269592,0.0,0.0,False
2004-08-16,0.49750518798828125,0.49750518798828125,0.0,0.0,False
2004-08-17,0.47812753915786743,0.47812753915786743,0.0,0.0,False
2004-08-18,0.5812791585922241,0.5812791585922241,0.0,0.6866824340522862,False
2004-08-19,0.5347921848297119,0.5347921848297119,0.0,0.0,False
2004-08-20,0.5153633952140808,0.5153633952140808,0.0,0.0,False
2004-08-23,0.5656126737594604,0.5656126737594604,0.0,0.890948417157443,False
2004-08-24,0.5457967519760132,0.5457967519760132,0.0,0.0,False
2004-08-25,0.5885873436927795,0.5885873436927795,0.0,0.8703344164032268,False
2004-08-26,0.5726374983787537,0.5726374983787537,0.0,0.8703344164032268,False
2004-08-27,0.6244169473648071,0.6244169473648071,0.0,0.8703344164032268,False
2004-08-30,0.567545473575592,0.567545473575592,0.0,0.8703344164032268,False
2004-08-31,0.5434718132019043,0.5434718132019043,0.0,0.0,False
2004-09-01,0.5677500367164612,0.5677500367164612,0.0,0.9050372560156809,False
2004-09-02,0.6141361594200134,0.6141361594200134,0.0,0.9050372560156809,False
2004-09-03,0.5416423082351685,0.5416423082351685,0.0,0.0,False
2004-09-07,0.5768511295318604,0.5768511295318604,0.0,0.9157874985092217,False
2004-09-08,0.5146892666816711,0.5146892666816711,0.0,0.0,False
2004-09-09,0.5146892666816711,0.5146892666816711,0.0,0.0,False
2004-09-10,0.5672508478164673,0.5672508478164673,0.0,1.0,False
2004-09-13,0.6109048128128052,0.6109048128128052,0.0,1.0,False
2004-09-14,0.5857454538345337,0.5857454538345337,0.0,1.0,False
2004-09-15,0.5597971677780151,0.5597971677780151,0.0,0.0,False
2004-09-16,0.6023680567741394,0.6023680567741394,0.0,1.0,False
2004-09-17,0.6161311864852905,0.6161311864852905,0.0,1.0,False
2004-09-20,0.6115536689758301,0.6115536689758301,0.0,1.0,False
2004-09-21,0.5396863222122192,0.5396863222122192,0.0,0.0,False
2004-09-22,0.5776469111442566,0.5776469111442566,0.0,1.0,False
2004-09-23,0.6139160394668579,0.6139160394668579,0.0,1.0,False
2004-09-24,0.5814184546470642,0.5814184546470642,0.0,1.0,False
2004-09-27,0.5150484442710876,0.5150484442710876,0.0,0.0,False
2004-09-28,0.5934831500053406,0.5934831500053406,0.0,1.0,False
2004-09-29,0.6023238897323608,0.6023238897323608,0.0,1.0,False
2004-09-30,0.6555105447769165,0.6555105447769165,0.0,1.0,False
2004-10-01,0.6818325519561768,0.6818325519561768,0.0,1.0,False
2004-10-04,0.6321085095405579,0.6321085095405579,0.0,1.0,False
2004-10-05,0.6281542181968689,0.6281542181968689,0.0,1.0,False
2004-10-06,0.659447968006134,0.659447968006134,0.0,1.0,False
2004-10-07,0.6178758144378662,0.6178758144378662,0.0,1.0,False
2004-10-08,0.601028323173523,0.601028323173523,0.0,1.0,True
2004-10-11,0.6388427019119263,0.6388427019119263,0.0,1.0,True
2004-10-12,0.5929418206214905,0.5929418206214905,0.0,1.0,True
2004-10-13,0.6569029688835144,0.6569029688835144,0.0,1.0,True
2004-10-14,0.6721130609512329,0.6721130609512329,0.0,1.0,True
2004-10-15,0.5998916029930115,0.5998916029930115,0.0,1.0,True
2004-10-18,0.6261763572692871,0.6261763572692871,0.0,1.0,True
2004-10-19,0.6004380583763123,0.6004380583763123,0.0,1.0,True
2004-10-20,0.672761857509613,0.672761857509613,0.0,1.0,True
2004-10-21,0.6075134873390198,0.6075134873390198,0.0,1.0,True
2004-10-22,0.553173840045929,0.553173840045929,0.0,0.0,True
2004-10-25,0.49020251631736755,0.49020251631736755,0.0,0.0,True
2004-10-26,0.5170629024505615,0.5170629024505615,0.0,0.0,True
2004-10-27,0.5689769983291626,0.5689769983291626,0.0,0.810787331287856,True
2004-10-28,0.561084508895874,0.561084508895874,0.0,0.810787331287856,True
2004-10-29,0.5456490516662598,0.5456490516662598,0.0,0.0,True
2004-11-01,0.558819591999054,0.558819591999054,0.0,0.0,True
2004-11-02,0.5961886644363403,0.5961886644363403,0.0,0.9000287980278286,True
2004-11-03,0.629338264465332,0.629338264465332,0.0,0.9000287980278286,True
2004-11-04,0.6314365267753601,0.6314365267753601,0.0,0.9000287980278286,True
2004-11-05,0.6363028287887573,0.6363028287887573,0.0,0.9000287980278286,True
2004-11-08,0.6116207838058472,0.6116207838058472,0.0,0.9000287980278286,True
2004-11-09,0.5091184377670288,0.5091184377670288,0.0,0.0,True
2004-11-10,0.5803149938583374,0.5803149938583374,0.0,0.8256763999974206,True
2004-11-11,0.50685054063797,0.50685054063797,0.0,0.0,True
2004-11-12,0.5531887412071228,0.5531887412071228,0.0,0.0,True
2004-11-15,0.5481978058815002,0.5481978058815002,0.0,0.0,True
2004-11-16,0.5622135400772095,0.5622135400772095,0.0,0.8199686667736585,True
2004-11-17,0.5842873454093933,0.5842873454093933,0.0,0.8199686667736585,True
2004-11-18,0.63963782787323,0.63963782787323,0.0,0.8199686667736585,True
2004-11-19,0.4915759563446045,0.4915759563446045,0.0,0.0,True
2004-11-22,0.6936755180358887,0.6936755180358887,0.0,1.0,True
2004-11-23,0.6000624299049377,0.6000624299049377,0.0,1.0,True
2004-11-24,0.6873508095741272,0.6873508095741272,0.0,1.0,True
2004-11-26,0.6467101573944092,0.6467101573944092,0.0,1.0,True
2004-11-29,0.6119639277458191,0.6119639277458191,0.0,1.0,True
2004-11-30,0.6267762780189514,0.6267762780189514,0.0,1.0,True
2004-12-01,0.5286415815353394,0.5286415815353394,0.0,0.0,True
2004-12-02,0.5626791715621948,0.5626791715621948,0.0,1.0,True
2004-12-03,0.5780475735664368,0.5780475735664368,0.0,1.0,True
2004-12-06,0.5912253260612488,0.5912253260612488,0.0,1.0,True
2004-12-07,0.5579961538314819,0.5579961538314819,0.0,0.0,True
2004-12-08,0.5906636714935303,0.5906636714935303,0.0,1.0,True
2004-12-09,0.5673890113830566,0.5673890113830566,0.0,1.0,True
2004-12-10,0.6192368865013123,0.6192368865013123,0.0,1.0,True
2004-12-13,0.5639227628707886,0.5639227628707886,0.0,1.0,True
2004-12-14,0.589139461517334,0.589139461517334,0.0,1.0,True
2004-12-15,0.6176665425300598,0.6176665425300598,0.0,1.0,True
2004-12-16,0.6100117564201355,0.6100117564201355,0.0,1.0,True
2004-12-17,0.6079629063606262,0.6079629063606262,0.0,1.0,True
2004-12-20,0.7268292903900146,0.7268292903900146,0.0,1.0,True
2004-12-21,0.6132804155349731,0.6132804155349731,0.0,1.0,True
2004-12-22,0.6352452635765076,0.6352452635765076,0.0,1.0,True
2004-12-23,0.6628878712654114,0.6628878712654114,0.0,1.0,True
2004-12-27,0.706884503364563,0.706884503364563,0.0,1.0,True
2004-12-28,0.6880341172218323,0.6880341172218323,0.0,1.0,True
2004-12-29,0.7249962687492371,0.7249962687492371,0.0,1.0,True
2004-12-30,0.6745450496673584,0.6745450496673584,0.0,1.0,True
2004-12-31,0.6869382858276367,0.6869382858276367,0.0,1.0,True
2005-01-03,0.6882163882255554,0.6882163882255554,0.0,1.0,True
2005-01-04,0.6715509295463562,0.6715509295463562,0.0,1.0,True
2005-01-05,0.6702679991722107,0.6702679991722107,0.0,1.0,True
2005-01-06,0.6872015595436096,0.6872015595436096,0.0,1.0,True
2005-01-07,0.6539182066917419,0.6539182066917419,0.0,1.0,True
2005-01-10,0.6601283550262451,0.6601283550262451,0.0,1.0,True
2005-01-11,0.6415150165557861,0.6415150165557861,0.0,1.0,True
2005-01-12,0.6500251889228821,0.6500251889228821,0.0,1.0,True
2005-01-13,0.5367597341537476,0.5367597341537476,0.0,0.0,True
2005-01-14,0.4511967599391937,0.4511967599391937,0.0,0.0,True
2005-01-18,0.4983355700969696,0.4983355700969696,0.0,0.0,True
2005-01-19,0.5049719214439392,0.5049719214439392,0.0,0.0,True
2005-01-20,0.4453759491443634,0.4453759491443634,0.0,0.0,True
2005-01-21,0.4416320323944092,0.4416320323944092,0.0,0.0,True
2005-01-24,0.3883930444717407,0.3883930444717407,0.0,0.0,True
2005-01-25,0.5058521628379822,0.5058521628379822,0.0,0.0,True
2005-01-26,0.5586128830909729,0.5586128830909729,0.0,0.0,True
2005-01-27,0.5260427594184875,0.5260427594184875,0.0,0.0,True
2005-01-28,0.5928995609283447,0.5928995609283447,0.0,1.0,True
2005-01-31,0.5798820853233337,0.5798820853233337,0.0,1.0,True
2005-02-01,0.6972711086273193,0.6972711086273193,0.0,1.0,True
2005-02-02,0.6874955892562866,0.6874955892562866,0.0,1.0,True
2005-02-03,0.5664753317832947,0.5664753317832947,0.0,1.0,True
2005-02-04,0.5234249234199524,0.5234249234199524,0.0,0.0,True
2005-02-07,0.516838550567627,0.516838550567627,0.0,0.0,True
2005-02-08,0.5003596544265747,0.5003596544265747,0.0,0.0,True
2005-02-09,0.46229276061058044,0.46229276061058044,0.0,0.0,True
2005-02-10,0.5639060735702515,0.5639060735702515,0.0,1.0,True
2005-02-11,0.6228353381156921,0.6228353381156921,0.0,1.0,True
2005-02-14,0.5907914638519287,0.5907914638519287,0.0,1.0,True
2005-02-15,0.5613701343536377,0.5613701343536377,0.0,1.0,True
2005-02-16,0.4940025508403778,0.4940025508403778,0.0,0.0,True
2005-02-17,0.5870803594589233,0.5870803594589233,0.0,1.0,True
2005-02-18,0.6031989455223083,0.6031989455223083,0.0,1.0,True
2005-02-22,0.4074784517288208,0.4074784517288208,0.0,0.0,True
2005-02-23,0.41499558091163635,0.41499558091163635,0.0,0.0,True
2005-02-24,0.3506072461605072,0.3506072461605072,0.0,0.0,True
2005-02-25,0.3607655465602875,0.3607655465602875,0.0,0.0,True
2005-02-28,0.3090125620365143,0.3090125620365143,0.0,0.0,True
2005-03-01,0.31572026014328003,0.31572026014328003,0.0,0.0,True
2005-03-02,0.2715733051300049,0.2715733051300049,0.0,0.0,True
2005-03-03,0.23615029454231262,0.23615029454231262,0.0,0.0,True
2005-03-04,0.2249540388584137,0.2249540388584137,0.0,0.0,True
2005-03-07,0.3814087510108948,0.3814087510108948,0.0,0.0,True
2005-03-08,0.29952937364578247,0.29952937364578247,0.0,0.0,True
2005-03-09,0.2972659468650818,0.2972659468650818,0.0,0.0,True
2005-03-10,0.2859403192996979,0.2859403192996979,0.0,0.0,True
2005-03-11,0.30749383568763733,0.30749383568763733,0.0,0.0,True
2005-03-14,0.2683693766593933,0.2683693766593933,0.0,0.0,True
2005-03-15,0.259901225566864,0.259901225566864,0.0,0.0,True
2005-03-16,0.27224498987197876,0.27224498987197876,0.0,0.0,True
2005-03-17,0.2926676571369171,0.2926676571369171,0.0,0.0,True
2005-03-18,0.3540121614933014,0.3540121614933014,0.0,0.0,True
2005-03-21,0.3186224400997162,0.3186224400997162,0.0,0.0,True
2005-03-22,0.3704749643802643,0.3704749643802643,0.0,0.0,True
2005-03-23,0.2976249158382416,0.2976249158382416,0.0,0.0,True
2005-03-24,0.2297241985797882,0.2297241985797882,0.0,0.0,True
2005-03-28,0.2224096804857254,0.2224096804857254,0.0,0.0,True
2005-03-29,0.28898555040359497,0.28898555040359497,0.0,0.0,True
2005-03-30,0.2662303149700165,0.2662303149700165,0.0,0.0,True
2005-03-31,0.26252076029777527,0.26252076029777527,0.0,0.0,True
2005-04-01,0.26252076029777527,0.26252076029777527,0.0,0.0,True
2005-04-04,0.3713095188140869,0.3713095188140869,0.0,0.0,True
2005-04-05,0.3189973533153534,0.3189973533153534,0.0,0.0,True
2005-04-06,0.4427758455276489,0.4427758455276489,0.0,0.0,True
2005-04-07,0.45209991931915283,0.45209991931915283,0.0,0.0,True
2005-04-08,0.39250311255455017,0.39250311255455017,0.0,0.0,True
2005-04-11,0.45094791054725647,0.45094791054725647,0.0,0.0,True
2005-04-12,0.5097119808197021,0.5097119808197021,0.0,0.0,True
2005-04-13,0.5432474613189697,0.5432474613189697,0.0,0.0,True
2005-04-14,0.40429332852363586,0.40429332852363586,0.0,0.0,True
2005-04-15,0.5068072080612183,0.5068072080612183,0.0,0.0,True
2005-04-18,0.47040730714797974,0.47040730714797974,0.0,0.0,True
2005-04-19,0.4854242205619812,0.4854242205619812,0.0,0.0,True
2005-04-20,0.5230129957199097,0.5230129957199097,0.0,0.0,True
2005-04-21,0.5445749163627625,0.5445749163627625,0.0,0.0,True
2005-04-22,0.5044231414794922,0.5044231414794922,0.0,0.0,True
2005-04-25,0.49783268570899963,0.49783268570899963,0.0,0.0,True
2005-04-26,0.5460216999053955,0.5460216999053955,0.0,0.0,True
2005-04-27,0.5412070751190186,0.5412070751190186,0.0,0.0,True
2005-04-28,0.5350996851921082,0.5350996851921082,0.0,0.0,True
2005-04-29,0.5313133001327515,0.5313133001327515,0.0,0.0,True
2005-05-02,0.5359998941421509,0.5359998941421509,0.0,0.0,True
2005-05-03,0.5086888074874878,0.5086888074874878,0.0,0.0,True
2005-05-04,0.4593547582626343,0.4593547582626343,0.0,0.0,True
2005-05-05,0.4761292040348053,0.4761292040348053,0.0,0.0,True
2005-05-06,0.6193170547485352,0.6193170547485352,0.0,0.6178332604343015,True
2005-05-09,0.6228765845298767,0.6228765845298767,0.0,0.6178332604343015,True
2005-05-10,0.594217836856842,0.594217836856842,0.0,0.6178332604343015,True
2005-05-11,0.6054642796516418,0.6054642796516418,0.0,0.6178332604343015,True
2005-05-12,0.5874545574188232,0.5874545574188232,0.0,0.6178332604343015,True
2005-05-13,0.5922441482543945,0.5922441482543945,0.0,0.6178332604343015,True
2005-05-16,0.6241201758384705,0.6241201758384705,0.0,0.6178332604343015,True
2005-05-17,0.561627209186554,0.561627209186554,0.0,0.6178332604343015,True
2005-05-18,0.563166081905365,0.563166081905365,0.0,0.6178332604343015,True
2005-05-19,0.5908313989639282,0.5908313989639282,0.0,0.8174891861103355,True
2005-05-20,0.6263150572776794,0.6263150572776794,0.0,0.8174891861103355,True
2005-05-23,0.6355575919151306,0.6355575919151306,0.0,0.8174891861103355,True
2005-05-24,0.6264997124671936,0.6264997124671936,0.0,0.8174891861103355,True
2005-05-25,0.6624718904495239,0.6624718904495239,0.0,0.8174891861103355,True
2005-05-26,0.617687463760376,0.617687463760376,0.0,0.9843453396691757,True
2005-05-27,0.30644264817237854,0.30644264817237854,0.0,0.0,True
2005-05-31,0.2690030336380005,0.2690030336380005,0.0,0.0,True
2005-06-01,0.30021747946739197,0.30021747946739197,0.0,0.0,True
2005-06-02,0.30773741006851196,0.30773741006851196,0.0,0.0,True
2005-06-03,0.49906855821609497,0.49906855821609497,0.0,0.0,True
2005-06-06,0.4883786141872406,0.4883786141872406,0.0,0.0,True
2005-06-07,0.5578281283378601,0.5578281283378601,0.0,0.0,True
2005-06-08,0.5215981006622314,0.5215981006622314,0.0,0.0,True
2005-06-09,0.5306111574172974,0.5306111574172974,0.0,0.0,True
2005-06-10,0.5894328355789185,0.5894328355789185,0.0,1.0,True
2005-06-13,0.30793455243110657,0.30793455243110657,0.0,0.0,True
2005-06-14,0.28960415720939636,0.28960415720939636,0.0,0.0,True
2005-06-15,0.3560127019882202,0.3560127019882202,0.0,0.0,True
2005-06-16,0.4081152677536011,0.4081152677536011,0.0,0.0,True
2005-06-17,0.30617114901542664,0.30617114901542664,0.0,0.0,True
2005-06-20,0.29471051692962646,0.29471051692962646,0.0,0.0,True
2005-06-21,0.2707902491092682,0.2707902491092682,0.0,0.0,True
2005-06-22,0.2624095678329468,0.2624095678329468,0.0,0.0,True
2005-06-23,0.3233117163181305,0.3233117163181305,0.0,0.0,True
2005-06-24,0.25946223735809326,0.25946223735809326,0.0,0.0,True
2005-06-27,0.28718578815460205,0.28718578815460205,0.0,0.0,True
2005-06-28,0.29306232929229736,0.29306232929229736,0.0,0.0,True
2005-06-29,0.2930142879486084,0.2930142879486084,0.0,0.0,True
2005-06-30,0.28974753618240356,0.28974753618240356,0.0,0.0,True
2005-07-01,0.3139277398586273,0.3139277398586273,0.0,0.0,True
2005-07-05,0.3248656094074249,0.3248656094074249,0.0,0.0,True
2005-07-06,0.3179612457752228,0.3179612457752228,0.0,0.0,True
2005-07-07,0.29565364122390747,0.29565364122390747,0.0,0.0,True
2005-07-08,0.5732595324516296,0.5732595324516296,0.0,1.0,True
2005-07-11,0.552689790725708,0.552689790725708,0.0,0.0,True
2005-07-12,0.5515198111534119,0.5515198111534119,0.0,0.0,True
2005-07-13,0.5392119288444519,0.5392119288444519,0.0,0.0,True
2005-07-14,0.4926098585128784,0.4926098585128784,0.0,0.0,True
2005-07-15,0.5464727878570557,0.5464727878570557,0.0,0.0,True
2005-07-18,0.5566273331642151,0.5566273331642151,0.0,0.0,True
2005-07-19,0.5310741066932678,0.5310741066932678,0.0,0.0,True
2005-07-20,0.4907638132572174,0.4907638132572174,0.0,0.0,True
2005-07-21,0.5340763330459595,0.5340763330459595,0.0,0.0,True
2005-07-22,0.6073237061500549,0.6073237061500549,0.0,0.7792453310773279,True
2005-07-25,0.566541850566864,0.566541850566864,0.0,0.7792453310773279,True
2005-07-26,0.5583509802818298,0.5583509802818298,0.0,0.0,True
2005-07-27,0.5505533218383789,0.5505533218383789,0.0,0.0,True
2005-07-28,0.562781035900116,0.562781035900116,0.0,0.7869869596496518,True
2005-07-29,0.6150921583175659,0.6150921583175659,0.0,0.7869869596496518,True
2005-08-01,0.6300938725471497,0.6300938725471497,0.0,0.7869869596496518,True
2005-08-02,0.5802892446517944,0.5802892446517944,0.0,0.6844011814164392,True
2005-08-03,0.5645350813865662,0.5645350813865662,0.0,0.6844011814164392,True
2005-08-04,0.48706260323524475,0.48706260323524475,0.0,0.0,True
2005-08-05,0.5028213262557983,0.5028213262557983,0.0,0.0,True
2005-08-08,0.5391963124275208,0.5391963124275208,0.0,0.0,True
2005-08-09,0.495462030172348,0.495462030172348,0.0,0.0,True
2005-08-10,0.5577778816223145,0.5577778816223145,0.0,0.0,True
2005-08-11,0.5131203532218933,0.5131203532218933,0.0,0.0,True
2005-08-12,0.4749770760536194,0.4749770760536194,0.0,0.0,True
2005-08-15,0.5885003209114075,0.5885003209114075,0.0,0.6290028496192203,True
2005-08-16,0.5383929014205933,0.5383929014205933,0.0,0.0,True
2005-08-17,0.553951621055603,0.553951621055603,0.0,0.0,True
2005-08-18,0.5494955778121948,0.5494955778121948,0.0,0.0,True
2005-08-19,0.5144167542457581,0.5144167542457581,0.0,0.0,True
2005-08-22,0.5169525742530823,0.5169525742530823,0.0,0.0,True
2005-08-23,0.5119004845619202,0.5119004845619202,0.0,0.0,True
2005-08-24,0.49273404479026794,0.49273404479026794,0.0,0.0,True
2005-08-25,0.5350282788276672,0.5350282788276672,0.0,0.0,True
2005-08-26,0.5403950214385986,0.5403950214385986,0.0,0.0,True
2005-08-29,0.5055633783340454,0.5055633783340454,0.0,0.0,True
2005-08-30,0.5299312472343445,0.5299312472343445,0.0,0.0,True
2005-08-31,0.5675426721572876,0.5675426721572876,0.0,0.9618501688370866,True
2005-09-01,0.6027397513389587,0.6027397513389587,0.0,0.9618501688370866,True
2005-09-02,0.5052815079689026,0.5052815079689026,0.0,0.0,True
2005-09-06,0.46176639199256897,0.46176639199256897,0.0,0.0,True
2005-09-07,0.4647870659828186,0.4647870659828186,0.0,0.0,True
2005-09-08,0.39534419775009155,0.39534419775009155,0.0,0.0,True
2005-09-09,0.26228535175323486,0.26228535175323486,0.0,0.0,True
2005-09-12,0.1903141289949417,0.1903141289949417,0.0,0.0,True
2005-09-13,0.38771048188209534,0.38771048188209534,0.0,0.0,True
2005-09-14,0.406310498714447,0.406310498714447,0.0,0.0,True
2005-09-15,0.4667756259441376,0.4667756259441376,0.0,0.0,True
2005-09-16,0.49606218934059143,0.49606218934059143,0.0,0.0,True
2005-09-19,0.5209903120994568,0.5209903120994568,0.0,0.0,True
2005-09-20,0.5572103261947632,0.5572103261947632,0.0,0.0,True
2005-09-21,0.5779131650924683,0.5779131650924683,0.0,1.0,True
2005-09-22,0.5525946021080017,0.5525946021080017,0.0,0.0,True
2005-09-23,0.5598569512367249,0.5598569512367249,0.0,0.0,True
2005-09-26,0.5429909229278564,0.5429909229278564,0.0,0.0,True
2005-09-27,0.4880990982055664,0.4880990982055664,0.0,0.0,True
2005-09-28,0.5139251947402954,0.5139251947402954,0.0,0.0,True
2005-09-29,0.32447487115859985,0.32447487115859985,0.0,0.0,True
2005-09-30,0.32462379336357117,0.32462379336357117,0.0,0.0,True
2005-10-03,0.4424057602882385,0.4424057602882385,0.0,0.0,True
2005-10-04,0.41707512736320496,0.41707512736320496,0.0,0.0,True
2005-10-05,0.4788816273212433,0.4788816273212433,0.0,0.0,True
2005-10-06,0.47173812985420227,0.47173812985420227,0.0,0.0,True
2005-10-07,0.4549643397331238,0.4549643397331238,0.0,0.0,True
2005-10-10,0.42512011528015137,0.42512011528015137,0.0,0.0,True
2005-10-11,0.5184017419815063,0.5184017419815063,0.0,0.0,True
2005-10-12,0.5752004981040955,0.5752004981040955,0.0,1.0,True
2005-10-13,0.5575461387634277,0.5575461387634277,0.0,0.0,True
2005-10-14,0.5131109952926636,0.5131109952926636,0.0,0.0,True
2005-10-17,0.5443370342254639,0.5443370342254639,0.0,0.0,True
2005-10-18,0.542585015296936,0.542585015296936,0.0,0.0,True
2005-10-19,0.6286938786506653,0.6286938786506653,0.0,0.98163220081929,True
2005-10-20,0.6201139688491821,0.6201139688491821,0.0,0.98163220081929,True
2005-10-21,0.5783816576004028,0.5783816576004028,0.0,0.98163220081929,True
2005-10-24,0.6030108332633972,0.6030108332633972,0.0,0.98163220081929,True
2005-10-25,0.5574527978897095,0.5574527978897095,0.0,0.0,True
2005-10-26,0.6166442632675171,0.6166442632675171,0.0,0.9556067799120678,True
2005-10-27,0.621783971786499,0.621783971786499,0.0,0.9556067799120678,True
2005-10-28,0.5225922465324402,0.5225922465324402,0.0,0.0,True
2005-10-31,0.441975474357605,0.441975474357605,0.0,0.0,True
2005-11-01,0.4349411725997925,0.4349411725997925,0.0,0.0,True
2005-11-02,0.4378609359264374,0.4378609359264374,0.0,0.0,True
2005-11-03,0.4046627879142761,0.4046627879142761,0.0,0.0,True
2005-11-04,0.42195776104927063,0.42195776104927063,0.0,0.0,True
2005-11-07,0.3884190022945404,0.3884190022945404,0.0,0.0,True
2005-11-08,0.5042357444763184,0.5042357444763184,0.0,0.0,True
2005-11-09,0.5060116648674011,0.5060116648674011,0.0,0.0,True
2005-11-10,0.4917583167552948,0.4917583167552948,0.0,0.0,True
2005-11-11,0.5080752372741699,0.5080752372741699,0.0,0.0,True
2005-11-14,0.49116459488868713,0.49116459488868713,0.0,0.0,True
2005-11-15,0.4876268208026886,0.4876268208026886,0.0,0.0,True
2005-11-16,0.49076518416404724,0.49076518416404724,0.0,0.0,True
2005-11-17,0.42838266491889954,0.42838266491889954,0.0,0.0,True
2005-11-18,0.41278210282325745,0.41278210282325745,0.0,0.0,True
2005-11-21,0.3628256320953369,0.3628256320953369,0.0,0.0,True
2005-11-22,0.4124186336994171,0.4124186336994171,0.0,0.0,True
2005-11-23,0.46732234954833984,0.46732234954833984,0.0,0.0,True
2005-11-25,0.5113743543624878,0.5113743543624878,0.0,0.0,True
2005-11-28,0.22736401855945587,0.22736401855945587,0.0,0.0,True
2005-11-29,0.24680764973163605,0.24680764973163605,0.0,0.0,True
2005-11-30,0.1622772067785263,0.1622772067785263,0.0,0.0,True
2005-12-01,0.20307764410972595,0.20307764410972595,0.0,0.0,True
2005-12-02,0.19286766648292542,0.19286766648292542,0.0,0.0,True
2005-12-05,0.19319961965084076,0.19319961965084076,0.0,0.0,True
2005-12-06,0.21572111546993256,0.21572111546993256,0.0,0.0,True
2005-12-07,0.22090747952461243,0.22090747952461243,0.0,0.0,True
2005-12-08,0.21609261631965637,0.21609261631965637,0.0,0.0,True
2005-12-09,0.1966538429260254,0.1966538429260254,0.0,0.0,True
2005-12-12,0.17145808041095734,0.17145808041095734,0.0,0.0,True
2005-12-13,0.27240312099456787,0.27240312099456787,0.0,0.0,True
2005-12-14,0.23460009694099426,0.23460009694099426,0.0,0.0,True
2005-12-15,0.2734328508377075,0.2734328508377075,0.0,0.0,True
2005-12-16,0.30621057748794556,0.30621057748794556,0.0,0.0,True
2005-12-19,0.2873455584049225,0.2873455584049225,0.0,0.0,True
2005-12-20,0.23880921304225922,0.23880921304225922,0.0,0.0,True
2005-12-21,0.25766634941101074,0.25766634941101074,0.0,0.0,True
2005-12-22,0.275412917137146,0.275412917137146,0.0,0.0,True
2005-12-23,0.23895534873008728,0.23895534873008728,0.0,0.0,True
2005-12-27,0.29418671131134033,0.29418671131134033,0.0,0.0,True
2005-12-28,0.30121031403541565,0.30121031403541565,0.0,0.0,True
2005-12-29,0.33696508407592773,0.33696508407592773,0.0,0.0,True
2005-12-30,0.40343207120895386,0.40343207120895386,0.0,0.0,True
2006-01-03,0.4862900972366333,0.4862900972366333,0.0,0.0,True
2006-01-04,0.49644723534584045,0.49644723534584045,0.0,0.0,True
2006-01-05,0.5143499970436096,0.5143499970436096,0.0,0.0,True
2006-01-06,0.5153806805610657,0.5153806805610657,0.0,0.0,True
2006-01-09,0.5652689933776855,0.5652689933776855,0.0,1.0,True
2006-01-10,0.5365206003189087,0.5365206003189087,0.0,0.0,True
2006-01-11,0.6050876975059509,0.6050876975059509,0.0,1.0,True
2006-01-12,0.574211597442627,0.574211597442627,0.0,1.0,True
2006-01-13,0.5484602451324463,0.5484602451324463,0.0,0.0,True
2006-01-17,0.5281524658203125,0.5281524658203125,0.0,0.0,True
2006-01-18,0.5595925450325012,0.5595925450325012,0.0,0.0,True
2006-01-19,0.5214808583259583,0.5214808583259583,0.0,0.0,True
2006-01-20,0.6419912576675415,0.6419912576675415,0.0,1.0,True
2006-01-23,0.6403031349182129,0.6403031349182129,0.0,1.0,True
2006-01-24,0.6117256879806519,0.6117256879806519,0.0,1.0,True
2006-01-25,0.5391890406608582,0.5391890406608582,0.0,0.0,True
2006-01-26,0.5892376899719238,0.5892376899719238,0.0,1.0,True
2006-01-27,0.5763945579528809,0.5763945579528809,0.0,0.661878480721529,True
2006-01-30,0.49066734313964844,0.49066734313964844,0.0,0.0,True
2006-01-31,0.5069726705551147,0.5069726705551147,0.0,0.0,True
2006-02-01,0.49051740765571594,0.49051740765571594,0.0,0.0,True
2006-02-02,0.5379677414894104,0.5379677414894104,0.0,0.0,True
2006-02-03,0.51724773645401,0.51724773645401,0.0,0.0,True
2006-02-06,0.6582052707672119,0.6582052707672119,0.0,0.6760973619411778,True
2006-02-07,0.7371810078620911,0.7371810078620911,0.0,0.6760973619411778,True
2006-02-08,0.6223171353340149,0.6223171353340149,0.0,0.6760973619411778,True
2006-02-09,0.6552808284759521,0.6552808284759521,0.0,0.6760973619411778,True
2006-02-10,0.5677476525306702,0.5677476525306702,0.0,0.6760973619411778,True
2006-02-13,0.6269900798797607,0.6269900798797607,0.0,0.6760973619411778,True
2006-02-14,0.5708541870117188,0.5708541870117188,0.0,0.6760973619411778,True
2006-02-15,0.5751810669898987,0.5751810669898987,0.0,0.6760973619411778,True
2006-02-16,0.5498618483543396,0.5498618483543396,0.0,0.0,True
2006-02-17,0.5650966763496399,0.5650966763496399,0.0,0.7033769159928559,True
2006-02-21,0.5399222373962402,0.5399222373962402,0.0,0.0,True
2006-02-22,0.592404842376709,0.592404842376709,0.0,0.6974108022548665,True
2006-02-23,0.5173680782318115,0.5173680782318115,0.0,0.0,True
2006-02-24,0.5350679755210876,0.5350679755210876,0.0,0.0,True
2006-02-27,0.5976572036743164,0.5976572036743164,0.0,1.0,True
2006-02-28,0.493936687707901,0.493936687707901,0.0,0.0,True
2006-03-01,0.5673730373382568,0.5673730373382568,0.0,1.0,True
2006-03-02,0.5542694330215454,0.5542694330215454,0.0,0.0,True
2006-03-03,0.5671735405921936,0.5671735405921936,0.0,1.0,True
2006-03-06,0.4832072854042053,0.4832072854042053,0.0,0.0,True
2006-03-07,0.4970230460166931,0.4970230460166931,0.0,0.0,True
2006-03-08,0.520728349685669,0.520728349685669,0.0,0.0,True
2006-03-09,0.5072810649871826,0.5072810649871826,0.0,0.0,True
2006-03-10,0.5288073420524597,0.5288073420524597,0.0,0.0,True
2006-03-13,0.5165027976036072,0.5165027976036072,0.0,0.0,True
2006-03-14,0.4451119899749756,0.4451119899749756,0.0,0.0,True
2006-03-15,0.43362197279930115,0.43362197279930115,0.0,0.0,True
2006-03-16,0.25008946657180786,0.25008946657180786,0.0,0.0,True
2006-03-17,0.25028470158576965,0.25028470158576965,0.0,0.0,True
2006-03-20,0.43461334705352783,0.43461334705352783,0.0,0.0,True
2006-03-21,0.4615882635116577,0.4615882635116577,0.0,0.0,True
2006-03-22,0.5724194049835205,0.5724194049835205,0.0,1.0,True
2006-03-23,0.5290477871894836,0.5290477871894836,0.0,0.0,True
2006-03-24,0.5884332656860352,0.5884332656860352,0.0,1.0,True
2006-03-27,0.5761410593986511,0.5761410593986511,0.0,1.0,True
2006-03-28,0.5598202347755432,0.5598202347755432,0.0,0.0,True
2006-03-29,0.5104616284370422,0.5104616284370422,0.0,0.0,True
2006-03-30,0.5567423701286316,0.5567423701286316,0.0,0.0,True
2006-03-31,0.5685652494430542,0.5685652494430542,0.0,1.0,True
2006-04-03,0.5948576331138611,0.5948576331138611,0.0,1.0,True
2006-04-04,0.6209326982498169,0.6209326982498169,0.0,1.0,True
2006-04-05,0.5778835415840149,0.5778835415840149,0.0,1.0,True
2006-04-06,0.5037034749984741,0.5037034749984741,0.0,0.0,True
2006-04-07,0.5697493553161621,0.5697493553161621,0.0,1.0,True
2006-04-10,0.5897828340530396,0.5897828340530396,0.0,1.0,True
2006-04-11,0.6111272573471069,0.6111272573471069,0.0,1.0,True
2006-04-12,0.6223481297492981,0.6223481297492981,0.0,1.0,True
2006-04-13,0.6242485046386719,0.6242485046386719,0.0,1.0,True
2006-04-17,0.6259381175041199,0.6259381175041199,0.0,1.0,True
2006-04-18,0.5914749503135681,0.5914749503135681,0.0,1.0,True
2006-04-19,0.5260134935379028,0.5260134935379028,0.0,0.0,True
2006-04-20,0.48943769931793213,0.48943769931793213,0.0,0.0,True
2006-04-21,0.3961962163448334,0.3961962163448334,0.0,0.0,True
2006-04-24,0.31031638383865356,0.31031638383865356,0.0,0.0,True
2006-04-25,0.24599741399288177,0.24599741399288177,0.0,0.0,True
2006-04-26,0.24089080095291138,0.24089080095291138,0.0,0.0,True
2006-04-27,0.21623151004314423,0.21623151004314423,0.0,0.0,True
2006-04-28,0.32825613021850586,0.32825613021850586,0.0,0.0,True
2006-05-01,0.3130376636981964,0.3130376636981964,0.0,0.0,True
2006-05-02,0.37999480962753296,0.37999480962753296,0.0,0.0,True
2006-05-03,0.4238628149032593,0.4238628149032593,1.0,0.0,True
2006-05-04,0.41270437836647034,0.41270437836647034,1.0,0.0,True
2006-05-05,0.508592963218689,0.508592963218689,1.0,0.0,True
2006-05-08,0.5543070435523987,0.5543070435523987,1.0,0.0,True
2006-05-09,0.5117259621620178,0.5117259621620178,1.0,0.0,True
2006-05-10,0.5078134536743164,0.5078134536743164,0.0,0.0,True
2006-05-11,0.5666531324386597,0.5666531324386597,1.0,0.3410496774809964,True
2006-05-12,0.5349348187446594,0.5349348187446594,1.0,0.0,True
2006-05-15,0.4656766653060913,0.4656766653060913,1.0,0.0,True
2006-05-16,0.5203371644020081,0.5203371644020081,1.0,0.0,True
2006-05-17,0.6213270425796509,0.6213270425796509,1.0,0.3448585743341261,True
2006-05-18,0.6478803157806396,0.6478803157806396,1.0,0.3448585743341261,True
2006-05-19,0.6574841141700745,0.6574841141700745,1.0,0.3448585743341261,True
2006-05-22,0.5285133719444275,0.5285133719444275,1.0,0.0,True
2006-05-23,0.4765174686908722,0.4765174686908722,1.0,0.0,True
2006-05-24,0.576683759689331,0.576683759689331,1.0,0.3251616229294844,True
2006-05-25,0.5224879384040833,0.5224879384040833,1.0,0.0,True
2006-05-26,0.46830013394355774,0.46830013394355774,0.0,0.0,True
2006-05-30,0.5628753304481506,0.5628753304481506,0.0,0.6157657660764909,True
2006-05-31,0.5059877038002014,0.5059877038002014,0.0,0.0,True
2006-06-01,0.574260413646698,0.574260413646698,0.0,0.6750024898212552,True
2006-06-02,0.5988274812698364,0.5988274812698364,0.0,0.6750024898212552,True
2006-06-05,0.5379013419151306,0.5379013419151306,0.0,0.0,True
2006-06-06,0.5861805081367493,0.5861805081367493,0.0,0.6912540498554378,True
2006-06-07,0.5845491886138916,0.5845491886138916,0.0,0.6912540498554378,True
2006-06-08,0.5801336765289307,0.5801336765289307,0.0,0.6912540498554378,True
2006-06-09,0.5918025374412537,0.5918025374412537,0.0,0.6912540498554378,True
2006-06-12,0.6329495310783386,0.6329495310783386,0.0,0.6912540498554378,True
2006-06-13,0.6242091059684753,0.6242091059684753,0.0,0.6912540498554378,True
2006-06-14,0.5414937734603882,0.5414937734603882,0.0,0.0,True
2006-06-15,0.5917431116104126,0.5917431116104126,0.0,0.6893667302424058,True
2006-06-16,0.6402704119682312,0.6402704119682312,0.0,0.6893667302424058,True
2006-06-19,0.6056877970695496,0.6056877970695496,0.0,0.6893667302424058,True
2006-06-20,0.5599610209465027,0.5599610209465027,0.0,0.0,True
2006-06-21,0.5024275779724121,0.5024275779724121,0.0,0.0,True
2006-06-22,0.4318081736564636,0.4318081736564636,0.0,0.0,True
2006-06-23,0.47712740302085876,0.47712740302085876,0.0,0.0,True
2006-06-26,0.4909699261188507,0.4909699261188507,0.0,0.0,True
2006-06-27,0.49595963954925537,0.49595963954925537,0.0,0.0,True
2006-06-28,0.5401049256324768,0.5401049256324768,0.0,0.0,True
2006-06-29,0.48508355021476746,0.48508355021476746,0.0,0.0,True
2006-06-30,0.48892709612846375,0.48892709612846375,0.0,0.0,True
2006-07-03,0.41522350907325745,0.41522350907325745,0.0,0.0,True
2006-07-05,0.4406891465187073,0.4406891465187073,0.0,0.0,True
2006-07-06,0.5378231406211853,0.5378231406211853,0.0,0.0,True
2006-07-07,0.48928481340408325,0.48928481340408325,0.0,0.0,True
2006-07-10,0.5369274616241455,0.5369274616241455,0.0,0.0,True
2006-07-11,0.5820721983909607,0.5820721983909607,0.0,0.7365337690037278,True
2006-07-12,0.5554677248001099,0.5554677248001099,0.0,0.0,True
2006-07-13,0.6782410740852356,0.6782410740852356,0.0,0.6855518336313553,True
2006-07-14,0.5968403220176697,0.5968403220176697,0.0,0.6855518336313553,True
2006-07-17,0.6450121998786926,0.6450121998786926,0.0,0.6855518336313553,True
2006-07-18,0.5174970030784607,0.5174970030784607,0.0,0.0,True
2006-07-19,0.5201296806335449,0.5201296806335449,0.0,0.0,True
2006-07-20,0.5314479470252991,0.5314479470252991,0.0,0.0,True
2006-07-21,0.5586864948272705,0.5586864948272705,0.0,0.0,True
2006-07-24,0.49404630064964294,0.49404630064964294,0.0,0.0,True
2006-07-25,0.5344704389572144,0.5344704389572144,0.0,0.0,True
2006-07-26,0.4892270565032959,0.4892270565032959,0.0,0.0,True
2006-07-27,0.4682004451751709,0.4682004451751709,0.0,0.0,True
2006-07-28,0.46429067850112915,0.46429067850112915,0.0,0.0,True
2006-07-31,0.51712566614151,0.51712566614151,0.0,0.0,True
2006-08-01,0.4499746859073639,0.4499746859073639,0.0,0.0,True
2006-08-02,0.48757120966911316,0.48757120966911316,0.0,0.0,True
2006-08-03,0.5694630146026611,0.5694630146026611,0.0,0.5447293571568643,True
2006-08-04,0.5293957591056824,0.5293957591056824,0.0,0.0,True
2006-08-07,0.5307773947715759,0.5307773947715759,0.0,0.0,True
2006-08-08,0.5221028923988342,0.5221028923988342,0.0,0.0,True
2006-08-09,0.7059615850448608,0.7059615850448608,0.0,0.6005808634595139,True
2006-08-10,0.6736736297607422,0.6736736297607422,0.0,0.6005808634595139,True
2006-08-11,0.6993297934532166,0.6993297934532166,0.0,0.6005808634595139,True
2006-08-14,0.6943608522415161,0.6943608522415161,0.0,0.6005808634595139,True
2006-08-15,0.6494768261909485,0.6494768261909485,0.0,0.6005808634595139,True
2006-08-16,0.6465622782707214,0.6465622782707214,0.0,0.6005808634595139,True
2006-08-17,0.6635070443153381,0.6635070443153381,0.0,0.7689974663334684,True
2006-08-18,0.5366112589836121,0.5366112589836121,0.0,0.0,True
2006-08-21,0.5102726221084595,0.5102726221084595,0.0,0.0,True
2006-08-22,0.6622283458709717,0.6622283458709717,0.0,0.7068479675482696,True
2006-08-23,0.5584568381309509,0.5584568381309509,0.0,0.0,True
2006-08-24,0.5512548089027405,0.5512548089027405,0.0,0.0,True
2006-08-25,0.5156238675117493,0.5156238675117493,0.0,0.0,True
2006-08-28,0.5214006304740906,0.5214006304740906,0.0,0.0,True
2006-08-29,0.6506879329681396,0.6506879329681396,0.0,0.8156124424574198,True
2006-08-30,0.623322606086731,0.623322606086731,0.0,0.8156124424574198,True
2006-08-31,0.6020262837409973,0.6020262837409973,0.0,0.8156124424574198,True
2006-09-01,0.6369749903678894,0.6369749903678894,0.0,0.8156124424574198,True
2006-09-05,0.6625171303749084,0.6625171303749084,0.0,0.8156124424574198,True
2006-09-06,0.6341885328292847,0.6341885328292847,0.0,0.8156124424574198,True
2006-09-07,0.6099429726600647,0.6099429726600647,0.0,0.8156124424574198,True
2006-09-08,0.641569972038269,0.641569972038269,0.0,0.8156124424574198,True
2006-09-11,0.5952714681625366,0.5952714681625366,0.0,0.8156124424574198,True
2006-09-12,0.6175018548965454,0.6175018548965454,0.0,0.8156124424574198,True
2006-09-13,0.6109808683395386,0.6109808683395386,0.0,0.8156124424574198,True
2006-09-14,0.5878669023513794,0.5878669023513794,0.0,0.8156124424574198,True
2006-09-15,0.6044849157333374,0.6044849157333374,0.0,0.8156124424574198,True
2006-09-18,0.47951245307922363,0.47951245307922363,0.0,0.0,True
2006-09-19,0.45409059524536133,0.45409059524536133,0.0,0.0,True
2006-09-20,0.46560707688331604,0.46560707688331604,0.0,0.0,True
2006-09-21,0.4800039231777191,0.4800039231777191,0.0,0.0,True
2006-09-22,0.4716489017009735,0.4716489017009735,0.0,0.0,True
2006-09-25,0.5262977480888367,0.5262977480888367,0.0,0.0,True
2006-09-26,0.530493974685669,0.530493974685669,0.0,0.0,True
2006-09-27,0.4760880172252655,0.4760880172252655,0.0,0.0,True
2006-09-28,0.4741557538509369,0.4741557538509369,0.0,0.0,True
2006-09-29,0.4972567558288574,0.4972567558288574,0.0,0.0,True
2006-10-02,0.49749037623405457,0.49749037623405457,0.0,0.0,True
2006-10-03,0.6059267520904541,0.6059267520904541,0.0,1.0,True
2006-10-04,0.49231889843940735,0.49231889843940735,0.0,0.0,True
2006-10-05,0.4246158003807068,0.4246158003807068,0.0,0.0,True
2006-10-06,0.4791368842124939,0.4791368842124939,0.0,0.0,True
2006-10-09,0.5881495475769043,0.5881495475769043,0.0,1.0,True
2006-10-10,0.5867946147918701,0.5867946147918701,0.0,1.0,True
2006-10-11,0.7502504587173462,0.7502504587173462,0.0,1.0,True
2006-10-12,0.5882344245910645,0.5882344245910645,0.0,1.0,True
2006-10-13,0.456146240234375,0.456146240234375,0.0,0.0,True
2006-10-16,0.5232101678848267,0.5232101678848267,0.0,0.0,True
2006-10-17,0.5000374913215637,0.5000374913215637,0.0,0.0,True
2006-10-18,0.49974703788757324,0.49974703788757324,0.0,0.0,True
2006-10-19,0.5841130614280701,0.5841130614280701,0.0,1.0,True
2006-10-20,0.5200021266937256,0.5200021266937256,0.0,0.0,True
2006-10-23,0.5286697745323181,0.5286697745323181,0.0,0.0,True
2006-10-24,0.5187644362449646,0.5187644362449646,0.0,0.0,True
2006-10-25,0.529288113117218,0.529288113117218,0.0,0.0,True
2006-10-26,0.4808328449726105,0.4808328449726105,0.0,0.0,True
2006-10-27,0.4780255854129791,0.4780255854129791,0.0,0.0,True
2006-10-30,0.6290988326072693,0.6290988326072693,0.0,1.0,True
2006-10-31,0.44324320554733276,0.44324320554733276,0.0,0.0,True
2006-11-01,0.17475348711013794,0.17475348711013794,0.0,0.0,True
2006-11-02,0.25554391741752625,0.25554391741752625,0.0,0.0,True
2006-11-03,0.27022701501846313,0.27022701501846313,0.0,0.0,True
2006-11-06,0.1748015284538269,0.1748015284538269,0.0,0.0,True
2006-11-07,0.1579136997461319,0.1579136997461319,0.0,0.0,True
2006-11-08,0.15041105449199677,0.15041105449199677,0.0,0.0,True
2006-11-09,0.11693575233221054,0.11693575233221054,0.0,0.0,True
2006-11-10,0.1672738492488861,0.1672738492488861,0.0,0.0,True
2006-11-13,0.1690552681684494,0.1690552681684494,0.0,0.0,True
2006-11-14,0.1261984258890152,0.1261984258890152,0.0,0.0,True
2006-11-15,0.1322139948606491,0.1322139948606491,0.0,0.0,True
2006-11-16,0.1188831776380539,0.1188831776380539,0.0,0.0,True
2006-11-17,0.15169166028499603,0.15169166028499603,0.0,0.0,True
2006-11-20,0.37982532382011414,0.37982532382011414,0.0,0.0,True
2006-11-21,0.4078238904476166,0.4078238904476166,0.0,0.0,True
2006-11-22,0.40251410007476807,0.40251410007476807,0.0,0.0,True
2006-11-24,0.360617995262146,0.360617995262146,0.0,0.0,True
2006-11-27,0.3453514277935028,0.3453514277935028,0.0,0.0,True
2006-11-28,0.3764796555042267,0.3764796555042267,0.0,0.0,True
2006-11-29,0.38290369510650635,0.38290369510650635,0.0,0.0,True
2006-11-30,0.2724970877170563,0.2724970877170563,0.0,0.0,True
2006-12-01,0.1617632657289505,0.1617632657289505,0.0,0.0,True
2006-12-04,0.24107113480567932,0.24107113480567932,0.0,0.0,True
2006-12-05,0.20153552293777466,0.20153552293777466,0.0,0.0,True
2006-12-06,0.19678844511508942,0.19678844511508942,0.0,0.0,True
2006-12-07,0.4274120628833771,0.4274120628833771,0.0,0.0,True
2006-12-08,0.47294294834136963,0.47294294834136963,0.0,0.0,True
2006-12-11,0.5162768959999084,0.5162768959999084,0.0,0.0,True
2006-12-12,0.5264630913734436,0.5264630913734436,0.0,0.0,True
2006-12-13,0.5359230041503906,0.5359230041503906,0.0,0.0,True
2006-12-14,0.5278745889663696,0.5278745889663696,0.0,0.0,True
2006-12-15,0.4860555827617645,0.4860555827617645,0.0,0.0,True
2006-12-18,0.5614382028579712,0.5614382028579712,0.0,1.0,True
2006-12-19,0.5740753412246704,0.5740753412246704,0.0,1.0,True
2006-12-20,0.5797802805900574,0.5797802805900574,0.0,1.0,True
2006-12-21,0.5374782085418701,0.5374782085418701,0.0,0.0,True
2006-12-22,0.5258593559265137,0.5258593559265137,0.0,0.0,True
2006-12-26,0.5707305073738098,0.5707305073738098,0.0,1.0,True
2006-12-27,0.5908421277999878,0.5908421277999878,0.0,1.0,True
2006-12-28,0.5756894946098328,0.5756894946098328,0.0,1.0,True
2006-12-29,0.5600630044937134,0.5600630044937134,0.0,1.0,True
2007-01-03,0.5474615693092346,0.5474615693092346,0.0,0.0,True
2007-01-04,0.7558486461639404,0.7558486461639404,0.0,1.0,True
2007-01-05,0.766462504863739,0.766462504863739,0.0,1.0,True
2007-01-08,0.618310272693634,0.618310272693634,0.0,1.0,True
2007-01-09,0.6288080215454102,0.6288080215454102,0.0,1.0,True
2007-01-10,0.4977702796459198,0.4977702796459198,0.0,0.0,True
2007-01-11,0.6425297856330872,0.6425297856330872,0.0,0.8860717795448037,True
2007-01-12,0.6413240432739258,0.6413240432739258,0.0,0.8860717795448037,True
2007-01-16,0.6115795969963074,0.6115795969963074,0.0,0.8860717795448037,True
2007-01-17,0.615682065486908,0.615682065486908,0.0,0.8860717795448037,True
2007-01-18,0.5583581328392029,0.5583581328392029,0.0,0.0,True
2007-01-19,0.588072657585144,0.588072657585144,0.0,0.9197541383839174,True
2007-01-22,0.6766429543495178,0.6766429543495178,0.0,0.9197541383839174,True
2007-01-23,0.6604318022727966,0.6604318022727966,0.0,0.9197541383839174,True
2007-01-24,0.6091728210449219,0.6091728210449219,0.0,0.9197541383839174,True
2007-01-25,0.5881142616271973,0.5881142616271973,0.0,0.8083333801010028,True
2007-01-26,0.5652650594711304,0.5652650594711304,0.0,0.8083333801010028,True
2007-01-29,0.5921511650085449,0.5921511650085449,0.0,0.8083333801010028,True
2007-01-30,0.5947973728179932,0.5947973728179932,0.0,0.8083333801010028,True
2007-01-31,0.5991573333740234,0.5991573333740234,0.0,0.8083333801010028,True
2007-02-01,0.6154525279998779,0.6154525279998779,0.0,0.8083333801010028,True
2007-02-02,0.5903677940368652,0.5903677940368652,0.0,0.8083333801010028,True
2007-02-05,0.6026157736778259,0.6026157736778259,0.0,0.8083333801010028,True
2007-02-06,0.5877439379692078,0.5877439379692078,0.0,0.8083333801010028,True
2007-02-07,0.6719445586204529,0.6719445586204529,0.0,0.8083333801010028,True
2007-02-08,0.6785123348236084,0.6785123348236084,0.0,0.8083333801010028,True
2007-02-09,0.6856172680854797,0.6856172680854797,0.0,0.9727352327963948,True
2007-02-12,0.6656292676925659,0.6656292676925659,0.0,0.9727352327963948,True
2007-02-13,0.637187123298645,0.637187123298645,0.0,0.9727352327963948,True
2007-02-14,0.5969363451004028,0.5969363451004028,0.0,0.9727352327963948,True
2007-02-15,0.6178706288337708,0.6178706288337708,0.0,0.9727352327963948,True
2007-02-16,0.5034420490264893,0.5034420490264893,0.0,0.0,True
2007-02-20,0.5584326386451721,0.5584326386451721,0.0,0.0,True
2007-02-21,0.6141536235809326,0.6141536235809326,0.0,0.8142533752161063,True
2007-02-22,0.6015970706939697,0.6015970706939697,0.0,0.8142533752161063,True
2007-02-23,0.5881891846656799,0.5881891846656799,0.0,0.8142533752161063,True
2007-02-26,0.5815081596374512,0.5815081596374512,0.0,0.8142533752161063,True
2007-02-27,0.5800797939300537,0.5800797939300537,0.0,0.6758781725977387,True
2007-02-28,0.508364200592041,0.508364200592041,0.0,0.0,True
2007-03-01,0.5285134315490723,0.5285134315490723,0.0,0.0,True
2007-03-02,0.5052334070205688,0.5052334070205688,0.0,0.0,True
2007-03-05,0.5314088463783264,0.5314088463783264,0.0,0.0,True
2007-03-06,0.5479885339736938,0.5479885339736938,0.0,0.0,True
2007-03-07,0.5215733647346497,0.5215733647346497,0.0,0.0,True
2007-03-08,0.6587656736373901,0.6587656736373901,0.0,0.681808074176343,True
2007-03-09,0.5979809165000916,0.5979809165000916,0.0,0.681808074176343,True
2007-03-12,0.5991436839103699,0.5991436839103699,0.0,0.681808074176343,True
2007-03-13,0.6431291699409485,0.6431291699409485,0.0,0.681808074176343,True
2007-03-14,0.5705039501190186,0.5705039501190186,0.0,0.681808074176343,True
2007-03-15,0.555321216583252,0.555321216583252,0.0,0.0,True
2007-03-16,0.5709194540977478,0.5709194540977478,0.0,0.6025162994565543,True
2007-03-19,0.6077119708061218,0.6077119708061218,0.0,0.6025162994565543,True
2007-03-20,0.5743992924690247,0.5743992924690247,0.0,0.6025162994565543,True
2007-03-21,0.5611920356750488,0.5611920356750488,0.0,0.6025162994565543,True
2007-03-22,0.5120888948440552,0.5120888948440552,0.0,0.0,True
2007-03-23,0.5411477088928223,0.5411477088928223,0.0,0.0,True
2007-03-26,0.5492229461669922,0.5492229461669922,0.0,0.0,True
2007-03-27,0.562133252620697,0.562133252620697,0.0,0.7026538343121709,True
2007-03-28,0.6146253943443298,0.6146253943443298,0.0,0.7026538343121709,True
2007-03-29,0.5842965245246887,0.5842965245246887,0.0,0.7026538343121709,True
2007-03-30,0.6097700595855713,0.6097700595855713,0.0,0.7026538343121709,True
2007-04-02,0.596042811870575,0.596042811870575,0.0,0.7026538343121709,True
2007-04-03,0.5979436635971069,0.5979436635971069,0.0,0.7026538343121709,True
2007-04-04,0.560349702835083,0.560349702835083,0.0,0.7026538343121709,True
2007-04-05,0.5389875173568726,0.5389875173568726,0.0,0.0,True
2007-04-09,0.525696337223053,0.525696337223053,0.0,0.0,True
2007-04-10,0.5252693295478821,0.5252693295478821,0.0,0.0,True
2007-04-11,0.5704381465911865,0.5704381465911865,0.0,0.788807339969132,True
2007-04-12,0.5834633111953735,0.5834633111953735,0.0,0.788807339969132,True
2007-04-13,0.5729930400848389,0.5729930400848389,0.0,0.788807339969132,True
2007-04-16,0.5413213968276978,0.5413213968276978,0.0,0.0,True
2007-04-17,0.5046539902687073,0.5046539902687073,0.0,0.0,True
2007-04-18,0.49914032220840454,0.49914032220840454,0.0,0.0,True
2007-04-19,0.6108896732330322,0.6108896732330322,0.0,1.0,True
2007-04-20,0.536444365978241,0.536444365978241,0.0,0.0,True
2007-04-23,0.5354439616203308,0.5354439616203308,0.0,0.0,True
2007-04-24,0.5412283539772034,0.5412283539772034,0.0,0.0,True
2007-04-25,0.5596663951873779,0.5596663951873779,0.0,0.0,True
2007-04-26,0.4996788203716278,0.4996788203716278,0.0,0.0,True
2007-04-27,0.5755106210708618,0.5755106210708618,0.0,0.8736700007554771,True
2007-04-30,0.5023342370986938,0.5023342370986938,0.0,0.0,True
2007-05-01,0.48852065205574036,0.48852065205574036,0.0,0.0,True
2007-05-02,0.495465487241745,0.495465487241745,0.0,0.0,True
2007-05-03,0.48746082186698914,0.48746082186698914,0.0,0.0,True
2007-05-04,0.5318257808685303,0.5318257808685303,0.0,0.0,True
2007-05-07,0.5143020749092102,0.5143020749092102,0.0,0.0,True
2007-05-08,0.5712783336639404,0.5712783336639404,0.0,0.8609146691510492,True
2007-05-09,0.6020691394805908,0.6020691394805908,0.0,0.8609146691510492,True
2007-05-10,0.6063448786735535,0.6063448786735535,0.0,0.8609146691510492,True
2007-05-11,0.6322755217552185,0.6322755217552185,0.0,0.8609146691510492,True
2007-05-14,0.6108490228652954,0.6108490228652954,0.0,0.8609146691510492,True
2007-05-15,0.6582340002059937,0.6582340002059937,0.0,0.8609146691510492,True
2007-05-16,0.6230667233467102,0.6230667233467102,0.0,0.8609146691510492,True
2007-05-17,0.597974956035614,0.597974956035614,0.0,0.8609146691510492,True
2007-05-18,0.7051441669464111,0.7051441669464111,0.0,0.8609146691510492,True
2007-05-21,0.7259733080863953,0.7259733080863953,0.0,0.8609146691510492,True
2007-05-22,0.6444875597953796,0.6444875597953796,0.0,0.8609146691510492,True
2007-05-23,0.6896793842315674,0.6896793842315674,0.0,0.8609146691510492,True
2007-05-24,0.632046639919281,0.632046639919281,0.0,0.8609146691510492,True
2007-05-25,0.572850227355957,0.572850227355957,0.0,1.0,True
2007-05-29,0.6168292760848999,0.6168292760848999,0.0,1.0,True
2007-05-30,0.6570807099342346,0.6570807099342346,0.0,1.0,True
2007-05-31,0.5259605050086975,0.5259605050086975,0.0,0.0,True
2007-06-01,0.5546659231185913,0.5546659231185913,0.0,0.0,True
2007-06-04,0.5866701602935791,0.5866701602935791,0.0,1.0,True
2007-06-05,0.5644034743309021,0.5644034743309021,0.0,1.0,True
2007-06-06,0.5631254315376282,0.5631254315376282,0.0,1.0,True
2007-06-07,0.5811386704444885,0.5811386704444885,0.0,1.0,True
2007-06-08,0.503095805644989,0.503095805644989,0.0,0.0,True
2007-06-11,0.46025604009628296,0.46025604009628296,0.0,0.0,True
2007-06-12,0.4953855872154236,0.4953855872154236,0.0,0.0,True
2007-06-13,0.46402645111083984,0.46402645111083984,0.0,0.0,True
2007-06-14,0.511725664138794,0.511725664138794,0.0,0.0,True
2007-06-15,0.527089536190033,0.527089536190033,0.0,0.0,True
2007-06-18,0.5314419269561768,0.5314419269561768,0.0,0.0,True
2007-06-19,0.5373713970184326,0.5373713970184326,0.0,0.0,True
2007-06-20,0.5671247839927673,0.5671247839927673,0.0,0.8967643798999761,True
2007-06-21,0.5585414171218872,0.5585414171218872,0.0,0.0,True
2007-06-22,0.640937864780426,0.640937864780426,0.0,0.8157978932935185,True
2007-06-25,0.6034387946128845,0.6034387946128845,0.0,0.8157978932935185,True
2007-06-26,0.5834616422653198,0.5834616422653198,0.0,0.8157978932935185,True
2007-06-27,0.5476868748664856,0.5476868748664856,0.0,0.0,True
2007-06-28,0.5343003273010254,0.5343003273010254,0.0,0.0,True
2007-06-29,0.5952234864234924,0.5952234864234924,0.0,0.8614432785060274,True
2007-07-02,0.5856096148490906,0.5856096148490906,0.0,0.8614432785060274,True
2007-07-03,0.5736017823219299,0.5736017823219299,0.0,0.8614432785060274,True
2007-07-05,0.5918365120887756,0.5918365120887756,0.0,0.8614432785060274,True
2007-07-06,0.5715934038162231,0.5715934038162231,0.0,0.8614432785060274,True
2007-07-09,0.5616877675056458,0.5616877675056458,0.0,0.9970974510889019,True
2007-07-10,0.5991204380989075,0.5991204380989075,0.0,0.9970974510889019,True
2007-07-11,0.6211137771606445,0.6211137771606445,0.0,0.9970974510889019,True
2007-07-12,0.6015699505805969,0.6015699505805969,0.0,0.9970974510889019,True
2007-07-13,0.511866569519043,0.511866569519043,0.0,0.0,True
2007-07-16,0.536952793598175,0.536952793598175,0.0,0.0,True
2007-07-17,0.5244221687316895,0.5244221687316895,0.0,0.0,True
2007-07-18,0.49626097083091736,0.49626097083091736,0.0,0.0,True
2007-07-19,0.539113461971283,0.539113461971283,0.0,0.0,True
2007-07-20,0.4455197751522064,0.4455197751522064,0.0,0.0,True
2007-07-23,0.4790479242801666,0.4790479242801666,0.0,0.0,True
2007-07-24,0.570764422416687,0.570764422416687,0.0,0.8196178013804158,True
2007-07-25,0.5719283223152161,0.5719283223152161,0.0,0.8196178013804158,True
2007-07-26,0.6338176727294922,0.6338176727294922,0.0,0.8196178013804158,True
2007-07-27,0.6658075451850891,0.6658075451850891,0.0,0.702818850936179,True
2007-07-30,0.626970648765564,0.626970648765564,0.0,0.702818850936179,True
2007-07-31,0.6718741655349731,0.6718741655349731,0.0,0.702818850936179,True
2007-08-01,0.6006654500961304,0.6006654500961304,0.0,0.702818850936179,True
2007-08-02,0.5865494608879089,0.5865494608879089,0.0,0.702818850936179,True
2007-08-03,0.62054443359375,0.62054443359375,0.0,0.702818850936179,True
2007-08-06,0.5654768943786621,0.5654768943786621,0.0,0.702818850936179,True
2007-08-07,0.5509382486343384,0.5509382486343384,0.0,0.0,True
2007-08-08,0.5472152233123779,0.5472152233123779,0.0,0.0,True
2007-08-09,0.5546183586120605,0.5546183586120605,0.0,0.0,True
2007-08-10,0.5759950876235962,0.5759950876235962,0.0,0.6109785229682573,True
2007-08-13,0.5640397071838379,0.5640397071838379,0.0,0.6109785229682573,True
2007-08-14,0.5850629806518555,0.5850629806518555,0.0,0.6109785229682573,True
2007-08-15,0.6510001420974731,0.6510001420974731,0.0,0.6109785229682573,True
2007-08-16,0.6924468278884888,0.6924468278884888,0.0,0.7434527935579299,True
2007-08-17,0.5380936861038208,0.5380936861038208,0.0,0.0,True
2007-08-20,0.504988431930542,0.504988431930542,0.0,0.0,True
2007-08-21,0.5063145756721497,0.5063145756721497,0.0,0.0,True
2007-08-22,0.5511096119880676,0.5511096119880676,0.0,0.0,True
2007-08-23,0.5152433514595032,0.5152433514595032,0.0,0.0,True
2007-08-24,0.5639381408691406,0.5639381408691406,0.0,0.7295013415785773,True
2007-08-27,0.5583111047744751,0.5583111047744751,0.0,0.0,True
2007-08-28,0.5352565050125122,0.5352565050125122,0.0,0.0,True
2007-08-29,0.5605835914611816,0.5605835914611816,0.0,0.6561953821003439,True
2007-08-30,0.5632809996604919,0.5632809996604919,0.0,0.6561953821003439,True
2007-08-31,0.5542391538619995,0.5542391538619995,0.0,0.0,True
2007-09-04,0.5687404870986938,0.5687404870986938,0.0,0.7225503455210442,True
2007-09-05,0.5131040811538696,0.5131040811538696,0.0,0.0,True
2007-09-06,0.576585590839386,0.576585590839386,0.0,0.7120724506070352,True
2007-09-07,0.5265350341796875,0.5265350341796875,0.0,0.0,True
2007-09-10,0.5494914054870605,0.5494914054870605,0.0,0.0,True
2007-09-11,0.5475438237190247,0.5475438237190247,0.0,0.0,True
2007-09-12,0.5019981265068054,0.5019981265068054,0.0,0.0,True
2007-09-13,0.5680781006813049,0.5680781006813049,0.0,0.7749827814984719,True
2007-09-14,0.5495627522468567,0.5495627522468567,0.0,0.0,True
2007-09-17,0.5477960705757141,0.5477960705757141,0.0,0.0,True
2007-09-18,0.5677384734153748,0.5677384734153748,0.0,0.7940934060552179,True
2007-09-19,0.5458804368972778,0.5458804368972778,0.0,0.0,True
2007-09-20,0.5033172369003296,0.5033172369003296,0.0,0.0,True
2007-09-21,0.5097936391830444,0.5097936391830444,0.0,0.0,True
2007-09-24,0.5755064487457275,0.5755064487457275,0.0,0.7845291483966227,True
2007-09-25,0.5146061182022095,0.5146061182022095,0.0,0.0,True
2007-09-26,0.5729609131813049,0.5729609131813049,0.0,0.8456311090308749,True
2007-09-27,0.5804311633110046,0.5804311633110046,0.0,0.8456311090308749,True
2007-09-28,0.563290536403656,0.563290536403656,0.0,0.9490899000961179,True
2007-10-01,0.5476101040840149,0.5476101040840149,0.0,0.0,True
2007-10-02,0.6691632866859436,0.6691632866859436,0.0,0.9424538512039484,True
2007-10-03,0.5887452363967896,0.5887452363967896,0.0,0.9424538512039484,True
2007-10-04,0.5601996779441833,0.5601996779441833,0.0,0.9424538512039484,True
2007-10-05,0.5340972542762756,0.5340972542762756,0.0,0.0,True
2007-10-08,0.562870442867279,0.562870442867279,0.0,1.0,True
2007-10-09,0.5532490015029907,0.5532490015029907,0.0,0.0,True
2007-10-10,0.6023135781288147,0.6023135781288147,0.0,1.0,True
2007-10-11,0.5554352402687073,0.5554352402687073,0.0,0.0,True
2007-10-12,0.5619390606880188,0.5619390606880188,0.0,1.0,True
2007-10-15,0.5589658617973328,0.5589658617973328,0.0,0.0,True
2007-10-16,0.5599034428596497,0.5599034428596497,0.0,0.0,True
2007-10-17,0.5338718295097351,0.5338718295097351,0.0,0.0,True
2007-10-18,0.5480693578720093,0.5480693578720093,0.0,0.0,True
2007-10-19,0.4966214597225189,0.4966214597225189,0.0,0.0,True
2007-10-22,0.48785656690597534,0.48785656690597534,0.0,0.0,True
2007-10-23,0.46515390276908875,0.46515390276908875,0.0,0.0,True
2007-10-24,0.5508038401603699,0.5508038401603699,0.0,0.0,True
2007-10-25,0.6526747345924377,0.6526747345924377,0.0,0.7580620512973556,True
2007-10-26,0.6585344672203064,0.6585344672203064,1.0,0.397748440918954,True
2007-10-29,0.6548977494239807,0.6548977494239807,1.0,0.397748440918954,True
2007-10-30,0.6147907972335815,0.6147907972335815,1.0,0.397748440918954,True
2007-10-31,0.7315831184387207,0.7315831184387207,1.0,0.397748440918954,True
2007-11-01,0.7017560601234436,0.7017560601234436,1.0,0.397748440918954,True
2007-11-02,0.5808826088905334,0.5808826088905334,1.0,0.397748440918954,True
2007-11-05,0.4211229681968689,0.4211229681968689,1.0,0.0,True
2007-11-06,0.38293683528900146,0.38293683528900146,1.0,0.0,True
2007-11-07,0.5134487152099609,0.5134487152099609,1.0,0.0,True
2007-11-08,0.5859986543655396,0.5859986543655396,1.0,0.34677609280370275,True
2007-11-09,0.6341805458068848,0.6341805458068848,1.0,0.34677609280370275,True
2007-11-12,0.7407549619674683,0.7407549619674683,1.0,0.34677609280370275,True
2007-11-13,0.512109100818634,0.512109100818634,1.0,0.0,True
2007-11-14,0.5489093065261841,0.5489093065261841,1.0,0.0,True
2007-11-15,0.49097946286201477,0.49097946286201477,1.0,0.0,True
2007-11-16,0.5196869969367981,0.5196869969367981,1.0,0.0,True
2007-11-19,0.47014299035072327,0.47014299035072327,1.0,0.0,True
2007-11-20,0.5406332612037659,0.5406332612037659,1.0,0.0,True
2007-11-21,0.5826804637908936,0.5826804637908936,1.0,0.32960992661074695,True
2007-11-23,0.40173470973968506,0.40173470973968506,1.0,0.0,True
2007-11-26,0.46502652764320374,0.46502652764320374,1.0,0.0,True
2007-11-27,0.4424932301044464,0.4424932301044464,0.0,0.0,True
2007-11-28,0.46322566270828247,0.46322566270828247,1.0,0.0,True
2007-11-29,0.43050792813301086,0.43050792813301086,1.0,0.0,True
2007-11-30,0.47707194089889526,0.47707194089889526,1.0,0.0,True
2007-12-03,0.5374351143836975,0.5374351143836975,1.0,0.0,True
2007-12-04,0.520968496799469,0.520968496799469,1.0,0.0,True
2007-12-05,0.5666155219078064,0.5666155219078064,1.0,0.469873921629909,True
2007-12-06,0.5715069770812988,0.5715069770812988,0.0,0.469873921629909,True
2007-12-07,0.47197553515434265,0.47197553515434265,0.0,0.0,True
2007-12-10,0.46789297461509705,0.46789297461509705,0.0,0.0,True
2007-12-11,0.5060908794403076,0.5060908794403076,0.0,0.0,True
2007-12-12,0.5601337552070618,0.5601337552070618,0.0,0.5715459594667879,True
2007-12-13,0.5392940044403076,0.5392940044403076,0.0,0.0,True
2007-12-14,0.5372171998023987,0.5372171998023987,0.0,0.0,True
2007-12-17,0.49610254168510437,0.49610254168510437,0.0,0.0,True
2007-12-18,0.46830034255981445,0.46830034255981445,0.0,0.0,True
2007-12-19,0.5143669843673706,0.5143669843673706,0.0,0.0,True
2007-12-20,0.5404241681098938,0.5404241681098938,0.0,0.0,True
2007-12-21,0.483054518699646,0.483054518699646,0.0,0.0,True
2007-12-24,0.6125211119651794,0.6125211119651794,0.0,0.5924776762638347,True
2007-12-26,0.6731407642364502,0.6731407642364502,0.0,0.5924776762638347,True
2007-12-27,0.5603224039077759,0.5603224039077759,0.0,0.5924776762638347,True
2007-12-28,0.5645443201065063,0.5645443201065063,0.0,0.5924776762638347,True
2007-12-31,0.5089160799980164,0.5089160799980164,0.0,0.0,True
2008-01-02,0.5929621458053589,0.5929621458053589,0.0,0.5826532261664336,True
2008-01-03,0.6227139234542847,0.6227139234542847,0.0,0.5826532261664336,True
2008-01-04,0.5776910781860352,0.5776910781860352,0.0,0.5826532261664336,True
2008-01-07,0.5058315992355347,0.5058315992355347,0.0,0.0,True
2008-01-08,0.605913519859314,0.605913519859314,0.0,0.5690632268531198,True
2008-01-09,0.4665577709674835,0.4665577709674835,0.0,0.0,True
2008-01-10,0.4583051800727844,0.4583051800727844,0.0,0.0,True
2008-01-11,0.49549761414527893,0.49549761414527893,0.0,0.0,True
2008-01-14,0.42660078406333923,0.42660078406333923,0.0,0.0,True
2008-01-15,0.43810781836509705,0.43810781836509705,0.0,0.0,True
2008-01-16,0.5922879576683044,0.5922879576683044,0.0,0.5590759406848751,True
2008-01-17,0.5571271181106567,0.5571271181106567,0.0,0.0,True
2008-01-18,0.5599665641784668,0.5599665641784668,0.0,0.0,True
2008-01-22,0.69554603099823,0.69554603099823,0.0,0.5584875533187084,True
2008-01-23,0.6180257797241211,0.6180257797241211,0.0,0.5584875533187084,True
2008-01-24,0.4580669105052948,0.4580669105052948,0.0,0.0,True
2008-01-25,0.48987895250320435,0.48987895250320435,0.0,0.0,True
2008-01-28,0.49510467052459717,0.49510467052459717,0.0,0.0,True
2008-01-29,0.5048270225524902,0.5048270225524902,0.0,0.0,True
2008-01-30,0.5047153830528259,0.5047153830528259,0.0,0.0,True
2008-01-31,0.5525320172309875,0.5525320172309875,0.0,0.0,True
2008-02-01,0.626527726650238,0.626527726650238,0.0,0.405131563225257,True
2008-02-04,0.4171164333820343,0.4171164333820343,0.0,0.0,True
2008-02-05,0.5245059728622437,0.5245059728622437,1.0,0.0,True
2008-02-06,0.5076174736022949,0.5076174736022949,1.0,0.0,True
2008-02-07,0.5564322471618652,0.5564322471618652,1.0,0.0,True
2008-02-08,0.48183247447013855,0.48183247447013855,1.0,0.0,True
2008-02-11,0.5207197666168213,0.5207197666168213,1.0,0.0,True
2008-02-12,0.42672571539878845,0.42672571539878845,1.0,0.0,True
2008-02-13,0.41415897011756897,0.41415897011756897,1.0,0.0,True
2008-02-14,0.4732722043991089,0.4732722043991089,1.0,0.0,True
2008-02-15,0.3867941200733185,0.3867941200733185,1.0,0.0,True
2008-02-19,0.4407152831554413,0.4407152831554413,1.0,0.0,True
2008-02-20,0.41019678115844727,0.41019678115844727,1.0,0.0,True
2008-02-21,0.5149465203285217,0.5149465203285217,1.0,0.0,True
2008-02-22,0.5567647218704224,0.5567647218704224,0.0,0.0,True
2008-02-25,0.43621331453323364,0.43621331453323364,0.0,0.0,True
2008-02-26,0.5618497133255005,0.5618497133255005,0.0,0.4722401417270884,True
2008-02-27,0.5088604688644409,0.5088604688644409,0.0,0.0,True
2008-02-28,0.48452889919281006,0.48452889919281006,0.0,0.0,True
2008-02-29,0.5606769919395447,0.5606769919395447,0.0,0.47447929853522625,True
2008-03-03,0.5097048282623291,0.5097048282623291,0.0,0.0,True
2008-03-04,0.5397012829780579,0.5397012829780579,0.0,0.0,True
2008-03-05,0.6161754131317139,0.6161754131317139,0.0,0.642348817688209,True
2008-03-06,0.5481667518615723,0.5481667518615723,1.0,0.0,True
2008-03-07,0.5698724389076233,0.5698724389076233,1.0,0.6436783064777223,True
2008-03-10,0.5625227689743042,0.5625227689743042,0.0,0.6436783064777223,True
2008-03-11,0.5169662833213806,0.5169662833213806,1.0,0.0,True
2008-03-12,0.42649033665657043,0.42649033665657043,0.0,0.0,True
2008-03-13,0.42261284589767456,0.42261284589767456,0.0,0.0,True
2008-03-14,0.5082802772521973,0.5082802772521973,0.0,0.0,True
2008-03-17,0.4722355902194977,0.4722355902194977,0.0,0.0,True
2008-03-18,0.4428544342517853,0.4428544342517853,0.0,0.0,True
2008-03-19,0.4752987325191498,0.4752987325191498,0.0,0.0,True
2008-03-20,0.4381612241268158,0.4381612241268158,0.0,0.0,True
2008-03-24,0.39289531111717224,0.39289531111717224,1.0,0.0,True
2008-03-25,0.4173571467399597,0.4173571467399597,0.0,0.0,True
2008-03-26,0.5167423486709595,0.5167423486709595,0.0,0.0,True
2008-03-27,0.5604968667030334,0.5604968667030334,0.0,0.4394441722422631,True
2008-03-28,0.5913106203079224,0.5913106203079224,0.0,0.4394441722422631,True
2008-03-31,0.5592042803764343,0.5592042803764343,1.0,0.0,True
2008-04-01,0.49318063259124756,0.49318063259124756,1.0,0.0,True
2008-04-02,0.4933989942073822,0.4933989942073822,0.0,0.0,True
2008-04-03,0.5048852562904358,0.5048852562904358,0.0,0.0,True
2008-04-04,0.49842071533203125,0.49842071533203125,0.0,0.0,True
2008-04-07,0.4941987097263336,0.4941987097263336,0.0,0.0,True
2008-04-08,0.5076759457588196,0.5076759457588196,0.0,0.0,True
2008-04-09,0.5125400424003601,0.5125400424003601,0.0,0.0,True
2008-04-10,0.46358948945999146,0.46358948945999146,0.0,0.0,True
2008-04-11,0.5550965666770935,0.5550965666770935,0.0,0.0,True
2008-04-14,0.5477409362792969,0.5477409362792969,0.0,0.0,True
2008-04-15,0.5552500486373901,0.5552500486373901,0.0,0.0,True
2008-04-16,0.5092021822929382,0.5092021822929382,0.0,0.0,True
2008-04-17,0.541347324848175,0.541347324848175,0.0,0.0,True
2008-04-18,0.5068693161010742,0.5068693161010742,0.0,0.0,True
2008-04-21,0.5585594773292542,0.5585594773292542,0.0,0.0,True
2008-04-22,0.5443645715713501,0.5443645715713501,0.0,0.0,True
2008-04-23,0.5513288378715515,0.5513288378715515,0.0,0.0,True
2008-04-24,0.555863618850708,0.555863618850708,0.0,0.0,True
2008-04-25,0.3948383927345276,0.3948383927345276,0.0,0.0,True
2008-04-28,0.43113458156585693,0.43113458156585693,0.0,0.0,True
2008-04-29,0.41194161772727966,0.41194161772727966,0.0,0.0,True
2008-04-30,0.3906303644180298,0.3906303644180298,0.0,0.0,True
2008-05-01,0.48815274238586426,0.48815274238586426,0.0,0.0,True
2008-05-02,0.5268970727920532,0.5268970727920532,0.0,0.0,True
2008-05-05,0.5237765908241272,0.5237765908241272,0.0,0.0,True
2008-05-06,0.4992419183254242,0.4992419183254242,0.0,0.0,True
2008-05-07,0.4971156120300293,0.4971156120300293,0.0,0.0,True
2008-05-08,0.4859088659286499,0.4859088659286499,0.0,0.0,True
2008-05-09,0.5360013842582703,0.5360013842582703,0.0,0.0,True
2008-05-12,0.49859610199928284,0.49859610199928284,0.0,0.0,True
2008-05-13,0.5321118831634521,0.5321118831634521,0.0,0.0,True
2008-05-14,0.47112348675727844,0.47112348675727844,0.0,0.0,True
2008-05-15,0.5493276715278625,0.5493276715278625,0.0,0.0,True
2008-05-16,0.49253687262535095,0.49253687262535095,0.0,0.0,True
2008-05-19,0.5248255729675293,0.5248255729675293,0.0,0.0,True
2008-05-20,0.547639012336731,0.547639012336731,0.0,0.0,True
2008-05-21,0.613478422164917,0.613478422164917,0.0,0.4504473801013706,True
2008-05-22,0.6476112008094788,0.6476112008094788,0.0,0.4504473801013706,True
2008-05-23,0.6446361541748047,0.6446361541748047,0.0,0.5815521034437813,True
2008-05-27,0.5807197093963623,0.5807197093963623,0.0,0.5815521034437813,True
2008-05-28,0.5907149910926819,0.5907149910926819,0.0,0.5815521034437813,True
2008-05-29,0.6309871673583984,0.6309871673583984,0.0,0.5815521034437813,True
2008-05-30,0.6050528883934021,0.6050528883934021,0.0,0.6954447564775716,True
2008-06-02,0.631243109703064,0.631243109703064,0.0,0.6954447564775716,True
2008-06-03,0.6211207509040833,0.6211207509040833,0.0,0.6954447564775716,True
2008-06-04,0.5631864666938782,0.5631864666938782,0.0,0.6954447564775716,True
2008-06-05,0.573573887348175,0.573573887348175,0.0,0.6954447564775716,True
2008-06-06,0.5605887770652771,0.5605887770652771,0.0,0.5879186371736339,True
2008-06-09,0.5367316603660583,0.5367316603660583,0.0,0.0,True
2008-06-10,0.5351114273071289,0.5351114273071289,0.0,0.0,True
2008-06-11,0.4983280897140503,0.4983280897140503,0.0,0.0,True
2008-06-12,0.5156427621841431,0.5156427621841431,0.0,0.0,True
2008-06-13,0.42991939187049866,0.42991939187049866,0.0,0.0,True
2008-06-16,0.3680403530597687,0.3680403530597687,0.0,0.0,True
2008-06-17,0.3944125771522522,0.3944125771522522,0.0,0.0,True
2008-06-18,0.4801447093486786,0.4801447093486786,0.0,0.0,True
2008-06-19,0.5373883843421936,0.5373883843421936,0.0,0.0,True
2008-06-20,0.519127368927002,0.519127368927002,0.0,0.0,True
2008-06-23,0.5551011562347412,0.5551011562347412,0.0,0.0,True
2008-06-24,0.5545741319656372,0.5545741319656372,0.0,0.0,True
2008-06-25,0.488334596157074,0.488334596157074,0.0,0.0,True
2008-06-26,0.5393391847610474,0.5393391847610474,0.0,0.0,True
2008-06-27,0.547312319278717,0.547312319278717,0.0,0.0,True
2008-06-30,0.5541881322860718,0.5541881322860718,0.0,0.0,True
2008-07-01,0.5610452890396118,0.5610452890396118,0.0,0.46612231429489775,True
2008-07-02,0.6408093571662903,0.6408093571662903,0.0,0.46612231429489775,True
2008-07-03,0.5615301728248596,0.5615301728248596,0.0,0.46612231429489775,True
2008-07-07,0.584333598613739,0.584333598613739,0.0,0.46612231429489775,True
2008-07-08,0.5866908431053162,0.5866908431053162,0.0,0.46612231429489775,True
2008-07-09,0.5536372661590576,0.5536372661590576,0.0,0.0,True
2008-07-10,0.5588764548301697,0.5588764548301697,0.0,0.0,True
2008-07-11,0.5648977756500244,0.5648977756500244,0.0,0.5749129456413166,True
2008-07-14,0.5396447777748108,0.5396447777748108,0.0,0.0,True
2008-07-15,0.5041310787200928,0.5041310787200928,0.0,0.0,True
2008-07-16,0.4701298773288727,0.4701298773288727,0.0,0.0,True
2008-07-17,0.37714236974716187,0.37714236974716187,0.0,0.0,True
2008-07-18,0.5530107617378235,0.5530107617378235,0.0,0.0,True
2008-07-21,0.4805302023887634,0.4805302023887634,0.0,0.0,True
2008-07-22,0.4759595990180969,0.4759595990180969,0.0,0.0,True
2008-07-23,0.5532291531562805,0.5532291531562805,0.0,0.0,True
2008-07-24,0.5173450112342834,0.5173450112342834,0.0,0.0,True
2008-07-25,0.5503786206245422,0.5503786206245422,0.0,0.0,True
2008-07-28,0.5133833885192871,0.5133833885192871,0.0,0.0,True
2008-07-29,0.6123058199882507,0.6123058199882507,0.0,0.3503042035489291,True
2008-07-30,0.5566447377204895,0.5566447377204895,0.0,0.0,True
2008-07-31,0.538699209690094,0.538699209690094,1.0,0.0,True
2008-08-01,0.5862231254577637,0.5862231254577637,1.0,0.3681033446337493,True
2008-08-04,0.561585009098053,0.561585009098053,1.0,0.3681033446337493,True
2008-08-05,0.6116476655006409,0.6116476655006409,1.0,0.3681033446337493,True
2008-08-06,0.5322708487510681,0.5322708487510681,1.0,0.0,True
2008-08-07,0.4650413691997528,0.4650413691997528,1.0,0.0,True
2008-08-08,0.49334943294525146,0.49334943294525146,1.0,0.0,True
2008-08-11,0.4725343883037567,0.4725343883037567,1.0,0.0,True
2008-08-12,0.4426703155040741,0.4426703155040741,0.0,0.0,True
2008-08-13,0.4280679523944855,0.4280679523944855,0.0,0.0,True
2008-08-14,0.4394870102405548,0.4394870102405548,0.0,0.0,True
2008-08-15,0.4690508246421814,0.4690508246421814,0.0,0.0,True
2008-08-18,0.7071908116340637,0.7071908116340637,0.0,0.46876837543620514,True
2008-08-19,0.7146956920623779,0.7146956920623779,0.0,0.46876837543620514,True
2008-08-20,0.7292482256889343,0.7292482256889343,0.0,0.46876837543620514,True
2008-08-21,0.7752455472946167,0.7752455472946167,0.0,0.46876837543620514,True
2008-08-22,0.558414101600647,0.558414101600647,0.0,0.0,True
2008-08-25,0.5241589546203613,0.5241589546203613,0.0,0.0,True
2008-08-26,0.5055862069129944,0.5055862069129944,0.0,0.0,True
2008-08-27,0.5476492643356323,0.5476492643356323,0.0,0.0,True
2008-08-28,0.4590936005115509,0.4590936005115509,0.0,0.0,True
2008-08-29,0.49640387296676636,0.49640387296676636,0.0,0.0,True
2008-09-02,0.5311978459358215,0.5311978459358215,0.0,0.0,True
2008-09-03,0.4583624303340912,0.4583624303340912,0.0,0.0,True
2008-09-04,0.48393893241882324,0.48393893241882324,0.0,0.0,True
2008-09-05,0.6487128138542175,0.6487128138542175,0.0,0.670287106261704,True
2008-09-08,0.5150490999221802,0.5150490999221802,0.0,0.0,True
2008-09-09,0.5141564607620239,0.5141564607620239,0.0,0.0,True
2008-09-10,0.4834935963153839,0.4834935963153839,0.0,0.0,True
2008-09-11,0.5208759903907776,0.5208759903907776,0.0,0.0,True
2008-09-12,0.503844141960144,0.503844141960144,0.0,0.0,True
2008-09-15,0.4939323961734772,0.4939323961734772,0.0,0.0,True
2008-09-16,0.5008858442306519,0.5008858442306519,0.0,0.0,True
2008-09-17,0.47669631242752075,0.47669631242752075,0.0,0.0,True
2008-09-18,0.4764084219932556,0.4764084219932556,0.0,0.0,True
2008-09-19,0.5514100790023804,0.5514100790023804,0.0,0.0,True
2008-09-22,0.45031216740608215,0.45031216740608215,0.0,0.0,True
2008-09-23,0.4608296751976013,0.4608296751976013,0.0,0.0,True
2008-09-24,0.6009330153465271,0.6009330153465271,0.0,0.4226295350245118,True
2008-09-25,0.5089947581291199,0.5089947581291199,0.0,0.0,True
2008-09-26,0.4692899286746979,0.4692899286746979,0.0,0.0,True
2008-09-29,0.6356187462806702,0.6356187462806702,1.0,0.30545346207788215,True
2008-09-30,0.48961859941482544,0.48961859941482544,1.0,0.0,True
2008-10-01,0.4489566683769226,0.4489566683769226,1.0,0.0,True
2008-10-02,0.4538695812225342,0.4538695812225342,1.0,0.0,True
2008-10-03,0.49675533175468445,0.49675533175468445,1.0,0.0,True
2008-10-06,0.6215928196907043,0.6215928196907043,1.0,0.2637471403401337,True
2008-10-07,0.6565540432929993,0.6565540432929993,2.0,0.2637471403401337,True
2008-10-08,0.588272750377655,0.588272750377655,2.0,0.2637471403401337,True
2008-10-09,0.622873842716217,0.622873842716217,2.0,0.2637471403401337,True
2008-10-10,0.7168702483177185,0.7168702483177185,2.0,0.2637471403401337,True
2008-10-13,0.6394824385643005,0.6394824385643005,2.0,0.1632613686294511,True
2008-10-14,0.6317128539085388,0.6317128539085388,2.0,0.1632613686294511,True
2008-10-15,0.5079799890518188,0.5079799890518188,2.0,0.0,True
2008-10-16,0.6488309502601624,0.6488309502601624,2.0,0.1555938551792622,True
2008-10-17,0.5875871181488037,0.5875871181488037,2.0,0.1555938551792622,True
2008-10-20,0.6264023780822754,0.6264023780822754,2.0,0.1555938551792622,True
2008-10-21,0.5790485739707947,0.5790485739707947,2.0,0.1555938551792622,True
2008-10-22,0.7200357913970947,0.7200357913970947,2.0,0.1555938551792622,True
2008-10-23,0.5804380178451538,0.5804380178451538,2.0,0.1555938551792622,True
2008-10-24,0.6274325847625732,0.6274325847625732,2.0,0.1555938551792622,True
2008-10-27,0.6057648658752441,0.6057648658752441,2.0,0.1555938551792622,True
2008-10-28,0.6022303700447083,0.6022303700447083,2.0,0.1555938551792622,True
2008-10-29,0.5177322626113892,0.5177322626113892,2.0,0.0,True
2008-10-30,0.5289322733879089,0.5289322733879089,2.0,0.0,True
2008-10-31,0.44114217162132263,0.44114217162132263,2.0,0.0,True
2008-11-03,0.5015667676925659,0.5015667676925659,2.0,0.0,True
2008-11-04,0.41275250911712646,0.41275250911712646,2.0,0.0,True
2008-11-05,0.5807136297225952,0.5807136297225952,2.0,0.1499103461072202,True
2008-11-06,0.5727609992027283,0.5727609992027283,2.0,0.1499103461072202,True
2008-11-07,0.5487918257713318,0.5487918257713318,2.0,0.0,True
2008-11-10,0.5179405212402344,0.5179405212402344,2.0,0.0,True
2008-11-11,0.5588610768318176,0.5588610768318176,2.0,0.0,True
2008-11-12,0.5784898400306702,0.5784898400306702,2.0,0.21302376587405614,True
2008-11-13,0.6332855224609375,0.6332855224609375,2.0,0.21302376587405614,True
2008-11-14,0.7350946068763733,0.7350946068763733,2.0,0.21302376587405614,True
2008-11-17,0.61711585521698,0.61711585521698,2.0,0.21302376587405614,True
2008-11-18,0.6828290224075317,0.6828290224075317,2.0,0.21302376587405614,True
2008-11-19,0.8029599785804749,0.8029599785804749,2.0,0.21302376587405614,True
2008-11-20,0.8090627789497375,0.8090627789497375,2.0,0.21302376587405614,True
2008-11-21,0.5342225432395935,0.5342225432395935,2.0,0.0,True
2008-11-24,0.4988006055355072,0.4988006055355072,2.0,0.0,True
2008-11-25,0.5629231929779053,0.5629231929779053,2.0,0.1976119506729171,True
2008-11-26,0.5329036116600037,0.5329036116600037,2.0,0.0,True
2008-11-28,0.2902020215988159,0.2902020215988159,2.0,0.0,True
2008-12-01,0.729827880859375,0.729827880859375,2.0,0.18480107302475113,True
2008-12-02,0.5651739835739136,0.5651739835739136,2.0,0.18480107302475113,True
2008-12-03,0.5671188831329346,0.5671188831329346,2.0,0.18480107302475113,True
2008-12-04,0.6172040104866028,0.6172040104866028,2.0,0.18480107302475113,True
2008-12-05,0.6658691763877869,0.6658691763877869,2.0,0.18480107302475113,True
2008-12-08,0.48727014660835266,0.48727014660835266,2.0,0.0,True
2008-12-09,0.5406025648117065,0.5406025648117065,2.0,0.0,True
2008-12-10,0.4536362886428833,0.4536362886428833,2.0,0.0,True
2008-12-11,0.42551255226135254,0.42551255226135254,2.0,0.0,True
2008-12-12,0.5063918828964233,0.5063918828964233,2.0,0.0,True
2008-12-15,0.5019434094429016,0.5019434094429016,2.0,0.0,True
2008-12-16,0.5342376232147217,0.5342376232147217,2.0,0.0,True
2008-12-17,0.49071070551872253,0.49071070551872253,2.0,0.0,True
2008-12-18,0.5515255928039551,0.5515255928039551,2.0,0.0,True
2008-12-19,0.5105705857276917,0.5105705857276917,1.0,0.0,True
2008-12-22,0.5249530673027039,0.5249530673027039,1.0,0.0,True
2008-12-23,0.5949937105178833,0.5949937105178833,1.0,0.2622366757079091,True
2008-12-24,0.5217305421829224,0.5217305421829224,1.0,0.0,True
2008-12-26,0.5841519832611084,0.5841519832611084,1.0,0.27193072596829854,True
2008-12-29,0.6616517305374146,0.6616517305374146,1.0,0.27193072596829854,True
2008-12-30,0.5240516066551208,0.5240516066551208,1.0,0.0,True
2008-12-31,0.5212641358375549,0.5212641358375549,1.0,0.0,True
2009-01-02,0.5173088312149048,0.5173088312149048,1.0,0.0,True
2009-01-05,0.4417482614517212,0.4417482614517212,1.0,0.0,True
2009-01-06,0.3968997001647949,0.3968997001647949,0.0,0.0,True
2009-01-07,0.48875752091407776,0.48875752091407776,0.0,0.0,True
2009-01-08,0.45885664224624634,0.45885664224624634,0.0,0.0,True
2009-01-09,0.5388845801353455,0.5388845801353455,0.0,0.0,True
2009-01-12,0.4753199517726898,0.4753199517726898,0.0,0.0,True
2009-01-13,0.39171791076660156,0.39171791076660156,0.0,0.0,True
2009-01-14,0.5267781615257263,0.5267781615257263,1.0,0.0,True
2009-01-15,0.5341041088104248,0.5341041088104248,0.0,0.0,True
2009-01-16,0.4684722423553467,0.4684722423553467,0.0,0.0,True
2009-01-20,0.6253339648246765,0.6253339648246765,0.0,0.34022612517364215,True
2009-01-21,0.5186055302619934,0.5186055302619934,1.0,0.0,True
2009-01-22,0.46748068928718567,0.46748068928718567,2.0,0.0,True
2009-01-23,0.4254179894924164,0.4254179894924164,2.0,0.0,True
2009-01-26,0.4063795208930969,0.4063795208930969,2.0,0.0,True
2009-01-27,0.34030604362487793,0.34030604362487793,2.0,0.0,True
2009-01-28,0.35822224617004395,0.35822224617004395,2.0,0.0,True
2009-01-29,0.5191525220870972,0.5191525220870972,2.0,0.0,True
2009-01-30,0.49750328063964844,0.49750328063964844,2.0,0.0,True
2009-02-02,0.47217604517936707,0.47217604517936707,2.0,0.0,True
2009-02-03,0.49985507130622864,0.49985507130622864,2.0,0.0,True
2009-02-04,0.4761470854282379,0.4761470854282379,2.0,0.0,True
2009-02-05,0.4597621262073517,0.4597621262073517,1.0,0.0,True
2009-02-06,0.27882900834083557,0.27882900834083557,1.0,0.0,True
2009-02-09,0.3629772663116455,0.3629772663116455,1.0,0.0,True
2009-02-10,0.5031490921974182,0.5031490921974182,1.0,0.0,True
2009-02-11,0.3994406759738922,0.3994406759738922,1.0,0.0,True
2009-02-12,0.4635763168334961,0.4635763168334961,1.0,0.0,True
2009-02-13,0.4625230133533478,0.4625230133533478,1.0,0.0,True
2009-02-17,0.5688056349754333,0.5688056349754333,2.0,0.23389440530553662,True
2009-02-18,0.5565068125724792,0.5565068125724792,1.0,0.0,True
2009-02-19,0.6774232387542725,0.6774232387542725,1.0,0.26099912513820406,True
2009-02-20,0.6200318336486816,0.6200318336486816,1.0,0.3894883146776124,True
2009-02-23,0.518852710723877,0.518852710723877,1.0,0.0,True
2009-02-24,0.5417399406433105,0.5417399406433105,1.0,0.0,True
2009-02-25,0.5610171556472778,0.5610171556472778,1.0,0.3644603095250217,True
2009-02-26,0.5922138690948486,0.5922138690948486,1.0,0.3644603095250217,True
2009-02-27,0.5704313516616821,0.5704313516616821,1.0,0.3644603095250217,True
2009-03-02,0.7079984545707703,0.7079984545707703,1.0,0.3644603095250217,True
2009-03-03,0.5654093027114868,0.5654093027114868,1.0,0.3644603095250217,True
2009-03-04,0.49945229291915894,0.49945229291915894,0.0,0.0,True
2009-03-05,0.5668667554855347,0.5668667554855347,1.0,0.3970356681637852,True
2009-03-06,0.5384351015090942,0.5384351015090942,1.0,0.0,True
2009-03-09,0.4568798243999481,0.4568798243999481,1.0,0.0,True
2009-03-10,0.4780126214027405,0.4780126214027405,1.0,0.0,True
2009-03-11,0.45977795124053955,0.45977795124053955,1.0,0.0,True
2009-03-12,0.46669596433639526,0.46669596433639526,1.0,0.0,True
2009-03-13,0.504184365272522,0.504184365272522,1.0,0.0,True
2009-03-16,0.48310399055480957,0.48310399055480957,1.0,0.0,True
2009-03-17,0.45378535985946655,0.45378535985946655,1.0,0.0,True
2009-03-18,0.4265422523021698,0.4265422523021698,1.0,0.0,True
2009-03-19,0.4582441449165344,0.4582441449165344,1.0,0.0,True
2009-03-20,0.45309194922447205,0.45309194922447205,1.0,0.0,True
2009-03-23,0.6242112517356873,0.6242112517356873,1.0,0.27586011029912927,True
2009-03-24,0.5711482763290405,0.5711482763290405,1.0,0.27586011029912927,True
2009-03-25,0.6039097905158997,0.6039097905158997,1.0,0.27586011029912927,True
2009-03-26,0.7361345291137695,0.7361345291137695,1.0,0.27586011029912927,True
2009-03-27,0.4984709918498993,0.4984709918498993,1.0,0.0,True
2009-03-30,0.4197171628475189,0.4197171628475189,1.0,0.0,True
2009-03-31,0.6307433843612671,0.6307433843612671,1.0,0.24664251516869096,True
2009-04-01,0.6590292453765869,0.6590292453765869,1.0,0.24664251516869096,True
2009-04-02,0.5871248245239258,0.5871248245239258,1.0,0.24664251516869096,True
2009-04-03,0.5092126131057739,0.5092126131057739,1.0,0.0,True
2009-04-06,0.45274266600608826,0.45274266600608826,1.0,0.0,True
2009-04-07,0.531276524066925,0.531276524066925,1.0,0.0,True
2009-04-08,0.6414291858673096,0.6414291858673096,1.0,0.29078083931041976,True
2009-04-09,0.5944340229034424,0.5944340229034424,1.0,0.29078083931041976,True
2009-04-13,0.5221059918403625,0.5221059918403625,1.0,0.0,True
2009-04-14,0.602716326713562,0.602716326713562,1.0,0.29981905057781333,True
2009-04-15,0.643740713596344,0.643740713596344,1.0,0.29981905057781333,True
2009-04-16,0.5503697395324707,0.5503697395324707,1.0,0.0,True
2009-04-17,0.5987102389335632,0.5987102389335632,1.0,0.27744184608905487,True
2009-04-20,0.5317614674568176,0.5317614674568176,1.0,0.0,True
2009-04-21,0.567451536655426,0.567451536655426,1.0,0.3030121897199108,True
2009-04-22,0.5952387452125549,0.5952387452125549,1.0,0.3030121897199108,True
2009-04-23,0.6046649813652039,0.6046649813652039,1.0,0.3030121897199108,True
2009-04-24,0.7303831577301025,0.7303831577301025,1.0,0.3030121897199108,True
2009-04-27,0.5275322198867798,0.5275322198867798,1.0,0.0,True
2009-04-28,0.44388547539711,0.44388547539711,1.0,0.0,True
2009-04-29,0.4410513937473297,0.4410513937473297,1.0,0.0,True
2009-04-30,0.5329150557518005,0.5329150557518005,1.0,0.0,True
2009-05-01,0.5056624412536621,0.5056624412536621,1.0,0.0,True
2009-05-04,0.5040881037712097,0.5040881037712097,1.0,0.0,True
2009-05-05,0.5719199180603027,0.5719199180603027,1.0,0.29567157935360305,True
2009-05-06,0.5949094891548157,0.5949094891548157,1.0,0.29567157935360305,True
2009-05-07,0.6545695066452026,0.6545695066452026,1.0,0.29567157935360305,True
2009-05-08,0.6569812893867493,0.6569812893867493,1.0,0.29567157935360305,True
2009-05-11,0.6521953344345093,0.6521953344345093,1.0,0.29567157935360305,True
2009-05-12,0.6451570987701416,0.6451570987701416,1.0,0.29567157935360305,True
2009-05-13,0.5767409801483154,0.5767409801483154,1.0,0.29567157935360305,True
2009-05-14,0.5658616423606873,0.5658616423606873,1.0,0.29567157935360305,True
2009-05-15,0.5614703893661499,0.5614703893661499,1.0,0.29567157935360305,True
2009-05-18,0.5170727372169495,0.5170727372169495,1.0,0.0,True
2009-05-19,0.5806940197944641,0.5806940197944641,1.0,0.3370996382826384,True
2009-05-20,0.5789967179298401,0.5789967179298401,1.0,0.3370996382826384,True
2009-05-21,0.635705292224884,0.635705292224884,0.0,0.3370996382826384,True
2009-05-22,0.5521565079689026,0.5521565079689026,0.0,0.0,True
2009-05-26,0.6229874491691589,0.6229874491691589,0.0,0.5756107315897626,True
2009-05-27,0.6208773255348206,0.6208773255348206,0.0,0.5756107315897626,True
2009-05-28,0.6032106280326843,0.6032106280326843,0.0,0.5756107315897626,True
2009-05-29,0.5756257176399231,0.5756257176399231,0.0,0.5756107315897626,True
2009-06-01,0.5156185030937195,0.5156185030937195,0.0,0.0,True
2009-06-02,0.5600779056549072,0.5600779056549072,0.0,0.5545116930587526,True
2009-06-03,0.5216536521911621,0.5216536521911621,0.0,0.0,True
2009-06-04,0.521579921245575,0.521579921245575,0.0,0.0,True
2009-06-05,0.5146514177322388,0.5146514177322388,0.0,0.0,True
2009-06-08,0.5916658639907837,0.5916658639907837,0.0,0.6270797532197625,True
2009-06-09,0.5866572856903076,0.5866572856903076,0.0,0.6270797532197625,True
2009-06-10,0.5197688341140747,0.5197688341140747,0.0,0.0,True
2009-06-11,0.5186411142349243,0.5186411142349243,0.0,0.0,True
2009-06-12,0.4890192151069641,0.4890192151069641,0.0,0.0,True
2009-06-15,0.5011267066001892,0.5011267066001892,0.0,0.0,True
2009-06-16,0.5460485219955444,0.5460485219955444,0.0,0.0,True
2009-06-17,0.5194948315620422,0.5194948315620422,0.0,0.0,True
2009-06-18,0.43215689063072205,0.43215689063072205,0.0,0.0,True
2009-06-19,0.44072815775871277,0.44072815775871277,0.0,0.0,True
2009-06-22,0.5146529078483582,0.5146529078483582,0.0,0.0,True
2009-06-23,0.4894077777862549,0.4894077777862549,0.0,0.0,True
2009-06-24,0.48952019214630127,0.48952019214630127,0.0,0.0,True
2009-06-25,0.5228387713432312,0.5228387713432312,0.0,0.0,True
2009-06-26,0.5425843000411987,0.5425843000411987,0.0,0.0,True
2009-06-29,0.48670172691345215,0.48670172691345215,0.0,0.0,True
2009-06-30,0.49220138788223267,0.49220138788223267,0.0,0.0,True
2009-07-01,0.44207581877708435,0.44207581877708435,0.0,0.0,True
2009-07-02,0.6831940412521362,0.6831940412521362,0.0,0.5910807405876702,True
2009-07-06,0.6058425903320312,0.6058425903320312,0.0,0.5910807405876702,True
2009-07-07,0.604028582572937,0.604028582572937,0.0,0.5910807405876702,True
2009-07-08,0.4995559751987457,0.4995559751987457,0.0,0.0,True
2009-07-09,0.5363646149635315,0.5363646149635315,0.0,0.0,True
2009-07-10,0.5881711840629578,0.5881711840629578,0.0,0.5719328022205933,True
2009-07-13,0.5055542588233948,0.5055542588233948,0.0,0.0,True
2009-07-14,0.521308183670044,0.521308183670044,0.0,0.0,True
2009-07-15,0.505715012550354,0.505715012550354,0.0,0.0,True
2009-07-16,0.5025147795677185,0.5025147795677185,1.0,0.0,True
2009-07-17,0.4929266571998596,0.4929266571998596,0.0,0.0,True
2009-07-20,0.4967508018016815,0.4967508018016815,1.0,0.0,True
2009-07-21,0.49931037425994873,0.49931037425994873,0.0,0.0,True
2009-07-22,0.5574283003807068,0.5574283003807068,0.0,0.0,True
2009-07-23,0.5064277052879333,0.5064277052879333,0.0,0.0,True
2009-07-24,0.4488193690776825,0.4488193690776825,0.0,0.0,True
2009-07-27,0.49706798791885376,0.49706798791885376,0.0,0.0,True
2009-07-28,0.4794839322566986,0.4794839322566986,0.0,0.0,True
2009-07-29,0.4692893326282501,0.4692893326282501,0.0,0.0,True
2009-07-30,0.47162100672721863,0.47162100672721863,0.0,0.0,True
2009-07-31,0.489289253950119,0.489289253950119,0.0,0.0,True
2009-08-03,0.4065312147140503,0.4065312147140503,0.0,0.0,True
2009-08-04,0.4178694784641266,0.4178694784641266,0.0,0.0,True
2009-08-05,0.43190908432006836,0.43190908432006836,0.0,0.0,True
2009-08-06,0.4580470621585846,0.4580470621585846,0.0,0.0,True
2009-08-07,0.4318423569202423,0.4318423569202423,0.0,0.0,True
2009-08-10,0.6403604745864868,0.6403604745864868,0.0,0.3858516311091058,True
2009-08-11,0.5143413543701172,0.5143413543701172,0.0,0.0,True
2009-08-12,0.5383778810501099,0.5383778810501099,0.0,0.0,True
2009-08-13,0.5089259743690491,0.5089259743690491,0.0,0.0,True
2009-08-14,0.5169533491134644,0.5169533491134644,0.0,0.0,True
2009-08-17,0.47719624638557434,0.47719624638557434,0.0,0.0,True
2009-08-18,0.4681051969528198,0.4681051969528198,0.0,0.0,True
2009-08-19,0.516609251499176,0.516609251499176,0.0,0.0,True
2009-08-20,0.4696604013442993,0.4696604013442993,0.0,0.0,True
2009-08-21,0.5132657885551453,0.5132657885551453,0.0,0.0,True
2009-08-24,0.557052493095398,0.557052493095398,0.0,0.0,True
2009-08-25,0.43760716915130615,0.43760716915130615,0.0,0.0,True
2009-08-26,0.45216843485832214,0.45216843485832214,0.0,0.0,True
2009-08-27,0.5307667255401611,0.5307667255401611,0.0,0.0,True
2009-08-28,0.5887653231620789,0.5887653231620789,0.0,0.8018043841753216,True
2009-08-31,0.7439719438552856,0.7439719438552856,0.0,0.8018043841753216,True
2009-09-01,0.5860628485679626,0.5860628485679626,0.0,0.8018043841753216,True
2009-09-02,0.5778859257698059,0.5778859257698059,0.0,0.8018043841753216,True
2009-09-03,0.5117504000663757,0.5117504000663757,0.0,0.0,True
2009-09-04,0.5650596618652344,0.5650596618652344,0.0,0.693297921267118,True
2009-09-08,0.48956191539764404,0.48956191539764404,0.0,0.0,True
2009-09-09,0.516221284866333,0.516221284866333,0.0,0.0,True
2009-09-10,0.6135597825050354,0.6135597825050354,0.0,0.7408125813264371,True
2009-09-11,0.5061653256416321,0.5061653256416321,0.0,0.0,True
2009-09-14,0.5687958002090454,0.5687958002090454,0.0,0.7310353612834146,True
2009-09-15,0.5562306046485901,0.5562306046485901,0.0,0.0,True
2009-09-16,0.5646225810050964,0.5646225810050964,0.0,0.8313463073874386,True
2009-09-17,0.6273255348205566,0.6273255348205566,0.0,0.8313463073874386,True
2009-09-18,0.5673118233680725,0.5673118233680725,0.0,0.8313463073874386,True
2009-09-21,0.6252481341362,0.6252481341362,0.0,1.0,True
2009-09-22,0.560528576374054,0.560528576374054,0.0,1.0,True
2009-09-23,0.5955392122268677,0.5955392122268677,0.0,1.0,True
2009-09-24,0.5007778406143188,0.5007778406143188,0.0,0.0,True
2009-09-25,0.5904223322868347,0.5904223322868347,0.0,0.882633766321597,True
2009-09-28,0.5830202698707581,0.5830202698707581,0.0,0.882633766321597,True
2009-09-29,0.5859787464141846,0.5859787464141846,0.0,0.882633766321597,True
2009-09-30,0.6602783203125,0.6602783203125,0.0,1.0,True
2009-10-01,0.5063520669937134,0.5063520669937134,0.0,0.0,True
2009-10-02,0.5518882870674133,0.5518882870674133,0.0,0.0,True
2009-10-05,0.5620998740196228,0.5620998740196228,0.0,0.8543570743668291,True
2009-10-06,0.5563367009162903,0.5563367009162903,0.0,0.0,True
2009-10-07,0.49745821952819824,0.49745821952819824,0.0,0.0,True
2009-10-08,0.5883592963218689,0.5883592963218689,0.0,0.7497999851927136,True
2009-10-09,0.5382144451141357,0.5382144451141357,0.0,0.0,True
2009-10-12,0.5560348629951477,0.5560348629951477,0.0,0.0,True
2009-10-13,0.5885579586029053,0.5885579586029053,0.0,0.7550591105753431,True
2009-10-14,0.5643933415412903,0.5643933415412903,0.0,0.7550591105753431,True
2009-10-15,0.5826172232627869,0.5826172232627869,0.0,0.7550591105753431,True
2009-10-16,0.5050082802772522,0.5050082802772522,0.0,0.0,True
2009-10-19,0.4995434880256653,0.4995434880256653,0.0,0.0,True
2009-10-20,0.5094863772392273,0.5094863772392273,0.0,0.0,True
2009-10-21,0.4550793170928955,0.4550793170928955,0.0,0.0,True
2009-10-22,0.6041948199272156,0.6041948199272156,0.0,0.6919357649169569,True
2009-10-23,0.5698122382164001,0.5698122382164001,0.0,0.5412853520654238,True
2009-10-26,0.5613651275634766,0.5613651275634766,0.0,0.5412853520654238,True
2009-10-27,0.5383408069610596,0.5383408069610596,0.0,0.0,True
2009-10-28,0.5909358859062195,0.5909358859062195,0.0,0.5039977499979392,True
2009-10-29,0.5675326585769653,0.5675326585769653,0.0,0.5039977499979392,True
2009-10-30,0.6049638390541077,0.6049638390541077,0.0,0.5039977499979392,True
2009-11-02,0.6357760429382324,0.6357760429382324,0.0,0.5039977499979392,True
2009-11-03,0.5853127241134644,0.5853127241134644,0.0,0.5039977499979392,True
2009-11-04,0.5816264152526855,0.5816264152526855,0.0,0.5039977499979392,True
2009-11-05,0.5295019745826721,0.5295019745826721,0.0,0.0,True
2009-11-06,0.5507562756538391,0.5507562756538391,0.0,0.0,True
2009-11-09,0.48245593905448914,0.48245593905448914,0.0,0.0,True
2009-11-10,0.5334903001785278,0.5334903001785278,0.0,0.0,True
2009-11-11,0.519366443157196,0.519366443157196,0.0,0.0,True
2009-11-12,0.49817386269569397,0.49817386269569397,0.0,0.0,True
2009-11-13,0.4303605258464813,0.4303605258464813,0.0,0.0,True
2009-11-16,0.4864669442176819,0.4864669442176819,0.0,0.0,True
2009-11-17,0.46158918738365173,0.46158918738365173,0.0,0.0,True
2009-11-18,0.4236891567707062,0.4236891567707062,0.0,0.0,True
2009-11-19,0.4790974259376526,0.4790974259376526,0.0,0.0,True
2009-11-20,0.5936688780784607,0.5936688780784607,0.0,0.7631836926200861,True
2009-11-23,0.5541579127311707,0.5541579127311707,0.0,0.0,True
2009-11-24,0.5793266892433167,0.5793266892433167,0.0,0.8196197646233195,True
2009-11-25,0.6140269041061401,0.6140269041061401,0.0,0.8196197646233195,True
2009-11-27,0.6969786882400513,0.6969786882400513,0.0,0.8196197646233195,True
2009-11-30,0.6292362809181213,0.6292362809181213,0.0,0.8196197646233195,True
2009-12-01,0.6514366269111633,0.6514366269111633,0.0,0.8196197646233195,True
2009-12-02,0.5759614109992981,0.5759614109992981,0.0,0.8196197646233195,True
2009-12-03,0.5691430568695068,0.5691430568695068,0.0,0.8196197646233195,True
2009-12-04,0.6037576198577881,0.6037576198577881,0.0,0.9453513284911091,True
2009-12-07,0.6091130971908569,0.6091130971908569,0.0,0.9453513284911091,True
2009-12-08,0.6578544974327087,0.6578544974327087,0.0,0.9453513284911091,True
2009-12-09,0.6681234836578369,0.6681234836578369,0.0,0.9453513284911091,True
2009-12-10,0.6336807012557983,0.6336807012557983,0.0,0.9453513284911091,True
2009-12-11,0.5994991660118103,0.5994991660118103,0.0,0.9453513284911091,True
2009-12-14,0.6219362020492554,0.6219362020492554,0.0,0.9453513284911091,True
2009-12-15,0.6497648358345032,0.6497648358345032,0.0,0.9453513284911091,True
2009-12-16,0.7161489725112915,0.7161489725112915,0.0,0.9453513284911091,True
2009-12-17,0.5600540637969971,0.5600540637969971,0.0,0.9453513284911091,True
2009-12-18,0.6731666326522827,0.6731666326522827,0.0,0.9453513284911091,True
2009-12-21,0.6562969088554382,0.6562969088554382,0.0,0.9453513284911091,True
2009-12-22,0.6157482266426086,0.6157482266426086,0.0,0.9453513284911091,True
2009-12-23,0.5957950949668884,0.5957950949668884,0.0,0.9453513284911091,True
2009-12-24,0.5103859305381775,0.5103859305381775,0.0,0.0,True
2009-12-28,0.7772469520568848,0.7772469520568848,0.0,1.0,True
2009-12-29,0.71245938539505,0.71245938539505,0.0,1.0,True
2009-12-30,0.6466127634048462,0.6466127634048462,0.0,1.0,True
2009-12-31,0.5444444417953491,0.5444444417953491,0.0,0.0,True
2010-01-04,0.5741539597511292,0.5741539597511292,0.0,0.9176830431524879,True
2010-01-05,0.5449321269989014,0.5449321269989014,0.0,0.0,True
2010-01-06,0.5322149395942688,0.5322149395942688,0.0,0.0,True
2010-01-07,0.49471622705459595,0.49471622705459595,0.0,0.0,True
2010-01-08,0.5220735669136047,0.5220735669136047,0.0,0.0,True
2010-01-11,0.5639709830284119,0.5639709830284119,0.0,0.8664491219541584,True
2010-01-12,0.5293984413146973,0.5293984413146973,0.0,0.0,True
2010-01-13,0.49365177750587463,0.49365177750587463,0.0,0.0,True
2010-01-14,0.5241088271141052,0.5241088271141052,0.0,0.0,True
2010-01-15,0.5236639380455017,0.5236639380455017,0.0,0.0,True
2010-01-19,0.5649664402008057,0.5649664402008057,0.0,0.8445052889810059,True
2010-01-20,0.5076847076416016,0.5076847076416016,0.0,0.0,True
2010-01-21,0.553943932056427,0.553943932056427,0.0,0.0,True
2010-01-22,0.5900596380233765,0.5900596380233765,0.0,0.707051689216543,True
2010-01-25,0.4851710796356201,0.4851710796356201,0.0,0.0,True
2010-01-26,0.4915263056755066,0.4915263056755066,0.0,0.0,True
2010-01-27,0.5165029168128967,0.5165029168128967,0.0,0.0,True
2010-01-28,0.5374541878700256,0.5374541878700256,0.0,0.0,True
2010-01-29,0.6280337572097778,0.6280337572097778,0.0,0.6124767870777987,True
2010-02-01,0.5275035500526428,0.5275035500526428,0.0,0.0,True
2010-02-02,0.510258138179779,0.510258138179779,0.0,0.0,True
2010-02-03,0.5472957491874695,0.5472957491874695,0.0,0.0,True
2010-02-04,0.5794571042060852,0.5794571042060852,0.0,0.5933632727300621,True
2010-02-05,0.5342773199081421,0.5342773199081421,0.0,0.0,True
2010-02-08,0.48269689083099365,0.48269689083099365,0.0,0.0,True
2010-02-09,0.513403594493866,0.513403594493866,0.0,0.0,True
2010-02-10,0.44199642539024353,0.44199642539024353,0.0,0.0,True
2010-02-11,0.5294654965400696,0.5294654965400696,0.0,0.0,True
2010-02-12,0.5403102040290833,0.5403102040290833,0.0,0.0,True
2010-02-16,0.5529990792274475,0.5529990792274475,0.0,0.0,True
2010-02-17,0.5478236079216003,0.5478236079216003,0.0,0.0,True
2010-02-18,0.5010659098625183,0.5010659098625183,0.0,0.0,True
2010-02-19,0.5076388716697693,0.5076388716697693,0.0,0.0,True
2010-02-22,0.6420880556106567,0.6420880556106567,0.0,0.6922609759561904,True
2010-02-23,0.6346336603164673,0.6346336603164673,0.0,0.6922609759561904,True
2010-02-24,0.6152577996253967,0.6152577996253967,0.0,0.6922609759561904,True
2010-02-25,0.6350662708282471,0.6350662708282471,0.0,0.6922609759561904,True
2010-02-26,0.6773010492324829,0.6773010492324829,0.0,0.6922609759561904,True
2010-03-01,0.6665468811988831,0.6665468811988831,0.0,0.8607343547516912,True
2010-03-02,0.7086477279663086,0.7086477279663086,0.0,0.8607343547516912,True
2010-03-03,0.688190758228302,0.688190758228302,0.0,0.8607343547516912,True
2010-03-04,0.659298300743103,0.659298300743103,0.0,0.8607343547516912,True
2010-03-05,0.4810135066509247,0.4810135066509247,0.0,0.0,True
2010-03-08,0.5863959789276123,0.5863959789276123,0.0,0.9658813146401737,True
2010-03-09,0.6230041980743408,0.6230041980743408,0.0,0.9658813146401737,True
2010-03-10,0.6147507429122925,0.6147507429122925,0.0,0.9658813146401737,True
2010-03-11,0.6239887475967407,0.6239887475967407,0.0,0.9658813146401737,True
2010-03-12,0.7573928833007812,0.7573928833007812,0.0,0.9658813146401737,True
2010-03-15,0.766473114490509,0.766473114490509,0.0,0.9658813146401737,True
2010-03-16,0.6415697932243347,0.6415697932243347,0.0,0.9658813146401737,True
2010-03-17,0.5718796253204346,0.5718796253204346,0.0,0.9658813146401737,True
2010-03-18,0.620235025882721,0.620235025882721,0.0,0.9658813146401737,True
2010-03-19,0.6156309247016907,0.6156309247016907,0.0,0.9658813146401737,True
2010-03-22,0.6941429376602173,0.6941429376602173,0.0,0.9658813146401737,True
2010-03-23,0.3534138798713684,0.3534138798713684,0.0,0.0,True
2010-03-24,0.48304474353790283,0.48304474353790283,0.0,0.0,True
2010-03-25,0.505446195602417,0.505446195602417,0.0,0.0,True
2010-03-26,0.5851508378982544,0.5851508378982544,0.0,1.0,True
2010-03-29,0.591757595539093,0.591757595539093,0.0,1.0,True
2010-03-30,0.30668458342552185,0.30668458342552185,0.0,0.0,True
2010-03-31,0.39332035183906555,0.39332035183906555,0.0,0.0,True
2010-04-01,0.4569004476070404,0.4569004476070404,0.0,0.0,True
2010-04-05,0.44229015707969666,0.44229015707969666,0.0,0.0,True
2010-04-06,0.44944557547569275,0.44944557547569275,0.0,0.0,True
2010-04-07,0.3826444447040558,0.3826444447040558,0.0,0.0,True
2010-04-08,0.5578091144561768,0.5578091144561768,0.0,0.0,True
2010-04-09,0.5555527806282043,0.5555527806282043,0.0,0.0,True
2010-04-12,0.5726054310798645,0.5726054310798645,0.0,1.0,True
2010-04-13,0.5658301115036011,0.5658301115036011,0.0,1.0,True
2010-04-14,0.5291065573692322,0.5291065573692322,0.0,0.0,True
2010-04-15,0.47271928191185,0.47271928191185,0.0,0.0,True
2010-04-16,0.5798349380493164,0.5798349380493164,0.0,1.0,True
2010-04-19,0.523106038570404,0.523106038570404,0.0,0.0,True
2010-04-20,0.5226607918739319,0.5226607918739319,0.0,0.0,True
2010-04-21,0.48184123635292053,0.48184123635292053,0.0,0.0,True
2010-04-22,0.5235796570777893,0.5235796570777893,0.0,0.0,True
2010-04-23,0.6191624402999878,0.6191624402999878,0.0,1.0,True
2010-04-26,0.5659701228141785,0.5659701228141785,0.0,1.0,True
2010-04-27,0.534238874912262,0.534238874912262,0.0,0.0,True
2010-04-28,0.5209834575653076,0.5209834575653076,0.0,0.0,True
2010-04-29,0.5681601166725159,0.5681601166725159,0.0,1.0,True
2010-04-30,0.5483675599098206,0.5483675599098206,0.0,0.0,True
2010-05-03,0.5699034333229065,0.5699034333229065,0.0,1.0,True
2010-05-04,0.5205709934234619,0.5205709934234619,0.0,0.0,True
2010-05-05,0.44564738869667053,0.44564738869667053,0.0,0.0,True
2010-05-06,0.5613347887992859,0.5613347887992859,0.0,0.7873459057626029,True
2010-05-07,0.4761268198490143,0.4761268198490143,0.0,0.0,True
2010-05-10,0.43145665526390076,0.43145665526390076,0.0,0.0,True
2010-05-11,0.48790305852890015,0.48790305852890015,0.0,0.0,True
2010-05-12,0.4283033013343811,0.4283033013343811,0.0,0.0,True
2010-05-13,0.4529842436313629,0.4529842436313629,0.0,0.0,True
2010-05-14,0.5128582119941711,0.5128582119941711,0.0,0.0,True
2010-05-17,0.590033769607544,0.590033769607544,0.0,0.6584313012766325,True
2010-05-18,0.5263789296150208,0.5263789296150208,0.0,0.0,True
2010-05-19,0.6489940881729126,0.6489940881729126,0.0,0.6702686761682514,True
2010-05-20,0.6482020020484924,0.6482020020484924,0.0,0.6702686761682514,True
2010-05-21,0.6482226848602295,0.6482226848602295,0.0,0.6702686761682514,True
2010-05-24,0.5800267457962036,0.5800267457962036,0.0,0.6702686761682514,True
2010-05-25,0.5665941834449768,0.5665941834449768,0.0,0.6702686761682514,True
2010-05-26,0.6015814542770386,0.6015814542770386,0.0,0.5429154726193602,True
2010-05-27,0.381348192691803,0.381348192691803,0.0,0.0,True
2010-05-28,0.32912391424179077,0.32912391424179077,0.0,0.0,True
2010-06-01,0.3772921860218048,0.3772921860218048,0.0,0.0,True
2010-06-02,0.41126811504364014,0.41126811504364014,0.0,0.0,True
2010-06-03,0.430318146944046,0.430318146944046,0.0,0.0,True
2010-06-04,0.45305001735687256,0.45305001735687256,0.0,0.0,True
2010-06-07,0.4851383566856384,0.4851383566856384,0.0,0.0,True
2010-06-08,0.452302485704422,0.452302485704422,0.0,0.0,True
2010-06-09,0.5523093938827515,0.5523093938827515,0.0,0.0,True
2010-06-10,0.4881504774093628,0.4881504774093628,0.0,0.0,True
2010-06-11,0.45129090547561646,0.45129090547561646,0.0,0.0,True
2010-06-14,0.41600680351257324,0.41600680351257324,0.0,0.0,True
2010-06-15,0.48436036705970764,0.48436036705970764,0.0,0.0,True
2010-06-16,0.43349578976631165,0.43349578976631165,0.0,0.0,True
2010-06-17,0.4724929630756378,0.4724929630756378,0.0,0.0,True
2010-06-18,0.4106317162513733,0.4106317162513733,0.0,0.0,True
2010-06-21,0.4976418912410736,0.4976418912410736,0.0,0.0,True
2010-06-22,0.5594015717506409,0.5594015717506409,1.0,0.0,True
2010-06-23,0.5971238017082214,0.5971238017082214,1.0,0.4210769479249355,True
2010-06-24,0.6030271053314209,0.6030271053314209,1.0,0.4210769479249355,True
2010-06-25,0.6897053718566895,0.6897053718566895,0.0,0.4210769479249355,True
2010-06-28,0.7008795738220215,0.7008795738220215,1.0,0.4210769479249355,True
2010-06-29,0.6738712191581726,0.6738712191581726,1.0,0.4210769479249355,True
2010-06-30,0.5617055296897888,0.5617055296897888,1.0,0.4210769479249355,True
2010-07-01,0.49233654141426086,0.49233654141426086,0.0,0.0,True
2010-07-02,0.4335983097553253,0.4335983097553253,0.0,0.0,True
2010-07-06,0.4106357991695404,0.4106357991695404,0.0,0.0,True
2010-07-07,0.49917274713516235,0.49917274713516235,0.0,0.0,True
2010-07-08,0.5176865458488464,0.5176865458488464,0.0,0.0,True
2010-07-09,0.5777000784873962,0.5777000784873962,0.0,0.49813518384765454,True
2010-07-12,0.5107663869857788,0.5107663869857788,0.0,0.0,True
2010-07-13,0.5082733035087585,0.5082733035087585,0.0,0.0,True
2010-07-14,0.4459834396839142,0.4459834396839142,0.0,0.0,True
2010-07-15,0.46442994475364685,0.46442994475364685,0.0,0.0,True
2010-07-16,0.46640846133232117,0.46640846133232117,0.0,0.0,True
2010-07-19,0.4220125377178192,0.4220125377178192,0.0,0.0,True
2010-07-20,0.4547670781612396,0.4547670781612396,0.0,0.0,True
2010-07-21,0.5266380310058594,0.5266380310058594,0.0,0.0,True
2010-07-22,0.4632653594017029,0.4632653594017029,0.0,0.0,True
2010-07-23,0.44750919938087463,0.44750919938087463,0.0,0.0,True
2010-07-26,0.4086053669452667,0.4086053669452667,0.0,0.0,True
2010-07-27,0.3767186999320984,0.3767186999320984,0.0,0.0,True
2010-07-28,0.4540770351886749,0.4540770351886749,0.0,0.0,True
2010-07-29,0.6315745115280151,0.6315745115280151,1.0,0.7236423288430819,True
2010-07-30,0.5260064601898193,0.5260064601898193,0.0,0.0,True
2010-08-02,0.5386934876441956,0.5386934876441956,0.0,0.0,True
2010-08-03,0.5449446439743042,0.5449446439743042,0.0,0.0,True
2010-08-04,0.5285886526107788,0.5285886526107788,0.0,0.0,True
2010-08-05,0.48715338110923767,0.48715338110923767,0.0,0.0,True
2010-08-06,0.5478346347808838,0.5478346347808838,0.0,0.0,True
2010-08-09,0.5605259537696838,0.5605259537696838,0.0,0.706696891230221,True
2010-08-10,0.5597747564315796,0.5597747564315796,0.0,0.0,True
2010-08-11,0.5255677103996277,0.5255677103996277,0.0,0.0,True
2010-08-12,0.5565840005874634,0.5565840005874634,0.0,0.0,True
2010-08-13,0.6550204753875732,0.6550204753875732,0.0,0.7184211082420332,True
2010-08-16,0.6500129103660583,0.6500129103660583,0.0,0.7184211082420332,True
2010-08-17,0.49401360750198364,0.49401360750198364,0.0,0.0,True
2010-08-18,0.563409149646759,0.563409149646759,0.0,0.7459201755552164,True
2010-08-19,0.587530255317688,0.587530255317688,0.0,0.8510215847642797,True
2010-08-20,0.5105715394020081,0.5105715394020081,0.0,0.0,True
2010-08-23,0.552104115486145,0.552104115486145,0.0,0.0,True
2010-08-24,0.5637644529342651,0.5637644529342651,0.0,0.8776553983453715,True
2010-08-25,0.5636917352676392,0.5636917352676392,0.0,0.8776553983453715,True
2010-08-26,0.5774815082550049,0.5774815082550049,0.0,0.8776553983453715,True
2010-08-27,0.5841842293739319,0.5841842293739319,0.0,0.8776553983453715,True
2010-08-30,0.6015627384185791,0.6015627384185791,0.0,0.9842970608476763,True
2010-08-31,0.5756253004074097,0.5756253004074097,0.0,0.9842970608476763,True
2010-09-01,0.5775769948959351,0.5775769948959351,0.0,0.9842970608476763,True
2010-09-02,0.6121501326560974,0.6121501326560974,0.0,0.9842970608476763,True
2010-09-03,0.5354230403900146,0.5354230403900146,0.0,0.0,True
2010-09-07,0.5701475143432617,0.5701475143432617,0.0,0.8571446965708807,True
2010-09-08,0.5484263896942139,0.5484263896942139,0.0,0.0,True
2010-09-09,0.5669801235198975,0.5669801235198975,0.0,0.9335297457029554,True
2010-09-10,0.5694812536239624,0.5694812536239624,0.0,0.9335297457029554,True
2010-09-13,0.5114530920982361,0.5114530920982361,0.0,0.0,True
2010-09-14,0.39361461997032166,0.39361461997032166,0.0,0.0,True
2010-09-15,0.4069370925426483,0.4069370925426483,0.0,0.0,True
2010-09-16,0.42808884382247925,0.42808884382247925,0.0,0.0,True
2010-09-17,0.4031367301940918,0.4031367301940918,0.0,0.0,True
2010-09-20,0.5122944712638855,0.5122944712638855,0.0,0.0,True
2010-09-21,0.5227917432785034,0.5227917432785034,0.0,0.0,True
2010-09-22,0.5235387682914734,0.5235387682914734,0.0,0.0,True
2010-09-23,0.5647250413894653,0.5647250413894653,0.0,0.5979857764722042,True
2010-09-24,0.48591098189353943,0.48591098189353943,0.0,0.0,True
2010-09-27,0.5127350687980652,0.5127350687980652,0.0,0.0,True
2010-09-28,0.5644904971122742,0.5644904971122742,0.0,0.6096543269733437,True
2010-09-29,0.60833740234375,0.60833740234375,0.0,0.6096543269733437,True
2010-09-30,0.5903231501579285,0.5903231501579285,0.0,0.6096543269733437,True
2010-10-01,0.6864997148513794,0.6864997148513794,0.0,0.6096543269733437,True
2010-10-04,0.6016663312911987,0.6016663312911987,0.0,0.6096543269733437,True
2010-10-05,0.5419837236404419,0.5419837236404419,0.0,0.0,True
2010-10-06,0.5145692825317383,0.5145692825317383,0.0,0.0,True
2010-10-07,0.5167605876922607,0.5167605876922607,0.0,0.0,True
2010-10-08,0.5081238150596619,0.5081238150596619,0.0,0.0,True
2010-10-11,0.574327826499939,0.574327826499939,0.0,0.9641335430684056,True
2010-10-12,0.6200426816940308,0.6200426816940308,0.0,0.9641335430684056,True
2010-10-13,0.5453259944915771,0.5453259944915771,0.0,0.0,True
2010-10-14,0.5347358584403992,0.5347358584403992,0.0,0.0,True
2010-10-15,0.48496076464653015,0.48496076464653015,0.0,0.0,True
2010-10-18,0.5839630961418152,0.5839630961418152,0.0,0.8308558417546354,True
2010-10-19,0.48813819885253906,0.48813819885253906,0.0,0.0,True
2010-10-20,0.49811580777168274,0.49811580777168274,0.0,0.0,True
2010-10-21,0.4818775951862335,0.4818775951862335,0.0,0.0,True
2010-10-22,0.4998973309993744,0.4998973309993744,0.0,0.0,True
2010-10-25,0.4832793176174164,0.4832793176174164,0.0,0.0,True
2010-10-26,0.5759479999542236,0.5759479999542236,0.0,0.7262119056714803,True
2010-10-27,0.520941972732544,0.520941972732544,0.0,0.0,True
2010-10-28,0.5083521604537964,0.5083521604537964,0.0,0.0,True
2010-10-29,0.5290234088897705,0.5290234088897705,0.0,0.0,True
2010-11-01,0.5294870138168335,0.5294870138168335,0.0,0.0,True
2010-11-02,0.5172297358512878,0.5172297358512878,0.0,0.0,True
2010-11-03,0.5511879920959473,0.5511879920959473,0.0,0.0,True
2010-11-04,0.5537542104721069,0.5537542104721069,0.0,0.0,True
2010-11-05,0.5860611796379089,0.5860611796379089,0.0,0.7362373556764322,True
2010-11-08,0.7333728671073914,0.7333728671073914,0.0,0.7362373556764322,True
2010-11-09,0.6269603371620178,0.6269603371620178,0.0,0.7362373556764322,True
2010-11-10,0.6733198761940002,0.6733198761940002,0.0,0.7362373556764322,True
2010-11-11,0.6952210068702698,0.6952210068702698,0.0,0.7362373556764322,True
2010-11-12,0.6171466708183289,0.6171466708183289,0.0,0.7362373556764322,True
2010-11-15,0.6096659898757935,0.6096659898757935,0.0,0.7362373556764322,True
2010-11-16,0.6705839037895203,0.6705839037895203,0.0,0.8522073527810634,True
2010-11-17,0.638367235660553,0.638367235660553,0.0,0.8522073527810634,True
2010-11-18,0.5835426449775696,0.5835426449775696,0.0,0.8522073527810634,True
2010-11-19,0.5854139924049377,0.5854139924049377,0.0,0.8522073527810634,True
2010-11-22,0.5531339049339294,0.5531339049339294,0.0,0.0,True
2010-11-23,0.6480950117111206,0.6480950117111206,0.0,0.8731820768414164,True
2010-11-24,0.5218284726142883,0.5218284726142883,0.0,0.0,True
2010-11-26,0.448056161403656,0.448056161403656,0.0,0.0,True
2010-11-29,0.4886608421802521,0.4886608421802521,0.0,0.0,True
2010-11-30,0.48935890197753906,0.48935890197753906,0.0,0.0,True
2010-12-01,0.5736804604530334,0.5736804604530334,0.0,0.8180089680892412,True
2010-12-02,0.5437300205230713,0.5437300205230713,0.0,0.0,True
2010-12-03,0.5229325294494629,0.5229325294494629,0.0,0.0,True
2010-12-06,0.515570878982544,0.515570878982544,0.0,0.0,True
2010-12-07,0.5118075609207153,0.5118075609207153,0.0,0.0,True
2010-12-08,0.5048766732215881,0.5048766732215881,0.0,0.0,True
2010-12-09,0.5870097279548645,0.5870097279548645,0.0,0.6835450514031868,True
2010-12-10,0.5900603532791138,0.5900603532791138,0.0,0.6835450514031868,True
2010-12-13,0.601184606552124,0.601184606552124,0.0,0.6835450514031868,True
2010-12-14,0.5465143918991089,0.5465143918991089,0.0,0.0,True
2010-12-15,0.5785726308822632,0.5785726308822632,0.0,0.719306968156871,True
2010-12-16,0.5639719367027283,0.5639719367027283,0.0,0.719306968156871,True
2010-12-17,0.5997205376625061,0.5997205376625061,0.0,0.719306968156871,True
2010-12-20,0.6045276522636414,0.6045276522636414,0.0,0.719306968156871,True
2010-12-21,0.5648069977760315,0.5648069977760315,0.0,0.719306968156871,True
2010-12-22,0.6162970066070557,0.6162970066070557,0.0,0.8672045334471457,True
2010-12-23,0.5791065096855164,0.5791065096855164,0.0,0.8672045334471457,True
2010-12-27,0.5111941695213318,0.5111941695213318,0.0,0.0,True
2010-12-28,0.6119612455368042,0.6119612455368042,0.0,0.8464401002183188,True
2010-12-29,0.6149839162826538,0.6149839162826538,0.0,0.8464401002183188,True
2010-12-30,0.6921722888946533,0.6921722888946533,0.0,0.9911794321495747,True
2010-12-31,0.4663562476634979,0.4663562476634979,0.0,0.0,True
2011-01-03,0.46896812319755554,0.46896812319755554,0.0,0.0,True
2011-01-04,0.5503851771354675,0.5503851771354675,0.0,0.0,True
2011-01-05,0.36351168155670166,0.36351168155670166,0.0,0.0,True
2011-01-06,0.646867036819458,0.646867036819458,0.0,1.0,True
2011-01-07,0.6528707146644592,0.6528707146644592,0.0,1.0,True
2011-01-10,0.5496721863746643,0.5496721863746643,0.0,0.0,True
2011-01-11,0.5267714262008667,0.5267714262008667,0.0,0.0,True
2011-01-12,0.6498854756355286,0.6498854756355286,0.0,1.0,True
2011-01-13,0.566544234752655,0.566544234752655,0.0,1.0,True
2011-01-14,0.5884780287742615,0.5884780287742615,0.0,1.0,True
2011-01-18,0.6776382923126221,0.6776382923126221,0.0,1.0,True
2011-01-19,0.6164196133613586,0.6164196133613586,0.0,1.0,True
2011-01-20,0.567831814289093,0.567831814289093,0.0,1.0,True
2011-01-21,0.5602235198020935,0.5602235198020935,0.0,1.0,True
2011-01-24,0.5893492102622986,0.5893492102622986,0.0,0.8825673475576798,True
2011-01-25,0.5734677910804749,0.5734677910804749,0.0,0.8825673475576798,True
2011-01-26,0.6329415440559387,0.6329415440559387,0.0,0.8825673475576798,True
2011-01-27,0.6453108787536621,0.6453108787536621,0.0,0.8825673475576798,True
2011-01-28,0.48613491654396057,0.48613491654396057,0.0,0.0,True
2011-01-31,0.44620463252067566,0.44620463252067566,0.0,0.0,True
2011-02-01,0.44199037551879883,0.44199037551879883,0.0,0.0,True
2011-02-02,0.4509923756122589,0.4509923756122589,0.0,0.0,True
2011-02-03,0.5275660157203674,0.5275660157203674,0.0,0.0,True
2011-02-04,0.5620287656784058,0.5620287656784058,0.0,0.751512809284382,True
2011-02-07,0.5073443651199341,0.5073443651199341,0.0,0.0,True
2011-02-08,0.5425373315811157,0.5425373315811157,0.0,0.0,True
2011-02-09,0.5265471935272217,0.5265471935272217,0.0,0.0,True
2011-02-10,0.4948018193244934,0.4948018193244934,0.0,0.0,True
2011-02-11,0.4986666440963745,0.4986666440963745,0.0,0.0,True
2011-02-14,0.5597442388534546,0.5597442388534546,0.0,0.0,True
2011-02-15,0.5996420979499817,0.5996420979499817,0.0,0.7726638019286353,True
2011-02-16,0.563585638999939,0.563585638999939,0.0,0.7726638019286353,True
2011-02-17,0.5604268908500671,0.5604268908500671,0.0,0.7726638019286353,True
2011-02-18,0.556083619594574,0.556083619594574,0.0,0.0,True
2011-02-22,0.5774954557418823,0.5774954557418823,0.0,0.7723950356411229,True
2011-02-23,0.5831509232521057,0.5831509232521057,0.0,0.7723950356411229,True
2011-02-24,0.6004663705825806,0.6004663705825806,0.0,0.7723950356411229,True
2011-02-25,0.5475383996963501,0.5475383996963501,0.0,0.0,True
2011-02-28,0.5304000377655029,0.5304000377655029,0.0,0.0,True
2011-03-01,0.5421691536903381,0.5421691536903381,0.0,0.0,True
2011-03-02,0.5147310495376587,0.5147310495376587,0.0,0.0,True
2011-03-03,0.49917054176330566,0.49917054176330566,0.0,0.0,True
2011-03-04,0.49280017614364624,0.49280017614364624,0.0,0.0,True
2011-03-07,0.5193418264389038,0.5193418264389038,0.0,0.0,True
2011-03-08,0.48046591877937317,0.48046591877937317,0.0,0.0,True
2011-03-09,0.4741615355014801,0.4741615355014801,0.0,0.0,True
2011-03-10,0.6996856331825256,0.6996856331825256,0.0,1.0,True
2011-03-11,0.6613380908966064,0.6613380908966064,0.0,1.0,True
2011-03-14,0.6727465391159058,0.6727465391159058,0.0,1.0,True
2011-03-15,0.6326050758361816,0.6326050758361816,0.0,1.0,True
2011-03-16,0.6448590755462646,0.6448590755462646,0.0,1.0,True
2011-03-17,0.6116943359375,0.6116943359375,0.0,1.0,True
2011-03-18,0.6647506952285767,0.6647506952285767,0.0,1.0,True
2011-03-21,0.6608045101165771,0.6608045101165771,0.0,0.8550246102321243,True
2011-03-22,0.6749362945556641,0.6749362945556641,0.0,0.8550246102321243,True
2011-03-23,0.721035361289978,0.721035361289978,0.0,0.8550246102321243,True
2011-03-24,0.7218100428581238,0.7218100428581238,0.0,0.8550246102321243,True
2011-03-25,0.7272153496742249,0.7272153496742249,0.0,0.8550246102321243,True
2011-03-28,0.715473473072052,0.715473473072052,0.0,0.8550246102321243,True
2011-03-29,0.7421983480453491,0.7421983480453491,0.0,0.8550246102321243,True
2011-03-30,0.7143474221229553,0.7143474221229553,0.0,0.8550246102321243,True
2011-03-31,0.7230294942855835,0.7230294942855835,0.0,0.8550246102321243,True
2011-04-01,0.7257415652275085,0.7257415652275085,0.0,0.8550246102321243,True
2011-04-04,0.7436385154724121,0.7436385154724121,0.0,0.8550246102321243,True
2011-04-05,0.7306492328643799,0.7306492328643799,0.0,0.8550246102321243,True
2011-04-06,0.7013230323791504,0.7013230323791504,0.0,0.8550246102321243,True
2011-04-07,0.7576000094413757,0.7576000094413757,0.0,0.8550246102321243,True
2011-04-08,0.5340545177459717,0.5340545177459717,0.0,0.0,True
2011-04-11,0.5325362086296082,0.5325362086296082,0.0,0.0,True
2011-04-12,0.569944441318512,0.569944441318512,0.0,0.9305348147896833,True
2011-04-13,0.6362094283103943,0.6362094283103943,0.0,0.9305348147896833,True
2011-04-14,0.6655392050743103,0.6655392050743103,0.0,0.9305348147896833,True
2011-04-15,0.6423068046569824,0.6423068046569824,0.0,0.9305348147896833,True
2011-04-18,0.5752800107002258,0.5752800107002258,0.0,0.9305348147896833,True
2011-04-19,0.5510954260826111,0.5510954260826111,0.0,0.0,True
2011-04-20,0.5379006862640381,0.5379006862640381,0.0,0.0,True
2011-04-21,0.57306969165802,0.57306969165802,0.0,1.0,True
2011-04-25,0.5375257730484009,0.5375257730484009,0.0,0.0,True
2011-04-26,0.5583860874176025,0.5583860874176025,0.0,0.0,True
2011-04-27,0.5237610340118408,0.5237610340118408,0.0,0.0,True
2011-04-28,0.45299243927001953,0.45299243927001953,0.0,0.0,True
2011-04-29,0.5186142921447754,0.5186142921447754,0.0,0.0,True
2011-05-02,0.5374191403388977,0.5374191403388977,0.0,0.0,True
2011-05-03,0.5162162780761719,0.5162162780761719,0.0,0.0,True
2011-05-04,0.5009109973907471,0.5009109973907471,0.0,0.0,True
2011-05-05,0.5504022836685181,0.5504022836685181,0.0,0.0,True
2011-05-06,0.5510112643241882,0.5510112643241882,0.0,0.0,True
2011-05-09,0.58217853307724,0.58217853307724,0.0,0.7492203395113123,True
2011-05-10,0.5610142946243286,0.5610142946243286,0.0,0.7492203395113123,True
2011-05-11,0.5860214233398438,0.5860214233398438,0.0,0.7492203395113123,True
2011-05-12,0.5933359861373901,0.5933359861373901,0.0,0.7492203395113123,True
2011-05-13,0.5956875085830688,0.5956875085830688,0.0,0.7492203395113123,True
2011-05-16,0.5811938643455505,0.5811938643455505,0.0,0.7492203395113123,True
2011-05-17,0.5391272902488708,0.5391272902488708,0.0,0.0,True
2011-05-18,0.5459930896759033,0.5459930896759033,0.0,0.0,True
2011-05-19,0.5408244729042053,0.5408244729042053,0.0,0.0,True
2011-05-20,0.5260693430900574,0.5260693430900574,0.0,0.0,True
2011-05-23,0.562044084072113,0.562044084072113,0.0,0.7779234593177643,True
2011-05-24,0.49907854199409485,0.49907854199409485,0.0,0.0,True
2011-05-25,0.5217782855033875,0.5217782855033875,0.0,0.0,True
2011-05-26,0.5835493206977844,0.5835493206977844,0.0,0.8502989047171943,True
2011-05-27,0.614872395992279,0.614872395992279,0.0,1.0,True
2011-05-31,0.5269122123718262,0.5269122123718262,0.0,0.0,True
2011-06-01,0.6288008093833923,0.6288008093833923,0.0,0.8915250539417391,True
2011-06-02,0.5433093905448914,0.5433093905448914,0.0,0.0,True
2011-06-03,0.46255260705947876,0.46255260705947876,0.0,0.0,True
2011-06-06,0.5242273807525635,0.5242273807525635,0.0,0.0,True
2011-06-07,0.5460589528083801,0.5460589528083801,0.0,0.0,True
2011-06-08,0.5412970185279846,0.5412970185279846,0.0,0.0,True
2011-06-09,0.5648706555366516,0.5648706555366516,0.0,0.9180146693113108,True
2011-06-10,0.5534082055091858,0.5534082055091858,0.0,0.0,True
2011-06-13,0.5919512510299683,0.5919512510299683,0.0,0.8684139588533643,True
2011-06-14,0.5493935942649841,0.5493935942649841,0.0,0.0,True
2011-06-15,0.5046797394752502,0.5046797394752502,0.0,0.0,True
2011-06-16,0.5702452063560486,0.5702452063560486,0.0,0.8357531043197496,True
2011-06-17,0.5515486001968384,0.5515486001968384,0.0,0.0,True
2011-06-20,0.5399645566940308,0.5399645566940308,0.0,0.0,True
2011-06-21,0.543232262134552,0.543232262134552,0.0,0.0,True
2011-06-22,0.5452600717544556,0.5452600717544556,0.0,0.0,True
2011-06-23,0.5320102572441101,0.5320102572441101,0.0,0.0,True
2011-06-24,0.5102303624153137,0.5102303624153137,0.0,0.0,True
2011-06-27,0.47663769125938416,0.47663769125938416,0.0,0.0,True
2011-06-28,0.47983136773109436,0.47983136773109436,0.0,0.0,True
2011-06-29,0.4013712704181671,0.4013712704181671,0.0,0.0,True
2011-06-30,0.46111875772476196,0.46111875772476196,0.0,0.0,True
2011-07-01,0.5178490281105042,0.5178490281105042,0.0,0.0,True
2011-07-05,0.4864637553691864,0.4864637553691864,0.0,0.0,True
2011-07-06,0.5537289977073669,0.5537289977073669,0.0,0.0,True
2011-07-07,0.5509573817253113,0.5509573817253113,0.0,0.0,True
2011-07-08,0.5339128375053406,0.5339128375053406,0.0,0.0,True
2011-07-11,0.5142203569412231,0.5142203569412231,0.0,0.0,True
2011-07-12,0.49380993843078613,0.49380993843078613,0.0,0.0,True
2011-07-13,0.5275859832763672,0.5275859832763672,0.0,0.0,True
2011-07-14,0.6404595375061035,0.6404595375061035,0.0,0.7690956686380126,True
2011-07-15,0.48862048983573914,0.48862048983573914,0.0,0.0,True
2011-07-18,0.6215483546257019,0.6215483546257019,0.0,0.7528280234843515,True
2011-07-19,0.5791022181510925,0.5791022181510925,0.0,0.7528280234843515,True
2011-07-20,0.548765242099762,0.548765242099762,0.0,0.0,True
2011-07-21,0.6126631498336792,0.6126631498336792,0.0,0.6277257009133055,True
2011-07-22,0.6027417182922363,0.6027417182922363,0.0,0.6277257009133055,True
2011-07-25,0.5815641283988953,0.5815641283988953,0.0,0.6277257009133055,True
2011-07-26,0.4937956929206848,0.4937956929206848,0.0,0.0,True
2011-07-27,0.658547580242157,0.658547580242157,0.0,0.679556963288493,True
2011-07-28,0.601561963558197,0.601561963558197,0.0,0.679556963288493,True
2011-07-29,0.5886062383651733,0.5886062383651733,0.0,0.679556963288493,True
2011-08-01,0.6268128156661987,0.6268128156661987,0.0,0.679556963288493,True
2011-08-02,0.692924439907074,0.692924439907074,0.0,0.679556963288493,True
2011-08-03,0.6248011589050293,0.6248011589050293,0.0,0.679556963288493,True
2011-08-04,0.6175084710121155,0.6175084710121155,0.0,0.5751014670169092,True
2011-08-05,0.6455057263374329,0.6455057263374329,0.0,0.5751014670169092,True
2011-08-08,0.6249733567237854,0.6249733567237854,0.0,0.5751014670169092,True
2011-08-09,0.47779083251953125,0.47779083251953125,0.0,0.0,True
2011-08-10,0.459828644990921,0.459828644990921,0.0,0.0,True
2011-08-11,0.43505194783210754,0.43505194783210754,0.0,0.0,True
2011-08-12,0.4377155303955078,0.4377155303955078,0.0,0.0,True
2011-08-15,0.36964213848114014,0.36964213848114014,0.0,0.0,True
2011-08-16,0.3861033022403717,0.3861033022403717,1.0,0.0,True
2011-08-17,0.4447004199028015,0.4447004199028015,0.0,0.0,True
2011-08-18,0.5317592024803162,0.5317592024803162,0.0,0.0,True
2011-08-19,0.5378754138946533,0.5378754138946533,1.0,0.0,True
2011-08-22,0.6319383978843689,0.6319383978843689,1.0,0.37384339987249204,True
2011-08-23,0.5091057419776917,0.5091057419776917,1.0,0.0,True
2011-08-24,0.4691184461116791,0.4691184461116791,1.0,0.0,True
2011-08-25,0.530638575553894,0.530638575553894,1.0,0.0,True
2011-08-26,0.5249488353729248,0.5249488353729248,1.0,0.0,True
2011-08-29,0.4549006521701813,0.4549006521701813,1.0,0.0,True
2011-08-30,0.431401789188385,0.431401789188385,0.0,0.0,True
2011-08-31,0.38041388988494873,0.38041388988494873,1.0,0.0,True
2011-09-01,0.390994131565094,0.390994131565094,0.0,0.0,True
2011-09-02,0.3905714750289917,0.3905714750289917,0.0,0.0,True
2011-09-06,0.4761781692504883,0.4761781692504883,1.0,0.0,True
2011-09-07,0.4713759422302246,0.4713759422302246,0.0,0.0,True
2011-09-08,0.49570509791374207,0.49570509791374207,1.0,0.0,True
2011-09-09,0.4728632867336273,0.4728632867336273,0.0,0.0,True
2011-09-12,0.5488836169242859,0.5488836169242859,0.0,0.0,True
2011-09-13,0.5086303949356079,0.5086303949356079,0.0,0.0,True
2011-09-14,0.5382193922996521,0.5382193922996521,0.0,0.0,True
2011-09-15,0.5010577440261841,0.5010577440261841,0.0,0.0,True
2011-09-16,0.45373642444610596,0.45373642444610596,0.0,0.0,True
2011-09-19,0.4312637746334076,0.4312637746334076,0.0,0.0,True
2011-09-20,0.4892300069332123,0.4892300069332123,0.0,0.0,True
2011-09-21,0.5724325776100159,0.5724325776100159,0.0,0.5624263833354842,True
2011-09-22,0.5973713994026184,0.5973713994026184,0.0,0.5624263833354842,True
2011-09-23,0.5383156538009644,0.5383156538009644,0.0,0.0,True
2011-09-26,0.5433329343795776,0.5433329343795776,0.0,0.0,True
2011-09-27,0.48606207966804504,0.48606207966804504,0.0,0.0,True
2011-09-28,0.5580326318740845,0.5580326318740845,0.0,0.0,True
2011-09-29,0.511553168296814,0.511553168296814,0.0,0.0,True
2011-09-30,0.5491393208503723,0.5491393208503723,0.0,0.0,True
2011-10-03,0.5787959694862366,0.5787959694862366,0.0,0.566546023654755,True
2011-10-04,0.5059894919395447,0.5059894919395447,0.0,0.0,True
2011-10-05,0.49798351526260376,0.49798351526260376,0.0,0.0,True
2011-10-06,0.45783525705337524,0.45783525705337524,0.0,0.0,True
2011-10-07,0.4221826195716858,0.4221826195716858,0.0,0.0,True
2011-10-10,0.5129719376564026,0.5129719376564026,0.0,0.0,True
2011-10-11,0.5429209470748901,0.5429209470748901,0.0,0.0,True
2011-10-12,0.5735713243484497,0.5735713243484497,0.0,0.5043241048466972,True
2011-10-13,0.6352536082267761,0.6352536082267761,0.0,0.5043241048466972,True
2011-10-14,0.6024368405342102,0.6024368405342102,0.0,0.5043241048466972,True
2011-10-17,0.6453847289085388,0.6453847289085388,0.0,0.5043241048466972,True
2011-10-18,0.6329328417778015,0.6329328417778015,0.0,0.5043241048466972,True
2011-10-19,0.6421288251876831,0.6421288251876831,0.0,0.5043241048466972,True
2011-10-20,0.5586550831794739,0.5586550831794739,0.0,0.0,True
2011-10-21,0.6057759523391724,0.6057759523391724,0.0,0.6779560375138902,True
2011-10-24,0.6294456720352173,0.6294456720352173,0.0,0.6779560375138902,True
2011-10-25,0.5129662752151489,0.5129662752151489,0.0,0.0,True
2011-10-26,0.5147987604141235,0.5147987604141235,0.0,0.0,True
2011-10-27,0.5634724497795105,0.5634724497795105,0.0,0.6272363507984305,True
2011-10-28,0.4789036810398102,0.4789036810398102,0.0,0.0,True
2011-10-31,0.4621451199054718,0.4621451199054718,0.0,0.0,True
2011-11-01,0.4118880033493042,0.4118880033493042,0.0,0.0,True
2011-11-02,0.4165710508823395,0.4165710508823395,0.0,0.0,True
2011-11-03,0.5225892066955566,0.5225892066955566,0.0,0.0,True
2011-11-04,0.4689616560935974,0.4689616560935974,0.0,0.0,True
2011-11-07,0.5531172156333923,0.5531172156333923,0.0,0.0,True
2011-11-08,0.4939737021923065,0.4939737021923065,0.0,0.0,True
2011-11-09,0.4538636803627014,0.4538636803627014,0.0,0.0,True
2011-11-10,0.48721519112586975,0.48721519112586975,0.0,0.0,True
2011-11-11,0.48537948727607727,0.48537948727607727,0.0,0.0,True
2011-11-14,0.5215868353843689,0.5215868353843689,0.0,0.0,True
2011-11-15,0.5117700695991516,0.5117700695991516,0.0,0.0,True
2011-11-16,0.519813597202301,0.519813597202301,0.0,0.0,True
2011-11-17,0.5077081322669983,0.5077081322669983,0.0,0.0,True
2011-11-18,0.5736066102981567,0.5736066102981567,0.0,0.5449722446057881,True
2011-11-21,0.5749416351318359,0.5749416351318359,0.0,0.5449722446057881,True
2011-11-22,0.6174484491348267,0.6174484491348267,0.0,0.5449722446057881,True
2011-11-23,0.7457900643348694,0.7457900643348694,0.0,0.5449722446057881,True
2011-11-25,0.7554627060890198,0.7554627060890198,0.0,0.5449722446057881,True
2011-11-28,0.5669984817504883,0.5669984817504883,0.0,0.5449722446057881,True
2011-11-29,0.4888645112514496,0.4888645112514496,0.0,0.0,True
2011-11-30,0.45413485169410706,0.45413485169410706,0.0,0.0,True
2011-12-01,0.4762946367263794,0.4762946367263794,0.0,0.0,True
2011-12-02,0.4957653880119324,0.4957653880119324,0.0,0.0,True
2011-12-05,0.43737027049064636,0.43737027049064636,0.0,0.0,True
2011-12-06,0.4747117757797241,0.4747117757797241,0.0,0.0,True
2011-12-07,0.5197627544403076,0.5197627544403076,0.0,0.0,True
2011-12-08,0.5026754140853882,0.5026754140853882,0.0,0.0,True
2011-12-09,0.48053300380706787,0.48053300380706787,0.0,0.0,True
2011-12-12,0.5775932669639587,0.5775932669639587,0.0,0.6731938110740381,True
2011-12-13,0.5012659430503845,0.5012659430503845,0.0,0.0,True
2011-12-14,0.5565903186798096,0.5565903186798096,0.0,0.0,True
2011-12-15,0.5626839399337769,0.5626839399337769,0.0,0.7213841183413692,True
2011-12-16,0.5412948727607727,0.5412948727607727,0.0,0.0,True
2011-12-19,0.525293231010437,0.525293231010437,0.0,0.0,True
2011-12-20,0.5003319382667542,0.5003319382667542,0.0,0.0,True
2011-12-21,0.5631969571113586,0.5631969571113586,0.0,0.6867487472510013,True
2011-12-22,0.5242404341697693,0.5242404341697693,0.0,0.0,True
2011-12-23,0.4950311779975891,0.4950311779975891,0.0,0.0,True
2011-12-27,0.4559806287288666,0.4559806287288666,0.0,0.0,True
2011-12-28,0.5783438682556152,0.5783438682556152,0.0,0.7547104289152191,True
2011-12-29,0.5746467113494873,0.5746467113494873,0.0,0.8751065672288879,True
2011-12-30,0.5706952214241028,0.5706952214241028,0.0,0.8751065672288879,True
2012-01-03,0.5662322044372559,0.5662322044372559,0.0,0.7674394289732741,True
2012-01-04,0.6125055551528931,0.6125055551528931,0.0,0.7674394289732741,True
2012-01-05,0.5599673390388489,0.5599673390388489,0.0,0.0,True
2012-01-06,0.5562888383865356,0.5562888383865356,0.0,0.0,True
2012-01-09,0.5259429216384888,0.5259429216384888,0.0,0.0,True
2012-01-10,0.515114426612854,0.515114426612854,0.0,0.0,True
2012-01-11,0.583834171295166,0.583834171295166,0.0,0.729629505075439,True
2012-01-12,0.564983069896698,0.564983069896698,0.0,0.729629505075439,True
2012-01-13,0.5433279871940613,0.5433279871940613,0.0,0.0,True
2012-01-17,0.5259374380111694,0.5259374380111694,0.0,0.0,True
2012-01-18,0.5305711627006531,0.5305711627006531,0.0,0.0,True
2012-01-19,0.6256670951843262,0.6256670951843262,0.0,0.8238460641265852,True
2012-01-20,0.5514386892318726,0.5514386892318726,0.0,0.0,True
2012-01-23,0.5434190034866333,0.5434190034866333,0.0,0.0,True
2012-01-24,0.5949913263320923,0.5949913263320923,0.0,0.5826710669254155,True
2012-01-25,0.5948091149330139,0.5948091149330139,0.0,0.5826710669254155,True
2012-01-26,0.5156207084655762,0.5156207084655762,0.0,0.0,True
2012-01-27,0.5762794017791748,0.5762794017791748,0.0,0.5795842911912606,True
2012-01-30,0.5965558886528015,0.5965558886528015,0.0,0.5795842911912606,True
2012-01-31,0.6170037388801575,0.6170037388801575,0.0,0.5795842911912606,True
2012-02-01,0.5665522813796997,0.5665522813796997,0.0,0.5795842911912606,True
2012-02-02,0.5685573816299438,0.5685573816299438,0.0,0.5795842911912606,True
2012-02-03,0.47368478775024414,0.47368478775024414,0.0,0.0,True
2012-02-06,0.4928101897239685,0.4928101897239685,0.0,0.0,True
2012-02-07,0.5070728659629822,0.5070728659629822,0.0,0.0,True
2012-02-08,0.42475324869155884,0.42475324869155884,0.0,0.0,True
2012-02-09,0.420230895280838,0.420230895280838,0.0,0.0,True
2012-02-10,0.5684653520584106,0.5684653520584106,0.0,0.662107614107762,True
2012-02-13,0.4688946604728699,0.4688946604728699,0.0,0.0,True
2012-02-14,0.5181145071983337,0.5181145071983337,0.0,0.0,True
2012-02-15,0.5902022123336792,0.5902022123336792,0.0,0.6521757672825159,True
2012-02-16,0.5436398386955261,0.5436398386955261,0.0,0.0,True
2012-02-17,0.5035086274147034,0.5035086274147034,0.0,0.0,True
2012-02-21,0.540371835231781,0.540371835231781,0.0,0.0,True
2012-02-22,0.5930193662643433,0.5930193662643433,0.0,0.8458810738080618,True
2012-02-23,0.6135863065719604,0.6135863065719604,0.0,0.8458810738080618,True
2012-02-24,0.5852627754211426,0.5852627754211426,0.0,0.8458810738080618,True
2012-02-27,0.5950383543968201,0.5950383543968201,0.0,0.8458810738080618,True
2012-02-28,0.5585997700691223,0.5585997700691223,0.0,0.0,True
2012-02-29,0.5507330894470215,0.5507330894470215,0.0,0.0,True
2012-03-01,0.5126208662986755,0.5126208662986755,0.0,0.0,True
2012-03-02,0.5739458203315735,0.5739458203315735,0.0,0.8182063513369358,True
2012-03-05,0.590335488319397,0.590335488319397,0.0,0.8182063513369358,True
2012-03-06,0.5904194712638855,0.5904194712638855,0.0,0.8182063513369358,True
2012-03-07,0.5914433002471924,0.5914433002471924,0.0,0.8182063513369358,True
2012-03-08,0.6268311738967896,0.6268311738967896,0.0,0.8182063513369358,True
2012-03-09,0.6439111828804016,0.6439111828804016,0.0,0.8182063513369358,True
2012-03-12,0.6300168037414551,0.6300168037414551,0.0,0.8182063513369358,True
2012-03-13,0.5778515338897705,0.5778515338897705,0.0,0.8182063513369358,True
2012-03-14,0.5918964147567749,0.5918964147567749,0.0,0.8182063513369358,True
2012-03-15,0.5517323613166809,0.5517323613166809,0.0,0.0,True
2012-03-16,0.6147984266281128,0.6147984266281128,0.0,1.0,True
2012-03-19,0.6176378726959229,0.6176378726959229,0.0,1.0,True
2012-03-20,0.6126699447631836,0.6126699447631836,0.0,1.0,True
2012-03-21,0.6322828531265259,0.6322828531265259,0.0,1.0,True
2012-03-22,0.6106307506561279,0.6106307506561279,0.0,1.0,True
2012-03-23,0.6197274923324585,0.6197274923324585,0.0,1.0,True
2012-03-26,0.5855991244316101,0.5855991244316101,0.0,1.0,True
2012-03-27,0.6107155084609985,0.6107155084609985,0.0,1.0,True
2012-03-28,0.5840350985527039,0.5840350985527039,0.0,1.0,True
2012-03-29,0.5552428364753723,0.5552428364753723,0.0,0.0,True
2012-03-30,0.5796422958374023,0.5796422958374023,0.0,1.0,True
2012-04-02,0.5963652729988098,0.5963652729988098,0.0,1.0,True
2012-04-03,0.49900129437446594,0.49900129437446594,0.0,0.0,True
2012-04-04,0.498441606760025,0.498441606760025,0.0,0.0,True
2012-04-05,0.5277345180511475,0.5277345180511475,0.0,0.0,True
2012-04-09,0.5197171568870544,0.5197171568870544,0.0,0.0,True
2012-04-10,0.5782418847084045,0.5782418847084045,0.0,0.852528850925981,True
2012-04-11,0.457474023103714,0.457474023103714,0.0,0.0,True
2012-04-12,0.46086224913597107,0.46086224913597107,0.0,0.0,True
2012-04-13,0.46804356575012207,0.46804356575012207,0.0,0.0,True
2012-04-16,0.492499440908432,0.492499440908432,0.0,0.0,True
2012-04-17,0.536116898059845,0.536116898059845,0.0,0.0,True
2012-04-18,0.5313712954521179,0.5313712954521179,0.0,0.0,True
2012-04-19,0.5629249811172485,0.5629249811172485,0.0,0.8150619413827079,True
2012-04-20,0.47869613766670227,0.47869613766670227,0.0,0.0,True
2012-04-23,0.44183412194252014,0.44183412194252014,0.0,0.0,True
2012-04-24,0.4968978762626648,0.4968978762626648,0.0,0.0,True
2012-04-25,0.41758421063423157,0.41758421063423157,0.0,0.0,True
2012-04-26,0.49817585945129395,0.49817585945129395,0.0,0.0,True
2012-04-27,0.5324112772941589,0.5324112772941589,0.0,0.0,True
2012-04-30,0.5881503820419312,0.5881503820419312,0.0,0.6197758003030179,True
2012-05-01,0.6134463548660278,0.6134463548660278,0.0,0.6197758003030179,True
2012-05-02,0.7185260057449341,0.7185260057449341,0.0,0.6197758003030179,True
2012-05-03,0.7559642791748047,0.7559642791748047,0.0,0.6197758003030179,True
2012-05-04,0.5989061594009399,0.5989061594009399,0.0,0.6197758003030179,True
2012-05-07,0.5587449073791504,0.5587449073791504,0.0,0.0,True
2012-05-08,0.5440989136695862,0.5440989136695862,0.0,0.0,True
2012-05-09,0.5609295964241028,0.5609295964241028,0.0,0.6577487683215176,True
2012-05-10,0.516181230545044,0.516181230545044,0.0,0.0,True
2012-05-11,0.5812400579452515,0.5812400579452515,0.0,0.6816974552470255,True
2012-05-14,0.5207234621047974,0.5207234621047974,0.0,0.0,True
2012-05-15,0.5191624164581299,0.5191624164581299,0.0,0.0,True
2012-05-16,0.5035223960876465,0.5035223960876465,0.0,0.0,True
2012-05-17,0.5448068380355835,0.5448068380355835,0.0,0.0,True
2012-05-18,0.6411628723144531,0.6411628723144531,0.0,1.0,True
2012-05-21,0.5487415790557861,0.5487415790557861,0.0,0.0,True
2012-05-22,0.5154522061347961,0.5154522061347961,0.0,0.0,True
2012-05-23,0.47814133763313293,0.47814133763313293,0.0,0.0,True
2012-05-24,0.4390278160572052,0.4390278160572052,0.0,0.0,True
2012-05-25,0.4958093464374542,0.4958093464374542,0.0,0.0,True
2012-05-29,0.564569890499115,0.564569890499115,0.0,0.8210456792861998,True
2012-05-30,0.5445073246955872,0.5445073246955872,0.0,0.0,True
2012-05-31,0.49522826075553894,0.49522826075553894,0.0,0.0,True
2012-06-01,0.46962469816207886,0.46962469816207886,0.0,0.0,True
2012-06-04,0.5237509608268738,0.5237509608268738,0.0,0.0,True
2012-06-05,0.5474146604537964,0.5474146604537964,0.0,0.0,True
2012-06-06,0.5593162775039673,0.5593162775039673,0.0,0.0,True
2012-06-07,0.5968443751335144,0.5968443751335144,0.0,0.7012354177729417,True
2012-06-08,0.5847223401069641,0.5847223401069641,0.0,0.7012354177729417,True
2012-06-11,0.6259299516677856,0.6259299516677856,0.0,0.7012354177729417,True
2012-06-12,0.542234480381012,0.542234480381012,0.0,0.0,True
2012-06-13,0.5846197605133057,0.5846197605133057,0.0,0.648203778772415,True
2012-06-14,0.6094613075256348,0.6094613075256348,0.0,0.648203778772415,True
2012-06-15,0.45719456672668457,0.45719456672668457,0.0,0.0,True
2012-06-18,0.4638741910457611,0.4638741910457611,0.0,0.0,True
2012-06-19,0.470350980758667,0.470350980758667,0.0,0.0,True
2012-06-20,0.4645717740058899,0.4645717740058899,0.0,0.0,True
2012-06-21,0.5158156752586365,0.5158156752586365,0.0,0.0,True
2012-06-22,0.5115170478820801,0.5115170478820801,0.0,0.0,True
2012-06-25,0.5169363617897034,0.5169363617897034,0.0,0.0,True
2012-06-26,0.5433084964752197,0.5433084964752197,0.0,0.0,True
2012-06-27,0.5215643048286438,0.5215643048286438,0.0,0.0,True
2012-06-28,0.5620838403701782,0.5620838403701782,0.0,0.534973075423847,True
2012-06-29,0.44354405999183655,0.44354405999183655,0.0,0.0,True
2012-07-02,0.4975490868091583,0.4975490868091583,0.0,0.0,True
2012-07-03,0.5322011113166809,0.5322011113166809,0.0,0.0,True
2012-07-05,0.4976305663585663,0.4976305663585663,0.0,0.0,True
2012-07-06,0.5565968751907349,0.5565968751907349,0.0,0.0,True
2012-07-09,0.49630025029182434,0.49630025029182434,0.0,0.0,True
2012-07-10,0.6161043643951416,0.6161043643951416,0.0,0.6150730608149789,True
2012-07-11,0.6292102932929993,0.6292102932929993,0.0,0.6150730608149789,True
2012-07-12,0.6032590270042419,0.6032590270042419,0.0,0.6150730608149789,True
2012-07-13,0.5125775933265686,0.5125775933265686,0.0,0.0,True
2012-07-16,0.5099125504493713,0.5099125504493713,0.0,0.0,True
2012-07-17,0.5428061485290527,0.5428061485290527,0.0,0.0,True
2012-07-18,0.492752343416214,0.492752343416214,0.0,0.0,True
2012-07-19,0.44678136706352234,0.44678136706352234,0.0,0.0,True
2012-07-20,0.49811479449272156,0.49811479449272156,0.0,0.0,True
2012-07-23,0.4597059190273285,0.4597059190273285,0.0,0.0,True
2012-07-24,0.45450884103775024,0.45450884103775024,0.0,0.0,True
2012-07-25,0.5737648010253906,0.5737648010253906,0.0,0.6148116450241456,True
2012-07-26,0.5084622502326965,0.5084622502326965,0.0,0.0,True
2012-07-27,0.5669316053390503,0.5669316053390503,0.0,0.5815719019521755,True
2012-07-30,0.5383124947547913,0.5383124947547913,0.0,0.0,True
2012-07-31,0.5436341166496277,0.5436341166496277,0.0,0.0,True
2012-08-01,0.517348051071167,0.517348051071167,0.0,0.0,True
2012-08-02,0.522974967956543,0.522974967956543,0.0,0.0,True
2012-08-03,0.4909389913082123,0.4909389913082123,0.0,0.0,True
2012-08-06,0.5408728718757629,0.5408728718757629,0.0,0.0,True
2012-08-07,0.4635840356349945,0.4635840356349945,0.0,0.0,True
2012-08-08,0.4755876958370209,0.4755876958370209,0.0,0.0,True
2012-08-09,0.47738009691238403,0.47738009691238403,0.0,0.0,True
2012-08-10,0.5730557441711426,0.5730557441711426,0.0,0.7255509281639152,True
2012-08-13,0.6035651564598083,0.6035651564598083,0.0,0.7255509281639152,True
2012-08-14,0.7131698131561279,0.7131698131561279,0.0,0.7255509281639152,True
2012-08-15,0.6576080918312073,0.6576080918312073,0.0,0.7255509281639152,True
2012-08-16,0.48835745453834534,0.48835745453834534,0.0,0.0,True
2012-08-17,0.507737398147583,0.507737398147583,0.0,0.0,True
2012-08-20,0.5342644453048706,0.5342644453048706,0.0,0.0,True
2012-08-21,0.5384199619293213,0.5384199619293213,0.0,0.0,True
2012-08-22,0.5790106058120728,0.5790106058120728,0.0,1.0,True
2012-08-23,0.6132657527923584,0.6132657527923584,0.0,1.0,True
2012-08-24,0.5211724638938904,0.5211724638938904,0.0,0.0,True
2012-08-27,0.5170825123786926,0.5170825123786926,0.0,0.0,True
2012-08-28,0.5463031530380249,0.5463031530380249,0.0,0.0,True
2012-08-29,0.5486592650413513,0.5486592650413513,0.0,0.0,True
2012-08-30,0.5052691698074341,0.5052691698074341,0.0,0.0,True
2012-08-31,0.5391236543655396,0.5391236543655396,0.0,0.0,True
2012-09-04,0.4770795404911041,0.4770795404911041,0.0,0.0,True
2012-09-05,0.5068001747131348,0.5068001747131348,0.0,0.0,True
2012-09-06,0.675909698009491,0.675909698009491,0.0,0.870974372909775,True
2012-09-07,0.5434889197349548,0.5434889197349548,0.0,0.0,True
2012-09-10,0.5410917401313782,0.5410917401313782,0.0,0.0,True
2012-09-11,0.5785722136497498,0.5785722136497498,0.0,0.8267888939355927,True
2012-09-12,0.5448795557022095,0.5448795557022095,0.0,0.0,True
2012-09-13,0.5560628771781921,0.5560628771781921,0.0,0.0,True
2012-09-14,0.599005401134491,0.599005401134491,0.0,0.8746673559144661,True
2012-09-17,0.6151832342147827,0.6151832342147827,0.0,0.8746673559144661,True
2012-09-18,0.6009631752967834,0.6009631752967834,0.0,0.8746673559144661,True
2012-09-19,0.547936201095581,0.547936201095581,0.0,0.0,True
2012-09-20,0.5254245400428772,0.5254245400428772,0.0,0.0,True
2012-09-21,0.48878127336502075,0.48878127336502075,0.0,0.0,True
2012-09-24,0.5211366415023804,0.5211366415023804,0.0,0.0,True
2012-09-25,0.5628282427787781,0.5628282427787781,0.0,0.8248421722136049,True
2012-09-26,0.5288600325584412,0.5288600325584412,0.0,0.0,True
2012-09-27,0.5482227802276611,0.5482227802276611,0.0,0.0,True
2012-09-28,0.5619251132011414,0.5619251132011414,0.0,0.8092720181945656,True
2012-10-01,0.5784095525741577,0.5784095525741577,0.0,0.8092720181945656,True
2012-10-02,0.49210113286972046,0.49210113286972046,0.0,0.0,True
2012-10-03,0.5574023127555847,0.5574023127555847,0.0,0.0,True
2012-10-04,0.5282767415046692,0.5282767415046692,0.0,0.0,True
2012-10-05,0.4944366216659546,0.4944366216659546,0.0,0.0,True
2012-10-08,0.5628468990325928,0.5628468990325928,0.0,1.0,True
2012-10-09,0.4970840811729431,0.4970840811729431,0.0,0.0,True
2012-10-10,0.49038052558898926,0.49038052558898926,0.0,0.0,True
2012-10-11,0.4963878393173218,0.4963878393173218,0.0,0.0,True
2012-10-12,0.5106772184371948,0.5106772184371948,0.0,0.0,True
2012-10-15,0.5769335031509399,0.5769335031509399,0.0,1.0,True
2012-10-16,0.5869750380516052,0.5869750380516052,0.0,1.0,True
2012-10-17,0.5640959739685059,0.5640959739685059,0.0,1.0,True
2012-10-18,0.5764047503471375,0.5764047503471375,0.0,1.0,True
2012-10-19,0.5106573700904846,0.5106573700904846,0.0,0.0,True
2012-10-22,0.513102650642395,0.513102650642395,0.0,0.0,True
2012-10-23,0.46309182047843933,0.46309182047843933,0.0,0.0,True
2012-10-24,0.5016003847122192,0.5016003847122192,0.0,0.0,True
2012-10-25,0.3990615904331207,0.3990615904331207,0.0,0.0,True
2012-10-26,0.4030913710594177,0.4030913710594177,0.0,0.0,True
2012-10-31,0.46666866540908813,0.46666866540908813,0.0,0.0,True
2012-11-01,0.426011323928833,0.426011323928833,0.0,0.0,True
2012-11-02,0.42447811365127563,0.42447811365127563,0.0,0.0,True
2012-11-05,0.42185574769973755,0.42185574769973755,0.0,0.0,True
2012-11-06,0.35202398896217346,0.35202398896217346,0.0,0.0,True
2012-11-07,0.4402162730693817,0.4402162730693817,0.0,0.0,True
2012-11-08,0.4779663681983948,0.4779663681983948,0.0,0.0,True
2012-11-09,0.48870012164115906,0.48870012164115906,0.0,0.0,True
2012-11-12,0.5574886202812195,0.5574886202812195,0.0,0.0,True
2012-11-13,0.5018445253372192,0.5018445253372192,0.0,0.0,True
2012-11-14,0.5770122408866882,0.5770122408866882,0.0,0.5870834324365545,True
2012-11-15,0.6078673005104065,0.6078673005104065,0.0,0.5870834324365545,True
2012-11-16,0.6100537180900574,0.6100537180900574,0.0,0.5870834324365545,True
2012-11-19,0.5416867733001709,0.5416867733001709,0.0,0.0,True
2012-11-20,0.5551866292953491,0.5551866292953491,0.0,0.0,True
2012-11-21,0.5727576613426208,0.5727576613426208,0.0,0.6446857157339003,True
2012-11-23,0.5656517744064331,0.5656517744064331,0.0,0.6446857157339003,True
2012-11-26,0.550430953502655,0.550430953502655,0.0,0.0,True
2012-11-27,0.5525915026664734,0.5525915026664734,0.0,0.0,True
2012-11-28,0.4664611518383026,0.4664611518383026,0.0,0.0,True
2012-11-29,0.4400884211063385,0.4400884211063385,0.0,0.0,True
2012-11-30,0.615684986114502,0.615684986114502,0.0,0.6763932389799859,True
2012-12-03,0.6228299736976624,0.6228299736976624,0.0,0.6763932389799859,True
2012-12-04,0.6114749908447266,0.6114749908447266,0.0,0.6763932389799859,True
2012-12-05,0.6485510468482971,0.6485510468482971,0.0,0.6763932389799859,True
2012-12-06,0.6591363549232483,0.6591363549232483,0.0,0.6763932389799859,True
2012-12-07,0.6315574049949646,0.6315574049949646,0.0,0.6763932389799859,True
2012-12-10,0.6040934324264526,0.6040934324264526,0.0,0.6763932389799859,True
2012-12-11,0.6078939437866211,0.6078939437866211,0.0,0.6763932389799859,True
2012-12-12,0.6614586710929871,0.6614586710929871,0.0,0.8019438436864513,True
2012-12-13,0.7123333215713501,0.7123333215713501,0.0,0.8019438436864513,True
2012-12-14,0.7124588489532471,0.7124588489532471,0.0,0.8019438436864513,True
2012-12-17,0.6817792654037476,0.6817792654037476,0.0,0.8019438436864513,True
2012-12-18,0.4078431725502014,0.4078431725502014,0.0,0.0,True
2012-12-19,0.5240644216537476,0.5240644216537476,0.0,0.0,True
2012-12-20,0.4947412610054016,0.4947412610054016,0.0,0.0,True
2012-12-21,0.4812171459197998,0.4812171459197998,0.0,0.0,True
2012-12-24,0.5773531794548035,0.5773531794548035,0.0,0.8204895311134948,True
2012-12-26,0.5539638996124268,0.5539638996124268,0.0,0.0,True
2012-12-27,0.5487245321273804,0.5487245321273804,0.0,0.0,True
2012-12-28,0.5702024102210999,0.5702024102210999,0.0,0.848457202717211,True
2012-12-31,0.5750114917755127,0.5750114917755127,0.0,0.848457202717211,True
2013-01-02,0.5396320223808289,0.5396320223808289,0.0,0.0,True
2013-01-03,0.530339777469635,0.530339777469635,0.0,0.0,True
2013-01-04,0.5216230154037476,0.5216230154037476,0.0,0.0,True
2013-01-07,0.5268102288246155,0.5268102288246155,0.0,0.0,True
2013-01-08,0.5238624215126038,0.5238624215126038,0.0,0.0,True
2013-01-09,0.5105909109115601,0.5105909109115601,0.0,0.0,True
2013-01-10,0.5478159785270691,0.5478159785270691,0.0,0.0,True
2013-01-11,0.5740984082221985,0.5740984082221985,0.0,0.701849299467226,True
2013-01-14,0.5801817178726196,0.5801817178726196,0.0,0.701849299467226,True
2013-01-15,0.5142037868499756,0.5142037868499756,0.0,0.0,True
2013-01-16,0.5494673848152161,0.5494673848152161,0.0,0.0,True
2013-01-17,0.5474182963371277,0.5474182963371277,0.0,0.0,True
2013-01-18,0.5522604584693909,0.5522604584693909,0.0,0.0,True
2013-01-22,0.5355279445648193,0.5355279445648193,0.0,0.0,True
2013-01-23,0.4672819972038269,0.4672819972038269,0.0,0.0,True
2013-01-24,0.5263336300849915,0.5263336300849915,0.0,0.0,True
2013-01-25,0.46155160665512085,0.46155160665512085,0.0,0.0,True
2013-01-28,0.5062625408172607,0.5062625408172607,0.0,0.0,True
2013-01-29,0.5263746380805969,0.5263746380805969,0.0,0.0,True
2013-01-30,0.596655011177063,0.596655011177063,0.0,0.8058656865682304,True
2013-01-31,0.5156888365745544,0.5156888365745544,0.0,0.0,True
2013-02-01,0.5215485692024231,0.5215485692024231,0.0,0.0,True
2013-02-04,0.5537333488464355,0.5537333488464355,0.0,0.0,True
2013-02-05,0.5687650442123413,0.5687650442123413,0.0,0.9739378025708867,True
2013-02-06,0.5841085314750671,0.5841085314750671,0.0,0.9739378025708867,True
2013-02-07,0.5762923955917358,0.5762923955917358,0.0,0.9739378025708867,True
2013-02-08,0.5137850046157837,0.5137850046157837,0.0,0.0,True
2013-02-11,0.5222935676574707,0.5222935676574707,0.0,0.0,True
2013-02-12,0.5674927234649658,0.5674927234649658,0.0,1.0,True
2013-02-13,0.5769929885864258,0.5769929885864258,0.0,1.0,True
2013-02-14,0.5752967000007629,0.5752967000007629,0.0,1.0,True
2013-02-15,0.5976279973983765,0.5976279973983765,0.0,1.0,True
2013-02-19,0.6284417510032654,0.6284417510032654,0.0,1.0,True
2013-02-20,0.554459273815155,0.554459273815155,0.0,0.0,True
2013-02-21,0.5115033984184265,0.5115033984184265,0.0,0.0,True
2013-02-22,0.5486004948616028,0.5486004948616028,0.0,0.0,True
2013-02-25,0.5539306402206421,0.5539306402206421,0.0,0.0,True
2013-02-26,0.5741192698478699,0.5741192698478699,0.0,0.9778725310329353,True
2013-02-27,0.5665515661239624,0.5665515661239624,0.0,0.9778725310329353,True
2013-02-28,0.5624191761016846,0.5624191761016846,0.0,0.9778725310329353,True
2013-03-01,0.5269550681114197,0.5269550681114197,0.0,0.0,True
2013-03-04,0.5197995901107788,0.5197995901107788,0.0,0.0,True
2013-03-05,0.5050216913223267,0.5050216913223267,0.0,0.0,True
2013-03-06,0.5274006724357605,0.5274006724357605,0.0,0.0,True
2013-03-07,0.5569910407066345,0.5569910407066345,0.0,0.0,True
2013-03-08,0.5064454078674316,0.5064454078674316,0.0,0.0,True
2013-03-11,0.5485278367996216,0.5485278367996216,0.0,0.0,True
2013-03-12,0.5636187195777893,0.5636187195777893,0.0,1.0,True
2013-03-13,0.5488052368164062,0.5488052368164062,0.0,0.0,True
2013-03-14,0.5419762134552002,0.5419762134552002,0.0,0.0,True
2013-03-15,0.49222058057785034,0.49222058057785034,0.0,0.0,True
2013-03-18,0.5546399354934692,0.5546399354934692,0.0,0.0,True
2013-03-19,0.5125173926353455,0.5125173926353455,0.0,0.0,True
2013-03-20,0.636972963809967,0.636972963809967,0.0,1.0,True
2013-03-21,0.5611898303031921,0.5611898303031921,0.0,1.0,True
2013-03-22,0.30154067277908325,0.30154067277908325,0.0,0.0,True
2013-03-25,0.21817614138126373,0.21817614138126373,0.0,0.0,True
2013-03-26,0.2636101245880127,0.2636101245880127,0.0,0.0,True
2013-03-27,0.23725789785385132,0.23725789785385132,0.0,0.0,True
2013-03-28,0.3177873492240906,0.3177873492240906,0.0,0.0,True
2013-04-01,0.36263757944107056,0.36263757944107056,0.0,0.0,True
2013-04-02,0.392270028591156,0.392270028591156,0.0,0.0,True
2013-04-03,0.2533169984817505,0.2533169984817505,0.0,0.0,True
2013-04-04,0.27140823006629944,0.27140823006629944,0.0,0.0,True
2013-04-05,0.33028170466423035,0.33028170466423035,0.0,0.0,True
2013-04-08,0.27623221278190613,0.27623221278190613,0.0,0.0,True
2013-04-09,0.7117457389831543,0.7117457389831543,0.0,1.0,True
2013-04-10,0.6032981872558594,0.6032981872558594,0.0,1.0,True
2013-04-11,0.42902788519859314,0.42902788519859314,0.0,0.0,True
2013-04-12,0.49176207184791565,0.49176207184791565,0.0,0.0,True
2013-04-15,0.49155324697494507,0.49155324697494507,0.0,0.0,True
2013-04-16,0.5101933479309082,0.5101933479309082,0.0,0.0,True
2013-04-17,0.5059103965759277,0.5059103965759277,0.0,0.0,True
2013-04-18,0.5350562334060669,0.5350562334060669,0.0,0.0,True
2013-04-19,0.5498183369636536,0.5498183369636536,0.0,0.0,True
2013-04-22,0.5678120851516724,0.5678120851516724,0.0,0.5231781403288185,True
2013-04-23,0.5682700872421265,0.5682700872421265,0.0,0.5231781403288185,True
2013-04-24,0.5143523812294006,0.5143523812294006,0.0,0.0,True
2013-04-25,0.5052582025527954,0.5052582025527954,0.0,0.0,True
2013-04-26,0.5035514831542969,0.5035514831542969,0.0,0.0,True
2013-04-29,0.47768720984458923,0.47768720984458923,0.0,0.0,True
2013-04-30,0.45068252086639404,0.45068252086639404,0.0,0.0,True
2013-05-01,0.5037415623664856,0.5037415623664856,0.0,0.0,True
2013-05-02,0.48658236861228943,0.48658236861228943,0.0,0.0,True
2013-05-03,0.4871433675289154,0.4871433675289154,1.0,0.0,True
2013-05-06,0.4650117754936218,0.4650117754936218,1.0,0.0,True
2013-05-07,0.5843663215637207,0.5843663215637207,0.0,0.47897046383392067,True
2013-05-08,0.5799723863601685,0.5799723863601685,0.0,0.47897046383392067,True
2013-05-09,0.6122375726699829,0.6122375726699829,0.0,0.47897046383392067,True
2013-05-10,0.6608396768569946,0.6608396768569946,0.0,0.5831576828832308,True
2013-05-13,0.6387183666229248,0.6387183666229248,0.0,0.5831576828832308,True
2013-05-14,0.5782620906829834,0.5782620906829834,0.0,0.5831576828832308,True
2013-05-15,0.4156242907047272,0.4156242907047272,0.0,0.0,True
2013-05-16,0.3831566572189331,0.3831566572189331,0.0,0.0,True
2013-05-17,0.31163108348846436,0.31163108348846436,0.0,0.0,True
2013-05-20,0.3079344630241394,0.3079344630241394,0.0,0.0,True
2013-05-21,0.32799071073532104,0.32799071073532104,0.0,0.0,True
2013-05-22,0.33012181520462036,0.33012181520462036,0.0,0.0,True
2013-05-23,0.5052690505981445,0.5052690505981445,0.0,0.0,True
2013-05-24,0.5792447328567505,0.5792447328567505,0.0,0.7558651474106419,True
2013-05-28,0.4817436933517456,0.4817436933517456,0.0,0.0,True
2013-05-29,0.46427613496780396,0.46427613496780396,0.0,0.0,True
2013-05-30,0.453759104013443,0.453759104013443,0.0,0.0,True
2013-05-31,0.45764443278312683,0.45764443278312683,0.0,0.0,True
2013-06-03,0.47199490666389465,0.47199490666389465,0.0,0.0,True
2013-06-04,0.5510401725769043,0.5510401725769043,0.0,0.0,True
2013-06-05,0.5792976021766663,0.5792976021766663,0.0,0.7659256869463866,True
2013-06-06,0.5703269839286804,0.5703269839286804,0.0,0.7659256869463866,True
2013-06-07,0.5103011131286621,0.5103011131286621,0.0,0.0,True
2013-06-10,0.5227335691452026,0.5227335691452026,0.0,0.0,True
2013-06-11,0.5805414319038391,0.5805414319038391,0.0,0.7151095869505583,True
2013-06-12,0.5856109857559204,0.5856109857559204,0.0,0.7151095869505583,True
2013-06-13,0.6085640788078308,0.6085640788078308,0.0,0.7151095869505583,True
2013-06-14,0.6293089389801025,0.6293089389801025,0.0,0.7151095869505583,True
2013-06-17,0.5690552592277527,0.5690552592277527,0.0,0.7151095869505583,True
2013-06-18,0.6579419374465942,0.6579419374465942,0.0,0.7151095869505583,True
2013-06-19,0.589788019657135,0.589788019657135,0.0,0.7151095869505583,True
2013-06-20,0.5453473329544067,0.5453473329544067,0.0,0.0,True
2013-06-21,0.4403826594352722,0.4403826594352722,0.0,0.0,True
2013-06-24,0.5719133615493774,0.5719133615493774,0.0,0.6637516368613644,True
2013-06-25,0.5451385378837585,0.5451385378837585,0.0,0.0,True
2013-06-26,0.49708113074302673,0.49708113074302673,0.0,0.0,True
2013-06-27,0.5431360006332397,0.5431360006332397,0.0,0.0,True
2013-06-28,0.48549237847328186,0.48549237847328186,0.0,0.0,True
2013-07-01,0.46828362345695496,0.46828362345695496,0.0,0.0,True
2013-07-02,0.5189772248268127,0.5189772248268127,0.0,0.0,True
2013-07-03,0.5266559720039368,0.5266559720039368,0.0,0.0,True
2013-07-05,0.5351408123970032,0.5351408123970032,0.0,0.0,True
2013-07-08,0.5593374967575073,0.5593374967575073,0.0,0.0,True
2013-07-09,0.5604191422462463,0.5604191422462463,0.0,0.7769880668636707,True
2013-07-10,0.6399978399276733,0.6399978399276733,0.0,0.7769880668636707,True
2013-07-11,0.4552580714225769,0.4552580714225769,0.0,0.0,True
2013-07-12,0.4665803909301758,0.4665803909301758,0.0,0.0,True
2013-07-15,0.5337343215942383,0.5337343215942383,0.0,0.0,True
2013-07-16,0.560419499874115,0.560419499874115,0.0,0.7373556149764195,True
2013-07-17,0.48342570662498474,0.48342570662498474,0.0,0.0,True
2013-07-18,0.5084250569343567,0.5084250569343567,0.0,0.0,True
2013-07-19,0.3504316210746765,0.3504316210746765,1.0,0.0,True
2013-07-22,0.26725444197654724,0.26725444197654724,1.0,0.0,True
2013-07-23,0.281162291765213,0.281162291765213,1.0,0.0,True
2013-07-24,0.2824757695198059,0.2824757695198059,1.0,0.0,True
2013-07-25,0.2811746597290039,0.2811746597290039,1.0,0.0,True
2013-07-26,0.48384809494018555,0.48384809494018555,1.0,0.0,True
2013-07-29,0.4984130859375,0.4984130859375,1.0,0.0,True
2013-07-30,0.4811781644821167,0.4811781644821167,1.0,0.0,True
2013-07-31,0.47566330432891846,0.47566330432891846,1.0,0.0,True
2013-08-01,0.5756215453147888,0.5756215453147888,1.0,0.3342427133447567,True
2013-08-02,0.6139973998069763,0.6139973998069763,1.0,0.3342427133447567,True
2013-08-05,0.5918539762496948,0.5918539762496948,1.0,0.3342427133447567,True
2013-08-06,0.6114353537559509,0.6114353537559509,1.0,0.3342427133447567,True
2013-08-07,0.533319354057312,0.533319354057312,1.0,0.0,True
2013-08-08,0.3793167173862457,0.3793167173862457,1.0,0.0,True
2013-08-09,0.4703065752983093,0.4703065752983093,1.0,0.0,True
2013-08-12,0.48408743739128113,0.48408743739128113,1.0,0.0,True
2013-08-13,0.5845739245414734,0.5845739245414734,1.0,0.3373868758122839,True
2013-08-14,0.512324869632721,0.512324869632721,1.0,0.0,True
2013-08-15,0.5966324210166931,0.5966324210166931,1.0,0.33601491256857396,True
2013-08-16,0.7776317596435547,0.7776317596435547,0.0,0.8330233351728591,True
2013-08-19,0.7154291272163391,0.7154291272163391,0.0,0.8330233351728591,True
2013-08-20,0.7179364562034607,0.7179364562034607,0.0,0.8330233351728591,True
2013-08-21,0.7085427045822144,0.7085427045822144,0.0,0.8330233351728591,True
2013-08-22,0.6408554315567017,0.6408554315567017,0.0,0.8330233351728591,True
2013-08-23,0.5373513698577881,0.5373513698577881,0.0,0.0,True
2013-08-26,0.3902842700481415,0.3902842700481415,0.0,0.0,True
2013-08-27,0.439750999212265,0.439750999212265,0.0,0.0,True
2013-08-28,0.4643605947494507,0.4643605947494507,0.0,0.0,True
2013-08-29,0.42124131321907043,0.42124131321907043,0.0,0.0,True
2013-08-30,0.4887062609195709,0.4887062609195709,0.0,0.0,True
2013-09-03,0.5165327787399292,0.5165327787399292,1.0,0.0,True
2013-09-04,0.4932354986667633,0.4932354986667633,1.0,0.0,True
2013-09-05,0.45056140422821045,0.45056140422821045,1.0,0.0,True
2013-09-06,0.5309779047966003,0.5309779047966003,0.0,0.0,True
2013-09-09,0.44557899236679077,0.44557899236679077,0.0,0.0,True
2013-09-10,0.4451112747192383,0.4451112747192383,0.0,0.0,True
2013-09-11,0.48911216855049133,0.48911216855049133,0.0,0.0,True
2013-09-12,0.4293951094150543,0.4293951094150543,0.0,0.0,True
2013-09-13,0.46337002515792847,0.46337002515792847,0.0,0.0,True
2013-09-16,0.3983348309993744,0.3983348309993744,0.0,0.0,True
2013-09-17,0.47250840067863464,0.47250840067863464,0.0,0.0,True
2013-09-18,0.45997166633605957,0.45997166633605957,0.0,0.0,True
2013-09-19,0.5278269648551941,0.5278269648551941,0.0,0.0,True
2013-09-20,0.49909576773643494,0.49909576773643494,0.0,0.0,True
2013-09-23,0.5491896867752075,0.5491896867752075,0.0,0.0,True
2013-09-24,0.5455155372619629,0.5455155372619629,0.0,0.0,True
2013-09-25,0.5479766726493835,0.5479766726493835,0.0,0.0,True
2013-09-26,0.561887800693512,0.561887800693512,0.0,0.5871911971787948,True
2013-09-27,0.5650656819343567,0.5650656819343567,0.0,0.5871911971787948,True
2013-09-30,0.5164379477500916,0.5164379477500916,0.0,0.0,True
2013-10-01,0.565008282661438,0.565008282661438,0.0,0.7862287007845428,True
2013-10-02,0.6003516316413879,0.6003516316413879,0.0,0.7862287007845428,True
2013-10-03,0.49440452456474304,0.49440452456474304,0.0,0.0,True
2013-10-04,0.537441074848175,0.537441074848175,0.0,0.0,True
2013-10-07,0.5447736382484436,0.5447736382484436,0.0,0.0,True
2013-10-08,0.5322560667991638,0.5322560667991638,0.0,0.0,True
2013-10-09,0.5699767470359802,0.5699767470359802,0.0,0.9256023744212162,True
2013-10-10,0.5346608757972717,0.5346608757972717,0.0,0.0,True
2013-10-11,0.5355759859085083,0.5355759859085083,0.0,0.0,True
2013-10-14,0.5733215808868408,0.5733215808868408,0.0,0.8507325733664282,True
2013-10-15,0.5431029796600342,0.5431029796600342,0.0,0.0,True
2013-10-16,0.596814751625061,0.596814751625061,0.0,0.86739652212034,True
2013-10-17,0.6531013250350952,0.6531013250350952,0.0,0.86739652212034,True
2013-10-18,0.6316755414009094,0.6316755414009094,0.0,1.0,True
2013-10-21,0.6593311429023743,0.6593311429023743,0.0,1.0,True
2013-10-22,0.5176302790641785,0.5176302790641785,0.0,0.0,True
2013-10-23,0.5645344257354736,0.5645344257354736,0.0,0.8758537870361631,True
2013-10-24,0.5328474044799805,0.5328474044799805,0.0,0.0,True
2013-10-25,0.52702796459198,0.52702796459198,0.0,0.0,True
2013-10-28,0.5848755240440369,0.5848755240440369,0.0,0.5644309165637152,True
2013-10-29,0.6006700992584229,0.6006700992584229,0.0,0.5644309165637152,True
2013-10-30,0.5620009303092957,0.5620009303092957,0.0,0.5644309165637152,True
2013-10-31,0.5794721245765686,0.5794721245765686,0.0,0.5644309165637152,True
2013-11-01,0.7752858400344849,0.7752858400344849,0.0,0.5644309165637152,True
2013-11-04,0.6489267945289612,0.6489267945289612,0.0,0.5644309165637152,True
2013-11-05,0.5972757935523987,0.5972757935523987,0.0,0.5644309165637152,True
2013-11-06,0.5860165953636169,0.5860165953636169,0.0,0.5644309165637152,True
2013-11-07,0.6066004037857056,0.6066004037857056,0.0,0.5644309165637152,True
2013-11-08,0.6007172465324402,0.6007172465324402,0.0,0.5644309165637152,True
2013-11-11,0.587837815284729,0.587837815284729,0.0,0.5644309165637152,True
2013-11-12,0.5973156690597534,0.5973156690597534,0.0,0.5644309165637152,True
2013-11-13,0.5778977274894714,0.5778977274894714,0.0,0.5644309165637152,True
2013-11-14,0.635934054851532,0.635934054851532,0.0,0.5644309165637152,True
2013-11-15,0.6185464262962341,0.6185464262962341,0.0,0.5644309165637152,True
2013-11-18,0.5561375617980957,0.5561375617980957,0.0,0.0,True
2013-11-19,0.5912389159202576,0.5912389159202576,0.0,0.47800254673125736,True
2013-11-20,0.5963695049285889,0.5963695049285889,0.0,0.47800254673125736,True
2013-11-21,0.6776936054229736,0.6776936054229736,0.0,0.47800254673125736,True
2013-11-22,0.6289880871772766,0.6289880871772766,0.0,0.6894151953308917,True
2013-11-25,0.6605206727981567,0.6605206727981567,0.0,0.6894151953308917,True
2013-11-26,0.6095948815345764,0.6095948815345764,0.0,0.6894151953308917,True
2013-11-27,0.6554079055786133,0.6554079055786133,0.0,0.6894151953308917,True
2013-11-29,0.672645092010498,0.672645092010498,0.0,0.6894151953308917,True
2013-12-02,0.572802722454071,0.572802722454071,0.0,0.6894151953308917,True
2013-12-03,0.6030420660972595,0.6030420660972595,0.0,0.6894151953308917,True
2013-12-04,0.6378144025802612,0.6378144025802612,0.0,0.6894151953308917,True
2013-12-05,0.6388228535652161,0.6388228535652161,0.0,0.7981515067214932,True
2013-12-06,0.6082115173339844,0.6082115173339844,0.0,0.7981515067214932,True
2013-12-09,0.6268683671951294,0.6268683671951294,0.0,0.7981515067214932,True
2013-12-10,0.6793307065963745,0.6793307065963745,0.0,0.7981515067214932,True
2013-12-11,0.5872735977172852,0.5872735977172852,0.0,0.7981515067214932,True
2013-12-12,0.5329425930976868,0.5329425930976868,0.0,0.0,True
2013-12-13,0.5894414782524109,0.5894414782524109,0.0,0.8052613557998249,True
2013-12-16,0.5807962417602539,0.5807962417602539,0.0,0.8052613557998249,True
2013-12-17,0.5932258367538452,0.5932258367538452,0.0,0.8052613557998249,True
2013-12-18,0.5547427535057068,0.5547427535057068,0.0,0.0,True
2013-12-19,0.5463190674781799,0.5463190674781799,0.0,0.0,True
2013-12-20,0.43867745995521545,0.43867745995521545,0.0,0.0,True
2013-12-23,0.515154242515564,0.515154242515564,0.0,0.0,True
2013-12-24,0.43668827414512634,0.43668827414512634,0.0,0.0,True
2013-12-26,0.5084344148635864,0.5084344148635864,0.0,0.0,True
2013-12-27,0.5160985589027405,0.5160985589027405,0.0,0.0,True
2013-12-30,0.5535662770271301,0.5535662770271301,0.0,0.0,True
2013-12-31,0.5938325524330139,0.5938325524330139,0.0,0.8279283890012609,True
2014-01-02,0.6130959391593933,0.6130959391593933,0.0,0.8279283890012609,True
2014-01-03,0.5741117000579834,0.5741117000579834,0.0,0.8279283890012609,True
2014-01-06,0.5523813366889954,0.5523813366889954,0.0,0.0,True
2014-01-07,0.6056310534477234,0.6056310534477234,0.0,0.916652783749005,True
2014-01-08,0.5824544429779053,0.5824544429779053,0.0,0.916652783749005,True
2014-01-09,0.5325972437858582,0.5325972437858582,0.0,0.0,True
2014-01-10,0.5420410633087158,0.5420410633087158,0.0,0.0,True
2014-01-13,0.5244277119636536,0.5244277119636536,0.0,0.0,True
2014-01-14,0.515587568283081,0.515587568283081,0.0,0.0,True
2014-01-15,0.5048092007637024,0.5048092007637024,0.0,0.0,True
2014-01-16,0.48036718368530273,0.48036718368530273,0.0,0.0,True
2014-01-17,0.5164753198623657,0.5164753198623657,0.0,0.0,True
2014-01-21,0.5741644501686096,0.5741644501686096,0.0,0.6455703297796327,True
2014-01-22,0.5547084212303162,0.5547084212303162,0.0,0.0,True
2014-01-23,0.5448361039161682,0.5448361039161682,0.0,0.0,True
2014-01-24,0.5155472755432129,0.5155472755432129,0.0,0.0,True
2014-01-27,0.5700234770774841,0.5700234770774841,0.0,0.6182781806394044,True
2014-01-28,0.5068677663803101,0.5068677663803101,0.0,0.0,True
2014-01-29,0.5103903412818909,0.5103903412818909,0.0,0.0,True
2014-01-30,0.520351231098175,0.520351231098175,0.0,0.0,True
2014-01-31,0.49326008558273315,0.49326008558273315,0.0,0.0,True
2014-02-03,0.6036592125892639,0.6036592125892639,0.0,0.5080827886822474,True
2014-02-04,0.5786476731300354,0.5786476731300354,0.0,0.5080827886822474,True
2014-02-05,0.5610930919647217,0.5610930919647217,0.0,0.5080827886822474,True
2014-02-06,0.563247799873352,0.563247799873352,0.0,0.5080827886822474,True
2014-02-07,0.5448689460754395,0.5448689460754395,0.0,0.0,True
2014-02-10,0.5532047748565674,0.5532047748565674,0.0,0.0,True
2014-02-11,0.5452657341957092,0.5452657341957092,0.0,0.0,True
2014-02-12,0.71164470911026,0.71164470911026,0.0,0.6045025823051936,True
2014-02-13,0.6196341514587402,0.6196341514587402,0.0,0.6045025823051936,True
2014-02-14,0.669681191444397,0.669681191444397,0.0,0.6045025823051936,True
2014-02-18,0.6865853667259216,0.6865853667259216,0.0,0.6045025823051936,True
2014-02-19,0.6686308979988098,0.6686308979988098,0.0,0.6045025823051936,True
2014-02-20,0.7491557598114014,0.7491557598114014,0.0,0.6045025823051936,True
2014-02-21,0.6553922295570374,0.6553922295570374,0.0,0.6045025823051936,True
2014-02-24,0.522136390209198,0.522136390209198,0.0,0.0,True
2014-02-25,0.5432451963424683,0.5432451963424683,0.0,0.0,True
2014-02-26,0.5526164770126343,0.5526164770126343,0.0,0.0,True
2014-02-27,0.5251498222351074,0.5251498222351074,0.0,0.0,True
2014-02-28,0.5906282067298889,0.5906282067298889,0.0,0.7569292484259278,True
2014-03-03,0.5382880568504333,0.5382880568504333,0.0,0.0,True
2014-03-04,0.5808562636375427,0.5808562636375427,0.0,1.0,True
2014-03-05,0.5057657957077026,0.5057657957077026,0.0,0.0,True
2014-03-06,0.5727803111076355,0.5727803111076355,0.0,1.0,True
2014-03-07,0.5272812843322754,0.5272812843322754,0.0,0.0,True
2014-03-10,0.5802075862884521,0.5802075862884521,0.0,1.0,True
2014-03-11,0.5695178508758545,0.5695178508758545,0.0,1.0,True
2014-03-12,0.5582237243652344,0.5582237243652344,0.0,0.0,True
2014-03-13,0.5055642127990723,0.5055642127990723,0.0,0.0,True
2014-03-14,0.5012919306755066,0.5012919306755066,0.0,0.0,True
2014-03-17,0.5276989340782166,0.5276989340782166,0.0,0.0,True
2014-03-18,0.6618841886520386,0.6618841886520386,0.0,0.7979736732036282,True
2014-03-19,0.5728041529655457,0.5728041529655457,0.0,0.7979736732036282,True
2014-03-20,0.6412447094917297,0.6412447094917297,0.0,0.7979736732036282,True
2014-03-21,0.5083931684494019,0.5083931684494019,0.0,0.0,True
2014-03-24,0.5277736186981201,0.5277736186981201,0.0,0.0,True
2014-03-25,0.5519505143165588,0.5519505143165588,0.0,0.0,True
2014-03-26,0.6103488802909851,0.6103488802909851,0.0,0.6920886811018957,True
2014-03-27,0.642803430557251,0.642803430557251,0.0,0.6920886811018957,True
2014-03-28,0.584565281867981,0.584565281867981,0.0,0.6920886811018957,True
2014-03-31,0.6120985150337219,0.6120985150337219,0.0,0.6920886811018957,True
2014-04-01,0.5948741436004639,0.5948741436004639,0.0,0.6920886811018957,True
2014-04-02,0.5854018926620483,0.5854018926620483,0.0,0.6920886811018957,True
2014-04-03,0.5625584125518799,0.5625584125518799,0.0,0.6920886811018957,True
2014-04-04,0.6110705733299255,0.6110705733299255,0.0,0.6920886811018957,True
2014-04-07,0.542601466178894,0.542601466178894,0.0,0.0,True
2014-04-08,0.5521251559257507,0.5521251559257507,0.0,0.0,True
2014-04-09,0.5861656069755554,0.5861656069755554,0.0,0.5904174580047507,True
2014-04-10,0.566738486289978,0.566738486289978,0.0,0.5904174580047507,True
2014-04-11,0.510981023311615,0.510981023311615,0.0,0.0,True
2014-04-14,0.5021957755088806,0.5021957755088806,0.0,0.0,True
2014-04-15,0.5237982869148254,0.5237982869148254,0.0,0.0,True
2014-04-16,0.5225897431373596,0.5225897431373596,0.0,0.0,True
2014-04-17,0.45436349511146545,0.45436349511146545,0.0,0.0,True
2014-04-21,0.5441553592681885,0.5441553592681885,0.0,0.0,True
2014-04-22,0.5162473917007446,0.5162473917007446,0.0,0.0,True
2014-04-23,0.5443356037139893,0.5443356037139893,0.0,0.0,True
2014-04-24,0.4664817154407501,0.4664817154407501,0.0,0.0,True
2014-04-25,0.5746902227401733,0.5746902227401733,0.0,0.6967154805541118,True
2014-04-28,0.4438052475452423,0.4438052475452423,0.0,0.0,True
2014-04-29,0.49294912815093994,0.49294912815093994,0.0,0.0,True
2014-04-30,0.48579347133636475,0.48579347133636475,0.0,0.0,True
2014-05-01,0.5576624274253845,0.5576624274253845,0.0,0.0,True
2014-05-02,0.5280579924583435,0.5280579924583435,0.0,0.0,True
2014-05-05,0.6674540042877197,0.6674540042877197,0.0,0.8156378958495423,True
2014-05-06,0.671057403087616,0.671057403087616,0.0,0.8156378958495423,True
2014-05-07,0.5639595985412598,0.5639595985412598,0.0,0.8156378958495423,True
2014-05-08,0.5621880292892456,0.5621880292892456,0.0,0.8156378958495423,True
2014-05-09,0.5755215287208557,0.5755215287208557,0.0,0.9869042481134465,True
2014-05-12,0.604183554649353,0.604183554649353,0.0,0.9869042481134465,True
2014-05-13,0.480668306350708,0.480668306350708,0.0,0.0,True
2014-05-14,0.5451028347015381,0.5451028347015381,0.0,0.0,True
2014-05-15,0.5892091989517212,0.5892091989517212,0.0,0.9276844084524795,True
2014-05-16,0.5947620272636414,0.5947620272636414,0.0,0.9276844084524795,True
2014-05-19,0.612105667591095,0.612105667591095,0.0,0.9276844084524795,True
2014-05-20,0.5882093906402588,0.5882093906402588,0.0,0.9276844084524795,True
2014-05-21,0.5183826088905334,0.5183826088905334,0.0,0.0,True
2014-05-22,0.5581049919128418,0.5581049919128418,0.0,0.0,True
2014-05-23,0.6095396876335144,0.6095396876335144,0.0,0.8862072783224337,True
2014-05-27,0.5614748597145081,0.5614748597145081,0.0,1.0,True
2014-05-28,0.5713790655136108,0.5713790655136108,0.0,1.0,True
2014-05-29,0.6216241717338562,0.6216241717338562,0.0,1.0,True
2014-05-30,0.45835891366004944,0.45835891366004944,0.0,0.0,True
2014-06-02,0.5293698906898499,0.5293698906898499,0.0,0.0,True
2014-06-03,0.6110304594039917,0.6110304594039917,0.0,0.9882666748543065,True
2014-06-04,0.5594217777252197,0.5594217777252197,0.0,0.0,True
2014-06-05,0.494769424200058,0.494769424200058,0.0,0.0,True
2014-06-06,0.5496648550033569,0.5496648550033569,0.0,0.0,True
2014-06-09,0.5680581331253052,0.5680581331253052,0.0,0.9217448146731564,True
2014-06-10,0.5656318664550781,0.5656318664550781,0.0,0.9217448146731564,True
2014-06-11,0.6109392046928406,0.6109392046928406,0.0,0.9217448146731564,True
2014-06-12,0.6255800127983093,0.6255800127983093,0.0,0.9217448146731564,True
2014-06-13,0.5097247958183289,0.5097247958183289,0.0,0.0,True
2014-06-16,0.49929484724998474,0.49929484724998474,0.0,0.0,True
2014-06-17,0.5236040353775024,0.5236040353775024,0.0,0.0,True
2014-06-18,0.4633534252643585,0.4633534252643585,0.0,0.0,True
2014-06-19,0.5252838730812073,0.5252838730812073,0.0,0.0,True
2014-06-20,0.5914326310157776,0.5914326310157776,0.0,1.0,True
2014-06-23,0.5749232172966003,0.5749232172966003,0.0,1.0,True
2014-06-24,0.603395402431488,0.603395402431488,0.0,1.0,True
2014-06-25,0.5516654849052429,0.5516654849052429,0.0,0.0,True
2014-06-26,0.5334808230400085,0.5334808230400085,0.0,0.0,True
2014-06-27,0.4846021234989166,0.4846021234989166,0.0,0.0,True
2014-06-30,0.5423693656921387,0.5423693656921387,0.0,0.0,True
2014-07-01,0.5698997378349304,0.5698997378349304,0.0,1.0,True
2014-07-02,0.5730813145637512,0.5730813145637512,0.0,1.0,True
2014-07-03,0.6012772917747498,0.6012772917747498,0.0,1.0,True
2014-07-07,0.5679588913917542,0.5679588913917542,0.0,1.0,True
2014-07-08,0.6055276989936829,0.6055276989936829,0.0,1.0,True
2014-07-09,0.6137181520462036,0.6137181520462036,0.0,1.0,True
2014-07-10,0.6049306988716125,0.6049306988716125,0.0,1.0,True
2014-07-11,0.5757367610931396,0.5757367610931396,0.0,1.0,True
2014-07-14,0.4365115761756897,0.4365115761756897,0.0,0.0,True
2014-07-15,0.46067288517951965,0.46067288517951965,0.0,0.0,True
2014-07-16,0.6172765493392944,0.6172765493392944,0.0,0.902779188537723,True
2014-07-17,0.49559515714645386,0.49559515714645386,0.0,0.0,True
2014-07-18,0.4234003722667694,0.4234003722667694,0.0,0.0,True
2014-07-21,0.4520152807235718,0.4520152807235718,0.0,0.0,True
2014-07-22,0.42742565274238586,0.42742565274238586,0.0,0.0,True
2014-07-23,0.4294475317001343,0.4294475317001343,0.0,0.0,True
2014-07-24,0.684349000453949,0.684349000453949,0.0,0.8851859344182174,True
2014-07-25,0.685859203338623,0.685859203338623,0.0,0.8851859344182174,True
2014-07-28,0.6236421465873718,0.6236421465873718,0.0,0.8851859344182174,True
2014-07-29,0.6801245212554932,0.6801245212554932,0.0,0.8851859344182174,True
2014-07-30,0.5744388699531555,0.5744388699531555,0.0,0.8851859344182174,True
2014-07-31,0.6168633103370667,0.6168633103370667,0.0,0.8851859344182174,True
2014-08-01,0.612904965877533,0.612904965877533,0.0,0.8851859344182174,True
2014-08-04,0.49937981367111206,0.49937981367111206,0.0,0.0,True
2014-08-05,0.5210665464401245,0.5210665464401245,0.0,0.0,True
2014-08-06,0.5252199172973633,0.5252199172973633,0.0,0.0,True
2014-08-07,0.5101255178451538,0.5101255178451538,0.0,0.0,True
2014-08-08,0.5595303177833557,0.5595303177833557,0.0,0.0,True
2014-08-11,0.5809062719345093,0.5809062719345093,0.0,0.8312181782762165,True
2014-08-12,0.5437802076339722,0.5437802076339722,0.0,0.0,True
2014-08-13,0.48223748803138733,0.48223748803138733,0.0,0.0,True
2014-08-14,0.4789568781852722,0.4789568781852722,0.0,0.0,True
2014-08-15,0.5175233483314514,0.5175233483314514,0.0,0.0,True
2014-08-18,0.5956946611404419,0.5956946611404419,0.0,1.0,True
2014-08-19,0.5856238007545471,0.5856238007545471,0.0,1.0,True
2014-08-20,0.5402989387512207,0.5402989387512207,0.0,0.0,True
2014-08-21,0.5553818345069885,0.5553818345069885,0.0,0.0,True
2014-08-22,0.6088341474533081,0.6088341474533081,0.0,1.0,True
2014-08-25,0.6195588111877441,0.6195588111877441,0.0,1.0,True
2014-08-26,0.6465869545936584,0.6465869545936584,0.0,1.0,True
2014-08-27,0.5922308564186096,0.5922308564186096,0.0,1.0,True
2014-08-28,0.8225340843200684,0.8225340843200684,0.0,1.0,True
2014-08-29,0.5942244529724121,0.5942244529724121,0.0,1.0,True
2014-09-02,0.5715370178222656,0.5715370178222656,0.0,1.0,True
2014-09-03,0.48323023319244385,0.48323023319244385,0.0,0.0,True
2014-09-04,0.4533900320529938,0.4533900320529938,0.0,0.0,True
2014-09-05,0.5261242985725403,0.5261242985725403,0.0,0.0,True
2014-09-08,0.49506518244743347,0.49506518244743347,0.0,0.0,True
2014-09-09,0.47454091906547546,0.47454091906547546,0.0,0.0,True
2014-09-10,0.5290862321853638,0.5290862321853638,0.0,0.0,True
2014-09-11,0.5189933776855469,0.5189933776855469,0.0,0.0,True
2014-09-12,0.540861189365387,0.540861189365387,0.0,0.0,True
2014-09-15,0.5637184977531433,0.5637184977531433,0.0,1.0,True
2014-09-16,0.5708051323890686,0.5708051323890686,0.0,1.0,True
2014-09-17,0.5788502097129822,0.5788502097129822,0.0,1.0,True
2014-09-18,0.5991652011871338,0.5991652011871338,0.0,1.0,True
2014-09-19,0.4905400574207306,0.4905400574207306,0.0,0.0,True
2014-09-22,0.5876677632331848,0.5876677632331848,0.0,1.0,True
2014-09-23,0.5849723815917969,0.5849723815917969,0.0,1.0,True
2014-09-24,0.6005675792694092,0.6005675792694092,0.0,1.0,True
2014-09-25,0.5661217570304871,0.5661217570304871,0.0,1.0,True
2014-09-26,0.5479913949966431,0.5479913949966431,0.0,0.0,True
2014-09-29,0.5818288326263428,0.5818288326263428,0.0,0.920643110888541,True
2014-09-30,0.565153181552887,0.565153181552887,0.0,0.920643110888541,True
2014-10-01,0.5360831022262573,0.5360831022262573,0.0,0.0,True
2014-10-02,0.6043838262557983,0.6043838262557983,0.0,0.9158224224988253,True
2014-10-03,0.5429620742797852,0.5429620742797852,0.0,0.0,True
2014-10-06,0.5688388347625732,0.5688388347625732,0.0,0.9919470615965277,True
2014-10-07,0.5720599889755249,0.5720599889755249,0.0,0.9919470615965277,True
2014-10-08,0.5042138695716858,0.5042138695716858,0.0,0.0,True
2014-10-09,0.5776334404945374,0.5776334404945374,0.0,0.7592621431104525,True
2014-10-10,0.49317461252212524,0.49317461252212524,0.0,0.0,True
2014-10-13,0.45163694024086,0.45163694024086,0.0,0.0,True
2014-10-14,0.4115106165409088,0.4115106165409088,0.0,0.0,True
2014-10-15,0.6064731478691101,0.6064731478691101,0.0,0.634451207182208,True
2014-10-16,0.6023980379104614,0.6023980379104614,0.0,0.634451207182208,True
2014-10-17,0.5670691132545471,0.5670691132545471,0.0,0.634451207182208,True
2014-10-20,0.5221983194351196,0.5221983194351196,0.0,0.0,True
2014-10-21,0.46600818634033203,0.46600818634033203,0.0,0.0,True
2014-10-22,0.5112133622169495,0.5112133622169495,0.0,0.0,True
2014-10-23,0.4319716989994049,0.4319716989994049,0.0,0.0,True
2014-10-24,0.415384441614151,0.415384441614151,0.0,0.0,True
2014-10-27,0.4560728371143341,0.4560728371143341,0.0,0.0,True
2014-10-28,0.4095872938632965,0.4095872938632965,0.0,0.0,True
2014-10-29,0.446179062128067,0.446179062128067,0.0,0.0,True
2014-10-30,0.47627708315849304,0.47627708315849304,0.0,0.0,True
2014-10-31,0.4273432493209839,0.4273432493209839,0.0,0.0,True
2014-11-03,0.4552021920681,0.4552021920681,0.0,0.0,True
2014-11-04,0.4681566059589386,0.4681566059589386,0.0,0.0,True
2014-11-05,0.441834956407547,0.441834956407547,0.0,0.0,True
2014-11-06,0.5503232479095459,0.5503232479095459,0.0,0.0,True
2014-11-07,0.5855987071990967,0.5855987071990967,0.0,0.7770808303573499,True
2014-11-10,0.5705596804618835,0.5705596804618835,0.0,0.7770808303573499,True
2014-11-11,0.5653138160705566,0.5653138160705566,0.0,0.7770808303573499,True
2014-11-12,0.6078227758407593,0.6078227758407593,0.0,0.7770808303573499,True
2014-11-13,0.4969445466995239,0.4969445466995239,0.0,0.0,True
2014-11-14,0.5624737739562988,0.5624737739562988,0.0,0.9128535813935746,True
2014-11-17,0.5990141034126282,0.5990141034126282,0.0,0.9128535813935746,True
2014-11-18,0.5938255786895752,0.5938255786895752,0.0,0.9128535813935746,True
2014-11-19,0.549562931060791,0.549562931060791,0.0,0.0,True
2014-11-20,0.6182177662849426,0.6182177662849426,0.0,0.9160617219967722,True
2014-11-21,0.514370322227478,0.514370322227478,0.0,0.0,True
2014-11-24,0.5386489033699036,0.5386489033699036,0.0,0.0,True
2014-11-25,0.5701637268066406,0.5701637268066406,0.0,0.9568047958800594,True
2014-11-26,0.5309458374977112,0.5309458374977112,0.0,0.0,True
2014-11-28,0.5512155890464783,0.5512155890464783,0.0,0.0,True
2014-12-01,0.5611734986305237,0.5611734986305237,0.0,1.0,True
2014-12-02,0.49373435974121094,0.49373435974121094,0.0,0.0,True
2014-12-03,0.5369836091995239,0.5369836091995239,0.0,0.0,True
2014-12-04,0.5278415679931641,0.5278415679931641,0.0,0.0,True
2014-12-05,0.551853358745575,0.551853358745575,0.0,0.0,True
2014-12-08,0.5429061651229858,0.5429061651229858,0.0,0.0,True
2014-12-09,0.566058337688446,0.566058337688446,0.0,0.9710002597063725,True
2014-12-10,0.5373454093933105,0.5373454093933105,0.0,0.0,True
2014-12-11,0.526688277721405,0.526688277721405,0.0,0.0,True
2014-12-12,0.5210432410240173,0.5210432410240173,0.0,0.0,True
2014-12-15,0.5457474589347839,0.5457474589347839,0.0,0.0,True
2014-12-16,0.6441530585289001,0.6441530585289001,0.0,0.820359207341785,True
2014-12-17,0.4960331916809082,0.4960331916809082,0.0,0.0,True
2014-12-18,0.4655235707759857,0.4655235707759857,0.0,0.0,True
2014-12-19,0.4369063079357147,0.4369063079357147,0.0,0.0,True
2014-12-22,0.4880581498146057,0.4880581498146057,0.0,0.0,True
2014-12-23,0.4549923837184906,0.4549923837184906,0.0,0.0,True
2014-12-24,0.44375717639923096,0.44375717639923096,0.0,0.0,True
2014-12-26,0.5905743837356567,0.5905743837356567,0.0,0.6388370458433846,True
2014-12-29,0.622104823589325,0.622104823589325,0.0,0.6388370458433846,True
2014-12-30,0.61216801404953,0.61216801404953,0.0,0.6388370458433846,True
2014-12-31,0.6664224863052368,0.6664224863052368,0.0,0.6388370458433846,True
2015-01-02,0.5619876980781555,0.5619876980781555,0.0,0.6388370458433846,True
2015-01-05,0.5848351120948792,0.5848351120948792,0.0,0.6388370458433846,True
2015-01-06,0.5563110709190369,0.5563110709190369,0.0,0.0,True
2015-01-07,0.5763603448867798,0.5763603448867798,0.0,0.6492193713534095,True
2015-01-08,0.5083189010620117,0.5083189010620117,0.0,0.0,True
2015-01-09,0.5283668041229248,0.5283668041229248,0.0,0.0,True
2015-01-12,0.5710217952728271,0.5710217952728271,0.0,0.587990830828411,True
2015-01-13,0.5446226000785828,0.5446226000785828,0.0,0.0,True
2015-01-14,0.5524612665176392,0.5524612665176392,0.0,0.0,True
2015-01-15,0.6637980341911316,0.6637980341911316,0.0,0.650157909324414,True
2015-01-16,0.5775549411773682,0.5775549411773682,0.0,0.650157909324414,True
2015-01-20,0.568681538105011,0.568681538105011,0.0,0.8074718989778528,True
2015-01-21,0.5730170011520386,0.5730170011520386,0.0,0.8074718989778528,True
2015-01-22,0.5331063270568848,0.5331063270568848,0.0,0.0,True
2015-01-23,0.5047045350074768,0.5047045350074768,0.0,0.0,True
2015-01-26,0.49428629875183105,0.49428629875183105,0.0,0.0,True
2015-01-27,0.40775129199028015,0.40775129199028015,1.0,0.0,True
2015-01-28,0.41103750467300415,0.41103750467300415,1.0,0.0,True
2015-01-29,0.4118470549583435,0.4118470549583435,1.0,0.0,True
2015-01-30,0.5173191428184509,0.5173191428184509,1.0,0.0,True
2015-02-02,0.44299277663230896,0.44299277663230896,1.0,0.0,True
2015-02-03,0.4070950150489807,0.4070950150489807,1.0,0.0,True
2015-02-04,0.47266706824302673,0.47266706824302673,1.0,0.0,True
2015-02-05,0.468914270401001,0.468914270401001,1.0,0.0,True
2015-02-06,0.5491887331008911,0.5491887331008911,1.0,0.0,True
2015-02-09,0.7042502760887146,0.7042502760887146,1.0,0.35637490436087266,True
2015-02-10,0.691579282283783,0.691579282283783,1.0,0.35637490436087266,True
2015-02-11,0.6756837368011475,0.6756837368011475,1.0,0.35637490436087266,True
2015-02-12,0.49859774112701416,0.49859774112701416,1.0,0.0,True
2015-02-13,0.45157116651535034,0.45157116651535034,1.0,0.0,True
2015-02-17,0.4401909112930298,0.4401909112930298,1.0,0.0,True
2015-02-18,0.4590489864349365,0.4590489864349365,1.0,0.0,True
2015-02-19,0.5237361788749695,0.5237361788749695,1.0,0.0,True
2015-02-20,0.5282194018363953,0.5282194018363953,1.0,0.0,True
2015-02-23,0.6571168899536133,0.6571168899536133,1.0,0.36048217240027425,True
2015-02-24,0.664661705493927,0.664661705493927,1.0,0.36048217240027425,True
2015-02-25,0.5927428603172302,0.5927428603172302,0.0,0.6110844326968279,True
2015-02-26,0.6819709539413452,0.6819709539413452,1.0,0.734038705839839,True
2015-02-27,0.7119759917259216,0.7119759917259216,0.0,0.734038705839839,True
2015-03-02,0.6959307193756104,0.6959307193756104,2.0,1.0,True
2015-03-03,0.6253277063369751,0.6253277063369751,0.0,1.0,True
2015-03-04,0.48623037338256836,0.48623037338256836,0.0,0.0,True
2015-03-05,0.634876012802124,0.634876012802124,0.0,1.0,True
2015-03-06,0.5399364829063416,0.5399364829063416,0.0,0.0,True
2015-03-09,0.5241960287094116,0.5241960287094116,0.0,0.0,True
2015-03-10,0.5555168390274048,0.5555168390274048,0.0,0.0,True
2015-03-11,0.5571273565292358,0.5571273565292358,0.0,0.0,True
2015-03-12,0.5568942427635193,0.5568942427635193,0.0,0.0,True
2015-03-13,0.5337188243865967,0.5337188243865967,0.0,0.0,True
2015-03-16,0.5318503975868225,0.5318503975868225,0.0,0.0,True
2015-03-17,0.511375904083252,0.511375904083252,0.0,0.0,True
2015-03-18,0.5629757642745972,0.5629757642745972,0.0,0.8912302986710616,True
2015-03-19,0.5870712995529175,0.5870712995529175,0.0,0.8912302986710616,True
2015-03-20,0.5294442176818848,0.5294442176818848,0.0,0.0,True
2015-03-23,0.6087226867675781,0.6087226867675781,0.0,0.8726295708910468,True
2015-03-24,0.5997955799102783,0.5997955799102783,0.0,0.8726295708910468,True
2015-03-25,0.5466265082359314,0.5466265082359314,0.0,0.0,True
2015-03-26,0.5226506590843201,0.5226506590843201,0.0,0.0,True
2015-03-27,0.5500220656394958,0.5500220656394958,0.0,0.0,True
2015-03-30,0.5561202764511108,0.5561202764511108,0.0,0.0,True
2015-03-31,0.5946474075317383,0.5946474075317383,0.0,0.7378952157080416,True
2015-04-01,0.6979261636734009,0.6979261636734009,0.0,0.7378952157080416,True
2015-04-02,0.5729002952575684,0.5729002952575684,0.0,0.7378952157080416,True
2015-04-06,0.5252693295478821,0.5252693295478821,0.0,0.0,True
2015-04-07,0.5234267711639404,0.5234267711639404,0.0,0.0,True
2015-04-08,0.49891600012779236,0.49891600012779236,0.0,0.0,True
2015-04-09,0.5791873335838318,0.5791873335838318,0.0,0.6898291846444387,True
2015-04-10,0.528652012348175,0.528652012348175,0.0,0.0,True
2015-04-13,0.7383330464363098,0.7383330464363098,0.0,0.7521191149744343,True
2015-04-14,0.7328887581825256,0.7328887581825256,0.0,0.7521191149744343,True
2015-04-15,0.4919944703578949,0.4919944703578949,0.0,0.0,True
2015-04-16,0.53115314245224,0.53115314245224,0.0,0.0,True
2015-04-17,0.5498358011245728,0.5498358011245728,0.0,0.0,True
2015-04-20,0.47536006569862366,0.47536006569862366,0.0,0.0,True
2015-04-21,0.4795086085796356,0.4795086085796356,0.0,0.0,True
2015-04-22,0.45551878213882446,0.45551878213882446,0.0,0.0,True
2015-04-23,0.4469303786754608,0.4469303786754608,0.0,0.0,True
2015-04-24,0.5301493406295776,0.5301493406295776,1.0,0.0,True
2015-04-27,0.5589802861213684,0.5589802861213684,1.0,0.0,True
2015-04-28,0.6183138489723206,0.6183138489723206,1.0,0.36967247739276105,True
2015-04-29,0.593204915523529,0.593204915523529,1.0,0.36967247739276105,True
2015-04-30,0.7077889442443848,0.7077889442443848,1.0,0.36967247739276105,True
2015-05-01,0.4746398329734802,0.4746398329734802,1.0,0.0,True
2015-05-04,0.4980093538761139,0.4980093538761139,1.0,0.0,True
2015-05-05,0.6303536891937256,0.6303536891937256,1.0,0.3703633763049657,True
2015-05-06,0.6717586517333984,0.6717586517333984,1.0,0.3703633763049657,True
2015-05-07,0.6404005289077759,0.6404005289077759,1.0,0.3703633763049657,True
2015-05-08,0.6308726072311401,0.6308726072311401,1.0,0.3703633763049657,True
2015-05-11,0.6368474364280701,0.6368474364280701,1.0,0.3703633763049657,True
2015-05-12,0.6258673667907715,0.6258673667907715,1.0,0.3703633763049657,True
2015-05-13,0.5769550800323486,0.5769550800323486,1.0,0.3703633763049657,True
2015-05-14,0.5194807648658752,0.5194807648658752,1.0,0.0,True
2015-05-15,0.5874460339546204,0.5874460339546204,1.0,0.35076034894130864,True
2015-05-18,0.5720094442367554,0.5720094442367554,1.0,0.35076034894130864,True
2015-05-19,0.534618616104126,0.534618616104126,1.0,0.0,True
2015-05-20,0.5048972964286804,0.5048972964286804,1.0,0.0,True
2015-05-21,0.6929416656494141,0.6929416656494141,1.0,0.3558903789413554,True
2015-05-22,0.618944525718689,0.618944525718689,0.0,0.7382780915867673,True
2015-05-26,0.6266304850578308,0.6266304850578308,0.0,0.7382780915867673,True
2015-05-27,0.5787384510040283,0.5787384510040283,1.0,0.7382780915867673,True
2015-05-28,0.580314040184021,0.580314040184021,0.0,0.7382780915867673,True
2015-05-29,0.5483453869819641,0.5483453869819641,0.0,0.0,True
2015-06-01,0.5619779825210571,0.5619779825210571,0.0,0.727479482696081,True
2015-06-02,0.5380271673202515,0.5380271673202515,0.0,0.0,True
2015-06-03,0.5744352340698242,0.5744352340698242,0.0,0.7493879697389234,True
2015-06-04,0.5392952561378479,0.5392952561378479,0.0,0.0,True
2015-06-05,0.5651770234107971,0.5651770234107971,0.0,0.8581820187036416,True
2015-06-08,0.5838350057601929,0.5838350057601929,0.0,0.9671213643655505,True
2015-06-09,0.614947497844696,0.614947497844696,0.0,0.9671213643655505,True
2015-06-10,0.5227590799331665,0.5227590799331665,0.0,0.0,True
2015-06-11,0.5002394318580627,0.5002394318580627,0.0,0.0,True
2015-06-12,0.4870983958244324,0.4870983958244324,0.0,0.0,True
2015-06-15,0.4692282974720001,0.4692282974720001,0.0,0.0,True
2015-06-16,0.5280750393867493,0.5280750393867493,0.0,0.0,True
2015-06-17,0.5640135407447815,0.5640135407447815,0.0,0.9638377290469691,True
2015-06-18,0.5303651690483093,0.5303651690483093,0.0,0.0,True
2015-06-19,0.4856559932231903,0.4856559932231903,0.0,0.0,True
2015-06-22,0.5843637585639954,0.5843637585639954,0.0,0.8797229752558395,True
2015-06-23,0.556110143661499,0.556110143661499,0.0,0.0,True
2015-06-24,0.5685248374938965,0.5685248374938965,0.0,1.0,True
2015-06-25,0.5963324904441833,0.5963324904441833,0.0,1.0,True
2015-06-26,0.5434327125549316,0.5434327125549316,0.0,0.0,True
2015-06-29,0.5721309781074524,0.5721309781074524,0.0,0.9700247254500254,True
2015-06-30,0.5586022138595581,0.5586022138595581,0.0,0.0,True
2015-07-01,0.5798278450965881,0.5798278450965881,0.0,0.9488529746616282,True
2015-07-02,0.5855422019958496,0.5855422019958496,0.0,0.9488529746616282,True
2015-07-06,0.579786479473114,0.579786479473114,0.0,0.9488529746616282,True
2015-07-07,0.5675459504127502,0.5675459504127502,0.0,0.9488529746616282,True
2015-07-08,0.5618097186088562,0.5618097186088562,0.0,0.9488529746616282,True
2015-07-09,0.5319344401359558,0.5319344401359558,0.0,0.0,True
2015-07-10,0.5570222735404968,0.5570222735404968,0.0,0.0,True
2015-07-13,0.514697253704071,0.514697253704071,0.0,0.0,True
2015-07-14,0.49876150488853455,0.49876150488853455,0.0,0.0,True
2015-07-15,0.4504566490650177,0.4504566490650177,0.0,0.0,True
2015-07-16,0.4919695258140564,0.4919695258140564,0.0,0.0,True
2015-07-17,0.5143369436264038,0.5143369436264038,0.0,0.0,True
2015-07-20,0.46186545491218567,0.46186545491218567,0.0,0.0,True
2015-07-21,0.43046388030052185,0.43046388030052185,0.0,0.0,True
2015-07-22,0.5396326780319214,0.5396326780319214,0.0,0.0,True
2015-07-23,0.5532252788543701,0.5532252788543701,0.0,0.0,True
2015-07-24,0.5817145109176636,0.5817145109176636,0.0,0.7472246812913378,True
2015-07-27,0.5502268671989441,0.5502268671989441,0.0,0.0,True
2015-07-28,0.5347471237182617,0.5347471237182617,0.0,0.0,True
2015-07-29,0.5021810531616211,0.5021810531616211,0.0,0.0,True
2015-07-30,0.49622100591659546,0.49622100591659546,0.0,0.0,True
2015-07-31,0.4784081280231476,0.4784081280231476,0.0,0.0,True
2015-08-03,0.5643572211265564,0.5643572211265564,0.0,0.7342546700879228,True
2015-08-04,0.5115417242050171,0.5115417242050171,0.0,0.0,True
2015-08-05,0.48814842104911804,0.48814842104911804,0.0,0.0,True
2015-08-06,0.5695242881774902,0.5695242881774902,0.0,0.6693894116954943,True
2015-08-07,0.6010652780532837,0.6010652780532837,0.0,0.6693894116954943,True
2015-08-10,0.507107138633728,0.507107138633728,0.0,0.0,True
2015-08-11,0.5436121225357056,0.5436121225357056,0.0,0.0,True
2015-08-12,0.5574064254760742,0.5574064254760742,0.0,0.0,True
2015-08-13,0.5566686391830444,0.5566686391830444,0.0,0.0,True
2015-08-14,0.5898379683494568,0.5898379683494568,0.0,0.6784542533958037,True
2015-08-17,0.5394378304481506,0.5394378304481506,0.0,0.0,True
2015-08-18,0.7653359174728394,0.7653359174728394,0.0,0.6804627633949305,True
2015-08-19,0.5375765562057495,0.5375765562057495,0.0,0.0,True
2015-08-20,0.5304147005081177,0.5304147005081177,0.0,0.0,True
2015-08-21,0.4765940308570862,0.4765940308570862,0.0,0.0,True
2015-08-24,0.6258004903793335,0.6258004903793335,0.0,0.5081066564872002,True
2015-08-25,0.6779494881629944,0.6779494881629944,1.0,0.5081066564872002,True
2015-08-26,0.4272818863391876,0.4272818863391876,1.0,0.0,True
2015-08-27,0.32815060019493103,0.32815060019493103,1.0,0.0,True
2015-08-28,0.40020036697387695,0.40020036697387695,1.0,0.0,True
2015-08-31,0.4184165894985199,0.4184165894985199,1.0,0.0,True
2015-09-01,0.4354840815067291,0.4354840815067291,1.0,0.0,True
2015-09-02,0.4390791952610016,0.4390791952610016,1.0,0.0,True
2015-09-03,0.45917853713035583,0.45917853713035583,1.0,0.0,True
2015-09-04,0.466671347618103,0.466671347618103,1.0,0.0,True
2015-09-08,0.4668525457382202,0.4668525457382202,1.0,0.0,True
2015-09-09,0.4903779923915863,0.4903779923915863,1.0,0.0,True
2015-09-10,0.5864614248275757,0.5864614248275757,1.0,0.34636349106897907,True
2015-09-11,0.5691899061203003,0.5691899061203003,1.0,0.34636349106897907,True
2015-09-14,0.5920082926750183,0.5920082926750183,1.0,0.34636349106897907,True
2015-09-15,0.5790188312530518,0.5790188312530518,1.0,0.34636349106897907,True
2015-09-16,0.5246463418006897,0.5246463418006897,1.0,0.0,True
2015-09-17,0.496681809425354,0.496681809425354,1.0,0.0,True
2015-09-18,0.6296417713165283,0.6296417713165283,1.0,0.34219945947861463,True
2015-09-21,0.5136505365371704,0.5136505365371704,1.0,0.0,True
2015-09-22,0.5412172675132751,0.5412172675132751,1.0,0.0,True
2015-09-23,0.4514032006263733,0.4514032006263733,1.0,0.0,True
2015-09-24,0.5890265703201294,0.5890265703201294,0.0,0.5072220927803458,True
2015-09-25,0.5642387270927429,0.5642387270927429,0.0,0.5072220927803458,True
2015-09-28,0.5966954827308655,0.5966954827308655,0.0,0.5072220927803458,True
2015-09-29,0.5635938048362732,0.5635938048362732,0.0,0.5072220927803458,True
2015-09-30,0.5250483155250549,0.5250483155250549,0.0,0.0,True
2015-10-01,0.5382296442985535,0.5382296442985535,0.0,0.0,True
2015-10-02,0.4555986523628235,0.4555986523628235,0.0,0.0,True
2015-10-05,0.4226395785808563,0.4226395785808563,0.0,0.0,True
2015-10-06,0.5176123380661011,0.5176123380661011,0.0,0.0,True
2015-10-07,0.5422413349151611,0.5422413349151611,0.0,0.0,True
2015-10-08,0.5480099320411682,0.5480099320411682,0.0,0.0,True
2015-10-09,0.5348833203315735,0.5348833203315735,0.0,0.0,True
2015-10-12,0.6139856576919556,0.6139856576919556,0.0,0.8109987904974579,True
2015-10-13,0.5599074363708496,0.5599074363708496,0.0,0.0,True
2015-10-14,0.5238375663757324,0.5238375663757324,0.0,0.0,True
2015-10-15,0.6313645243644714,0.6313645243644714,0.0,0.8526667981830074,True
2015-10-16,0.5984600782394409,0.5984600782394409,0.0,0.8526667981830074,True
2015-10-19,0.5835586786270142,0.5835586786270142,0.0,0.9632057116603172,True
2015-10-20,0.6046868562698364,0.6046868562698364,0.0,0.9632057116603172,True
2015-10-21,0.5556830763816833,0.5556830763816833,0.0,0.0,True
2015-10-22,0.557673454284668,0.557673454284668,0.0,0.0,True
2015-10-23,0.5142384767532349,0.5142384767532349,1.0,0.0,True
2015-10-26,0.5747724771499634,0.5747724771499634,1.0,0.40206114054986536,True
2015-10-27,0.4872097969055176,0.4872097969055176,1.0,0.0,True
2015-10-28,0.4977363646030426,0.4977363646030426,1.0,0.0,True
2015-10-29,0.5500669479370117,0.5500669479370117,1.0,0.0,True
2015-10-30,0.45332711935043335,0.45332711935043335,1.0,0.0,True
2015-11-02,0.43385884165763855,0.43385884165763855,1.0,0.0,True
2015-11-03,0.47511932253837585,0.47511932253837585,1.0,0.0,True
2015-11-04,0.4647294282913208,0.4647294282913208,1.0,0.0,True
2015-11-05,0.36807891726493835,0.36807891726493835,1.0,0.0,True
2015-11-06,0.2790215313434601,0.2790215313434601,1.0,0.0,True
2015-11-09,0.4279565215110779,0.4279565215110779,1.0,0.0,True
2015-11-10,0.49294716119766235,0.49294716119766235,1.0,0.0,True
2015-11-11,0.47433018684387207,0.47433018684387207,1.0,0.0,True
2015-11-12,0.4884665012359619,0.4884665012359619,1.0,0.0,True
2015-11-13,0.4894365668296814,0.4894365668296814,1.0,0.0,True
2015-11-16,0.4138701856136322,0.4138701856136322,1.0,0.0,True
2015-11-17,0.44431743025779724,0.44431743025779724,1.0,0.0,True
2015-11-18,0.46911659836769104,0.46911659836769104,1.0,0.0,True
2015-11-19,0.39722898602485657,0.39722898602485657,1.0,0.0,True
2015-11-20,0.4714544415473938,0.4714544415473938,0.0,0.0,True
2015-11-23,0.46825680136680603,0.46825680136680603,1.0,0.0,True
2015-11-24,0.48642006516456604,0.48642006516456604,0.0,0.0,True
2015-11-25,0.643001914024353,0.643001914024353,0.0,0.8981946693208562,True
2015-11-27,0.43867820501327515,0.43867820501327515,0.0,0.0,True
2015-11-30,0.5229257345199585,0.5229257345199585,0.0,0.0,True
2015-12-01,0.4318659007549286,0.4318659007549286,0.0,0.0,True
2015-12-02,0.5057600736618042,0.5057600736618042,0.0,0.0,True
2015-12-03,0.5745357275009155,0.5745357275009155,0.0,0.9172236247585438,True
2015-12-04,0.574049174785614,0.574049174785614,0.0,0.7586026848837691,True
2015-12-07,0.5906018614768982,0.5906018614768982,0.0,0.7586026848837691,True
2015-12-08,0.6079529523849487,0.6079529523849487,0.0,0.7586026848837691,True
2015-12-09,0.6275202631950378,0.6275202631950378,0.0,0.7586026848837691,True
2015-12-10,0.5796524286270142,0.5796524286270142,0.0,0.7586026848837691,True
2015-12-11,0.5463245511054993,0.5463245511054993,0.0,0.0,True
2015-12-14,0.6057421565055847,0.6057421565055847,0.0,0.701997115062242,True
2015-12-15,0.5978127121925354,0.5978127121925354,0.0,0.701997115062242,True
2015-12-16,0.5898257493972778,0.5898257493972778,0.0,0.701997115062242,True
2015-12-17,0.6045278310775757,0.6045278310775757,0.0,0.701997115062242,True
2015-12-18,0.45906904339790344,0.45906904339790344,0.0,0.0,True
2015-12-21,0.5131577849388123,0.5131577849388123,0.0,0.0,True
2015-12-22,0.5055844187736511,0.5055844187736511,0.0,0.0,True
2015-12-23,0.6022303700447083,0.6022303700447083,0.0,0.6270721044223863,True
2015-12-24,0.5454621315002441,0.5454621315002441,0.0,0.0,True
2015-12-28,0.5610982775688171,0.5610982775688171,0.0,0.6361715407146702,True
2015-12-29,0.6252801418304443,0.6252801418304443,0.0,0.6361715407146702,True
2015-12-30,0.5305423140525818,0.5305423140525818,0.0,0.0,True
2015-12-31,0.5319995880126953,0.5319995880126953,0.0,0.0,True
2016-01-04,0.5454283952713013,0.5454283952713013,0.0,0.0,True
2016-01-05,0.5608270764350891,0.5608270764350891,0.0,0.7359664181118603,True
2016-01-06,0.5662897229194641,0.5662897229194641,0.0,0.7359664181118603,True
2016-01-07,0.6054855585098267,0.6054855585098267,0.0,0.6161357653986638,True
2016-01-08,0.6126866936683655,0.6126866936683655,0.0,0.6161357653986638,True
2016-01-11,0.6194092035293579,0.6194092035293579,0.0,0.6161357653986638,True
2016-01-12,0.5967260003089905,0.5967260003089905,0.0,0.6161357653986638,True
2016-01-13,0.5766150951385498,0.5766150951385498,0.0,0.6161357653986638,True
2016-01-14,0.42369797825813293,0.42369797825813293,0.0,0.0,True
2016-01-15,0.5301234126091003,0.5301234126091003,0.0,0.0,True
2016-01-19,0.5089837908744812,0.5089837908744812,0.0,0.0,True
2016-01-20,0.5039657354354858,0.5039657354354858,0.0,0.0,True
2016-01-21,0.49835172295570374,0.49835172295570374,0.0,0.0,True
2016-01-22,0.5231504440307617,0.5231504440307617,0.0,0.0,True
2016-01-25,0.513772189617157,0.513772189617157,0.0,0.0,True
2016-01-26,0.5458949208259583,0.5458949208259583,0.0,0.0,True
2016-01-27,0.5444387793540955,0.5444387793540955,0.0,0.0,True
2016-01-28,0.5290178060531616,0.5290178060531616,0.0,0.0,True
2016-01-29,0.376949667930603,0.376949667930603,1.0,0.0,True
2016-02-01,0.4022112488746643,0.4022112488746643,1.0,0.0,True
2016-02-02,0.44219154119491577,0.44219154119491577,1.0,0.0,True
2016-02-03,0.47678226232528687,0.47678226232528687,1.0,0.0,True
2016-02-04,0.4813116788864136,0.4813116788864136,1.0,0.0,True
2016-02-05,0.6196319460868835,0.6196319460868835,1.0,0.39284857761261505,True
2016-02-08,0.6266987919807434,0.6266987919807434,1.0,0.39284857761261505,True
2016-02-09,0.6351764798164368,0.6351764798164368,1.0,0.39284857761261505,True
2016-02-10,0.5833910703659058,0.5833910703659058,1.0,0.39284857761261505,True
2016-02-11,0.6026373505592346,0.6026373505592346,1.0,0.39284857761261505,True
2016-02-12,0.5584398508071899,0.5584398508071899,1.0,0.0,True
2016-02-16,0.5249584913253784,0.5249584913253784,1.0,0.0,True
2016-02-17,0.45101797580718994,0.45101797580718994,1.0,0.0,True
2016-02-18,0.48911547660827637,0.48911547660827637,1.0,0.0,True
2016-02-19,0.4825868308544159,0.4825868308544159,1.0,0.0,True
2016-02-22,0.42379462718963623,0.42379462718963623,0.0,0.0,True
2016-02-23,0.5284197330474854,0.5284197330474854,1.0,0.0,True
2016-02-24,0.5176787972450256,0.5176787972450256,1.0,0.0,True
2016-02-25,0.5184423923492432,0.5184423923492432,1.0,0.0,True
2016-02-26,0.5294976234436035,0.5294976234436035,0.0,0.0,True
2016-02-29,0.562307596206665,0.562307596206665,0.0,0.5536827591098815,True
2016-03-01,0.49685895442962646,0.49685895442962646,0.0,0.0,True
2016-03-02,0.5514969825744629,0.5514969825744629,0.0,0.0,True
2016-03-03,0.572236955165863,0.572236955165863,0.0,0.541571965225271,True
2016-03-04,0.5901548266410828,0.5901548266410828,0.0,0.541571965225271,True
2016-03-07,0.541878342628479,0.541878342628479,0.0,0.0,True
2016-03-08,0.5466633439064026,0.5466633439064026,0.0,0.0,True
2016-03-09,0.5097148418426514,0.5097148418426514,0.0,0.0,True
2016-03-10,0.5681838989257812,0.5681838989257812,0.0,0.5616576886654859,True
2016-03-11,0.48968154191970825,0.48968154191970825,0.0,0.0,True
2016-03-14,0.48191967606544495,0.48191967606544495,0.0,0.0,True
2016-03-15,0.48578402400016785,0.48578402400016785,0.0,0.0,True
2016-03-16,0.5370193123817444,0.5370193123817444,0.0,0.0,True
2016-03-17,0.55829256772995,0.55829256772995,0.0,0.0,True
2016-03-18,0.4937394857406616,0.4937394857406616,0.0,0.0,True
2016-03-21,0.5100976228713989,0.5100976228713989,0.0,0.0,True
2016-03-22,0.4978579580783844,0.4978579580783844,0.0,0.0,True
2016-03-23,0.5597411394119263,0.5597411394119263,0.0,0.0,True
2016-03-24,0.5303708910942078,0.5303708910942078,0.0,0.0,True
2016-03-28,0.579163134098053,0.579163134098053,0.0,0.6552869148156857,True
2016-03-29,0.5314047336578369,0.5314047336578369,0.0,0.0,True
2016-03-30,0.5143632888793945,0.5143632888793945,0.0,0.0,True
2016-03-31,0.5351333618164062,0.5351333618164062,0.0,0.0,True
2016-04-01,0.5286028981208801,0.5286028981208801,0.0,0.0,True
2016-04-04,0.5625760555267334,0.5625760555267334,0.0,0.750410166545302,True
2016-04-05,0.5562536120414734,0.5562536120414734,0.0,0.0,True
2016-04-06,0.5617178082466125,0.5617178082466125,0.0,0.7733525413525235,True
2016-04-07,0.503233790397644,0.503233790397644,0.0,0.0,True
2016-04-08,0.5246659517288208,0.5246659517288208,0.0,0.0,True
2016-04-11,0.518779456615448,0.518779456615448,0.0,0.0,True
2016-04-12,0.5620937347412109,0.5620937347412109,0.0,0.9069093194563634,True
2016-04-13,0.6009054183959961,0.6009054183959961,0.0,0.9069093194563634,True
2016-04-14,0.6453368067741394,0.6453368067741394,0.0,0.9069093194563634,True
2016-04-15,0.6397817134857178,0.6397817134857178,0.0,0.9069093194563634,True
2016-04-18,0.5976921319961548,0.5976921319961548,0.0,0.9069093194563634,True
2016-04-19,0.5612930059432983,0.5612930059432983,0.0,0.9069093194563634,True
2016-04-20,0.5233887434005737,0.5233887434005737,0.0,0.0,True
2016-04-21,0.4965469241142273,0.4965469241142273,0.0,0.0,True
2016-04-22,0.36940672993659973,0.36940672993659973,0.0,0.0,True
2016-04-25,0.40748441219329834,0.40748441219329834,0.0,0.0,True
2016-04-26,0.4957106411457062,0.4957106411457062,0.0,0.0,True
2016-04-27,0.5215786695480347,0.5215786695480347,0.0,0.0,True
2016-04-28,0.5499863624572754,0.5499863624572754,0.0,0.0,True
2016-04-29,0.6576717495918274,0.6576717495918274,0.0,0.5118079799129087,True
2016-05-02,0.5372960567474365,0.5372960567474365,0.0,0.0,True
2016-05-03,0.5519583821296692,0.5519583821296692,0.0,0.0,True
2016-05-04,0.6496807336807251,0.6496807336807251,0.0,0.5034535384744538,True
2016-05-05,0.6154590845108032,0.6154590845108032,0.0,0.5034535384744538,True
2016-05-06,0.5230605602264404,0.5230605602264404,0.0,0.0,True
2016-05-09,0.5472737550735474,0.5472737550735474,0.0,0.0,True
2016-05-10,0.48594409227371216,0.48594409227371216,0.0,0.0,True
2016-05-11,0.5418255925178528,0.5418255925178528,0.0,0.0,True
2016-05-12,0.47902634739875793,0.47902634739875793,0.0,0.0,True
2016-05-13,0.5459373593330383,0.5459373593330383,0.0,0.0,True
2016-05-16,0.4963199496269226,0.4963199496269226,0.0,0.0,True
2016-05-17,0.5308149456977844,0.5308149456977844,1.0,0.0,True
2016-05-18,0.5283029675483704,0.5283029675483704,0.0,0.0,True
2016-05-19,0.5508327484130859,0.5508327484130859,0.0,0.0,True
2016-05-20,0.7389264702796936,0.7389264702796936,0.0,0.8137845831163103,True
2016-05-23,0.7226883769035339,0.7226883769035339,0.0,0.8137845831163103,True
2016-05-24,0.5562106966972351,0.5562106966972351,0.0,0.0,True
2016-05-25,0.5351601243019104,0.5351601243019104,0.0,0.0,True
2016-05-26,0.5899397134780884,0.5899397134780884,0.0,0.7551904138907874,True
2016-05-27,0.48450422286987305,0.48450422286987305,0.0,0.0,True
2016-05-31,0.3770627975463867,0.3770627975463867,0.0,0.0,True
2016-06-01,0.4976811707019806,0.4976811707019806,0.0,0.0,True
2016-06-02,0.545350193977356,0.545350193977356,0.0,0.0,True
2016-06-03,0.5867497324943542,0.5867497324943542,0.0,0.7570463873029674,True
2016-06-06,0.5991133451461792,0.5991133451461792,0.0,0.7570463873029674,True
2016-06-07,0.5979653596878052,0.5979653596878052,0.0,0.7570463873029674,True
2016-06-08,0.6502126455307007,0.6502126455307007,0.0,0.7570463873029674,True
2016-06-09,0.620337188243866,0.620337188243866,0.0,0.7570463873029674,True
2016-06-10,0.5505289435386658,0.5505289435386658,0.0,0.0,True
2016-06-13,0.5769855976104736,0.5769855976104736,0.0,0.726100895352703,True
2016-06-14,0.6541375517845154,0.6541375517845154,0.0,0.726100895352703,True
2016-06-15,0.6650856137275696,0.6650856137275696,0.0,0.726100895352703,True
2016-06-16,0.5189671516418457,0.5189671516418457,0.0,0.0,True
2016-06-17,0.5660006999969482,0.5660006999969482,0.0,0.7781197181000691,True
2016-06-20,0.5471422672271729,0.5471422672271729,0.0,0.0,True
2016-06-21,0.4970267117023468,0.4970267117023468,0.0,0.0,True
2016-06-22,0.571013867855072,0.571013867855072,0.0,0.8841960467812967,True
2016-06-23,0.5048837065696716,0.5048837065696716,0.0,0.0,True
2016-06-24,0.4015221893787384,0.4015221893787384,0.0,0.0,True
2016-06-27,0.45686429738998413,0.45686429738998413,0.0,0.0,True
2016-06-28,0.44066137075424194,0.44066137075424194,0.0,0.0,True
2016-06-29,0.4657972455024719,0.4657972455024719,0.0,0.0,True
2016-06-30,0.5068580508232117,0.5068580508232117,0.0,0.0,True
2016-07-01,0.5218684673309326,0.5218684673309326,0.0,0.0,True
2016-07-05,0.55427086353302,0.55427086353302,0.0,0.0,True
2016-07-06,0.5715928673744202,0.5715928673744202,0.0,0.5627896393315542,True
2016-07-07,0.6056405305862427,0.6056405305862427,0.0,0.5627896393315542,True
2016-07-08,0.48847484588623047,0.48847484588623047,0.0,0.0,True
2016-07-11,0.5027171969413757,0.5027171969413757,0.0,0.0,True
2016-07-12,0.5136642456054688,0.5136642456054688,0.0,0.0,True
2016-07-13,0.6011090278625488,0.6011090278625488,0.0,0.5931066040264567,True
2016-07-14,0.6098710298538208,0.6098710298538208,0.0,0.5931066040264567,True
2016-07-15,0.6612110137939453,0.6612110137939453,0.0,0.5931066040264567,True
2016-07-18,0.6672363877296448,0.6672363877296448,0.0,0.5931066040264567,True
2016-07-19,0.5349113345146179,0.5349113345146179,0.0,0.0,True
2016-07-20,0.4960787296295166,0.4960787296295166,0.0,0.0,True
2016-07-21,0.5140793323516846,0.5140793323516846,0.0,0.0,True
2016-07-22,0.5413163304328918,0.5413163304328918,0.0,0.0,True
2016-07-25,0.5662188529968262,0.5662188529968262,0.0,0.5906850706167108,True
2016-07-26,0.5777849555015564,0.5777849555015564,1.0,0.5906850706167108,True
2016-07-27,0.5868456959724426,0.5868456959724426,0.0,0.5906850706167108,True
2016-07-28,0.6097065210342407,0.6097065210342407,0.0,0.692740932201917,True
2016-07-29,0.6329595446586609,0.6329595446586609,0.0,0.692740932201917,True
2016-08-01,0.6512126922607422,0.6512126922607422,0.0,0.692740932201917,True
2016-08-02,0.6772665977478027,0.6772665977478027,0.0,0.692740932201917,True
2016-08-03,0.6538816094398499,0.6538816094398499,0.0,0.692740932201917,True
2016-08-04,0.5599305629730225,0.5599305629730225,0.0,0.0,True
2016-08-05,0.514207661151886,0.514207661151886,0.0,0.0,True
2016-08-08,0.45535707473754883,0.45535707473754883,0.0,0.0,True
2016-08-09,0.5094451308250427,0.5094451308250427,0.0,0.0,True
2016-08-10,0.5597843527793884,0.5597843527793884,0.0,0.0,True
2016-08-11,0.529902458190918,0.529902458190918,0.0,0.0,True
2016-08-12,0.695088267326355,0.695088267326355,0.0,0.7003246381780457,True
2016-08-15,0.6919028759002686,0.6919028759002686,0.0,0.7003246381780457,True
2016-08-16,0.6479641795158386,0.6479641795158386,0.0,0.7003246381780457,True
2016-08-17,0.5056025981903076,0.5056025981903076,0.0,0.0,True
2016-08-18,0.5170873999595642,0.5170873999595642,0.0,0.0,True
2016-08-19,0.5641442537307739,0.5641442537307739,0.0,1.0,True
2016-08-22,0.5247975587844849,0.5247975587844849,0.0,0.0,True
2016-08-23,0.6377355456352234,0.6377355456352234,0.0,1.0,True
2016-08-24,0.5101836323738098,0.5101836323738098,0.0,0.0,True
2016-08-25,0.5562335848808289,0.5562335848808289,0.0,0.0,True
2016-08-26,0.6050474047660828,0.6050474047660828,0.0,1.0,True
2016-08-29,0.6424200534820557,0.6424200534820557,0.0,1.0,True
2016-08-30,0.5949156880378723,0.5949156880378723,0.0,1.0,True
2016-08-31,0.322586327791214,0.322586327791214,0.0,0.0,True
2016-09-01,0.3657269775867462,0.3657269775867462,0.0,0.0,True
2016-09-02,0.3816245496273041,0.3816245496273041,0.0,0.0,True
2016-09-06,0.35555505752563477,0.35555505752563477,0.0,0.0,True
2016-09-07,0.30338355898857117,0.30338355898857117,0.0,0.0,True
2016-09-08,0.29139193892478943,0.29139193892478943,0.0,0.0,True
2016-09-09,0.329439640045166,0.329439640045166,0.0,0.0,True
2016-09-12,0.3181097209453583,0.3181097209453583,0.0,0.0,True
2016-09-13,0.3330032527446747,0.3330032527446747,0.0,0.0,True
2016-09-14,0.34123900532722473,0.34123900532722473,0.0,0.0,True
2016-09-15,0.4789000153541565,0.4789000153541565,0.0,0.0,True
2016-09-16,0.44937464594841003,0.44937464594841003,0.0,0.0,True
2016-09-19,0.5099168419837952,0.5099168419837952,0.0,0.0,True
2016-09-20,0.5237460136413574,0.5237460136413574,0.0,0.0,True
2016-09-21,0.5036702752113342,0.5036702752113342,0.0,0.0,True
2016-09-22,0.5070521831512451,0.5070521831512451,0.0,0.0,True
2016-09-23,0.5476755499839783,0.5476755499839783,0.0,0.0,True
2016-09-26,0.5450999736785889,0.5450999736785889,0.0,0.0,True
2016-09-27,0.49948638677597046,0.49948638677597046,0.0,0.0,True
2016-09-28,0.5429816246032715,0.5429816246032715,0.0,0.0,True
2016-09-29,0.5786952376365662,0.5786952376365662,0.0,0.923996608543235,True
2016-09-30,0.5819448232650757,0.5819448232650757,0.0,0.923996608543235,True
2016-10-03,0.6138172149658203,0.6138172149658203,0.0,0.923996608543235,True
2016-10-04,0.6451013684272766,0.6451013684272766,0.0,0.923996608543235,True
2016-10-05,0.6263169050216675,0.6263169050216675,0.0,0.923996608543235,True
2016-10-06,0.6451758742332458,0.6451758742332458,0.0,0.923996608543235,True
2016-10-07,0.6505254507064819,0.6505254507064819,0.0,0.923996608543235,True
2016-10-10,0.6604479551315308,0.6604479551315308,0.0,0.923996608543235,True
2016-10-11,0.5150977373123169,0.5150977373123169,0.0,0.0,True
2016-10-12,0.5388797521591187,0.5388797521591187,0.0,0.0,True
2016-10-13,0.49411696195602417,0.49411696195602417,0.0,0.0,True
2016-10-14,0.5635716319084167,0.5635716319084167,0.0,1.0,True
2016-10-17,0.5391928553581238,0.5391928553581238,0.0,0.0,True
2016-10-18,0.6101388931274414,0.6101388931274414,0.0,1.0,True
2016-10-19,0.5884539484977722,0.5884539484977722,0.0,1.0,True
2016-10-20,0.5222841501235962,0.5222841501235962,0.0,0.0,True
2016-10-21,0.5158565044403076,0.5158565044403076,0.0,0.0,True
2016-10-24,0.5430294275283813,0.5430294275283813,0.0,0.0,True
2016-10-25,0.6197748780250549,0.6197748780250549,0.0,0.7833049824681035,True
2016-10-26,0.5825890898704529,0.5825890898704529,0.0,0.7833049824681035,True
2016-10-27,0.4779247045516968,0.4779247045516968,0.0,0.0,True
2016-10-28,0.5037984848022461,0.5037984848022461,0.0,0.0,True
2016-10-31,0.5998160243034363,0.5998160243034363,0.0,0.7796384653032196,True
2016-11-01,0.7685497403144836,0.7685497403144836,0.0,0.7796384653032196,True
2016-11-02,0.7986571788787842,0.7986571788787842,0.0,0.7796384653032196,True
2016-11-03,0.8006986975669861,0.8006986975669861,0.0,0.7796384653032196,True
2016-11-04,0.7380155324935913,0.7380155324935913,0.0,0.7796384653032196,True
2016-11-07,0.504063606262207,0.504063606262207,0.0,0.0,True
2016-11-08,0.5307543277740479,0.5307543277740479,0.0,0.0,True
2016-11-09,0.4970327615737915,0.4970327615737915,0.0,0.0,True
2016-11-10,0.5252184867858887,0.5252184867858887,0.0,0.0,True
2016-11-11,0.5024300813674927,0.5024300813674927,0.0,0.0,True
2016-11-14,0.5295457243919373,0.5295457243919373,0.0,0.0,True
2016-11-15,0.5079901814460754,0.5079901814460754,0.0,0.0,True
2016-11-16,0.5471279621124268,0.5471279621124268,0.0,0.0,True
2016-11-17,0.5170213580131531,0.5170213580131531,0.0,0.0,True
2016-11-18,0.46446099877357483,0.46446099877357483,0.0,0.0,True
2016-11-21,0.5689502954483032,0.5689502954483032,0.0,0.7621876653077648,True
2016-11-22,0.5578908324241638,0.5578908324241638,0.0,0.0,True
2016-11-23,0.5471885800361633,0.5471885800361633,0.0,0.0,True
2016-11-25,0.47197413444519043,0.47197413444519043,0.0,0.0,True
2016-11-28,0.5690345168113708,0.5690345168113708,0.0,0.7598211625322548,True
2016-11-29,0.565527617931366,0.565527617931366,0.0,0.7598211625322548,True
2016-11-30,0.5630703568458557,0.5630703568458557,0.0,0.7598211625322548,True
2016-12-01,0.5569075345993042,0.5569075345993042,0.0,0.0,True
2016-12-02,0.5846859812736511,0.5846859812736511,0.0,0.7006188488311755,True
2016-12-05,0.5289194583892822,0.5289194583892822,0.0,0.0,True
2016-12-06,0.5187773108482361,0.5187773108482361,0.0,0.0,True
2016-12-07,0.5016428828239441,0.5016428828239441,0.0,0.0,True
2016-12-08,0.5035713315010071,0.5035713315010071,0.0,0.0,True
2016-12-09,0.510392963886261,0.510392963886261,0.0,0.0,True
2016-12-12,0.5311321020126343,0.5311321020126343,0.0,0.0,True
2016-12-13,0.4954245090484619,0.4954245090484619,0.0,0.0,True
2016-12-14,0.5431580543518066,0.5431580543518066,0.0,0.0,True
2016-12-15,0.54475337266922,0.54475337266922,0.0,0.0,True
2016-12-16,0.5312566757202148,0.5312566757202148,0.0,0.0,True
2016-12-19,0.4980158507823944,0.4980158507823944,0.0,0.0,True
2016-12-20,0.5611487627029419,0.5611487627029419,0.0,0.8356030083580813,True
2016-12-21,0.600291907787323,0.600291907787323,0.0,0.8356030083580813,True
2016-12-22,0.5353264212608337,0.5353264212608337,0.0,0.0,True
2016-12-23,0.576806902885437,0.576806902885437,0.0,0.8608977571603489,True
2016-12-27,0.7886634469032288,0.7886634469032288,0.0,0.8608977571603489,True
2016-12-28,0.7868402004241943,0.7868402004241943,0.0,0.8608977571603489,True
2016-12-29,0.7705095410346985,0.7705095410346985,0.0,0.8608977571603489,True
2016-12-30,0.582889199256897,0.582889199256897,0.0,0.8608977571603489,True
2017-01-03,0.5855706930160522,0.5855706930160522,0.0,0.8608977571603489,True
2017-01-04,0.555947482585907,0.555947482585907,0.0,0.0,True
2017-01-05,0.5522106885910034,0.5522106885910034,0.0,0.0,True
2017-01-06,0.47962528467178345,0.47962528467178345,0.0,0.0,True
2017-01-09,0.5658960938453674,0.5658960938453674,0.0,1.0,True
2017-01-10,0.542687177658081,0.542687177658081,0.0,0.0,True
2017-01-11,0.5773596167564392,0.5773596167564392,0.0,1.0,True
2017-01-12,0.5087471008300781,0.5087471008300781,0.0,0.0,True
2017-01-13,0.557604968547821,0.557604968547821,0.0,0.0,True
2017-01-17,0.5731891989707947,0.5731891989707947,0.0,1.0,True
2017-01-18,0.5742809772491455,0.5742809772491455,0.0,1.0,True
2017-01-19,0.25297510623931885,0.25297510623931885,0.0,0.0,True
2017-01-20,0.2296150177717209,0.2296150177717209,0.0,0.0,True
2017-01-23,0.3774389326572418,0.3774389326572418,0.0,0.0,True
2017-01-24,0.5361515879631042,0.5361515879631042,0.0,0.0,True
2017-01-25,0.5331057906150818,0.5331057906150818,0.0,0.0,True
2017-01-26,0.6265540719032288,0.6265540719032288,0.0,1.0,True
2017-01-27,0.5402942895889282,0.5402942895889282,0.0,0.0,True
2017-01-30,0.5093960165977478,0.5093960165977478,0.0,0.0,True
2017-01-31,0.4787728488445282,0.4787728488445282,0.0,0.0,True
2017-02-01,0.5582919120788574,0.5582919120788574,0.0,0.0,True
2017-02-02,0.6009165048599243,0.6009165048599243,0.0,1.0,True
2017-02-03,0.5867297649383545,0.5867297649383545,0.0,1.0,True
2017-02-06,0.5848022103309631,0.5848022103309631,0.0,1.0,True
2017-02-07,0.5843769907951355,0.5843769907951355,0.0,1.0,True
2017-02-08,0.6255297064781189,0.6255297064781189,0.0,1.0,True
2017-02-09,0.5813840627670288,0.5813840627670288,0.0,1.0,True
2017-02-10,0.6038047671318054,0.6038047671318054,0.0,1.0,True
2017-02-13,0.5117762088775635,0.5117762088775635,0.0,0.0,True
2017-02-14,0.5584740042686462,0.5584740042686462,0.0,0.0,True
2017-02-15,0.5303223729133606,0.5303223729133606,0.0,0.0,True
2017-02-16,0.5955697894096375,0.5955697894096375,0.0,1.0,True
2017-02-17,0.5016775727272034,0.5016775727272034,0.0,0.0,True
2017-02-21,0.7521268725395203,0.7521268725395203,0.0,1.0,True
2017-02-22,0.7512615323066711,0.7512615323066711,0.0,1.0,True
2017-02-23,0.7638728022575378,0.7638728022575378,0.0,1.0,True
2017-02-24,0.7474977970123291,0.7474977970123291,0.0,1.0,True
2017-02-27,0.5989572405815125,0.5989572405815125,0.0,1.0,True
2017-02-28,0.31938719749450684,0.31938719749450684,0.0,0.0,True
2017-03-01,0.5659803748130798,0.5659803748130798,0.0,1.0,True
2017-03-02,0.5054116249084473,0.5054116249084473,0.0,0.0,True
2017-03-03,0.3607766628265381,0.3607766628265381,0.0,0.0,True
2017-03-06,0.3658488392829895,0.3658488392829895,0.0,0.0,True
2017-03-07,0.3725661337375641,0.3725661337375641,0.0,0.0,True
2017-03-08,0.5664801001548767,0.5664801001548767,0.0,1.0,True
2017-03-09,0.4478777050971985,0.4478777050971985,0.0,0.0,True
2017-03-10,0.46052077412605286,0.46052077412605286,0.0,0.0,True
2017-03-13,0.4379902780056,0.4379902780056,0.0,0.0,True
2017-03-14,0.3043747842311859,0.3043747842311859,0.0,0.0,True
2017-03-15,0.42934948205947876,0.42934948205947876,0.0,0.0,True
2017-03-16,0.40225014090538025,0.40225014090538025,0.0,0.0,True
2017-03-17,0.4714530110359192,0.4714530110359192,0.0,0.0,True
2017-03-20,0.507544755935669,0.507544755935669,0.0,0.0,True
2017-03-21,0.32786479592323303,0.32786479592323303,0.0,0.0,True
2017-03-22,0.594091534614563,0.594091534614563,0.0,1.0,True
2017-03-23,0.6024892330169678,0.6024892330169678,0.0,1.0,True
2017-03-24,0.6045886278152466,0.6045886278152466,0.0,1.0,True
2017-03-27,0.5359969139099121,0.5359969139099121,0.0,0.0,True
2017-03-28,0.5445716381072998,0.5445716381072998,0.0,0.0,True
2017-03-29,0.5224053263664246,0.5224053263664246,0.0,0.0,True
2017-03-30,0.6378027200698853,0.6378027200698853,0.0,1.0,True
2017-03-31,0.6546925902366638,0.6546925902366638,0.0,1.0,True
2017-04-03,0.5629264712333679,0.5629264712333679,0.0,1.0,True
2017-04-04,0.5775577425956726,0.5775577425956726,0.0,1.0,True
2017-04-05,0.4348703920841217,0.4348703920841217,0.0,0.0,True
2017-04-06,0.5310851335525513,0.5310851335525513,0.0,0.0,True
2017-04-07,0.48225152492523193,0.48225152492523193,0.0,0.0,True
2017-04-10,0.3791552782058716,0.3791552782058716,0.0,0.0,True
2017-04-11,0.4101391136646271,0.4101391136646271,0.0,0.0,True
2017-04-12,0.29121649265289307,0.29121649265289307,0.0,0.0,True
2017-04-13,0.31010952591896057,0.31010952591896057,0.0,0.0,True
2017-04-17,0.3160662353038788,0.3160662353038788,0.0,0.0,True
2017-04-18,0.35438069701194763,0.35438069701194763,0.0,0.0,True
2017-04-19,0.30994853377342224,0.30994853377342224,0.0,0.0,True
2017-04-20,0.3703591525554657,0.3703591525554657,0.0,0.0,True
2017-04-21,0.5885160565376282,0.5885160565376282,0.0,1.0,True
2017-04-24,0.528175950050354,0.528175950050354,0.0,0.0,True
2017-04-25,0.4755978286266327,0.4755978286266327,0.0,0.0,True
2017-04-26,0.48993995785713196,0.48993995785713196,0.0,0.0,True
2017-04-27,0.5261107683181763,0.5261107683181763,0.0,0.0,True
2017-04-28,0.5089601278305054,0.5089601278305054,0.0,0.0,True
2017-05-01,0.39453521370887756,0.39453521370887756,0.0,0.0,True
2017-05-02,0.4353012144565582,0.4353012144565582,0.0,0.0,True
2017-05-03,0.5249108076095581,0.5249108076095581,0.0,0.0,True
2017-05-04,0.4052489101886749,0.4052489101886749,0.0,0.0,True
2017-05-05,0.4595961570739746,0.4595961570739746,0.0,0.0,True
2017-05-08,0.4882170557975769,0.4882170557975769,0.0,0.0,True
2017-05-09,0.4510032832622528,0.4510032832622528,0.0,0.0,True
2017-05-10,0.4746529459953308,0.4746529459953308,0.0,0.0,True
2017-05-11,0.5757567882537842,0.5757567882537842,0.0,1.0,True
2017-05-12,0.5839554667472839,0.5839554667472839,0.0,1.0,True
2017-05-15,0.4850919544696808,0.4850919544696808,0.0,0.0,True
2017-05-16,0.5018457174301147,0.5018457174301147,0.0,0.0,True
2017-05-17,0.566005527973175,0.566005527973175,0.0,0.8998066943611034,True
2017-05-18,0.5771591067314148,0.5771591067314148,0.0,0.8998066943611034,True
2017-05-19,0.5815666317939758,0.5815666317939758,0.0,0.8998066943611034,True
2017-05-22,0.5821731686592102,0.5821731686592102,0.0,0.8998066943611034,True
2017-05-23,0.5386894345283508,0.5386894345283508,0.0,0.0,True
2017-05-24,0.5046740770339966,0.5046740770339966,0.0,0.0,True
2017-05-25,0.5532131195068359,0.5532131195068359,0.0,0.0,True
2017-05-26,0.580190896987915,0.580190896987915,0.0,0.9539042271609796,True
2017-05-30,0.5932204127311707,0.5932204127311707,0.0,0.9539042271609796,True
2017-05-31,0.4870029389858246,0.4870029389858246,0.0,0.0,True
2017-06-01,0.543146014213562,0.543146014213562,0.0,0.0,True
2017-06-02,0.5271091461181641,0.5271091461181641,0.0,0.0,True
2017-06-05,0.5272713303565979,0.5272713303565979,0.0,0.0,True
2017-06-06,0.3653523921966553,0.3653523921966553,0.0,0.0,True
2017-06-07,0.4720280170440674,0.4720280170440674,0.0,0.0,True
2017-06-08,0.5015443563461304,0.5015443563461304,0.0,0.0,True
2017-06-09,0.5694499611854553,0.5694499611854553,0.0,0.7855889233004426,True
2017-06-12,0.5942323207855225,0.5942323207855225,0.0,0.7855889233004426,True
2017-06-13,0.5389761328697205,0.5389761328697205,0.0,0.0,True
2017-06-14,0.5283747911453247,0.5283747911453247,0.0,0.0,True
2017-06-15,0.5639587044715881,0.5639587044715881,0.0,0.9624170659349882,True
2017-06-16,0.5329724550247192,0.5329724550247192,0.0,0.0,True
2017-06-19,0.4831247329711914,0.4831247329711914,0.0,0.0,True
2017-06-20,0.5435408353805542,0.5435408353805542,0.0,0.0,True
2017-06-21,0.547674834728241,0.547674834728241,0.0,0.0,True
2017-06-22,0.536494255065918,0.536494255065918,0.0,0.0,True
2017-06-23,0.4980524182319641,0.4980524182319641,0.0,0.0,True
2017-06-26,0.5436521768569946,0.5436521768569946,0.0,0.0,True
2017-06-27,0.5299850702285767,0.5299850702285767,0.0,0.0,True
2017-06-28,0.5404615998268127,0.5404615998268127,0.0,0.0,True
2017-06-29,0.5354201793670654,0.5354201793670654,0.0,0.0,True
2017-06-30,0.5633223056793213,0.5633223056793213,0.0,0.8647150390359608,True
2017-07-03,0.5546995997428894,0.5546995997428894,0.0,0.0,True
2017-07-05,0.5458622574806213,0.5458622574806213,0.0,0.0,True
2017-07-06,0.5671767592430115,0.5671767592430115,0.0,0.8249642932742659,True
2017-07-07,0.5465173721313477,0.5465173721313477,0.0,0.0,True
2017-07-10,0.4949388802051544,0.4949388802051544,0.0,0.0,True
2017-07-11,0.5270102620124817,0.5270102620124817,0.0,0.0,True
2017-07-12,0.5489616394042969,0.5489616394042969,0.0,0.0,True
2017-07-13,0.5573686957359314,0.5573686957359314,0.0,0.0,True
2017-07-14,0.5144120454788208,0.5144120454788208,0.0,0.0,True
2017-07-17,0.6048689484596252,0.6048689484596252,0.0,0.8191408448393926,True
2017-07-18,0.6051563024520874,0.6051563024520874,0.0,0.8191408448393926,True
2017-07-19,0.5690990090370178,0.5690990090370178,0.0,0.8191408448393926,True
2017-07-20,0.5707913041114807,0.5707913041114807,0.0,0.8191408448393926,True
2017-07-21,0.6110867857933044,0.6110867857933044,0.0,0.8191408448393926,True
2017-07-24,0.5910131931304932,0.5910131931304932,0.0,0.8191408448393926,True
2017-07-25,0.6144014000892639,0.6144014000892639,0.0,0.8191408448393926,True
2017-07-26,0.6082822680473328,0.6082822680473328,0.0,1.0,True
2017-07-27,0.582111120223999,0.582111120223999,0.0,1.0,True
2017-07-28,0.6074048280715942,0.6074048280715942,0.0,1.0,True
2017-07-31,0.5459610223770142,0.5459610223770142,0.0,0.0,True
2017-08-01,0.5891448855400085,0.5891448855400085,0.0,1.0,True
2017-08-02,0.5599087476730347,0.5599087476730347,0.0,0.0,True
2017-08-03,0.5846550464630127,0.5846550464630127,0.0,1.0,True
2017-08-04,0.5507391095161438,0.5507391095161438,0.0,0.0,True
2017-08-07,0.5501948595046997,0.5501948595046997,0.0,0.0,True
2017-08-08,0.5298928618431091,0.5298928618431091,0.0,0.0,True
2017-08-09,0.334012895822525,0.334012895822525,0.0,0.0,True
2017-08-10,0.5243570804595947,0.5243570804595947,0.0,0.0,True
2017-08-11,0.5159345865249634,0.5159345865249634,0.0,0.0,True
2017-08-14,0.5035505294799805,0.5035505294799805,0.0,0.0,True
2017-08-15,0.49755996465682983,0.49755996465682983,0.0,0.0,True
2017-08-16,0.46635162830352783,0.46635162830352783,0.0,0.0,True
2017-08-17,0.5423562526702881,0.5423562526702881,0.0,0.0,True
2017-08-18,0.5742053389549255,0.5742053389549255,0.0,1.0,True
2017-08-21,0.586683988571167,0.586683988571167,0.0,1.0,True
2017-08-22,0.5458086729049683,0.5458086729049683,0.0,0.0,True
2017-08-23,0.5744071006774902,0.5744071006774902,0.0,1.0,True
2017-08-24,0.6039349436759949,0.6039349436759949,0.0,1.0,True
2017-08-25,0.6085512042045593,0.6085512042045593,0.0,1.0,True
2017-08-28,0.6164958477020264,0.6164958477020264,0.0,1.0,True
2017-08-29,0.6385625004768372,0.6385625004768372,0.0,1.0,True
2017-08-30,0.5364738702774048,0.5364738702774048,0.0,0.0,True
2017-08-31,0.526090145111084,0.526090145111084,0.0,0.0,True
2017-09-01,0.51540607213974,0.51540607213974,0.0,0.0,True
2017-09-05,0.5810169577598572,0.5810169577598572,0.0,0.996739477845733,True
2017-09-06,0.6367132663726807,0.6367132663726807,0.0,0.996739477845733,True
2017-09-07,0.5285369157791138,0.5285369157791138,0.0,0.0,True
2017-09-08,0.5469622015953064,0.5469622015953064,0.0,0.0,True
2017-09-11,0.4908943474292755,0.4908943474292755,0.0,0.0,True
2017-09-12,0.5372063517570496,0.5372063517570496,0.0,0.0,True
2017-09-13,0.5306473970413208,0.5306473970413208,0.0,0.0,True
2017-09-14,0.591894805431366,0.591894805431366,0.0,1.0,True
2017-09-15,0.5029001832008362,0.5029001832008362,0.0,0.0,True
2017-09-18,0.5772154331207275,0.5772154331207275,0.0,1.0,True
2017-09-19,0.5957985520362854,0.5957985520362854,0.0,1.0,True
2017-09-20,0.5910930633544922,0.5910930633544922,0.0,1.0,True
2017-09-21,0.5991926789283752,0.5991926789283752,0.0,1.0,True
2017-09-22,0.6446452736854553,0.6446452736854553,0.0,1.0,True
2017-09-25,0.5188042521476746,0.5188042521476746,0.0,0.0,True
2017-09-26,0.5880961418151855,0.5880961418151855,0.0,1.0,True
2017-09-27,0.5396993160247803,0.5396993160247803,0.0,0.0,True
2017-09-28,0.5699222683906555,0.5699222683906555,0.0,1.0,True
2017-09-29,0.5784583687782288,0.5784583687782288,0.0,1.0,True
2017-10-02,0.6059248447418213,0.6059248447418213,0.0,1.0,True
2017-10-03,0.6245883107185364,0.6245883107185364,0.0,1.0,True
2017-10-04,0.6175739169120789,0.6175739169120789,0.0,1.0,True
2017-10-05,0.4779677391052246,0.4779677391052246,0.0,0.0,True
2017-10-06,0.4657224714756012,0.4657224714756012,0.0,0.0,True
2017-10-09,0.5222379565238953,0.5222379565238953,0.0,0.0,True
2017-10-10,0.49808961153030396,0.49808961153030396,0.0,0.0,True
2017-10-11,0.4880411922931671,0.4880411922931671,0.0,0.0,True
2017-10-12,0.545272946357727,0.545272946357727,0.0,0.0,True
2017-10-13,0.5157005786895752,0.5157005786895752,0.0,0.0,True
2017-10-16,0.5230984091758728,0.5230984091758728,0.0,0.0,True
2017-10-17,0.47989144921302795,0.47989144921302795,0.0,0.0,True
2017-10-18,0.4173019826412201,0.4173019826412201,0.0,0.0,True
2017-10-19,0.43702128529548645,0.43702128529548645,0.0,0.0,True
2017-10-20,0.3830942213535309,0.3830942213535309,0.0,0.0,True
2017-10-23,0.38950902223587036,0.38950902223587036,0.0,0.0,True
2017-10-24,0.4033900797367096,0.4033900797367096,0.0,0.0,True
2017-10-25,0.45114192366600037,0.45114192366600037,0.0,0.0,True
2017-10-26,0.4168122708797455,0.4168122708797455,0.0,0.0,True
2017-10-27,0.3904154896736145,0.3904154896736145,0.0,0.0,True
2017-10-30,0.38425156474113464,0.38425156474113464,0.0,0.0,True
2017-10-31,0.38781216740608215,0.38781216740608215,0.0,0.0,True
2017-11-01,0.43349358439445496,0.43349358439445496,0.0,0.0,True
2017-11-02,0.4043440818786621,0.4043440818786621,0.0,0.0,True
2017-11-03,0.4383358359336853,0.4383358359336853,0.0,0.0,True
2017-11-06,0.41898953914642334,0.41898953914642334,0.0,0.0,True
2017-11-07,0.4533119201660156,0.4533119201660156,0.0,0.0,True
2017-11-08,0.42938295006752014,0.42938295006752014,0.0,0.0,True
2017-11-09,0.5481393337249756,0.5481393337249756,0.0,0.0,True
2017-11-10,0.6218892335891724,0.6218892335891724,0.0,0.6356015428728513,True
2017-11-13,0.6167605519294739,0.6167605519294739,0.0,0.6356015428728513,True
2017-11-14,0.5714957118034363,0.5714957118034363,0.0,0.6356015428728513,True
2017-11-15,0.7497274875640869,0.7497274875640869,0.0,0.6356015428728513,True
2017-11-16,0.683834969997406,0.683834969997406,0.0,0.6356015428728513,True
2017-11-17,0.6480108499526978,0.6480108499526978,0.0,0.6356015428728513,True
2017-11-20,0.6135598421096802,0.6135598421096802,0.0,0.6356015428728513,True
2017-11-21,0.6400884389877319,0.6400884389877319,0.0,0.6356015428728513,True
2017-11-22,0.6532531380653381,0.6532531380653381,0.0,0.6356015428728513,True
2017-11-24,0.5655279755592346,0.5655279755592346,0.0,0.6356015428728513,True
2017-11-27,0.49970608949661255,0.49970608949661255,0.0,0.0,True
2017-11-28,0.5810020565986633,0.5810020565986633,0.0,1.0,True
2017-11-29,0.5941312313079834,0.5941312313079834,0.0,1.0,True
2017-11-30,0.5556302666664124,0.5556302666664124,0.0,0.0,True
2017-12-01,0.556533694267273,0.556533694267273,0.0,0.0,True
2017-12-04,0.5420257449150085,0.5420257449150085,0.0,0.0,True
2017-12-05,0.5689317584037781,0.5689317584037781,0.0,0.8178471133198618,True
2017-12-06,0.5460168719291687,0.5460168719291687,0.0,0.0,True
2017-12-07,0.6051778197288513,0.6051778197288513,0.0,0.7829759595568273,True
2017-12-08,0.5351731181144714,0.5351731181144714,0.0,0.0,True
2017-12-11,0.5407667756080627,0.5407667756080627,0.0,0.0,True
2017-12-12,0.5599642395973206,0.5599642395973206,0.0,0.0,True
2017-12-13,0.5715369582176208,0.5715369582176208,0.0,0.7153565007986178,True
2017-12-14,0.48926231265068054,0.48926231265068054,0.0,0.0,True
2017-12-15,0.4719197750091553,0.4719197750091553,0.0,0.0,True
2017-12-18,0.5176240801811218,0.5176240801811218,0.0,0.0,True
2017-12-19,0.5017673373222351,0.5017673373222351,0.0,0.0,True
2017-12-20,0.520222544670105,0.520222544670105,0.0,0.0,True
2017-12-21,0.5272835493087769,0.5272835493087769,0.0,0.0,True
2017-12-22,0.5701354146003723,0.5701354146003723,0.0,0.6803264840769693,True
2017-12-26,0.530012309551239,0.530012309551239,0.0,0.0,True
2017-12-27,0.6207965016365051,0.6207965016365051,0.0,0.6946683408861148,True
2017-12-28,0.5635666251182556,0.5635666251182556,0.0,0.6946683408861148,True
2017-12-29,0.5956881046295166,0.5956881046295166,0.0,0.6946683408861148,True
2018-01-02,0.6180577874183655,0.6180577874183655,0.0,0.6946683408861148,True
2018-01-03,0.5656348466873169,0.5656348466873169,0.0,1.0,True
2018-01-04,0.5525512099266052,0.5525512099266052,0.0,0.0,True
2018-01-05,0.580889105796814,0.580889105796814,0.0,1.0,True
2018-01-08,0.5630375742912292,0.5630375742912292,0.0,1.0,True
2018-01-09,0.5303853750228882,0.5303853750228882,0.0,0.0,True
2018-01-10,0.5105319619178772,0.5105319619178772,0.0,0.0,True
2018-01-11,0.5552030801773071,0.5552030801773071,0.0,0.0,True
2018-01-12,0.515631377696991,0.515631377696991,0.0,0.0,True
2018-01-16,0.4990527629852295,0.4990527629852295,0.0,0.0,True
2018-01-17,0.5112060308456421,0.5112060308456421,0.0,0.0,True
2018-01-18,0.5344064831733704,0.5344064831733704,0.0,0.0,True
2018-01-19,0.5417276620864868,0.5417276620864868,0.0,0.0,True
2018-01-22,0.5093713998794556,0.5093713998794556,0.0,0.0,True
2018-01-23,0.5033966302871704,0.5033966302871704,0.0,0.0,True
2018-01-24,0.47544485330581665,0.47544485330581665,0.0,0.0,True
2018-01-25,0.45914214849472046,0.45914214849472046,0.0,0.0,True
2018-01-26,0.44074416160583496,0.44074416160583496,0.0,0.0,True
2018-01-29,0.42437800765037537,0.42437800765037537,0.0,0.0,True
2018-01-30,0.5348594784736633,0.5348594784736633,0.0,0.0,True
2018-01-31,0.4198838770389557,0.4198838770389557,0.0,0.0,True
2018-02-01,0.5155911445617676,0.5155911445617676,0.0,0.0,True
2018-02-02,0.5817887783050537,0.5817887783050537,0.0,0.7315191923051512,True
2018-02-05,0.5587368011474609,0.5587368011474609,0.0,0.0,True
2018-02-06,0.5880747437477112,0.5880747437477112,0.0,0.5222480580002782,True
2018-02-07,0.5489270687103271,0.5489270687103271,0.0,0.0,True
2018-02-08,0.489148885011673,0.489148885011673,1.0,0.0,True
2018-02-09,0.44034549593925476,0.44034549593925476,1.0,0.0,True
2018-02-12,0.471443235874176,0.471443235874176,1.0,0.0,True
2018-02-13,0.48707714676856995,0.48707714676856995,1.0,0.0,True
2018-02-14,0.4218010902404785,0.4218010902404785,1.0,0.0,True
2018-02-15,0.4654472768306732,0.4654472768306732,1.0,0.0,True
2018-02-16,0.4770769476890564,0.4770769476890564,1.0,0.0,True
2018-02-20,0.5120046138763428,0.5120046138763428,1.0,0.0,True
2018-02-21,0.4942326545715332,0.4942326545715332,1.0,0.0,True
2018-02-22,0.5522255897521973,0.5522255897521973,1.0,0.0,True
2018-02-23,0.5129108428955078,0.5129108428955078,1.0,0.0,True
2018-02-26,0.4986424446105957,0.4986424446105957,1.0,0.0,True
2018-02-27,0.5384225845336914,0.5384225845336914,1.0,0.0,True
2018-02-28,0.5395586490631104,0.5395586490631104,1.0,0.0,True
2018-03-01,0.5354495644569397,0.5354495644569397,1.0,0.0,True
2018-03-02,0.5453768968582153,0.5453768968582153,1.0,0.0,True
2018-03-05,0.5912523865699768,0.5912523865699768,1.0,0.416548745906445,True
2018-03-06,0.6653754711151123,0.6653754711151123,0.0,0.416548745906445,True
2018-03-07,0.6093617677688599,0.6093617677688599,0.0,0.416548745906445,True
2018-03-08,0.6991029977798462,0.6991029977798462,0.0,0.5214742304683547,True
2018-03-09,0.5696367025375366,0.5696367025375366,1.0,0.7077484884198152,True
2018-03-12,0.5437747240066528,0.5437747240066528,0.0,0.0,True
2018-03-13,0.5572606325149536,0.5572606325149536,0.0,0.0,True
2018-03-14,0.5563573241233826,0.5563573241233826,0.0,0.0,True
2018-03-15,0.5394788980484009,0.5394788980484009,0.0,0.0,True
2018-03-16,0.49724307656288147,0.49724307656288147,0.0,0.0,True
2018-03-19,0.5312759280204773,0.5312759280204773,0.0,0.0,True
2018-03-20,0.613184928894043,0.613184928894043,0.0,0.7591753194208511,True
2018-03-21,0.5555890798568726,0.5555890798568726,0.0,0.0,True
2018-03-22,0.516131579875946,0.516131579875946,0.0,0.0,True
2018-03-23,0.6560041904449463,0.6560041904449463,0.0,0.6880945252336246,True
2018-03-26,0.4233798682689667,0.4233798682689667,1.0,0.0,True
2018-03-27,0.5041753649711609,0.5041753649711609,1.0,0.0,True
2018-03-28,0.3704672157764435,0.3704672157764435,1.0,0.0,True
2018-03-29,0.43540477752685547,0.43540477752685547,1.0,0.0,True
2018-04-02,0.4324415624141693,0.4324415624141693,1.0,0.0,True
2018-04-03,0.41272640228271484,0.41272640228271484,1.0,0.0,True
2018-04-04,0.4845742881298065,0.4845742881298065,1.0,0.0,True
2018-04-05,0.4883030652999878,0.4883030652999878,1.0,0.0,True
2018-04-06,0.5640671253204346,0.5640671253204346,1.0,0.34889866899363214,True
2018-04-09,0.52873694896698,0.52873694896698,1.0,0.0,True
2018-04-10,0.41688862442970276,0.41688862442970276,1.0,0.0,True
2018-04-11,0.5381004214286804,0.5381004214286804,1.0,0.0,True
2018-04-12,0.4974992871284485,0.4974992871284485,1.0,0.0,True
2018-04-13,0.5100494623184204,0.5100494623184204,1.0,0.0,True
2018-04-16,0.498503178358078,0.498503178358078,1.0,0.0,True
2018-04-17,0.3945254385471344,0.3945254385471344,1.0,0.0,True
2018-04-18,0.5278154611587524,0.5278154611587524,1.0,0.0,True
2018-04-19,0.4561683237552643,0.4561683237552643,1.0,0.0,True
2018-04-20,0.38813772797584534,0.38813772797584534,1.0,0.0,True
2018-04-23,0.4622621238231659,0.4622621238231659,1.0,0.0,True
2018-04-24,0.5626606345176697,0.5626606345176697,0.0,0.4794860716579422,True
2018-04-25,0.6267918944358826,0.6267918944358826,0.0,0.4794860716579422,True
2018-04-26,0.5347357392311096,0.5347357392311096,0.0,0.0,True
2018-04-27,0.5069841742515564,0.5069841742515564,0.0,0.0,True
2018-04-30,0.5221155285835266,0.5221155285835266,0.0,0.0,True
2018-05-01,0.5480130314826965,0.5480130314826965,0.0,0.0,True
2018-05-02,0.5649237632751465,0.5649237632751465,0.0,0.5982721378225264,True
2018-05-03,0.5661875605583191,0.5661875605583191,0.0,0.5982721378225264,True
2018-05-04,0.5659835934638977,0.5659835934638977,0.0,0.5982721378225264,True
2018-05-07,0.5016600489616394,0.5016600489616394,0.0,0.0,True
2018-05-08,0.5523602366447449,0.5523602366447449,0.0,0.0,True
2018-05-09,0.5108737945556641,0.5108737945556641,0.0,0.0,True
2018-05-10,0.6057632565498352,0.6057632565498352,0.0,0.6862371716460987,True
2018-05-11,0.5723771452903748,0.5723771452903748,0.0,0.6862371716460987,True
2018-05-14,0.5974904894828796,0.5974904894828796,0.0,0.6862371716460987,True
2018-05-15,0.5180768966674805,0.5180768966674805,0.0,0.0,True
2018-05-16,0.5870756506919861,0.5870756506919861,0.0,0.7290187059726039,True
2018-05-17,0.5713744759559631,0.5713744759559631,0.0,0.7290187059726039,True
2018-05-18,0.642452597618103,0.642452597618103,0.0,0.7290187059726039,True
2018-05-21,0.5640753507614136,0.5640753507614136,0.0,0.7290187059726039,True
2018-05-22,0.6190377473831177,0.6190377473831177,0.0,0.7290187059726039,True
2018-05-23,0.5737733840942383,0.5737733840942383,0.0,0.7290187059726039,True
2018-05-24,0.5477876663208008,0.5477876663208008,0.0,0.0,True
2018-05-25,0.5605234503746033,0.5605234503746033,0.0,0.9044498313833714,True
2018-05-29,0.5365555882453918,0.5365555882453918,0.0,0.0,True
2018-05-30,0.5408697724342346,0.5408697724342346,0.0,0.0,True
2018-05-31,0.5908636450767517,0.5908636450767517,0.0,1.0,True
2018-06-01,0.5435063242912292,0.5435063242912292,0.0,0.0,True
2018-06-04,0.6345967054367065,0.6345967054367065,0.0,1.0,True
2018-06-05,0.5698128938674927,0.5698128938674927,0.0,1.0,True
2018-06-06,0.524732768535614,0.524732768535614,0.0,0.0,True
2018-06-07,0.5159802436828613,0.5159802436828613,0.0,0.0,True
2018-06-08,0.5638735294342041,0.5638735294342041,0.0,1.0,True
2018-06-11,0.5841977596282959,0.5841977596282959,0.0,1.0,True
2018-06-12,0.580278217792511,0.580278217792511,0.0,1.0,True
2018-06-13,0.5444185137748718,0.5444185137748718,0.0,0.0,True
2018-06-14,0.6564351916313171,0.6564351916313171,0.0,1.0,True
2018-06-15,0.49598902463912964,0.49598902463912964,0.0,0.0,True
2018-06-18,0.533366322517395,0.533366322517395,0.0,0.0,True
2018-06-19,0.5310638546943665,0.5310638546943665,0.0,0.0,True
2018-06-20,0.524077832698822,0.524077832698822,0.0,0.0,True
2018-06-21,0.5499531626701355,0.5499531626701355,0.0,0.0,True
2018-06-22,0.5482798218727112,0.5482798218727112,0.0,0.0,True
2018-06-25,0.5254796743392944,0.5254796743392944,0.0,0.0,True
2018-06-26,0.4962942600250244,0.4962942600250244,0.0,0.0,True
2018-06-27,0.5662100315093994,0.5662100315093994,0.0,0.9208656865523404,True
2018-06-28,0.5199626684188843,0.5199626684188843,0.0,0.0,True
2018-06-29,0.5224164724349976,0.5224164724349976,0.0,0.0,True
2018-07-02,0.5347833633422852,0.5347833633422852,0.0,0.0,True
2018-07-03,0.5100466012954712,0.5100466012954712,0.0,0.0,True
2018-07-05,0.5754199028015137,0.5754199028015137,0.0,0.9341255345939714,True
2018-07-06,0.5308641195297241,0.5308641195297241,0.0,0.0,True
2018-07-09,0.5709326863288879,0.5709326863288879,0.0,0.940249739989835,True
2018-07-10,0.5274360179901123,0.5274360179901123,0.0,0.0,True
2018-07-11,0.5970891118049622,0.5970891118049622,0.0,0.9483498412465626,True
2018-07-12,0.536798357963562,0.536798357963562,0.0,0.0,True
2018-07-13,0.5545750260353088,0.5545750260353088,0.0,0.0,True
2018-07-16,0.5565052628517151,0.5565052628517151,0.0,0.0,True
2018-07-17,0.552827775478363,0.552827775478363,0.0,0.0,True
2018-07-18,0.5273651480674744,0.5273651480674744,0.0,0.0,True
2018-07-19,0.5307113528251648,0.5307113528251648,0.0,0.0,True
2018-07-20,0.5228448510169983,0.5228448510169983,0.0,0.0,True
2018-07-23,0.5166533589363098,0.5166533589363098,0.0,0.0,True
2018-07-24,0.5233291983604431,0.5233291983604431,0.0,0.0,True
2018-07-25,0.4647178053855896,0.4647178053855896,0.0,0.0,True
2018-07-26,0.5168191194534302,0.5168191194534302,0.0,0.0,True
2018-07-27,0.5221574306488037,0.5221574306488037,0.0,0.0,True
2018-07-30,0.5096186995506287,0.5096186995506287,0.0,0.0,True
2018-07-31,0.5419362783432007,0.5419362783432007,0.0,0.0,True
2018-08-01,0.5812912583351135,0.5812912583351135,0.0,0.7193087653041811,True
2018-08-02,0.5695451498031616,0.5695451498031616,0.0,0.7193087653041811,True
2018-08-03,0.5721835494041443,0.5721835494041443,0.0,0.7193087653041811,True
2018-08-06,0.6658381819725037,0.6658381819725037,0.0,0.7193087653041811,True
2018-08-07,0.6386786103248596,0.6386786103248596,0.0,0.7193087653041811,True
2018-08-08,0.698113203048706,0.698113203048706,0.0,0.7193087653041811,True
2018-08-09,0.6889874935150146,0.6889874935150146,0.0,0.7193087653041811,True
2018-08-10,0.6194149255752563,0.6194149255752563,0.0,0.7193087653041811,True
2018-08-13,0.599265992641449,0.599265992641449,0.0,0.7193087653041811,True
2018-08-14,0.5997874736785889,0.5997874736785889,0.0,0.7193087653041811,True
2018-08-15,0.5570945143699646,0.5570945143699646,0.0,0.0,True
2018-08-16,0.5656163692474365,0.5656163692474365,0.0,0.751017455643317,True
2018-08-17,0.5800952911376953,0.5800952911376953,0.0,0.751017455643317,True
2018-08-20,0.5517540574073792,0.5517540574073792,0.0,0.0,True
2018-08-21,0.5909278988838196,0.5909278988838196,0.0,0.808552816605068,True
2018-08-22,0.524244487285614,0.524244487285614,0.0,0.0,True
2018-08-23,0.5246617197990417,0.5246617197990417,0.0,0.0,True
2018-08-24,0.5576679110527039,0.5576679110527039,0.0,0.0,True
2018-08-27,0.5275535583496094,0.5275535583496094,0.0,0.0,True
2018-08-28,0.5775327086448669,0.5775327086448669,0.0,1.0,True
2018-08-29,0.5935826897621155,0.5935826897621155,0.0,1.0,True
2018-08-30,0.5354933738708496,0.5354933738708496,0.0,0.0,True
2018-08-31,0.515072762966156,0.515072762966156,0.0,0.0,True
2018-09-04,0.4905988276004791,0.4905988276004791,0.0,0.0,True
2018-09-05,0.5903909802436829,0.5903909802436829,0.0,0.9096548873738582,True
2018-09-06,0.5671073794364929,0.5671073794364929,0.0,0.9096548873738582,True
2018-09-07,0.5784947872161865,0.5784947872161865,0.0,0.9096548873738582,True
2018-09-10,0.5985456705093384,0.5985456705093384,0.0,0.9096548873738582,True
2018-09-11,0.5562925338745117,0.5562925338745117,0.0,0.0,True
2018-09-12,0.5515598058700562,0.5515598058700562,0.0,0.0,True
2018-09-13,0.5539718270301819,0.5539718270301819,0.0,0.0,True
2018-09-14,0.596025288105011,0.596025288105011,0.0,0.9138216690572585,True
2018-09-17,0.525634229183197,0.525634229183197,0.0,0.0,True
2018-09-18,0.560149610042572,0.560149610042572,0.0,0.885468148070036,True
2018-09-19,0.5317169427871704,0.5317169427871704,0.0,0.0,True
2018-09-20,0.524147629737854,0.524147629737854,0.0,0.0,True
2018-09-21,0.48976588249206543,0.48976588249206543,0.0,0.0,True
2018-09-24,0.5278424024581909,0.5278424024581909,0.0,0.0,True
2018-09-25,0.5753633379936218,0.5753633379936218,0.0,0.8459628766695214,True
2018-09-26,0.5604782700538635,0.5604782700538635,0.0,0.8459628766695214,True
2018-09-27,0.5876288414001465,0.5876288414001465,0.0,0.8459628766695214,True
2018-09-28,0.6218708753585815,0.6218708753585815,0.0,0.8459628766695214,True
2018-10-01,0.6200857162475586,0.6200857162475586,0.0,0.8459628766695214,True
2018-10-02,0.6196067333221436,0.6196067333221436,0.0,0.8459628766695214,True
2018-10-03,0.6279110908508301,0.6279110908508301,0.0,1.0,True
2018-10-04,0.5386516451835632,0.5386516451835632,0.0,0.0,True
2018-10-05,0.5740384459495544,0.5740384459495544,0.0,0.9613833986913768,True
2018-10-08,0.5948471426963806,0.5948471426963806,0.0,0.9613833986913768,True
2018-10-09,0.5626851916313171,0.5626851916313171,0.0,0.9613833986913768,True
2018-10-10,0.5235580205917358,0.5235580205917358,0.0,0.0,True
2018-10-11,0.5092078447341919,0.5092078447341919,0.0,0.0,True
2018-10-12,0.4206458032131195,0.4206458032131195,0.0,0.0,True
2018-10-15,0.4662610590457916,0.4662610590457916,0.0,0.0,True
2018-10-16,0.47179079055786133,0.47179079055786133,0.0,0.0,True
2018-10-17,0.5488555431365967,0.5488555431365967,0.0,0.0,True
2018-10-18,0.4794648587703705,0.4794648587703705,0.0,0.0,True
2018-10-19,0.5320179462432861,0.5320179462432861,0.0,0.0,True
2018-10-22,0.5538767576217651,0.5538767576217651,0.0,0.0,True
2018-10-23,0.4783058166503906,0.4783058166503906,0.0,0.0,True
2018-10-24,0.6179082989692688,0.6179082989692688,1.0,0.42511128499177897,True
2018-10-25,0.42423975467681885,0.42423975467681885,1.0,0.0,True
2018-10-26,0.4552207589149475,0.4552207589149475,1.0,0.0,True
2018-10-29,0.6339812874794006,0.6339812874794006,1.0,0.35192786700932777,True
2018-10-30,0.5404573082923889,0.5404573082923889,1.0,0.0,True
2018-10-31,0.513830304145813,0.513830304145813,1.0,0.0,True
2018-11-01,0.570850670337677,0.570850670337677,1.0,0.34140866258748015,True
2018-11-02,0.5791980624198914,0.5791980624198914,1.0,0.34140866258748015,True
2018-11-05,0.4737098813056946,0.4737098813056946,1.0,0.0,True
2018-11-06,0.5131080746650696,0.5131080746650696,1.0,0.0,True
2018-11-07,0.411053329706192,0.411053329706192,1.0,0.0,True
2018-11-08,0.3762151300907135,0.3762151300907135,1.0,0.0,True
2018-11-09,0.48240387439727783,0.48240387439727783,1.0,0.0,True
2018-11-12,0.4887181222438812,0.4887181222438812,1.0,0.0,True
2018-11-13,0.5364616513252258,0.5364616513252258,1.0,0.0,True
2018-11-14,0.5484593510627747,0.5484593510627747,1.0,0.0,True
2018-11-15,0.5334807634353638,0.5334807634353638,1.0,0.0,True
2018-11-16,0.5376157760620117,0.5376157760620117,1.0,0.0,True
2018-11-19,0.5030847787857056,0.5030847787857056,1.0,0.0,True
2018-11-20,0.5721820592880249,0.5721820592880249,1.0,0.3543640000513669,True
2018-11-21,0.5150613784790039,0.5150613784790039,1.0,0.0,True
2018-11-23,0.44167643785476685,0.44167643785476685,1.0,0.0,True
2018-11-26,0.44577541947364807,0.44577541947364807,1.0,0.0,True
2018-11-27,0.4988933205604553,0.4988933205604553,1.0,0.0,True
2018-11-28,0.4009120464324951,0.4009120464324951,1.0,0.0,True
2018-11-29,0.41945236921310425,0.41945236921310425,0.0,0.0,True
2018-11-30,0.40993642807006836,0.40993642807006836,0.0,0.0,True
2018-12-03,0.4242299795150757,0.4242299795150757,0.0,0.0,True
2018-12-04,0.4758318364620209,0.4758318364620209,1.0,0.0,True
2018-12-06,0.5135273933410645,0.5135273933410645,1.0,0.0,True
2018-12-07,0.5270615220069885,0.5270615220069885,1.0,0.0,True
2018-12-10,0.48686710000038147,0.48686710000038147,1.0,0.0,True
2018-12-11,0.5071951150894165,0.5071951150894165,1.0,0.0,True
2018-12-12,0.5183010101318359,0.5183010101318359,1.0,0.0,True
2018-12-13,0.49407750368118286,0.49407750368118286,1.0,0.0,True
2018-12-14,0.5483609437942505,0.5483609437942505,1.0,0.0,True
2018-12-17,0.6092047095298767,0.6092047095298767,1.0,0.40796065945967575,True
2018-12-18,0.5655120015144348,0.5655120015144348,1.0,0.40796065945967575,True
2018-12-19,0.557528018951416,0.557528018951416,1.0,0.0,True
2018-12-20,0.604850709438324,0.604850709438324,1.0,0.43885764044030734,True
2018-12-21,0.6113925576210022,0.6113925576210022,1.0,0.43885764044030734,True
2018-12-24,0.6202371120452881,0.6202371120452881,1.0,0.43885764044030734,True
2018-12-26,0.5623975396156311,0.5623975396156311,1.0,0.3378776656396556,True
2018-12-27,0.5218181014060974,0.5218181014060974,1.0,0.0,True
2018-12-28,0.46336233615875244,0.46336233615875244,1.0,0.0,True
2018-12-31,0.5023239254951477,0.5023239254951477,1.0,0.0,True
2019-01-02,0.4711224138736725,0.4711224138736725,1.0,0.0,True
2019-01-03,0.6531416177749634,0.6531416177749634,1.0,0.34733467878479213,True
2019-01-04,0.49745112657546997,0.49745112657546997,1.0,0.0,True
2019-01-07,0.48972320556640625,0.48972320556640625,1.0,0.0,True
2019-01-08,0.4822025001049042,0.4822025001049042,1.0,0.0,True
2019-01-09,0.4573054313659668,0.4573054313659668,1.0,0.0,True
2019-01-10,0.49555718898773193,0.49555718898773193,1.0,0.0,True
2019-01-11,0.5334289073944092,0.5334289073944092,1.0,0.0,True
2019-01-14,0.5580428242683411,0.5580428242683411,1.0,0.0,True
2019-01-15,0.44481056928634644,0.44481056928634644,1.0,0.0,True
2019-01-16,0.36899375915527344,0.36899375915527344,1.0,0.0,True
2019-01-17,0.36333081126213074,0.36333081126213074,1.0,0.0,True
2019-01-18,0.332695871591568,0.332695871591568,1.0,0.0,True
2019-01-22,0.4302324056625366,0.4302324056625366,1.0,0.0,True
2019-01-23,0.4042622447013855,0.4042622447013855,1.0,0.0,True
2019-01-24,0.5196740627288818,0.5196740627288818,1.0,0.0,True
2019-01-25,0.5208582282066345,0.5208582282066345,0.0,0.0,True
2019-01-28,0.5699068307876587,0.5699068307876587,0.0,0.526120162022921,True
2019-01-29,0.6031206250190735,0.6031206250190735,0.0,0.526120162022921,True
2019-01-30,0.5200917720794678,0.5200917720794678,0.0,0.0,True
2019-01-31,0.5048387050628662,0.5048387050628662,0.0,0.0,True
2019-02-01,0.5659846067428589,0.5659846067428589,1.0,0.5072043720152494,True
2019-02-04,0.546406626701355,0.546406626701355,0.0,0.0,True
2019-02-05,0.5102677941322327,0.5102677941322327,0.0,0.0,True
2019-02-06,0.5558563470840454,0.5558563470840454,0.0,0.0,True
2019-02-07,0.5626970529556274,0.5626970529556274,0.0,0.553974349300771,True
2019-02-08,0.5282642841339111,0.5282642841339111,0.0,0.0,True
2019-02-11,0.6137581467628479,0.6137581467628479,0.0,0.5589318195253372,True
2019-02-12,0.5581153631210327,0.5581153631210327,0.0,0.0,True
2019-02-13,0.640690267086029,0.640690267086029,0.0,0.594819252615158,True
2019-02-14,0.5619966983795166,0.5619966983795166,0.0,0.594819252615158,True
2019-02-15,0.5845476388931274,0.5845476388931274,0.0,0.594819252615158,True
2019-02-19,0.5769627690315247,0.5769627690315247,0.0,0.594819252615158,True
2019-02-20,0.5849280953407288,0.5849280953407288,0.0,0.594819252615158,True
2019-02-21,0.5684117674827576,0.5684117674827576,0.0,0.594819252615158,True
2019-02-22,0.5691443085670471,0.5691443085670471,0.0,0.594819252615158,True
2019-02-25,0.5521539449691772,0.5521539449691772,0.0,0.0,True
2019-02-26,0.5525573492050171,0.5525573492050171,0.0,0.0,True
2019-02-27,0.5555453300476074,0.5555453300476074,0.0,0.0,True
2019-02-28,0.624289870262146,0.624289870262146,0.0,0.7775853185092771,True
2019-03-01,0.6221449971199036,0.6221449971199036,0.0,0.7775853185092771,True
2019-03-04,0.5850116610527039,0.5850116610527039,0.0,0.9274649502432767,True
2019-03-05,0.6148434281349182,0.6148434281349182,0.0,0.9274649502432767,True
2019-03-06,0.6007486581802368,0.6007486581802368,0.0,0.9274649502432767,True
2019-03-07,0.5861762166023254,0.5861762166023254,0.0,0.9274649502432767,True
2019-03-08,0.5532455444335938,0.5532455444335938,0.0,0.0,True
2019-03-11,0.5038992762565613,0.5038992762565613,0.0,0.0,True
2019-03-12,0.49787190556526184,0.49787190556526184,0.0,0.0,True
2019-03-13,0.5051500201225281,0.5051500201225281,0.0,0.0,True
2019-03-14,0.527111291885376,0.527111291885376,0.0,0.0,True
2019-03-15,0.5202673673629761,0.5202673673629761,0.0,0.0,True
2019-03-18,0.44778111577033997,0.44778111577033997,0.0,0.0,True
2019-03-19,0.4501190781593323,0.4501190781593323,0.0,0.0,True
2019-03-20,0.46819570660591125,0.46819570660591125,0.0,0.0,True
2019-03-21,0.4250187873840332,0.4250187873840332,0.0,0.0,True
2019-03-22,0.655153751373291,0.655153751373291,0.0,0.8687903296697664,True
2019-03-25,0.5683841705322266,0.5683841705322266,0.0,0.8687903296697664,True
2019-03-26,0.5735231041908264,0.5735231041908264,0.0,0.8687903296697664,True
2019-03-27,0.6183568835258484,0.6183568835258484,0.0,0.8687903296697664,True
2019-03-28,0.591821014881134,0.591821014881134,0.0,0.8687903296697664,True
2019-03-29,0.6090003848075867,0.6090003848075867,0.0,0.8687903296697664,True
2019-04-01,0.5994342565536499,0.5994342565536499,0.0,0.8687903296697664,True
2019-04-02,0.612934947013855,0.612934947013855,0.0,0.8687903296697664,True
2019-04-03,0.5847123861312866,0.5847123861312866,0.0,0.8687903296697664,True
2019-04-04,0.6012640595436096,0.6012640595436096,0.0,0.8687903296697664,True
2019-04-05,0.5912722945213318,0.5912722945213318,0.0,0.8687903296697664,True
2019-04-08,0.6327285170555115,0.6327285170555115,0.0,0.8687903296697664,True
2019-04-09,0.6390420794487,0.6390420794487,0.0,0.8687903296697664,True
2019-04-10,0.6061762571334839,0.6061762571334839,0.0,0.8687903296697664,True
2019-04-11,0.6224318146705627,0.6224318146705627,0.0,0.8687903296697664,True
2019-04-12,0.5700036287307739,0.5700036287307739,0.0,0.8687903296697664,True
2019-04-15,0.5852442383766174,0.5852442383766174,0.0,1.0,True
2019-04-16,0.6398778557777405,0.6398778557777405,0.0,1.0,True
2019-04-17,0.5969375371932983,0.5969375371932983,0.0,1.0,True
2019-04-18,0.4641047418117523,0.4641047418117523,0.0,0.0,True
2019-04-22,0.4498997628688812,0.4498997628688812,0.0,0.0,True
2019-04-23,0.4435947835445404,0.4435947835445404,0.0,0.0,True
2019-04-24,0.4962983727455139,0.4962983727455139,0.0,0.0,True
2019-04-25,0.42251670360565186,0.42251670360565186,0.0,0.0,True
2019-04-26,0.4524800777435303,0.4524800777435303,0.0,0.0,True
2019-04-29,0.46692997217178345,0.46692997217178345,0.0,0.0,True
2019-04-30,0.513876736164093,0.513876736164093,0.0,0.0,True
2019-05-01,0.595739483833313,0.595739483833313,0.0,0.9194268273145002,True
2019-05-02,0.5515763163566589,0.5515763163566589,0.0,0.0,True
2019-05-03,0.5394237041473389,0.5394237041473389,0.0,0.0,True
2019-05-06,0.5637197494506836,0.5637197494506836,0.0,0.8075693101549789,True
2019-05-07,0.5604687333106995,0.5604687333106995,0.0,0.8075693101549789,True
2019-05-08,0.5584287047386169,0.5584287047386169,0.0,0.0,True
2019-05-09,0.5365508198738098,0.5365508198738098,0.0,0.0,True
2019-05-10,0.5246288776397705,0.5246288776397705,0.0,0.0,True
2019-05-13,0.5709678530693054,0.5709678530693054,0.0,0.6380273156719211,True
2019-05-14,0.5251036286354065,0.5251036286354065,0.0,0.0,True
2019-05-15,0.5671632885932922,0.5671632885932922,0.0,0.6215792846986492,True
2019-05-16,0.5440894365310669,0.5440894365310669,0.0,0.0,True
2019-05-17,0.5631194710731506,0.5631194710731506,0.0,0.5975957756164608,True
2019-05-20,0.5457499623298645,0.5457499623298645,0.0,0.0,True
2019-05-21,0.5684475898742676,0.5684475898742676,0.0,0.5900447139827619,True
2019-05-22,0.5717798471450806,0.5717798471450806,0.0,0.5900447139827619,True
2019-05-23,0.6025561094284058,0.6025561094284058,0.0,0.5900447139827619,True
2019-05-24,0.6286916136741638,0.6286916136741638,0.0,0.5900447139827619,True
2019-05-28,0.5646200180053711,0.5646200180053711,0.0,0.5900447139827619,True
2019-05-29,0.5845372676849365,0.5845372676849365,0.0,0.5900447139827619,True
2019-05-30,0.6183494925498962,0.6183494925498962,0.0,0.5900447139827619,True
2019-05-31,0.6108856797218323,0.6108856797218323,0.0,0.5900447139827619,True
2019-06-03,0.6065033078193665,0.6065033078193665,0.0,0.5900447139827619,True
2019-06-04,0.49834728240966797,0.49834728240966797,0.0,0.0,True
2019-06-05,0.5170751810073853,0.5170751810073853,0.0,0.0,True
2019-06-06,0.4989149272441864,0.4989149272441864,0.0,0.0,True
2019-06-07,0.5449109673500061,0.5449109673500061,0.0,0.0,True
2019-06-10,0.5317615270614624,0.5317615270614624,0.0,0.0,True
2019-06-11,0.5349878668785095,0.5349878668785095,0.0,0.0,True
2019-06-12,0.5451527237892151,0.5451527237892151,0.0,0.0,True
2019-06-13,0.5330237150192261,0.5330237150192261,0.0,0.0,True
2019-06-14,0.5738686323165894,0.5738686323165894,0.0,0.6348802582657675,True
2019-06-17,0.6833063960075378,0.6833063960075378,0.0,0.6348802582657675,True
2019-06-18,0.579963207244873,0.579963207244873,0.0,0.6348802582657675,True
2019-06-19,0.5810127854347229,0.5810127854347229,0.0,0.6348802582657675,True
2019-06-20,0.556624174118042,0.556624174118042,0.0,0.0,True
2019-06-21,0.5856671929359436,0.5856671929359436,0.0,0.6633888945297028,True
2019-06-24,0.5435159206390381,0.5435159206390381,0.0,0.0,True
2019-06-25,0.5609921813011169,0.5609921813011169,0.0,0.578563168385146,True
2019-06-26,0.5806995630264282,0.5806995630264282,0.0,0.578563168385146,True
2019-06-27,0.606013834476471,0.606013834476471,0.0,0.578563168385146,True
2019-06-28,0.5804705619812012,0.5804705619812012,0.0,0.578563168385146,True
2019-07-01,0.5860095024108887,0.5860095024108887,1.0,0.7208842246111122,True
2019-07-02,0.6639443039894104,0.6639443039894104,0.0,0.7208842246111122,True
2019-07-03,0.6605011224746704,0.6605011224746704,0.0,0.8230003967453081,True
2019-07-05,0.6242648959159851,0.6242648959159851,0.0,0.8230003967453081,True
2019-07-08,0.6062886714935303,0.6062886714935303,0.0,0.9727401352522795,True
2019-07-09,0.627686083316803,0.627686083316803,0.0,0.9727401352522795,True
2019-07-10,0.6261472702026367,0.6261472702026367,0.0,0.9727401352522795,True
2019-07-11,0.6532678008079529,0.6532678008079529,0.0,0.9727401352522795,True
2019-07-12,0.6505056023597717,0.6505056023597717,0.0,0.9727401352522795,True
2019-07-15,0.6521815061569214,0.6521815061569214,0.0,0.9727401352522795,True
2019-07-16,0.6036859154701233,0.6036859154701233,0.0,0.9727401352522795,True
2019-07-17,0.5920768976211548,0.5920768976211548,0.0,0.9727401352522795,True
2019-07-18,0.5657101273536682,0.5657101273536682,0.0,0.9727401352522795,True
2019-07-19,0.5826332569122314,0.5826332569122314,0.0,0.9727401352522795,True
2019-07-22,0.5717276930809021,0.5717276930809021,0.0,0.9727401352522795,True
2019-07-23,0.5743284821510315,0.5743284821510315,0.0,0.9727401352522795,True
2019-07-24,0.5875120162963867,0.5875120162963867,0.0,0.9727401352522795,True
2019-07-25,0.5728134512901306,0.5728134512901306,0.0,0.9727401352522795,True
2019-07-26,0.5762791633605957,0.5762791633605957,0.0,0.9727401352522795,True
2019-07-29,0.5542373061180115,0.5542373061180115,0.0,0.0,True
2019-07-30,0.5627135038375854,0.5627135038375854,0.0,1.0,True
2019-07-31,0.6007506251335144,0.6007506251335144,0.0,1.0,True
2019-08-01,0.6093445420265198,0.6093445420265198,0.0,1.0,True
2019-08-02,0.5772470235824585,0.5772470235824585,0.0,1.0,True
2019-08-05,0.5377106666564941,0.5377106666564941,0.0,0.0,True
2019-08-06,0.48090121150016785,0.48090121150016785,0.0,0.0,True
2019-08-07,0.5559093952178955,0.5559093952178955,0.0,0.0,True
2019-08-08,0.5135893225669861,0.5135893225669861,0.0,0.0,True
2019-08-09,0.5474562644958496,0.5474562644958496,0.0,0.0,True
2019-08-12,0.5317944288253784,0.5317944288253784,0.0,0.0,True
2019-08-13,0.5193661451339722,0.5193661451339722,0.0,0.0,True
2019-08-14,0.4758898913860321,0.4758898913860321,0.0,0.0,True
2019-08-15,0.5089021921157837,0.5089021921157837,0.0,0.0,True
2019-08-16,0.5907852649688721,0.5907852649688721,0.0,0.5447648788246294,True
2019-08-19,0.5471371412277222,0.5471371412277222,0.0,0.0,True
2019-08-20,0.5734719038009644,0.5734719038009644,0.0,0.5385709156864903,True
2019-08-21,0.5589487552642822,0.5589487552642822,0.0,0.0,True
2019-08-22,0.5380590558052063,0.5380590558052063,0.0,0.0,True
2019-08-23,0.551253616809845,0.551253616809845,0.0,0.0,True
2019-08-26,0.5763338804244995,0.5763338804244995,0.0,0.4910485267862719,True
2019-08-27,0.5324999690055847,0.5324999690055847,0.0,0.0,True
2019-08-28,0.5841306447982788,0.5841306447982788,0.0,0.521851964803539,True
2019-08-29,0.5617627501487732,0.5617627501487732,0.0,0.521851964803539,True
2019-08-30,0.5580500960350037,0.5580500960350037,0.0,0.0,True
2019-09-03,0.6028094291687012,0.6028094291687012,0.0,0.5664328118310006,True
2019-09-04,0.596622109413147,0.596622109413147,0.0,0.5664328118310006,True
2019-09-05,0.5334513783454895,0.5334513783454895,0.0,0.0,True
2019-09-06,0.5631359815597534,0.5631359815597534,0.0,0.597418965688472,True
2019-09-09,0.5733318328857422,0.5733318328857422,0.0,0.597418965688472,True
2019-09-10,0.5764235258102417,0.5764235258102417,0.0,0.597418965688472,True
2019-09-11,0.6151184439659119,0.6151184439659119,0.0,0.597418965688472,True
2019-09-12,0.6600168347358704,0.6600168347358704,0.0,0.7002285515021589,True
2019-09-13,0.6281183958053589,0.6281183958053589,0.0,0.7002285515021589,True
2019-09-16,0.6326035857200623,0.6326035857200623,0.0,0.7002285515021589,True
2019-09-17,0.6372060775756836,0.6372060775756836,0.0,0.7002285515021589,True
2019-09-18,0.5561967492103577,0.5561967492103577,0.0,0.0,True
2019-09-19,0.5345004200935364,0.5345004200935364,0.0,0.0,True
2019-09-20,0.5083374977111816,0.5083374977111816,0.0,0.0,True
2019-09-23,0.5681238174438477,0.5681238174438477,0.0,0.8819487377866448,True
2019-09-24,0.5698841214179993,0.5698841214179993,0.0,0.8819487377866448,True
2019-09-25,0.54852694272995,0.54852694272995,0.0,0.0,True
2019-09-26,0.5857230424880981,0.5857230424880981,0.0,0.8489143066582645,True
2019-09-27,0.5766251087188721,0.5766251087188721,0.0,0.8489143066582645,True
2019-09-30,0.5899637937545776,0.5899637937545776,0.0,0.8489143066582645,True
2019-10-01,0.6015366315841675,0.6015366315841675,0.0,0.8489143066582645,True
2019-10-02,0.5364956855773926,0.5364956855773926,0.0,0.0,True
2019-10-03,0.5623129606246948,0.5623129606246948,0.0,0.8589349834482868,True
2019-10-04,0.5626766681671143,0.5626766681671143,0.0,0.8589349834482868,True
2019-10-07,0.6034374833106995,0.6034374833106995,0.0,0.8589349834482868,True
2019-10-08,0.575518012046814,0.575518012046814,0.0,0.8589349834482868,True
2019-10-09,0.5294867753982544,0.5294867753982544,0.0,0.0,True
2019-10-10,0.5686298608779907,0.5686298608779907,0.0,0.7957764221889394,True
2019-10-11,0.5728551745414734,0.5728551745414734,0.0,0.7957764221889394,True
2019-10-14,0.5932615995407104,0.5932615995407104,0.0,0.7957764221889394,True
2019-10-15,0.5134313702583313,0.5134313702583313,0.0,0.0,True
2019-10-16,0.581294596195221,0.581294596195221,0.0,0.779968560477582,True
2019-10-17,0.5764511823654175,0.5764511823654175,0.0,0.779968560477582,True
2019-10-18,0.5570064783096313,0.5570064783096313,0.0,0.0,True
2019-10-21,0.6136335730552673,0.6136335730552673,0.0,0.7971287062289226,True
2019-10-22,0.5831853747367859,0.5831853747367859,0.0,0.7971287062289226,True
2019-10-23,0.5588710308074951,0.5588710308074951,0.0,0.0,True
2019-10-24,0.5643567442893982,0.5643567442893982,0.0,0.7584074435205226,True
2019-10-25,0.5201290845870972,0.5201290845870972,0.0,0.0,True
2019-10-28,0.49172845482826233,0.49172845482826233,0.0,0.0,True
2019-10-29,0.4982757568359375,0.4982757568359375,0.0,0.0,True
2019-10-30,0.5026627779006958,0.5026627779006958,0.0,0.0,True
2019-10-31,0.5040333271026611,0.5040333271026611,0.0,0.0,True
2019-11-01,0.5503418445587158,0.5503418445587158,0.0,0.0,True
2019-11-04,0.5914360880851746,0.5914360880851746,0.0,0.8003855139522787,True
2019-11-05,0.590929388999939,0.590929388999939,0.0,0.8003855139522787,True
2019-11-06,0.6579263210296631,0.6579263210296631,0.0,0.8003855139522787,True
2019-11-07,0.683923065662384,0.683923065662384,0.0,0.8003855139522787,True
2019-11-08,0.5875272154808044,0.5875272154808044,0.0,0.8003855139522787,True
2019-11-11,0.6706133484840393,0.6706133484840393,0.0,0.8003855139522787,True
2019-11-12,0.6428906321525574,0.6428906321525574,0.0,0.8003855139522787,True
2019-11-13,0.6323243975639343,0.6323243975639343,0.0,0.9061788367944688,True
2019-11-14,0.5811523795127869,0.5811523795127869,0.0,0.9061788367944688,True
2019-11-15,0.4910878837108612,0.4910878837108612,0.0,0.0,True
2019-11-18,0.5036830902099609,0.5036830902099609,0.0,0.0,True
2019-11-19,0.5002502202987671,0.5002502202987671,0.0,0.0,True
2019-11-20,0.5843663215637207,0.5843663215637207,0.0,1.0,True
2019-11-21,0.6116217970848083,0.6116217970848083,0.0,1.0,True
2019-11-22,0.6354712247848511,0.6354712247848511,0.0,1.0,True
2019-11-25,0.5278899669647217,0.5278899669647217,0.0,0.0,True
2019-11-26,0.4829692542552948,0.4829692542552948,0.0,0.0,True
2019-11-27,0.47413381934165955,0.47413381934165955,0.0,0.0,True
2019-11-29,0.5067853331565857,0.5067853331565857,0.0,0.0,True
2019-12-02,0.5089617967605591,0.5089617967605591,0.0,0.0,True
2019-12-03,0.44681811332702637,0.44681811332702637,0.0,0.0,True
2019-12-04,0.42753705382347107,0.42753705382347107,0.0,0.0,True
2019-12-05,0.4107915461063385,0.4107915461063385,0.0,0.0,True
2019-12-06,0.5029558539390564,0.5029558539390564,0.0,0.0,True
2019-12-09,0.4899763762950897,0.4899763762950897,0.0,0.0,True
2019-12-10,0.44622087478637695,0.44622087478637695,0.0,0.0,True
2019-12-11,0.47662100195884705,0.47662100195884705,0.0,0.0,True
2019-12-12,0.48441529273986816,0.48441529273986816,0.0,0.0,True
2019-12-13,0.5398796796798706,0.5398796796798706,0.0,0.0,True
2019-12-16,0.4662105143070221,0.4662105143070221,0.0,0.0,True
2019-12-17,0.49384191632270813,0.49384191632270813,0.0,0.0,True
2019-12-18,0.49373844265937805,0.49373844265937805,0.0,0.0,True
2019-12-19,0.4897797703742981,0.4897797703742981,0.0,0.0,True
2019-12-20,0.42569518089294434,0.42569518089294434,0.0,0.0,True
2019-12-23,0.4543702304363251,0.4543702304363251,0.0,0.0,True
2019-12-24,0.427620530128479,0.427620530128479,0.0,0.0,True
2019-12-26,0.4486023783683777,0.4486023783683777,0.0,0.0,True
2019-12-27,0.4369085729122162,0.4369085729122162,0.0,0.0,True
2019-12-30,0.4592161476612091,0.4592161476612091,0.0,0.0,True
2019-12-31,0.4932726323604584,0.4932726323604584,0.0,0.0,True
2020-01-02,0.4794100522994995,0.4794100522994995,0.0,0.0,True
2020-01-03,0.580996036529541,0.580996036529541,0.0,1.0,True
2020-01-06,0.5873145461082458,0.5873145461082458,0.0,1.0,True
2020-01-07,0.5493174195289612,0.5493174195289612,0.0,0.0,True
2020-01-08,0.5930728912353516,0.5930728912353516,0.0,1.0,True
2020-01-09,0.5495544672012329,0.5495544672012329,0.0,0.0,True
2020-01-10,0.5889180898666382,0.5889180898666382,0.0,1.0,True
2020-01-13,0.5059075951576233,0.5059075951576233,0.0,0.0,True
2020-01-14,0.5732253193855286,0.5732253193855286,0.0,1.0,True
2020-01-15,0.5293087959289551,0.5293087959289551,0.0,0.0,True
2020-01-16,0.540399968624115,0.540399968624115,0.0,0.0,True
2020-01-17,0.5221593379974365,0.5221593379974365,0.0,0.0,True
2020-01-21,0.5256624221801758,0.5256624221801758,0.0,0.0,True
2020-01-22,0.5579649209976196,0.5579649209976196,0.0,0.0,True
2020-01-23,0.5547499656677246,0.5547499656677246,0.0,0.0,True
2020-01-24,0.5924586057662964,0.5924586057662964,0.0,0.9640598494251712,True
2020-01-27,0.5703892707824707,0.5703892707824707,0.0,0.9640598494251712,True
2020-01-28,0.5838912725448608,0.5838912725448608,0.0,0.8320257054197162,True
2020-01-29,0.531154990196228,0.531154990196228,0.0,0.0,True
2020-01-30,0.5408649444580078,0.5408649444580078,0.0,0.0,True
2020-01-31,0.5695436000823975,0.5695436000823975,0.0,0.7285281711894199,True
2020-02-03,0.5287981033325195,0.5287981033325195,0.0,0.0,True
2020-02-04,0.5084743499755859,0.5084743499755859,0.0,0.0,True
2020-02-05,0.5193847417831421,0.5193847417831421,0.0,0.0,True
2020-02-06,0.48573198914527893,0.48573198914527893,0.0,0.0,True
2020-02-07,0.4450562000274658,0.4450562000274658,0.0,0.0,True
2020-02-10,0.337386816740036,0.337386816740036,1.0,0.0,True
2020-02-11,0.5719783902168274,0.5719783902168274,0.0,0.577808885798836,True
2020-02-12,0.5493189096450806,0.5493189096450806,0.0,0.0,True
2020-02-13,0.5611152052879333,0.5611152052879333,0.0,0.578861922773323,True
2020-02-14,0.5734901428222656,0.5734901428222656,0.0,0.578861922773323,True
2020-02-18,0.5478203892707825,0.5478203892707825,0.0,0.0,True
2020-02-19,0.5624171495437622,0.5624171495437622,0.0,0.5912341343853379,True
2020-02-20,0.6524940133094788,0.6524940133094788,0.0,0.5912341343853379,True
2020-02-21,0.5984424352645874,0.5984424352645874,0.0,0.5912341343853379,True
2020-02-24,0.586859405040741,0.586859405040741,0.0,0.4480001534659431,True
2020-02-25,0.5671007633209229,0.5671007633209229,1.0,0.4480001534659431,True
2020-02-26,0.5101659893989563,0.5101659893989563,0.0,0.0,True
2020-02-27,0.5775504112243652,0.5775504112243652,1.0,0.3627018895972913,True
2020-02-28,0.506928026676178,0.506928026676178,1.0,0.0,True
2020-03-02,0.3557456135749817,0.3557456135749817,1.0,0.0,True
2020-03-03,0.4803628921508789,0.4803628921508789,1.0,0.0,True
2020-03-04,0.32364973425865173,0.32364973425865173,1.0,0.0,True
2020-03-05,0.4570676386356354,0.4570676386356354,1.0,0.0,True
2020-03-06,0.5704734325408936,0.5704734325408936,1.0,0.29626920139138496,True
2020-03-09,0.6267630457878113,0.6267630457878113,1.0,0.29626920139138496,True
2020-03-10,0.3823609948158264,0.3823609948158264,1.0,0.0,True
2020-03-11,0.5148308277130127,0.5148308277130127,1.0,0.0,True
2020-03-12,0.5916047096252441,0.5916047096252441,2.0,0.2179946637651618,True
2020-03-13,0.26707786321640015,0.26707786321640015,2.0,0.0,True
2020-03-16,0.5136023163795471,0.5136023163795471,2.0,0.0,True
2020-03-17,0.3485015034675598,0.3485015034675598,2.0,0.0,True
2020-03-18,0.5385861992835999,0.5385861992835999,2.0,0.0,True
2020-03-19,0.3344033360481262,0.3344033360481262,2.0,0.0,True
2020-03-20,0.5957628488540649,0.5957628488540649,2.0,0.13926490990122947,True
2020-03-23,0.4863146245479584,0.4863146245479584,2.0,0.0,True
2020-03-24,0.37908971309661865,0.37908971309661865,2.0,0.0,True
2020-03-25,0.40986666083335876,0.40986666083335876,2.0,0.0,True
2020-03-26,0.43147075176239014,0.43147075176239014,2.0,0.0,True
2020-03-27,0.39478734135627747,0.39478734135627747,2.0,0.0,True
2020-03-30,0.34399116039276123,0.34399116039276123,2.0,0.0,True
2020-03-31,0.4490929841995239,0.4490929841995239,2.0,0.0,True
2020-04-01,0.47267016768455505,0.47267016768455505,2.0,0.0,True
2020-04-02,0.41023337841033936,0.41023337841033936,2.0,0.0,True
2020-04-03,0.3947222828865051,0.3947222828865051,2.0,0.0,True
2020-04-06,0.6699013710021973,0.6699013710021973,2.0,0.13472403098441083,True
2020-04-07,0.7112435102462769,0.7112435102462769,2.0,0.13472403098441083,True
2020-04-08,0.5854530334472656,0.5854530334472656,2.0,0.13472403098441083,True
2020-04-09,0.651890754699707,0.651890754699707,2.0,0.13472403098441083,True
2020-04-13,0.6025117039680481,0.6025117039680481,2.0,0.13472403098441083,True
2020-04-14,0.5511012673377991,0.5511012673377991,2.0,0.0,True
2020-04-15,0.6637503504753113,0.6637503504753113,2.0,0.232988040496908,True
2020-04-16,0.523923397064209,0.523923397064209,2.0,0.0,True
2020-04-17,0.4652795195579529,0.4652795195579529,2.0,0.0,True
2020-04-20,0.6096015572547913,0.6096015572547913,2.0,0.24886262505248907,True
2020-04-21,0.4647814631462097,0.4647814631462097,2.0,0.0,True
2020-04-22,0.5316150784492493,0.5316150784492493,1.0,0.0,True
2020-04-23,0.5732645988464355,0.5732645988464355,1.0,0.26656378358771116,True
2020-04-24,0.5649625658988953,0.5649625658988953,1.0,0.26656378358771116,True
2020-04-27,0.5538408756256104,0.5538408756256104,1.0,0.0,True
2020-04-28,0.6018514633178711,0.6018514633178711,1.0,0.33153753344045905,True
2020-04-29,0.5417981147766113,0.5417981147766113,1.0,0.0,True
2020-04-30,0.5514604449272156,0.5514604449272156,1.0,0.0,True
2020-05-01,0.6073817610740662,0.6073817610740662,1.0,0.3285821574675261,True
2020-05-04,0.5279377102851868,0.5279377102851868,1.0,0.0,True
2020-05-05,0.5056888461112976,0.5056888461112976,1.0,0.0,True
2020-05-06,0.5091291666030884,0.5091291666030884,1.0,0.0,True
2020-05-07,0.445665180683136,0.445665180683136,1.0,0.0,True
2020-05-08,0.444654256105423,0.444654256105423,1.0,0.0,True
2020-05-11,0.40122190117836,0.40122190117836,1.0,0.0,True
2020-05-12,0.47594085335731506,0.47594085335731506,1.0,0.0,True
2020-05-13,0.5386744737625122,0.5386744737625122,1.0,0.0,True
2020-05-14,0.5266680121421814,0.5266680121421814,1.0,0.0,True
2020-05-15,0.5062333345413208,0.5062333345413208,1.0,0.0,True
2020-05-18,0.4842063784599304,0.4842063784599304,1.0,0.0,True
2020-05-19,0.5850922465324402,0.5850922465324402,0.0,0.5032845143701692,True
2020-05-20,0.5689868330955505,0.5689868330955505,1.0,0.5032845143701692,True
2020-05-21,0.5622930526733398,0.5622930526733398,0.0,0.5032845143701692,True
2020-05-22,0.6327213048934937,0.6327213048934937,0.0,0.5032845143701692,True
2020-05-26,0.5929884314537048,0.5929884314537048,0.0,0.5032845143701692,True
2020-05-27,0.6419876217842102,0.6419876217842102,0.0,0.5032845143701692,True
2020-05-28,0.6536278128623962,0.6536278128623962,0.0,0.716287601191799,True
2020-05-29,0.6467154622077942,0.6467154622077942,0.0,0.716287601191799,True
2020-06-01,0.6466280221939087,0.6466280221939087,0.0,0.716287601191799,True
2020-06-02,0.6312259435653687,0.6312259435653687,0.0,0.8899880283815402,True
2020-06-03,0.6272377967834473,0.6272377967834473,0.0,0.8899880283815402,True
2020-06-04,0.5941751003265381,0.5941751003265381,0.0,0.8899880283815402,True
2020-06-05,0.5860836505889893,0.5860836505889893,0.0,0.8899880283815402,True
2020-06-08,0.548799991607666,0.548799991607666,0.0,0.0,True
2020-06-09,0.5346432328224182,0.5346432328224182,0.0,0.0,True
2020-06-10,0.561992883682251,0.561992883682251,0.0,0.731346961214176,True
2020-06-11,0.6113454699516296,0.6113454699516296,0.0,0.5290467034281559,True
2020-06-12,0.6175550222396851,0.6175550222396851,0.0,0.5290467034281559,True
2020-06-15,0.6299343705177307,0.6299343705177307,0.0,0.5290467034281559,True
2020-06-16,0.6072559952735901,0.6072559952735901,0.0,0.5290467034281559,True
2020-06-17,0.6278989911079407,0.6278989911079407,0.0,0.5290467034281559,True
2020-06-18,0.5776588320732117,0.5776588320732117,0.0,0.5290467034281559,True
2020-06-19,0.5856283903121948,0.5856283903121948,0.0,0.5290467034281559,True
2020-06-22,0.5659430027008057,0.5659430027008057,0.0,0.5290467034281559,True
2020-06-23,0.5592265129089355,0.5592265129089355,0.0,0.0,True
2020-06-24,0.5749800205230713,0.5749800205230713,0.0,0.49139290254544543,True
2020-06-25,0.5331966876983643,0.5331966876983643,0.0,0.0,True
2020-06-26,0.591077446937561,0.591077446937561,0.0,0.4724505581363173,True
2020-06-29,0.6018041968345642,0.6018041968345642,0.0,0.4724505581363173,True
2020-06-30,0.5599417090415955,0.5599417090415955,1.0,0.0,True
2020-07-01,0.5355753898620605,0.5355753898620605,1.0,0.0,True
2020-07-02,0.5265962481498718,0.5265962481498718,1.0,0.0,True
2020-07-06,0.531261146068573,0.531261146068573,1.0,0.0,True
2020-07-07,0.5633587837219238,0.5633587837219238,1.0,0.46404378628454845,True
2020-07-08,0.5228153467178345,0.5228153467178345,1.0,0.0,True
2020-07-09,0.5368940830230713,0.5368940830230713,1.0,0.0,True
2020-07-10,0.5257247686386108,0.5257247686386108,0.0,0.0,True
2020-07-13,0.6545693874359131,0.6545693874359131,0.0,0.5805331888919955,True
2020-07-14,0.6211165189743042,0.6211165189743042,0.0,0.5805331888919955,True
2020-07-15,0.6118142604827881,0.6118142604827881,0.0,0.5805331888919955,True
2020-07-16,0.6358568072319031,0.6358568072319031,0.0,0.5805331888919955,True
2020-07-17,0.6156390905380249,0.6156390905380249,0.0,0.5805331888919955,True
2020-07-20,0.5790075659751892,0.5790075659751892,0.0,0.5805331888919955,True
2020-07-21,0.5669223070144653,0.5669223070144653,0.0,0.5805331888919955,True
2020-07-22,0.5349155068397522,0.5349155068397522,0.0,0.0,True
2020-07-23,0.40905216336250305,0.40905216336250305,0.0,0.0,True
2020-07-24,0.4494529664516449,0.4494529664516449,0.0,0.0,True
2020-07-27,0.5177115201950073,0.5177115201950073,0.0,0.0,True
2020-07-28,0.5396117568016052,0.5396117568016052,0.0,0.0,True
2020-07-29,0.5438246726989746,0.5438246726989746,0.0,0.0,True
2020-07-30,0.5915379524230957,0.5915379524230957,0.0,0.48813947631365434,True
2020-07-31,0.5493981242179871,0.5493981242179871,0.0,0.0,True
2020-08-03,0.5236119627952576,0.5236119627952576,1.0,0.0,True
2020-08-04,0.564849853515625,0.564849853515625,1.0,0.41522724525736593,True
2020-08-05,0.5411798357963562,0.5411798357963562,1.0,0.0,True
2020-08-06,0.5544469952583313,0.5544469952583313,1.0,0.0,True
2020-08-07,0.570661723613739,0.570661723613739,1.0,0.41357670163280713,True
2020-08-10,0.5315667390823364,0.5315667390823364,1.0,0.0,True
2020-08-11,0.5763136148452759,0.5763136148452759,1.0,0.4149943476335454,True
2020-08-12,0.4685628116130829,0.4685628116130829,1.0,0.0,True
2020-08-13,0.5376893281936646,0.5376893281936646,1.0,0.0,True
2020-08-14,0.5800204277038574,0.5800204277038574,1.0,0.40757878408257137,True
2020-08-17,0.5472325682640076,0.5472325682640076,1.0,0.0,True
2020-08-18,0.5004206299781799,0.5004206299781799,0.0,0.0,True
2020-08-19,0.6416720151901245,0.6416720151901245,1.0,0.4562726398201432,True
2020-08-20,0.5804562568664551,0.5804562568664551,0.0,0.4562726398201432,True
2020-08-21,0.5442920923233032,0.5442920923233032,0.0,0.0,True
2020-08-24,0.5216453075408936,0.5216453075408936,0.0,0.0,True
2020-08-25,0.5593956708908081,0.5593956708908081,0.0,0.0,True
2020-08-26,0.5201845765113831,0.5201845765113831,0.0,0.0,True
2020-08-27,0.5393595695495605,0.5393595695495605,0.0,0.0,True
2020-08-28,0.5034781694412231,0.5034781694412231,0.0,0.0,True
2020-08-31,0.5155409574508667,0.5155409574508667,0.0,0.0,True
2020-09-01,0.5320466756820679,0.5320466756820679,0.0,0.0,True
2020-09-02,0.5298658609390259,0.5298658609390259,0.0,0.0,True
2020-09-03,0.5692099928855896,0.5692099928855896,0.0,0.44339423996621996,True
2020-09-04,0.49329978227615356,0.49329978227615356,0.0,0.0,True
2020-09-08,0.4725283086299896,0.4725283086299896,1.0,0.0,True
2020-09-09,0.40915927290916443,0.40915927290916443,1.0,0.0,True
2020-09-10,0.4536237418651581,0.4536237418651581,1.0,0.0,True
2020-09-11,0.41113317012786865,0.41113317012786865,1.0,0.0,True
2020-09-14,0.4076402485370636,0.4076402485370636,1.0,0.0,True
2020-09-15,0.4209134876728058,0.4209134876728058,1.0,0.0,True
2020-09-16,0.5305384993553162,0.5305384993553162,1.0,0.0,True
2020-09-17,0.5132750272750854,0.5132750272750854,1.0,0.0,True
2020-09-18,0.5875964760780334,0.5875964760780334,1.0,0.37042097252022677,True
2020-09-21,0.503477156162262,0.503477156162262,1.0,0.0,True
2020-09-22,0.44685572385787964,0.44685572385787964,1.0,0.0,True
2020-09-23,0.6084474921226501,0.6084474921226501,1.0,0.3497816167703107,True
2020-09-24,0.5698977708816528,0.5698977708816528,1.0,0.3497816167703107,True
2020-09-25,0.5196428298950195,0.5196428298950195,1.0,0.0,True
2020-09-28,0.4994576573371887,0.4994576573371887,1.0,0.0,True
2020-09-29,0.499598890542984,0.499598890542984,1.0,0.0,True
2020-09-30,0.4341772198677063,0.4341772198677063,1.0,0.0,True
2020-10-01,0.3628731667995453,0.3628731667995453,1.0,0.0,True
2020-10-02,0.5659011602401733,0.5659011602401733,1.0,0.40427990386405493,True
2020-10-05,0.5461924076080322,0.5461924076080322,1.0,0.0,True
2020-10-06,0.5468209385871887,0.5468209385871887,1.0,0.0,True
2020-10-07,0.5411613583564758,0.5411613583564758,0.0,0.0,True
2020-10-08,0.5667081475257874,0.5667081475257874,0.0,0.5331033803882881,True
2020-10-09,0.44686171412467957,0.44686171412467957,0.0,0.0,True
2020-10-12,0.5291509628295898,0.5291509628295898,0.0,0.0,True
2020-10-13,0.5690861940383911,0.5690861940383911,0.0,0.501472096909222,True
2020-10-14,0.44619980454444885,0.44619980454444885,0.0,0.0,True
2020-10-15,0.4470849335193634,0.4470849335193634,0.0,0.0,True
2020-10-16,0.4852432608604431,0.4852432608604431,1.0,0.0,True
2020-10-19,0.584205150604248,0.584205150604248,0.0,0.49834847175818997,True
2020-10-20,0.5973643064498901,0.5973643064498901,0.0,0.49834847175818997,True
2020-10-21,0.5760847926139832,0.5760847926139832,0.0,0.49834847175818997,True
2020-10-22,0.5762373805046082,0.5762373805046082,0.0,0.49834847175818997,True
2020-10-23,0.598386824131012,0.598386824131012,0.0,0.6065236960457503,True
2020-10-26,0.5824453830718994,0.5824453830718994,0.0,0.6065236960457503,True
2020-10-27,0.5301348567008972,0.5301348567008972,0.0,0.0,True
2020-10-28,0.45206496119499207,0.45206496119499207,1.0,0.0,True
2020-10-29,0.4731195271015167,0.4731195271015167,0.0,0.0,True
2020-10-30,0.49044862389564514,0.49044862389564514,0.0,0.0,True
2020-11-02,0.5174528360366821,0.5174528360366821,0.0,0.0,True
2020-11-03,0.44356176257133484,0.44356176257133484,0.0,0.0,True
2020-11-04,0.44181784987449646,0.44181784987449646,0.0,0.0,True
2020-11-05,0.4929700493812561,0.4929700493812561,1.0,0.0,True
2020-11-06,0.5112249851226807,0.5112249851226807,1.0,0.0,True
2020-11-09,0.48779621720314026,0.48779621720314026,1.0,0.0,True
2020-11-10,0.48338553309440613,0.48338553309440613,1.0,0.0,True
2020-11-11,0.5151976943016052,0.5151976943016052,1.0,0.0,True
2020-11-12,0.5503665804862976,0.5503665804862976,1.0,0.0,True
2020-11-13,0.555820107460022,0.555820107460022,1.0,0.0,True
2020-11-16,0.5534413456916809,0.5534413456916809,1.0,0.0,True
2020-11-17,0.5488671064376831,0.5488671064376831,1.0,0.0,True
2020-11-18,0.6028413772583008,0.6028413772583008,1.0,0.4057015516570756,True
2020-11-19,0.5774087905883789,0.5774087905883789,1.0,0.4057015516570756,True
2020-11-20,0.6342030167579651,0.6342030167579651,1.0,0.4057015516570756,True
2020-11-23,0.5558872222900391,0.5558872222900391,1.0,0.0,True
2020-11-24,0.5695052742958069,0.5695052742958069,1.0,0.4185782371787236,True
2020-11-25,0.5891432166099548,0.5891432166099548,0.0,0.4185782371787236,True
2020-11-27,0.5739456415176392,0.5739456415176392,0.0,0.4185782371787236,True
2020-11-30,0.5273223519325256,0.5273223519325256,0.0,0.0,True
2020-12-01,0.5180689692497253,0.5180689692497253,1.0,0.0,True
2020-12-02,0.5865050554275513,0.5865050554275513,0.0,0.5044988417236185,True
2020-12-03,0.608543872833252,0.608543872833252,0.0,0.6153278238400329,True
2020-12-04,0.6364128589630127,0.6364128589630127,0.0,0.6153278238400329,True
2020-12-07,0.6033999919891357,0.6033999919891357,0.0,0.6153278238400329,True
2020-12-08,0.5716620683670044,0.5716620683670044,0.0,0.7575342652861065,True
2020-12-09,0.5693737268447876,0.5693737268447876,0.0,0.8793933871033153,True
2020-12-10,0.5844324827194214,0.5844324827194214,0.0,1.0,True
2020-12-11,0.5802181363105774,0.5802181363105774,0.0,1.0,True
2020-12-14,0.5974884033203125,0.5974884033203125,0.0,1.0,True
2020-12-15,0.59332275390625,0.59332275390625,0.0,1.0,True
2020-12-16,0.5013352632522583,0.5013352632522583,0.0,0.0,True
2020-12-17,0.5429369211196899,0.5429369211196899,0.0,0.0,True
2020-12-18,0.5055304169654846,0.5055304169654846,0.0,0.0,True
2020-12-21,0.48513561487197876,0.48513561487197876,0.0,0.0,True
2020-12-22,0.5124921202659607,0.5124921202659607,0.0,0.0,True
2020-12-23,0.5594787001609802,0.5594787001609802,0.0,0.0,True
2020-12-24,0.5178133249282837,0.5178133249282837,0.0,0.0,True
2020-12-28,0.5738332271575928,0.5738332271575928,0.0,0.9133021509954373,True
2020-12-29,0.5932920575141907,0.5932920575141907,0.0,0.9133021509954373,True
2020-12-30,0.5743263363838196,0.5743263363838196,0.0,0.9133021509954373,True
2020-12-31,0.5955260992050171,0.5955260992050171,0.0,0.9133021509954373,True
2021-01-04,0.5644567012786865,0.5644567012786865,0.0,0.9133021509954373,True
2021-01-05,0.6153510212898254,0.6153510212898254,0.0,0.9133021509954373,True
2021-01-06,0.584759533405304,0.584759533405304,0.0,0.7244711337368563,True
2021-01-07,0.5569928288459778,0.5569928288459778,0.0,0.0,True
2021-01-08,0.5899702906608582,0.5899702906608582,0.0,0.6897758362337904,True
2021-01-11,0.5718796253204346,0.5718796253204346,0.0,0.6897758362337904,True
2021-01-12,0.5656938552856445,0.5656938552856445,0.0,0.6897758362337904,True
2021-01-13,0.5416444540023804,0.5416444540023804,0.0,0.0,True
2021-01-14,0.558589518070221,0.558589518070221,0.0,0.0,True
2021-01-15,0.5609729886054993,0.5609729886054993,0.0,0.7163238287403872,True
2021-01-19,0.5392583012580872,0.5392583012580872,0.0,0.0,True
2021-01-20,0.5136898756027222,0.5136898756027222,0.0,0.0,True
2021-01-21,0.5004469156265259,0.5004469156265259,0.0,0.0,True
2021-01-22,0.46621444821357727,0.46621444821357727,0.0,0.0,True
2021-01-25,0.5051417946815491,0.5051417946815491,0.0,0.0,True
2021-01-26,0.45474469661712646,0.45474469661712646,0.0,0.0,True
2021-01-27,0.6072369813919067,0.6072369813919067,0.0,0.6042526207776948,True
2021-01-28,0.5122210383415222,0.5122210383415222,0.0,0.0,True
2021-01-29,0.5946759581565857,0.5946759581565857,0.0,0.5324103434072797,True
2021-02-01,0.6273421049118042,0.6273421049118042,0.0,0.5324103434072797,True
2021-02-02,0.566143274307251,0.566143274307251,0.0,0.5324103434072797,True
2021-02-03,0.5944669246673584,0.5944669246673584,0.0,0.5324103434072797,True
2021-02-04,0.5306025743484497,0.5306025743484497,0.0,0.0,True
2021-02-05,0.5140260457992554,0.5140260457992554,0.0,0.0,True
2021-02-08,0.5941947102546692,0.5941947102546692,0.0,0.5865207434460286,True
2021-02-09,0.6201919317245483,0.6201919317245483,0.0,0.5865207434460286,True
2021-02-10,0.640146791934967,0.640146791934967,0.0,0.5865207434460286,True
2021-02-11,0.5414901375770569,0.5414901375770569,0.0,0.0,True
2021-02-12,0.5633490681648254,0.5633490681648254,0.0,0.6496278604257788,True
2021-02-16,0.6569855213165283,0.6569855213165283,1.0,0.6496278604257788,True
2021-02-17,0.662692666053772,0.662692666053772,0.0,0.6496278604257788,True
2021-02-18,0.679606556892395,0.679606556892395,0.0,0.6496278604257788,True
2021-02-19,0.6742156744003296,0.6742156744003296,0.0,0.6496278604257788,True
2021-02-22,0.6269248127937317,0.6269248127937317,0.0,0.6496278604257788,True
2021-02-23,0.5868372321128845,0.5868372321128845,0.0,0.6496278604257788,True
2021-02-24,0.5616549253463745,0.5616549253463745,0.0,0.6496278604257788,True
2021-02-25,0.6189370155334473,0.6189370155334473,0.0,0.6496278604257788,True
2021-02-26,0.5322017669677734,0.5322017669677734,0.0,0.0,True
2021-03-01,0.535729706287384,0.535729706287384,0.0,0.0,True
2021-03-02,0.5322898626327515,0.5322898626327515,0.0,0.0,True
2021-03-03,0.5762708783149719,0.5762708783149719,0.0,0.7239335997858622,True
2021-03-04,0.4881654679775238,0.4881654679775238,0.0,0.0,True
2021-03-05,0.48954877257347107,0.48954877257347107,0.0,0.0,True
2021-03-08,0.4949037730693817,0.4949037730693817,0.0,0.0,True
2021-03-09,0.49099022150039673,0.49099022150039673,0.0,0.0,True
2021-03-10,0.5272653102874756,0.5272653102874756,0.0,0.0,True
2021-03-11,0.45788654685020447,0.45788654685020447,0.0,0.0,True
2021-03-12,0.5078290700912476,0.5078290700912476,0.0,0.0,True
2021-03-15,0.5203925967216492,0.5203925967216492,0.0,0.0,True
2021-03-16,0.46065738797187805,0.46065738797187805,0.0,0.0,True
2021-03-17,0.4905586540699005,0.4905586540699005,0.0,0.0,True
2021-03-18,0.5943344831466675,0.5943344831466675,0.0,0.5409534038315674,True
2021-03-19,0.5996128916740417,0.5996128916740417,0.0,0.5409534038315674,True
2021-03-22,0.5251411199569702,0.5251411199569702,0.0,0.0,True
2021-03-23,0.5474860072135925,0.5474860072135925,0.0,0.0,True
2021-03-24,0.5928629636764526,0.5928629636764526,0.0,0.5432972922597537,True
2021-03-25,0.5607287287712097,0.5607287287712097,0.0,0.5432972922597537,True
2021-03-26,0.5242822766304016,0.5242822766304016,0.0,0.0,True
2021-03-29,0.5890632271766663,0.5890632271766663,0.0,0.576581269653662,True
2021-03-30,0.5857933759689331,0.5857933759689331,0.0,0.576581269653662,True
2021-03-31,0.5472089052200317,0.5472089052200317,0.0,0.0,True
2021-04-01,0.4770428538322449,0.4770428538322449,0.0,0.0,True
2021-04-05,0.554595410823822,0.554595410823822,0.0,0.0,True
2021-04-06,0.5884127020835876,0.5884127020835876,0.0,0.5782950683823271,True
2021-04-07,0.5316510796546936,0.5316510796546936,0.0,0.0,True
2021-04-08,0.5320084095001221,0.5320084095001221,0.0,0.0,True
2021-04-09,0.5250580906867981,0.5250580906867981,0.0,0.0,True
2021-04-12,0.5785056352615356,0.5785056352615356,0.0,0.6357477566154113,True
2021-04-13,0.5469170808792114,0.5469170808792114,0.0,0.0,True
2021-04-14,0.5791934132575989,0.5791934132575989,0.0,0.6257898344467159,True
2021-04-15,0.5832916498184204,0.5832916498184204,0.0,0.6257898344467159,True
2021-04-16,0.5561994910240173,0.5561994910240173,0.0,0.0,True
2021-04-19,0.5388240814208984,0.5388240814208984,0.0,0.0,True
2021-04-20,0.5683556199073792,0.5683556199073792,0.0,0.7295695822857285,True
2021-04-21,0.569861114025116,0.569861114025116,0.0,0.7295695822857285,True
2021-04-22,0.6477627754211426,0.6477627754211426,0.0,0.7295695822857285,True
2021-04-23,0.5416473150253296,0.5416473150253296,0.0,0.0,True
2021-04-26,0.5684281587600708,0.5684281587600708,0.0,0.7569764787969584,True
2021-04-27,0.5861344933509827,0.5861344933509827,0.0,0.7569764787969584,True
2021-04-28,0.6487107276916504,0.6487107276916504,0.0,0.7569764787969584,True
2021-04-29,0.5645776391029358,0.5645776391029358,0.0,0.7569764787969584,True
2021-04-30,0.5347263813018799,0.5347263813018799,0.0,0.0,True
2021-05-03,0.5899032950401306,0.5899032950401306,0.0,0.8625411135363539,True
2021-05-04,0.6112481355667114,0.6112481355667114,0.0,0.8625411135363539,True
2021-05-05,0.6696115136146545,0.6696115136146545,0.0,0.8625411135363539,True
2021-05-06,0.5888578295707703,0.5888578295707703,0.0,0.8625411135363539,True
2021-05-07,0.5377854108810425,0.5377854108810425,0.0,0.0,True
2021-05-10,0.5572754740715027,0.5572754740715027,0.0,0.0,True
2021-05-11,0.5309367775917053,0.5309367775917053,0.0,0.0,True
2021-05-12,0.5559400916099548,0.5559400916099548,0.0,0.0,True
2021-05-13,0.47582098841667175,0.47582098841667175,0.0,0.0,True
2021-05-14,0.5273037552833557,0.5273037552833557,0.0,0.0,True
2021-05-17,0.4775986075401306,0.4775986075401306,0.0,0.0,True
2021-05-18,0.5114589929580688,0.5114589929580688,0.0,0.0,True
2021-05-19,0.5049434304237366,0.5049434304237366,0.0,0.0,True
2021-05-20,0.5276722311973572,0.5276722311973572,0.0,0.0,True
2021-05-21,0.5934951901435852,0.5934951901435852,0.0,0.6709427116201819,True
2021-05-24,0.461231529712677,0.461231529712677,0.0,0.0,True
2021-05-25,0.499889999628067,0.499889999628067,0.0,0.0,True
2021-05-26,0.5812351703643799,0.5812351703643799,0.0,0.6797070871955011,True
2021-05-27,0.5703803300857544,0.5703803300857544,0.0,0.6797070871955011,True
2021-05-28,0.5746790766716003,0.5746790766716003,0.0,0.6797070871955011,True
2021-06-01,0.572674572467804,0.572674572467804,0.0,0.6797070871955011,True
2021-06-02,0.564462423324585,0.564462423324585,0.0,0.6797070871955011,True
2021-06-03,0.5733199119567871,0.5733199119567871,0.0,0.6797070871955011,True
2021-06-04,0.5324903726577759,0.5324903726577759,0.0,0.0,True
2021-06-07,0.5115561485290527,0.5115561485290527,0.0,0.0,True
2021-06-08,0.538533091545105,0.538533091545105,0.0,0.0,True
2021-06-09,0.5577605366706848,0.5577605366706848,0.0,0.0,True
2021-06-10,0.5018491148948669,0.5018491148948669,0.0,0.0,True
2021-06-11,0.5279492139816284,0.5279492139816284,0.0,0.0,True
2021-06-14,0.4895821213722229,0.4895821213722229,0.0,0.0,True
2021-06-15,0.5735539197921753,0.5735539197921753,0.0,0.9692916340207601,True
2021-06-16,0.5488899946212769,0.5488899946212769,0.0,0.0,True
2021-06-17,0.5482826232910156,0.5482826232910156,0.0,0.0,True
2021-06-18,0.5675541758537292,0.5675541758537292,0.0,0.974309485597023,True
2021-06-21,0.5561378598213196,0.5561378598213196,0.0,0.0,True
2021-06-22,0.5822004079818726,0.5822004079818726,0.0,1.0,True
2021-06-23,0.5889649391174316,0.5889649391174316,0.0,1.0,True
2021-06-24,0.5988135933876038,0.5988135933876038,0.0,1.0,True
2021-06-25,0.5932643413543701,0.5932643413543701,0.0,1.0,True
2021-06-28,0.5500282645225525,0.5500282645225525,0.0,0.0,True
2021-06-29,0.49942946434020996,0.49942946434020996,0.0,0.0,True
2021-06-30,0.5405163764953613,0.5405163764953613,0.0,0.0,True
2021-07-01,0.5456085801124573,0.5456085801124573,0.0,0.0,True
2021-07-02,0.4260919988155365,0.4260919988155365,0.0,0.0,True
2021-07-06,0.4727397561073303,0.4727397561073303,0.0,0.0,True
2021-07-07,0.45441892743110657,0.45441892743110657,0.0,0.0,True
2021-07-08,0.5110457539558411,0.5110457539558411,0.0,0.0,True
2021-07-09,0.5168436765670776,0.5168436765670776,0.0,0.0,True
2021-07-12,0.5835949778556824,0.5835949778556824,0.0,1.0,True
2021-07-13,0.5360375046730042,0.5360375046730042,0.0,0.0,True
2021-07-14,0.5096026659011841,0.5096026659011841,0.0,0.0,True
2021-07-15,0.5458518266677856,0.5458518266677856,0.0,0.0,True
2021-07-16,0.5874493718147278,0.5874493718147278,0.0,1.0,True
2021-07-19,0.6185856461524963,0.6185856461524963,0.0,1.0,True
2021-07-20,0.601415753364563,0.601415753364563,0.0,1.0,True
2021-07-21,0.5804033279418945,0.5804033279418945,0.0,1.0,True
2021-07-22,0.5016748905181885,0.5016748905181885,0.0,0.0,True
2021-07-23,0.4798567593097687,0.4798567593097687,0.0,0.0,True
2021-07-26,0.4932701885700226,0.4932701885700226,0.0,0.0,True
2021-07-27,0.5627148151397705,0.5627148151397705,0.0,1.0,True
2021-07-28,0.6028023958206177,0.6028023958206177,0.0,1.0,True
2021-07-29,0.6223306059837341,0.6223306059837341,0.0,1.0,True
2021-07-30,0.7254777550697327,0.7254777550697327,0.0,1.0,True
2021-08-02,0.6651257872581482,0.6651257872581482,0.0,1.0,True
2021-08-03,0.6394252181053162,0.6394252181053162,0.0,1.0,True
2021-08-04,0.6422863006591797,0.6422863006591797,0.0,1.0,True
2021-08-05,0.6069367527961731,0.6069367527961731,0.0,1.0,True
2021-08-06,0.6424490809440613,0.6424490809440613,0.0,1.0,True
2021-08-09,0.6296765804290771,0.6296765804290771,0.0,1.0,True
2021-08-10,0.5789799094200134,0.5789799094200134,0.0,1.0,True
2021-08-11,0.6326286792755127,0.6326286792755127,0.0,1.0,True
2021-08-12,0.615734338760376,0.615734338760376,0.0,1.0,True
2021-08-13,0.57294100522995,0.57294100522995,0.0,1.0,True
2021-08-16,0.5758702754974365,0.5758702754974365,0.0,1.0,True
2021-08-17,0.6605268716812134,0.6605268716812134,0.0,1.0,True
2021-08-18,0.6014602184295654,0.6014602184295654,0.0,1.0,True
2021-08-19,0.560799777507782,0.560799777507782,0.0,1.0,True
2021-08-20,0.554948627948761,0.554948627948761,0.0,0.0,True
2021-08-23,0.4879666864871979,0.4879666864871979,0.0,0.0,True
2021-08-24,0.5456297993659973,0.5456297993659973,0.0,0.0,True
2021-08-25,0.576257586479187,0.576257586479187,0.0,1.0,True
2021-08-26,0.5841755867004395,0.5841755867004395,0.0,1.0,True
2021-08-27,0.6329972147941589,0.6329972147941589,0.0,1.0,True
2021-08-30,0.6051181554794312,0.6051181554794312,0.0,1.0,True
2021-08-31,0.6413920521736145,0.6413920521736145,0.0,1.0,True
2021-09-01,0.6334633827209473,0.6334633827209473,0.0,1.0,True
2021-09-02,0.6620028018951416,0.6620028018951416,0.0,1.0,True
2021-09-03,0.6740624308586121,0.6740624308586121,0.0,1.0,True
2021-09-07,0.6398773789405823,0.6398773789405823,0.0,1.0,True
2021-09-08,0.6603734493255615,0.6603734493255615,0.0,1.0,True
2021-09-09,0.5977030992507935,0.5977030992507935,0.0,1.0,True
2021-09-10,0.6069744229316711,0.6069744229316711,0.0,1.0,True
2021-09-13,0.604212760925293,0.604212760925293,0.0,1.0,True
2021-09-14,0.5770459175109863,0.5770459175109863,0.0,1.0,True
2021-09-15,0.6091981530189514,0.6091981530189514,0.0,1.0,True
2021-09-16,0.6257290840148926,0.6257290840148926,0.0,1.0,True
2021-09-17,0.5542105436325073,0.5542105436325073,0.0,0.0,True
2021-09-20,0.5711220502853394,0.5711220502853394,0.0,1.0,True
2021-09-21,0.5851467251777649,0.5851467251777649,0.0,1.0,True
2021-09-22,0.5459702014923096,0.5459702014923096,0.0,0.0,True
2021-09-23,0.5454182624816895,0.5454182624816895,0.0,0.0,True
2021-09-24,0.6070439219474792,0.6070439219474792,0.0,1.0,True
2021-09-27,0.586572527885437,0.586572527885437,0.0,1.0,True
2021-09-28,0.6068307757377625,0.6068307757377625,0.0,0.7812701437732639,True
2021-09-29,0.562889814376831,0.562889814376831,0.0,0.7812701437732639,True
2021-09-30,0.5824576616287231,0.5824576616287231,0.0,0.7812701437732639,True
2021-10-01,0.5268011689186096,0.5268011689186096,0.0,0.0,True
2021-10-04,0.5428028106689453,0.5428028106689453,0.0,0.0,True
2021-10-05,0.542127251625061,0.542127251625061,0.0,0.0,True
2021-10-06,0.5237225294113159,0.5237225294113159,0.0,0.0,True
2021-10-07,0.5648480653762817,0.5648480653762817,0.0,0.6038839929496529,True
2021-10-08,0.5370720028877258,0.5370720028877258,0.0,0.0,True
2021-10-11,0.5845636129379272,0.5845636129379272,0.0,0.6066258893240997,True
2021-10-12,0.6116567254066467,0.6116567254066467,0.0,0.6066258893240997,True
2021-10-13,0.564644455909729,0.564644455909729,0.0,0.6066258893240997,True
2021-10-14,0.47066381573677063,0.47066381573677063,0.0,0.0,True
2021-10-15,0.4915180504322052,0.4915180504322052,0.0,0.0,True
2021-10-18,0.46916258335113525,0.46916258335113525,0.0,0.0,True
2021-10-19,0.49297648668289185,0.49297648668289185,0.0,0.0,True
2021-10-20,0.5021542906761169,0.5021542906761169,0.0,0.0,True
2021-10-21,0.515092670917511,0.515092670917511,0.0,0.0,True
2021-10-22,0.5448328256607056,0.5448328256607056,0.0,0.0,True
2021-10-25,0.5558819770812988,0.5558819770812988,0.0,0.0,True
2021-10-26,0.554500937461853,0.554500937461853,0.0,0.0,True
2021-10-27,0.5621863007545471,0.5621863007545471,0.0,0.6792693928307312,True
2021-10-28,0.532146692276001,0.532146692276001,0.0,0.0,True
2021-10-29,0.4934748113155365,0.4934748113155365,0.0,0.0,True
2021-11-01,0.5280814170837402,0.5280814170837402,0.0,0.0,True
2021-11-02,0.5565564632415771,0.5565564632415771,0.0,0.0,True
2021-11-03,0.43037649989128113,0.43037649989128113,0.0,0.0,True
2021-11-04,0.437875360250473,0.437875360250473,0.0,0.0,True
2021-11-05,0.45646932721138,0.45646932721138,0.0,0.0,True
2021-11-08,0.41458210349082947,0.41458210349082947,0.0,0.0,True
2021-11-09,0.5337347388267517,0.5337347388267517,0.0,0.0,True
2021-11-10,0.6176258325576782,0.6176258325576782,0.0,0.7563061763390256,True
2021-11-11,0.6513106226921082,0.6513106226921082,0.0,0.7563061763390256,True
2021-11-12,0.605487585067749,0.605487585067749,0.0,0.7563061763390256,True
2021-11-15,0.6382565498352051,0.6382565498352051,0.0,0.7563061763390256,True
2021-11-16,0.5112557411193848,0.5112557411193848,0.0,0.0,True
2021-11-17,0.5894874334335327,0.5894874334335327,0.0,0.7839174860559275,True
2021-11-18,0.570665717124939,0.570665717124939,0.0,0.7839174860559275,True
2021-11-19,0.4766309857368469,0.4766309857368469,0.0,0.0,True
2021-11-22,0.6342153549194336,0.6342153549194336,0.0,0.7829564926045725,True
2021-11-23,0.6598181128501892,0.6598181128501892,0.0,0.7829564926045725,True
2021-11-24,0.63858562707901,0.63858562707901,0.0,1.0,True
2021-11-26,0.6097064018249512,0.6097064018249512,0.0,1.0,True
2021-11-29,0.6060768961906433,0.6060768961906433,0.0,1.0,True
2021-11-30,0.6021743416786194,0.6021743416786194,0.0,0.8584134444364587,True
2021-12-01,0.6108083724975586,0.6108083724975586,0.0,0.8584134444364587,True
2021-12-02,0.578499972820282,0.578499972820282,0.0,0.8584134444364587,True
2021-12-03,0.517737865447998,0.517737865447998,0.0,0.0,True
2021-12-06,0.5602825880050659,0.5602825880050659,0.0,0.8130352329316513,True
2021-12-07,0.5133056044578552,0.5133056044578552,0.0,0.0,True
2021-12-08,0.5571368336677551,0.5571368336677551,0.0,0.0,True
2021-12-09,0.5018576383590698,0.5018576383590698,0.0,0.0,True
2021-12-10,0.5390584468841553,0.5390584468841553,0.0,0.0,True
2021-12-13,0.5744457244873047,0.5744457244873047,0.0,0.669317148513941,True
2021-12-14,0.6044511198997498,0.6044511198997498,0.0,0.669317148513941,True
2021-12-15,0.5208432674407959,0.5208432674407959,0.0,0.0,True
2021-12-16,0.5706937313079834,0.5706937313079834,0.0,0.5368874117377055,True
2021-12-17,0.5522728562355042,0.5522728562355042,0.0,0.0,True
2021-12-20,0.5565338134765625,0.5565338134765625,0.0,0.0,True
2021-12-21,0.5549488663673401,0.5549488663673401,0.0,0.0,True
2021-12-22,0.5191565752029419,0.5191565752029419,0.0,0.0,True
2021-12-23,0.5408591032028198,0.5408591032028198,0.0,0.0,True
2021-12-27,0.5182510018348694,0.5182510018348694,0.0,0.0,True
2021-12-28,0.5273154973983765,0.5273154973983765,0.0,0.0,True
2021-12-29,0.47931697964668274,0.47931697964668274,0.0,0.0,True
2021-12-30,0.5508971810340881,0.5508971810340881,0.0,0.0,True
2021-12-31,0.5938706398010254,0.5938706398010254,0.0,0.5275256824081518,True
2022-01-03,0.639767587184906,0.639767587184906,0.0,0.5275256824081518,True
2022-01-04,0.6159822940826416,0.6159822940826416,0.0,0.5275256824081518,True
2022-01-05,0.6395772099494934,0.6395772099494934,0.0,0.5275256824081518,True
2022-01-06,0.613383948802948,0.613383948802948,0.0,0.5275256824081518,True
2022-01-07,0.6563942432403564,0.6563942432403564,0.0,0.5275256824081518,True
2022-01-10,0.6324049830436707,0.6324049830436707,0.0,0.5275256824081518,True
2022-01-11,0.6330603957176208,0.6330603957176208,0.0,0.5275256824081518,True
2022-01-12,0.6130146980285645,0.6130146980285645,0.0,0.5275256824081518,True
2022-01-13,0.6510810852050781,0.6510810852050781,0.0,0.5275256824081518,True
2022-01-14,0.5245528817176819,0.5245528817176819,0.0,0.0,True
2022-01-18,0.5380567312240601,0.5380567312240601,1.0,0.0,True
2022-01-19,0.5337450504302979,0.5337450504302979,1.0,0.0,True
2022-01-20,0.5543693900108337,0.5543693900108337,0.0,0.0,True
2022-01-21,0.5858544707298279,0.5858544707298279,1.0,0.5773660422350783,True
2022-01-24,0.6802156567573547,0.6802156567573547,1.0,0.5773660422350783,True
2022-01-25,0.5776945352554321,0.5776945352554321,1.0,0.5773660422350783,True
2022-01-26,0.5495429039001465,0.5495429039001465,1.0,0.0,True
2022-01-27,0.5830702185630798,0.5830702185630798,1.0,0.5320402559047689,True
2022-01-28,0.5406652092933655,0.5406652092933655,1.0,0.0,True
2022-01-31,0.4804788827896118,0.4804788827896118,1.0,0.0,True
2022-02-01,0.46431005001068115,0.46431005001068115,1.0,0.0,True
2022-02-02,0.4257675111293793,0.4257675111293793,0.0,0.0,True
2022-02-03,0.5448429584503174,0.5448429584503174,1.0,0.0,True
2022-02-04,0.5350772738456726,0.5350772738456726,1.0,0.0,True
2022-02-07,0.5542140603065491,0.5542140603065491,1.0,0.0,True
2022-02-08,0.5819182395935059,0.5819182395935059,1.0,0.4575516125092547,True
2022-02-09,0.5166576504707336,0.5166576504707336,1.0,0.0,True
2022-02-10,0.5788870453834534,0.5788870453834534,1.0,0.4294166394114629,True
2022-02-11,0.5359134078025818,0.5359134078025818,1.0,0.0,True
2022-02-14,0.5312559604644775,0.5312559604644775,1.0,0.0,True
2022-02-15,0.5854668617248535,0.5854668617248535,1.0,0.47423697521021785,True
2022-02-16,0.5439296364784241,0.5439296364784241,1.0,0.0,True
2022-02-17,0.608351469039917,0.608351469039917,1.0,0.4515903116647963,True
2022-02-18,0.5604993104934692,0.5604993104934692,1.0,0.4515903116647963,True
2022-02-22,0.5502992272377014,0.5502992272377014,1.0,0.0,True
2022-02-23,0.6489396691322327,0.6489396691322327,1.0,0.45896654580150886,True
2022-02-24,0.5234599709510803,0.5234599709510803,1.0,0.0,True
2022-02-25,0.5351966023445129,0.5351966023445129,1.0,0.0,True
2022-02-28,0.48138803243637085,0.48138803243637085,1.0,0.0,True
2022-03-01,0.5063475966453552,0.5063475966453552,1.0,0.0,True
2022-03-02,0.4621252119541168,0.4621252119541168,1.0,0.0,True
2022-03-03,0.5501319766044617,0.5501319766044617,1.0,0.0,True
2022-03-04,0.5476252436637878,0.5476252436637878,1.0,0.0,True
2022-03-07,0.6150456070899963,0.6150456070899963,1.0,0.4310442380844822,True
2022-03-08,0.5343345999717712,0.5343345999717712,1.0,0.0,True
2022-03-09,0.5153553485870361,0.5153553485870361,1.0,0.0,True
2022-03-10,0.5471428036689758,0.5471428036689758,1.0,0.0,True
2022-03-11,0.5345404148101807,0.5345404148101807,1.0,0.0,True
2022-03-14,0.5562095642089844,0.5562095642089844,1.0,0.0,True
2022-03-15,0.48659443855285645,0.48659443855285645,1.0,0.0,True
2022-03-16,0.3854130804538727,0.3854130804538727,1.0,0.0,True
2022-03-17,0.3858441412448883,0.3858441412448883,1.0,0.0,True
2022-03-18,0.41856715083122253,0.41856715083122253,1.0,0.0,True
2022-03-21,0.37849435210227966,0.37849435210227966,1.0,0.0,True
2022-03-22,0.3621332347393036,0.3621332347393036,1.0,0.0,True
2022-03-23,0.4265108108520508,0.4265108108520508,1.0,0.0,True
2022-03-24,0.4151029586791992,0.4151029586791992,0.0,0.0,True
2022-03-25,0.4677789509296417,0.4677789509296417,0.0,0.0,True
2022-03-28,0.4940277636051178,0.4940277636051178,0.0,0.0,True
2022-03-29,0.5048686861991882,0.5048686861991882,1.0,0.0,True
2022-03-30,0.5198808908462524,0.5198808908462524,0.0,0.0,True
2022-03-31,0.4944628179073334,0.4944628179073334,0.0,0.0,True
2022-04-01,0.4670370817184448,0.4670370817184448,0.0,0.0,True
2022-04-04,0.5696407556533813,0.5696407556533813,1.0,0.5022683925286938,True
2022-04-05,0.5041323304176331,0.5041323304176331,1.0,0.0,True
2022-04-06,0.595512330532074,0.595512330532074,0.0,0.5027619428005079,True
2022-04-07,0.5840240120887756,0.5840240120887756,0.0,0.5027619428005079,True
2022-04-08,0.5793808698654175,0.5793808698654175,1.0,0.5027619428005079,True
2022-04-11,0.6031259894371033,0.6031259894371033,1.0,0.5027619428005079,True
2022-04-12,0.5943620204925537,0.5943620204925537,0.0,0.5027619428005079,True
2022-04-13,0.5609049201011658,0.5609049201011658,0.0,0.5027619428005079,True
2022-04-14,0.5990455746650696,0.5990455746650696,0.0,0.5027619428005079,True
2022-04-18,0.5061595439910889,0.5061595439910889,0.0,0.0,True
2022-04-19,0.5012193322181702,0.5012193322181702,0.0,0.0,True
2022-04-20,0.5252532958984375,0.5252532958984375,0.0,0.0,True
2022-04-21,0.5644813776016235,0.5644813776016235,0.0,0.501745153431038,True
2022-04-22,0.5838003754615784,0.5838003754615784,1.0,0.501745153431038,True
2022-04-25,0.5013887286186218,0.5013887286186218,1.0,0.0,True
2022-04-26,0.6083655953407288,0.6083655953407288,1.0,0.4659001281692656,True
2022-04-27,0.5447962284088135,0.5447962284088135,1.0,0.0,True
2022-04-28,0.4856046140193939,0.4856046140193939,1.0,0.0,True
2022-04-29,0.5203847289085388,0.5203847289085388,1.0,0.0,True
2022-05-02,0.451420396566391,0.451420396566391,1.0,0.0,True
2022-05-03,0.4617127478122711,0.4617127478122711,1.0,0.0,True
2022-05-04,0.5423328876495361,0.5423328876495361,1.0,0.0,True
2022-05-05,0.5183454155921936,0.5183454155921936,1.0,0.0,True
2022-05-06,0.5221316814422607,0.5221316814422607,1.0,0.0,True
2022-05-09,0.6597847938537598,0.6597847938537598,1.0,0.3365546381083747,True
2022-05-10,0.6034045815467834,0.6034045815467834,1.0,0.3365546381083747,True
2022-05-11,0.647975504398346,0.647975504398346,1.0,0.3365546381083747,True
2022-05-12,0.6241368651390076,0.6241368651390076,1.0,0.3365546381083747,True
2022-05-13,0.5956067442893982,0.5956067442893982,1.0,0.3365546381083747,True
2022-05-16,0.593529462814331,0.593529462814331,1.0,0.3365546381083747,True
2022-05-17,0.572941780090332,0.572941780090332,1.0,0.3365546381083747,True
2022-05-18,0.5600944757461548,0.5600944757461548,1.0,0.3365546381083747,True
2022-05-19,0.52597576379776,0.52597576379776,1.0,0.0,True
2022-05-20,0.5435783863067627,0.5435783863067627,1.0,0.0,True
2022-05-23,0.5877180695533752,0.5877180695533752,1.0,0.31987919227817735,True
2022-05-24,0.5948248505592346,0.5948248505592346,1.0,0.31987919227817735,True
2022-05-25,0.4985901713371277,0.4985901713371277,1.0,0.0,True
2022-05-26,0.4372777044773102,0.4372777044773102,1.0,0.0,True
2022-05-27,0.4067848026752472,0.4067848026752472,1.0,0.0,True
2022-05-31,0.47249114513397217,0.47249114513397217,1.0,0.0,True
2022-06-01,0.4163094460964203,0.4163094460964203,1.0,0.0,True
2022-06-02,0.4403182566165924,0.4403182566165924,1.0,0.0,True
2022-06-03,0.468613862991333,0.468613862991333,1.0,0.0,True
2022-06-06,0.5285019874572754,0.5285019874572754,1.0,0.0,True
2022-06-07,0.5100866556167603,0.5100866556167603,1.0,0.0,True
2022-06-08,0.5682776570320129,0.5682776570320129,0.0,0.48362402988424236,True
2022-06-09,0.5534629821777344,0.5534629821777344,1.0,0.0,True
2022-06-10,0.49394741654396057,0.49394741654396057,1.0,0.0,True
2022-06-13,0.5450978875160217,0.5450978875160217,1.0,0.0,True
2022-06-14,0.47564682364463806,0.47564682364463806,1.0,0.0,True
2022-06-15,0.5227025151252747,0.5227025151252747,1.0,0.0,True
2022-06-16,0.5521395206451416,0.5521395206451416,1.0,0.0,True
2022-06-17,0.4855065941810608,0.4855065941810608,1.0,0.0,True
2022-06-21,0.48081260919570923,0.48081260919570923,1.0,0.0,True
2022-06-22,0.4836854040622711,0.4836854040622711,1.0,0.0,True
2022-06-23,0.45644423365592957,0.45644423365592957,1.0,0.0,True
2022-06-24,0.394449383020401,0.394449383020401,1.0,0.0,True
2022-06-27,0.4283945560455322,0.4283945560455322,1.0,0.0,True
2022-06-28,0.4954308867454529,0.4954308867454529,1.0,0.0,True
2022-06-29,0.4767793118953705,0.4767793118953705,1.0,0.0,True
2022-06-30,0.5287005305290222,0.5287005305290222,1.0,0.0,True
2022-07-01,0.5194144248962402,0.5194144248962402,1.0,0.0,True
2022-07-05,0.538185715675354,0.538185715675354,1.0,0.0,True
2022-07-06,0.3798031210899353,0.3798031210899353,1.0,0.0,True
2022-07-07,0.4416367709636688,0.4416367709636688,1.0,0.0,True
2022-07-08,0.5430431365966797,0.5430431365966797,1.0,0.0,True
2022-07-11,0.5144161581993103,0.5144161581993103,1.0,0.0,True
2022-07-12,0.5658590197563171,0.5658590197563171,1.0,0.41733429966035407,True
2022-07-13,0.5585864186286926,0.5585864186286926,1.0,0.0,True
2022-07-14,0.5696818828582764,0.5696818828582764,1.0,0.4659876793252803,True
2022-07-15,0.5627358555793762,0.5627358555793762,0.0,0.4659876793252803,True
2022-07-18,0.5717871189117432,0.5717871189117432,1.0,0.4659876793252803,True
2022-07-19,0.5535006523132324,0.5535006523132324,0.0,0.0,True
2022-07-20,0.5195499062538147,0.5195499062538147,0.0,0.0,True
2022-07-21,0.4794979691505432,0.4794979691505432,0.0,0.0,True
2022-07-22,0.5472476482391357,0.5472476482391357,0.0,0.0,True
2022-07-25,0.5465623736381531,0.5465623736381531,0.0,0.0,True
2022-07-26,0.5826427936553955,0.5826427936553955,0.0,0.5535520164581403,True
2022-07-27,0.44164738059043884,0.44164738059043884,0.0,0.0,True
2022-07-28,0.4956929683685303,0.4956929683685303,1.0,0.0,True
2022-07-29,0.5012019872665405,0.5012019872665405,1.0,0.0,True
2022-08-01,0.5459940433502197,0.5459940433502197,1.0,0.0,True
2022-08-02,0.5262711048126221,0.5262711048126221,1.0,0.0,True
2022-08-03,0.5434208512306213,0.5434208512306213,1.0,0.0,True
2022-08-04,0.58147794008255,0.58147794008255,1.0,0.40960911643852804,True
2022-08-05,0.5809343457221985,0.5809343457221985,1.0,0.40960911643852804,True
2022-08-08,0.5955156683921814,0.5955156683921814,1.0,0.40960911643852804,True
2022-08-09,0.5374760627746582,0.5374760627746582,1.0,0.0,True
2022-08-10,0.5056978464126587,0.5056978464126587,1.0,0.0,True
2022-08-11,0.5390366315841675,0.5390366315841675,1.0,0.0,True
2022-08-12,0.5172268152236938,0.5172268152236938,1.0,0.0,True
2022-08-15,0.5347752571105957,0.5347752571105957,1.0,0.0,True
2022-08-16,0.5358303189277649,0.5358303189277649,1.0,0.0,True
2022-08-17,0.6058284044265747,0.6058284044265747,1.0,0.45544517741489005,True
2022-08-18,0.6178556084632874,0.6178556084632874,1.0,0.45544517741489005,True
2022-08-19,0.6485394835472107,0.6485394835472107,1.0,0.45544517741489005,True
2022-08-22,0.6163156628608704,0.6163156628608704,1.0,0.45544517741489005,True
2022-08-23,0.5824916362762451,0.5824916362762451,1.0,0.45544517741489005,True
2022-08-24,0.5825627446174622,0.5825627446174622,0.0,0.6319154699586783,True
2022-08-25,0.5383995771408081,0.5383995771408081,0.0,0.0,True
2022-08-26,0.6066741347312927,0.6066741347312927,0.0,0.5970111596666934,True
2022-08-29,0.5733544230461121,0.5733544230461121,0.0,0.5970111596666934,True
2022-08-30,0.5950103998184204,0.5950103998184204,0.0,0.5970111596666934,True
2022-08-31,0.5897103548049927,0.5897103548049927,0.0,0.5970111596666934,True
2022-09-01,0.6548725366592407,0.6548725366592407,0.0,0.5970111596666934,True
2022-09-02,0.6828221678733826,0.6828221678733826,0.0,0.5970111596666934,True
2022-09-06,0.6903015971183777,0.6903015971183777,0.0,0.5970111596666934,True
2022-09-07,0.5805882215499878,0.5805882215499878,0.0,0.5970111596666934,True
2022-09-08,0.6139965057373047,0.6139965057373047,0.0,0.5970111596666934,True
2022-09-09,0.48695454001426697,0.48695454001426697,0.0,0.0,True
2022-09-12,0.5094130635261536,0.5094130635261536,0.0,0.0,True
2022-09-13,0.5099940299987793,0.5099940299987793,1.0,0.0,True
2022-09-14,0.5488339066505432,0.5488339066505432,1.0,0.0,True
2022-09-15,0.5558046698570251,0.5558046698570251,1.0,0.0,True
2022-09-16,0.5350316166877747,0.5350316166877747,1.0,0.0,True
2022-09-19,0.5145083069801331,0.5145083069801331,1.0,0.0,True
2022-09-20,0.5487976670265198,0.5487976670265198,1.0,0.0,True
2022-09-21,0.6663839817047119,0.6663839817047119,1.0,0.5208174450220633,True
2022-09-22,0.606796145439148,0.606796145439148,1.0,0.5208174450220633,True
2022-09-23,0.6103187799453735,0.6103187799453735,1.0,0.5208174450220633,True
2022-09-26,0.6276450753211975,0.6276450753211975,1.0,0.5208174450220633,True
2022-09-27,0.6431822776794434,0.6431822776794434,1.0,0.5208174450220633,True
2022-09-28,0.5814918279647827,0.5814918279647827,1.0,0.5208174450220633,True
2022-09-29,0.5701828598976135,0.5701828598976135,1.0,0.5208174450220633,True
2022-09-30,0.5664215087890625,0.5664215087890625,1.0,0.5208174450220633,True
2022-10-03,0.5135848522186279,0.5135848522186279,1.0,0.0,True
2022-10-04,0.44623562693595886,0.44623562693595886,1.0,0.0,True
2022-10-05,0.43215081095695496,0.43215081095695496,1.0,0.0,True
2022-10-06,0.43945688009262085,0.43945688009262085,1.0,0.0,True
2022-10-07,0.47825193405151367,0.47825193405151367,1.0,0.0,True
2022-10-10,0.4551800489425659,0.4551800489425659,1.0,0.0,True
2022-10-11,0.5323205590248108,0.5323205590248108,1.0,0.0,True
2022-10-12,0.5299820899963379,0.5299820899963379,1.0,0.0,True
2022-10-13,0.5709801912307739,0.5709801912307739,1.0,0.4455116907830282,True
2022-10-14,0.48933228850364685,0.48933228850364685,1.0,0.0,True
2022-10-17,0.5057541728019714,0.5057541728019714,1.0,0.0,True
2022-10-18,0.5362105965614319,0.5362105965614319,1.0,0.0,True
2022-10-19,0.5391058325767517,0.5391058325767517,1.0,0.0,True
2022-10-20,0.5457741022109985,0.5457741022109985,1.0,0.0,True
2022-10-21,0.4455185532569885,0.4455185532569885,1.0,0.0,True
2022-10-24,0.43519607186317444,0.43519607186317444,1.0,0.0,True
2022-10-25,0.41975435614585876,0.41975435614585876,1.0,0.0,True
2022-10-26,0.4813558757305145,0.4813558757305145,1.0,0.0,True
2022-10-27,0.5503057241439819,0.5503057241439819,1.0,0.0,True
2022-10-28,0.5703219771385193,0.5703219771385193,1.0,0.30247349621719927,True
2022-10-31,0.5611364841461182,0.5611364841461182,1.0,0.30247349621719927,True
2022-11-01,0.6009548902511597,0.6009548902511597,1.0,0.30247349621719927,True
2022-11-02,0.6120724081993103,0.6120724081993103,1.0,0.30247349621719927,True
2022-11-03,0.5943894982337952,0.5943894982337952,1.0,0.30247349621719927,True
2022-11-04,0.5956547260284424,0.5956547260284424,1.0,0.30247349621719927,True
2022-11-07,0.5889313220977783,0.5889313220977783,1.0,0.30247349621719927,True
2022-11-08,0.5924103260040283,0.5924103260040283,1.0,0.30247349621719927,True
2022-11-09,0.5483890771865845,0.5483890771865845,1.0,0.0,True
2022-11-10,0.38919752836227417,0.38919752836227417,1.0,0.0,True
2022-11-11,0.4291408360004425,0.4291408360004425,1.0,0.0,True
2022-11-14,0.4273528456687927,0.4273528456687927,1.0,0.0,True
2022-11-15,0.420467346906662,0.420467346906662,1.0,0.0,True
2022-11-16,0.5030211806297302,0.5030211806297302,1.0,0.0,True
2022-11-17,0.4529683589935303,0.4529683589935303,1.0,0.0,True
2022-11-18,0.5187979936599731,0.5187979936599731,1.0,0.0,True
2022-11-21,0.5618724822998047,0.5618724822998047,1.0,0.28709190026337705,True
2022-11-22,0.6015338897705078,0.6015338897705078,1.0,0.28709190026337705,True
2022-11-23,0.7106692790985107,0.7106692790985107,1.0,0.28709190026337705,True
2022-11-25,0.5938786268234253,0.5938786268234253,1.0,0.28709190026337705,True
2022-11-28,0.49758380651474,0.49758380651474,1.0,0.0,True
2022-11-29,0.5489838123321533,0.5489838123321533,1.0,0.0,True
2022-11-30,0.5978705286979675,0.5978705286979675,1.0,0.3279899379605271,True
2022-12-01,0.6284899711608887,0.6284899711608887,1.0,0.3279899379605271,True
2022-12-02,0.5338372588157654,0.5338372588157654,1.0,0.0,True
2022-12-05,0.5192252397537231,0.5192252397537231,1.0,0.0,True
2022-12-06,0.4346672296524048,0.4346672296524048,1.0,0.0,True
2022-12-07,0.49047696590423584,0.49047696590423584,1.0,0.0,True
2022-12-08,0.5025169849395752,0.5025169849395752,1.0,0.0,True
2022-12-09,0.548882246017456,0.548882246017456,0.0,0.0,True
2022-12-12,0.5449613332748413,0.5449613332748413,0.0,0.0,True
2022-12-13,0.5859077572822571,0.5859077572822571,0.0,0.5084759572752037,True
2022-12-14,0.5644018650054932,0.5644018650054932,0.0,0.5084759572752037,True
2022-12-15,0.521645724773407,0.521645724773407,0.0,0.0,True
2022-12-16,0.5037153959274292,0.5037153959274292,0.0,0.0,True
2022-12-19,0.5497722029685974,0.5497722029685974,0.0,0.0,True
2022-12-20,0.5443066954612732,0.5443066954612732,0.0,0.0,True
2022-12-21,0.5743137001991272,0.5743137001991272,0.0,0.44968952118184585,True
2022-12-22,0.5719597339630127,0.5719597339630127,1.0,0.44968952118184585,True
2022-12-23,0.5258285999298096,0.5258285999298096,1.0,0.0,True
2022-12-27,0.5011259913444519,0.5011259913444519,0.0,0.0,True
2022-12-28,0.5750290155410767,0.5750290155410767,0.0,0.44658045408359826,True
2022-12-29,0.5386016368865967,0.5386016368865967,0.0,0.0,True
2022-12-30,0.550700843334198,0.550700843334198,0.0,0.0,True
2023-01-03,0.5628787279129028,0.5628787279129028,0.0,0.5638952208019182,True
2023-01-04,0.47874924540519714,0.47874924540519714,0.0,0.0,True
2023-01-05,0.5503921508789062,0.5503921508789062,1.0,0.0,True
2023-01-06,0.5219535827636719,0.5219535827636719,1.0,0.0,True
2023-01-09,0.5276613831520081,0.5276613831520081,1.0,0.0,True
2023-01-10,0.5082513689994812,0.5082513689994812,0.0,0.0,True
2023-01-11,0.49502667784690857,0.49502667784690857,1.0,0.0,True
2023-01-12,0.46211493015289307,0.46211493015289307,1.0,0.0,True
2023-01-13,0.4810566306114197,0.4810566306114197,1.0,0.0,True
2023-01-17,0.4657266139984131,0.4657266139984131,0.0,0.0,True
2023-01-18,0.5384440422058105,0.5384440422058105,0.0,0.0,True
2023-01-19,0.594268262386322,0.594268262386322,0.0,0.5111282541558082,True
2023-01-20,0.4566977620124817,0.4566977620124817,0.0,0.0,True
2023-01-23,0.4667399525642395,0.4667399525642395,0.0,0.0,True
2023-01-24,0.47390127182006836,0.47390127182006836,0.0,0.0,True
2023-01-25,0.49798598885536194,0.49798598885536194,0.0,0.0,True
2023-01-26,0.4116518199443817,0.4116518199443817,0.0,0.0,True
2023-01-27,0.42781856656074524,0.42781856656074524,0.0,0.0,True
2023-01-30,0.47365039587020874,0.47365039587020874,0.0,0.0,True
2023-01-31,0.4373937249183655,0.4373937249183655,0.0,0.0,True
2023-02-01,0.4490494728088379,0.4490494728088379,0.0,0.0,True
2023-02-02,0.5674827098846436,0.5674827098846436,1.0,0.47077511831747326,True
2023-02-03,0.5806109309196472,0.5806109309196472,1.0,0.47077511831747326,True
2023-02-06,0.5760225057601929,0.5760225057601929,1.0,0.47077511831747326,True
2023-02-07,0.5453004837036133,0.5453004837036133,1.0,0.0,True
2023-02-08,0.5905435085296631,0.5905435085296631,1.0,0.44140828617182853,True
2023-02-09,0.6101619005203247,0.6101619005203247,1.0,0.44140828617182853,True
2023-02-10,0.585143506526947,0.585143506526947,1.0,0.44140828617182853,True
2023-02-13,0.5667775273323059,0.5667775273323059,1.0,0.44140828617182853,True
2023-02-14,0.5534720420837402,0.5534720420837402,1.0,0.0,True
2023-02-15,0.540488064289093,0.540488064289093,1.0,0.0,True
2023-02-16,0.5856061577796936,0.5856061577796936,1.0,0.4270578230224837,True
2023-02-17,0.5919369459152222,0.5919369459152222,1.0,0.4270578230224837,True
2023-02-21,0.5921489596366882,0.5921489596366882,1.0,0.4270578230224837,True
2023-02-22,0.6430769562721252,0.6430769562721252,1.0,0.4270578230224837,True
2023-02-23,0.5648974776268005,0.5648974776268005,1.0,0.4270578230224837,True
2023-02-24,0.5640968084335327,0.5640968084335327,0.0,0.4270578230224837,True
2023-02-27,0.5418205857276917,0.5418205857276917,0.0,0.0,True
2023-02-28,0.5661442279815674,0.5661442279815674,0.0,0.4437619576860415,True
2023-03-01,0.5627477169036865,0.5627477169036865,0.0,0.4437619576860415,True
2023-03-02,0.498969703912735,0.498969703912735,0.0,0.0,True
2023-03-03,0.4661494493484497,0.4661494493484497,1.0,0.0,True
2023-03-06,0.4859016537666321,0.4859016537666321,0.0,0.0,True
2023-03-07,0.5137939453125,0.5137939453125,0.0,0.0,True
2023-03-08,0.5177352428436279,0.5177352428436279,0.0,0.0,True
2023-03-09,0.5905352234840393,0.5905352234840393,0.0,0.6400390672043124,True
2023-03-10,0.6059114933013916,0.6059114933013916,0.0,0.6400390672043124,True
2023-03-13,0.5207637548446655,0.5207637548446655,0.0,0.0,True
2023-03-14,0.5166131854057312,0.5166131854057312,1.0,0.0,True
2023-03-15,0.5338418483734131,0.5338418483734131,1.0,0.0,True
2023-03-16,0.6429527997970581,0.6429527997970581,1.0,0.5143627973626634,True
2023-03-17,0.5503919720649719,0.5503919720649719,0.0,0.0,True
2023-03-20,0.5833931565284729,0.5833931565284729,0.0,0.5255969541139407,True
2023-03-21,0.5757779479026794,0.5757779479026794,0.0,0.5255969541139407,True
2023-03-22,0.5780307054519653,0.5780307054519653,0.0,0.5255969541139407,True
2023-03-23,0.5707312822341919,0.5707312822341919,0.0,0.5255969541139407,True
2023-03-24,0.5599746704101562,0.5599746704101562,0.0,0.0,True
2023-03-27,0.574796199798584,0.574796199798584,0.0,0.558223308771184,True
2023-03-28,0.5963262915611267,0.5963262915611267,0.0,0.558223308771184,True
2023-03-29,0.5263878703117371,0.5263878703117371,0.0,0.0,True
2023-03-30,0.5442408323287964,0.5442408323287964,0.0,0.0,True
2023-03-31,0.5261284708976746,0.5261284708976746,0.0,0.0,True
2023-04-03,0.5657984614372253,0.5657984614372253,0.0,0.5697446585725305,True
2023-04-04,0.5519582629203796,0.5519582629203796,0.0,0.0,True
2023-04-05,0.6401108503341675,0.6401108503341675,0.0,0.5721598872674155,True
2023-04-06,0.5375221967697144,0.5375221967697144,1.0,0.0,True
2023-04-10,0.55988609790802,0.55988609790802,1.0,0.0,True
2023-04-11,0.5960800051689148,0.5960800051689148,0.0,0.5424594695693559,True
2023-04-12,0.5871341228485107,0.5871341228485107,0.0,0.5424594695693559,True
2023-04-13,0.5753178596496582,0.5753178596496582,0.0,0.5424594695693559,True
2023-04-14,0.6017688512802124,0.6017688512802124,0.0,0.5424594695693559,True
2023-04-17,0.5886468887329102,0.5886468887329102,0.0,0.5424594695693559,True
2023-04-18,0.5921309590339661,0.5921309590339661,0.0,0.6992637511532637,True
2023-04-19,0.5944793820381165,0.5944793820381165,0.0,0.6992637511532637,True
2023-04-20,0.6205393075942993,0.6205393075942993,0.0,0.6992637511532637,True
2023-04-21,0.6184852123260498,0.6184852123260498,0.0,0.6992637511532637,True
2023-04-24,0.6064625978469849,0.6064625978469849,0.0,0.6992637511532637,True
2023-04-25,0.5650510787963867,0.5650510787963867,0.0,0.6992637511532637,True
2023-04-26,0.5703402757644653,0.5703402757644653,1.0,0.4446288302574811,True
2023-04-27,0.5875775814056396,0.5875775814056396,1.0,0.4446288302574811,True
2023-04-28,0.5759182572364807,0.5759182572364807,1.0,0.4446288302574811,True
2023-05-01,0.6289964318275452,0.6289964318275452,1.0,0.4446288302574811,True
2023-05-02,0.5166530013084412,0.5166530013084412,1.0,0.0,True
2023-05-03,0.5069361329078674,0.5069361329078674,1.0,0.0,True
2023-05-04,0.49395379424095154,0.49395379424095154,1.0,0.0,True
2023-05-05,0.5424747467041016,0.5424747467041016,1.0,0.0,True
2023-05-08,0.543025016784668,0.543025016784668,1.0,0.0,True
2023-05-09,0.5747310519218445,0.5747310519218445,0.0,0.46303473155486646,True
2023-05-10,0.5213546752929688,0.5213546752929688,1.0,0.0,True
2023-05-11,0.5172322988510132,0.5172322988510132,1.0,0.0,True
2023-05-12,0.614389955997467,0.614389955997467,0.0,0.4709247983388435,True
2023-05-15,0.6330406069755554,0.6330406069755554,0.0,0.4709247983388435,True
2023-05-16,0.5715466737747192,0.5715466737747192,0.0,0.4709247983388435,True
2023-05-17,0.5773289203643799,0.5773289203643799,0.0,0.4709247983388435,True
2023-05-18,0.5200496315956116,0.5200496315956116,1.0,0.0,True
2023-05-19,0.506938099861145,0.506938099861145,1.0,0.0,True
2023-05-22,0.4194008409976959,0.4194008409976959,1.0,0.0,True
2023-05-23,0.6253594160079956,0.6253594160079956,1.0,0.4960850546106736,True
2023-05-24,0.6151880025863647,0.6151880025863647,0.0,0.8311369439390007,True
2023-05-25,0.6541092395782471,0.6541092395782471,0.0,0.8311369439390007,True
2023-05-26,0.6323193907737732,0.6323193907737732,0.0,0.8311369439390007,True
2023-05-30,0.6153975129127502,0.6153975129127502,0.0,0.8311369439390007,True
2023-05-31,0.6151076555252075,0.6151076555252075,0.0,0.7187980803787366,True
2023-06-01,0.5474375486373901,0.5474375486373901,0.0,0.0,True
2023-06-02,0.49810877442359924,0.49810877442359924,0.0,0.0,True
2023-06-05,0.5341557860374451,0.5341557860374451,0.0,0.0,True
2023-06-06,0.6029395461082458,0.6029395461082458,0.0,0.7320640772350665,True
2023-06-07,0.60920649766922,0.60920649766922,0.0,0.6305941633313724,True
2023-06-08,0.5977650284767151,0.5977650284767151,0.0,0.6305941633313724,True
2023-06-09,0.5782977342605591,0.5782977342605591,0.0,0.6305941633313724,True
2023-06-12,0.5942809581756592,0.5942809581756592,0.0,0.6305941633313724,True
2023-06-13,0.5713728070259094,0.5713728070259094,0.0,0.6305941633313724,True
2023-06-14,0.5354903340339661,0.5354903340339661,0.0,0.0,True
2023-06-15,0.5115913152694702,0.5115913152694702,0.0,0.0,True
2023-06-16,0.5725156664848328,0.5725156664848328,0.0,0.5736679685056034,True
2023-06-20,0.551528811454773,0.551528811454773,0.0,0.0,True
2023-06-21,0.586918830871582,0.586918830871582,0.0,0.5501636737782006,True
2023-06-22,0.529827356338501,0.529827356338501,0.0,0.0,True
2023-06-23,0.5947229862213135,0.5947229862213135,0.0,0.5491379609667159,True
2023-06-26,0.5760681629180908,0.5760681629180908,0.0,0.5491379609667159,True
2023-06-27,0.606264054775238,0.606264054775238,0.0,0.5491379609667159,True
2023-06-28,0.5893697142601013,0.5893697142601013,0.0,0.5491379609667159,True
2023-06-29,0.6062795519828796,0.6062795519828796,0.0,0.5491379609667159,True
2023-06-30,0.5072231888771057,0.5072231888771057,0.0,0.0,True
2023-07-03,0.5051275491714478,0.5051275491714478,0.0,0.0,True
2023-07-05,0.6740688681602478,0.6740688681602478,0.0,0.605638750659397,True
2023-07-06,0.6312535405158997,0.6312535405158997,0.0,0.605638750659397,True
2023-07-07,0.5226308107376099,0.5226308107376099,0.0,0.0,True
2023-07-10,0.6035805940628052,0.6035805940628052,0.0,0.6468685116101384,True
2023-07-11,0.5793975591659546,0.5793975591659546,0.0,0.6468685116101384,True
2023-07-12,0.5011136531829834,0.5011136531829834,0.0,0.0,True
2023-07-13,0.5480676889419556,0.5480676889419556,0.0,0.0,True
2023-07-14,0.5844677686691284,0.5844677686691284,0.0,0.6376382939788634,True
2023-07-17,0.5996056795120239,0.5996056795120239,0.0,0.6376382939788634,True
2023-07-18,0.6048855781555176,0.6048855781555176,0.0,0.6376382939788634,True
2023-07-19,0.5834429860115051,0.5834429860115051,0.0,0.6376382939788634,True
2023-07-20,0.5801173448562622,0.5801173448562622,0.0,0.6376382939788634,True
2023-07-21,0.5291863083839417,0.5291863083839417,0.0,0.0,True
2023-07-24,0.5413601398468018,0.5413601398468018,0.0,0.0,True
2023-07-25,0.49360421299934387,0.49360421299934387,0.0,0.0,True
2023-07-26,0.5658372044563293,0.5658372044563293,0.0,0.5596572830100597,True
2023-07-27,0.5604002475738525,0.5604002475738525,0.0,0.5596572830100597,True
2023-07-28,0.47865843772888184,0.47865843772888184,0.0,0.0,True
2023-07-31,0.5241818428039551,0.5241818428039551,0.0,0.0,True
2023-08-01,0.5670982599258423,0.5670982599258423,0.0,0.5272123541656346,True
2023-08-02,0.6016741991043091,0.6016741991043091,0.0,0.5272123541656346,True
2023-08-03,0.5790500640869141,0.5790500640869141,0.0,0.5272123541656346,True
2023-08-04,0.587369441986084,0.587369441986084,0.0,0.5272123541656346,True
2023-08-07,0.5700792670249939,0.5700792670249939,0.0,0.5272123541656346,True
2023-08-08,0.5823504328727722,0.5823504328727722,0.0,0.5272123541656346,True
2023-08-09,0.5908447504043579,0.5908447504043579,0.0,0.5272123541656346,True
2023-08-10,0.5863300561904907,0.5863300561904907,0.0,0.5272123541656346,True
2023-08-11,0.613580048084259,0.613580048084259,0.0,0.5272123541656346,True
2023-08-14,0.5915530323982239,0.5915530323982239,0.0,0.5272123541656346,True
2023-08-15,0.6268845796585083,0.6268845796585083,0.0,0.6394900640826459,True
2023-08-16,0.56997150182724,0.56997150182724,0.0,0.6394900640826459,True
2023-08-17,0.6043756604194641,0.6043756604194641,0.0,0.6394900640826459,True
2023-08-18,0.6034587025642395,0.6034587025642395,0.0,0.6394900640826459,True
2023-08-21,0.5859119296073914,0.5859119296073914,0.0,0.6394900640826459,True
2023-08-22,0.6163246035575867,0.6163246035575867,0.0,0.6394900640826459,True
2023-08-23,0.520070493221283,0.520070493221283,0.0,0.0,True
2023-08-24,0.5738897323608398,0.5738897323608398,0.0,0.7713537432007536,True
2023-08-25,0.601983368396759,0.601983368396759,0.0,0.7713537432007536,True
2023-08-28,0.5894117951393127,0.5894117951393127,0.0,0.7713537432007536,True
2023-08-29,0.5241734385490417,0.5241734385490417,0.0,0.0,True
2023-08-30,0.5419356822967529,0.5419356822967529,0.0,0.0,True
2023-08-31,0.6044305562973022,0.6044305562973022,0.0,0.9393680999126259,True
2023-09-01,0.6086745858192444,0.6086745858192444,0.0,0.9393680999126259,True
2023-09-05,0.5444695949554443,0.5444695949554443,0.0,0.0,True
2023-09-06,0.5690199136734009,0.5690199136734009,0.0,0.9410572522408165,True
2023-09-07,0.5957287549972534,0.5957287549972534,0.0,0.9410572522408165,True
2023-09-08,0.5681554079055786,0.5681554079055786,0.0,0.9410572522408165,True
2023-09-11,0.5657638907432556,0.5657638907432556,0.0,0.9410572522408165,True
2023-09-12,0.5837097764015198,0.5837097764015198,0.0,0.9410572522408165,True
2023-09-13,0.5552888512611389,0.5552888512611389,0.0,0.0,True
2023-09-14,0.5510591268539429,0.5510591268539429,0.0,0.0,True
2023-09-15,0.5513584613800049,0.5513584613800049,0.0,0.0,True
2023-09-18,0.5718072652816772,0.5718072652816772,0.0,0.7522055628190115,True
2023-09-19,0.5874439477920532,0.5874439477920532,0.0,0.7522055628190115,True
2023-09-20,0.5681586265563965,0.5681586265563965,0.0,0.7522055628190115,True
2023-09-21,0.568226158618927,0.568226158618927,0.0,0.7522055628190115,True
2023-09-22,0.5706269145011902,0.5706269145011902,0.0,0.7522055628190115,True
2023-09-25,0.6461790204048157,0.6461790204048157,0.0,0.7522055628190115,True
2023-09-26,0.6413083076477051,0.6413083076477051,0.0,0.7522055628190115,True
2023-09-27,0.6182935237884521,0.6182935237884521,0.0,0.7522055628190115,True
2023-09-28,0.581490159034729,0.581490159034729,0.0,0.7522055628190115,True
2023-09-29,0.5177348256111145,0.5177348256111145,0.0,0.0,True
2023-10-02,0.5224466323852539,0.5224466323852539,0.0,0.0,True
2023-10-03,0.5394300222396851,0.5394300222396851,0.0,0.0,True
2023-10-04,0.5401760339736938,0.5401760339736938,0.0,0.0,True
2023-10-05,0.5375829935073853,0.5375829935073853,0.0,0.0,True
2023-10-06,0.46495816111564636,0.46495816111564636,0.0,0.0,True
2023-10-09,0.4953007698059082,0.4953007698059082,0.0,0.0,True
2023-10-10,0.47863584756851196,0.47863584756851196,0.0,0.0,True
2023-10-11,0.45847946405410767,0.45847946405410767,0.0,0.0,True
2023-10-12,0.4079495966434479,0.4079495966434479,0.0,0.0,True
2023-10-13,0.5575792789459229,0.5575792789459229,0.0,0.0,True
2023-10-16,0.5180131196975708,0.5180131196975708,0.0,0.0,True
2023-10-17,0.553598940372467,0.553598940372467,0.0,0.0,True
2023-10-18,0.5802691578865051,0.5802691578865051,0.0,0.7552350053298758,True
2023-10-19,0.5795450806617737,0.5795450806617737,0.0,0.7552350053298758,True
2023-10-20,0.5982303619384766,0.5982303619384766,0.0,0.7552350053298758,True
2023-10-23,0.6047512292861938,0.6047512292861938,0.0,0.7552350053298758,True
2023-10-24,0.5963560938835144,0.5963560938835144,0.0,0.7552350053298758,True
2023-10-25,0.4814184606075287,0.4814184606075287,0.0,0.0,True
2023-10-26,0.5523214936256409,0.5523214936256409,0.0,0.0,True
2023-10-27,0.5608145594596863,0.5608145594596863,0.0,0.5734111134780584,True
2023-10-30,0.528599202632904,0.528599202632904,0.0,0.0,True
2023-10-31,0.5127725005149841,0.5127725005149841,0.0,0.0,True
2023-11-01,0.6187648773193359,0.6187648773193359,0.0,0.6057090567871937,True
2023-11-02,0.6348100304603577,0.6348100304603577,0.0,0.6057090567871937,True
2023-11-03,0.622421383857727,0.622421383857727,0.0,0.6057090567871937,True
2023-11-06,0.6267741918563843,0.6267741918563843,0.0,0.6057090567871937,True
2023-11-07,0.5606614947319031,0.5606614947319031,0.0,0.6057090567871937,True
2023-11-08,0.43370914459228516,0.43370914459228516,0.0,0.0,True
2023-11-09,0.5800437927246094,0.5800437927246094,0.0,0.6294492652185015,True
2023-11-10,0.47001487016677856,0.47001487016677856,0.0,0.0,True
2023-11-13,0.5792377591133118,0.5792377591133118,0.0,0.612570242488863,True
2023-11-14,0.5414415001869202,0.5414415001869202,0.0,0.0,True
2023-11-15,0.5277484059333801,0.5277484059333801,0.0,0.0,True
2023-11-16,0.47357162833213806,0.47357162833213806,0.0,0.0,True
2023-11-17,0.5714210867881775,0.5714210867881775,0.0,0.6053741110245435,True
2023-11-20,0.5065240263938904,0.5065240263938904,0.0,0.0,True
2023-11-21,0.5762704610824585,0.5762704610824585,0.0,0.5744316421564176,True
2023-11-22,0.5665245056152344,0.5665245056152344,0.0,0.5744316421564176,True
2023-11-24,0.49581125378608704,0.49581125378608704,0.0,0.0,True
2023-11-27,0.5177682042121887,0.5177682042121887,0.0,0.0,True
2023-11-28,0.49580833315849304,0.49580833315849304,0.0,0.0,True
2023-11-29,0.5132562518119812,0.5132562518119812,0.0,0.0,True
2023-11-30,0.5846555233001709,0.5846555233001709,0.0,0.836200032994973,True
2023-12-01,0.6591963171958923,0.6591963171958923,0.0,0.836200032994973,True
2023-12-04,0.6743168234825134,0.6743168234825134,0.0,0.836200032994973,True
2023-12-05,0.6538901925086975,0.6538901925086975,0.0,0.836200032994973,True
2023-12-06,0.6056406497955322,0.6056406497955322,0.0,0.836200032994973,True
2023-12-07,0.5702704191207886,0.5702704191207886,0.0,0.836200032994973,True
2023-12-08,0.5705893039703369,0.5705893039703369,0.0,0.836200032994973,True
2023-12-11,0.5709744095802307,0.5709744095802307,0.0,0.836200032994973,True
2023-12-12,0.5999358296394348,0.5999358296394348,0.0,0.836200032994973,True
2023-12-13,0.6144775748252869,0.6144775748252869,0.0,0.836200032994973,True
2023-12-14,0.5236963033676147,0.5236963033676147,0.0,0.0,True
2023-12-15,0.5041647553443909,0.5041647553443909,0.0,0.0,True
2023-12-18,0.5839948058128357,0.5839948058128357,0.0,0.8376254728430657,True
2023-12-19,0.563886821269989,0.563886821269989,0.0,0.8376254728430657,True
2023-12-20,0.5525593161582947,0.5525593161582947,0.0,0.0,True
2023-12-21,0.5987295508384705,0.5987295508384705,0.0,0.9677006556012859,True
2023-12-22,0.6263736486434937,0.6263736486434937,0.0,0.9677006556012859,True
2023-12-26,0.5899699926376343,0.5899699926376343,0.0,0.9677006556012859,True
2023-12-27,0.5745987892150879,0.5745987892150879,0.0,0.9677006556012859,True
2023-12-28,0.574400007724762,0.574400007724762,0.0,0.9677006556012859,True
2023-12-29,0.5922045111656189,0.5922045111656189,0.0,0.9677006556012859,True
2024-01-02,0.595736026763916,0.595736026763916,0.0,0.9677006556012859,True
2024-01-03,0.6019752025604248,0.6019752025604248,0.0,0.9677006556012859,True
2024-01-04,0.5638911128044128,0.5638911128044128,0.0,0.9677006556012859,True
2024-01-05,0.5813625454902649,0.5813625454902649,0.0,0.9677006556012859,True
2024-01-08,0.5598246455192566,0.5598246455192566,0.0,0.0,True
2024-01-09,0.597847044467926,0.597847044467926,0.0,1.0,True
2024-01-10,0.5718088150024414,0.5718088150024414,0.0,1.0,True
2024-01-11,0.5848219990730286,0.5848219990730286,0.0,1.0,True
2024-01-12,0.6603794097900391,0.6603794097900391,0.0,1.0,True
2024-01-16,0.5916576981544495,0.5916576981544495,0.0,1.0,True
2024-01-17,0.552925705909729,0.552925705909729,0.0,0.0,True
2024-01-18,0.6040347218513489,0.6040347218513489,0.0,1.0,True
2024-01-19,0.5393351316452026,0.5393351316452026,0.0,0.0,True
2024-01-22,0.5900011658668518,0.5900011658668518,0.0,1.0,True
2024-01-23,0.5705846548080444,0.5705846548080444,0.0,1.0,True
2024-01-24,0.5396896600723267,0.5396896600723267,0.0,0.0,True
2024-01-25,0.5134586095809937,0.5134586095809937,0.0,0.0,True
2024-01-26,0.5812360048294067,0.5812360048294067,0.0,1.0,True
2024-01-29,0.46211037039756775,0.46211037039756775,0.0,0.0,True
2024-01-30,0.5025784373283386,0.5025784373283386,0.0,0.0,True
2024-01-31,0.545367956161499,0.545367956161499,0.0,0.0,True
2024-02-01,0.5735034942626953,0.5735034942626953,0.0,0.8824413596973204,True
2024-02-02,0.6326189041137695,0.6326189041137695,0.0,0.8824413596973204,True
2024-02-05,0.6598833203315735,0.6598833203315735,0.0,0.8824413596973204,True
2024-02-06,0.7108015418052673,0.7108015418052673,0.0,0.8824413596973204,True
2024-02-07,0.511371910572052,0.511371910572052,0.0,0.0,True
2024-02-08,0.5764626264572144,0.5764626264572144,0.0,0.833169518564565,True
2024-02-09,0.5318076014518738,0.5318076014518738,0.0,0.0,True
2024-02-12,0.5668789148330688,0.5668789148330688,0.0,0.7771804682559074,True
2024-02-13,0.5960848331451416,0.5960848331451416,0.0,0.7771804682559074,True
2024-02-14,0.6006777286529541,0.6006777286529541,0.0,0.7771804682559074,True
2024-02-15,0.6108856797218323,0.6108856797218323,0.0,0.7771804682559074,True
2024-02-16,0.5463268160820007,0.5463268160820007,0.0,0.0,True
2024-02-20,0.574148416519165,0.574148416519165,0.0,0.7119002868912944,True
2024-02-21,0.5755626559257507,0.5755626559257507,0.0,0.7119002868912944,True
2024-02-22,0.5589028596878052,0.5589028596878052,0.0,0.0,True
2024-02-23,0.5873016119003296,0.5873016119003296,0.0,0.6712918197510738,True
2024-02-26,0.5480343699455261,0.5480343699455261,0.0,0.0,True
2024-02-27,0.5436383485794067,0.5436383485794067,0.0,0.0,True
2024-02-28,0.5789778232574463,0.5789778232574463,0.0,0.6857371156287222,True
2024-02-29,0.5858611464500427,0.5858611464500427,0.0,0.6857371156287222,True
2024-03-01,0.6088646054267883,0.6088646054267883,0.0,0.6857371156287222,True
2024-03-04,0.6359231472015381,0.6359231472015381,0.0,0.8197229508577646,True
2024-03-05,0.5981470346450806,0.5981470346450806,0.0,0.8197229508577646,True
2024-03-06,0.561438798904419,0.561438798904419,0.0,0.8197229508577646,True
2024-03-07,0.5160434246063232,0.5160434246063232,0.0,0.0,True
2024-03-08,0.5431631803512573,0.5431631803512573,0.0,0.0,True
2024-03-11,0.5646059513092041,0.5646059513092041,0.0,0.7715287235483027,True
2024-03-12,0.4893823266029358,0.4893823266029358,0.0,0.0,True
2024-03-13,0.5149139761924744,0.5149139761924744,0.0,0.0,True
2024-03-14,0.6163708567619324,0.6163708567619324,0.0,0.7040588035724852,True
2024-03-15,0.5522425770759583,0.5522425770759583,0.0,0.0,True
2024-03-18,0.5563650727272034,0.5563650727272034,0.0,0.0,True
2024-03-19,0.5485875010490417,0.5485875010490417,0.0,0.0,True
2024-03-20,0.5915776491165161,0.5915776491165161,0.0,0.6643683653508672,True
2024-03-21,0.598844587802887,0.598844587802887,0.0,0.6643683653508672,True
2024-03-22,0.6316839456558228,0.6316839456558228,0.0,0.6643683653508672,True
2024-03-25,0.598031222820282,0.598031222820282,0.0,0.6643683653508672,True
2024-03-26,0.6080890893936157,0.6080890893936157,0.0,0.6643683653508672,True
2024-03-27,0.6173424124717712,0.6173424124717712,0.0,0.6643683653508672,True
2024-03-28,0.6275902390480042,0.6275902390480042,0.0,0.6643683653508672,True
2024-04-01,0.6189069747924805,0.6189069747924805,0.0,0.6643683653508672,True
2024-04-02,0.6383489966392517,0.6383489966392517,0.0,0.6643683653508672,True
2024-04-03,0.6585248708724976,0.6585248708724976,0.0,0.802913606693624,True
2024-04-04,0.627804696559906,0.627804696559906,0.0,0.802913606693624,True
2024-04-05,0.5584787130355835,0.5584787130355835,0.0,0.0,True
2024-04-08,0.6281756162643433,0.6281756162643433,0.0,0.8011344282910744,True
2024-04-09,0.5713965892791748,0.5713965892791748,0.0,0.8011344282910744,True
2024-04-10,0.601478636264801,0.601478636264801,0.0,0.9057275199018502,True
2024-04-11,0.5445217490196228,0.5445217490196228,0.0,0.0,True
2024-04-12,0.6242367029190063,0.6242367029190063,0.0,0.9677322899970825,True
2024-04-15,0.590888261795044,0.590888261795044,0.0,0.9677322899970825,True
2024-04-16,0.6160134673118591,0.6160134673118591,0.0,0.9677322899970825,True
2024-04-17,0.5989174842834473,0.5989174842834473,0.0,0.9677322899970825,True
2024-04-18,0.6081038117408752,0.6081038117408752,0.0,0.9677322899970825,True
2024-04-19,0.6332735419273376,0.6332735419273376,0.0,0.9677322899970825,True
2024-04-22,0.5735000967979431,0.5735000967979431,0.0,0.9677322899970825,True
2024-04-23,0.5244165062904358,0.5244165062904358,0.0,0.0,True
2024-04-24,0.5693577527999878,0.5693577527999878,0.0,0.897638268154671,True
2024-04-25,0.5469715595245361,0.5469715595245361,0.0,0.0,True
2024-04-26,0.48831868171691895,0.48831868171691895,0.0,0.0,True
2024-04-29,0.49825426936149597,0.49825426936149597,0.0,0.0,True
2024-04-30,0.5995761156082153,0.5995761156082153,0.0,0.6704671653761174,True
2024-05-01,0.5722547173500061,0.5722547173500061,0.0,0.6704671653761174,True
2024-05-02,0.5344687700271606,0.5344687700271606,0.0,0.0,True
2024-05-03,0.5424808263778687,0.5424808263778687,0.0,0.0,True
2024-05-06,0.49488258361816406,0.49488258361816406,0.0,0.0,True
2024-05-07,0.5580374598503113,0.5580374598503113,0.0,0.0,True
2024-05-08,0.5598847270011902,0.5598847270011902,0.0,0.0,True
2024-05-09,0.4939253032207489,0.4939253032207489,0.0,0.0,True
2024-05-10,0.5357755422592163,0.5357755422592163,0.0,0.0,True
2024-05-13,0.5668976306915283,0.5668976306915283,0.0,0.6408796463050649,True
2024-05-14,0.6488039493560791,0.6488039493560791,0.0,0.6408796463050649,True
2024-05-15,0.5129775404930115,0.5129775404930115,0.0,0.0,True
2024-05-16,0.5298852324485779,0.5298852324485779,0.0,0.0,True
2024-05-17,0.542216956615448,0.542216956615448,0.0,0.0,True
2024-05-20,0.5067265033721924,0.5067265033721924,0.0,0.0,True
2024-05-21,0.5071336627006531,0.5071336627006531,0.0,0.0,True
2024-05-22,0.5477617979049683,0.5477617979049683,0.0,0.0,True
2024-05-23,0.5418235063552856,0.5418235063552856,0.0,0.0,True
2024-05-24,0.551098108291626,0.551098108291626,0.0,0.0,True
2024-05-28,0.5986126661300659,0.5986126661300659,0.0,0.7881867122580861,True
2024-05-29,0.5862948298454285,0.5862948298454285,0.0,1.0,True
2024-05-30,0.5475866198539734,0.5475866198539734,0.0,0.0,True
2024-05-31,0.517131507396698,0.517131507396698,0.0,0.0,True
2024-06-03,0.5791195631027222,0.5791195631027222,0.0,0.8511311519535594,True
2024-06-04,0.5772056579589844,0.5772056579589844,0.0,0.8511311519535594,True
2024-06-05,0.5863940119743347,0.5863940119743347,0.0,0.8511311519535594,True
2024-06-06,0.6092681288719177,0.6092681288719177,0.0,0.8511311519535594,True
2024-06-07,0.6309448480606079,0.6309448480606079,0.0,0.8511311519535594,True
2024-06-10,0.5677605271339417,0.5677605271339417,0.0,0.8511311519535594,True
2024-06-11,0.5475337505340576,0.5475337505340576,0.0,0.0,True
2024-06-12,0.5466931462287903,0.5466931462287903,0.0,0.0,True
2024-06-13,0.5594606399536133,0.5594606399536133,0.0,0.0,True
2024-06-14,0.5491523742675781,0.5491523742675781,0.0,0.0,True
2024-06-17,0.5021518468856812,0.5021518468856812,0.0,0.0,True
2024-06-18,0.5602384805679321,0.5602384805679321,0.0,0.8324495347953509,True
2024-06-20,0.5849653482437134,0.5849653482437134,0.0,0.8324495347953509,True
2024-06-21,0.5794447064399719,0.5794447064399719,0.0,0.8324495347953509,True
2024-06-24,0.5732041001319885,0.5732041001319885,0.0,0.8324495347953509,True
2024-06-25,0.5991958975791931,0.5991958975791931,0.0,0.8324495347953509,True
2024-06-26,0.5889906883239746,0.5889906883239746,0.0,0.8324495347953509,True
2024-06-27,0.6106694936752319,0.6106694936752319,0.0,0.8324495347953509,True
2024-06-28,0.5871497392654419,0.5871497392654419,0.0,1.0,True
2024-07-01,0.5341054201126099,0.5341054201126099,0.0,0.0,True
2024-07-02,0.5182812213897705,0.5182812213897705,0.0,0.0,True
2024-07-03,0.5577632188796997,0.5577632188796997,0.0,0.0,True
2024-07-05,0.4835551381111145,0.4835551381111145,0.0,0.0,True
2024-07-08,0.5426909923553467,0.5426909923553467,0.0,0.0,True
2024-07-09,0.6145130395889282,0.6145130395889282,0.0,0.9851881694352392,True
2024-07-10,0.5512527227401733,0.5512527227401733,0.0,0.0,True
2024-07-11,0.6268706917762756,0.6268706917762756,0.0,0.813469480988971,True
2024-07-12,0.6123320460319519,0.6123320460319519,0.0,0.813469480988971,True
2024-07-15,0.5837966203689575,0.5837966203689575,0.0,0.813469480988971,True
2024-07-16,0.556307852268219,0.556307852268219,0.0,0.0,True
2024-07-17,0.5639032125473022,0.5639032125473022,0.0,0.8378345986914225,True
2024-07-18,0.598048985004425,0.598048985004425,0.0,0.8378345986914225,True
2024-07-19,0.6250469088554382,0.6250469088554382,0.0,0.8378345986914225,True
2024-07-22,0.5331401228904724,0.5331401228904724,0.0,0.0,True
2024-07-23,0.5455415844917297,0.5455415844917297,0.0,0.0,True
2024-07-24,0.5990256071090698,0.5990256071090698,0.0,0.6761691367052873,True
2024-07-25,0.5652925372123718,0.5652925372123718,0.0,0.6761691367052873,True
2024-07-26,0.48186373710632324,0.48186373710632324,0.0,0.0,True
2024-07-29,0.5117931962013245,0.5117931962013245,0.0,0.0,True
2024-07-30,0.5683115720748901,0.5683115720748901,0.0,0.66388136024547,True
2024-07-31,0.5955849289894104,0.5955849289894104,0.0,0.66388136024547,True
2024-08-01,0.584202229976654,0.584202229976654,0.0,0.66388136024547,True
2024-08-02,0.68672114610672,0.68672114610672,0.0,0.66388136024547,True
2024-08-05,0.674432635307312,0.674432635307312,1.0,0.66388136024547,True
2024-08-06,0.5506927371025085,0.5506927371025085,1.0,0.0,True
2024-08-07,0.5780832171440125,0.5780832171440125,1.0,0.6509634001067696,True
2024-08-08,0.558569610118866,0.558569610118866,0.0,0.0,True
2024-08-09,0.5572969317436218,0.5572969317436218,0.0,0.0,True
2024-08-12,0.5264374017715454,0.5264374017715454,0.0,0.0,True
2024-08-13,0.5792994499206543,0.5792994499206543,0.0,0.6031833393727969,True
2024-08-14,0.5730019807815552,0.5730019807815552,0.0,0.6031833393727969,True
2024-08-15,0.541323184967041,0.541323184967041,0.0,0.0,True
2024-08-16,0.5558009743690491,0.5558009743690491,0.0,0.0,True
2024-08-19,0.5063106417655945,0.5063106417655945,0.0,0.0,True
2024-08-20,0.47078800201416016,0.47078800201416016,0.0,0.0,True
2024-08-21,0.5550308227539062,0.5550308227539062,0.0,0.0,True
2024-08-22,0.6220405101776123,0.6220405101776123,0.0,0.7099341111463647,True
2024-08-23,0.6379172801971436,0.6379172801971436,0.0,0.7099341111463647,True
2024-08-26,0.6803227663040161,0.6803227663040161,0.0,0.7099341111463647,True
2024-08-27,0.7116252183914185,0.7116252183914185,0.0,0.7099341111463647,True
2024-08-28,0.6511617302894592,0.6511617302894592,0.0,0.7099341111463647,True
2024-08-29,0.6345197558403015,0.6345197558403015,0.0,0.7099341111463647,True
2024-08-30,0.7090586423873901,0.7090586423873901,0.0,0.7099341111463647,True
2024-09-03,0.6640344262123108,0.6640344262123108,1.0,0.9400976195007475,True
2024-09-04,0.6610569953918457,0.6610569953918457,0.0,0.9400976195007475,True
2024-09-05,0.6286609768867493,0.6286609768867493,0.0,0.9400976195007475,True
2024-09-06,0.49970608949661255,0.49970608949661255,0.0,0.0,True
2024-09-09,0.6043224930763245,0.6043224930763245,0.0,0.910638570337572,True
2024-09-10,0.5785172581672668,0.5785172581672668,0.0,0.910638570337572,True
2024-09-11,0.5237913131713867,0.5237913131713867,0.0,0.0,True
2024-09-12,0.5071614384651184,0.5071614384651184,0.0,0.0,True
2024-09-13,0.49807941913604736,0.49807941913604736,0.0,0.0,True
2024-09-16,0.49761366844177246,0.49761366844177246,0.0,0.0,True
2024-09-17,0.4990452229976654,0.4990452229976654,0.0,0.0,True
2024-09-18,0.5297243595123291,0.5297243595123291,0.0,0.0,True
2024-09-19,0.5188998579978943,0.5188998579978943,0.0,0.0,True
2024-09-20,0.5051844120025635,0.5051844120025635,0.0,0.0,True
2024-09-23,0.4957551956176758,0.4957551956176758,0.0,0.0,True
2024-09-24,0.5670836567878723,0.5670836567878723,0.0,0.8115526203144576,True
2024-09-25,0.5968819856643677,0.5968819856643677,0.0,0.8115526203144576,True
2024-09-26,0.6457566022872925,0.6457566022872925,0.0,0.8115526203144576,True
2024-09-27,0.6371766924858093,0.6371766924858093,0.0,0.8115526203144576,True
2024-09-30,0.6457889080047607,0.6457889080047607,0.0,0.8115526203144576,True
2024-10-01,0.5884386897087097,0.5884386897087097,0.0,0.8115526203144576,True
2024-10-02,0.5998744964599609,0.5998744964599609,0.0,0.8115526203144576,True
2024-10-03,0.589830756187439,0.589830756187439,0.0,0.8115526203144576,True
2024-10-04,0.5888412594795227,0.5888412594795227,0.0,0.8115526203144576,True
2024-10-07,0.5884259939193726,0.5884259939193726,0.0,0.8115526203144576,True
2024-10-08,0.5122197270393372,0.5122197270393372,0.0,0.0,True
2024-10-09,0.49961555004119873,0.49961555004119873,0.0,0.0,True
2024-10-10,0.5222846269607544,0.5222846269607544,0.0,0.0,True
2024-10-11,0.5712392926216125,0.5712392926216125,0.0,0.9668645263669923,True
2024-10-14,0.5866156220436096,0.5866156220436096,0.0,0.9668645263669923,True
2024-10-15,0.5917834043502808,0.5917834043502808,0.0,0.9668645263669923,True
2024-10-16,0.6243640184402466,0.6243640184402466,0.0,0.9668645263669923,True
2024-10-17,0.6490271091461182,0.6490271091461182,0.0,0.9668645263669923,True
2024-10-18,0.6433743238449097,0.6433743238449097,0.0,0.9668645263669923,True
2024-10-21,0.6291564702987671,0.6291564702987671,0.0,0.9668645263669923,True
2024-10-22,0.514685332775116,0.514685332775116,0.0,0.0,True
2024-10-23,0.5541487336158752,0.5541487336158752,0.0,0.0,True
2024-10-24,0.5730237364768982,0.5730237364768982,0.0,0.9994809523062661,True
2024-10-25,0.5754774212837219,0.5754774212837219,0.0,0.9994809523062661,True
2024-10-28,0.5638175010681152,0.5638175010681152,0.0,0.9994809523062661,True
2024-10-29,0.5859482884407043,0.5859482884407043,0.0,0.9994809523062661,True
2024-10-30,0.5993019342422485,0.5993019342422485,0.0,0.9994809523062661,True
2024-10-31,0.4800562858581543,0.4800562858581543,0.0,0.0,True
2024-11-01,0.5459255576133728,0.5459255576133728,0.0,0.0,True
2024-11-04,0.5582090020179749,0.5582090020179749,0.0,0.0,True
2024-11-05,0.5405637621879578,0.5405637621879578,0.0,0.0,True
2024-11-06,0.5150842070579529,0.5150842070579529,0.0,0.0,True
2024-11-07,0.6118191480636597,0.6118191480636597,0.0,0.5694168663785946,True
2024-11-08,0.5710160732269287,0.5710160732269287,0.0,0.5694168663785946,True
2024-11-11,0.5798723101615906,0.5798723101615906,0.0,0.5694168663785946,True
2024-11-12,0.551688015460968,0.551688015460968,0.0,0.0,True
2024-11-13,0.57969069480896,0.57969069480896,0.0,0.5564304731242442,True
2024-11-14,0.5847584009170532,0.5847584009170532,0.0,0.5564304731242442,True
2024-11-15,0.6081196069717407,0.6081196069717407,0.0,0.5564304731242442,True
2024-11-18,0.5924066305160522,0.5924066305160522,0.0,0.5564304731242442,True
2024-11-19,0.597843587398529,0.597843587398529,0.0,0.5564304731242442,True
2024-11-20,0.5925275683403015,0.5925275683403015,0.0,0.5564304731242442,True
2024-11-21,0.5922052264213562,0.5922052264213562,0.0,0.5564304731242442,True
2024-11-22,0.5976291298866272,0.5976291298866272,0.0,0.5564304731242442,True
2024-11-25,0.6139851808547974,0.6139851808547974,0.0,0.5564304731242442,True
2024-11-26,0.5149674415588379,0.5149674415588379,0.0,0.0,True
2024-11-27,0.5560433268547058,0.5560433268547058,0.0,0.0,True
2024-11-29,0.5468381643295288,0.5468381643295288,0.0,0.0,True
2024-12-02,0.5142720937728882,0.5142720937728882,0.0,0.0,True
2024-12-03,0.5429480671882629,0.5429480671882629,0.0,0.0,True
2024-12-04,0.5339242219924927,0.5339242219924927,0.0,0.0,True
2024-12-05,0.6023629307746887,0.6023629307746887,0.0,0.8068631984925516,True
2024-12-06,0.6037039160728455,0.6037039160728455,0.0,0.8068631984925516,True
2024-12-09,0.611304521560669,0.611304521560669,0.0,0.8068631984925516,True
2024-12-10,0.6080831289291382,0.6080831289291382,0.0,0.8068631984925516,True
2024-12-11,0.6260223388671875,0.6260223388671875,0.0,0.8068631984925516,True
2024-12-12,0.6244350671768188,0.6244350671768188,0.0,0.8068631984925516,True
2024-12-13,0.6146334409713745,0.6146334409713745,0.0,0.8068631984925516,True
2024-12-16,0.6192339658737183,0.6192339658737183,0.0,1.0,True
2024-12-17,0.5871279239654541,0.5871279239654541,0.0,1.0,True
2024-12-18,0.5572972297668457,0.5572972297668457,0.0,0.0,True
2024-12-19,0.5683746337890625,0.5683746337890625,0.0,0.7417927546427323,True
2024-12-20,0.541617751121521,0.541617751121521,0.0,0.0,True
2024-12-23,0.5469369888305664,0.5469369888305664,0.0,0.0,True
2024-12-24,0.4653198719024658,0.4653198719024658,0.0,0.0,True
2024-12-26,0.5004296898841858,0.5004296898841858,0.0,0.0,True
2024-12-27,0.5503207445144653,0.5503207445144653,0.0,0.0,True
2024-12-30,0.5363033413887024,0.5363033413887024,0.0,0.0,True
2024-12-31,0.5745581984519958,0.5745581984519958,0.0,0.7815371296572903,True
2025-01-02,0.629259467124939,0.629259467124939,0.0,0.7815371296572903,True
2025-01-03,0.5484960675239563,0.5484960675239563,0.0,0.0,True
2025-01-06,0.5074055790901184,0.5074055790901184,0.0,0.0,True
2025-01-07,0.5011197924613953,0.5011197924613953,0.0,0.0,True
2025-01-08,0.5557070374488831,0.5557070374488831,0.0,0.0,True
2025-01-10,0.49809587001800537,0.49809587001800537,0.0,0.0,True
2025-01-13,0.5531443953514099,0.5531443953514099,0.0,0.0,True
2025-01-14,0.5922607183456421,0.5922607183456421,0.0,0.8070005923605089,True
2025-01-15,0.5615577697753906,0.5615577697753906,0.0,0.7039772635797333,True
2025-01-16,0.582960307598114,0.582960307598114,0.0,0.7039772635797333,True
2025-01-17,0.5410416722297668,0.5410416722297668,0.0,0.0,True
2025-01-21,0.5885507464408875,0.5885507464408875,0.0,0.9000229052585845,True
2025-01-22,0.5281046032905579,0.5281046032905579,0.0,0.0,True
2025-01-23,0.5030509829521179,0.5030509829521179,0.0,0.0,True
2025-01-24,0.5049165487289429,0.5049165487289429,0.0,0.0,True
2025-01-27,0.5217145681381226,0.5217145681381226,0.0,0.0,True
2025-01-28,0.5170918703079224,0.5170918703079224,0.0,0.0,True
2025-01-29,0.5381854772567749,0.5381854772567749,0.0,0.0,True
2025-01-30,0.5019821524620056,0.5019821524620056,1.0,0.0,True
2025-01-31,0.5244638919830322,0.5244638919830322,1.0,0.0,True
2025-02-03,0.5501985549926758,0.5501985549926758,1.0,0.0,True
2025-02-04,0.5505083203315735,0.5505083203315735,1.0,0.0,True
2025-02-05,0.545687735080719,0.545687735080719,0.0,0.0,True
2025-02-06,0.6817307472229004,0.6817307472229004,0.0,0.4562709913142359,True
2025-02-07,0.6183719038963318,0.6183719038963318,1.0,0.4562709913142359,True
2025-02-10,0.5682823061943054,0.5682823061943054,1.0,0.4562709913142359,True
2025-02-11,0.6154339909553528,0.6154339909553528,1.0,0.4562709913142359,True
2025-02-12,0.613639771938324,0.613639771938324,1.0,0.4562709913142359,True
2025-02-13,0.5993565320968628,0.5993565320968628,0.0,0.4562709913142359,True
2025-02-14,0.640882134437561,0.640882134437561,0.0,0.4562709913142359,True
2025-02-18,0.6696675419807434,0.6696675419807434,0.0,0.4562709913142359,True
2025-02-19,0.5851612687110901,0.5851612687110901,0.0,0.4562709913142359,True
2025-02-20,0.5911309123039246,0.5911309123039246,0.0,0.4562709913142359,True
2025-02-21,0.5833420753479004,0.5833420753479004,0.0,0.4562709913142359,True
2025-02-24,0.5972060561180115,0.5972060561180115,0.0,0.4562709913142359,True
2025-02-25,0.5937345027923584,0.5937345027923584,0.0,0.4562709913142359,True
2025-02-26,0.5497066378593445,0.5497066378593445,0.0,0.0,True
2025-02-27,0.6475198268890381,0.6475198268890381,0.0,0.5895404103355449,True
2025-02-28,0.5129395127296448,0.5129395127296448,0.0,0.0,True
2025-03-03,0.5992628931999207,0.5992628931999207,0.0,0.897462162555273,True
2025-03-04,0.5225424766540527,0.5225424766540527,0.0,0.0,True
2025-03-05,0.5938242077827454,0.5938242077827454,0.0,0.730040066251314,True
2025-03-06,0.5963290333747864,0.5963290333747864,0.0,0.730040066251314,True
2025-03-07,0.5701810717582703,0.5701810717582703,0.0,0.730040066251314,True
2025-03-10,0.5870230197906494,0.5870230197906494,0.0,0.730040066251314,True
2025-03-11,0.5414454340934753,0.5414454340934753,0.0,0.0,True
2025-03-12,0.6122071743011475,0.6122071743011475,0.0,0.6468057174934126,True
2025-03-13,0.6065007448196411,0.6065007448196411,0.0,0.6468057174934126,True
2025-03-14,0.6048957109451294,0.6048957109451294,0.0,0.6468057174934126,True
2025-03-17,0.6290411353111267,0.6290411353111267,0.0,0.6468057174934126,True
2025-03-18,0.5717114806175232,0.5717114806175232,0.0,0.6468057174934126,True
2025-03-19,0.6127050518989563,0.6127050518989563,0.0,0.6468057174934126,True
2025-03-20,0.6087493300437927,0.6087493300437927,0.0,0.6468057174934126,True
2025-03-21,0.6157573461532593,0.6157573461532593,0.0,0.6468057174934126,True
2025-03-24,0.5825459957122803,0.5825459957122803,0.0,0.6468057174934126,True
2025-03-25,0.5327994227409363,0.5327994227409363,0.0,0.0,True
2025-03-26,0.5704072713851929,0.5704072713851929,0.0,0.598488398526211,True
2025-03-27,0.6242674589157104,0.6242674589157104,0.0,0.598488398526211,True
2025-03-28,0.6023075580596924,0.6023075580596924,0.0,0.598488398526211,True
2025-03-31,0.5773453712463379,0.5773453712463379,0.0,0.598488398526211,True
2025-04-01,0.6076288819313049,0.6076288819313049,0.0,0.598488398526211,True
2025-04-02,0.6176692247390747,0.6176692247390747,0.0,0.598488398526211,True
2025-04-03,0.5903397798538208,0.5903397798538208,0.0,0.598488398526211,True
2025-04-04,0.6341642141342163,0.6341642141342163,1.0,0.598488398526211,True
2025-04-07,0.5675263404846191,0.5675263404846191,1.0,0.598488398526211,True
2025-04-08,0.608411431312561,0.608411431312561,1.0,0.598488398526211,True
2025-04-09,0.49296024441719055,0.49296024441719055,1.0,0.0,True
2025-04-10,0.359257310628891,0.359257310628891,1.0,0.0,True
2025-04-11,0.3924383223056793,0.3924383223056793,1.0,0.0,True
2025-04-14,0.3597044050693512,0.3597044050693512,1.0,0.0,True
2025-04-15,0.4898487627506256,0.4898487627506256,1.0,0.0,True
2025-04-16,0.5527379512786865,0.5527379512786865,1.0,0.0,True
2025-04-17,0.5510435104370117,0.5510435104370117,1.0,0.0,True
2025-04-21,0.633928656578064,0.633928656578064,1.0,0.3218538380535394,True
2025-04-22,0.6106417775154114,0.6106417775154114,1.0,0.3218538380535394,True
2025-04-23,0.5342616438865662,0.5342616438865662,1.0,0.0,True
2025-04-24,0.48955321311950684,0.48955321311950684,1.0,0.0,True
2025-04-25,0.4788934588432312,0.4788934588432312,1.0,0.0,True
2025-04-28,0.4217015504837036,0.4217015504837036,1.0,0.0,True
2025-04-29,0.40559542179107666,0.40559542179107666,1.0,0.0,True
2025-04-30,0.3760395050048828,0.3760395050048828,1.0,0.0,True
2025-05-01,0.5136117339134216,0.5136117339134216,1.0,0.0,True
2025-05-02,0.6054182648658752,0.6054182648658752,1.0,0.27867831092534406,True
2025-05-05,0.6778445243835449,0.6778445243835449,1.0,0.27867831092534406,True
2025-05-06,0.7067776918411255,0.7067776918411255,1.0,0.27867831092534406,True
2025-05-07,0.632270872592926,0.632270872592926,1.0,0.27867831092534406,True
2025-05-08,0.5295193195343018,0.5295193195343018,1.0,0.0,True
2025-05-09,0.5659826993942261,0.5659826993942261,1.0,0.4093324921864679,True
2025-05-12,0.4807608127593994,0.4807608127593994,1.0,0.0,True
2025-05-13,0.503441333770752,0.503441333770752,1.0,0.0,True
2025-05-14,0.41313818097114563,0.41313818097114563,1.0,0.0,True
2025-05-15,0.3630940914154053,0.3630940914154053,1.0,0.0,True
2025-05-16,0.344090074300766,0.344090074300766,1.0,0.0,True
2025-05-19,0.2829323410987854,0.2829323410987854,1.0,0.0,True
2025-05-20,0.243954136967659,0.243954136967659,1.0,0.0,True
2025-05-21,0.4610759913921356,0.4610759913921356,1.0,0.0,True
2025-05-22,0.4210342764854431,0.4210342764854431,1.0,0.0,True
2025-05-23,0.5773371458053589,0.5773371458053589,1.0,0.5070805277133315,True
2025-05-27,0.3924984037876129,0.3924984037876129,1.0,0.0,True
2025-05-28,0.4548511207103729,0.4548511207103729,1.0,0.0,True
2025-05-29,0.42533472180366516,0.42533472180366516,1.0,0.0,True
2025-05-30,0.4324416518211365,0.4324416518211365,0.0,0.0,True
2025-06-02,0.4500586986541748,0.4500586986541748,0.0,0.0,True
2025-06-03,0.5104591250419617,0.5104591250419617,0.0,0.0,True
2025-06-04,0.475872278213501,0.475872278213501,0.0,0.0,True
2025-06-05,0.4701479971408844,0.4701479971408844,0.0,0.0,True
2025-06-06,0.46133339405059814,0.46133339405059814,0.0,0.0,True
2025-06-09,0.38153335452079773,0.38153335452079773,0.0,0.0,True
2025-06-10,0.5179864764213562,0.5179864764213562,0.0,0.0,True
2025-06-11,0.5007632970809937,0.5007632970809937,0.0,0.0,True
2025-06-12,0.3708574175834656,0.3708574175834656,0.0,0.0,True
2025-06-13,0.4936113953590393,0.4936113953590393,0.0,0.0,True
2025-06-16,0.4756706953048706,0.4756706953048706,0.0,0.0,True
2025-06-17,0.5343199372291565,0.5343199372291565,0.0,0.0,True
2025-06-18,0.5257450938224792,0.5257450938224792,0.0,0.0,True
2025-06-20,0.5580426454544067,0.5580426454544067,0.0,0.0,True
2025-06-23,0.4939573407173157,0.4939573407173157,0.0,0.0,True
2025-06-24,0.46336933970451355,0.46336933970451355,0.0,0.0,True
2025-06-25,0.4554521143436432,0.4554521143436432,0.0,0.0,True
2025-06-26,0.36600494384765625,0.36600494384765625,0.0,0.0,True
2025-06-27,0.5095387697219849,0.5095387697219849,0.0,0.0,True
2025-06-30,0.44591596722602844,0.44591596722602844,0.0,0.0,True
2025-07-01,0.5758664608001709,0.5758664608001709,0.0,1.0,True
2025-07-02,0.6320139169692993,0.6320139169692993,0.0,1.0,True
2025-07-03,0.5471600890159607,0.5471600890159607,0.0,0.0,True
2025-07-07,0.6175567507743835,0.6175567507743835,0.0,1.0,True
2025-07-08,0.6213134527206421,0.6213134527206421,0.0,1.0,True
2025-07-09,0.5439407229423523,0.5439407229423523,0.0,0.0,True
2025-07-10,0.5845574140548706,0.5845574140548706,0.0,1.0,True
2025-07-11,0.5795688033103943,0.5795688033103943,0.0,1.0,True
2025-07-14,0.5989651679992676,0.5989651679992676,0.0,1.0,True
2025-07-15,0.5682636499404907,0.5682636499404907,0.0,1.0,True
2025-07-16,0.6323984265327454,0.6323984265327454,0.0,1.0,True
2025-07-17,0.5376580953598022,0.5376580953598022,0.0,0.0,True
2025-07-18,0.5895386338233948,0.5895386338233948,0.0,1.0,True
2025-07-21,0.5927648544311523,0.5927648544311523,0.0,1.0,True
2025-07-22,0.6180049777030945,0.6180049777030945,0.0,1.0,True
2025-07-23,0.6184188723564148,0.6184188723564148,0.0,1.0,True
2025-07-24,0.594576895236969,0.594576895236969,0.0,1.0,True
2025-07-25,0.5744733214378357,0.5744733214378357,0.0,1.0,True
2025-07-28,0.6134530305862427,0.6134530305862427,0.0,1.0,True
2025-07-29,0.6589590311050415,0.6589590311050415,0.0,1.0,True
2025-07-30,0.5759039521217346,0.5759039521217346,0.0,1.0,True
2025-07-31,0.48745277523994446,0.48745277523994446,0.0,0.0,True
2025-08-01,0.6496621370315552,0.6496621370315552,0.0,0.8435557572958113,True
2025-08-04,0.6236327886581421,0.6236327886581421,0.0,0.8435557572958113,True
2025-08-05,0.6635164022445679,0.6635164022445679,0.0,0.8435557572958113,True
2025-08-06,0.6406455636024475,0.6406455636024475,0.0,0.8435557572958113,True
2025-08-07,0.5996288061141968,0.5996288061141968,0.0,0.8435557572958113,True
2025-08-08,0.5945659875869751,0.5945659875869751,0.0,0.8435557572958113,True
2025-08-11,0.6471529603004456,0.6471529603004456,0.0,0.8435557572958113,True
2025-08-12,0.5930464863777161,0.5930464863777161,0.0,0.7350438514171612,True
2025-08-13,0.5855768322944641,0.5855768322944641,0.0,0.7350438514171612,True
2025-08-14,0.5620083808898926,0.5620083808898926,0.0,0.7350438514171612,True
2025-08-15,0.5326313972473145,0.5326313972473145,0.0,0.0,True
2025-08-18,0.54784095287323,0.54784095287323,0.0,0.0,True
2025-08-19,0.5951423645019531,0.5951423645019531,0.0,0.6925423003510829,True
2025-08-20,0.5563122630119324,0.5563122630119324,0.0,0.0,True
2025-08-21,0.5417668223381042,0.5417668223381042,0.0,0.0,True
2025-08-22,0.5386798977851868,0.5386798977851868,0.0,0.0,True
2025-08-25,0.5612495541572571,0.5612495541572571,0.0,0.6929418185192296,True
2025-08-26,0.5239478349685669,0.5239478349685669,0.0,0.0,True
2025-08-27,0.5129120945930481,0.5129120945930481,0.0,0.0,True
2025-08-28,0.5760615468025208,0.5760615468025208,0.0,0.9145301985294543,True
2025-08-29,0.6017427444458008,0.6017427444458008,0.0,0.9145301985294543,True
2025-09-02,0.5732409358024597,0.5732409358024597,0.0,0.9145301985294543,True
2025-09-03,0.601848840713501,0.601848840713501,0.0,0.9145301985294543,True
2025-09-04,0.6286730170249939,0.6286730170249939,0.0,0.9145301985294543,True
2025-09-05,0.5923422574996948,0.5923422574996948,0.0,0.9145301985294543,True
2025-09-08,0.5471479296684265,0.5471479296684265,0.0,0.0,True
2025-09-09,0.5979684591293335,0.5979684591293335,0.0,1.0,True
2025-09-10,0.6176153421401978,0.6176153421401978,0.0,1.0,True
2025-09-11,0.6360484957695007,0.6360484957695007,0.0,1.0,True
2025-09-12,0.571718692779541,0.571718692779541,0.0,1.0,True
2025-09-15,0.5285813808441162,0.5285813808441162,0.0,0.0,True
2025-09-16,0.5657159686088562,0.5657159686088562,0.0,0.9635007157122505,True
2025-09-17,0.5894914865493774,0.5894914865493774,0.0,0.9635007157122505,True
2025-09-18,0.5806584358215332,0.5806584358215332,0.0,0.9635007157122505,True
2025-09-19,0.5241753458976746,0.5241753458976746,0.0,0.0,True
2025-09-22,0.5653204917907715,0.5653204917907715,0.0,0.937608484670657,True
2025-09-23,0.5812200903892517,0.5812200903892517,0.0,0.937608484670657,True
2025-09-24,0.5946959257125854,0.5946959257125854,0.0,0.937608484670657,True
2025-09-25,0.6009992957115173,0.6009992957115173,0.0,0.937608484670657,True
2025-09-26,0.621476948261261,0.621476948261261,0.0,0.937608484670657,True
2025-09-29,0.610914409160614,0.610914409160614,0.0,0.937608484670657,True
2025-09-30,0.5943270921707153,0.5943270921707153,0.0,0.937608484670657,True
2025-10-01,0.5787051916122437,0.5787051916122437,0.0,0.937608484670657,True
2025-10-02,0.6069294810295105,0.6069294810295105,0.0,0.937608484670657,True
2025-10-03,0.6231100559234619,0.6231100559234619,0.0,0.937608484670657,True
2025-10-06,0.5971283912658691,0.5971283912658691,0.0,0.937608484670657,True
2025-10-07,0.5611700415611267,0.5611700415611267,0.0,0.937608484670657,True
2025-10-08,0.5750867128372192,0.5750867128372192,0.0,0.937608484670657,True
2025-10-09,0.5876060128211975,0.5876060128211975,0.0,0.937608484670657,True
2025-10-10,0.6624858379364014,0.6624858379364014,0.0,0.937608484670657,True
2025-10-13,0.6516531705856323,0.6516531705856323,0.0,0.937608484670657,True
2025-10-14,0.6125103831291199,0.6125103831291199,0.0,0.937608484670657,True
2025-10-15,0.6268471479415894,0.6268471479415894,0.0,0.937608484670657,True
2025-10-16,0.6119834780693054,0.6119834780693054,0.0,0.937608484670657,True
2025-10-17,0.619184136390686,0.619184136390686,0.0,0.937608484670657,True
2025-10-20,0.6211360096931458,0.6211360096931458,0.0,0.937608484670657,True
2025-10-21,0.6412431597709656,0.6412431597709656,0.0,0.937608484670657,True
2025-10-22,0.6341198682785034,0.6341198682785034,0.0,0.937608484670657,True
2025-10-23,0.5873537063598633,0.5873537063598633,0.0,0.937608484670657,True
2025-10-24,0.5573868751525879,0.5573868751525879,0.0,0.0,True
2025-10-27,0.5890566110610962,0.5890566110610962,0.0,1.0,True
2025-10-28,0.5809431672096252,0.5809431672096252,0.0,1.0,True
2025-10-29,0.6018893122673035,0.6018893122673035,0.0,1.0,True
2025-10-30,0.6201888918876648,0.6201888918876648,0.0,0.795058155225313,True
2025-10-31,0.628777265548706,0.628777265548706,0.0,0.795058155225313,True
2025-11-03,0.6500997543334961,0.6500997543334961,0.0,0.795058155225313,True
2025-11-04,0.6151095628738403,0.6151095628738403,0.0,0.795058155225313,True
2025-11-05,0.5893753170967102,0.5893753170967102,0.0,0.795058155225313,True
2025-11-06,0.5462807416915894,0.5462807416915894,0.0,0.0,True
2025-11-07,0.5696301460266113,0.5696301460266113,0.0,0.8311529365337151,True
2025-11-10,0.5505630970001221,0.5505630970001221,0.0,0.0,True
2025-11-11,0.5565853714942932,0.5565853714942932,0.0,0.0,True
2025-11-12,0.5768289566040039,0.5768289566040039,0.0,0.7719904389230827,True
2025-11-13,0.5146875381469727,0.5146875381469727,0.0,0.0,True
2025-11-14,0.560631513595581,0.560631513595581,0.0,0.7234166653239765,True
2025-11-17,0.5897729396820068,0.5897729396820068,0.0,0.7234166653239765,True
2025-11-18,0.5943083167076111,0.5943083167076111,0.0,0.7234166653239765,True
2025-11-19,0.5885013937950134,0.5885013937950134,0.0,0.7234166653239765,True
2025-11-20,0.5753242373466492,0.5753242373466492,0.0,0.7234166653239765,True
2025-11-21,0.6300081014633179,0.6300081014633179,0.0,0.7234166653239765,True
2025-11-24,0.5724300742149353,0.5724300742149353,0.0,0.7234166653239765,True
2025-11-25,0.5964518785476685,0.5964518785476685,0.0,0.7234166653239765,True
2025-11-26,0.5596294403076172,0.5596294403076172,0.0,0.0,True
2025-11-28,0.5739582180976868,0.5739582180976868,0.0,0.7075296051081502,True
2025-12-01,0.5982049703598022,0.5982049703598022,0.0,0.7075296051081502,True
2025-12-02,0.5646342039108276,0.5646342039108276,0.0,0.7075296051081502,True
2025-12-03,0.4780876338481903,0.4780876338481903,0.0,0.0,True
2025-12-04,0.6174519062042236,0.6174519062042236,0.0,0.6647048488728607,True
2025-12-05,0.653811514377594,0.653811514377594,0.0,0.6647048488728607,True
2025-12-08,0.5221072435379028,0.5221072435379028,0.0,0.0,True
2025-12-09,0.4838303029537201,0.4838303029537201,0.0,0.0,True
2025-12-10,0.5872959494590759,0.5872959494590759,0.0,0.6451138866878317,True
2025-12-11,0.6070451736450195,0.6070451736450195,0.0,0.6451138866878317,True
2025-12-12,0.6264050006866455,0.6264050006866455,0.0,0.6451138866878317,True
2025-12-15,0.5989792943000793,0.5989792943000793,0.0,0.6451138866878317,True
2025-12-16,0.6115666031837463,0.6115666031837463,0.0,0.6451138866878317,True
2025-12-17,0.6383398175239563,0.6383398175239563,0.0,0.6451138866878317,True
2025-12-18,0.6298536062240601,0.6298536062240601,0.0,0.6451138866878317,True
2025-12-19,0.5992895364761353,0.5992895364761353,0.0,0.6451138866878317,True
2025-12-22,0.5871240496635437,0.5871240496635437,0.0,0.7574089702879306,True
2025-12-23,0.523332417011261,0.523332417011261,0.0,0.0,True
2025-12-24,0.544761598110199,0.544761598110199,0.0,0.0,True
2025-12-26,0.5760100483894348,0.5760100483894348,0.0,0.8010961459919017,True
2025-12-29,0.5249850749969482,0.5249850749969482,0.0,0.0,True
2025-12-30,0.5521388649940491,0.5521388649940491,0.0,0.0,True
2025-12-31,0.5995191931724548,0.5995191931724548,0.0,0.8472008102295885,True
2026-01-02,0.5619550943374634,0.5619550943374634,0.0,0.8472008102295885,True
2026-01-05,0.615462064743042,0.615462064743042,0.0,0.8472008102295885,True
2026-01-06,0.604317307472229,0.604317307472229,0.0,0.8472008102295885,True
2026-01-07,0.6194649338722229,0.6194649338722229,0.0,0.8472008102295885,True
2026-01-08,0.599846601486206,0.599846601486206,0.0,0.8472008102295885,True
2026-01-09,0.5467357039451599,0.5467357039451599,0.0,0.0,True
2026-01-12,0.5305389165878296,0.5305389165878296,0.0,0.0,True
2026-01-13,0.5215477347373962,0.5215477347373962,0.0,0.0,True
2026-01-14,0.6583985090255737,0.6583985090255737,0.0,0.9238262068020271,True
2026-01-15,0.6638011336326599,0.6638011336326599,0.0,0.9238262068020271,True
2026-01-16,0.572025716304779,0.572025716304779,0.0,0.9238262068020271,True
2026-01-20,0.6105647087097168,0.6105647087097168,0.0,0.9238262068020271,True
2026-01-21,0.6116622090339661,0.6116622090339661,0.0,0.9238262068020271,True
2026-01-22,0.5506067872047424,0.5506067872047424,0.0,0.0,True
2026-01-23,0.5544121265411377,0.5544121265411377,0.0,0.0,True
2026-01-26,0.5596544742584229,0.5596544742584229,0.0,0.0,True
2026-01-27,0.4852295219898224,0.4852295219898224,0.0,0.0,True
2026-01-28,0.4547758400440216,0.4547758400440216,0.0,0.0,True
2026-01-29,0.4644618332386017,0.4644618332386017,1.0,0.0,True
2026-01-30,0.5733250975608826,0.5733250975608826,1.0,0.3514509109844817,True
2026-02-02,0.5593532919883728,0.5593532919883728,1.0,0.0,True
2026-02-03,0.6255205273628235,0.6255205273628235,1.0,0.347374975920846,True
2026-02-04,0.5185183882713318,0.5185183882713318,1.0,0.0,True
2026-02-05,0.6779356002807617,0.6779356002807617,1.0,0.33348767013871583,True
2026-02-06,0.549910843372345,0.549910843372345,1.0,0.0,True
2026-02-09,0.5389878153800964,0.5389878153800964,1.0,0.0,True
2026-02-10,0.568609356880188,0.568609356880188,1.0,0.3117009400781897,True
2026-02-11,0.6133623719215393,0.6133623719215393,1.0,0.3117009400781897,True
2026-02-12,0.5916803479194641,0.5916803479194641,1.0,0.3117009400781897,True
2026-02-13,0.5706682801246643,0.5706682801246643,1.0,0.3117009400781897,True
2026-02-17,0.680894136428833,0.680894136428833,1.0,0.3117009400781897,True
2026-02-18,0.6101258397102356,0.6101258397102356,1.0,0.3117009400781897,True
2026-02-19,0.6498726606369019,0.6498726606369019,1.0,0.3117009400781897,True
2026-02-20,0.6744178533554077,0.6744178533554077,1.0,0.3117009400781897,True
2026-02-23,0.6314233541488647,0.6314233541488647,1.0,0.3117009400781897,True
2026-02-24,0.5798909664154053,0.5798909664154053,1.0,0.3117009400781897,True
2026-02-25,0.6056894659996033,0.6056894659996033,1.0,0.3117009400781897,True
2026-02-26,0.6412435173988342,0.6412435173988342,1.0,0.3117009400781897,True
2026-02-27,0.5871865153312683,0.5871865153312683,1.0,0.4664193239248947,True
2026-03-02,0.4967006742954254,0.4967006742954254,1.0,0.0,True
2026-03-03,0.4841431975364685,0.4841431975364685,1.0,0.0,True
2026-03-04,0.5082938075065613,0.5082938075065613,1.0,0.0,True
2026-03-05,0.4462370276451111,0.4462370276451111,1.0,0.0,True
2026-03-06,0.4359091520309448,0.4359091520309448,1.0,0.0,True
2026-03-09,0.4751680791378021,0.4751680791378021,1.0,0.0,True
2026-03-10,0.5389121174812317,0.5389121174812317,0.0,0.0,True
2026-03-11,0.5912098288536072,0.5912098288536072,0.0,0.6564530756198691,True
2026-03-12,0.6164793372154236,0.6164793372154236,0.0,0.6564530756198691,True
2026-03-13,0.5488008260726929,0.5488008260726929,1.0,0.0,True
2026-03-16,0.6044747233390808,0.6044747233390808,0.0,0.661983722773476,True
2026-03-17,0.6581380367279053,0.6581380367279053,1.0,0.661983722773476,True
2026-03-18,0.5981436967849731,0.5981436967849731,1.0,0.661983722773476,True
2026-03-19,0.5936561226844788,0.5936561226844788,0.0,0.661983722773476,True
2026-03-20,0.6114731431007385,0.6114731431007385,1.0,0.661983722773476,True
2026-03-23,0.7053420543670654,0.7053420543670654,1.0,0.661983722773476,True
2026-03-24,0.6785134077072144,0.6785134077072144,1.0,0.661983722773476,True
2026-03-25,0.6302265524864197,0.6302265524864197,0.0,0.7716251574698283,True
2026-03-26,0.6193711757659912,0.6193711757659912,0.0,0.7716251574698283,True
2026-03-27,0.6328614354133606,0.6328614354133606,1.0,0.7716251574698283,True
2026-03-30,0.640140950679779,0.640140950679779,0.0,0.7716251574698283,True
2026-03-31,0.5527544617652893,0.5527544617652893,0.0,0.0,True
2026-04-01,0.5852945446968079,0.5852945446968079,0.0,0.682786423952347,True
2026-04-02,0.6121660470962524,0.6121660470962524,0.0,0.682786423952347,True
2026-04-06,0.550997257232666,0.550997257232666,0.0,0.0,True
2026-04-07,0.597482442855835,0.597482442855835,0.0,0.6920794071143528,True
2026-04-08,0.6610766649246216,0.6610766649246216,0.0,0.6920794071143528,True
2026-04-09,0.67125004529953,0.67125004529953,0.0,0.6920794071143528,True
2026-04-10,0.6868868470191956,0.6868868470191956,0.0,0.6920794071143528,True
2026-04-13,0.46517330408096313,0.46517330408096313,0.0,0.0,True
2026-04-14,0.4739966094493866,0.4739966094493866,0.0,0.0,True
2026-04-15,0.631267786026001,0.631267786026001,0.0,0.47721005289770657,True
2026-04-16,0.5595989227294922,0.5595989227294922,0.0,0.0,True
2026-04-17,0.4261300265789032,0.4261300265789032,0.0,0.0,True
2026-04-20,0.6665414571762085,0.6665414571762085,0.0,0.49399032591512876,True
2026-04-21,0.6328141093254089,0.6328141093254089,0.0,0.49399032591512876,True
2026-04-22,0.5459424257278442,0.5459424257278442,1.0,0.0,True
2026-04-23,0.6361249685287476,0.6361249685287476,1.0,0.45589861091488154,True
2026-04-24,0.5944657325744629,0.5944657325744629,1.0,0.45589861091488154,True
2026-04-27,0.5730587244033813,0.5730587244033813,1.0,0.45589861091488154,True
2026-04-28,0.5861676931381226,0.5861676931381226,1.0,0.45589861091488154,True
2026-04-29,0.6017130613327026,0.6017130613327026,1.0,0.45589861091488154,True
2026-04-30,0.5137975811958313,0.5137975811958313,1.0,0.0,True
2026-05-01,0.5204856991767883,0.5204856991767883,1.0,0.0,True
2026-05-04,0.5152102112770081,0.5152102112770081,1.0,0.0,True
2026-05-05,0.5161749720573425,0.5161749720573425,1.0,0.0,True
2026-05-06,0.5081069469451904,0.5081069469451904,1.0,0.0,True
2026-05-07,0.6220831274986267,0.6220831274986267,1.0,0.4362267480596555,True
2026-05-08,0.5014666318893433,0.5014666318893433,1.0,0.0,True
2026-05-11,0.5078480243682861,0.5078480243682861,1.0,0.0,True
2026-05-12,0.5435733795166016,0.5435733795166016,0.0,0.0,True
2026-05-13,0.511488139629364,0.511488139629364,0.0,0.0,True
2026-05-14,0.6206411123275757,0.6206411123275757,0.0,0.5459166425939103,True
2026-05-15,0.5227676630020142,0.5227676630020142,1.0,0.0,True
2026-05-18,0.5548725724220276,0.5548725724220276,0.0,0.0,True
2026-05-19,0.5150232315063477,0.5150232315063477,0.0,0.0,True
2026-05-20,0.5389981865882874,0.5389981865882874,1.0,0.0,True
2026-05-21,0.6052489280700684,0.6052489280700684,0.0,0.6089126922682291,True
2026-05-22,0.6390250325202942,0.6390250325202942,0.0,0.6089126922682291,True
2026-05-26,0.6148520708084106,0.6148520708084106,0.0,0.6089126922682291,True
2026-05-27,0.5980445146560669,0.5980445146560669,0.0,0.6089126922682291,True
2026-05-28,0.5709338188171387,0.5709338188171387,0.0,0.6089126922682291,True
2026-05-29,0.6785064935684204,0.6785064935684204,0.0,0.6089126922682291,True
2026-06-01,0.615302324295044,0.615302324295044,1.0,0.6089126922682291,True
2026-06-02,0.6882924437522888,0.6882924437522888,1.0,0.4504701596889254,True
2026-06-03,0.6517242193222046,0.6517242193222046,1.0,0.4504701596889254,True
2026-06-04,0.6634221076965332,0.6634221076965332,1.0,0.4504701596889254,True
2026-06-05,0.5701274871826172,0.5701274871826172,1.0,0.4504701596889254,True
2026-06-08,0.5711219310760498,0.5711219310760498,1.0,0.4504701596889254,True
2026-06-09,0.6006625294685364,0.6006625294685364,1.0,0.4504701596889254,True
2026-06-10,0.62525475025177,0.62525475025177,1.0,0.4504701596889254,True
2026-06-11,0.6412383913993835,0.6412383913993835,1.0,0.4504701596889254,True
2026-06-12,0.6370285153388977,0.6370285153388977,1.0,0.4504701596889254,True
2026-06-15,0.5174164175987244,0.5174164175987244,1.0,0.0,True
2026-06-16,0.5761299133300781,0.5761299133300781,1.0,0.40855518999780477,True
2026-06-17,0.6088359951972961,0.6088359951972961,1.0,0.40855518999780477,True
2026-06-18,0.524803638458252,0.524803638458252,1.0,0.0,True
2026-06-22,0.5097756385803223,0.5097756385803223,1.0,0.0,True
2026-06-23,0.4602319896221161,0.4602319896221161,1.0,0.0,True
2026-06-24,0.4970550239086151,0.4970550239086151,1.0,0.0,True
2026-06-25,0.6926711797714233,0.6926711797714233,1.0,0.35654125140839593,True
2026-06-26,0.4655751883983612,0.4655751883983612,1.0,0.0,True
2026-06-29,0.4185313582420349,0.4185313582420349,1.0,0.0,True
2026-06-30,0.4817627966403961,0.4817627966403961,1.0,0.0,True
2026-07-01,0.44939613342285156,0.44939613342285156,1.0,0.0,True
2026-07-02,0.4423817992210388,0.4423817992210388,1.0,0.0,True
2026-07-06,0.43995407223701477,0.43995407223701477,1.0,0.0,True
2026-07-07,0.3850613534450531,0.3850613534450531,1.0,0.0,True
2026-07-08,0.4583202600479126,0.4583202600479126,1.0,0.0,True
2026-07-09,0.44755837321281433,0.44755837321281433,1.0,0.0,True
2026-07-10,0.5290780663490295,0.5290780663490295,1.0,0.0,True
2026-07-13,0.4742484390735626,0.4742484390735626,1.0,0.0,True
2026-07-14,0.4673859775066376,0.4673859775066376,1.0,0.0,True
2026-07-15,0.42797601222991943,0.42797601222991943,1.0,0.0,True
2026-07-16,0.4025275409221649,0.4025275409221649,1.0,0.0,True
2026-07-17,0.48427489399909973,0.48427489399909973,1.0,0.0,True
2026-07-20,0.44678831100463867,0.44678831100463867,1.0,0.0,True
2026-07-21,0.4499008357524872,0.4499008357524872,1.0,0.0,True
2026-07-22,0.5098692178726196,0.5098692178726196,1.0,0.0,True
2026-07-23,0.5643250346183777,0.5643250346183777,1.0,0.4262690806985024,True
2026-07-24,0.5328807830810547,0.5328807830810547,1.0,0.0,True
2026-07-27,0.5525175929069519,0.5525175929069519,1.0,0.0,True
2026-07-28,0.5844841599464417,0.5844841599464417,1.0,0.5753558734162331,True
2026-07-29,0.5427653789520264,0.5427653789520264,0.0,0.0,True
2026-07-30,0.5733481049537659,0.5733481049537659,1.0,0.25116954226442206,True
2026-07-31,0.5401190519332886,0.5401190519332886,1.0,0.0,True
2026-08-03,0.4677564799785614,0.4677564799785614,1.0,0.0,True
2026-08-04,0.5203471779823303,0.5203471779823303,1.0,0.0,True
2026-08-05,0.5419695973396301,0.5419695973396301,1.0,0.0,True
2026-08-06,0.49538034200668335,0.49538034200668335,1.0,0.0,True
2026-08-07,0.5363614559173584,0.5363614559173584,1.0,0.0,True
2026-08-10,0.4136636257171631,0.4136636257171631,1.0,0.0,True
2026-08-11,0.4459691345691681,0.4459691345691681,1.0,0.0,True
2026-08-12,0.4746948480606079,0.4746948480606079,1.0,0.0,True
2026-08-13,0.4426710605621338,0.4426710605621338,1.0,0.0,True
2026-08-14,0.4166988432407379,0.4166988432407379,1.0,0.0,True
2026-08-17,0.5564857721328735,0.5564857721328735,1.0,0.0,True
2026-08-18,0.5886667370796204,0.5886667370796204,1.0,0.24084912610651957,True
2026-08-19,0.439621239900589,0.439621239900589,1.0,0.0,True
2026-08-20,0.48090794682502747,0.48090794682502747,2.0,0.0,True
2026-08-21,0.4826558530330658,0.4826558530330658,2.0,0.0,True
2026-08-24,0.43767049908638,0.43767049908638,1.0,0.0,True
2026-08-25,0.42225348949432373,0.42225348949432373,1.0,0.0,True
2026-08-26,0.47144776582717896,0.47144776582717896,1.0,0.0,True
2026-08-27,0.4770682752132416,0.4770682752132416,1.0,0.0,True
2026-08-28,0.41489484906196594,0.41489484906196594,1.0,0.0,True
2026-08-31,0.5048516988754272,0.5048516988754272,1.0,0.0,True
2026-09-01,0.5286673307418823,0.5286673307418823,1.0,0.0,True
2026-09-02,0.6047601699829102,0.6047601699829102,1.0,0.6872755707718416,True
2026-09-03,0.485867977142334,0.485867977142334,1.0,0.0,True
2026-09-04,0.58319491147995,0.58319491147995,1.0,0.6429740257892765,True
2026-09-08,0.5770457983016968,0.5770457983016968,1.0,0.6429740257892765,True
2026-09-09,0.6054346561431885,0.6054346561431885,1.0,0.6429740257892765,True
2026-09-10,0.5824915766716003,0.5824915766716003,1.0,0.6429740257892765,True
2026-09-11,0.6517134308815002,0.6517134308815002,1.0,0.6429740257892765,True
2026-09-14,0.5565926432609558,0.5565926432609558,1.0,0.0,True
2026-09-15,0.5999392867088318,0.5999392867088318,0.0,0.7282501406650425,True
2026-09-16,0.5525381565093994,0.5525381565093994,0.0,0.0,True
2026-09-17,0.6001946330070496,0.6001946330070496,0.0,0.6861760291587198,True
2026-09-18,0.551919162273407,0.551919162273407,0.0,0.0,True
2026-09-21,0.5377969741821289,0.5377969741821289,0.0,0.0,True
2026-09-22,0.591445803642273,0.591445803642273,0.0,0.6613386976129977,True
2026-09-23,0.564195454120636,0.564195454120636,0.0,0.6613386976129977,True
2026-09-24,0.6236176490783691,0.6236176490783691,0.0,0.6613386976129977,True
2026-09-25,0.6011723875999451,0.6011723875999451,0.0,0.6613386976129977,True
2026-09-28,0.5529688596725464,0.5529688596725464,0.0,0.0,True
2026-09-29,0.590401291847229,0.590401291847229,0.0,0.6087969616122846,True
2026-09-30,0.5426306128501892,0.5426306128501892,0.0,0.0,True
2026-10-01,0.5964215397834778,0.5964215397834778,0.0,0.6238917811959902,True
2026-10-02,0.5826984643936157,0.5826984643936157,0.0,0.6238917811959902,True
