Date,p_tree,p_ens,regime,signal_ml,is_test
1993-01-29,,,,,False
1993-02-01,,,,,False
1993-02-02,,,,,False
1993-02-03,,,,,False
1993-02-04,,,,,False
1993-02-05,,,,,False
1993-02-08,,,,,False
1993-02-09,,,,,False
1993-02-10,,,,,False
1993-02-11,,,,,False
1993-02-12,,,,,False
1993-02-16,,,,,False
1993-02-17,,,,,False
1993-02-18,,,,,False
1993-02-19,,,,,False
1993-02-22,,,,,False
1993-02-23,,,,,False
1993-02-24,,,,,False
1993-02-25,,,,,False
1993-02-26,,,,,False
1993-03-01,,,,,False
1993-03-02,,,,,False
1993-03-03,,,,,False
1993-03-04,,,,,False
1993-03-05,,,,,False
1993-03-08,,,,,False
1993-03-09,,,,,False
1993-03-10,,,,,False
1993-03-11,,,,,False
1993-03-12,,,,,False
1993-03-15,,,,,False
1993-03-16,,,,,False
1993-03-17,,,,,False
1993-03-18,,,,,False
1993-03-19,,,,,False
1993-03-22,,,,,False
1993-03-23,,,,,False
1993-03-24,,,,,False
1993-03-25,,,,,False
1993-03-26,,,,,False
1993-03-29,,,,,False
1993-03-30,,,,,False
1993-03-31,,,,,False
1993-04-01,,,,,False
1993-04-02,,,,,False
1993-04-05,,,,,False
1993-04-06,,,,,False
1993-04-07,,,,,False
1993-04-08,,,,,False
1993-04-12,,,,,False
1993-04-13,,,,,False
1993-04-14,,,,,False
1993-04-15,,,,,False
1993-04-16,,,,,False
1993-04-19,,,,,False
1993-04-20,,,,,False
1993-04-21,,,,,False
1993-04-22,,,,,False
1993-04-23,,,,,False
1993-04-26,,,,,False
1993-04-27,,,,,False
1993-04-28,,,,,False
1993-04-29,,,,,False
1993-04-30,,,,,False
1993-05-03,,,,,False
1993-05-04,,,,,False
1993-05-05,,,,,False
1993-05-06,,,,,False
1993-05-07,,,,,False
1993-05-10,,,,,False
1993-05-11,,,,,False
1993-05-12,,,,,False
1993-05-13,,,,,False
1993-05-14,,,,,False
1993-05-17,,,,,False
1993-05-18,,,,,False
1993-05-19,,,,,False
1993-05-20,,,,,False
1993-05-21,,,,,False
1993-05-24,,,,,False
1993-05-25,,,,,False
1993-05-26,,,,,False
1993-05-27,,,,,False
1993-05-28,,,,,False
1993-06-01,,,,,False
1993-06-02,,,,,False
1993-06-03,,,,,False
1993-06-04,,,,,False
1993-06-07,,,,,False
1993-06-08,,,,,False
1993-06-09,,,,,False
1993-06-10,,,,,False
1993-06-11,,,,,False
1993-06-14,,,,,False
1993-06-15,,,,,False
1993-06-16,,,,,False
1993-06-17,,,,,False
1993-06-18,,,,,False
1993-06-21,,,,,False
1993-06-22,,,,,False
1993-06-23,,,,,False
1993-06-24,,,,,False
1993-06-25,,,,,False
1993-06-28,,,,,False
1993-06-29,,,,,False
1993-06-30,,,,,False
1993-07-01,,,,,False
1993-07-02,,,,,False
1993-07-06,,,,,False
1993-07-07,,,,,False
1993-07-08,,,,,False
1993-07-09,,,,,False
1993-07-12,,,,,False
1993-07-13,,,,,False
1993-07-14,,,,,False
1993-07-15,,,,,False
1993-07-16,,,,,False
1993-07-19,,,,,False
1993-07-20,,,,,False
1993-07-21,,,,,False
1993-07-22,,,,,False
1993-07-23,,,,,False
1993-07-26,,,,,False
1993-07-27,,,,,False
1993-07-28,,,,,False
1993-07-29,,,,,False
1993-07-30,,,,,False
1993-08-02,,,,,False
1993-08-03,,,,,False
1993-08-04,,,,,False
1993-08-05,,,,,False
1993-08-06,,,,,False
1993-08-09,,,,,False
1993-08-10,,,,,False
1993-08-11,,,,,False
1993-08-12,,,,,False
1993-08-13,,,,,False
1993-08-16,,,,,False
1993-08-17,,,,,False
1993-08-18,,,,,False
1993-08-19,,,,,False
1993-08-20,,,,,False
1993-08-23,,,,,False
1993-08-24,,,,,False
1993-08-25,,,,,False
1993-08-26,,,,,False
1993-08-27,,,,,False
1993-08-30,,,,,False
1993-08-31,,,,,False
1993-09-01,,,,,False
1993-09-02,,,,,False
1993-09-03,,,,,False
1993-09-07,,,,,False
1993-09-08,,,,,False
1993-09-09,,,,,False
1993-09-10,,,,,False
1993-09-13,,,,,False
1993-09-14,,,,,False
1993-09-15,,,,,False
1993-09-16,,,,,False
1993-09-17,,,,,False
1993-09-20,,,,,False
1993-09-21,,,,,False
1993-09-22,,,,,False
1993-09-23,,,,,False
1993-09-24,,,,,False
1993-09-27,,,,,False
1993-09-28,,,,,False
1993-09-29,,,,,False
1993-09-30,,,,,False
1993-10-01,,,,,False
1993-10-04,,,,,False
1993-10-05,,,,,False
1993-10-06,,,,,False
1993-10-07,,,,,False
1993-10-08,,,,,False
1993-10-11,,,,,False
1993-10-12,,,,,False
1993-10-13,,,,,False
1993-10-14,,,,,False
1993-10-15,,,,,False
1993-10-18,,,,,False
1993-10-19,,,,,False
1993-10-20,,,,,False
1993-10-21,,,,,False
1993-10-22,,,,,False
1993-10-25,,,,,False
1993-10-26,,,,,False
1993-10-27,,,,,False
1993-10-28,,,,,False
1993-10-29,,,,,False
1993-11-01,,,,,False
1993-11-02,,,,,False
1993-11-03,,,,,False
1993-11-04,,,,,False
1993-11-05,,,,,False
1993-11-08,,,,,False
1993-11-09,,,,,False
1993-11-10,,,,,False
1993-11-11,,,,,False
1993-11-12,,,,,False
1993-11-15,,,,,False
1993-11-16,,,,,False
1993-11-17,,,,,False
1993-11-18,,,,,False
1993-11-19,,,,,False
1993-11-22,,,,,False
1993-11-23,,,,,False
1993-11-24,,,,,False
1993-11-26,,,,,False
1993-11-29,,,,,False
1993-11-30,,,,,False
1993-12-01,,,,,False
1993-12-02,,,,,False
1993-12-03,,,,,False
1993-12-06,,,,,False
1993-12-07,,,,,False
1993-12-08,,,,,False
1993-12-09,,,,,False
1993-12-10,,,,,False
1993-12-13,,,,,False
1993-12-14,,,,,False
1993-12-15,,,,,False
1993-12-16,,,,,False
1993-12-17,,,,,False
1993-12-20,,,,,False
1993-12-21,,,,,False
1993-12-22,,,,,False
1993-12-23,,,,,False
1993-12-27,,,,,False
1993-12-28,,,,,False
1993-12-29,,,,,False
1993-12-30,,,,,False
1993-12-31,,,,,False
1994-01-03,,,,,False
1994-01-04,,,,,False
1994-01-05,,,,,False
1994-01-06,,,,,False
1994-01-07,,,,,False
1994-01-10,,,,,False
1994-01-11,,,,,False
1994-01-12,,,,,False
1994-01-13,,,,,False
1994-01-14,,,,,False
1994-01-17,,,,,False
1994-01-18,,,,,False
1994-01-19,,,,,False
1994-01-20,,,,,False
1994-01-21,,,,,False
1994-01-24,,,,,False
1994-01-25,,,,,False
1994-01-26,,,,,False
1994-01-27,,,,,False
1994-01-28,,,,,False
1994-01-31,,,,,False
1994-02-01,,,,,False
1994-02-02,,,,,False
1994-02-03,,,,,False
1994-02-04,,,,,False
1994-02-07,,,,,False
1994-02-08,,,,,False
1994-02-09,,,,,False
1994-02-10,,,,,False
1994-02-11,,,,,False
1994-02-14,,,,,False
1994-02-15,,,,,False
1994-02-16,,,,,False
1994-02-17,,,,,False
1994-02-18,,,,,False
1994-02-22,,,,,False
1994-02-23,,,,,False
1994-02-24,,,,,False
1994-02-25,,,,,False
1994-02-28,,,,,False
1994-03-01,,,,,False
1994-03-02,,,,,False
1994-03-03,,,,,False
1994-03-04,,,,,False
1994-03-07,,,,,False
1994-03-08,,,,,False
1994-03-09,,,,,False
1994-03-10,,,,,False
1994-03-11,,,,,False
1994-03-14,,,,,False
1994-03-15,,,,,False
1994-03-16,,,,,False
1994-03-17,,,,,False
1994-03-18,,,,,False
1994-03-21,,,,,False
1994-03-22,,,,,False
1994-03-23,,,,,False
1994-03-24,,,,,False
1994-03-25,,,,,False
1994-03-28,,,,,False
1994-03-29,,,,,False
1994-03-30,,,,,False
1994-03-31,,,,,False
1994-04-04,,,,,False
1994-04-05,,,,,False
1994-04-06,,,,,False
1994-04-07,,,,,False
1994-04-08,,,,,False
1994-04-11,,,,,False
1994-04-12,,,,,False
1994-04-13,,,,,False
1994-04-14,,,,,False
1994-04-15,,,,,False
1994-04-18,,,,,False
1994-04-19,,,,,False
1994-04-20,,,,,False
1994-04-21,,,,,False
1994-04-22,,,,,False
1994-04-25,,,,,False
1994-04-26,,,,,False
1994-04-28,,,,,False
1994-04-29,,,,,False
1994-05-02,,,,,False
1994-05-03,,,,,False
1994-05-04,,,,,False
1994-05-05,,,,,False
1994-05-06,,,,,False
1994-05-09,,,,,False
1994-05-10,,,,,False
1994-05-11,,,,,False
1994-05-12,,,,,False
1994-05-13,,,,,False
1994-05-16,,,,,False
1994-05-17,,,,,False
1994-05-18,,,,,False
1994-05-19,,,,,False
1994-05-20,,,,,False
1994-05-23,,,,,False
1994-05-24,,,,,False
1994-05-25,,,,,False
1994-05-26,,,,,False
1994-05-27,,,,,False
1994-05-31,,,,,False
1994-06-01,,,,,False
1994-06-02,,,,,False
1994-06-03,,,,,False
1994-06-06,,,,,False
1994-06-07,,,,,False
1994-06-08,,,,,False
1994-06-09,,,,,False
1994-06-10,,,,,False
1994-06-13,,,,,False
1994-06-14,,,,,False
1994-06-15,,,,,False
1994-06-16,,,,,False
1994-06-17,,,,,False
1994-06-20,,,,,False
1994-06-21,,,,,False
1994-06-22,,,,,False
1994-06-23,,,,,False
1994-06-24,,,,,False
1994-06-27,,,,,False
1994-06-28,,,,,False
1994-06-29,,,,,False
1994-06-30,,,,,False
1994-07-01,,,,,False
1994-07-05,,,,,False
1994-07-06,,,,,False
1994-07-07,,,,,False
1994-07-08,,,,,False
1994-07-11,,,,,False
1994-07-12,,,,,False
1994-07-13,,,,,False
1994-07-14,,,,,False
1994-07-15,,,,,False
1994-07-18,,,,,False
1994-07-19,,,,,False
1994-07-20,,,,,False
1994-07-21,,,,,False
1994-07-22,,,,,False
1994-07-25,,,,,False
1994-07-26,,,,,False
1994-07-27,,,,,False
1994-07-28,,,,,False
1994-07-29,,,,,False
1994-08-01,,,,,False
1994-08-02,,,,,False
1994-08-03,,,,,False
1994-08-04,,,,,False
1994-08-05,,,,,False
1994-08-08,,,,,False
1994-08-09,,,,,False
1994-08-10,,,,,False
1994-08-11,,,,,False
1994-08-12,,,,,False
1994-08-15,,,,,False
1994-08-16,,,,,False
1994-08-17,,,,,False
1994-08-18,,,,,False
1994-08-19,,,,,False
1994-08-22,,,,,False
1994-08-23,,,,,False
1994-08-24,,,,,False
1994-08-25,,,,,False
1994-08-26,,,,,False
1994-08-29,,,,,False
1994-08-30,,,,,False
1994-08-31,,,,,False
1994-09-01,,,,,False
1994-09-02,,,,,False
1994-09-06,,,,,False
1994-09-07,,,,,False
1994-09-08,,,,,False
1994-09-09,,,,,False
1994-09-12,,,,,False
1994-09-13,,,,,False
1994-09-14,,,,,False
1994-09-15,,,,,False
1994-09-16,,,,,False
1994-09-19,,,,,False
1994-09-20,,,,,False
1994-09-21,,,,,False
1994-09-22,,,,,False
1994-09-23,,,,,False
1994-09-26,,,,,False
1994-09-27,,,,,False
1994-09-28,,,,,False
1994-09-29,,,,,False
1994-09-30,,,,,False
1994-10-03,,,,,False
1994-10-04,,,,,False
1994-10-05,,,,,False
1994-10-06,,,,,False
1994-10-07,,,,,False
1994-10-10,,,,,False
1994-10-11,,,,,False
1994-10-12,,,,,False
1994-10-13,,,,,False
1994-10-14,,,,,False
1994-10-17,,,,,False
1994-10-18,,,,,False
1994-10-19,,,,,False
1994-10-20,,,,,False
1994-10-21,,,,,False
1994-10-24,,,,,False
1994-10-25,,,,,False
1994-10-26,,,,,False
1994-10-27,,,,,False
1994-10-28,,,,,False
1994-10-31,,,,,False
1994-11-01,,,,,False
1994-11-02,,,,,False
1994-11-03,,,,,False
1994-11-04,,,,,False
1994-11-07,,,,,False
1994-11-08,,,,,False
1994-11-09,,,,,False
1994-11-10,,,,,False
1994-11-11,,,,,False
1994-11-14,,,,,False
1994-11-15,,,,,False
1994-11-16,,,,,False
1994-11-17,,,,,False
1994-11-18,,,,,False
1994-11-21,,,,,False
1994-11-22,,,,,False
1994-11-23,,,,,False
1994-11-25,,,,,False
1994-11-28,,,,,False
1994-11-29,,,,,False
1994-11-30,,,,,False
1994-12-01,,,,,False
1994-12-02,,,,,False
1994-12-05,,,,,False
1994-12-06,,,,,False
1994-12-07,,,,,False
1994-12-08,,,,,False
1994-12-09,,,,,False
1994-12-12,,,,,False
1994-12-13,,,,,False
1994-12-14,,,,,False
1994-12-15,,,,,False
1994-12-16,,,,,False
1994-12-19,,,,,False
1994-12-20,,,,,False
1994-12-21,,,,,False
1994-12-22,,,,,False
1994-12-23,,,,,False
1994-12-27,,,,,False
1994-12-28,,,,,False
1994-12-29,,,,,False
1994-12-30,,,,,False
1995-01-03,,,,,False
1995-01-04,,,,,False
1995-01-05,,,,,False
1995-01-06,,,,,False
1995-01-09,,,,,False
1995-01-10,,,,,False
1995-01-11,,,,,False
1995-01-12,,,,,False
1995-01-13,,,,,False
1995-01-16,,,,,False
1995-01-17,,,,,False
1995-01-18,,,,,False
1995-01-19,,,,,False
1995-01-20,,,,,False
1995-01-23,,,,,False
1995-01-24,,,,,False
1995-01-25,,,,,False
1995-01-26,,,,,False
1995-01-27,,,,,False
1995-01-30,,,,,False
1995-01-31,,,,,False
1995-02-01,,,,,False
1995-02-02,,,,,False
1995-02-03,,,,,False
1995-02-06,,,,,False
1995-02-07,,,,,False
1995-02-08,,,,,False
1995-02-09,,,,,False
1995-02-10,,,,,False
1995-02-13,,,,,False
1995-02-14,,,,,False
1995-02-15,,,,,False
1995-02-16,,,,,False
1995-02-17,,,,,False
1995-02-21,,,,,False
1995-02-22,,,,,False
1995-02-23,,,,,False
1995-02-24,,,,,False
1995-02-27,,,,,False
1995-02-28,,,,,False
1995-03-01,,,,,False
1995-03-02,,,,,False
1995-03-03,,,,,False
1995-03-06,,,,,False
1995-03-07,,,,,False
1995-03-08,,,,,False
1995-03-09,,,,,False
1995-03-10,,,,,False
1995-03-13,,,,,False
1995-03-14,,,,,False
1995-03-15,,,,,False
1995-03-16,,,,,False
1995-03-17,,,,,False
1995-03-20,,,,,False
1995-03-21,,,,,False
1995-03-22,,,,,False
1995-03-23,,,,,False
1995-03-24,,,,,False
1995-03-27,,,,,False
1995-03-28,,,,,False
1995-03-29,,,,,False
1995-03-30,,,,,False
1995-03-31,,,,,False
1995-04-03,,,,,False
1995-04-04,,,,,False
1995-04-05,,,,,False
1995-04-06,,,,,False
1995-04-07,,,,,False
1995-04-10,,,,,False
1995-04-11,,,,,False
1995-04-12,,,,,False
1995-04-13,,,,,False
1995-04-17,,,,,False
1995-04-18,,,,,False
1995-04-19,,,,,False
1995-04-20,,,,,False
1995-04-21,,,,,False
1995-04-24,,,,,False
1995-04-25,,,,,False
1995-04-26,,,,,False
1995-04-27,,,,,False
1995-04-28,,,,,False
1995-05-01,,,,,False
1995-05-02,,,,,False
1995-05-03,,,,,False
1995-05-04,,,,,False
1995-05-05,,,,,False
1995-05-08,,,,,False
1995-05-09,,,,,False
1995-05-10,,,,,False
1995-05-11,,,,,False
1995-05-12,,,,,False
1995-05-15,,,,,False
1995-05-16,,,,,False
1995-05-17,,,,,False
1995-05-18,,,,,False
1995-05-19,,,,,False
1995-05-22,,,,,False
1995-05-23,,,,,False
1995-05-24,,,,,False
1995-05-25,,,,,False
1995-05-26,,,,,False
1995-05-30,,,,,False
1995-05-31,,,,,False
1995-06-01,,,,,False
1995-06-02,,,,,False
1995-06-05,,,,,False
1995-06-06,,,,,False
1995-06-07,,,,,False
1995-06-08,,,,,False
1995-06-09,,,,,False
1995-06-12,,,,,False
1995-06-13,,,,,False
1995-06-14,,,,,False
1995-06-15,,,,,False
1995-06-16,,,,,False
1995-06-19,,,,,False
1995-06-20,,,,,False
1995-06-21,,,,,False
1995-06-22,,,,,False
1995-06-23,,,,,False
1995-06-26,,,,,False
1995-06-27,,,,,False
1995-06-28,,,,,False
1995-06-29,,,,,False
1995-06-30,,,,,False
1995-07-03,,,,,False
1995-07-05,,,,,False
1995-07-06,,,,,False
1995-07-07,,,,,False
1995-07-10,,,,,False
1995-07-11,,,,,False
1995-07-12,,,,,False
1995-07-13,,,,,False
1995-07-14,,,,,False
1995-07-17,,,,,False
1995-07-18,,,,,False
1995-07-19,,,,,False
1995-07-20,,,,,False
1995-07-21,,,,,False
1995-07-24,,,,,False
1995-07-25,,,,,False
1995-07-26,,,,,False
1995-07-27,,,,,False
1995-07-28,,,,,False
1995-07-31,,,,,False
1995-08-01,,,,,False
1995-08-02,,,,,False
1995-08-03,,,,,False
1995-08-04,,,,,False
1995-08-07,,,,,False
1995-08-08,,,,,False
1995-08-09,,,,,False
1995-08-10,,,,,False
1995-08-11,,,,,False
1995-08-14,,,,,False
1995-08-15,,,,,False
1995-08-16,,,,,False
1995-08-17,,,,,False
1995-08-18,,,,,False
1995-08-21,,,,,False
1995-08-22,,,,,False
1995-08-23,,,,,False
1995-08-24,,,,,False
1995-08-25,,,,,False
1995-08-28,,,,,False
1995-08-29,,,,,False
1995-08-30,,,,,False
1995-08-31,,,,,False
1995-09-01,,,,,False
1995-09-05,,,,,False
1995-09-06,,,,,False
1995-09-07,,,,,False
1995-09-08,,,,,False
1995-09-11,,,,,False
1995-09-12,,,,,False
1995-09-13,,,,,False
1995-09-14,,,,,False
1995-09-15,,,,,False
1995-09-18,,,,,False
1995-09-19,,,,,False
1995-09-20,,,,,False
1995-09-21,,,,,False
1995-09-22,,,,,False
1995-09-25,,,,,False
1995-09-26,,,,,False
1995-09-27,,,,,False
1995-09-28,,,,,False
1995-09-29,,,,,False
1995-10-02,,,,,False
1995-10-03,,,,,False
1995-10-04,,,,,False
1995-10-05,,,,,False
1995-10-06,,,,,False
1995-10-09,,,,,False
1995-10-10,,,,,False
1995-10-11,,,,,False
1995-10-12,,,,,False
1995-10-13,,,,,False
1995-10-16,,,,,False
1995-10-17,,,,,False
1995-10-18,,,,,False
1995-10-19,,,,,False
1995-10-20,,,,,False
1995-10-23,,,,,False
1995-10-24,,,,,False
1995-10-25,,,,,False
1995-10-26,,,,,False
1995-10-27,,,,,False
1995-10-30,,,,,False
1995-10-31,,,,,False
1995-11-01,,,,,False
1995-11-02,,,,,False
1995-11-03,,,,,False
1995-11-06,,,,,False
1995-11-07,,,,,False
1995-11-08,,,,,False
1995-11-09,,,,,False
1995-11-10,,,,,False
1995-11-13,,,,,False
1995-11-14,,,,,False
1995-11-15,,,,,False
1995-11-16,,,,,False
1995-11-17,,,,,False
1995-11-20,,,,,False
1995-11-21,,,,,False
1995-11-22,,,,,False
1995-11-24,,,,,False
1995-11-27,,,,,False
1995-11-28,,,,,False
1995-11-29,,,,,False
1995-11-30,,,,,False
1995-12-01,,,,,False
1995-12-04,,,,,False
1995-12-05,,,,,False
1995-12-06,,,,,False
1995-12-07,,,,,False
1995-12-08,,,,,False
1995-12-11,,,,,False
1995-12-12,,,,,False
1995-12-13,,,,,False
1995-12-14,,,,,False
1995-12-15,,,,,False
1995-12-18,,,,,False
1995-12-19,,,,,False
1995-12-20,,,,,False
1995-12-21,,,,,False
1995-12-22,,,,,False
1995-12-26,,,,,False
1995-12-27,,,,,False
1995-12-28,,,,,False
1995-12-29,,,,,False
1996-01-02,,,,,False
1996-01-03,,,,,False
1996-01-04,,,,,False
1996-01-05,,,,,False
1996-01-08,,,,,False
1996-01-09,,,,,False
1996-01-10,,,,,False
1996-01-11,,,,,False
1996-01-12,,,,,False
1996-01-15,,,,,False
1996-01-16,,,,,False
1996-01-17,,,,,False
1996-01-18,,,,,False
1996-01-19,,,,,False
1996-01-22,,,,,False
1996-01-23,,,,,False
1996-01-24,,,,,False
1996-01-25,,,,,False
1996-01-26,,,,,False
1996-01-29,,,,,False
1996-01-30,,,,,False
1996-01-31,,,,,False
1996-02-01,,,,,False
1996-02-02,,,,,False
1996-02-05,,,,,False
1996-02-06,,,,,False
1996-02-07,,,,,False
1996-02-08,,,,,False
1996-02-09,,,,,False
1996-02-12,,,,,False
1996-02-13,,,,,False
1996-02-14,,,,,False
1996-02-15,,,,,False
1996-02-16,,,,,False
1996-02-20,,,,,False
1996-02-21,,,,,False
1996-02-22,,,,,False
1996-02-23,,,,,False
1996-02-26,,,,,False
1996-02-27,,,,,False
1996-02-28,,,,,False
1996-02-29,,,,,False
1996-03-01,,,,,False
1996-03-04,,,,,False
1996-03-05,,,,,False
1996-03-06,,,,,False
1996-03-07,,,,,False
1996-03-08,,,,,False
1996-03-11,,,,,False
1996-03-12,,,,,False
1996-03-13,,,,,False
1996-03-14,,,,,False
1996-03-15,,,,,False
1996-03-18,,,,,False
1996-03-19,,,,,False
1996-03-20,,,,,False
1996-03-21,,,,,False
1996-03-22,,,,,False
1996-03-25,,,,,False
1996-03-26,,,,,False
1996-03-27,,,,,False
1996-03-28,,,,,False
1996-03-29,,,,,False
1996-04-01,,,,,False
1996-04-02,,,,,False
1996-04-03,,,,,False
1996-04-04,,,,,False
1996-04-08,,,,,False
1996-04-09,,,,,False
1996-04-10,,,,,False
1996-04-11,,,,,False
1996-04-12,,,,,False
1996-04-15,,,,,False
1996-04-16,,,,,False
1996-04-17,,,,,False
1996-04-18,,,,,False
1996-04-19,,,,,False
1996-04-22,,,,,False
1996-04-23,,,,,False
1996-04-24,,,,,False
1996-04-25,,,,,False
1996-04-26,,,,,False
1996-04-29,,,,,False
1996-04-30,,,,,False
1996-05-01,,,,,False
1996-05-02,,,,,False
1996-05-03,,,,,False
1996-05-06,,,,,False
1996-05-07,,,,,False
1996-05-08,,,,,False
1996-05-09,,,,,False
1996-05-10,,,,,False
1996-05-13,,,,,False
1996-05-14,,,,,False
1996-05-15,,,,,False
1996-05-16,,,,,False
1996-05-17,,,,,False
1996-05-20,,,,,False
1996-05-21,,,,,False
1996-05-22,,,,,False
1996-05-23,,,,,False
1996-05-24,,,,,False
1996-05-28,,,,,False
1996-05-29,,,,,False
1996-05-30,,,,,False
1996-05-31,,,,,False
1996-06-03,,,,,False
1996-06-04,,,,,False
1996-06-05,,,,,False
1996-06-06,,,,,False
1996-06-07,,,,,False
1996-06-10,,,,,False
1996-06-11,,,,,False
1996-06-12,,,,,False
1996-06-13,,,,,False
1996-06-14,,,,,False
1996-06-17,,,,,False
1996-06-18,,,,,False
1996-06-19,,,,,False
1996-06-20,,,,,False
1996-06-21,,,,,False
1996-06-24,,,,,False
1996-06-25,,,,,False
1996-06-26,,,,,False
1996-06-27,,,,,False
1996-06-28,,,,,False
1996-07-01,,,,,False
1996-07-02,,,,,False
1996-07-03,,,,,False
1996-07-05,,,,,False
1996-07-08,,,,,False
1996-07-09,,,,,False
1996-07-10,,,,,False
1996-07-11,,,,,False
1996-07-12,,,,,False
1996-07-15,,,,,False
1996-07-16,,,,,False
1996-07-17,,,,,False
1996-07-18,,,,,False
1996-07-19,,,,,False
1996-07-22,,,,,False
1996-07-23,,,,,False
1996-07-24,,,,,False
1996-07-25,,,,,False
1996-07-26,,,,,False
1996-07-29,,,,,False
1996-07-30,,,,,False
1996-07-31,,,,,False
1996-08-01,,,,,False
1996-08-02,,,,,False
1996-08-05,,,,,False
1996-08-06,,,,,False
1996-08-07,,,,,False
1996-08-08,,,,,False
1996-08-09,,,,,False
1996-08-12,,,,,False
1996-08-13,,,,,False
1996-08-14,,,,,False
1996-08-15,,,,,False
1996-08-16,,,,,False
1996-08-19,,,,,False
1996-08-20,,,,,False
1996-08-21,,,,,False
1996-08-22,,,,,False
1996-08-23,,,,,False
1996-08-26,,,,,False
1996-08-27,,,,,False
1996-08-28,,,,,False
1996-08-29,,,,,False
1996-08-30,,,,,False
1996-09-03,,,,,False
1996-09-04,,,,,False
1996-09-05,,,,,False
1996-09-06,,,,,False
1996-09-09,,,,,False
1996-09-10,,,,,False
1996-09-11,,,,,False
1996-09-12,,,,,False
1996-09-13,,,,,False
1996-09-16,,,,,False
1996-09-17,,,,,False
1996-09-18,,,,,False
1996-09-19,,,,,False
1996-09-20,,,,,False
1996-09-23,,,,,False
1996-09-24,,,,,False
1996-09-25,,,,,False
1996-09-26,,,,,False
1996-09-27,,,,,False
1996-09-30,,,,,False
1996-10-01,,,,,False
1996-10-02,,,,,False
1996-10-03,,,,,False
1996-10-04,,,,,False
1996-10-07,,,,,False
1996-10-08,,,,,False
1996-10-09,,,,,False
1996-10-10,,,,,False
1996-10-11,,,,,False
1996-10-14,,,,,False
1996-10-15,,,,,False
1996-10-16,,,,,False
1996-10-17,,,,,False
1996-10-18,,,,,False
1996-10-21,,,,,False
1996-10-22,,,,,False
1996-10-23,,,,,False
1996-10-24,,,,,False
1996-10-25,,,,,False
1996-10-28,,,,,False
1996-10-29,,,,,False
1996-10-30,,,,,False
1996-10-31,,,,,False
1996-11-01,,,,,False
1996-11-04,,,,,False
1996-11-05,,,,,False
1996-11-06,,,,,False
1996-11-07,,,,,False
1996-11-08,,,,,False
1996-11-11,,,,,False
1996-11-12,,,,,False
1996-11-13,,,,,False
1996-11-14,,,,,False
1996-11-15,,,,,False
1996-11-18,,,,,False
1996-11-19,,,,,False
1996-11-20,,,,,False
1996-11-21,,,,,False
1996-11-22,,,,,False
1996-11-25,,,,,False
1996-11-26,,,,,False
1996-11-27,,,,,False
1996-11-29,,,,,False
1996-12-02,,,,,False
1996-12-03,,,,,False
1996-12-04,,,,,False
1996-12-05,,,,,False
1996-12-06,,,,,False
1996-12-09,,,,,False
1996-12-10,,,,,False
1996-12-11,,,,,False
1996-12-12,,,,,False
1996-12-13,,,,,False
1996-12-16,,,,,False
1996-12-17,,,,,False
1996-12-18,,,,,False
1996-12-19,,,,,False
1996-12-20,,,,,False
1996-12-23,,,,,False
1996-12-24,,,,,False
1996-12-26,,,,,False
1996-12-27,,,,,False
1996-12-30,,,,,False
1996-12-31,,,,,False
1997-01-02,,,,,False
1997-01-03,,,,,False
1997-01-06,,,,,False
1997-01-07,,,,,False
1997-01-08,,,,,False
1997-01-09,,,,,False
1997-01-10,,,,,False
1997-01-13,,,,,False
1997-01-14,0.4490685760974884,0.4490685760974884,2.0,0.0,False
1997-01-15,0.608103334903717,0.608103334903717,2.0,0.9876115549619704,False
1997-01-16,0.6407910585403442,0.6407910585403442,2.0,0.9876115549619704,False
1997-01-17,0.6281240582466125,0.6281240582466125,2.0,0.9876115549619704,False
1997-01-20,0.6286414861679077,0.6286414861679077,0.0,0.9876115549619704,False
1997-01-21,0.6641172766685486,0.6641172766685486,0.0,0.9876115549619704,False
1997-01-22,0.7466927766799927,0.7466927766799927,0.0,0.9876115549619704,False
1997-01-23,0.6558657288551331,0.6558657288551331,2.0,0.9876115549619704,False
1997-01-24,0.8864484429359436,0.8864484429359436,2.0,0.9876115549619704,False
1997-01-27,0.8726063966751099,0.8726063966751099,2.0,0.9876115549619704,False
1997-01-28,0.8403621912002563,0.8403621912002563,2.0,0.9876115549619704,False
1997-01-29,0.6631397604942322,0.6631397604942322,2.0,0.9876115549619704,False
1997-01-30,0.2919326722621918,0.2919326722621918,2.0,0.0,False
1997-01-31,0.47389280796051025,0.47389280796051025,0.0,0.0,False
1997-02-03,0.5826616883277893,0.5826616883277893,0.0,1.0,False
1997-02-04,0.6308972239494324,0.6308972239494324,0.0,1.0,False
1997-02-05,0.7176845073699951,0.7176845073699951,2.0,1.0,False
1997-02-06,0.5731525421142578,0.5731525421142578,2.0,0.0,False
1997-02-07,0.39737436175346375,0.39737436175346375,0.0,0.0,False
1997-02-10,0.7036932706832886,0.7036932706832886,2.0,1.0,False
1997-02-11,0.46653950214385986,0.46653950214385986,0.0,0.0,False
1997-02-12,0.4268385171890259,0.4268385171890259,0.0,0.0,False
1997-02-13,0.24763841927051544,0.24763841927051544,0.0,0.0,False
1997-02-14,0.32338273525238037,0.32338273525238037,0.0,0.0,False
1997-02-18,0.28285104036331177,0.28285104036331177,0.0,0.0,False
1997-02-19,0.2520025372505188,0.2520025372505188,0.0,0.0,False
1997-02-20,0.4462011754512787,0.4462011754512787,2.0,0.0,False
1997-02-21,0.6170142292976379,0.6170142292976379,0.0,0.9641663149042864,False
1997-02-24,0.19200611114501953,0.19200611114501953,0.0,0.0,False
1997-02-25,0.2703269422054291,0.2703269422054291,0.0,0.0,False
1997-02-26,0.7200632095336914,0.7200632095336914,2.0,0.9669535211117168,False
1997-02-27,0.8913280367851257,0.8913280367851257,2.0,0.9669535211117168,False
1997-02-28,0.706489622592926,0.706489622592926,2.0,0.9669535211117168,False
1997-03-03,0.7839893698692322,0.7839893698692322,2.0,0.9669535211117168,False
1997-03-04,0.7420085072517395,0.7420085072517395,2.0,0.9669535211117168,False
1997-03-05,0.4462412893772125,0.4462412893772125,2.0,0.0,False
1997-03-06,0.3793361485004425,0.3793361485004425,2.0,0.0,False
1997-03-07,0.21815967559814453,0.21815967559814453,2.0,0.0,False
1997-03-10,0.1372886747121811,0.1372886747121811,2.0,0.0,False
1997-03-11,0.1265529990196228,0.1265529990196228,2.0,0.0,False
1997-03-12,0.5373765230178833,0.5373765230178833,2.0,0.0,False
1997-03-13,0.9351560473442078,0.9351560473442078,2.0,0.9766487716610878,False
1997-03-14,0.9433361291885376,0.9433361291885376,2.0,0.9766487716610878,False
1997-03-17,0.9086035490036011,0.9086035490036011,2.0,0.9766487716610878,False
1997-03-18,0.9485388398170471,0.9485388398170471,1.0,0.9766487716610878,False
1997-03-19,0.9247090220451355,0.9247090220451355,1.0,0.9766487716610878,False
1997-03-20,0.7769964337348938,0.7769964337348938,1.0,0.9766487716610878,False
1997-03-21,0.7164835333824158,0.7164835333824158,1.0,0.9766487716610878,False
1997-03-24,0.7222254276275635,0.7222254276275635,1.0,0.9766487716610878,False
1997-03-25,0.8005567193031311,0.8005567193031311,1.0,0.9766487716610878,False
1997-03-26,0.5816572904586792,0.5816572904586792,1.0,0.9766487716610878,False
1997-03-27,0.3125077486038208,0.3125077486038208,1.0,0.0,False
1997-03-31,0.4954981803894043,0.4954981803894043,1.0,0.0,False
1997-04-01,0.36542290449142456,0.36542290449142456,1.0,0.0,False
1997-04-02,0.530733048915863,0.530733048915863,1.0,0.0,False
1997-04-03,0.5040404796600342,0.5040404796600342,1.0,0.0,False
1997-04-04,0.46156591176986694,0.46156591176986694,1.0,0.0,False
1997-04-07,0.5696115493774414,0.5696115493774414,1.0,0.0,False
1997-04-08,0.5160564184188843,0.5160564184188843,1.0,0.0,False
1997-04-09,0.643515408039093,0.643515408039093,1.0,0.8268537616044189,False
1997-04-10,0.5610921382904053,0.5610921382904053,1.0,0.0,False
1997-04-11,0.6213476061820984,0.6213476061820984,1.0,0.7385043983922275,False
1997-04-14,0.48822230100631714,0.48822230100631714,1.0,0.0,False
1997-04-15,0.7019672393798828,0.7019672393798828,2.0,0.6786702086131329,False
1997-04-16,0.5949026346206665,0.5949026346206665,2.0,0.6786702086131329,False
1997-04-17,0.506672739982605,0.506672739982605,2.0,0.0,False
1997-04-18,0.7373906970024109,0.7373906970024109,2.0,0.6672356046735384,False
1997-04-21,0.6256492137908936,0.6256492137908936,2.0,0.6672356046735384,False
1997-04-22,0.5442168116569519,0.5442168116569519,2.0,0.0,False
1997-04-23,0.47585758566856384,0.47585758566856384,2.0,0.0,False
1997-04-24,0.43226370215415955,0.43226370215415955,2.0,0.0,False
1997-04-25,0.6376200318336487,0.6376200318336487,2.0,0.698472861936287,False
1997-04-28,0.483420193195343,0.483420193195343,1.0,0.0,False
1997-04-29,0.4821315109729767,0.4821315109729767,1.0,0.0,False
1997-04-30,0.5493245720863342,0.5493245720863342,1.0,0.0,False
1997-05-01,0.6000561118125916,0.6000561118125916,1.0,0.6936150928815578,False
1997-05-02,0.4297931492328644,0.4297931492328644,1.0,0.0,False
1997-05-05,0.49897244572639465,0.49897244572639465,1.0,0.0,False
1997-05-06,0.5764737725257874,0.5764737725257874,1.0,0.0,False
1997-05-07,0.511388897895813,0.511388897895813,1.0,0.0,False
1997-05-08,0.4871193468570709,0.4871193468570709,1.0,0.0,False
1997-05-09,0.3708077073097229,0.3708077073097229,1.0,0.0,False
1997-05-12,0.37864989042282104,0.37864989042282104,1.0,0.0,False
1997-05-13,0.4630402624607086,0.4630402624607086,1.0,0.0,False
1997-05-14,0.6546775102615356,0.6546775102615356,1.0,0.7325821519338701,False
1997-05-15,0.634946882724762,0.634946882724762,1.0,0.7325821519338701,False
1997-05-16,0.6185086965560913,0.6185086965560913,1.0,0.7325821519338701,False
1997-05-19,0.23753011226654053,0.23753011226654053,1.0,0.0,False
1997-05-20,0.09086888283491135,0.09086888283491135,1.0,0.0,False
1997-05-21,0.12468652427196503,0.12468652427196503,1.0,0.0,False
1997-05-22,0.2541625201702118,0.2541625201702118,1.0,0.0,False
1997-05-23,0.13623006641864777,0.13623006641864777,1.0,0.0,False
1997-05-27,0.16919595003128052,0.16919595003128052,1.0,0.0,False
1997-05-28,0.11778150498867035,0.11778150498867035,2.0,0.0,False
1997-05-29,0.07540887594223022,0.07540887594223022,2.0,0.0,False
1997-05-30,0.0952613577246666,0.0952613577246666,2.0,0.0,False
1997-06-02,0.09571270644664764,0.09571270644664764,2.0,0.0,False
1997-06-03,0.3101777732372284,0.3101777732372284,2.0,0.0,False
1997-06-04,0.47089847922325134,0.47089847922325134,2.0,0.0,False
1997-06-05,0.11123442649841309,0.11123442649841309,1.0,0.0,False
1997-06-06,0.06946977972984314,0.06946977972984314,2.0,0.0,False
1997-06-09,0.12270016968250275,0.12270016968250275,2.0,0.0,False
1997-06-10,0.24059656262397766,0.24059656262397766,2.0,0.0,False
1997-06-11,0.2518700957298279,0.2518700957298279,2.0,0.0,False
1997-06-12,0.12521804869174957,0.12521804869174957,2.0,0.0,False
1997-06-13,0.10671307146549225,0.10671307146549225,2.0,0.0,False
1997-06-16,0.15719366073608398,0.15719366073608398,2.0,0.0,False
1997-06-17,0.17590196430683136,0.17590196430683136,2.0,0.0,False
1997-06-18,0.2520543336868286,0.2520543336868286,2.0,0.0,False
1997-06-19,0.1018916592001915,0.1018916592001915,2.0,0.0,False
1997-06-20,0.13900543749332428,0.13900543749332428,2.0,0.0,False
1997-06-23,0.6584873795509338,0.6584873795509338,2.0,1.0,False
1997-06-24,0.10053019970655441,0.10053019970655441,2.0,0.0,False
1997-06-25,0.14867542684078217,0.14867542684078217,2.0,0.0,False
1997-06-26,0.4881281852722168,0.4881281852722168,2.0,0.0,False
1997-06-27,0.26093196868896484,0.26093196868896484,2.0,0.0,False
1997-06-30,0.2845574617385864,0.2845574617385864,2.0,0.0,False
1997-07-01,0.11337768286466599,0.11337768286466599,2.0,0.0,False
1997-07-02,0.08960124850273132,0.08960124850273132,1.0,0.0,False
1997-07-03,0.1280747503042221,0.1280747503042221,2.0,0.0,False
1997-07-07,0.184955433011055,0.184955433011055,2.0,0.0,False
1997-07-08,0.15317656099796295,0.15317656099796295,2.0,0.0,False
1997-07-09,0.17669735848903656,0.17669735848903656,2.0,0.0,False
1997-07-10,0.0784919261932373,0.0784919261932373,2.0,0.0,False
1997-07-11,0.21784332394599915,0.21784332394599915,2.0,0.0,False
1997-07-14,0.10038942098617554,0.10038942098617554,2.0,0.0,False
1997-07-15,0.3169630467891693,0.3169630467891693,1.0,0.0,False
1997-07-16,0.35453933477401733,0.35453933477401733,1.0,0.0,False
1997-07-17,0.5037405490875244,0.5037405490875244,1.0,0.0,False
1997-07-18,0.8247754573822021,0.8247754573822021,1.0,0.750671591714013,False
1997-07-21,0.7856417298316956,0.7856417298316956,1.0,0.750671591714013,False
1997-07-22,0.4451843202114105,0.4451843202114105,1.0,0.0,False
1997-07-23,0.5059177875518799,0.5059177875518799,1.0,0.0,False
1997-07-24,0.6040201783180237,0.6040201783180237,1.0,0.8594097121662275,False
1997-07-25,0.6384856700897217,0.6384856700897217,1.0,0.8594097121662275,False
1997-07-28,0.6620879173278809,0.6620879173278809,1.0,0.8594097121662275,False
1997-07-29,0.634032130241394,0.634032130241394,1.0,0.8594097121662275,False
1997-07-30,0.20892870426177979,0.20892870426177979,1.0,0.0,False
1997-07-31,0.4333689212799072,0.4333689212799072,1.0,0.0,False
1997-08-01,0.492387980222702,0.492387980222702,1.0,0.0,False
1997-08-04,0.36029455065727234,0.36029455065727234,1.0,0.0,False
1997-08-05,0.2885977327823639,0.2885977327823639,1.0,0.0,False
1997-08-06,0.4133717715740204,0.4133717715740204,1.0,0.0,False
1997-08-07,0.3774876296520233,0.3774876296520233,1.0,0.0,False
1997-08-08,0.840997040271759,0.840997040271759,2.0,0.8965967946257019,False
1997-08-11,0.6984912753105164,0.6984912753105164,1.0,0.8965967946257019,False
1997-08-12,0.8653871417045593,0.8653871417045593,2.0,0.8965967946257019,False
1997-08-13,0.7843155264854431,0.7843155264854431,2.0,0.8965967946257019,False
1997-08-14,0.904528021812439,0.904528021812439,2.0,0.8965967946257019,False
1997-08-15,0.8753659129142761,0.8753659129142761,2.0,0.7922109149151286,False
1997-08-18,0.8114296197891235,0.8114296197891235,2.0,0.7922109149151286,False
1997-08-19,0.6597771048545837,0.6597771048545837,2.0,0.7922109149151286,False
1997-08-20,0.7933251261711121,0.7933251261711121,2.0,0.7922109149151286,False
1997-08-21,0.803581178188324,0.803581178188324,2.0,0.7922109149151286,False
1997-08-22,0.7846595048904419,0.7846595048904419,2.0,0.7922109149151286,False
1997-08-25,0.8567358255386353,0.8567358255386353,2.0,0.7922109149151286,False
1997-08-26,0.9372057318687439,0.9372057318687439,2.0,0.7922109149151286,False
1997-08-27,0.9181106686592102,0.9181106686592102,2.0,0.7922109149151286,False
1997-08-28,0.9203112721443176,0.9203112721443176,2.0,0.7922109149151286,False
1997-08-29,0.8795555233955383,0.8795555233955383,2.0,0.7922109149151286,False
1997-09-02,0.6156015396118164,0.6156015396118164,2.0,0.6115950841739012,False
1997-09-03,0.7452895641326904,0.7452895641326904,2.0,0.6115950841739012,False
1997-09-04,0.7459835410118103,0.7459835410118103,2.0,0.6115950841739012,False
1997-09-05,0.8396428227424622,0.8396428227424622,2.0,0.6115950841739012,False
1997-09-08,0.6301979422569275,0.6301979422569275,2.0,0.6115950841739012,False
1997-09-09,0.5040103793144226,0.5040103793144226,2.0,0.0,False
1997-09-10,0.9505199193954468,0.9505199193954468,2.0,0.6334359413199725,False
1997-09-11,0.9048076272010803,0.9048076272010803,2.0,0.6334359413199725,False
1997-09-12,0.8567405343055725,0.8567405343055725,2.0,0.6334359413199725,False
1997-09-15,0.9263964891433716,0.9263964891433716,1.0,0.6334359413199725,False
1997-09-16,0.7316540479660034,0.7316540479660034,1.0,0.6334359413199725,False
1997-09-17,0.689952552318573,0.689952552318573,1.0,0.6334359413199725,False
1997-09-18,0.6966881155967712,0.6966881155967712,2.0,0.6334359413199725,False
1997-09-19,0.5333046913146973,0.5333046913146973,1.0,0.0,False
1997-09-22,0.7192189693450928,0.7192189693450928,1.0,0.7527581733660363,False
1997-09-23,0.6199333071708679,0.6199333071708679,1.0,0.7527581733660363,False
1997-09-24,0.7954829335212708,0.7954829335212708,1.0,0.7527581733660363,False
1997-09-25,0.8431559205055237,0.8431559205055237,1.0,0.7527581733660363,False
1997-09-26,0.7630469799041748,0.7630469799041748,1.0,0.7527581733660363,False
1997-09-29,0.5722798705101013,0.5722798705101013,1.0,0.0,False
1997-09-30,0.6636533737182617,0.6636533737182617,1.0,0.9481532297478484,False
1997-10-01,0.4537057876586914,0.4537057876586914,1.0,0.0,False
1997-10-02,0.5610446929931641,0.5610446929931641,1.0,0.0,False
1997-10-03,0.7320658564567566,0.7320658564567566,1.0,0.9286199360965071,False
1997-10-06,0.5164322257041931,0.5164322257041931,1.0,0.0,False
1997-10-07,0.47029808163642883,0.47029808163642883,1.0,0.0,False
1997-10-08,0.6087607145309448,0.6087607145309448,1.0,1.0,False
1997-10-09,0.5022087097167969,0.5022087097167969,1.0,0.0,False
1997-10-10,0.5980870723724365,0.5980870723724365,1.0,1.0,False
1997-10-13,0.7278295159339905,0.7278295159339905,1.0,1.0,False
1997-10-14,0.8802938461303711,0.8802938461303711,0.0,1.0,False
1997-10-15,0.735754132270813,0.735754132270813,0.0,1.0,False
1997-10-16,0.8656300902366638,0.8656300902366638,0.0,1.0,False
1997-10-17,0.8665538430213928,0.8665538430213928,0.0,1.0,False
1997-10-20,0.879093587398529,0.879093587398529,2.0,1.0,False
1997-10-21,0.48094427585601807,0.48094427585601807,1.0,0.0,False
1997-10-22,0.5064762234687805,0.5064762234687805,1.0,0.0,False
1997-10-23,0.3987026512622833,0.3987026512622833,2.0,0.0,False
1997-10-24,0.5056965947151184,0.5056965947151184,2.0,0.0,False
1997-10-27,0.8015543818473816,0.8015543818473816,2.0,0.4960532628629668,False
1997-10-28,0.7515662312507629,0.7515662312507629,2.0,0.4960532628629668,False
1997-10-29,0.7819578647613525,0.7819578647613525,2.0,0.4960532628629668,False
1997-10-30,0.8247933983802795,0.8247933983802795,2.0,0.4960532628629668,False
1997-10-31,0.8218051195144653,0.8218051195144653,2.0,0.38894469161142425,False
1997-11-03,0.579592764377594,0.579592764377594,2.0,0.0,False
1997-11-04,0.5440706014633179,0.5440706014633179,2.0,0.0,False
1997-11-05,0.5515397191047668,0.5515397191047668,2.0,0.0,False
1997-11-06,0.6084235310554504,0.6084235310554504,2.0,0.38335089106864767,False
1997-11-07,0.6557369232177734,0.6557369232177734,2.0,0.38335089106864767,False
1997-11-10,0.9434915781021118,0.9434915781021118,2.0,0.38335089106864767,False
1997-11-11,0.9076019525527954,0.9076019525527954,2.0,0.38335089106864767,False
1997-11-12,0.9644371867179871,0.9644371867179871,2.0,0.38335089106864767,False
1997-11-13,0.9201592803001404,0.9201592803001404,2.0,0.38335089106864767,False
1997-11-14,0.8619741201400757,0.8619741201400757,2.0,0.38335089106864767,False
1997-11-17,0.5722217559814453,0.5722217559814453,2.0,0.0,False
1997-11-18,0.5189870595932007,0.5189870595932007,2.0,0.0,False
1997-11-19,0.7527869939804077,0.7527869939804077,2.0,0.37669651525838166,False
1997-11-20,0.5705037713050842,0.5705037713050842,2.0,0.0,False
1997-11-21,0.544691801071167,0.544691801071167,1.0,0.0,False
1997-11-24,0.8206364512443542,0.8206364512443542,1.0,0.5132971808727602,False
1997-11-25,0.5318549871444702,0.5318549871444702,1.0,0.0,False
1997-11-26,0.5339399576187134,0.5339399576187134,1.0,0.0,False
1997-11-28,0.7293804287910461,0.7293804287910461,1.0,0.7741851894700238,False
1997-12-01,0.8072556257247925,0.8072556257247925,1.0,0.7741851894700238,False
1997-12-02,0.5012082457542419,0.5012082457542419,1.0,0.0,False
1997-12-03,0.7389014959335327,0.7389014959335327,1.0,0.7993700344364576,False
1997-12-04,0.5979267358779907,0.5979267358779907,1.0,0.7993700344364576,False
1997-12-05,0.6792712211608887,0.6792712211608887,1.0,0.7993700344364576,False
1997-12-08,0.6002182960510254,0.6002182960510254,1.0,0.7993700344364576,False
1997-12-09,0.5846717953681946,0.5846717953681946,1.0,0.7993700344364576,False
1997-12-10,0.8666460514068604,0.8666460514068604,1.0,0.7993700344364576,False
1997-12-11,0.9482772946357727,0.9482772946357727,1.0,0.7993700344364576,False
1997-12-12,0.9225016236305237,0.9225016236305237,1.0,0.7993700344364576,False
1997-12-15,0.8718220591545105,0.8718220591545105,1.0,0.7993700344364576,False
1997-12-16,0.6703690886497498,0.6703690886497498,1.0,0.9039402102523436,False
1997-12-17,0.6731680035591125,0.6731680035591125,1.0,0.9039402102523436,False
1997-12-18,0.5439093112945557,0.5439093112945557,2.0,0.0,False
1997-12-19,0.5493913292884827,0.5493913292884827,2.0,0.0,False
1997-12-22,0.661730170249939,0.661730170249939,2.0,0.9243212369417212,False
1997-12-23,0.8160641193389893,0.8160641193389893,2.0,0.9243212369417212,False
1997-12-24,0.7749101519584656,0.7749101519584656,2.0,0.9243212369417212,False
1997-12-26,0.7970661520957947,0.7970661520957947,2.0,0.9243212369417212,False
1997-12-29,0.4240603744983673,0.4240603744983673,2.0,0.0,False
1997-12-30,0.4985221326351166,0.4985221326351166,2.0,0.0,False
1997-12-31,0.526555061340332,0.526555061340332,2.0,0.0,False
1998-01-02,0.47737351059913635,0.47737351059913635,2.0,0.0,False
1998-01-05,0.7136924862861633,0.7136924862861633,2.0,0.9350421716809708,False
1998-01-06,0.5455152988433838,0.5455152988433838,2.0,0.0,False
1998-01-07,0.6714240312576294,0.6714240312576294,2.0,0.9170613783226,False
1998-01-08,0.8421646952629089,0.8421646952629089,2.0,0.9170613783226,False
1998-01-09,0.8540544509887695,0.8540544509887695,2.0,0.7407242295131342,False
1998-01-12,0.809664249420166,0.809664249420166,2.0,0.7407242295131342,False
1998-01-13,0.8593632578849792,0.8593632578849792,1.0,0.7407242295131342,False
1998-01-14,0.7108166813850403,0.7108166813850403,1.0,0.7407242295131342,False
1998-01-15,0.8182821273803711,0.8182821273803711,2.0,0.7407242295131342,False
1998-01-16,0.3136044442653656,0.3136044442653656,1.0,0.0,False
1998-01-20,0.46399950981140137,0.46399950981140137,1.0,0.0,False
1998-01-21,0.6347743272781372,0.6347743272781372,1.0,0.6736704882399973,False
1998-01-22,0.638347864151001,0.638347864151001,1.0,0.6736704882399973,False
1998-01-23,0.720279335975647,0.720279335975647,1.0,0.6736704882399973,False
1998-01-26,0.8450530767440796,0.8450530767440796,1.0,0.6736704882399973,False
1998-01-27,0.8740949630737305,0.8740949630737305,1.0,0.6736704882399973,False
1998-01-28,0.5976874232292175,0.5976874232292175,1.0,0.6736704882399973,False
1998-01-29,0.6988206505775452,0.6988206505775452,1.0,0.6736704882399973,False
1998-01-30,0.5318076610565186,0.5318076610565186,1.0,0.0,False
1998-02-02,0.4172772467136383,0.4172772467136383,1.0,0.0,False
1998-02-03,0.40356671810150146,0.40356671810150146,1.0,0.0,False
1998-02-04,0.4835943281650543,0.4835943281650543,1.0,0.0,False
1998-02-05,0.481926828622818,0.481926828622818,1.0,0.0,False
1998-02-06,0.44395604729652405,0.44395604729652405,1.0,0.0,False
1998-02-09,0.4016610383987427,0.4016610383987427,1.0,0.0,False
1998-02-10,0.3649745285511017,0.3649745285511017,1.0,0.0,False
1998-02-11,0.43111100792884827,0.43111100792884827,1.0,0.0,False
1998-02-12,0.6304737329483032,0.6304737329483032,1.0,1.0,False
1998-02-13,0.32262617349624634,0.32262617349624634,1.0,0.0,False
1998-02-17,0.4916057884693146,0.4916057884693146,1.0,0.0,False
1998-02-18,0.4306912422180176,0.4306912422180176,1.0,0.0,False
1998-02-19,0.49989548325538635,0.49989548325538635,1.0,0.0,False
1998-02-20,0.2954118549823761,0.2954118549823761,1.0,0.0,False
1998-02-23,0.455279678106308,0.455279678106308,1.0,0.0,False
1998-02-24,0.3695330321788788,0.3695330321788788,1.0,0.0,False
1998-02-25,0.4018661081790924,0.4018661081790924,1.0,0.0,False
1998-02-26,0.5052628517150879,0.5052628517150879,1.0,0.0,False
1998-02-27,0.4961414039134979,0.4961414039134979,1.0,0.0,False
1998-03-02,0.496117502450943,0.496117502450943,1.0,0.0,False
1998-03-03,0.6627395153045654,0.6627395153045654,1.0,1.0,False
1998-03-04,0.5481888055801392,0.5481888055801392,1.0,0.0,False
1998-03-05,0.6181285977363586,0.6181285977363586,0.0,1.0,False
1998-03-06,0.5096526145935059,0.5096526145935059,1.0,0.0,False
1998-03-09,0.6726099252700806,0.6726099252700806,1.0,1.0,False
1998-03-10,0.5949264168739319,0.5949264168739319,1.0,1.0,False
1998-03-11,0.6598309874534607,0.6598309874534607,1.0,1.0,False
1998-03-12,0.5272262096405029,0.5272262096405029,1.0,0.0,False
1998-03-13,0.4876718819141388,0.4876718819141388,1.0,0.0,False
1998-03-16,0.4624837636947632,0.4624837636947632,1.0,0.0,False
1998-03-17,0.5579871535301208,0.5579871535301208,1.0,0.0,False
1998-03-18,0.5705478191375732,0.5705478191375732,1.0,0.0,False
1998-03-19,0.5905805230140686,0.5905805230140686,1.0,1.0,False
1998-03-20,0.6012131571769714,0.6012131571769714,1.0,1.0,False
1998-03-23,0.5944639444351196,0.5944639444351196,1.0,1.0,False
1998-03-24,0.5063449740409851,0.5063449740409851,1.0,0.0,False
1998-03-25,0.6359567642211914,0.6359567642211914,1.0,1.0,False
1998-03-26,0.5995802879333496,0.5995802879333496,1.0,1.0,False
1998-03-27,0.6455326676368713,0.6455326676368713,1.0,1.0,False
1998-03-30,0.5375441312789917,0.5375441312789917,1.0,0.0,False
1998-03-31,0.6435161828994751,0.6435161828994751,1.0,1.0,False
1998-04-01,0.34276083111763,0.34276083111763,1.0,0.0,False
1998-04-02,0.5362052321434021,0.5362052321434021,1.0,0.0,False
1998-04-03,0.57436203956604,0.57436203956604,1.0,0.0,False
1998-04-06,0.7467349171638489,0.7467349171638489,0.0,1.0,False
1998-04-07,0.5637698769569397,0.5637698769569397,0.0,0.0,False
1998-04-08,0.5837360620498657,0.5837360620498657,0.0,1.0,False
1998-04-09,0.5229235887527466,0.5229235887527466,0.0,0.0,False
1998-04-13,0.7493906617164612,0.7493906617164612,0.0,1.0,False
1998-04-14,0.444796621799469,0.444796621799469,0.0,0.0,False
1998-04-15,0.5195465087890625,0.5195465087890625,0.0,0.0,False
1998-04-16,0.5299171805381775,0.5299171805381775,0.0,0.0,False
1998-04-17,0.40489885210990906,0.40489885210990906,0.0,0.0,False
1998-04-20,0.4817304313182831,0.4817304313182831,1.0,0.0,False
1998-04-21,0.5234311819076538,0.5234311819076538,0.0,0.0,False
1998-04-22,0.5123172402381897,0.5123172402381897,1.0,0.0,False
1998-04-23,0.5170987248420715,0.5170987248420715,0.0,0.0,False
1998-04-24,0.6102444529533386,0.6102444529533386,0.0,1.0,False
1998-04-27,0.6303994059562683,0.6303994059562683,0.0,1.0,False
1998-04-28,0.7550623416900635,0.7550623416900635,0.0,1.0,False
1998-04-29,0.7442363500595093,0.7442363500595093,0.0,1.0,False
1998-04-30,0.40354785323143005,0.40354785323143005,1.0,0.0,False
1998-05-01,0.35572123527526855,0.35572123527526855,1.0,0.0,False
1998-05-04,0.3353811800479889,0.3353811800479889,1.0,0.0,False
1998-05-05,0.4271700382232666,0.4271700382232666,1.0,0.0,False
1998-05-06,0.42752939462661743,0.42752939462661743,1.0,0.0,False
1998-05-07,0.6315764784812927,0.6315764784812927,1.0,0.9627984551186235,False
1998-05-08,0.4616890847682953,0.4616890847682953,1.0,0.0,False
1998-05-11,0.6387742161750793,0.6387742161750793,1.0,0.912110767048529,False
1998-05-12,0.3438474237918854,0.3438474237918854,1.0,0.0,False
1998-05-13,0.34460994601249695,0.34460994601249695,1.0,0.0,False
1998-05-14,0.36449486017227173,0.36449486017227173,1.0,0.0,False
1998-05-15,0.38141992688179016,0.38141992688179016,1.0,0.0,False
1998-05-18,0.44220733642578125,0.44220733642578125,1.0,0.0,False
1998-05-19,0.467801958322525,0.467801958322525,1.0,0.0,False
1998-05-20,0.31946277618408203,0.31946277618408203,1.0,0.0,False
1998-05-21,0.58038330078125,0.58038330078125,1.0,0.9462955632034269,False
1998-05-22,0.6351606845855713,0.6351606845855713,1.0,0.9462955632034269,False
1998-05-26,0.7740476727485657,0.7740476727485657,1.0,0.9462955632034269,False
1998-05-27,0.662764847278595,0.662764847278595,1.0,0.9462955632034269,False
1998-05-28,0.7567059397697449,0.7567059397697449,1.0,0.9462955632034269,False
1998-05-29,0.8334546089172363,0.8334546089172363,0.0,0.9462955632034269,False
1998-06-01,0.6909145712852478,0.6909145712852478,0.0,0.9462955632034269,False
1998-06-02,0.6075027585029602,0.6075027585029602,0.0,0.9462955632034269,False
1998-06-03,0.7330393195152283,0.7330393195152283,0.0,0.9462955632034269,False
1998-06-04,0.5171714425086975,0.5171714425086975,1.0,0.0,False
1998-06-05,0.5245060920715332,0.5245060920715332,1.0,0.0,False
1998-06-08,0.34468117356300354,0.34468117356300354,1.0,0.0,False
1998-06-09,0.41266068816185,0.41266068816185,1.0,0.0,False
1998-06-10,0.4148285388946533,0.4148285388946533,1.0,0.0,False
1998-06-11,0.7649332880973816,0.7649332880973816,1.0,0.918223918884258,False
1998-06-12,0.7596897482872009,0.7596897482872009,1.0,0.918223918884258,False
1998-06-15,0.8212528824806213,0.8212528824806213,1.0,0.7897854325854219,False
1998-06-16,0.8990572690963745,0.8990572690963745,1.0,0.7897854325854219,False
1998-06-17,0.6981914639472961,0.6981914639472961,1.0,0.7897854325854219,False
1998-06-18,0.7563314437866211,0.7563314437866211,1.0,0.7897854325854219,False
1998-06-19,0.846622109413147,0.846622109413147,1.0,0.7897854325854219,False
1998-06-22,0.6711682081222534,0.6711682081222534,1.0,0.7897854325854219,False
1998-06-23,0.5606962442398071,0.5606962442398071,1.0,0.0,False
1998-06-24,0.6978451013565063,0.6978451013565063,1.0,0.7183990494459632,False
1998-06-25,0.6129747033119202,0.6129747033119202,1.0,0.7183990494459632,False
1998-06-26,0.5758480429649353,0.5758480429649353,1.0,0.0,False
1998-06-29,0.6564608216285706,0.6564608216285706,1.0,0.7338188006429828,False
1998-06-30,0.7138225436210632,0.7138225436210632,1.0,0.7338188006429828,False
1998-07-01,0.5622096061706543,0.5622096061706543,1.0,0.0,False
1998-07-02,0.5125887393951416,0.5125887393951416,1.0,0.0,False
1998-07-06,0.521793782711029,0.521793782711029,1.0,0.0,False
1998-07-07,0.645451545715332,0.645451545715332,1.0,0.8247043352307761,False
1998-07-08,0.6882661581039429,0.6882661581039429,1.0,0.8247043352307761,False
1998-07-09,0.5724983811378479,0.5724983811378479,1.0,0.0,False
1998-07-10,0.4326968491077423,0.4326968491077423,1.0,0.0,False
1998-07-13,0.47452181577682495,0.47452181577682495,1.0,0.0,False
1998-07-14,0.6215422749519348,0.6215422749519348,1.0,1.0,False
1998-07-15,0.6566875576972961,0.6566875576972961,1.0,1.0,False
1998-07-16,0.6760291457176208,0.6760291457176208,1.0,1.0,False
1998-07-17,0.6746063828468323,0.6746063828468323,1.0,1.0,False
1998-07-20,0.5731651782989502,0.5731651782989502,1.0,0.0,False
1998-07-21,0.8276408314704895,0.8276408314704895,1.0,1.0,False
1998-07-22,0.6229100227355957,0.6229100227355957,1.0,1.0,False
1998-07-23,0.7407886981964111,0.7407886981964111,0.0,1.0,False
1998-07-24,0.7003469467163086,0.7003469467163086,0.0,1.0,False
1998-07-27,0.7065142393112183,0.7065142393112183,0.0,1.0,False
1998-07-28,0.7020795941352844,0.7020795941352844,0.0,1.0,False
1998-07-29,0.6063387393951416,0.6063387393951416,0.0,1.0,False
1998-07-30,0.40850669145584106,0.40850669145584106,1.0,0.0,False
1998-07-31,0.7007306814193726,0.7007306814193726,2.0,0.8975256023874053,False
1998-08-03,0.577056884765625,0.577056884765625,2.0,0.0,False
1998-08-04,0.9246622323989868,0.9246622323989868,2.0,0.7217873304322919,False
1998-08-05,0.886421263217926,0.886421263217926,2.0,0.7217873304322919,False
1998-08-06,0.8693085312843323,0.8693085312843323,2.0,0.7217873304322919,False
1998-08-07,0.8821107149124146,0.8821107149124146,2.0,0.7217873304322919,False
1998-08-10,0.8786094188690186,0.8786094188690186,2.0,0.7217873304322919,False
1998-08-11,0.847392201423645,0.847392201423645,2.0,0.7217873304322919,False
1998-08-12,0.8245148062705994,0.8245148062705994,2.0,0.7217873304322919,False
1998-08-13,0.9589380621910095,0.9589380621910095,2.0,0.7217873304322919,False
1998-08-14,0.9731417298316956,0.9731417298316956,2.0,0.7217873304322919,False
1998-08-17,0.8229265809059143,0.8229265809059143,2.0,0.7217873304322919,False
1998-08-18,0.726299524307251,0.726299524307251,2.0,0.604873595817935,False
1998-08-19,0.8121657371520996,0.8121657371520996,2.0,0.604873595817935,False
1998-08-20,0.843313992023468,0.843313992023468,2.0,0.604873595817935,False
1998-08-21,0.9332594275474548,0.9332594275474548,2.0,0.604873595817935,False
1998-08-24,0.8888694047927856,0.8888694047927856,2.0,0.604873595817935,False
1998-08-25,0.9707928895950317,0.9707928895950317,2.0,0.604873595817935,False
1998-08-26,0.9743804335594177,0.9743804335594177,2.0,0.604873595817935,False
1998-08-27,0.953182578086853,0.953182578086853,2.0,0.604873595817935,False
1998-08-28,0.920904278755188,0.920904278755188,2.0,0.604873595817935,False
1998-08-31,0.9343044757843018,0.9343044757843018,2.0,0.4157256437490321,False
1998-09-01,0.9029862880706787,0.9029862880706787,2.0,0.4157256437490321,False
1998-09-02,0.9291086792945862,0.9291086792945862,2.0,0.4157256437490321,False
1998-09-03,0.925892174243927,0.925892174243927,2.0,0.4157256437490321,False
1998-09-04,0.925892174243927,0.925892174243927,2.0,0.4157256437490321,False
1998-09-08,0.3809146583080292,0.3809146583080292,2.0,0.0,False
1998-09-09,0.9026501178741455,0.9026501178741455,2.0,0.346126152697627,False
1998-09-10,0.8933686017990112,0.8933686017990112,2.0,0.346126152697627,False
1998-09-11,0.6671448945999146,0.6671448945999146,2.0,0.346126152697627,False
1998-09-14,0.56991046667099,0.56991046667099,2.0,0.0,False
1998-09-15,0.8970128893852234,0.8970128893852234,2.0,0.3361805029308637,False
1998-09-16,0.6843289136886597,0.6843289136886597,2.0,0.3361805029308637,False
1998-09-17,0.6770554184913635,0.6770554184913635,2.0,0.3361805029308637,False
1998-09-18,0.889220118522644,0.889220118522644,2.0,0.3361805029308637,False
1998-09-21,0.975662887096405,0.975662887096405,2.0,0.3361805029308637,False
1998-09-22,0.8768591284751892,0.8768591284751892,2.0,0.3361805029308637,False
1998-09-23,0.8927090764045715,0.8927090764045715,2.0,0.3361805029308637,False
1998-09-24,0.8956859707832336,0.8956859707832336,2.0,0.3361805029308637,False
1998-09-25,0.892025887966156,0.892025887966156,2.0,0.3361805029308637,False
1998-09-28,0.7460638880729675,0.7460638880729675,2.0,0.3361805029308637,False
1998-09-29,0.8388729095458984,0.8388729095458984,1.0,0.3361805029308637,False
1998-09-30,0.9737900495529175,0.9737900495529175,1.0,0.3361805029308637,False
1998-10-01,0.9698557257652283,0.9698557257652283,1.0,0.3361805029308637,False
1998-10-02,0.9691990613937378,0.9691990613937378,1.0,0.3361805029308637,False
1998-10-05,0.9683310985565186,0.9683310985565186,1.0,0.3361805029308637,False
1998-10-06,0.9576932787895203,0.9576932787895203,2.0,0.45709507757493767,False
1998-10-07,0.9679471254348755,0.9679471254348755,1.0,0.45709507757493767,False
1998-10-08,0.9363812804222107,0.9363812804222107,1.0,0.45709507757493767,False
1998-10-09,0.9507222175598145,0.9507222175598145,2.0,0.45709507757493767,False
1998-10-12,0.8567014336585999,0.8567014336585999,2.0,0.45709507757493767,False
1998-10-13,0.49016091227531433,0.49016091227531433,2.0,0.0,False
1998-10-14,0.444574236869812,0.444574236869812,1.0,0.0,False
1998-10-15,0.5850695371627808,0.5850695371627808,2.0,0.44225039717647135,False
1998-10-16,0.6263954639434814,0.6263954639434814,2.0,0.44225039717647135,False
1998-10-19,0.46485331654548645,0.46485331654548645,2.0,0.0,False
1998-10-20,0.6402885913848877,0.6402885913848877,2.0,0.44303566228371966,False
1998-10-21,0.43236708641052246,0.43236708641052246,2.0,0.0,False
1998-10-22,0.7933192253112793,0.7933192253112793,1.0,0.5037087452237239,False
1998-10-23,0.8720769286155701,0.8720769286155701,1.0,0.5037087452237239,False
1998-10-26,0.7976260781288147,0.7976260781288147,1.0,0.5037087452237239,False
1998-10-27,0.8736276030540466,0.8736276030540466,1.0,0.5037087452237239,False
1998-10-28,0.8057581782341003,0.8057581782341003,1.0,0.5037087452237239,False
1998-10-29,0.7442988157272339,0.7442988157272339,1.0,0.5037087452237239,False
1998-10-30,0.7353495955467224,0.7353495955467224,1.0,0.5037087452237239,False
1998-11-02,0.46023887395858765,0.46023887395858765,1.0,0.0,False
1998-11-03,0.46356698870658875,0.46356698870658875,1.0,0.0,False
1998-11-04,0.5368590950965881,0.5368590950965881,1.0,0.0,False
1998-11-05,0.46593406796455383,0.46593406796455383,1.0,0.0,False
1998-11-06,0.478201687335968,0.478201687335968,1.0,0.0,False
1998-11-09,0.7605441212654114,0.7605441212654114,1.0,0.648574044868436,False
1998-11-10,0.7947622537612915,0.7947622537612915,1.0,0.648574044868436,False
1998-11-11,0.8131669163703918,0.8131669163703918,1.0,0.648574044868436,False
1998-11-12,0.7459403276443481,0.7459403276443481,1.0,0.9859109870836439,False
1998-11-13,0.45411375164985657,0.45411375164985657,1.0,0.0,False
1998-11-16,0.39709731936454773,0.39709731936454773,1.0,0.0,False
1998-11-17,0.4394051432609558,0.4394051432609558,1.0,0.0,False
1998-11-18,0.4340209662914276,0.4340209662914276,1.0,0.0,False
1998-11-19,0.40173038840293884,0.40173038840293884,1.0,0.0,False
1998-11-20,0.6070671677589417,0.6070671677589417,1.0,1.0,False
1998-11-23,0.5028938055038452,0.5028938055038452,1.0,0.0,False
1998-11-24,0.5374230146408081,0.5374230146408081,1.0,0.0,False
1998-11-25,0.5580463409423828,0.5580463409423828,1.0,0.0,False
1998-11-27,0.5928890705108643,0.5928890705108643,1.0,1.0,False
1998-11-30,0.8778235912322998,0.8778235912322998,1.0,0.845983979511167,False
1998-12-01,0.8358880281448364,0.8358880281448364,1.0,0.845983979511167,False
1998-12-02,0.7828631401062012,0.7828631401062012,1.0,0.845983979511167,False
1998-12-03,0.9123027324676514,0.9123027324676514,1.0,0.845983979511167,False
1998-12-04,0.8621866703033447,0.8621866703033447,1.0,0.845983979511167,False
1998-12-07,0.7067955136299133,0.7067955136299133,1.0,0.845983979511167,False
1998-12-08,0.7942445278167725,0.7942445278167725,1.0,0.845983979511167,False
1998-12-09,0.789360761642456,0.789360761642456,1.0,0.845983979511167,False
1998-12-10,0.9092208743095398,0.9092208743095398,1.0,0.7422783366022141,False
1998-12-11,0.8584599494934082,0.8584599494934082,1.0,0.7422783366022141,False
1998-12-14,0.9501126408576965,0.9501126408576965,1.0,0.7422783366022141,False
1998-12-15,0.8587465286254883,0.8587465286254883,1.0,0.6149800854104683,False
1998-12-16,0.8824350237846375,0.8824350237846375,1.0,0.6149800854104683,False
1998-12-17,0.8038637042045593,0.8038637042045593,1.0,0.6149800854104683,False
1998-12-18,0.7539069652557373,0.7539069652557373,1.0,0.6149800854104683,False
1998-12-21,0.6531875729560852,0.6531875729560852,1.0,0.6149800854104683,False
1998-12-22,0.6555342078208923,0.6555342078208923,1.0,0.6149800854104683,False
1998-12-23,0.5359078049659729,0.5359078049659729,1.0,0.0,False
1998-12-24,0.4198063313961029,0.4198063313961029,1.0,0.0,False
1998-12-28,0.5260546207427979,0.5260546207427979,1.0,0.0,False
1998-12-29,0.4551236927509308,0.4551236927509308,1.0,0.0,False
1998-12-30,0.6195123791694641,0.6195123791694641,1.0,0.6625338110595675,False
1998-12-31,0.6731842160224915,0.6731842160224915,1.0,0.6625338110595675,False
1999-01-04,0.7596272230148315,0.7596272230148315,1.0,0.6625338110595675,False
1999-01-05,0.5298498868942261,0.5298498868942261,1.0,0.0,False
1999-01-06,0.5319334268569946,0.5319334268569946,1.0,0.0,False
1999-01-07,0.6666747331619263,0.6666747331619263,1.0,0.7004994850079185,False
1999-01-08,0.4646300673484802,0.4646300673484802,1.0,0.0,False
1999-01-11,0.751971960067749,0.751971960067749,1.0,0.716809330559906,False
1999-01-12,0.8469783067703247,0.8469783067703247,1.0,0.716809330559906,False
1999-01-13,0.682640016078949,0.682640016078949,1.0,0.716809330559906,False
1999-01-14,0.8576461672782898,0.8576461672782898,1.0,0.716809330559906,False
1999-01-15,0.9225729703903198,0.9225729703903198,1.0,0.716809330559906,False
1999-01-19,0.9079657793045044,0.9079657793045044,1.0,0.716809330559906,False
1999-01-20,0.8781821131706238,0.8781821131706238,1.0,0.716809330559906,False
1999-01-21,0.9228992462158203,0.9228992462158203,1.0,0.716809330559906,False
1999-01-22,0.8604899644851685,0.8604899644851685,1.0,0.716809330559906,False
1999-01-25,0.7773613929748535,0.7773613929748535,1.0,0.716809330559906,False
1999-01-26,0.6898912191390991,0.6898912191390991,1.0,0.716809330559906,False
1999-01-27,0.7513540387153625,0.7513540387153625,1.0,0.716809330559906,False
1999-01-28,0.6630304455757141,0.6630304455757141,1.0,0.716809330559906,False
1999-01-29,0.7004265189170837,0.7004265189170837,1.0,0.716809330559906,False
1999-02-01,0.7224001884460449,0.7224001884460449,1.0,0.716809330559906,False
1999-02-02,0.7275210022926331,0.7275210022926331,1.0,0.716809330559906,False
1999-02-03,0.6803703308105469,0.6803703308105469,1.0,0.716809330559906,False
1999-02-04,0.8771234750747681,0.8771234750747681,1.0,0.716809330559906,False
1999-02-05,0.8975440263748169,0.8975440263748169,1.0,0.716809330559906,False
1999-02-08,0.80560302734375,0.80560302734375,1.0,0.716809330559906,False
1999-02-09,0.8979299664497375,0.8979299664497375,1.0,0.716809330559906,False
1999-02-10,0.8883405923843384,0.8883405923843384,1.0,0.716809330559906,False
1999-02-11,0.7414035797119141,0.7414035797119141,1.0,0.716809330559906,False
1999-02-12,0.7642495632171631,0.7642495632171631,1.0,0.716809330559906,False
1999-02-16,0.8381712436676025,0.8381712436676025,1.0,0.716809330559906,False
1999-02-17,0.8243282437324524,0.8243282437324524,1.0,0.716809330559906,False
1999-02-18,0.7278123497962952,0.7278123497962952,1.0,0.716809330559906,False
1999-02-19,0.5031008124351501,0.5031008124351501,1.0,0.0,False
1999-02-22,0.8812671303749084,0.8812671303749084,1.0,0.7061295575405719,False
1999-02-23,0.7538873553276062,0.7538873553276062,1.0,0.7061295575405719,False
1999-02-24,0.7041382193565369,0.7041382193565369,1.0,0.7061295575405719,False
1999-02-25,0.8061805963516235,0.8061805963516235,1.0,0.7061295575405719,False
1999-02-26,0.6225057244300842,0.6225057244300842,1.0,0.7061295575405719,False
1999-03-01,0.7329232096672058,0.7329232096672058,1.0,0.7061295575405719,False
1999-03-02,0.8764146566390991,0.8764146566390991,1.0,0.7061295575405719,False
1999-03-03,0.8487756848335266,0.8487756848335266,1.0,0.7061295575405719,False
1999-03-04,0.5890154242515564,0.5890154242515564,1.0,0.7061295575405719,False
1999-03-05,0.8083781599998474,0.8083781599998474,1.0,0.7061295575405719,False
1999-03-08,0.6569061279296875,0.6569061279296875,1.0,0.7061295575405719,False
1999-03-09,0.6166423559188843,0.6166423559188843,1.0,0.7061295575405719,False
1999-03-10,0.5463483333587646,0.5463483333587646,1.0,0.0,False
1999-03-11,0.7088151574134827,0.7088151574134827,1.0,0.8043242996064999,False
1999-03-12,0.7994253039360046,0.7994253039360046,1.0,0.8043242996064999,False
1999-03-15,0.6946023106575012,0.6946023106575012,1.0,0.8043242996064999,False
1999-03-16,0.7039841413497925,0.7039841413497925,1.0,0.8043242996064999,False
1999-03-17,0.661124587059021,0.661124587059021,1.0,0.8043242996064999,False
1999-03-18,0.6412303447723389,0.6412303447723389,1.0,0.8043242996064999,False
1999-03-19,0.7362415194511414,0.7362415194511414,1.0,0.8043242996064999,False
1999-03-22,0.6506957411766052,0.6506957411766052,1.0,0.8043242996064999,False
1999-03-23,0.7471587061882019,0.7471587061882019,1.0,0.8043242996064999,False
1999-03-24,0.7019119262695312,0.7019119262695312,1.0,0.8043242996064999,False
1999-03-25,0.6888778805732727,0.6888778805732727,1.0,0.8043242996064999,False
1999-03-26,0.7026665806770325,0.7026665806770325,1.0,0.8043242996064999,False
1999-03-29,0.7540034651756287,0.7540034651756287,1.0,0.8043242996064999,False
1999-03-30,0.7070597410202026,0.7070597410202026,1.0,0.8043242996064999,False
1999-03-31,0.8154148459434509,0.8154148459434509,1.0,0.6838956808121418,False
1999-04-01,0.6942415237426758,0.6942415237426758,1.0,0.6838956808121418,False
1999-04-05,0.7808107137680054,0.7808107137680054,1.0,0.6838956808121418,False
1999-04-06,0.7296984195709229,0.7296984195709229,1.0,0.6838956808121418,False
1999-04-07,0.7816426157951355,0.7816426157951355,1.0,0.6838956808121418,False
1999-04-08,0.8193265199661255,0.8193265199661255,1.0,0.6838956808121418,False
1999-04-09,0.752178966999054,0.752178966999054,1.0,0.6838956808121418,False
1999-04-12,0.8887389898300171,0.8887389898300171,1.0,0.6838956808121418,False
1999-04-13,0.8839560747146606,0.8839560747146606,1.0,0.6838956808121418,False
1999-04-14,0.8809917569160461,0.8809917569160461,1.0,0.6838956808121418,False
1999-04-15,0.7372342348098755,0.7372342348098755,1.0,0.6838956808121418,False
1999-04-16,0.8038305640220642,0.8038305640220642,1.0,0.6838956808121418,False
1999-04-19,0.823897659778595,0.823897659778595,1.0,0.6838956808121418,False
1999-04-20,0.8078973293304443,0.8078973293304443,1.0,0.6838956808121418,False
1999-04-21,0.5992128849029541,0.5992128849029541,1.0,0.6838956808121418,False
1999-04-22,0.4162923991680145,0.4162923991680145,1.0,0.0,False
1999-04-23,0.3784976303577423,0.3784976303577423,1.0,0.0,False
1999-04-26,0.39709702134132385,0.39709702134132385,1.0,0.0,False
1999-04-27,0.33555367588996887,0.33555367588996887,1.0,0.0,False
1999-04-28,0.5507590770721436,0.5507590770721436,1.0,0.0,False
1999-04-29,0.5440329313278198,0.5440329313278198,1.0,0.0,False
1999-04-30,0.6214092373847961,0.6214092373847961,1.0,0.7590024624488129,False
1999-05-03,0.28368496894836426,0.28368496894836426,1.0,0.0,False
1999-05-04,0.6586560606956482,0.6586560606956482,1.0,0.7575361193057466,False
1999-05-05,0.49088412523269653,0.49088412523269653,1.0,0.0,False
1999-05-06,0.7031609416007996,0.7031609416007996,1.0,0.7728508525297394,False
1999-05-07,0.5525884628295898,0.5525884628295898,1.0,0.0,False
1999-05-10,0.683993935585022,0.683993935585022,1.0,0.7782101631841721,False
1999-05-11,0.4737074077129364,0.4737074077129364,1.0,0.0,False
1999-05-12,0.4924964904785156,0.4924964904785156,1.0,0.0,False
1999-05-13,0.7152218818664551,0.7152218818664551,1.0,0.8095368300307882,False
1999-05-14,0.8178929686546326,0.8178929686546326,1.0,0.8095368300307882,False
1999-05-17,0.6360689997673035,0.6360689997673035,1.0,0.8095368300307882,False
1999-05-18,0.7499863505363464,0.7499863505363464,1.0,0.8095368300307882,False
1999-05-19,0.5275123119354248,0.5275123119354248,1.0,0.0,False
1999-05-20,0.5385486483573914,0.5385486483573914,1.0,0.0,False
1999-05-21,0.5426324605941772,0.5426324605941772,1.0,0.0,False
1999-05-24,0.8320853114128113,0.8320853114128113,1.0,0.8699439787370371,False
1999-05-25,0.8285388350486755,0.8285388350486755,1.0,0.8699439787370371,False
1999-05-26,0.7738754749298096,0.7738754749298096,1.0,0.8699439787370371,False
1999-05-27,0.8041542172431946,0.8041542172431946,1.0,0.8699439787370371,False
1999-05-28,0.6458139419555664,0.6458139419555664,1.0,0.8699439787370371,False
1999-06-01,0.6508405208587646,0.6508405208587646,1.0,0.8699439787370371,False
1999-06-02,0.6682602167129517,0.6682602167129517,1.0,0.8699439787370371,False
1999-06-03,0.5599837303161621,0.5599837303161621,1.0,0.0,False
1999-06-04,0.37096861004829407,0.37096861004829407,1.0,0.0,False
1999-06-07,0.5337083339691162,0.5337083339691162,1.0,0.0,False
1999-06-08,0.5011808276176453,0.5011808276176453,1.0,0.0,False
1999-06-09,0.5411438345909119,0.5411438345909119,1.0,0.0,False
1999-06-10,0.802365243434906,0.802365243434906,1.0,0.8399792694098396,False
1999-06-11,0.7731438875198364,0.7731438875198364,1.0,0.8399792694098396,False
1999-06-14,0.7240633368492126,0.7240633368492126,1.0,0.9618664976474407,False
1999-06-15,0.6998139023780823,0.6998139023780823,1.0,0.9618664976474407,False
1999-06-16,0.5122935175895691,0.5122935175895691,1.0,0.0,False
1999-06-17,0.48960626125335693,0.48960626125335693,1.0,0.0,False
1999-06-18,0.3686259388923645,0.3686259388923645,1.0,0.0,False
1999-06-21,0.4596157968044281,0.4596157968044281,1.0,0.0,False
1999-06-22,0.40427666902542114,0.40427666902542114,1.0,0.0,False
1999-06-23,0.41905561089515686,0.41905561089515686,1.0,0.0,False
1999-06-24,0.7041232585906982,0.7041232585906982,1.0,0.9993374855806912,False
1999-06-25,0.8247877955436707,0.8247877955436707,1.0,0.9993374855806912,False
1999-06-28,0.7535504698753357,0.7535504698753357,1.0,0.9993374855806912,False
1999-06-29,0.47483715415000916,0.47483715415000916,1.0,0.0,False
1999-06-30,0.6450585722923279,0.6450585722923279,1.0,0.9885461344841939,False
1999-07-01,0.7282602190971375,0.7282602190971375,1.0,0.9885461344841939,False
1999-07-02,0.6975845098495483,0.6975845098495483,1.0,0.9885461344841939,False
1999-07-06,0.7932332158088684,0.7932332158088684,1.0,0.9885461344841939,False
1999-07-07,0.6123502254486084,0.6123502254486084,1.0,0.9885461344841939,False
1999-07-08,0.6976706981658936,0.6976706981658936,1.0,0.9885461344841939,False
1999-07-09,0.5634214878082275,0.5634214878082275,1.0,0.0,False
1999-07-12,0.7397652268409729,0.7397652268409729,1.0,1.0,False
1999-07-13,0.7144594192504883,0.7144594192504883,1.0,1.0,False
1999-07-14,0.6415256857872009,0.6415256857872009,1.0,1.0,False
1999-07-15,0.6450746059417725,0.6450746059417725,1.0,1.0,False
1999-07-16,0.6207776069641113,0.6207776069641113,1.0,1.0,False
1999-07-19,0.5824893712997437,0.5824893712997437,0.0,1.0,False
1999-07-20,0.7089489698410034,0.7089489698410034,1.0,1.0,False
1999-07-21,0.6898018717765808,0.6898018717765808,1.0,1.0,False
1999-07-22,0.6729560494422913,0.6729560494422913,1.0,1.0,False
1999-07-23,0.7410944104194641,0.7410944104194641,1.0,1.0,False
1999-07-26,0.6115526556968689,0.6115526556968689,1.0,1.0,False
1999-07-27,0.7072485089302063,0.7072485089302063,1.0,1.0,False
1999-07-28,0.6845861673355103,0.6845861673355103,1.0,1.0,False
1999-07-29,0.7147383689880371,0.7147383689880371,0.0,1.0,False
1999-07-30,0.7189841866493225,0.7189841866493225,1.0,1.0,False
1999-08-02,0.5393251776695251,0.5393251776695251,1.0,0.0,False
1999-08-03,0.7279924750328064,0.7279924750328064,1.0,1.0,False
1999-08-04,0.8446244597434998,0.8446244597434998,1.0,1.0,False
1999-08-05,0.6501578092575073,0.6501578092575073,1.0,1.0,False
1999-08-06,0.7447318434715271,0.7447318434715271,1.0,1.0,False
1999-08-09,0.7206189036369324,0.7206189036369324,1.0,1.0,False
1999-08-10,0.7978261113166809,0.7978261113166809,1.0,1.0,False
1999-08-11,0.5056532621383667,0.5056532621383667,1.0,0.0,False
1999-08-12,0.6997016668319702,0.6997016668319702,1.0,1.0,False
1999-08-13,0.46916812658309937,0.46916812658309937,1.0,0.0,False
1999-08-16,0.437086284160614,0.437086284160614,1.0,0.0,False
1999-08-17,0.31384024024009705,0.31384024024009705,1.0,0.0,False
1999-08-18,0.4707626402378082,0.4707626402378082,1.0,0.0,False
1999-08-19,0.5255524516105652,0.5255524516105652,1.0,0.0,False
1999-08-20,0.551228404045105,0.551228404045105,1.0,0.0,False
1999-08-23,0.4926505386829376,0.4926505386829376,1.0,0.0,False
1999-08-24,0.43044620752334595,0.43044620752334595,1.0,0.0,False
1999-08-25,0.5263552069664001,0.5263552069664001,1.0,0.0,False
1999-08-26,0.5922788977622986,0.5922788977622986,1.0,0.8633677083239043,False
1999-08-27,0.735744059085846,0.735744059085846,1.0,0.8633677083239043,False
1999-08-30,0.821037232875824,0.821037232875824,1.0,0.8633677083239043,False
1999-08-31,0.7744628190994263,0.7744628190994263,1.0,0.8633677083239043,False
1999-09-01,0.8718298077583313,0.8718298077583313,1.0,0.8633677083239043,False
1999-09-02,0.8489391803741455,0.8489391803741455,1.0,0.8633677083239043,False
1999-09-03,0.7590183615684509,0.7590183615684509,1.0,0.7195538068911733,False
1999-09-07,0.65366131067276,0.65366131067276,1.0,0.7195538068911733,False
1999-09-08,0.6350940465927124,0.6350940465927124,1.0,0.7195538068911733,False
1999-09-09,0.734138011932373,0.734138011932373,1.0,0.7195538068911733,False
1999-09-10,0.5222735404968262,0.5222735404968262,1.0,0.0,False
1999-09-13,0.6840032935142517,0.6840032935142517,1.0,0.7923069849944947,False
1999-09-14,0.7730389833450317,0.7730389833450317,1.0,0.7923069849944947,False
1999-09-15,0.8667939305305481,0.8667939305305481,1.0,0.7923069849944947,False
1999-09-16,0.7533251047134399,0.7533251047134399,1.0,0.7923069849944947,False
1999-09-17,0.8143095970153809,0.8143095970153809,1.0,0.7923069849944947,False
1999-09-20,0.7373036742210388,0.7373036742210388,1.0,0.7923069849944947,False
1999-09-21,0.8004772663116455,0.8004772663116455,1.0,0.7923069849944947,False
1999-09-22,0.7136004567146301,0.7136004567146301,1.0,0.7923069849944947,False
1999-09-23,0.8601574301719666,0.8601574301719666,1.0,0.7923069849944947,False
1999-09-24,0.8108188509941101,0.8108188509941101,1.0,0.7923069849944947,False
1999-09-27,0.7923865914344788,0.7923865914344788,1.0,0.7923069849944947,False
1999-09-28,0.7915385365486145,0.7915385365486145,1.0,0.7923069849944947,False
1999-09-29,0.8290727734565735,0.8290727734565735,1.0,0.7923069849944947,False
1999-09-30,0.7179858088493347,0.7179858088493347,1.0,0.7923069849944947,False
1999-10-01,0.6844972968101501,0.6844972968101501,1.0,0.7923069849944947,False
1999-10-04,0.4455232620239258,0.4455232620239258,1.0,0.0,False
1999-10-05,0.5895332098007202,0.5895332098007202,1.0,0.8808488374196701,False
1999-10-06,0.366502970457077,0.366502970457077,1.0,0.0,False
1999-10-07,0.42520222067832947,0.42520222067832947,1.0,0.0,False
1999-10-08,0.4308498501777649,0.4308498501777649,1.0,0.0,False
1999-10-11,0.4447826147079468,0.4447826147079468,1.0,0.0,False
1999-10-12,0.6175656914710999,0.6175656914710999,1.0,0.7807401587659739,False
1999-10-13,0.7913326025009155,0.7913326025009155,1.0,0.7807401587659739,False
1999-10-14,0.7912552356719971,0.7912552356719971,1.0,0.7807401587659739,False
1999-10-15,0.8717455863952637,0.8717455863952637,1.0,0.7807401587659739,False
1999-10-18,0.8481757044792175,0.8481757044792175,1.0,0.7807401587659739,False
1999-10-19,0.766869306564331,0.766869306564331,1.0,0.7807401587659739,False
1999-10-20,0.7902426719665527,0.7902426719665527,1.0,0.7807401587659739,False
1999-10-21,0.6713117957115173,0.6713117957115173,1.0,0.7807401587659739,False
1999-10-22,0.6959580779075623,0.6959580779075623,1.0,0.7807401587659739,False
1999-10-25,0.6341996788978577,0.6341996788978577,1.0,0.7807401587659739,False
1999-10-26,0.7452801465988159,0.7452801465988159,1.0,0.7807401587659739,False
1999-10-27,0.7110713124275208,0.7110713124275208,1.0,0.7807401587659739,False
1999-10-28,0.6821447610855103,0.6821447610855103,1.0,0.628160729012825,False
1999-10-29,0.7863170504570007,0.7863170504570007,1.0,0.628160729012825,False
1999-11-01,0.7186094522476196,0.7186094522476196,1.0,0.628160729012825,False
1999-11-02,0.5973609685897827,0.5973609685897827,1.0,0.628160729012825,False
1999-11-03,0.6655330657958984,0.6655330657958984,1.0,0.628160729012825,False
1999-11-04,0.836371660232544,0.836371660232544,1.0,0.628160729012825,False
1999-11-05,0.8689554929733276,0.8689554929733276,1.0,0.628160729012825,False
1999-11-08,0.8729577660560608,0.8729577660560608,1.0,0.628160729012825,False
1999-11-09,0.8899213075637817,0.8899213075637817,1.0,0.628160729012825,False
1999-11-10,0.8420504927635193,0.8420504927635193,1.0,0.628160729012825,False
1999-11-11,0.8658942580223083,0.8658942580223083,1.0,0.628160729012825,False
1999-11-12,0.5207263231277466,0.5207263231277466,1.0,0.0,False
1999-11-15,0.4984811246395111,0.4984811246395111,1.0,0.0,False
1999-11-16,0.6442556381225586,0.6442556381225586,1.0,0.8554059494826739,False
1999-11-17,0.6725925207138062,0.6725925207138062,1.0,0.8554059494826739,False
1999-11-18,0.43398553133010864,0.43398553133010864,1.0,0.0,False
1999-11-19,0.40106192231178284,0.40106192231178284,1.0,0.0,False
1999-11-22,0.3784176707267761,0.3784176707267761,1.0,0.0,False
1999-11-23,0.6413760185241699,0.6413760185241699,1.0,0.890908789773374,False
1999-11-24,0.7077269554138184,0.7077269554138184,1.0,0.890908789773374,False
1999-11-26,0.8699713945388794,0.8699713945388794,1.0,1.0,False
1999-11-29,0.8766955733299255,0.8766955733299255,1.0,1.0,False
1999-11-30,0.9265139102935791,0.9265139102935791,0.0,1.0,False
1999-12-01,0.8562059998512268,0.8562059998512268,0.0,1.0,False
1999-12-02,0.8552329540252686,0.8552329540252686,0.0,1.0,False
1999-12-03,0.761125385761261,0.761125385761261,1.0,1.0,False
1999-12-06,0.789216160774231,0.789216160774231,1.0,1.0,False
1999-12-07,0.8095975518226624,0.8095975518226624,1.0,1.0,False
1999-12-08,0.8469401001930237,0.8469401001930237,0.0,1.0,False
1999-12-09,0.7870630621910095,0.7870630621910095,0.0,1.0,False
1999-12-10,0.765195369720459,0.765195369720459,0.0,1.0,False
1999-12-13,0.6668456792831421,0.6668456792831421,1.0,1.0,False
1999-12-14,0.7351886630058289,0.7351886630058289,1.0,1.0,False
1999-12-15,0.5599299669265747,0.5599299669265747,1.0,0.0,False
1999-12-16,0.41457322239875793,0.41457322239875793,1.0,0.0,False
1999-12-17,0.2621937692165375,0.2621937692165375,1.0,0.0,False
1999-12-20,0.252922385931015,0.252922385931015,1.0,0.0,False
1999-12-21,0.23227247595787048,0.23227247595787048,1.0,0.0,False
1999-12-22,0.4153316617012024,0.4153316617012024,1.0,0.0,False
1999-12-23,0.4251836836338043,0.4251836836338043,1.0,0.0,False
1999-12-27,0.39022690057754517,0.39022690057754517,1.0,0.0,False
1999-12-28,0.39183351397514343,0.39183351397514343,1.0,0.0,False
1999-12-29,0.35131120681762695,0.35131120681762695,1.0,0.0,False
1999-12-30,0.3919326364994049,0.3919326364994049,1.0,0.0,False
1999-12-31,0.6761153936386108,0.6761153936386108,1.0,1.0,False
2000-01-03,0.57916659116745,0.57916659116745,0.0,0.0,False
2000-01-04,0.5122191309928894,0.5122191309928894,1.0,0.0,False
2000-01-05,0.5813779234886169,0.5813779234886169,1.0,0.8311191650313067,False
2000-01-06,0.6060215830802917,0.6060215830802917,1.0,0.8311191650313067,False
2000-01-07,0.712936520576477,0.712936520576477,1.0,0.5334390337139173,False
2000-01-10,0.7218109965324402,0.7218109965324402,1.0,0.5334390337139173,False
2000-01-11,0.5078216791152954,0.5078216791152954,1.0,0.0,False
2000-01-12,0.6384755969047546,0.6384755969047546,1.0,0.5253020967275596,False
2000-01-13,0.4108073115348816,0.4108073115348816,1.0,0.0,False
2000-01-14,0.7182552814483643,0.7182552814483643,1.0,0.5142569651708362,False
2000-01-18,0.7615421414375305,0.7615421414375305,1.0,0.5142569651708362,False
2000-01-19,0.7285851836204529,0.7285851836204529,1.0,0.5142569651708362,False
2000-01-20,0.7545756101608276,0.7545756101608276,1.0,0.5142569651708362,False
2000-01-21,0.8275015950202942,0.8275015950202942,1.0,0.5142569651708362,False
2000-01-24,0.7824240326881409,0.7824240326881409,2.0,0.5142569651708362,False
2000-01-25,0.840330183506012,0.840330183506012,2.0,0.5142569651708362,False
2000-01-26,0.7994939088821411,0.7994939088821411,2.0,0.5142569651708362,False
2000-01-27,0.8150879740715027,0.8150879740715027,2.0,0.5142569651708362,False
2000-01-28,0.8598774075508118,0.8598774075508118,2.0,0.5142569651708362,False
2000-01-31,0.8394277691841125,0.8394277691841125,2.0,0.5142569651708362,False
2000-02-01,0.8791601657867432,0.8791601657867432,2.0,0.5142569651708362,False
2000-02-02,0.8126344680786133,0.8126344680786133,2.0,0.5142569651708362,False
2000-02-03,0.4574638605117798,0.4574638605117798,2.0,0.0,False
2000-02-04,0.40627938508987427,0.40627938508987427,2.0,0.0,False
2000-02-07,0.5479875206947327,0.5479875206947327,1.0,0.0,False
2000-02-08,0.5966527462005615,0.5966527462005615,1.0,0.6339556834260515,False
2000-02-09,0.8192909955978394,0.8192909955978394,1.0,0.6339556834260515,False
2000-02-10,0.875357985496521,0.875357985496521,1.0,0.6339556834260515,False
2000-02-11,0.8196002840995789,0.8196002840995789,1.0,0.6339556834260515,False
2000-02-14,0.8827807307243347,0.8827807307243347,1.0,0.6339556834260515,False
2000-02-15,0.9013441205024719,0.9013441205024719,1.0,0.6339556834260515,False
2000-02-16,0.882757306098938,0.882757306098938,1.0,0.6339556834260515,False
2000-02-17,0.8667477369308472,0.8667477369308472,1.0,0.6339556834260515,False
2000-02-18,0.9169012904167175,0.9169012904167175,1.0,0.6339556834260515,False
2000-02-22,0.8443092703819275,0.8443092703819275,1.0,0.6339556834260515,False
2000-02-23,0.9084073901176453,0.9084073901176453,1.0,0.6339556834260515,False
2000-02-24,0.8757801055908203,0.8757801055908203,1.0,0.6339556834260515,False
2000-02-25,0.8656958341598511,0.8656958341598511,1.0,0.6339556834260515,False
2000-02-28,0.8676603436470032,0.8676603436470032,1.0,0.6339556834260515,False
2000-02-29,0.6482982635498047,0.6482982635498047,1.0,0.6339556834260515,False
2000-03-01,0.7233873605728149,0.7233873605728149,1.0,0.6339556834260515,False
2000-03-02,0.4659135639667511,0.4659135639667511,1.0,0.0,False
2000-03-03,0.5683154463768005,0.5683154463768005,1.0,0.0,False
2000-03-06,0.5091586709022522,0.5091586709022522,1.0,0.0,False
2000-03-07,0.7565432786941528,0.7565432786941528,1.0,0.666853454091308,False
2000-03-08,0.8167592883110046,0.8167592883110046,1.0,0.666853454091308,False
2000-03-09,0.5722851157188416,0.5722851157188416,1.0,0.0,False
2000-03-10,0.6670683026313782,0.6670683026313782,1.0,0.6408583298398721,False
2000-03-13,0.8021093606948853,0.8021093606948853,1.0,0.6408583298398721,False
2000-03-14,0.8765550255775452,0.8765550255775452,1.0,0.6408583298398721,False
2000-03-15,0.5250609517097473,0.5250609517097473,1.0,0.0,False
2000-03-16,0.8553159832954407,0.8553159832954407,1.0,0.5213782168976557,False
2000-03-17,0.8746803402900696,0.8746803402900696,1.0,0.5213782168976557,False
2000-03-20,0.8418083786964417,0.8418083786964417,1.0,0.5213782168976557,False
2000-03-21,0.7396166920661926,0.7396166920661926,2.0,0.5213782168976557,False
2000-03-22,0.7138766646385193,0.7138766646385193,1.0,0.5213782168976557,False
2000-03-23,0.8156458735466003,0.8156458735466003,1.0,0.5213782168976557,False
2000-03-24,0.8225415945053101,0.8225415945053101,1.0,0.5213782168976557,False
2000-03-27,0.7086601853370667,0.7086601853370667,1.0,0.5213782168976557,False
2000-03-28,0.7971031069755554,0.7971031069755554,1.0,0.5213782168976557,False
2000-03-29,0.793117105960846,0.793117105960846,1.0,0.5213782168976557,False
2000-03-30,0.8834969401359558,0.8834969401359558,1.0,0.5213782168976557,False
2000-03-31,0.8804240226745605,0.8804240226745605,1.0,0.5213782168976557,False
2000-04-03,0.7029361724853516,0.7029361724853516,1.0,0.5213782168976557,False
2000-04-04,0.6119459867477417,0.6119459867477417,1.0,0.5213782168976557,False
2000-04-05,0.6169081330299377,0.6169081330299377,1.0,0.5213782168976557,False
2000-04-06,0.7213653326034546,0.7213653326034546,1.0,0.5213782168976557,False
2000-04-07,0.7347241640090942,0.7347241640090942,1.0,0.6236938539373797,False
2000-04-10,0.8233163952827454,0.8233163952827454,1.0,0.6236938539373797,False
2000-04-11,0.8488963842391968,0.8488963842391968,1.0,0.6236938539373797,False
2000-04-12,0.8666590452194214,0.8666590452194214,1.0,0.6236938539373797,False
2000-04-13,0.8966429829597473,0.8966429829597473,1.0,0.8051665851756012,False
2000-04-14,0.9103139638900757,0.9103139638900757,1.0,0.5517182594295794,False
2000-04-17,0.8695802092552185,0.8695802092552185,2.0,0.5517182594295794,False
2000-04-18,0.85808265209198,0.85808265209198,2.0,0.5517182594295794,False
2000-04-19,0.7781582474708557,0.7781582474708557,2.0,0.5517182594295794,False
2000-04-20,0.748908281326294,0.748908281326294,2.0,0.5517182594295794,False
2000-04-24,0.5804296135902405,0.5804296135902405,2.0,0.5517182594295794,False
2000-04-25,0.3673698902130127,0.3673698902130127,2.0,0.0,False
2000-04-26,0.3040873110294342,0.3040873110294342,2.0,0.0,False
2000-04-27,0.33460599184036255,0.33460599184036255,2.0,0.0,False
2000-04-28,0.3033604919910431,0.3033604919910431,2.0,0.0,False
2000-05-01,0.3395855724811554,0.3395855724811554,2.0,0.0,False
2000-05-02,0.689325749874115,0.689325749874115,2.0,0.4345505407285438,False
2000-05-03,0.6618573665618896,0.6618573665618896,2.0,0.4345505407285438,False
2000-05-04,0.7353760004043579,0.7353760004043579,2.0,0.4345505407285438,False
2000-05-05,0.775108277797699,0.775108277797699,2.0,0.4345505407285438,False
2000-05-08,0.7372378706932068,0.7372378706932068,2.0,0.4345505407285438,False
2000-05-09,0.7404464483261108,0.7404464483261108,2.0,0.4345505407285438,False
2000-05-10,0.8551316261291504,0.8551316261291504,2.0,0.4345505407285438,False
2000-05-11,0.8470006585121155,0.8470006585121155,2.0,0.4345505407285438,False
2000-05-12,0.6313742995262146,0.6313742995262146,2.0,0.4345505407285438,False
2000-05-15,0.42957603931427,0.42957603931427,2.0,0.0,False
2000-05-16,0.4149682819843292,0.4149682819843292,1.0,0.0,False
2000-05-17,0.43647465109825134,0.43647465109825134,1.0,0.0,False
2000-05-18,0.5424366593360901,0.5424366593360901,1.0,0.0,False
2000-05-19,0.7275119423866272,0.7275119423866272,1.0,0.5549546494698113,False
2000-05-22,0.7537789344787598,0.7537789344787598,2.0,0.5549546494698113,False
2000-05-23,0.9026393890380859,0.9026393890380859,1.0,0.6757824756968839,False
2000-05-24,0.7665627002716064,0.7665627002716064,1.0,0.6757824756968839,False
2000-05-25,0.8617721199989319,0.8617721199989319,1.0,0.6757824756968839,False
2000-05-26,0.8230607509613037,0.8230607509613037,1.0,0.6757824756968839,False
2000-05-30,0.6307278871536255,0.6307278871536255,1.0,0.572546503718684,False
2000-05-31,0.5503334403038025,0.5503334403038025,1.0,0.0,False
2000-06-01,0.5459868311882019,0.5459868311882019,1.0,0.0,False
2000-06-02,0.5556326508522034,0.5556326508522034,1.0,0.0,False
2000-06-05,0.4579930603504181,0.4579930603504181,1.0,0.0,False
2000-06-06,0.601323127746582,0.601323127746582,1.0,0.6058299245670536,False
2000-06-07,0.5566188097000122,0.5566188097000122,1.0,0.0,False
2000-06-08,0.7196840047836304,0.7196840047836304,1.0,0.6549238702696953,False
2000-06-09,0.7774019837379456,0.7774019837379456,1.0,0.6549238702696953,False
2000-06-12,0.8460001945495605,0.8460001945495605,1.0,0.6549238702696953,False
2000-06-13,0.6150355935096741,0.6150355935096741,1.0,0.6549238702696953,False
2000-06-14,0.6492961049079895,0.6492961049079895,1.0,0.6549238702696953,False
2000-06-15,0.682027280330658,0.682027280330658,1.0,0.6549238702696953,False
2000-06-16,0.7769420742988586,0.7769420742988586,1.0,0.6549238702696953,False
2000-06-19,0.5878478288650513,0.5878478288650513,1.0,0.6549238702696953,False
2000-06-20,0.6389000415802002,0.6389000415802002,1.0,0.6549238702696953,False
2000-06-21,0.49472299218177795,0.49472299218177795,1.0,0.0,False
2000-06-22,0.7105398178100586,0.7105398178100586,1.0,0.7555429286997738,False
2000-06-23,0.5974881649017334,0.5974881649017334,1.0,0.7555429286997738,False
2000-06-26,0.6148637533187866,0.6148637533187866,1.0,0.7555429286997738,False
2000-06-27,0.4746279716491699,0.4746279716491699,1.0,0.0,False
2000-06-28,0.5470994710922241,0.5470994710922241,1.0,0.0,False
2000-06-29,0.5071961879730225,0.5071961879730225,1.0,0.0,False
2000-06-30,0.48252809047698975,0.48252809047698975,1.0,0.0,False
2000-07-03,0.28803175687789917,0.28803175687789917,1.0,0.0,False
2000-07-05,0.47912582755088806,0.47912582755088806,1.0,0.0,False
2000-07-06,0.34476742148399353,0.34476742148399353,1.0,0.0,False
2000-07-07,0.4468875229358673,0.4468875229358673,1.0,0.0,False
2000-07-10,0.5156563520431519,0.5156563520431519,1.0,0.0,False
2000-07-11,0.3997211456298828,0.3997211456298828,1.0,0.0,False
2000-07-12,0.5385603904724121,0.5385603904724121,1.0,0.0,False
2000-07-13,0.48106077313423157,0.48106077313423157,1.0,0.0,False
2000-07-14,0.6227226853370667,0.6227226853370667,1.0,0.9462019944029654,False
2000-07-17,0.5967130661010742,0.5967130661010742,1.0,0.9462019944029654,False
2000-07-18,0.4772796034812927,0.4772796034812927,1.0,0.0,False
2000-07-19,0.609349250793457,0.609349250793457,1.0,0.9674700486981187,False
2000-07-20,0.513047993183136,0.513047993183136,1.0,0.0,False
2000-07-21,0.5832414031028748,0.5832414031028748,1.0,0.8895889986126726,False
2000-07-24,0.5271081328392029,0.5271081328392029,1.0,0.0,False
2000-07-25,0.5856502652168274,0.5856502652168274,1.0,0.9315358597694079,False
2000-07-26,0.6033980250358582,0.6033980250358582,1.0,0.9315358597694079,False
2000-07-27,0.6619355082511902,0.6619355082511902,1.0,0.9315358597694079,False
2000-07-28,0.7776712775230408,0.7776712775230408,1.0,0.9315358597694079,False
2000-07-31,0.6460001468658447,0.6460001468658447,1.0,0.9315358597694079,False
2000-08-01,0.6779235005378723,0.6779235005378723,1.0,0.9315358597694079,False
2000-08-02,0.6671684384346008,0.6671684384346008,1.0,0.9315358597694079,False
2000-08-03,0.49612942337989807,0.49612942337989807,1.0,0.0,False
2000-08-04,0.49541589617729187,0.49541589617729187,1.0,0.0,False
2000-08-07,0.3622702360153198,0.3622702360153198,1.0,0.0,False
2000-08-08,0.38135674595832825,0.38135674595832825,1.0,0.0,False
2000-08-09,0.34342288970947266,0.34342288970947266,1.0,0.0,False
2000-08-10,0.40704700350761414,0.40704700350761414,1.0,0.0,False
2000-08-11,0.5219079852104187,0.5219079852104187,1.0,0.0,False
2000-08-14,0.34622639417648315,0.34622639417648315,1.0,0.0,False
2000-08-15,0.4478730857372284,0.4478730857372284,1.0,0.0,False
2000-08-16,0.38281792402267456,0.38281792402267456,1.0,0.0,False
2000-08-17,0.4653514623641968,0.4653514623641968,1.0,0.0,False
2000-08-18,0.5099275708198547,0.5099275708198547,0.0,0.0,False
2000-08-21,0.3853414058685303,0.3853414058685303,1.0,0.0,False
2000-08-22,0.40394890308380127,0.40394890308380127,0.0,0.0,False
2000-08-23,0.5694987177848816,0.5694987177848816,1.0,0.0,False
2000-08-24,0.7195814251899719,0.7195814251899719,1.0,1.0,False
2000-08-25,0.6333044171333313,0.6333044171333313,1.0,1.0,False
2000-08-28,0.6933499574661255,0.6933499574661255,1.0,1.0,False
2000-08-29,0.6308305263519287,0.6308305263519287,1.0,1.0,False
2000-08-30,0.7933521270751953,0.7933521270751953,0.0,1.0,False
2000-08-31,0.5546323657035828,0.5546323657035828,0.0,0.0,False
2000-09-01,0.5556516647338867,0.5556516647338867,0.0,0.0,False
2000-09-05,0.7482978701591492,0.7482978701591492,0.0,1.0,False
2000-09-06,0.7206518650054932,0.7206518650054932,0.0,1.0,False
2000-09-07,0.6100271940231323,0.6100271940231323,0.0,1.0,False
2000-09-08,0.7425161004066467,0.7425161004066467,0.0,1.0,False
2000-09-11,0.6783599853515625,0.6783599853515625,0.0,1.0,False
2000-09-12,0.7295345664024353,0.7295345664024353,0.0,1.0,False
2000-09-13,0.6873771548271179,0.6873771548271179,0.0,1.0,False
2000-09-14,0.7343695163726807,0.7343695163726807,0.0,1.0,False
2000-09-15,0.6261526942253113,0.6261526942253113,0.0,1.0,False
2000-09-18,0.689284086227417,0.689284086227417,0.0,1.0,False
2000-09-19,0.5614034533500671,0.5614034533500671,0.0,0.0,False
2000-09-20,0.5839554071426392,0.5839554071426392,1.0,1.0,False
2000-09-21,0.5641746520996094,0.5641746520996094,1.0,0.0,False
2000-09-22,0.5375478267669678,0.5375478267669678,1.0,0.0,False
2000-09-25,0.5075289607048035,0.5075289607048035,1.0,0.0,False
2000-09-26,0.6959100365638733,0.6959100365638733,1.0,0.9289302002503018,False
2000-09-27,0.601671040058136,0.601671040058136,1.0,0.9289302002503018,False
2000-09-28,0.538663387298584,0.538663387298584,1.0,0.0,False
2000-09-29,0.6496422290802002,0.6496422290802002,1.0,0.9191358829175165,False
2000-10-02,0.6086876392364502,0.6086876392364502,1.0,0.9191358829175165,False
2000-10-03,0.6804876327514648,0.6804876327514648,1.0,0.9191358829175165,False
2000-10-04,0.5856717228889465,0.5856717228889465,1.0,0.9191358829175165,False
2000-10-05,0.5715540051460266,0.5715540051460266,1.0,0.0,False
2000-10-06,0.7176414132118225,0.7176414132118225,1.0,0.8535042944546806,False
2000-10-09,0.8064761161804199,0.8064761161804199,1.0,0.8535042944546806,False
2000-10-10,0.9038217067718506,0.9038217067718506,1.0,0.8535042944546806,False
2000-10-11,0.9134913086891174,0.9134913086891174,1.0,0.8535042944546806,False
2000-10-12,0.8855664730072021,0.8855664730072021,1.0,0.8535042944546806,False
2000-10-13,0.809080183506012,0.809080183506012,1.0,0.6604033313831036,False
2000-10-16,0.7278347611427307,0.7278347611427307,1.0,0.6604033313831036,False
2000-10-17,0.7358012795448303,0.7358012795448303,1.0,0.6604033313831036,False
2000-10-18,0.7269663214683533,0.7269663214683533,1.0,0.6604033313831036,False
2000-10-19,0.5426238775253296,0.5426238775253296,1.0,0.0,False
2000-10-20,0.5154533982276917,0.5154533982276917,1.0,0.0,False
2000-10-23,0.47454842925071716,0.47454842925071716,1.0,0.0,False
2000-10-24,0.37403377890586853,0.37403377890586853,1.0,0.0,False
2000-10-25,0.664364755153656,0.664364755153656,1.0,0.5487185710487987,False
2000-10-26,0.7422220706939697,0.7422220706939697,1.0,0.5487185710487987,False
2000-10-27,0.47380971908569336,0.47380971908569336,1.0,0.0,False
2000-10-30,0.4036869406700134,0.4036869406700134,1.0,0.0,False
2000-10-31,0.49040666222572327,0.49040666222572327,1.0,0.0,False
2000-11-01,0.6283167004585266,0.6283167004585266,1.0,0.5281785217749565,False
2000-11-02,0.6113633513450623,0.6113633513450623,1.0,0.5281785217749565,False
2000-11-03,0.6079250574111938,0.6079250574111938,1.0,0.5281785217749565,False
2000-11-06,0.5515324473381042,0.5515324473381042,1.0,0.0,False
2000-11-07,0.7211205959320068,0.7211205959320068,1.0,0.5701505899271582,False
2000-11-08,0.6165755391120911,0.6165755391120911,2.0,0.5701505899271582,False
2000-11-09,0.6923941373825073,0.6923941373825073,2.0,0.5701505899271582,False
2000-11-10,0.7146961688995361,0.7146961688995361,1.0,0.5701505899271582,False
2000-11-13,0.7571502923965454,0.7571502923965454,1.0,0.5701505899271582,False
2000-11-14,0.7881937623023987,0.7881937623023987,1.0,0.5701505899271582,False
2000-11-15,0.7050461769104004,0.7050461769104004,1.0,0.5701505899271582,False
2000-11-16,0.8112350106239319,0.8112350106239319,1.0,0.6921791903306225,False
2000-11-17,0.6988993883132935,0.6988993883132935,1.0,0.6921791903306225,False
2000-11-20,0.8012728691101074,0.8012728691101074,1.0,0.6921791903306225,False
2000-11-21,0.9003829956054688,0.9003829956054688,1.0,0.6921791903306225,False
2000-11-22,0.8878552317619324,0.8878552317619324,1.0,0.6921791903306225,False
2000-11-24,0.8459770679473877,0.8459770679473877,1.0,0.6921791903306225,False
2000-11-27,0.7428104281425476,0.7428104281425476,1.0,0.6921791903306225,False
2000-11-28,0.7442622780799866,0.7442622780799866,1.0,0.6921791903306225,False
2000-11-29,0.8236947655677795,0.8236947655677795,1.0,0.6921791903306225,False
2000-11-30,0.851409375667572,0.851409375667572,1.0,0.6921791903306225,False
2000-12-01,0.8994752764701843,0.8994752764701843,1.0,0.6921791903306225,False
2000-12-04,0.8362881541252136,0.8362881541252136,1.0,0.6921791903306225,False
2000-12-05,0.5019756555557251,0.5019756555557251,1.0,0.0,False
2000-12-06,0.6048077344894409,0.6048077344894409,1.0,0.5795025385224978,False
2000-12-07,0.6848511099815369,0.6848511099815369,1.0,0.5795025385224978,False
2000-12-08,0.7295284271240234,0.7295284271240234,1.0,0.5795025385224978,False
2000-12-11,0.5947193503379822,0.5947193503379822,1.0,0.5795025385224978,False
2000-12-12,0.6936341524124146,0.6936341524124146,1.0,0.5795025385224978,False
2000-12-13,0.6470539569854736,0.6470539569854736,1.0,0.5795025385224978,False
2000-12-14,0.7477558851242065,0.7477558851242065,1.0,0.5795025385224978,False
2000-12-15,0.7399777173995972,0.7399777173995972,1.0,0.5795025385224978,False
2000-12-18,0.7270304560661316,0.7270304560661316,1.0,0.5795025385224978,False
2000-12-19,0.7778165936470032,0.7778165936470032,1.0,0.5795025385224978,False
2000-12-20,0.8815546035766602,0.8815546035766602,2.0,0.5795025385224978,False
2000-12-21,0.8612409830093384,0.8612409830093384,2.0,0.5795025385224978,False
2000-12-22,0.8320396542549133,0.8320396542549133,2.0,0.5795025385224978,False
2000-12-26,0.6638845801353455,0.6638845801353455,2.0,0.5795025385224978,False
2000-12-27,0.5966804027557373,0.5966804027557373,2.0,0.5795025385224978,False
2000-12-28,0.5204387903213501,0.5204387903213501,2.0,0.0,False
2000-12-29,0.4372575581073761,0.4372575581073761,2.0,0.0,False
2001-01-02,0.634591281414032,0.634591281414032,2.0,0.49549383591478313,False
2001-01-03,0.6812894344329834,0.6812894344329834,2.0,0.49549383591478313,False
2001-01-04,0.6259276866912842,0.6259276866912842,2.0,0.49549383591478313,False
2001-01-05,0.7811955809593201,0.7811955809593201,2.0,0.49549383591478313,False
2001-01-08,0.8047516942024231,0.8047516942024231,2.0,0.49549383591478313,False
2001-01-09,0.7358704805374146,0.7358704805374146,2.0,0.49549383591478313,False
2001-01-10,0.5349597334861755,0.5349597334861755,2.0,0.0,False
2001-01-11,0.4978567957878113,0.4978567957878113,2.0,0.0,False
2001-01-12,0.5216951966285706,0.5216951966285706,2.0,0.0,False
2001-01-16,0.5540252923965454,0.5540252923965454,2.0,0.0,False
2001-01-17,0.6347190141677856,0.6347190141677856,2.0,0.487106507410273,False
2001-01-18,0.41231629252433777,0.41231629252433777,2.0,0.0,False
2001-01-19,0.5675526261329651,0.5675526261329651,2.0,0.0,False
2001-01-22,0.643388032913208,0.643388032913208,1.0,0.5465901889244885,False
2001-01-23,0.5667363405227661,0.5667363405227661,1.0,0.0,False
2001-01-24,0.649469792842865,0.649469792842865,1.0,0.5855230831890703,False
2001-01-25,0.599834680557251,0.599834680557251,1.0,0.5855230831890703,False
2001-01-26,0.5726131200790405,0.5726131200790405,1.0,0.0,False
2001-01-29,0.6765760183334351,0.6765760183334351,1.0,0.5901329650327437,False
2001-01-30,0.7137969732284546,0.7137969732284546,1.0,0.5901329650327437,False
2001-01-31,0.7019602656364441,0.7019602656364441,1.0,0.5901329650327437,False
2001-02-01,0.6992318630218506,0.6992318630218506,1.0,0.9132672710993927,False
2001-02-02,0.5775597095489502,0.5775597095489502,1.0,0.0,False
2001-02-05,0.6200198531150818,0.6200198531150818,1.0,1.0,False
2001-02-06,0.6105756759643555,0.6105756759643555,1.0,1.0,False
2001-02-07,0.41067570447921753,0.41067570447921753,1.0,0.0,False
2001-02-08,0.5707888007164001,0.5707888007164001,0.0,0.0,False
2001-02-09,0.61326664686203,0.61326664686203,0.0,1.0,False
2001-02-12,0.6014332175254822,0.6014332175254822,0.0,1.0,False
2001-02-13,0.7037907242774963,0.7037907242774963,0.0,1.0,False
2001-02-14,0.6133729815483093,0.6133729815483093,0.0,1.0,False
2001-02-15,0.5532349944114685,0.5532349944114685,0.0,0.0,False
2001-02-16,0.43061140179634094,0.43061140179634094,0.0,0.0,False
2001-02-20,0.6498665809631348,0.6498665809631348,2.0,0.9224406250248297,False
2001-02-21,0.7206129431724548,0.7206129431724548,2.0,0.9224406250248297,False
2001-02-22,0.7158519625663757,0.7158519625663757,2.0,0.9224406250248297,False
2001-02-23,0.8009551763534546,0.8009551763534546,2.0,0.9224406250248297,False
2001-02-26,0.7456439733505249,0.7456439733505249,2.0,0.776733531319891,False
2001-02-27,0.7541753649711609,0.7541753649711609,2.0,0.776733531319891,False
2001-02-28,0.7951169013977051,0.7951169013977051,2.0,0.776733531319891,False
2001-03-01,0.7878178954124451,0.7878178954124451,2.0,0.776733531319891,False
2001-03-02,0.7970737814903259,0.7970737814903259,2.0,0.776733531319891,False
2001-03-05,0.8983752131462097,0.8983752131462097,2.0,0.776733531319891,False
2001-03-06,0.6733267903327942,0.6733267903327942,2.0,0.776733531319891,False
2001-03-07,0.6836904287338257,0.6836904287338257,2.0,0.776733531319891,False
2001-03-08,0.5892629027366638,0.5892629027366638,2.0,0.776733531319891,False
2001-03-09,0.8128253817558289,0.8128253817558289,2.0,0.776733531319891,False
2001-03-12,0.7884172201156616,0.7884172201156616,2.0,0.586641379992669,False
2001-03-13,0.8347970843315125,0.8347970843315125,2.0,0.586641379992669,False
2001-03-14,0.8448638319969177,0.8448638319969177,2.0,0.586641379992669,False
2001-03-15,0.812710165977478,0.812710165977478,2.0,0.586641379992669,False
2001-03-16,0.8508297801017761,0.8508297801017761,2.0,0.586641379992669,False
2001-03-19,0.8569816946983337,0.8569816946983337,2.0,0.586641379992669,False
2001-03-20,0.8719386458396912,0.8719386458396912,2.0,0.586641379992669,False
2001-03-21,0.8716649413108826,0.8716649413108826,2.0,0.586641379992669,False
2001-03-22,0.8613200783729553,0.8613200783729553,2.0,0.586641379992669,False
2001-03-23,0.9018740057945251,0.9018740057945251,2.0,0.586641379992669,False
2001-03-26,0.6248040795326233,0.6248040795326233,2.0,0.586641379992669,False
2001-03-27,0.6490640640258789,0.6490640640258789,2.0,0.48075383760159984,False
2001-03-28,0.6147673726081848,0.6147673726081848,2.0,0.48075383760159984,False
2001-03-29,0.5846681594848633,0.5846681594848633,2.0,0.48075383760159984,False
2001-03-30,0.5489593148231506,0.5489593148231506,2.0,0.0,False
2001-04-02,0.7637611627578735,0.7637611627578735,2.0,0.46135412930662767,False
2001-04-03,0.7451756596565247,0.7451756596565247,2.0,0.46135412930662767,False
2001-04-04,0.7902888655662537,0.7902888655662537,2.0,0.46135412930662767,False
2001-04-05,0.7938504219055176,0.7938504219055176,2.0,0.46135412930662767,False
2001-04-06,0.7389621138572693,0.7389621138572693,2.0,0.46135412930662767,False
2001-04-09,0.5678456425666809,0.5678456425666809,2.0,0.0,False
2001-04-10,0.4138426184654236,0.4138426184654236,2.0,0.0,False
2001-04-11,0.34320440888404846,0.34320440888404846,2.0,0.0,False
2001-04-12,0.43415674567222595,0.43415674567222595,2.0,0.0,False
2001-04-16,0.367876797914505,0.367876797914505,2.0,0.0,False
2001-04-17,0.4850299656391144,0.4850299656391144,2.0,0.0,False
2001-04-18,0.8239102363586426,0.8239102363586426,1.0,0.45131902408707963,False
2001-04-19,0.6884328722953796,0.6884328722953796,1.0,0.45131902408707963,False
2001-04-20,0.6079999804496765,0.6079999804496765,1.0,0.45131902408707963,False
2001-04-23,0.505081057548523,0.505081057548523,1.0,0.0,False
2001-04-24,0.5758352875709534,0.5758352875709534,1.0,0.0,False
2001-04-25,0.8068791031837463,0.8068791031837463,2.0,0.47524734925987705,False
2001-04-26,0.8354475498199463,0.8354475498199463,1.0,0.47524734925987705,False
2001-04-27,0.7437923550605774,0.7437923550605774,1.0,0.47524734925987705,False
2001-04-30,0.8584609031677246,0.8584609031677246,1.0,0.47524734925987705,False
2001-05-01,0.7413081526756287,0.7413081526756287,1.0,0.47524734925987705,False
2001-05-02,0.5827017426490784,0.5827017426490784,1.0,0.6133381175862688,False
2001-05-03,0.38468819856643677,0.38468819856643677,1.0,0.0,False
2001-05-04,0.540130615234375,0.540130615234375,1.0,0.0,False
2001-05-07,0.5478095412254333,0.5478095412254333,1.0,0.0,False
2001-05-08,0.45742952823638916,0.45742952823638916,1.0,0.0,False
2001-05-09,0.5648070573806763,0.5648070573806763,1.0,0.0,False
2001-05-10,0.41190966963768005,0.41190966963768005,1.0,0.0,False
2001-05-11,0.6671468615531921,0.6671468615531921,1.0,0.6966480775608751,False
2001-05-14,0.745596170425415,0.745596170425415,1.0,0.6966480775608751,False
2001-05-15,0.7293721437454224,0.7293721437454224,1.0,0.6966480775608751,False
2001-05-16,0.7523494958877563,0.7523494958877563,1.0,0.8685572962668383,False
2001-05-17,0.7001872062683105,0.7001872062683105,1.0,0.8685572962668383,False
2001-05-18,0.555081844329834,0.555081844329834,1.0,0.0,False
2001-05-21,0.46362078189849854,0.46362078189849854,1.0,0.0,False
2001-05-22,0.5208210349082947,0.5208210349082947,1.0,0.0,False
2001-05-23,0.7482450604438782,0.7482450604438782,1.0,0.9332688265005248,False
2001-05-24,0.7717033624649048,0.7717033624649048,1.0,0.9332688265005248,False
2001-05-25,0.8579344153404236,0.8579344153404236,1.0,0.9332688265005248,False
2001-05-29,0.8581941723823547,0.8581941723823547,1.0,0.9332688265005248,False
2001-05-30,0.8627948760986328,0.8627948760986328,1.0,0.9332688265005248,False
2001-05-31,0.8732244372367859,0.8732244372367859,1.0,0.9332688265005248,False
2001-06-01,0.8377010822296143,0.8377010822296143,1.0,0.9332688265005248,False
2001-06-04,0.7798407077789307,0.7798407077789307,1.0,0.9332688265005248,False
2001-06-05,0.37209686636924744,0.37209686636924744,1.0,0.0,False
2001-06-06,0.5009593367576599,0.5009593367576599,1.0,0.0,False
2001-06-07,0.3506757318973541,0.3506757318973541,1.0,0.0,False
2001-06-08,0.5611100196838379,0.5611100196838379,0.0,0.0,False
2001-06-11,0.5283532738685608,0.5283532738685608,0.0,0.0,False
2001-06-12,0.6463395953178406,0.6463395953178406,0.0,0.9317029036043015,False
2001-06-13,0.6636280417442322,0.6636280417442322,0.0,0.9317029036043015,False
2001-06-14,0.58983314037323,0.58983314037323,2.0,0.9317029036043015,False
2001-06-15,0.573228120803833,0.573228120803833,2.0,0.0,False
2001-06-18,0.5792971253395081,0.5792971253395081,2.0,0.0,False
2001-06-19,0.5472206473350525,0.5472206473350525,2.0,0.0,False
2001-06-20,0.49110156297683716,0.49110156297683716,2.0,0.0,False
2001-06-21,0.4400908946990967,0.4400908946990967,0.0,0.0,False
2001-06-22,0.5851670503616333,0.5851670503616333,0.0,1.0,False
2001-06-25,0.697996973991394,0.697996973991394,0.0,1.0,False
2001-06-26,0.7141620516777039,0.7141620516777039,0.0,1.0,False
2001-06-27,0.6888514161109924,0.6888514161109924,0.0,1.0,False
2001-06-28,0.6257725954055786,0.6257725954055786,0.0,1.0,False
2001-06-29,0.511112630367279,0.511112630367279,0.0,0.0,False
2001-07-02,0.6187988519668579,0.6187988519668579,0.0,1.0,False
2001-07-03,0.44988059997558594,0.44988059997558594,0.0,0.0,False
2001-07-05,0.5611653327941895,0.5611653327941895,0.0,0.0,False
2001-07-06,0.4728158414363861,0.4728158414363861,2.0,0.0,False
2001-07-09,0.5371590852737427,0.5371590852737427,2.0,0.0,False
2001-07-10,0.5596280097961426,0.5596280097961426,2.0,0.0,False
2001-07-11,0.5438016653060913,0.5438016653060913,2.0,0.0,False
2001-07-12,0.6193929314613342,0.6193929314613342,2.0,0.8065442416955807,False
2001-07-13,0.514760434627533,0.514760434627533,1.0,0.0,False
2001-07-16,0.6408753395080566,0.6408753395080566,2.0,0.8474914440037055,False
2001-07-17,0.48438307642936707,0.48438307642936707,1.0,0.0,False
2001-07-18,0.5356667041778564,0.5356667041778564,2.0,0.0,False
2001-07-19,0.5332289934158325,0.5332289934158325,2.0,0.0,False
2001-07-20,0.4198775589466095,0.4198775589466095,2.0,0.0,False
2001-07-23,0.6495050191879272,0.6495050191879272,2.0,0.7938892416597466,False
2001-07-24,0.7304408550262451,0.7304408550262451,2.0,0.7938892416597466,False
2001-07-25,0.5967138409614563,0.5967138409614563,2.0,0.7938892416597466,False
2001-07-26,0.6589401960372925,0.6589401960372925,2.0,0.7938892416597466,False
2001-07-27,0.5733942985534668,0.5733942985534668,2.0,0.0,False
2001-07-30,0.5568405985832214,0.5568405985832214,2.0,0.0,False
2001-07-31,0.6101841330528259,0.6101841330528259,2.0,0.780132029508601,False
2001-08-01,0.6902801990509033,0.6902801990509033,2.0,0.780132029508601,False
2001-08-02,0.6070323586463928,0.6070323586463928,1.0,0.780132029508601,False
2001-08-03,0.5681285858154297,0.5681285858154297,1.0,0.0,False
2001-08-06,0.6172996163368225,0.6172996163368225,1.0,0.8786185912117508,False
2001-08-07,0.5820968151092529,0.5820968151092529,1.0,0.8786185912117508,False
2001-08-08,0.7178317904472351,0.7178317904472351,2.0,0.8786185912117508,False
2001-08-09,0.6267070770263672,0.6267070770263672,0.0,0.8786185912117508,False
2001-08-10,0.5497255921363831,0.5497255921363831,0.0,0.0,False
2001-08-13,0.5869371294975281,0.5869371294975281,0.0,1.0,False
2001-08-14,0.6395734548568726,0.6395734548568726,0.0,1.0,False
2001-08-15,0.6441915035247803,0.6441915035247803,0.0,1.0,False
2001-08-16,0.7159206867218018,0.7159206867218018,0.0,1.0,False
2001-08-17,0.6130629777908325,0.6130629777908325,0.0,1.0,False
2001-08-20,0.5481142401695251,0.5481142401695251,0.0,0.0,False
2001-08-21,0.5208185315132141,0.5208185315132141,2.0,0.0,False
2001-08-22,0.5072128772735596,0.5072128772735596,0.0,0.0,False
2001-08-23,0.5052752494812012,0.5052752494812012,0.0,0.0,False
2001-08-24,0.4505203664302826,0.4505203664302826,0.0,0.0,False
2001-08-27,0.46828413009643555,0.46828413009643555,0.0,0.0,False
2001-08-28,0.5494027733802795,0.5494027733802795,0.0,0.0,False
2001-08-29,0.4650686979293823,0.4650686979293823,0.0,0.0,False
2001-08-30,0.6117019653320312,0.6117019653320312,2.0,0.8665368315134843,False
2001-08-31,0.7400000095367432,0.7400000095367432,2.0,0.8665368315134843,False
2001-09-04,0.6860508322715759,0.6860508322715759,2.0,0.8665368315134843,False
2001-09-05,0.6455004811286926,0.6455004811286926,2.0,0.8665368315134843,False
2001-09-06,0.6734116673469543,0.6734116673469543,2.0,0.8665368315134843,False
2001-09-07,0.642170786857605,0.642170786857605,2.0,0.8665368315134843,False
2001-09-10,0.6251588463783264,0.6251588463783264,2.0,0.7630230878857747,False
2001-09-17,0.5864282250404358,0.5864282250404358,2.0,0.5772439262283602,False
2001-09-18,0.5181254148483276,0.5181254148483276,2.0,0.0,False
2001-09-19,0.5917161107063293,0.5917161107063293,2.0,0.5688498885631381,False
2001-09-20,0.5917161107063293,0.5917161107063293,2.0,0.5688498885631381,False
2001-09-21,0.6751949191093445,0.6751949191093445,2.0,0.5688498885631381,False
2001-09-24,0.65069979429245,0.65069979429245,2.0,0.5688498885631381,False
2001-09-25,0.6157646179199219,0.6157646179199219,2.0,0.5688498885631381,False
2001-09-26,0.6470247507095337,0.6470247507095337,2.0,0.5688498885631381,False
2001-09-27,0.5084809064865112,0.5084809064865112,2.0,0.0,False
2001-09-28,0.45776012539863586,0.45776012539863586,2.0,0.0,False
2001-10-01,0.39337584376335144,0.39337584376335144,2.0,0.0,False
2001-10-02,0.4249509274959564,0.4249509274959564,2.0,0.0,False
2001-10-03,0.7547425031661987,0.7547425031661987,2.0,0.46036203575650736,False
2001-10-04,0.6381712555885315,0.6381712555885315,2.0,0.46036203575650736,False
2001-10-05,0.725278377532959,0.725278377532959,2.0,0.46036203575650736,False
2001-10-08,0.7522019743919373,0.7522019743919373,2.0,0.46036203575650736,False
2001-10-09,0.7628276348114014,0.7628276348114014,2.0,0.46036203575650736,False
2001-10-10,0.7468375563621521,0.7468375563621521,2.0,0.46036203575650736,False
2001-10-11,0.6451191306114197,0.6451191306114197,2.0,0.46036203575650736,False
2001-10-12,0.6462270021438599,0.6462270021438599,2.0,0.46036203575650736,False
2001-10-15,0.7130465507507324,0.7130465507507324,1.0,0.6099263904142669,False
2001-10-16,0.5917946696281433,0.5917946696281433,1.0,0.6099263904142669,False
2001-10-17,0.6515207886695862,0.6515207886695862,1.0,0.6099263904142669,False
2001-10-18,0.6125922799110413,0.6125922799110413,1.0,0.6099263904142669,False
2001-10-19,0.5811202526092529,0.5811202526092529,1.0,0.7332718004312359,False
2001-10-22,0.6079642176628113,0.6079642176628113,1.0,0.7332718004312359,False
2001-10-23,0.5757206678390503,0.5757206678390503,1.0,0.0,False
2001-10-24,0.44607195258140564,0.44607195258140564,1.0,0.0,False
2001-10-25,0.5160991549491882,0.5160991549491882,1.0,0.0,False
2001-10-26,0.5252113342285156,0.5252113342285156,1.0,0.0,False
2001-10-29,0.579234778881073,0.579234778881073,1.0,0.0,False
2001-10-30,0.6897658705711365,0.6897658705711365,2.0,0.7299314730501185,False
2001-10-31,0.5386132001876831,0.5386132001876831,2.0,0.0,False
2001-11-01,0.7862592935562134,0.7862592935562134,1.0,0.6897734145262022,False
2001-11-02,0.6970421075820923,0.6970421075820923,1.0,0.6897734145262022,False
2001-11-05,0.42031365633010864,0.42031365633010864,1.0,0.0,False
2001-11-06,0.5108888149261475,0.5108888149261475,1.0,0.0,False
2001-11-07,0.49364951252937317,0.49364951252937317,1.0,0.0,False
2001-11-08,0.6180140972137451,0.6180140972137451,1.0,0.728068085072643,False
2001-11-09,0.676060676574707,0.676060676574707,1.0,0.728068085072643,False
2001-11-12,0.6314041614532471,0.6314041614532471,1.0,0.728068085072643,False
2001-11-13,0.5885323286056519,0.5885323286056519,1.0,0.728068085072643,False
2001-11-14,0.6373914480209351,0.6373914480209351,1.0,0.728068085072643,False
2001-11-15,0.6515448093414307,0.6515448093414307,1.0,0.728068085072643,False
2001-11-16,0.6588144302368164,0.6588144302368164,1.0,0.728068085072643,False
2001-11-19,0.35620924830436707,0.35620924830436707,1.0,0.0,False
2001-11-20,0.48387521505355835,0.48387521505355835,1.0,0.0,False
2001-11-21,0.4646334648132324,0.4646334648132324,1.0,0.0,False
2001-11-23,0.2632891535758972,0.2632891535758972,1.0,0.0,False
2001-11-26,0.34649327397346497,0.34649327397346497,1.0,0.0,False
2001-11-27,0.4288308918476105,0.4288308918476105,1.0,0.0,False
2001-11-28,0.5927570462226868,0.5927570462226868,1.0,0.8572329748040605,False
2001-11-29,0.511639416217804,0.511639416217804,1.0,0.0,False
2001-11-30,0.5360884070396423,0.5360884070396423,1.0,0.0,False
2001-12-03,0.5316669940948486,0.5316669940948486,1.0,0.0,False
2001-12-04,0.35188016295433044,0.35188016295433044,1.0,0.0,False
2001-12-05,0.4996245801448822,0.4996245801448822,1.0,0.0,False
2001-12-06,0.49514254927635193,0.49514254927635193,1.0,0.0,False
2001-12-07,0.35754936933517456,0.35754936933517456,1.0,0.0,False
2001-12-10,0.5558623671531677,0.5558623671531677,1.0,0.0,False
2001-12-11,0.5407577753067017,0.5407577753067017,1.0,0.0,False
2001-12-12,0.5255576968193054,0.5255576968193054,0.0,0.0,False
2001-12-13,0.5340161323547363,0.5340161323547363,0.0,0.0,False
2001-12-14,0.5217264294624329,0.5217264294624329,0.0,0.0,False
2001-12-17,0.6239241361618042,0.6239241361618042,1.0,0.7941995493944245,False
2001-12-18,0.5551347732543945,0.5551347732543945,1.0,0.0,False
2001-12-19,0.3150911033153534,0.3150911033153534,1.0,0.0,False
2001-12-20,0.44574636220932007,0.44574636220932007,1.0,0.0,False
2001-12-21,0.42748621106147766,0.42748621106147766,1.0,0.0,False
2001-12-24,0.28304800391197205,0.28304800391197205,1.0,0.0,False
2001-12-26,0.4103059470653534,0.4103059470653534,1.0,0.0,False
2001-12-27,0.47485509514808655,0.47485509514808655,1.0,0.0,False
2001-12-28,0.5734339952468872,0.5734339952468872,0.0,0.0,False
2001-12-31,0.5275418162345886,0.5275418162345886,0.0,0.0,False
2002-01-02,0.4070378541946411,0.4070378541946411,1.0,0.0,False
2002-01-03,0.36634746193885803,0.36634746193885803,0.0,0.0,False
2002-01-04,0.4143023192882538,0.4143023192882538,1.0,0.0,False
2002-01-07,0.48487651348114014,0.48487651348114014,0.0,0.0,False
2002-01-08,0.5030370354652405,0.5030370354652405,0.0,0.0,False
2002-01-09,0.5682998299598694,0.5682998299598694,0.0,0.0,False
2002-01-10,0.5461230278015137,0.5461230278015137,0.0,0.0,False
2002-01-11,0.48623839020729065,0.48623839020729065,0.0,0.0,False
2002-01-14,0.5631741881370544,0.5631741881370544,1.0,0.0,False
2002-01-15,0.5967872142791748,0.5967872142791748,0.0,1.0,False
2002-01-16,0.45238351821899414,0.45238351821899414,0.0,0.0,False
2002-01-17,0.5043186545372009,0.5043186545372009,0.0,0.0,False
2002-01-18,0.47447845339775085,0.47447845339775085,0.0,0.0,False
2002-01-22,0.4479103684425354,0.4479103684425354,0.0,0.0,False
2002-01-23,0.5491816997528076,0.5491816997528076,0.0,0.0,False
2002-01-24,0.5578950643539429,0.5578950643539429,0.0,0.0,False
2002-01-25,0.5503221154212952,0.5503221154212952,0.0,0.0,False
2002-01-28,0.4365673363208771,0.4365673363208771,0.0,0.0,False
2002-01-29,0.4798128306865692,0.4798128306865692,0.0,0.0,False
2002-01-30,0.6150774955749512,0.6150774955749512,0.0,0.8375619092576395,False
2002-01-31,0.4417652487754822,0.4417652487754822,0.0,0.0,False
2002-02-01,0.511492133140564,0.511492133140564,0.0,0.0,False
2002-02-04,0.6648300886154175,0.6648300886154175,2.0,0.7921985034808109,False
2002-02-05,0.5253861546516418,0.5253861546516418,2.0,0.0,False
2002-02-06,0.6240457892417908,0.6240457892417908,2.0,0.7930610744516704,False
2002-02-07,0.7213339805603027,0.7213339805603027,2.0,0.7930610744516704,False
2002-02-08,0.7158663868904114,0.7158663868904114,2.0,0.7930610744516704,False
2002-02-11,0.5692271590232849,0.5692271590232849,2.0,0.0,False
2002-02-12,0.51555997133255,0.51555997133255,2.0,0.0,False
2002-02-13,0.5706087946891785,0.5706087946891785,2.0,0.0,False
2002-02-14,0.2573205828666687,0.2573205828666687,2.0,0.0,False
2002-02-15,0.48971572518348694,0.48971572518348694,2.0,0.0,False
2002-02-19,0.7710523009300232,0.7710523009300232,2.0,0.7233245865664497,False
2002-02-20,0.7658644318580627,0.7658644318580627,2.0,0.7233245865664497,False
2002-02-21,0.7752637267112732,0.7752637267112732,2.0,0.7233245865664497,False
2002-02-22,0.7440373301506042,0.7440373301506042,2.0,0.7233245865664497,False
2002-02-25,0.5249372124671936,0.5249372124671936,2.0,0.0,False
2002-02-26,0.4565316438674927,0.4565316438674927,2.0,0.0,False
2002-02-27,0.5480836629867554,0.5480836629867554,1.0,0.0,False
2002-02-28,0.4520653486251831,0.4520653486251831,2.0,0.0,False
2002-03-01,0.42166417837142944,0.42166417837142944,1.0,0.0,False
2002-03-04,0.7766461372375488,0.7766461372375488,1.0,0.665943433107802,False
2002-03-05,0.6854546070098877,0.6854546070098877,1.0,0.665943433107802,False
2002-03-06,0.746811032295227,0.746811032295227,1.0,0.665943433107802,False
2002-03-07,0.6757074594497681,0.6757074594497681,1.0,0.665943433107802,False
2002-03-08,0.7214595675468445,0.7214595675468445,1.0,0.665943433107802,False
2002-03-11,0.7327825427055359,0.7327825427055359,1.0,0.7843934878769071,False
2002-03-12,0.7408273220062256,0.7408273220062256,1.0,0.7843934878769071,False
2002-03-13,0.7382824420928955,0.7382824420928955,1.0,0.7843934878769071,False
2002-03-14,0.7676516175270081,0.7676516175270081,1.0,0.7843934878769071,False
2002-03-15,0.5878112316131592,0.5878112316131592,1.0,0.7843934878769071,False
2002-03-18,0.5244196653366089,0.5244196653366089,1.0,0.0,False
2002-03-19,0.5259702801704407,0.5259702801704407,1.0,0.0,False
2002-03-20,0.5946646928787231,0.5946646928787231,1.0,0.8391382372036132,False
2002-03-21,0.4868810474872589,0.4868810474872589,1.0,0.0,False
2002-03-22,0.3682127296924591,0.3682127296924591,1.0,0.0,False
2002-03-25,0.5213174819946289,0.5213174819946289,1.0,0.0,False
2002-03-26,0.47640225291252136,0.47640225291252136,1.0,0.0,False
2002-03-27,0.4950994849205017,0.4950994849205017,1.0,0.0,False
2002-03-28,0.476278156042099,0.476278156042099,1.0,0.0,False
2002-04-01,0.5990256667137146,0.5990256667137146,0.0,1.0,False
2002-04-02,0.6512207984924316,0.6512207984924316,0.0,1.0,False
2002-04-03,0.6608954668045044,0.6608954668045044,0.0,1.0,False
2002-04-04,0.7118082642555237,0.7118082642555237,0.0,1.0,False
2002-04-05,0.7239538431167603,0.7239538431167603,0.0,1.0,False
2002-04-08,0.7617859840393066,0.7617859840393066,0.0,1.0,False
2002-04-09,0.6831232309341431,0.6831232309341431,0.0,1.0,False
2002-04-10,0.5359322428703308,0.5359322428703308,0.0,0.0,False
2002-04-11,0.39057978987693787,0.39057978987693787,0.0,0.0,False
2002-04-12,0.3746398687362671,0.3746398687362671,0.0,0.0,False
2002-04-15,0.4903281331062317,0.4903281331062317,0.0,0.0,False
2002-04-16,0.4485724866390228,0.4485724866390228,0.0,0.0,False
2002-04-17,0.4120001792907715,0.4120001792907715,0.0,0.0,False
2002-04-18,0.4274929165840149,0.4274929165840149,0.0,0.0,False
2002-04-19,0.415529727935791,0.415529727935791,0.0,0.0,False
2002-04-22,0.37847664952278137,0.37847664952278137,0.0,0.0,False
2002-04-23,0.5715674161911011,0.5715674161911011,0.0,0.0,False
2002-04-24,0.6044393181800842,0.6044393181800842,0.0,0.9380539500441644,False
2002-04-25,0.5891669392585754,0.5891669392585754,0.0,0.9380539500441644,False
2002-04-26,0.6333631873130798,0.6333631873130798,0.0,0.9380539500441644,False
2002-04-29,0.6547636389732361,0.6547636389732361,2.0,0.9380539500441644,False
2002-04-30,0.611732006072998,0.611732006072998,0.0,0.9380539500441644,False
2002-05-01,0.5475404262542725,0.5475404262542725,0.0,0.0,False
2002-05-02,0.5628105998039246,0.5628105998039246,2.0,0.0,False
2002-05-03,0.6291580200195312,0.6291580200195312,2.0,0.8127954434497933,False
2002-05-06,0.5984674096107483,0.5984674096107483,2.0,0.8127954434497933,False
2002-05-07,0.6410546898841858,0.6410546898841858,2.0,0.8127954434497933,False
2002-05-08,0.5760889649391174,0.5760889649391174,2.0,0.0,False
2002-05-09,0.5325673818588257,0.5325673818588257,2.0,0.0,False
2002-05-10,0.6346006989479065,0.6346006989479065,2.0,0.6549085334124536,False
2002-05-13,0.3453056514263153,0.3453056514263153,2.0,0.0,False
2002-05-14,0.4402869641780853,0.4402869641780853,2.0,0.0,False
2002-05-15,0.5844579935073853,0.5844579935073853,2.0,0.6264317607038059,False
2002-05-16,0.5663720369338989,0.5663720369338989,2.0,0.0,False
2002-05-17,0.5209594964981079,0.5209594964981079,2.0,0.0,False
2002-05-20,0.6054573059082031,0.6054573059082031,2.0,0.6346796195581573,False
2002-05-21,0.7185027599334717,0.7185027599334717,2.0,0.6346796195581573,False
2002-05-22,0.6323065161705017,0.6323065161705017,2.0,0.6346796195581573,False
2002-05-23,0.630388617515564,0.630388617515564,2.0,0.6346796195581573,False
2002-05-24,0.6881975531578064,0.6881975531578064,1.0,0.6346796195581573,False
2002-05-28,0.7321305871009827,0.7321305871009827,1.0,0.6346796195581573,False
2002-05-29,0.6721392273902893,0.6721392273902893,2.0,0.6346796195581573,False
2002-05-30,0.7534564137458801,0.7534564137458801,2.0,0.6346796195581573,False
2002-05-31,0.7682456374168396,0.7682456374168396,2.0,0.6346796195581573,False
2002-06-03,0.7405876517295837,0.7405876517295837,2.0,0.6346796195581573,False
2002-06-04,0.7584744691848755,0.7584744691848755,2.0,0.6346796195581573,False
2002-06-05,0.7161349058151245,0.7161349058151245,2.0,0.6346796195581573,False
2002-06-06,0.7786366939544678,0.7786366939544678,2.0,0.7387637265420114,False
2002-06-07,0.7649096250534058,0.7649096250534058,2.0,0.7387637265420114,False
2002-06-10,0.6383007168769836,0.6383007168769836,2.0,0.7387637265420114,False
2002-06-11,0.6608841419219971,0.6608841419219971,2.0,0.7387637265420114,False
2002-06-12,0.5580385327339172,0.5580385327339172,2.0,0.0,False
2002-06-13,0.5889458656311035,0.5889458656311035,2.0,0.9215142655463243,False
2002-06-14,0.5692499279975891,0.5692499279975891,2.0,0.0,False
2002-06-17,0.4606454074382782,0.4606454074382782,0.0,0.0,False
2002-06-18,0.4448557198047638,0.4448557198047638,0.0,0.0,False
2002-06-19,0.6953328251838684,0.6953328251838684,2.0,0.7265514130346443,False
2002-06-20,0.7018218040466309,0.7018218040466309,2.0,0.7265514130346443,False
2002-06-21,0.7109010219573975,0.7109010219573975,2.0,0.7265514130346443,False
2002-06-24,0.7832453846931458,0.7832453846931458,2.0,0.7265514130346443,False
2002-06-25,0.7557243704795837,0.7557243704795837,2.0,0.7265514130346443,False
2002-06-26,0.7467860579490662,0.7467860579490662,2.0,0.7265514130346443,False
2002-06-27,0.7322423458099365,0.7322423458099365,2.0,0.7265514130346443,False
2002-06-28,0.6907178163528442,0.6907178163528442,2.0,0.7265514130346443,False
2002-07-01,0.7108046412467957,0.7108046412467957,2.0,0.7265514130346443,False
2002-07-02,0.7263155579566956,0.7263155579566956,2.0,0.7265514130346443,False
2002-07-03,0.6585649251937866,0.6585649251937866,2.0,0.7265514130346443,False
2002-07-05,0.3636592626571655,0.3636592626571655,2.0,0.0,False
2002-07-08,0.3908208906650543,0.3908208906650543,2.0,0.0,False
2002-07-09,0.7015759944915771,0.7015759944915771,2.0,0.5321611215932818,False
2002-07-10,0.7036148905754089,0.7036148905754089,2.0,0.5321611215932818,False
2002-07-11,0.7412353754043579,0.7412353754043579,2.0,0.5321611215932818,False
2002-07-12,0.8083286285400391,0.8083286285400391,2.0,0.5321611215932818,False
2002-07-15,0.7948378920555115,0.7948378920555115,2.0,0.5321611215932818,False
2002-07-16,0.7850239276885986,0.7850239276885986,2.0,0.5321611215932818,False
2002-07-17,0.7354529500007629,0.7354529500007629,2.0,0.5321611215932818,False
2002-07-18,0.7586405277252197,0.7586405277252197,2.0,0.5321611215932818,False
2002-07-19,0.826682448387146,0.826682448387146,2.0,0.5321611215932818,False
2002-07-22,0.8087500929832458,0.8087500929832458,2.0,0.5321611215932818,False
2002-07-23,0.8245791792869568,0.8245791792869568,2.0,0.5321611215932818,False
2002-07-24,0.7871732115745544,0.7871732115745544,2.0,0.375172450678206,False
2002-07-25,0.7519525289535522,0.7519525289535522,2.0,0.375172450678206,False
2002-07-26,0.7750332951545715,0.7750332951545715,2.0,0.375172450678206,False
2002-07-29,0.5568040609359741,0.5568040609359741,2.0,0.0,False
2002-07-30,0.6123397946357727,0.6123397946357727,2.0,0.3356098107360108,False
2002-07-31,0.5966455936431885,0.5966455936431885,2.0,0.3356098107360108,False
2002-08-01,0.5578818321228027,0.5578818321228027,2.0,0.0,False
2002-08-02,0.6588646173477173,0.6588646173477173,2.0,0.3540276140942883,False
2002-08-05,0.7574425935745239,0.7574425935745239,2.0,0.3540276140942883,False
2002-08-06,0.7587206363677979,0.7587206363677979,2.0,0.3540276140942883,False
2002-08-07,0.7652856111526489,0.7652856111526489,2.0,0.3540276140942883,False
2002-08-08,0.6410713195800781,0.6410713195800781,2.0,0.3540276140942883,False
2002-08-09,0.5228856801986694,0.5228856801986694,2.0,0.0,False
2002-08-12,0.6513692140579224,0.6513692140579224,2.0,0.32793032459514065,False
2002-08-13,0.669189989566803,0.669189989566803,2.0,0.32793032459514065,False
2002-08-14,0.5626689791679382,0.5626689791679382,2.0,0.0,False
2002-08-15,0.6957784295082092,0.6957784295082092,2.0,0.32599577975592725,False
2002-08-16,0.5833291411399841,0.5833291411399841,1.0,0.32599577975592725,False
2002-08-19,0.4215293526649475,0.4215293526649475,1.0,0.0,False
2002-08-20,0.46482545137405396,0.46482545137405396,1.0,0.0,False
2002-08-21,0.4425274133682251,0.4425274133682251,1.0,0.0,False
2002-08-22,0.5626961588859558,0.5626961588859558,1.0,0.0,False
2002-08-23,0.6297063231468201,0.6297063231468201,1.0,0.4071785022602798,False
2002-08-26,0.8129212856292725,0.8129212856292725,1.0,0.4071785022602798,False
2002-08-27,0.807900607585907,0.807900607585907,2.0,0.4071785022602798,False
2002-08-28,0.7250981330871582,0.7250981330871582,2.0,0.4071785022602798,False
2002-08-29,0.6014443635940552,0.6014443635940552,2.0,0.4071785022602798,False
2002-08-30,0.5161183476448059,0.5161183476448059,1.0,0.0,False
2002-09-03,0.629684329032898,0.629684329032898,1.0,0.465935822961058,False
2002-09-04,0.7093520760536194,0.7093520760536194,1.0,0.465935822961058,False
2002-09-05,0.8114155530929565,0.8114155530929565,2.0,0.465935822961058,False
2002-09-06,0.6590183973312378,0.6590183973312378,2.0,0.465935822961058,False
2002-09-09,0.7230538725852966,0.7230538725852966,2.0,0.465935822961058,False
2002-09-10,0.287810742855072,0.287810742855072,2.0,0.0,False
2002-09-11,0.33590149879455566,0.33590149879455566,2.0,0.0,False
2002-09-12,0.5021488666534424,0.5021488666534424,2.0,0.0,False
2002-09-13,0.4594043791294098,0.4594043791294098,2.0,0.0,False
2002-09-16,0.45213446021080017,0.45213446021080017,2.0,0.0,False
2002-09-17,0.5800626873970032,0.5800626873970032,2.0,0.6317877919262183,False
2002-09-18,0.6847074031829834,0.6847074031829834,2.0,0.6317877919262183,False
2002-09-19,0.6973469257354736,0.6973469257354736,2.0,0.6317877919262183,False
2002-09-20,0.6802423000335693,0.6802423000335693,2.0,0.6317877919262183,False
2002-09-23,0.6137401461601257,0.6137401461601257,2.0,0.6317877919262183,False
2002-09-24,0.6742386221885681,0.6742386221885681,2.0,0.6317877919262183,False
2002-09-25,0.6840452551841736,0.6840452551841736,2.0,0.6317877919262183,False
2002-09-26,0.6317624449729919,0.6317624449729919,2.0,0.6317877919262183,False
2002-09-27,0.6438409090042114,0.6438409090042114,2.0,0.6317877919262183,False
2002-09-30,0.6505335569381714,0.6505335569381714,2.0,0.6317877919262183,False
2002-10-01,0.4982897937297821,0.4982897937297821,2.0,0.0,False
2002-10-02,0.7394239902496338,0.7394239902496338,2.0,0.4700926773443624,False
2002-10-03,0.6748525500297546,0.6748525500297546,2.0,0.4700926773443624,False
2002-10-04,0.6056254506111145,0.6056254506111145,2.0,0.4700926773443624,False
2002-10-07,0.6637189388275146,0.6637189388275146,2.0,0.4700926773443624,False
2002-10-08,0.6666773557662964,0.6666773557662964,2.0,0.4700926773443624,False
2002-10-09,0.7769500017166138,0.7769500017166138,2.0,0.4700926773443624,False
2002-10-10,0.665409505367279,0.665409505367279,2.0,0.4700926773443624,False
2002-10-11,0.6204773187637329,0.6204773187637329,2.0,0.4700926773443624,False
2002-10-14,0.5110805034637451,0.5110805034637451,2.0,0.0,False
2002-10-15,0.6036463975906372,0.6036463975906372,2.0,0.35154712098292445,False
2002-10-16,0.5790491700172424,0.5790491700172424,2.0,0.0,False
2002-10-17,0.5224667191505432,0.5224667191505432,2.0,0.0,False
2002-10-18,0.41895219683647156,0.41895219683647156,2.0,0.0,False
2002-10-21,0.47467121481895447,0.47467121481895447,2.0,0.0,False
2002-10-22,0.5233333706855774,0.5233333706855774,1.0,0.0,False
2002-10-23,0.41595980525016785,0.41595980525016785,2.0,0.0,False
2002-10-24,0.4975118041038513,0.4975118041038513,2.0,0.0,False
2002-10-25,0.6027277708053589,0.6027277708053589,1.0,0.37001487460317295,False
2002-10-28,0.5986262559890747,0.5986262559890747,1.0,0.37001487460317295,False
2002-10-29,0.6051889657974243,0.6051889657974243,2.0,0.37001487460317295,False
2002-10-30,0.6815264821052551,0.6815264821052551,1.0,0.37001487460317295,False
2002-10-31,0.5388063788414001,0.5388063788414001,1.0,0.0,False
2002-11-01,0.48829135298728943,0.48829135298728943,1.0,0.0,False
2002-11-04,0.4648260176181793,0.4648260176181793,1.0,0.0,False
2002-11-05,0.48146793246269226,0.48146793246269226,1.0,0.0,False
2002-11-06,0.3337801396846771,0.3337801396846771,1.0,0.0,False
2002-11-07,0.44740426540374756,0.44740426540374756,1.0,0.0,False
2002-11-08,0.588230311870575,0.588230311870575,1.0,0.5223133752155563,False
2002-11-11,0.41933998465538025,0.41933998465538025,1.0,0.0,False
2002-11-12,0.5980027318000793,0.5980027318000793,2.0,0.6211651344258462,False
2002-11-13,0.6747344732284546,0.6747344732284546,1.0,0.6211651344258462,False
2002-11-14,0.5074158906936646,0.5074158906936646,1.0,0.0,False
2002-11-15,0.37954074144363403,0.37954074144363403,1.0,0.0,False
2002-11-18,0.39787614345550537,0.39787614345550537,1.0,0.0,False
2002-11-19,0.37135323882102966,0.37135323882102966,1.0,0.0,False
2002-11-20,0.3287186324596405,0.3287186324596405,1.0,0.0,False
2002-11-21,0.5114006400108337,0.5114006400108337,1.0,0.0,False
2002-11-22,0.524034321308136,0.524034321308136,1.0,0.0,False
2002-11-25,0.547518789768219,0.547518789768219,1.0,0.0,False
2002-11-26,0.834658682346344,0.834658682346344,1.0,0.6802591900042831,False
2002-11-27,0.6739230155944824,0.6739230155944824,1.0,0.6802591900042831,False
2002-11-29,0.7033506035804749,0.7033506035804749,1.0,0.6802591900042831,False
2002-12-02,0.817190945148468,0.817190945148468,1.0,0.6802591900042831,False
2002-12-03,0.863467812538147,0.863467812538147,1.0,0.6802591900042831,False
2002-12-04,0.8064223527908325,0.8064223527908325,1.0,0.6802591900042831,False
2002-12-05,0.7270763516426086,0.7270763516426086,2.0,0.6802591900042831,False
2002-12-06,0.6610629558563232,0.6610629558563232,1.0,0.6802591900042831,False
2002-12-09,0.6653319597244263,0.6653319597244263,2.0,0.6802591900042831,False
2002-12-10,0.5609531402587891,0.5609531402587891,1.0,0.0,False
2002-12-11,0.5529184341430664,0.5529184341430664,1.0,0.0,False
2002-12-12,0.5454348921775818,0.5454348921775818,1.0,0.0,False
2002-12-13,0.6664271950721741,0.6664271950721741,2.0,0.6719772459269834,False
2002-12-16,0.43661803007125854,0.43661803007125854,2.0,0.0,False
2002-12-17,0.46449485421180725,0.46449485421180725,2.0,0.0,False
2002-12-18,0.5807695984840393,0.5807695984840393,2.0,0.6149473995553267,False
2002-12-19,0.5623927712440491,0.5623927712440491,2.0,0.0,False
2002-12-20,0.46454569697380066,0.46454569697380066,2.0,0.0,False
2002-12-23,0.5222774147987366,0.5222774147987366,2.0,0.0,False
2002-12-24,0.6883105635643005,0.6883105635643005,2.0,0.6654860596890491,False
2002-12-26,0.5630109310150146,0.5630109310150146,2.0,0.0,False
2002-12-27,0.5818014144897461,0.5818014144897461,2.0,0.7501862035304363,False
2002-12-30,0.6583906412124634,0.6583906412124634,2.0,0.7501862035304363,False
2002-12-31,0.6472259163856506,0.6472259163856506,2.0,0.7501862035304363,False
2003-01-02,0.44733551144599915,0.44733551144599915,2.0,0.0,False
2003-01-03,0.45361676812171936,0.45361676812171936,2.0,0.0,False
2003-01-06,0.6380135416984558,0.6380135416984558,1.0,0.6265466400282816,False
2003-01-07,0.4915626347064972,0.4915626347064972,2.0,0.0,False
2003-01-08,0.5967272520065308,0.5967272520065308,1.0,0.6746395806051665,False
2003-01-09,0.6614874005317688,0.6614874005317688,1.0,0.6746395806051665,False
2003-01-10,0.7038704752922058,0.7038704752922058,1.0,0.6746395806051665,False
2003-01-13,0.6791639924049377,0.6791639924049377,1.0,0.6746395806051665,False
2003-01-14,0.666673481464386,0.666673481464386,1.0,0.6746395806051665,False
2003-01-15,0.5624445676803589,0.5624445676803589,1.0,0.0,False
2003-01-16,0.7034680247306824,0.7034680247306824,1.0,0.7584469855840932,False
2003-01-17,0.7078729867935181,0.7078729867935181,1.0,0.7584469855840932,False
2003-01-21,0.6743067502975464,0.6743067502975464,2.0,0.7584469855840932,False
2003-01-22,0.8106313943862915,0.8106313943862915,2.0,0.7584469855840932,False
2003-01-23,0.7157059907913208,0.7157059907913208,2.0,0.7584469855840932,False
2003-01-24,0.7818955183029175,0.7818955183029175,2.0,0.7584469855840932,False
2003-01-27,0.6903136372566223,0.6903136372566223,2.0,0.6562715364712255,False
2003-01-28,0.7311812043190002,0.7311812043190002,2.0,0.6562715364712255,False
2003-01-29,0.6579207181930542,0.6579207181930542,2.0,0.6562715364712255,False
2003-01-30,0.634395182132721,0.634395182132721,2.0,0.6562715364712255,False
2003-01-31,0.6368381381034851,0.6368381381034851,2.0,0.6562715364712255,False
2003-02-03,0.6357486248016357,0.6357486248016357,2.0,0.6562715364712255,False
2003-02-04,0.5016763210296631,0.5016763210296631,2.0,0.0,False
2003-02-05,0.4819071590900421,0.4819071590900421,2.0,0.0,False
2003-02-06,0.47979217767715454,0.47979217767715454,2.0,0.0,False
2003-02-07,0.6129876375198364,0.6129876375198364,2.0,0.8305721168508133,False
2003-02-10,0.5095483064651489,0.5095483064651489,2.0,0.0,False
2003-02-11,0.4494183659553528,0.4494183659553528,2.0,0.0,False
2003-02-12,0.47195884585380554,0.47195884585380554,2.0,0.0,False
2003-02-13,0.32673439383506775,0.32673439383506775,2.0,0.0,False
2003-02-14,0.41684985160827637,0.41684985160827637,2.0,0.0,False
2003-02-18,0.43394342064857483,0.43394342064857483,2.0,0.0,False
2003-02-19,0.4777575731277466,0.4777575731277466,2.0,0.0,False
2003-02-20,0.4246172606945038,0.4246172606945038,2.0,0.0,False
2003-02-21,0.5052157640457153,0.5052157640457153,2.0,0.0,False
2003-02-24,0.5796525478363037,0.5796525478363037,2.0,0.0,False
2003-02-25,0.6037660241127014,0.6037660241127014,2.0,0.7448094523272647,False
2003-02-26,0.6620432734489441,0.6620432734489441,2.0,0.7448094523272647,False
2003-02-27,0.596030056476593,0.596030056476593,2.0,0.7448094523272647,False
2003-02-28,0.40825316309928894,0.40825316309928894,2.0,0.0,False
2003-03-03,0.5014331936836243,0.5014331936836243,2.0,0.0,False
2003-03-04,0.4228384792804718,0.4228384792804718,2.0,0.0,False
2003-03-05,0.42376822233200073,0.42376822233200073,2.0,0.0,False
2003-03-06,0.462151437997818,0.462151437997818,2.0,0.0,False
2003-03-07,0.532650887966156,0.532650887966156,2.0,0.0,False
2003-03-10,0.5498217344284058,0.5498217344284058,2.0,0.0,False
2003-03-11,0.4737437069416046,0.4737437069416046,2.0,0.0,False
2003-03-12,0.488221138715744,0.488221138715744,2.0,0.0,False
2003-03-13,0.4415128529071808,0.4415128529071808,1.0,0.0,False
2003-03-14,0.38829368352890015,0.38829368352890015,1.0,0.0,False
2003-03-17,0.5652474761009216,0.5652474761009216,1.0,0.0,False
2003-03-18,0.505837619304657,0.505837619304657,1.0,0.0,False
2003-03-19,0.6666838526725769,0.6666838526725769,1.0,0.6180655810215053,False
2003-03-20,0.6259748935699463,0.6259748935699463,1.0,0.6180655810215053,False
2003-03-21,0.7079311013221741,0.7079311013221741,1.0,0.6180655810215053,False
2003-03-24,0.6494259834289551,0.6494259834289551,1.0,0.6180655810215053,False
2003-03-25,0.6948578953742981,0.6948578953742981,1.0,0.6180655810215053,False
2003-03-26,0.6963379383087158,0.6963379383087158,1.0,0.6180655810215053,False
2003-03-27,0.6834787130355835,0.6834787130355835,1.0,0.6180655810215053,False
2003-03-28,0.6777855753898621,0.6777855753898621,1.0,0.6180655810215053,False
2003-03-31,0.49301877617836,0.49301877617836,2.0,0.0,False
2003-04-01,0.381187379360199,0.381187379360199,1.0,0.0,False
2003-04-02,0.45017877221107483,0.45017877221107483,1.0,0.0,False
2003-04-03,0.45623159408569336,0.45623159408569336,1.0,0.0,False
2003-04-04,0.373325914144516,0.373325914144516,1.0,0.0,False
2003-04-07,0.36663514375686646,0.36663514375686646,1.0,0.0,False
2003-04-08,0.2570992708206177,0.2570992708206177,1.0,0.0,False
2003-04-09,0.5598441362380981,0.5598441362380981,1.0,0.0,False
2003-04-10,0.4443746507167816,0.4443746507167816,1.0,0.0,False
2003-04-11,0.57521653175354,0.57521653175354,1.0,0.0,False
2003-04-14,0.5485835671424866,0.5485835671424866,1.0,0.0,False
2003-04-15,0.4669795632362366,0.4669795632362366,1.0,0.0,False
2003-04-16,0.5338534712791443,0.5338534712791443,1.0,0.0,False
2003-04-17,0.3732316493988037,0.3732316493988037,1.0,0.0,False
2003-04-21,0.47450312972068787,0.47450312972068787,2.0,0.0,False
2003-04-22,0.40953224897384644,0.40953224897384644,0.0,0.0,False
2003-04-23,0.3893791735172272,0.3893791735172272,0.0,0.0,False
2003-04-24,0.43376219272613525,0.43376219272613525,0.0,0.0,False
2003-04-25,0.5410036444664001,0.5410036444664001,0.0,0.0,False
2003-04-28,0.4621566832065582,0.4621566832065582,0.0,0.0,False
2003-04-29,0.29088184237480164,0.29088184237480164,2.0,0.0,False
2003-04-30,0.32302215695381165,0.32302215695381165,2.0,0.0,False
2003-05-01,0.28893470764160156,0.28893470764160156,0.0,0.0,False
2003-05-02,0.3398015797138214,0.3398015797138214,0.0,0.0,False
2003-05-05,0.4182828366756439,0.4182828366756439,0.0,0.0,False
2003-05-06,0.35348254442214966,0.35348254442214966,0.0,0.0,False
2003-05-07,0.4312610626220703,0.4312610626220703,0.0,0.0,False
2003-05-08,0.5294557809829712,0.5294557809829712,0.0,0.0,False
2003-05-09,0.3942599892616272,0.3942599892616272,0.0,0.0,False
2003-05-12,0.2605880796909332,0.2605880796909332,2.0,0.0,False
2003-05-13,0.6067569851875305,0.6067569851875305,0.0,0.8869915231705222,False
2003-05-14,0.6545989513397217,0.6545989513397217,0.0,0.8869915231705222,False
2003-05-15,0.505534827709198,0.505534827709198,0.0,0.0,False
2003-05-16,0.7090848088264465,0.7090848088264465,0.0,1.0,False
2003-05-19,0.8239213824272156,0.8239213824272156,0.0,0.8584052647105677,False
2003-05-20,0.6995368599891663,0.6995368599891663,0.0,0.8584052647105677,False
2003-05-21,0.5131089091300964,0.5131089091300964,0.0,0.0,False
2003-05-22,0.5204311013221741,0.5204311013221741,0.0,0.0,False
2003-05-23,0.45165079832077026,0.45165079832077026,0.0,0.0,False
2003-05-27,0.31757867336273193,0.31757867336273193,0.0,0.0,False
2003-05-28,0.3824969530105591,0.3824969530105591,0.0,0.0,False
2003-05-29,0.353184312582016,0.353184312582016,0.0,0.0,False
2003-05-30,0.3527912199497223,0.3527912199497223,0.0,0.0,False
2003-06-02,0.3957594037055969,0.3957594037055969,0.0,0.0,False
2003-06-03,0.44054731726646423,0.44054731726646423,0.0,0.0,False
2003-06-04,0.29317212104797363,0.29317212104797363,0.0,0.0,False
2003-06-05,0.3811381161212921,0.3811381161212921,0.0,0.0,False
2003-06-06,0.4193207025527954,0.4193207025527954,0.0,0.0,False
2003-06-09,0.44647645950317383,0.44647645950317383,0.0,0.0,False
2003-06-10,0.2907445728778839,0.2907445728778839,0.0,0.0,False
2003-06-11,0.3074042499065399,0.3074042499065399,0.0,0.0,False
2003-06-12,0.3703940808773041,0.3703940808773041,0.0,0.0,False
2003-06-13,0.39433375000953674,0.39433375000953674,0.0,0.0,False
2003-06-16,0.24409273266792297,0.24409273266792297,0.0,0.0,False
2003-06-17,0.23538289964199066,0.23538289964199066,2.0,0.0,False
2003-06-18,0.31003397703170776,0.31003397703170776,2.0,0.0,False
2003-06-19,0.6919627785682678,0.6919627785682678,2.0,0.9769183261777817,False
2003-06-20,0.6668455600738525,0.6668455600738525,0.0,0.9769183261777817,False
2003-06-23,0.7826313972473145,0.7826313972473145,0.0,0.9769183261777817,False
2003-06-24,0.7772807478904724,0.7772807478904724,0.0,0.9769183261777817,False
2003-06-25,0.7032427191734314,0.7032427191734314,0.0,0.9769183261777817,False
2003-06-26,0.6603462100028992,0.6603462100028992,0.0,0.9769183261777817,False
2003-06-27,0.7136865854263306,0.7136865854263306,0.0,0.9769183261777817,False
2003-06-30,0.5657821893692017,0.5657821893692017,0.0,0.0,False
2003-07-01,0.4647035300731659,0.4647035300731659,0.0,0.0,False
2003-07-02,0.30384325981140137,0.30384325981140137,0.0,0.0,False
2003-07-03,0.3823079764842987,0.3823079764842987,0.0,0.0,False
2003-07-07,0.35806867480278015,0.35806867480278015,0.0,0.0,False
2003-07-08,0.3168335556983948,0.3168335556983948,0.0,0.0,False
2003-07-09,0.3318733870983124,0.3318733870983124,0.0,0.0,False
2003-07-10,0.47599929571151733,0.47599929571151733,0.0,0.0,False
2003-07-11,0.4024953246116638,0.4024953246116638,0.0,0.0,False
2003-07-14,0.43574440479278564,0.43574440479278564,0.0,0.0,False
2003-07-15,0.5149187445640564,0.5149187445640564,0.0,0.0,False
2003-07-16,0.545552670955658,0.545552670955658,0.0,0.0,False
2003-07-17,0.40688011050224304,0.40688011050224304,0.0,0.0,False
2003-07-18,0.5419550538063049,0.5419550538063049,0.0,0.0,False
2003-07-21,0.5930851101875305,0.5930851101875305,0.0,0.9042846638203123,False
2003-07-22,0.42118480801582336,0.42118480801582336,0.0,0.0,False
2003-07-23,0.37679019570350647,0.37679019570350647,0.0,0.0,False
2003-07-24,0.3746056854724884,0.3746056854724884,0.0,0.0,False
2003-07-25,0.3767277002334595,0.3767277002334595,0.0,0.0,False
2003-07-28,0.30648913979530334,0.30648913979530334,0.0,0.0,False
2003-07-29,0.3026193082332611,0.3026193082332611,0.0,0.0,False
2003-07-30,0.3906749188899994,0.3906749188899994,0.0,0.0,False
2003-07-31,0.4111805558204651,0.4111805558204651,0.0,0.0,False
2003-08-01,0.5459662675857544,0.5459662675857544,0.0,0.0,False
2003-08-04,0.5370640158653259,0.5370640158653259,0.0,0.0,False
2003-08-05,0.6182399988174438,0.6182399988174438,0.0,0.992458726163218,False
2003-08-06,0.4862830340862274,0.4862830340862274,0.0,0.0,False
2003-08-07,0.5038180351257324,0.5038180351257324,0.0,0.0,False
2003-08-08,0.4376892149448395,0.4376892149448395,0.0,0.0,False
2003-08-11,0.34625375270843506,0.34625375270843506,0.0,0.0,False
2003-08-12,0.6096185445785522,0.6096185445785522,0.0,0.9798884651840386,False
2003-08-13,0.402297705411911,0.402297705411911,0.0,0.0,False
2003-08-14,0.4181179702281952,0.4181179702281952,0.0,0.0,False
2003-08-15,0.4529063403606415,0.4529063403606415,0.0,0.0,False
2003-08-18,0.40106093883514404,0.40106093883514404,0.0,0.0,False
2003-08-19,0.4412068724632263,0.4412068724632263,0.0,0.0,False
2003-08-20,0.43765705823898315,0.43765705823898315,0.0,0.0,False
2003-08-21,0.40894919633865356,0.40894919633865356,0.0,0.0,False
2003-08-22,0.5945618748664856,0.5945618748664856,0.0,1.0,False
2003-08-25,0.5410544872283936,0.5410544872283936,0.0,0.0,False
2003-08-26,0.5538815855979919,0.5538815855979919,0.0,0.0,False
2003-08-27,0.6253123879432678,0.6253123879432678,0.0,1.0,False
2003-08-28,0.5114264488220215,0.5114264488220215,0.0,0.0,False
2003-08-29,0.5952964425086975,0.5952964425086975,0.0,1.0,False
2003-09-02,0.578218936920166,0.578218936920166,0.0,0.0,False
2003-09-03,0.4538205564022064,0.4538205564022064,1.0,0.0,False
2003-09-04,0.5611441731452942,0.5611441731452942,0.0,0.0,False
2003-09-05,0.5553752183914185,0.5553752183914185,0.0,0.0,False
2003-09-08,0.5405505895614624,0.5405505895614624,0.0,0.0,False
2003-09-09,0.584305465221405,0.584305465221405,0.0,1.0,False
2003-09-10,0.7237970232963562,0.7237970232963562,0.0,1.0,False
2003-09-11,0.7500185370445251,0.7500185370445251,0.0,1.0,False
2003-09-12,0.6308215260505676,0.6308215260505676,0.0,1.0,False
2003-09-15,0.7572339177131653,0.7572339177131653,0.0,1.0,False
2003-09-16,0.46275031566619873,0.46275031566619873,0.0,0.0,False
2003-09-17,0.5294350981712341,0.5294350981712341,0.0,0.0,False
2003-09-18,0.5423434972763062,0.5423434972763062,0.0,0.0,False
2003-09-19,0.4724937081336975,0.4724937081336975,0.0,0.0,False
2003-09-22,0.54869145154953,0.54869145154953,0.0,0.0,False
2003-09-23,0.5029191374778748,0.5029191374778748,0.0,0.0,False
2003-09-24,0.47702404856681824,0.47702404856681824,0.0,0.0,False
2003-09-25,0.5746741890907288,0.5746741890907288,0.0,0.0,False
2003-09-26,0.6067875623703003,0.6067875623703003,0.0,1.0,False
2003-09-29,0.5123332738876343,0.5123332738876343,0.0,0.0,False
2003-09-30,0.48950809240341187,0.48950809240341187,0.0,0.0,False
2003-10-01,0.3698351979255676,0.3698351979255676,0.0,0.0,False
2003-10-02,0.2911094129085541,0.2911094129085541,0.0,0.0,False
2003-10-03,0.3014499843120575,0.3014499843120575,0.0,0.0,False
2003-10-06,0.3995462656021118,0.3995462656021118,0.0,0.0,False
2003-10-07,0.4215458929538727,0.4215458929538727,0.0,0.0,False
2003-10-08,0.4431855082511902,0.4431855082511902,0.0,0.0,False
2003-10-09,0.46928614377975464,0.46928614377975464,0.0,0.0,False
2003-10-10,0.6277860999107361,0.6277860999107361,0.0,1.0,False
2003-10-13,0.5776246190071106,0.5776246190071106,0.0,0.0,False
2003-10-14,0.6623968482017517,0.6623968482017517,0.0,1.0,False
2003-10-15,0.5388968586921692,0.5388968586921692,0.0,0.0,False
2003-10-16,0.5906016230583191,0.5906016230583191,0.0,1.0,False
2003-10-17,0.5358438491821289,0.5358438491821289,0.0,0.0,False
2003-10-20,0.5630804896354675,0.5630804896354675,0.0,0.0,False
2003-10-21,0.5853071212768555,0.5853071212768555,0.0,1.0,False
2003-10-22,0.5512806177139282,0.5512806177139282,0.0,0.0,False
2003-10-23,0.5252030491828918,0.5252030491828918,0.0,0.0,False
2003-10-24,0.40313079953193665,0.40313079953193665,0.0,0.0,False
2003-10-27,0.5313876271247864,0.5313876271247864,0.0,0.0,False
2003-10-28,0.31932827830314636,0.31932827830314636,1.0,0.0,False
2003-10-29,0.4138030409812927,0.4138030409812927,0.0,0.0,False
2003-10-30,0.5214200615882874,0.5214200615882874,0.0,0.0,False
2003-10-31,0.5158293843269348,0.5158293843269348,0.0,0.0,False
2003-11-03,0.5967217683792114,0.5967217683792114,0.0,1.0,False
2003-11-04,0.6697495579719543,0.6697495579719543,0.0,1.0,False
2003-11-05,0.6586296558380127,0.6586296558380127,0.0,1.0,False
2003-11-06,0.6402394771575928,0.6402394771575928,0.0,1.0,False
2003-11-07,0.6324512362480164,0.6324512362480164,0.0,1.0,False
2003-11-10,0.7037641406059265,0.7037641406059265,0.0,1.0,False
2003-11-11,0.7061213850975037,0.7061213850975037,0.0,1.0,False
2003-11-12,0.4850010871887207,0.4850010871887207,0.0,0.0,False
2003-11-13,0.5423532724380493,0.5423532724380493,0.0,0.0,False
2003-11-14,0.6573814749717712,0.6573814749717712,0.0,1.0,False
2003-11-17,0.6468097567558289,0.6468097567558289,0.0,1.0,False
2003-11-18,0.6438224911689758,0.6438224911689758,0.0,1.0,False
2003-11-19,0.7079299092292786,0.7079299092292786,0.0,1.0,False
2003-11-20,0.5936873555183411,0.5936873555183411,0.0,1.0,False
2003-11-21,0.5920161008834839,0.5920161008834839,0.0,1.0,False
2003-11-24,0.3706914484500885,0.3706914484500885,0.0,0.0,False
2003-11-25,0.4022921025753021,0.4022921025753021,0.0,0.0,False
2003-11-26,0.46977996826171875,0.46977996826171875,0.0,0.0,False
2003-11-28,0.439314067363739,0.439314067363739,0.0,0.0,False
2003-12-01,0.5487720370292664,0.5487720370292664,0.0,0.0,False
2003-12-02,0.4893808364868164,0.4893808364868164,0.0,0.0,False
2003-12-03,0.5083202123641968,0.5083202123641968,0.0,0.0,False
2003-12-04,0.5314801931381226,0.5314801931381226,0.0,0.0,False
2003-12-05,0.45442184805870056,0.45442184805870056,0.0,0.0,False
2003-12-08,0.540113091468811,0.540113091468811,0.0,0.0,False
2003-12-09,0.5840070247650146,0.5840070247650146,0.0,1.0,False
2003-12-10,0.5817931890487671,0.5817931890487671,0.0,1.0,False
2003-12-11,0.534990131855011,0.534990131855011,0.0,0.0,False
2003-12-12,0.5631033182144165,0.5631033182144165,0.0,0.0,False
2003-12-15,0.5457884669303894,0.5457884669303894,0.0,0.0,False
2003-12-16,0.5037056803703308,0.5037056803703308,0.0,0.0,False
2003-12-17,0.5078412890434265,0.5078412890434265,0.0,0.0,False
2003-12-18,0.5073968172073364,0.5073968172073364,0.0,0.0,False
2003-12-19,0.5799436569213867,0.5799436569213867,0.0,0.0,False
2003-12-22,0.5529855489730835,0.5529855489730835,0.0,0.0,False
2003-12-23,0.5669618844985962,0.5669618844985962,0.0,0.0,False
2003-12-24,0.5097071528434753,0.5097071528434753,0.0,0.0,False
2003-12-26,0.592472493648529,0.592472493648529,0.0,1.0,False
2003-12-29,0.5433667898178101,0.5433667898178101,0.0,0.0,False
2003-12-30,0.6081126928329468,0.6081126928329468,0.0,1.0,False
2003-12-31,0.5794278979301453,0.5794278979301453,0.0,0.0,False
2004-01-02,0.5671442747116089,0.5671442747116089,0.0,0.0,False
2004-01-05,0.5764055252075195,0.5764055252075195,0.0,0.0,False
2004-01-06,0.47249606251716614,0.47249606251716614,0.0,0.0,False
2004-01-07,0.43935832381248474,0.43935832381248474,0.0,0.0,False
2004-01-08,0.4009381830692291,0.4009381830692291,0.0,0.0,False
2004-01-09,0.6440197229385376,0.6440197229385376,0.0,1.0,False
2004-01-12,0.5482081770896912,0.5482081770896912,0.0,0.0,False
2004-01-13,0.6420107483863831,0.6420107483863831,0.0,1.0,False
2004-01-14,0.5697855353355408,0.5697855353355408,0.0,0.0,False
2004-01-15,0.6027489900588989,0.6027489900588989,0.0,1.0,False
2004-01-16,0.5690830945968628,0.5690830945968628,0.0,0.0,False
2004-01-20,0.5986583828926086,0.5986583828926086,0.0,1.0,False
2004-01-21,0.5721102952957153,0.5721102952957153,0.0,0.0,False
2004-01-22,0.6047897338867188,0.6047897338867188,0.0,1.0,False
2004-01-23,0.6142085790634155,0.6142085790634155,0.0,1.0,False
2004-01-26,0.6679716110229492,0.6679716110229492,0.0,1.0,False
2004-01-27,0.5720480680465698,0.5720480680465698,0.0,0.0,False
2004-01-28,0.7232704758644104,0.7232704758644104,0.0,1.0,False
2004-01-29,0.682769775390625,0.682769775390625,0.0,1.0,False
2004-01-30,0.6547178030014038,0.6547178030014038,0.0,1.0,False
2004-02-02,0.7206524610519409,0.7206524610519409,0.0,1.0,False
2004-02-03,0.6973645091056824,0.6973645091056824,0.0,1.0,False
2004-02-04,0.5910352468490601,0.5910352468490601,0.0,1.0,False
2004-02-05,0.57676100730896,0.57676100730896,0.0,0.0,False
2004-02-06,0.41859838366508484,0.41859838366508484,0.0,0.0,False
2004-02-09,0.41280293464660645,0.41280293464660645,0.0,0.0,False
2004-02-10,0.4996177554130554,0.4996177554130554,0.0,0.0,False
2004-02-11,0.5115336775779724,0.5115336775779724,0.0,0.0,False
2004-02-12,0.5186571478843689,0.5186571478843689,0.0,0.0,False
2004-02-13,0.4950370192527771,0.4950370192527771,0.0,0.0,False
2004-02-17,0.5345855355262756,0.5345855355262756,0.0,0.0,False
2004-02-18,0.5390164256095886,0.5390164256095886,0.0,0.0,False
2004-02-19,0.64388507604599,0.64388507604599,0.0,1.0,False
2004-02-20,0.6177305579185486,0.6177305579185486,0.0,1.0,False
2004-02-23,0.5337364673614502,0.5337364673614502,0.0,0.0,False
2004-02-24,0.7845991253852844,0.7845991253852844,0.0,1.0,False
2004-02-25,0.6839980483055115,0.6839980483055115,0.0,1.0,False
2004-02-26,0.6049791574478149,0.6049791574478149,0.0,1.0,False
2004-02-27,0.6131547689437866,0.6131547689437866,0.0,1.0,False
2004-03-01,0.4717541038990021,0.4717541038990021,0.0,0.0,False
2004-03-02,0.44742444157600403,0.44742444157600403,0.0,0.0,False
2004-03-03,0.49244803190231323,0.49244803190231323,0.0,0.0,False
2004-03-04,0.51657634973526,0.51657634973526,0.0,0.0,False
2004-03-05,0.5213015675544739,0.5213015675544739,0.0,0.0,False
2004-03-08,0.7674391269683838,0.7674391269683838,0.0,1.0,False
2004-03-09,0.719847559928894,0.719847559928894,0.0,1.0,False
2004-03-10,0.675661027431488,0.675661027431488,0.0,1.0,False
2004-03-11,0.6653768420219421,0.6653768420219421,0.0,1.0,False
2004-03-12,0.5978359580039978,0.5978359580039978,0.0,1.0,False
2004-03-15,0.5687376260757446,0.5687376260757446,0.0,0.0,False
2004-03-16,0.5991886258125305,0.5991886258125305,0.0,1.0,False
2004-03-17,0.4157204329967499,0.4157204329967499,0.0,0.0,False
2004-03-18,0.37112143635749817,0.37112143635749817,0.0,0.0,False
2004-03-19,0.49868977069854736,0.49868977069854736,0.0,0.0,False
2004-03-22,0.48687809705734253,0.48687809705734253,0.0,0.0,False
2004-03-23,0.4422045648097992,0.4422045648097992,0.0,0.0,False
2004-03-24,0.6397296786308289,0.6397296786308289,0.0,1.0,False
2004-03-25,0.4722972810268402,0.4722972810268402,0.0,0.0,False
2004-03-26,0.37681788206100464,0.37681788206100464,0.0,0.0,False
2004-03-29,0.4591446816921234,0.4591446816921234,0.0,0.0,False
2004-03-30,0.42809662222862244,0.42809662222862244,0.0,0.0,False
2004-03-31,0.41185200214385986,0.41185200214385986,0.0,0.0,False
2004-04-01,0.44513648748397827,0.44513648748397827,0.0,0.0,False
2004-04-02,0.3609611988067627,0.3609611988067627,0.0,0.0,False
2004-04-05,0.5676184892654419,0.5676184892654419,0.0,0.0,False
2004-04-06,0.48583710193634033,0.48583710193634033,0.0,0.0,False
2004-04-07,0.49782794713974,0.49782794713974,0.0,0.0,False
2004-04-08,0.45078036189079285,0.45078036189079285,0.0,0.0,False
2004-04-12,0.53829425573349,0.53829425573349,0.0,0.0,False
2004-04-13,0.6189689636230469,0.6189689636230469,0.0,1.0,False
2004-04-14,0.6694612503051758,0.6694612503051758,0.0,1.0,False
2004-04-15,0.7429782152175903,0.7429782152175903,0.0,1.0,False
2004-04-16,0.6341140270233154,0.6341140270233154,0.0,1.0,False
2004-04-19,0.7218332886695862,0.7218332886695862,0.0,1.0,False
2004-04-20,0.5144119262695312,0.5144119262695312,2.0,0.0,False
2004-04-21,0.5753912329673767,0.5753912329673767,1.0,0.0,False
2004-04-22,0.39667439460754395,0.39667439460754395,1.0,0.0,False
2004-04-23,0.4895177483558655,0.4895177483558655,0.0,0.0,False
2004-04-26,0.4078710973262787,0.4078710973262787,0.0,0.0,False
2004-04-27,0.5224936604499817,0.5224936604499817,0.0,0.0,False
2004-04-28,0.5151877999305725,0.5151877999305725,0.0,0.0,False
2004-04-29,0.5717580914497375,0.5717580914497375,0.0,0.0,False
2004-04-30,0.48084205389022827,0.48084205389022827,0.0,0.0,False
2004-05-03,0.509121298789978,0.509121298789978,0.0,0.0,False
2004-05-04,0.5018184781074524,0.5018184781074524,0.0,0.0,False
2004-05-05,0.5972077250480652,0.5972077250480652,0.0,1.0,False
2004-05-06,0.4811527729034424,0.4811527729034424,0.0,0.0,False
2004-05-07,0.4933639466762543,0.4933639466762543,0.0,0.0,False
2004-05-10,0.7093573212623596,0.7093573212623596,0.0,1.0,False
2004-05-11,0.5092860460281372,0.5092860460281372,0.0,0.0,False
2004-05-12,0.5163082480430603,0.5163082480430603,0.0,0.0,False
2004-05-13,0.46259525418281555,0.46259525418281555,0.0,0.0,False
2004-05-14,0.5526363253593445,0.5526363253593445,0.0,0.0,False
2004-05-17,0.43849045038223267,0.43849045038223267,0.0,0.0,False
2004-05-18,0.4672221839427948,0.4672221839427948,0.0,0.0,False
2004-05-19,0.5111783146858215,0.5111783146858215,0.0,0.0,False
2004-05-20,0.49901026487350464,0.49901026487350464,0.0,0.0,False
2004-05-21,0.5543034076690674,0.5543034076690674,0.0,0.0,False
2004-05-24,0.6728234887123108,0.6728234887123108,0.0,1.0,False
2004-05-25,0.5196370482444763,0.5196370482444763,0.0,0.0,False
2004-05-26,0.4633970558643341,0.4633970558643341,0.0,0.0,False
2004-05-27,0.3999020755290985,0.3999020755290985,0.0,0.0,False
2004-05-28,0.4459627866744995,0.4459627866744995,0.0,0.0,False
2004-06-01,0.49765700101852417,0.49765700101852417,0.0,0.0,False
2004-06-02,0.46866968274116516,0.46866968274116516,0.0,0.0,False
2004-06-03,0.4944712519645691,0.4944712519645691,0.0,0.0,False
2004-06-04,0.5210362076759338,0.5210362076759338,0.0,0.0,False
2004-06-07,0.5582575798034668,0.5582575798034668,0.0,0.0,False
2004-06-08,0.5891704559326172,0.5891704559326172,1.0,1.0,False
2004-06-09,0.4420700967311859,0.4420700967311859,0.0,0.0,False
2004-06-10,0.44691842794418335,0.44691842794418335,0.0,0.0,False
2004-06-14,0.5815441608428955,0.5815441608428955,0.0,1.0,False
2004-06-15,0.5681442022323608,0.5681442022323608,0.0,0.0,False
2004-06-16,0.5694745779037476,0.5694745779037476,0.0,0.0,False
2004-06-17,0.5981481671333313,0.5981481671333313,0.0,1.0,False
2004-06-18,0.5805487036705017,0.5805487036705017,0.0,1.0,False
2004-06-21,0.5053975582122803,0.5053975582122803,0.0,0.0,False
2004-06-22,0.6124892234802246,0.6124892234802246,0.0,1.0,False
2004-06-23,0.3869073987007141,0.3869073987007141,0.0,0.0,False
2004-06-24,0.5120983123779297,0.5120983123779297,0.0,0.0,False
2004-06-25,0.5297974348068237,0.5297974348068237,0.0,0.0,False
2004-06-28,0.5693391561508179,0.5693391561508179,0.0,0.0,False
2004-06-29,0.5725749731063843,0.5725749731063843,0.0,0.0,False
2004-06-30,0.4927590489387512,0.4927590489387512,0.0,0.0,False
2004-07-01,0.6176859736442566,0.6176859736442566,0.0,1.0,False
2004-07-02,0.656619668006897,0.656619668006897,0.0,1.0,False
2004-07-06,0.588099479675293,0.588099479675293,0.0,1.0,False
2004-07-07,0.732014000415802,0.732014000415802,0.0,1.0,False
2004-07-08,0.7107588052749634,0.7107588052749634,0.0,1.0,False
2004-07-09,0.736474871635437,0.736474871635437,0.0,1.0,False
2004-07-12,0.744819700717926,0.744819700717926,0.0,1.0,False
2004-07-13,0.6970502734184265,0.6970502734184265,0.0,1.0,False
2004-07-14,0.6300207376480103,0.6300207376480103,0.0,1.0,False
2004-07-15,0.6433193683624268,0.6433193683624268,0.0,1.0,False
2004-07-16,0.7221810221672058,0.7221810221672058,0.0,1.0,False
2004-07-19,0.6930474042892456,0.6930474042892456,0.0,1.0,False
2004-07-20,0.6161783933639526,0.6161783933639526,0.0,1.0,False
2004-07-21,0.530386209487915,0.530386209487915,0.0,0.0,False
2004-07-22,0.48408442735671997,0.48408442735671997,0.0,0.0,False
2004-07-23,0.5529443621635437,0.5529443621635437,0.0,0.0,False
2004-07-26,0.542064905166626,0.542064905166626,0.0,0.0,False
2004-07-27,0.5611386299133301,0.5611386299133301,0.0,0.0,False
2004-07-28,0.5592173933982849,0.5592173933982849,0.0,0.0,False
2004-07-29,0.5645164251327515,0.5645164251327515,0.0,0.0,False
2004-07-30,0.5600599646568298,0.5600599646568298,0.0,0.0,False
2004-08-02,0.6262714266777039,0.6262714266777039,0.0,1.0,False
2004-08-03,0.5104197263717651,0.5104197263717651,0.0,0.0,False
2004-08-04,0.6223146915435791,0.6223146915435791,0.0,1.0,False
2004-08-05,0.7973553538322449,0.7973553538322449,0.0,1.0,False
2004-08-06,0.6770551800727844,0.6770551800727844,0.0,1.0,False
2004-08-09,0.6488812565803528,0.6488812565803528,0.0,1.0,False
2004-08-10,0.37651127576828003,0.37651127576828003,0.0,0.0,False
2004-08-11,0.3799905776977539,0.3799905776977539,0.0,0.0,False
2004-08-12,0.46285152435302734,0.46285152435302734,0.0,0.0,False
2004-08-13,0.5029939413070679,0.5029939413070679,0.0,0.0,False
2004-08-16,0.39632949233055115,0.39632949233055115,0.0,0.0,False
2004-08-17,0.5010126829147339,0.5010126829147339,0.0,0.0,False
2004-08-18,0.5082810521125793,0.5082810521125793,0.0,0.0,False
2004-08-19,0.4644309878349304,0.4644309878349304,0.0,0.0,False
2004-08-20,0.45971328020095825,0.45971328020095825,0.0,0.0,False
2004-08-23,0.42121919989585876,0.42121919989585876,0.0,0.0,False
2004-08-24,0.4923512637615204,0.4923512637615204,0.0,0.0,False
2004-08-25,0.4505547285079956,0.4505547285079956,0.0,0.0,False
2004-08-26,0.4299970269203186,0.4299970269203186,0.0,0.0,False
2004-08-27,0.5000770092010498,0.5000770092010498,0.0,0.0,False
2004-08-30,0.4692022502422333,0.4692022502422333,0.0,0.0,False
2004-08-31,0.4395885169506073,0.4395885169506073,0.0,0.0,False
2004-09-01,0.4456409513950348,0.4456409513950348,0.0,0.0,False
2004-09-02,0.4983527362346649,0.4983527362346649,0.0,0.0,False
2004-09-03,0.454501748085022,0.454501748085022,0.0,0.0,False
2004-09-07,0.5412410497665405,0.5412410497665405,0.0,0.0,False
2004-09-08,0.5106555223464966,0.5106555223464966,0.0,0.0,False
2004-09-09,0.5356242060661316,0.5356242060661316,0.0,0.0,False
2004-09-10,0.5260021686553955,0.5260021686553955,0.0,0.0,False
2004-09-13,0.47031131386756897,0.47031131386756897,0.0,0.0,False
2004-09-14,0.5785841941833496,0.5785841941833496,0.0,0.0,False
2004-09-15,0.638266921043396,0.638266921043396,0.0,1.0,False
2004-09-16,0.5588958263397217,0.5588958263397217,0.0,0.0,False
2004-09-17,0.44795894622802734,0.44795894622802734,0.0,0.0,False
2004-09-20,0.598283052444458,0.598283052444458,0.0,1.0,False
2004-09-21,0.5797986388206482,0.5797986388206482,0.0,0.0,False
2004-09-22,0.6769512891769409,0.6769512891769409,0.0,1.0,False
2004-09-23,0.6672589182853699,0.6672589182853699,0.0,1.0,False
2004-09-24,0.7018903493881226,0.7018903493881226,0.0,1.0,False
2004-09-27,0.6453777551651001,0.6453777551651001,0.0,1.0,False
2004-09-28,0.7079516053199768,0.7079516053199768,0.0,1.0,False
2004-09-29,0.6384273171424866,0.6384273171424866,0.0,1.0,False
2004-09-30,0.5613401532173157,0.5613401532173157,0.0,0.0,False
2004-10-01,0.5108692646026611,0.5108692646026611,0.0,0.0,False
2004-10-04,0.5617367625236511,0.5617367625236511,0.0,0.0,False
2004-10-05,0.5425397753715515,0.5425397753715515,0.0,0.0,False
2004-10-06,0.6083100438117981,0.6083100438117981,0.0,1.0,False
2004-10-07,0.45291322469711304,0.45291322469711304,0.0,0.0,False
2004-10-08,0.651358425617218,0.651358425617218,0.0,1.0,False
2004-10-11,0.6507924199104309,0.6507924199104309,0.0,1.0,False
2004-10-12,0.6232020854949951,0.6232020854949951,0.0,1.0,False
2004-10-13,0.5749806761741638,0.5749806761741638,0.0,0.0,False
2004-10-14,0.5112324357032776,0.5112324357032776,0.0,0.0,False
2004-10-15,0.5780038833618164,0.5780038833618164,0.0,0.0,False
2004-10-18,0.6539630889892578,0.6539630889892578,0.0,1.0,False
2004-10-19,0.5923817753791809,0.5923817753791809,0.0,1.0,False
2004-10-20,0.5853771567344666,0.5853771567344666,0.0,1.0,False
2004-10-21,0.495776504278183,0.495776504278183,0.0,0.0,False
2004-10-22,0.5803242325782776,0.5803242325782776,0.0,1.0,False
2004-10-25,0.601802408695221,0.601802408695221,0.0,1.0,False
2004-10-26,0.38189297914505005,0.38189297914505005,0.0,0.0,False
2004-10-27,0.4512818157672882,0.4512818157672882,0.0,0.0,False
2004-10-28,0.4388614892959595,0.4388614892959595,0.0,0.0,False
2004-10-29,0.5531418323516846,0.5531418323516846,0.0,0.0,False
2004-11-01,0.5450000762939453,0.5450000762939453,0.0,0.0,False
2004-11-02,0.5072120428085327,0.5072120428085327,0.0,0.0,False
2004-11-03,0.4984998404979706,0.4984998404979706,0.0,0.0,False
2004-11-04,0.7478139996528625,0.7478139996528625,0.0,1.0,False
2004-11-05,0.6909206509590149,0.6909206509590149,0.0,1.0,False
2004-11-08,0.7414273023605347,0.7414273023605347,0.0,1.0,False
2004-11-09,0.7700098752975464,0.7700098752975464,0.0,1.0,False
2004-11-10,0.6972259879112244,0.6972259879112244,0.0,1.0,False
2004-11-11,0.5469277501106262,0.5469277501106262,0.0,0.0,False
2004-11-12,0.5506536960601807,0.5506536960601807,0.0,0.0,False
2004-11-15,0.6329382061958313,0.6329382061958313,0.0,1.0,False
2004-11-16,0.5884580016136169,0.5884580016136169,0.0,1.0,False
2004-11-17,0.5252524018287659,0.5252524018287659,0.0,0.0,False
2004-11-18,0.5961788296699524,0.5961788296699524,0.0,1.0,False
2004-11-19,0.6339534521102905,0.6339534521102905,1.0,1.0,False
2004-11-22,0.6068212389945984,0.6068212389945984,1.0,1.0,False
2004-11-23,0.6872915625572205,0.6872915625572205,0.0,1.0,False
2004-11-24,0.7276541590690613,0.7276541590690613,0.0,1.0,False
2004-11-26,0.6427646279335022,0.6427646279335022,0.0,1.0,False
2004-11-29,0.6183786392211914,0.6183786392211914,0.0,1.0,False
2004-11-30,0.7286766171455383,0.7286766171455383,0.0,1.0,False
2004-12-01,0.5358952283859253,0.5358952283859253,0.0,0.0,False
2004-12-02,0.5777212977409363,0.5777212977409363,0.0,0.0,False
2004-12-03,0.4934485852718353,0.4934485852718353,0.0,0.0,False
2004-12-06,0.5052284598350525,0.5052284598350525,0.0,0.0,False
2004-12-07,0.6677486300468445,0.6677486300468445,0.0,1.0,False
2004-12-08,0.66169273853302,0.66169273853302,0.0,1.0,False
2004-12-09,0.5575901865959167,0.5575901865959167,0.0,0.0,False
2004-12-10,0.533001184463501,0.533001184463501,0.0,0.0,False
2004-12-13,0.6633102297782898,0.6633102297782898,0.0,1.0,False
2004-12-14,0.6591918468475342,0.6591918468475342,0.0,1.0,False
2004-12-15,0.5722529292106628,0.5722529292106628,0.0,0.0,False
2004-12-16,0.526160717010498,0.526160717010498,0.0,0.0,False
2004-12-17,0.5598616600036621,0.5598616600036621,0.0,0.0,False
2004-12-20,0.6174433827400208,0.6174433827400208,0.0,1.0,False
2004-12-21,0.5857152938842773,0.5857152938842773,0.0,1.0,False
2004-12-22,0.6518573760986328,0.6518573760986328,0.0,1.0,False
2004-12-23,0.6235077381134033,0.6235077381134033,0.0,1.0,False
2004-12-27,0.47163131833076477,0.47163131833076477,0.0,0.0,False
2004-12-28,0.47913482785224915,0.47913482785224915,0.0,0.0,False
2004-12-29,0.5871790647506714,0.5871790647506714,0.0,1.0,False
2004-12-30,0.6198753714561462,0.6198753714561462,0.0,1.0,False
2004-12-31,0.5985540747642517,0.5985540747642517,0.0,1.0,False
2005-01-03,0.6465694904327393,0.6465694904327393,0.0,1.0,False
2005-01-04,0.7420654892921448,0.7420654892921448,0.0,1.0,False
2005-01-05,0.6182275414466858,0.6182275414466858,0.0,1.0,False
2005-01-06,0.6346299052238464,0.6346299052238464,0.0,1.0,False
2005-01-07,0.6160427927970886,0.6160427927970886,0.0,1.0,False
2005-01-10,0.6801089644432068,0.6801089644432068,0.0,1.0,False
2005-01-11,0.4509398639202118,0.4509398639202118,0.0,0.0,False
2005-01-12,0.49762481451034546,0.49762481451034546,0.0,0.0,False
2005-01-13,0.5168634057044983,0.5168634057044983,0.0,0.0,False
2005-01-14,0.5294532179832458,0.5294532179832458,0.0,0.0,False
2005-01-18,0.5034042000770569,0.5034042000770569,0.0,0.0,False
2005-01-19,0.6434155106544495,0.6434155106544495,0.0,1.0,False
2005-01-20,0.5099936723709106,0.5099936723709106,0.0,0.0,False
2005-01-21,0.5020542740821838,0.5020542740821838,0.0,0.0,False
2005-01-24,0.6782256364822388,0.6782256364822388,0.0,1.0,False
2005-01-25,0.754858136177063,0.754858136177063,0.0,1.0,False
2005-01-26,0.7066477537155151,0.7066477537155151,0.0,1.0,False
2005-01-27,0.6843501329421997,0.6843501329421997,0.0,1.0,False
2005-01-28,0.7625765800476074,0.7625765800476074,0.0,1.0,False
2005-01-31,0.6740456819534302,0.6740456819534302,0.0,1.0,False
2005-02-01,0.6805716753005981,0.6805716753005981,0.0,1.0,False
2005-02-02,0.5409380793571472,0.5409380793571472,0.0,0.0,False
2005-02-03,0.4677116274833679,0.4677116274833679,0.0,0.0,False
2005-02-04,0.48437875509262085,0.48437875509262085,0.0,0.0,False
2005-02-07,0.54839688539505,0.54839688539505,0.0,0.0,False
2005-02-08,0.5937976837158203,0.5937976837158203,0.0,1.0,False
2005-02-09,0.6238493919372559,0.6238493919372559,0.0,1.0,False
2005-02-10,0.6498644948005676,0.6498644948005676,0.0,1.0,False
2005-02-11,0.6213976144790649,0.6213976144790649,0.0,1.0,False
2005-02-14,0.608218252658844,0.608218252658844,0.0,1.0,False
2005-02-15,0.5294451117515564,0.5294451117515564,0.0,0.0,False
2005-02-16,0.4574381113052368,0.4574381113052368,0.0,0.0,False
2005-02-17,0.6824296712875366,0.6824296712875366,0.0,1.0,False
2005-02-18,0.7370006442070007,0.7370006442070007,0.0,1.0,False
2005-02-22,0.7991633415222168,0.7991633415222168,0.0,1.0,False
2005-02-23,0.8053655624389648,0.8053655624389648,0.0,1.0,False
2005-02-24,0.6852905750274658,0.6852905750274658,0.0,1.0,False
2005-02-25,0.4555395245552063,0.4555395245552063,0.0,0.0,False
2005-02-28,0.460887610912323,0.460887610912323,0.0,0.0,False
2005-03-01,0.4998825490474701,0.4998825490474701,0.0,0.0,False
2005-03-02,0.48804834485054016,0.48804834485054016,0.0,0.0,False
2005-03-03,0.47701454162597656,0.47701454162597656,0.0,0.0,False
2005-03-04,0.582574725151062,0.582574725151062,0.0,1.0,False
2005-03-07,0.5120092034339905,0.5120092034339905,0.0,0.0,False
2005-03-08,0.5471749901771545,0.5471749901771545,0.0,0.0,False
2005-03-09,0.5790643095970154,0.5790643095970154,0.0,0.0,False
2005-03-10,0.5232289433479309,0.5232289433479309,0.0,0.0,False
2005-03-11,0.4608750641345978,0.4608750641345978,0.0,0.0,False
2005-03-14,0.6268331408500671,0.6268331408500671,0.0,1.0,False
2005-03-15,0.5538538694381714,0.5538538694381714,0.0,0.0,False
2005-03-16,0.5423535108566284,0.5423535108566284,0.0,0.0,False
2005-03-17,0.6061159372329712,0.6061159372329712,0.0,1.0,False
2005-03-18,0.5828120112419128,0.5828120112419128,0.0,1.0,False
2005-03-21,0.572067141532898,0.572067141532898,0.0,0.0,False
2005-03-22,0.5743509531021118,0.5743509531021118,0.0,0.0,False
2005-03-23,0.5213304162025452,0.5213304162025452,0.0,0.0,False
2005-03-24,0.5648344159126282,0.5648344159126282,0.0,0.0,False
2005-03-28,0.6820998191833496,0.6820998191833496,0.0,1.0,False
2005-03-29,0.6721813678741455,0.6721813678741455,0.0,1.0,False
2005-03-30,0.4791031777858734,0.4791031777858734,0.0,0.0,False
2005-03-31,0.47436466813087463,0.47436466813087463,0.0,0.0,False
2005-04-01,0.535085141658783,0.535085141658783,0.0,0.0,False
2005-04-04,0.663512647151947,0.663512647151947,0.0,1.0,False
2005-04-05,0.5829783082008362,0.5829783082008362,0.0,1.0,False
2005-04-06,0.5758011341094971,0.5758011341094971,0.0,0.0,False
2005-04-07,0.5024799108505249,0.5024799108505249,0.0,0.0,False
2005-04-08,0.6140531301498413,0.6140531301498413,0.0,1.0,False
2005-04-11,0.6643524169921875,0.6643524169921875,0.0,1.0,False
2005-04-12,0.592365562915802,0.592365562915802,0.0,1.0,False
2005-04-13,0.7363869547843933,0.7363869547843933,0.0,1.0,False
2005-04-14,0.7123084664344788,0.7123084664344788,0.0,1.0,False
2005-04-15,0.7706989049911499,0.7706989049911499,0.0,1.0,False
2005-04-18,0.6579402685165405,0.6579402685165405,0.0,1.0,False
2005-04-19,0.6465954184532166,0.6465954184532166,0.0,1.0,False
2005-04-20,0.5974999070167542,0.5974999070167542,0.0,1.0,False
2005-04-21,0.43334072828292847,0.43334072828292847,0.0,0.0,False
2005-04-22,0.3817683458328247,0.3817683458328247,0.0,0.0,False
2005-04-25,0.3785647451877594,0.3785647451877594,0.0,0.0,False
2005-04-26,0.3911854028701782,0.3911854028701782,0.0,0.0,False
2005-04-27,0.4280482828617096,0.4280482828617096,0.0,0.0,False
2005-04-28,0.6166061162948608,0.6166061162948608,0.0,1.0,False
2005-04-29,0.4387570321559906,0.4387570321559906,0.0,0.0,False
2005-05-02,0.4497852325439453,0.4497852325439453,0.0,0.0,False
2005-05-03,0.43878525495529175,0.43878525495529175,0.0,0.0,False
2005-05-04,0.4642404317855835,0.4642404317855835,0.0,0.0,False
2005-05-05,0.5181767344474792,0.5181767344474792,0.0,0.0,False
2005-05-06,0.5456899404525757,0.5456899404525757,0.0,0.0,False
2005-05-09,0.5241590142250061,0.5241590142250061,0.0,0.0,False
2005-05-10,0.4845484793186188,0.4845484793186188,0.0,0.0,False
2005-05-11,0.49800774455070496,0.49800774455070496,0.0,0.0,False
2005-05-12,0.625367283821106,0.625367283821106,0.0,0.9846001748049171,False
2005-05-13,0.6272506713867188,0.6272506713867188,2.0,0.9846001748049171,False
2005-05-16,0.5692717432975769,0.5692717432975769,0.0,0.0,False
2005-05-17,0.5385715365409851,0.5385715365409851,0.0,0.0,False
2005-05-18,0.4258120357990265,0.4258120357990265,1.0,0.0,False
2005-05-19,0.542111873626709,0.542111873626709,0.0,0.0,False
2005-05-20,0.45325833559036255,0.45325833559036255,0.0,0.0,False
2005-05-23,0.5742744207382202,0.5742744207382202,0.0,0.0,False
2005-05-24,0.557013988494873,0.557013988494873,0.0,0.0,False
2005-05-25,0.5264441967010498,0.5264441967010498,0.0,0.0,False
2005-05-26,0.5005466341972351,0.5005466341972351,0.0,0.0,False
2005-05-27,0.5285918116569519,0.5285918116569519,0.0,0.0,False
2005-05-31,0.6542583107948303,0.6542583107948303,0.0,1.0,False
2005-06-01,0.5049856305122375,0.5049856305122375,0.0,0.0,False
2005-06-02,0.5262349843978882,0.5262349843978882,0.0,0.0,False
2005-06-03,0.5019961595535278,0.5019961595535278,0.0,0.0,False
2005-06-06,0.6169807314872742,0.6169807314872742,0.0,1.0,False
2005-06-07,0.5641494393348694,0.5641494393348694,0.0,0.0,False
2005-06-08,0.7237955331802368,0.7237955331802368,0.0,1.0,False
2005-06-09,0.6035759449005127,0.6035759449005127,0.0,1.0,False
2005-06-10,0.5818178653717041,0.5818178653717041,0.0,1.0,False
2005-06-13,0.5278345942497253,0.5278345942497253,0.0,0.0,False
2005-06-14,0.5351430177688599,0.5351430177688599,0.0,0.0,False
2005-06-15,0.4709659516811371,0.4709659516811371,0.0,0.0,False
2005-06-16,0.5551242828369141,0.5551242828369141,0.0,0.0,False
2005-06-17,0.701072633266449,0.701072633266449,0.0,1.0,False
2005-06-20,0.7154136300086975,0.7154136300086975,0.0,1.0,False
2005-06-21,0.7284026741981506,0.7284026741981506,0.0,1.0,False
2005-06-22,0.7242498397827148,0.7242498397827148,0.0,1.0,False
2005-06-23,0.6027268767356873,0.6027268767356873,0.0,1.0,False
2005-06-24,0.6324838995933533,0.6324838995933533,0.0,1.0,False
2005-06-27,0.6814745664596558,0.6814745664596558,0.0,1.0,False
2005-06-28,0.7210416793823242,0.7210416793823242,0.0,1.0,False
2005-06-29,0.7492697238922119,0.7492697238922119,0.0,1.0,False
2005-06-30,0.5337180495262146,0.5337180495262146,0.0,0.0,False
2005-07-01,0.5521106719970703,0.5521106719970703,0.0,0.0,False
2005-07-05,0.4167197346687317,0.4167197346687317,0.0,0.0,False
2005-07-06,0.5719255208969116,0.5719255208969116,0.0,0.0,False
2005-07-07,0.5207006335258484,0.5207006335258484,0.0,0.0,False
2005-07-08,0.5096160173416138,0.5096160173416138,0.0,0.0,False
2005-07-11,0.5201465487480164,0.5201465487480164,0.0,0.0,False
2005-07-12,0.5225377678871155,0.5225377678871155,0.0,0.0,False
2005-07-13,0.4531880021095276,0.4531880021095276,0.0,0.0,False
2005-07-14,0.5142381191253662,0.5142381191253662,0.0,0.0,False
2005-07-15,0.5671022534370422,0.5671022534370422,0.0,0.0,False
2005-07-18,0.4898184835910797,0.4898184835910797,0.0,0.0,False
2005-07-19,0.47805750370025635,0.47805750370025635,0.0,0.0,False
2005-07-20,0.5125463604927063,0.5125463604927063,0.0,0.0,False
2005-07-21,0.5934182405471802,0.5934182405471802,0.0,1.0,False
2005-07-22,0.5047781467437744,0.5047781467437744,0.0,0.0,False
2005-07-25,0.5254267454147339,0.5254267454147339,0.0,0.0,False
2005-07-26,0.511922299861908,0.511922299861908,0.0,0.0,False
2005-07-27,0.4616001546382904,0.4616001546382904,0.0,0.0,False
2005-07-28,0.3998185098171234,0.3998185098171234,0.0,0.0,False
2005-07-29,0.49598124623298645,0.49598124623298645,0.0,0.0,False
2005-08-01,0.5870069861412048,0.5870069861412048,0.0,1.0,False
2005-08-02,0.42316457629203796,0.42316457629203796,0.0,0.0,False
2005-08-03,0.4721478819847107,0.4721478819847107,0.0,0.0,False
2005-08-04,0.6419504284858704,0.6419504284858704,0.0,1.0,False
2005-08-05,0.5869365930557251,0.5869365930557251,0.0,1.0,False
2005-08-08,0.6770969033241272,0.6770969033241272,0.0,1.0,False
2005-08-09,0.6569620370864868,0.6569620370864868,0.0,1.0,False
2005-08-10,0.6359995007514954,0.6359995007514954,0.0,1.0,False
2005-08-11,0.5773104429244995,0.5773104429244995,0.0,0.0,False
2005-08-12,0.6072213053703308,0.6072213053703308,0.0,1.0,False
2005-08-15,0.5711531639099121,0.5711531639099121,0.0,0.0,False
2005-08-16,0.7024545669555664,0.7024545669555664,0.0,1.0,False
2005-08-17,0.708606481552124,0.708606481552124,0.0,1.0,False
2005-08-18,0.7125998735427856,0.7125998735427856,0.0,1.0,False
2005-08-19,0.6449413895606995,0.6449413895606995,0.0,1.0,False
2005-08-22,0.6382465958595276,0.6382465958595276,0.0,1.0,False
2005-08-23,0.6916192173957825,0.6916192173957825,0.0,1.0,False
2005-08-24,0.5344457030296326,0.5344457030296326,0.0,0.0,False
2005-08-25,0.5838810205459595,0.5838810205459595,0.0,1.0,False
2005-08-26,0.6379685997962952,0.6379685997962952,0.0,1.0,False
2005-08-29,0.6323456764221191,0.6323456764221191,0.0,1.0,False
2005-08-30,0.7394629120826721,0.7394629120826721,0.0,1.0,False
2005-08-31,0.544107973575592,0.544107973575592,0.0,0.0,False
2005-09-01,0.6798442602157593,0.6798442602157593,0.0,1.0,False
2005-09-02,0.7112451791763306,0.7112451791763306,0.0,1.0,False
2005-09-06,0.6068930625915527,0.6068930625915527,0.0,1.0,False
2005-09-07,0.5871270895004272,0.5871270895004272,0.0,1.0,False
2005-09-08,0.5658760666847229,0.5658760666847229,0.0,0.0,False
2005-09-09,0.6132078766822815,0.6132078766822815,0.0,1.0,False
2005-09-12,0.5616788268089294,0.5616788268089294,0.0,0.0,False
2005-09-13,0.5945339798927307,0.5945339798927307,0.0,1.0,False
2005-09-14,0.787183403968811,0.787183403968811,0.0,1.0,False
2005-09-15,0.7918136119842529,0.7918136119842529,0.0,1.0,False
2005-09-16,0.7573427557945251,0.7573427557945251,0.0,1.0,False
2005-09-19,0.8014131188392639,0.8014131188392639,0.0,1.0,False
2005-09-20,0.6888744831085205,0.6888744831085205,0.0,1.0,False
2005-09-21,0.7054852843284607,0.7054852843284607,0.0,1.0,False
2005-09-22,0.7241623401641846,0.7241623401641846,0.0,1.0,False
2005-09-23,0.7107613682746887,0.7107613682746887,0.0,1.0,False
2005-09-26,0.7799379229545593,0.7799379229545593,0.0,1.0,False
2005-09-27,0.8110492825508118,0.8110492825508118,0.0,1.0,False
2005-09-28,0.8526228070259094,0.8526228070259094,0.0,1.0,False
2005-09-29,0.6467100977897644,0.6467100977897644,0.0,1.0,False
2005-09-30,0.6378930807113647,0.6378930807113647,0.0,1.0,False
2005-10-03,0.5751045346260071,0.5751045346260071,0.0,0.0,False
2005-10-04,0.6934923529624939,0.6934923529624939,0.0,1.0,False
2005-10-05,0.6878994703292847,0.6878994703292847,0.0,1.0,False
2005-10-06,0.8079853653907776,0.8079853653907776,0.0,1.0,False
2005-10-07,0.7441204190254211,0.7441204190254211,0.0,1.0,False
2005-10-10,0.8525636196136475,0.8525636196136475,0.0,1.0,False
2005-10-11,0.8405134081840515,0.8405134081840515,0.0,1.0,False
2005-10-12,0.7991548776626587,0.7991548776626587,0.0,1.0,False
2005-10-13,0.7304866313934326,0.7304866313934326,0.0,1.0,False
2005-10-14,0.6078511476516724,0.6078511476516724,0.0,1.0,False
2005-10-17,0.6209234595298767,0.6209234595298767,0.0,1.0,False
2005-10-18,0.5984947085380554,0.5984947085380554,0.0,1.0,False
2005-10-19,0.5082796216011047,0.5082796216011047,0.0,0.0,False
2005-10-20,0.4536247253417969,0.4536247253417969,0.0,0.0,False
2005-10-21,0.5091360807418823,0.5091360807418823,0.0,0.0,False
2005-10-24,0.48220095038414,0.48220095038414,0.0,0.0,False
2005-10-25,0.40823647379875183,0.40823647379875183,0.0,0.0,False
2005-10-26,0.4822542369365692,0.4822542369365692,0.0,0.0,False
2005-10-27,0.5255202054977417,0.5255202054977417,0.0,0.0,False
2005-10-28,0.46380379796028137,0.46380379796028137,0.0,0.0,False
2005-10-31,0.47039756178855896,0.47039756178855896,0.0,0.0,False
2005-11-01,0.4575200378894806,0.4575200378894806,0.0,0.0,False
2005-11-02,0.45931118726730347,0.45931118726730347,0.0,0.0,False
2005-11-03,0.6022115349769592,0.6022115349769592,0.0,1.0,False
2005-11-04,0.5266889929771423,0.5266889929771423,0.0,0.0,False
2005-11-07,0.5231814980506897,0.5231814980506897,0.0,0.0,False
2005-11-08,0.482890248298645,0.482890248298645,0.0,0.0,False
2005-11-09,0.5703961849212646,0.5703961849212646,1.0,0.0,False
2005-11-10,0.5180091857910156,0.5180091857910156,1.0,0.0,False
2005-11-11,0.5631670355796814,0.5631670355796814,0.0,0.0,False
2005-11-14,0.5621562600135803,0.5621562600135803,0.0,0.0,False
2005-11-15,0.48517534136772156,0.48517534136772156,1.0,0.0,False
2005-11-16,0.5626963376998901,0.5626963376998901,0.0,0.0,False
2005-11-17,0.5431879758834839,0.5431879758834839,0.0,0.0,False
2005-11-18,0.6072037816047668,0.6072037816047668,0.0,1.0,False
2005-11-21,0.5584732890129089,0.5584732890129089,0.0,0.0,False
2005-11-22,0.5877312421798706,0.5877312421798706,0.0,1.0,False
2005-11-23,0.5108814239501953,0.5108814239501953,0.0,0.0,False
2005-11-25,0.3877173662185669,0.3877173662185669,0.0,0.0,False
2005-11-28,0.5654211044311523,0.5654211044311523,0.0,0.0,False
2005-11-29,0.5455716252326965,0.5455716252326965,0.0,0.0,False
2005-11-30,0.6593062281608582,0.6593062281608582,0.0,1.0,False
2005-12-01,0.6358438730239868,0.6358438730239868,0.0,1.0,False
2005-12-02,0.6584374308586121,0.6584374308586121,0.0,1.0,False
2005-12-05,0.6101692318916321,0.6101692318916321,0.0,1.0,False
2005-12-06,0.6009201407432556,0.6009201407432556,0.0,1.0,False
2005-12-07,0.6169196367263794,0.6169196367263794,0.0,1.0,False
2005-12-08,0.6917925477027893,0.6917925477027893,0.0,1.0,False
2005-12-09,0.7077641487121582,0.7077641487121582,0.0,1.0,False
2005-12-12,0.6989017128944397,0.6989017128944397,0.0,1.0,False
2005-12-13,0.397244393825531,0.397244393825531,0.0,0.0,False
2005-12-14,0.49654462933540344,0.49654462933540344,0.0,0.0,False
2005-12-15,0.43046116828918457,0.43046116828918457,0.0,0.0,False
2005-12-16,0.6197182536125183,0.6197182536125183,0.0,1.0,False
2005-12-19,0.6162579655647278,0.6162579655647278,0.0,1.0,False
2005-12-20,0.7391087412834167,0.7391087412834167,0.0,1.0,False
2005-12-21,0.7304861545562744,0.7304861545562744,0.0,1.0,False
2005-12-22,0.6204409003257751,0.6204409003257751,0.0,1.0,False
2005-12-23,0.6187301278114319,0.6187301278114319,0.0,1.0,False
2005-12-27,0.6351832747459412,0.6351832747459412,0.0,1.0,False
2005-12-28,0.6330450773239136,0.6330450773239136,0.0,1.0,False
2005-12-29,0.6286643743515015,0.6286643743515015,0.0,1.0,False
2005-12-30,0.6397203207015991,0.6397203207015991,0.0,1.0,False
2006-01-03,0.5604379773139954,0.5604379773139954,0.0,0.0,False
2006-01-04,0.48138758540153503,0.48138758540153503,0.0,0.0,False
2006-01-05,0.5288593173027039,0.5288593173027039,0.0,0.0,False
2006-01-06,0.5771603584289551,0.5771603584289551,0.0,0.0,False
2006-01-09,0.6529303789138794,0.6529303789138794,0.0,1.0,False
2006-01-10,0.5861928462982178,0.5861928462982178,0.0,1.0,False
2006-01-11,0.6182358860969543,0.6182358860969543,0.0,1.0,False
2006-01-12,0.5262995958328247,0.5262995958328247,0.0,0.0,False
2006-01-13,0.5829223990440369,0.5829223990440369,0.0,1.0,False
2006-01-17,0.7027941346168518,0.7027941346168518,0.0,1.0,False
2006-01-18,0.6568704843521118,0.6568704843521118,0.0,1.0,False
2006-01-19,0.6539275646209717,0.6539275646209717,0.0,1.0,False
2006-01-20,0.48723194003105164,0.48723194003105164,0.0,0.0,False
2006-01-23,0.5171449184417725,0.5171449184417725,0.0,0.0,False
2006-01-24,0.5409188270568848,0.5409188270568848,0.0,0.0,False
2006-01-25,0.5310947299003601,0.5310947299003601,0.0,0.0,False
2006-01-26,0.5163879990577698,0.5163879990577698,0.0,0.0,False
2006-01-27,0.4715556502342224,0.4715556502342224,0.0,0.0,False
2006-01-30,0.3313401937484741,0.3313401937484741,0.0,0.0,False
2006-01-31,0.45815545320510864,0.45815545320510864,0.0,0.0,False
2006-02-01,0.5221717953681946,0.5221717953681946,0.0,0.0,False
2006-02-02,0.490195631980896,0.490195631980896,0.0,0.0,False
2006-02-03,0.5493429899215698,0.5493429899215698,0.0,0.0,False
2006-02-06,0.686439573764801,0.686439573764801,0.0,1.0,False
2006-02-07,0.6192912459373474,0.6192912459373474,0.0,1.0,False
2006-02-08,0.6131367683410645,0.6131367683410645,0.0,1.0,False
2006-02-09,0.5696284770965576,0.5696284770965576,0.0,0.0,False
2006-02-10,0.5486960411071777,0.5486960411071777,0.0,0.0,False
2006-02-13,0.613332211971283,0.613332211971283,0.0,1.0,False
2006-02-14,0.516755998134613,0.516755998134613,0.0,0.0,False
2006-02-15,0.5423179864883423,0.5423179864883423,0.0,0.0,False
2006-02-16,0.5691272020339966,0.5691272020339966,0.0,0.0,False
2006-02-17,0.5355502367019653,0.5355502367019653,0.0,0.0,False
2006-02-21,0.6019008755683899,0.6019008755683899,0.0,1.0,False
2006-02-22,0.5647231936454773,0.5647231936454773,0.0,0.0,False
2006-02-23,0.5324592590332031,0.5324592590332031,0.0,0.0,False
2006-02-24,0.6139777302742004,0.6139777302742004,0.0,1.0,False
2006-02-27,0.6125096082687378,0.6125096082687378,0.0,1.0,False
2006-02-28,0.655053436756134,0.655053436756134,0.0,1.0,False
2006-03-01,0.6426728367805481,0.6426728367805481,0.0,1.0,False
2006-03-02,0.6463969945907593,0.6463969945907593,0.0,1.0,False
2006-03-03,0.6902180910110474,0.6902180910110474,0.0,1.0,False
2006-03-06,0.7100768685340881,0.7100768685340881,0.0,1.0,False
2006-03-07,0.646993100643158,0.646993100643158,0.0,1.0,False
2006-03-08,0.6382068991661072,0.6382068991661072,0.0,1.0,False
2006-03-09,0.607772171497345,0.607772171497345,0.0,1.0,False
2006-03-10,0.6167104244232178,0.6167104244232178,0.0,1.0,False
2006-03-13,0.5862553119659424,0.5862553119659424,0.0,1.0,False
2006-03-14,0.6225244998931885,0.6225244998931885,0.0,1.0,False
2006-03-15,0.6052621006965637,0.6052621006965637,0.0,1.0,False
2006-03-16,0.5256101489067078,0.5256101489067078,0.0,0.0,False
2006-03-17,0.4763021171092987,0.4763021171092987,0.0,0.0,False
2006-03-20,0.5084938406944275,0.5084938406944275,0.0,0.0,False
2006-03-21,0.5385205745697021,0.5385205745697021,0.0,0.0,False
2006-03-22,0.5566363334655762,0.5566363334655762,0.0,0.0,False
2006-03-23,0.6405645608901978,0.6405645608901978,0.0,1.0,False
2006-03-24,0.6563594937324524,0.6563594937324524,0.0,1.0,False
2006-03-27,0.6533403992652893,0.6533403992652893,0.0,1.0,False
2006-03-28,0.5751774907112122,0.5751774907112122,0.0,0.0,False
2006-03-29,0.6086891889572144,0.6086891889572144,0.0,1.0,False
2006-03-30,0.5865017771720886,0.5865017771720886,0.0,1.0,False
2006-03-31,0.5942690968513489,0.5942690968513489,0.0,1.0,False
2006-04-03,0.5923069715499878,0.5923069715499878,0.0,1.0,False
2006-04-04,0.49112653732299805,0.49112653732299805,0.0,0.0,False
2006-04-05,0.3856754004955292,0.3856754004955292,0.0,0.0,False
2006-04-06,0.3726014196872711,0.3726014196872711,0.0,0.0,False
2006-04-07,0.5162569284439087,0.5162569284439087,0.0,0.0,False
2006-04-10,0.5621956586837769,0.5621956586837769,0.0,0.0,False
2006-04-11,0.5803931355476379,0.5803931355476379,0.0,1.0,False
2006-04-12,0.5906097292900085,0.5906097292900085,0.0,1.0,False
2006-04-13,0.5762317776679993,0.5762317776679993,0.0,0.0,False
2006-04-17,0.5225508213043213,0.5225508213043213,0.0,0.0,False
2006-04-18,0.5611976385116577,0.5611976385116577,0.0,0.0,False
2006-04-19,0.5719010233879089,0.5719010233879089,0.0,0.0,False
2006-04-20,0.4912221133708954,0.4912221133708954,0.0,0.0,False
2006-04-21,0.46998926997184753,0.46998926997184753,0.0,0.0,False
2006-04-24,0.48246896266937256,0.48246896266937256,0.0,0.0,False
2006-04-25,0.6047054529190063,0.6047054529190063,0.0,1.0,False
2006-04-26,0.6282727122306824,0.6282727122306824,0.0,1.0,False
2006-04-27,0.5177782773971558,0.5177782773971558,0.0,0.0,False
2006-04-28,0.43833327293395996,0.43833327293395996,0.0,0.0,False
2006-05-01,0.634377121925354,0.634377121925354,0.0,1.0,False
2006-05-02,0.5646956562995911,0.5646956562995911,0.0,0.0,False
2006-05-03,0.6300805807113647,0.6300805807113647,0.0,1.0,False
2006-05-04,0.5965688228607178,0.5965688228607178,0.0,1.0,False
2006-05-05,0.5795378684997559,0.5795378684997559,0.0,0.0,False
2006-05-08,0.5023514032363892,0.5023514032363892,0.0,0.0,False
2006-05-09,0.5333077907562256,0.5333077907562256,0.0,0.0,False
2006-05-10,0.3594735264778137,0.3594735264778137,0.0,0.0,False
2006-05-11,0.6723110675811768,0.6723110675811768,0.0,1.0,False
2006-05-12,0.5877834558486938,0.5877834558486938,0.0,1.0,False
2006-05-15,0.5805889368057251,0.5805889368057251,0.0,1.0,False
2006-05-16,0.6718448996543884,0.6718448996543884,0.0,1.0,False
2006-05-17,0.7285565733909607,0.7285565733909607,0.0,1.0,False
2006-05-18,0.6815659403800964,0.6815659403800964,0.0,1.0,False
2006-05-19,0.501867413520813,0.501867413520813,0.0,0.0,False
2006-05-22,0.6666036248207092,0.6666036248207092,0.0,1.0,False
2006-05-23,0.6628933548927307,0.6628933548927307,0.0,1.0,False
2006-05-24,0.6404662728309631,0.6404662728309631,0.0,1.0,False
2006-05-25,0.42274463176727295,0.42274463176727295,0.0,0.0,False
2006-05-26,0.48145410418510437,0.48145410418510437,0.0,0.0,False
2006-05-30,0.5034681558609009,0.5034681558609009,0.0,0.0,False
2006-05-31,0.42705756425857544,0.42705756425857544,0.0,0.0,False
2006-06-01,0.5467621088027954,0.5467621088027954,0.0,0.0,False
2006-06-02,0.5522714853286743,0.5522714853286743,0.0,0.0,False
2006-06-05,0.4998977482318878,0.4998977482318878,0.0,0.0,False
2006-06-06,0.5091849565505981,0.5091849565505981,0.0,0.0,False
2006-06-07,0.5688862800598145,0.5688862800598145,0.0,0.0,False
2006-06-08,0.6436606049537659,0.6436606049537659,0.0,0.9717978786207855,False
2006-06-09,0.6123154759407043,0.6123154759407043,0.0,0.9717978786207855,False
2006-06-12,0.7882788181304932,0.7882788181304932,0.0,0.9717978786207855,False
2006-06-13,0.7933025360107422,0.7933025360107422,0.0,0.9717978786207855,False
2006-06-14,0.5959646105766296,0.5959646105766296,0.0,0.9717978786207855,False
2006-06-15,0.4311222732067108,0.4311222732067108,0.0,0.0,False
2006-06-16,0.39501145482063293,0.39501145482063293,2.0,0.0,False
2006-06-19,0.42347899079322815,0.42347899079322815,2.0,0.0,False
2006-06-20,0.437224805355072,0.437224805355072,2.0,0.0,False
2006-06-21,0.42141738533973694,0.42141738533973694,2.0,0.0,False
2006-06-22,0.4799899160861969,0.4799899160861969,0.0,0.0,False
2006-06-23,0.5428171753883362,0.5428171753883362,0.0,0.0,False
2006-06-26,0.5135905146598816,0.5135905146598816,0.0,0.0,False
2006-06-27,0.5702801942825317,0.5702801942825317,0.0,0.0,False
2006-06-28,0.6134504079818726,0.6134504079818726,0.0,1.0,False
2006-06-29,0.496748149394989,0.496748149394989,0.0,0.0,False
2006-06-30,0.4946988821029663,0.4946988821029663,0.0,0.0,False
2006-07-03,0.5091228485107422,0.5091228485107422,0.0,0.0,False
2006-07-05,0.5399658679962158,0.5399658679962158,0.0,0.0,False
2006-07-06,0.5205563902854919,0.5205563902854919,0.0,0.0,False
2006-07-07,0.5496494174003601,0.5496494174003601,0.0,0.0,False
2006-07-10,0.5759924054145813,0.5759924054145813,0.0,0.0,False
2006-07-11,0.5779666304588318,0.5779666304588318,0.0,0.0,False
2006-07-12,0.5994843244552612,0.5994843244552612,1.0,1.0,False
2006-07-13,0.6792815327644348,0.6792815327644348,2.0,1.0,False
2006-07-14,0.618334949016571,0.618334949016571,0.0,1.0,False
2006-07-17,0.6316450834274292,0.6316450834274292,0.0,1.0,False
2006-07-18,0.6439619660377502,0.6439619660377502,0.0,1.0,False
2006-07-19,0.5708733201026917,0.5708733201026917,0.0,0.0,False
2006-07-20,0.5727850794792175,0.5727850794792175,0.0,0.0,False
2006-07-21,0.5432196259498596,0.5432196259498596,0.0,0.0,False
2006-07-24,0.43883195519447327,0.43883195519447327,0.0,0.0,False
2006-07-25,0.47232377529144287,0.47232377529144287,0.0,0.0,False
2006-07-26,0.44550222158432007,0.44550222158432007,0.0,0.0,False
2006-07-27,0.432602196931839,0.432602196931839,0.0,0.0,False
2006-07-28,0.5430660843849182,0.5430660843849182,0.0,0.0,False
2006-07-31,0.4874647855758667,0.4874647855758667,0.0,0.0,False
2006-08-01,0.5191745758056641,0.5191745758056641,0.0,0.0,False
2006-08-02,0.5588104128837585,0.5588104128837585,0.0,0.0,False
2006-08-03,0.5787473320960999,0.5787473320960999,0.0,0.0,False
2006-08-04,0.5255262851715088,0.5255262851715088,0.0,0.0,False
2006-08-07,0.518640398979187,0.518640398979187,0.0,0.0,False
2006-08-08,0.5472033023834229,0.5472033023834229,0.0,0.0,False
2006-08-09,0.7087714672088623,0.7087714672088623,0.0,1.0,False
2006-08-10,0.6426423192024231,0.6426423192024231,0.0,1.0,False
2006-08-11,0.7060032486915588,0.7060032486915588,0.0,1.0,False
2006-08-14,0.6895628571510315,0.6895628571510315,0.0,1.0,False
2006-08-15,0.4354602098464966,0.4354602098464966,0.0,0.0,False
2006-08-16,0.4696404039859772,0.4696404039859772,0.0,0.0,False
2006-08-17,0.5085397362709045,0.5085397362709045,0.0,0.0,False
2006-08-18,0.45080170035362244,0.45080170035362244,0.0,0.0,False
2006-08-21,0.4485483765602112,0.4485483765602112,0.0,0.0,False
2006-08-22,0.4317063093185425,0.4317063093185425,0.0,0.0,False
2006-08-23,0.3875809609889984,0.3875809609889984,0.0,0.0,False
2006-08-24,0.49744713306427,0.49744713306427,0.0,0.0,False
2006-08-25,0.7003308534622192,0.7003308534622192,0.0,1.0,False
2006-08-28,0.5366659164428711,0.5366659164428711,0.0,0.0,False
2006-08-29,0.5132536292076111,0.5132536292076111,0.0,0.0,False
2006-08-30,0.6352168917655945,0.6352168917655945,0.0,1.0,False
2006-08-31,0.6097287535667419,0.6097287535667419,0.0,1.0,False
2006-09-01,0.42286694049835205,0.42286694049835205,0.0,0.0,False
2006-09-05,0.5035969018936157,0.5035969018936157,0.0,0.0,False
2006-09-06,0.5575318336486816,0.5575318336486816,0.0,0.0,False
2006-09-07,0.5936358571052551,0.5936358571052551,0.0,1.0,False
2006-09-08,0.5660172700881958,0.5660172700881958,0.0,0.0,False
2006-09-11,0.5770723819732666,0.5770723819732666,0.0,0.0,False
2006-09-12,0.45580580830574036,0.45580580830574036,0.0,0.0,False
2006-09-13,0.4859955608844757,0.4859955608844757,0.0,0.0,False
2006-09-14,0.4668886363506317,0.4668886363506317,0.0,0.0,False
2006-09-15,0.45980677008628845,0.45980677008628845,0.0,0.0,False
2006-09-18,0.5075790286064148,0.5075790286064148,0.0,0.0,False
2006-09-19,0.5004914999008179,0.5004914999008179,0.0,0.0,False
2006-09-20,0.5483282208442688,0.5483282208442688,0.0,0.0,False
2006-09-21,0.5389363765716553,0.5389363765716553,0.0,0.0,False
2006-09-22,0.6188763976097107,0.6188763976097107,0.0,1.0,False
2006-09-25,0.5300126075744629,0.5300126075744629,0.0,0.0,False
2006-09-26,0.5491461157798767,0.5491461157798767,0.0,0.0,False
2006-09-27,0.6000760793685913,0.6000760793685913,0.0,1.0,False
2006-09-28,0.5635923743247986,0.5635923743247986,0.0,0.0,False
2006-09-29,0.48967668414115906,0.48967668414115906,0.0,0.0,False
2006-10-02,0.5607119202613831,0.5607119202613831,0.0,0.0,False
2006-10-03,0.6361405253410339,0.6361405253410339,0.0,1.0,False
2006-10-04,0.5698830485343933,0.5698830485343933,0.0,0.0,False
2006-10-05,0.6339868903160095,0.6339868903160095,0.0,1.0,False
2006-10-06,0.6170696020126343,0.6170696020126343,0.0,1.0,False
2006-10-09,0.5512758493423462,0.5512758493423462,0.0,0.0,False
2006-10-10,0.58849036693573,0.58849036693573,0.0,1.0,False
2006-10-11,0.6323443651199341,0.6323443651199341,0.0,1.0,False
2006-10-12,0.4375569522380829,0.4375569522380829,0.0,0.0,False
2006-10-13,0.5166028738021851,0.5166028738021851,0.0,0.0,False
2006-10-16,0.5250763297080994,0.5250763297080994,0.0,0.0,False
2006-10-17,0.5612857341766357,0.5612857341766357,0.0,0.0,False
2006-10-18,0.5918154120445251,0.5918154120445251,0.0,1.0,False
2006-10-19,0.5851011276245117,0.5851011276245117,0.0,1.0,False
2006-10-20,0.7796139717102051,0.7796139717102051,0.0,1.0,False
2006-10-23,0.5704492330551147,0.5704492330551147,0.0,0.0,False
2006-10-24,0.5571101903915405,0.5571101903915405,0.0,0.0,False
2006-10-25,0.5631345510482788,0.5631345510482788,0.0,0.0,False
2006-10-26,0.5536069273948669,0.5536069273948669,0.0,0.0,False
2006-10-27,0.6902052164077759,0.6902052164077759,0.0,1.0,False
2006-10-30,0.7714647054672241,0.7714647054672241,0.0,1.0,False
2006-10-31,0.7849581837654114,0.7849581837654114,0.0,1.0,False
2006-11-01,0.8559312224388123,0.8559312224388123,0.0,1.0,False
2006-11-02,0.893566370010376,0.893566370010376,0.0,1.0,False
2006-11-03,0.8333940505981445,0.8333940505981445,0.0,1.0,False
2006-11-06,0.5538853406906128,0.5538853406906128,0.0,0.0,False
2006-11-07,0.5636444091796875,0.5636444091796875,0.0,0.0,False
2006-11-08,0.5747681856155396,0.5747681856155396,0.0,0.0,False
2006-11-09,0.5279408097267151,0.5279408097267151,0.0,0.0,False
2006-11-10,0.5462377667427063,0.5462377667427063,0.0,0.0,False
2006-11-13,0.6375439763069153,0.6375439763069153,0.0,1.0,False
2006-11-14,0.5097379684448242,0.5097379684448242,0.0,0.0,False
2006-11-15,0.6203938722610474,0.6203938722610474,0.0,1.0,False
2006-11-16,0.6010475754737854,0.6010475754737854,0.0,1.0,False
2006-11-17,0.6081545352935791,0.6081545352935791,0.0,1.0,False
2006-11-20,0.5405582785606384,0.5405582785606384,0.0,0.0,False
2006-11-21,0.5980305671691895,0.5980305671691895,0.0,1.0,False
2006-11-22,0.5828061103820801,0.5828061103820801,0.0,1.0,False
2006-11-24,0.6382229328155518,0.6382229328155518,0.0,1.0,False
2006-11-27,0.6214510202407837,0.6214510202407837,0.0,1.0,False
2006-11-28,0.6414861083030701,0.6414861083030701,0.0,1.0,False
2006-11-29,0.5148552060127258,0.5148552060127258,0.0,0.0,False
2006-11-30,0.5307877659797668,0.5307877659797668,0.0,0.0,False
2006-12-01,0.6060188412666321,0.6060188412666321,0.0,1.0,False
2006-12-04,0.5196959972381592,0.5196959972381592,0.0,0.0,False
2006-12-05,0.5596486330032349,0.5596486330032349,0.0,0.0,False
2006-12-06,0.4709646701812744,0.4709646701812744,0.0,0.0,False
2006-12-07,0.5517350435256958,0.5517350435256958,0.0,0.0,False
2006-12-08,0.45209142565727234,0.45209142565727234,0.0,0.0,False
2006-12-11,0.5357516407966614,0.5357516407966614,0.0,0.0,False
2006-12-12,0.5531882047653198,0.5531882047653198,0.0,0.0,False
2006-12-13,0.5236305594444275,0.5236305594444275,0.0,0.0,False
2006-12-14,0.4534743130207062,0.4534743130207062,0.0,0.0,False
2006-12-15,0.5194591283798218,0.5194591283798218,0.0,0.0,False
2006-12-18,0.511121928691864,0.511121928691864,0.0,0.0,False
2006-12-19,0.44975292682647705,0.44975292682647705,0.0,0.0,False
2006-12-20,0.49065542221069336,0.49065542221069336,0.0,0.0,False
2006-12-21,0.6496250033378601,0.6496250033378601,0.0,1.0,False
2006-12-22,0.6263167262077332,0.6263167262077332,0.0,1.0,False
2006-12-26,0.6709449291229248,0.6709449291229248,0.0,1.0,False
2006-12-27,0.5386359095573425,0.5386359095573425,0.0,0.0,False
2006-12-28,0.6296611428260803,0.6296611428260803,0.0,1.0,False
2006-12-29,0.5673162937164307,0.5673162937164307,0.0,0.0,False
2007-01-03,0.530206561088562,0.530206561088562,0.0,0.0,False
2007-01-04,0.7535012364387512,0.7535012364387512,0.0,1.0,False
2007-01-05,0.6765026450157166,0.6765026450157166,0.0,1.0,False
2007-01-08,0.5989603996276855,0.5989603996276855,0.0,1.0,False
2007-01-09,0.6101065874099731,0.6101065874099731,0.0,1.0,False
2007-01-10,0.5583455562591553,0.5583455562591553,0.0,0.0,False
2007-01-11,0.48702114820480347,0.48702114820480347,0.0,0.0,False
2007-01-12,0.38580089807510376,0.38580089807510376,0.0,0.0,False
2007-01-16,0.3996337354183197,0.3996337354183197,0.0,0.0,False
2007-01-17,0.410872220993042,0.410872220993042,0.0,0.0,False
2007-01-18,0.48208749294281006,0.48208749294281006,0.0,0.0,False
2007-01-19,0.46821504831314087,0.46821504831314087,0.0,0.0,False
2007-01-22,0.6430362462997437,0.6430362462997437,0.0,1.0,False
2007-01-23,0.5926076173782349,0.5926076173782349,0.0,1.0,False
2007-01-24,0.4907347559928894,0.4907347559928894,0.0,0.0,False
2007-01-25,0.562259316444397,0.562259316444397,0.0,0.0,False
2007-01-26,0.6155373454093933,0.6155373454093933,0.0,1.0,False
2007-01-29,0.6416527628898621,0.6416527628898621,0.0,1.0,False
2007-01-30,0.6313298344612122,0.6313298344612122,0.0,1.0,False
2007-01-31,0.5127115249633789,0.5127115249633789,0.0,0.0,False
2007-02-01,0.47126856446266174,0.47126856446266174,0.0,0.0,False
2007-02-02,0.45716866850852966,0.45716866850852966,0.0,0.0,False
2007-02-05,0.446804404258728,0.446804404258728,0.0,0.0,False
2007-02-06,0.4478279650211334,0.4478279650211334,0.0,0.0,False
2007-02-07,0.460328072309494,0.460328072309494,0.0,0.0,False
2007-02-08,0.48195305466651917,0.48195305466651917,0.0,0.0,False
2007-02-09,0.6017947793006897,0.6017947793006897,0.0,1.0,False
2007-02-12,0.7040683031082153,0.7040683031082153,0.0,1.0,False
2007-02-13,0.5697405934333801,0.5697405934333801,0.0,0.0,False
2007-02-14,0.5487561225891113,0.5487561225891113,0.0,0.0,False
2007-02-15,0.5454545617103577,0.5454545617103577,0.0,0.0,False
2007-02-16,0.4852067828178406,0.4852067828178406,0.0,0.0,False
2007-02-20,0.4454631805419922,0.4454631805419922,0.0,0.0,False
2007-02-21,0.3991110324859619,0.3991110324859619,0.0,0.0,False
2007-02-22,0.5750169157981873,0.5750169157981873,0.0,0.0,False
2007-02-23,0.7188119888305664,0.7188119888305664,0.0,1.0,False
2007-02-26,0.7570724487304688,0.7570724487304688,0.0,1.0,False
2007-02-27,0.6645371913909912,0.6645371913909912,0.0,1.0,False
2007-02-28,0.6103558540344238,0.6103558540344238,0.0,1.0,False
2007-03-01,0.6618837714195251,0.6618837714195251,0.0,1.0,False
2007-03-02,0.6445707678794861,0.6445707678794861,0.0,1.0,False
2007-03-05,0.5654739141464233,0.5654739141464233,0.0,0.0,False
2007-03-06,0.4102405309677124,0.4102405309677124,0.0,0.0,False
2007-03-07,0.5067747235298157,0.5067747235298157,0.0,0.0,False
2007-03-08,0.39997729659080505,0.39997729659080505,0.0,0.0,False
2007-03-09,0.3569529056549072,0.3569529056549072,0.0,0.0,False
2007-03-12,0.3947353959083557,0.3947353959083557,0.0,0.0,False
2007-03-13,0.5131528377532959,0.5131528377532959,2.0,0.0,False
2007-03-14,0.4743533134460449,0.4743533134460449,2.0,0.0,False
2007-03-15,0.5165572166442871,0.5165572166442871,2.0,0.0,False
2007-03-16,0.5465834140777588,0.5465834140777588,2.0,0.0,False
2007-03-19,0.4672568440437317,0.4672568440437317,2.0,0.0,False
2007-03-20,0.5421854853630066,0.5421854853630066,2.0,0.0,False
2007-03-21,0.5997684597969055,0.5997684597969055,2.0,0.73195189088527,False
2007-03-22,0.5730406641960144,0.5730406641960144,2.0,0.0,False
2007-03-23,0.5735464096069336,0.5735464096069336,2.0,0.0,False
2007-03-26,0.5556415915489197,0.5556415915489197,2.0,0.0,False
2007-03-27,0.6271781325340271,0.6271781325340271,0.0,1.0,False
2007-03-28,0.6345621943473816,0.6345621943473816,0.0,1.0,False
2007-03-29,0.6532794237136841,0.6532794237136841,0.0,1.0,False
2007-03-30,0.7308230996131897,0.7308230996131897,0.0,1.0,False
2007-04-02,0.7267585396766663,0.7267585396766663,1.0,1.0,False
2007-04-03,0.5978662967681885,0.5978662967681885,0.0,1.0,False
2007-04-04,0.569303572177887,0.569303572177887,0.0,0.0,False
2007-04-05,0.5223602652549744,0.5223602652549744,0.0,0.0,False
2007-04-09,0.5298104286193848,0.5298104286193848,0.0,0.0,False
2007-04-10,0.5116506814956665,0.5116506814956665,0.0,0.0,False
2007-04-11,0.5766724348068237,0.5766724348068237,0.0,0.0,False
2007-04-12,0.5241794586181641,0.5241794586181641,0.0,0.0,False
2007-04-13,0.5810503959655762,0.5810503959655762,0.0,1.0,False
2007-04-16,0.5813999176025391,0.5813999176025391,0.0,1.0,False
2007-04-17,0.5938029289245605,0.5938029289245605,0.0,1.0,False
2007-04-18,0.49548524618148804,0.49548524618148804,0.0,0.0,False
2007-04-19,0.5764398574829102,0.5764398574829102,0.0,0.0,False
2007-04-20,0.42192432284355164,0.42192432284355164,0.0,0.0,False
2007-04-23,0.5445976257324219,0.5445976257324219,0.0,0.0,False
2007-04-24,0.6120951175689697,0.6120951175689697,0.0,1.0,False
2007-04-25,0.6137434840202332,0.6137434840202332,0.0,1.0,False
2007-04-26,0.653149425983429,0.653149425983429,0.0,1.0,False
2007-04-27,0.6740870475769043,0.6740870475769043,0.0,1.0,False
2007-04-30,0.6877459287643433,0.6877459287643433,0.0,1.0,False
2007-05-01,0.6464433073997498,0.6464433073997498,0.0,1.0,False
2007-05-02,0.6180773973464966,0.6180773973464966,0.0,1.0,False
2007-05-03,0.6734762787818909,0.6734762787818909,0.0,1.0,False
2007-05-04,0.6534765362739563,0.6534765362739563,0.0,1.0,False
2007-05-07,0.4774022102355957,0.4774022102355957,0.0,0.0,False
2007-05-08,0.508002758026123,0.508002758026123,0.0,0.0,False
2007-05-09,0.4716718792915344,0.4716718792915344,0.0,0.0,False
2007-05-10,0.6493064165115356,0.6493064165115356,0.0,1.0,False
2007-05-11,0.6099533438682556,0.6099533438682556,0.0,1.0,False
2007-05-14,0.6030216813087463,0.6030216813087463,0.0,1.0,False
2007-05-15,0.610933244228363,0.610933244228363,0.0,1.0,False
2007-05-16,0.6052561402320862,0.6052561402320862,0.0,1.0,False
2007-05-17,0.5568051338195801,0.5568051338195801,0.0,0.0,False
2007-05-18,0.5917564630508423,0.5917564630508423,0.0,1.0,False
2007-05-21,0.5096470713615417,0.5096470713615417,0.0,0.0,False
2007-05-22,0.5480499863624573,0.5480499863624573,0.0,0.0,False
2007-05-23,0.5624761581420898,0.5624761581420898,0.0,0.0,False
2007-05-24,0.6388323903083801,0.6388323903083801,0.0,1.0,False
2007-05-25,0.6633042097091675,0.6633042097091675,0.0,1.0,False
2007-05-29,0.6505780220031738,0.6505780220031738,0.0,1.0,False
2007-05-30,0.5450799465179443,0.5450799465179443,0.0,0.0,False
2007-05-31,0.6145745515823364,0.6145745515823364,0.0,1.0,False
2007-06-01,0.4943019151687622,0.4943019151687622,0.0,0.0,False
2007-06-04,0.4722663164138794,0.4722663164138794,0.0,0.0,False
2007-06-05,0.5094888210296631,0.5094888210296631,0.0,0.0,False
2007-06-06,0.7281175851821899,0.7281175851821899,0.0,1.0,False
2007-06-07,0.5916150212287903,0.5916150212287903,0.0,1.0,False
2007-06-08,0.6152831315994263,0.6152831315994263,0.0,1.0,False
2007-06-11,0.6704807877540588,0.6704807877540588,0.0,1.0,False
2007-06-12,0.6565170288085938,0.6565170288085938,0.0,1.0,False
2007-06-13,0.4806246757507324,0.4806246757507324,0.0,0.0,False
2007-06-14,0.42016661167144775,0.42016661167144775,0.0,0.0,False
2007-06-15,0.4082910716533661,0.4082910716533661,0.0,0.0,False
2007-06-18,0.3685550093650818,0.3685550093650818,0.0,0.0,False
2007-06-19,0.3873278796672821,0.3873278796672821,0.0,0.0,False
2007-06-20,0.47698113322257996,0.47698113322257996,0.0,0.0,False
2007-06-21,0.4853461980819702,0.4853461980819702,0.0,0.0,False
2007-06-22,0.5560216903686523,0.5560216903686523,0.0,0.0,False
2007-06-25,0.5323033332824707,0.5323033332824707,0.0,0.0,False
2007-06-26,0.5579890608787537,0.5579890608787537,0.0,0.0,False
2007-06-27,0.5132848620414734,0.5132848620414734,0.0,0.0,False
2007-06-28,0.5388680100440979,0.5388680100440979,0.0,0.0,False
2007-06-29,0.5347048044204712,0.5347048044204712,0.0,0.0,False
2007-07-02,0.43935906887054443,0.43935906887054443,0.0,0.0,False
2007-07-03,0.46769994497299194,0.46769994497299194,0.0,0.0,False
2007-07-05,0.5820496678352356,0.5820496678352356,0.0,1.0,False
2007-07-06,0.6631585359573364,0.6631585359573364,0.0,1.0,False
2007-07-09,0.522832453250885,0.522832453250885,0.0,0.0,False
2007-07-10,0.6203853487968445,0.6203853487968445,0.0,1.0,False
2007-07-11,0.6430732607841492,0.6430732607841492,0.0,1.0,False
2007-07-12,0.544023334980011,0.544023334980011,0.0,0.0,False
2007-07-13,0.5428081154823303,0.5428081154823303,0.0,0.0,False
2007-07-16,0.5084517002105713,0.5084517002105713,0.0,0.0,False
2007-07-17,0.5431221723556519,0.5431221723556519,0.0,0.0,False
2007-07-18,0.4931914806365967,0.4931914806365967,0.0,0.0,False
2007-07-19,0.6473286747932434,0.6473286747932434,0.0,1.0,False
2007-07-20,0.6471474170684814,0.6471474170684814,0.0,1.0,False
2007-07-23,0.5774554014205933,0.5774554014205933,0.0,0.0,False
2007-07-24,0.6043341755867004,0.6043341755867004,0.0,1.0,False
2007-07-25,0.4928901493549347,0.4928901493549347,0.0,0.0,False
2007-07-26,0.6548725962638855,0.6548725962638855,0.0,1.0,False
2007-07-27,0.6097978353500366,0.6097978353500366,2.0,1.0,False
2007-07-30,0.4919078052043915,0.4919078052043915,0.0,0.0,False
2007-07-31,0.5865729451179504,0.5865729451179504,0.0,0.8723377162856454,False
2007-08-01,0.4948120415210724,0.4948120415210724,0.0,0.0,False
2007-08-02,0.4561639130115509,0.4561639130115509,0.0,0.0,False
2007-08-03,0.5600951313972473,0.5600951313972473,2.0,0.0,False
2007-08-06,0.5836498737335205,0.5836498737335205,2.0,0.7283106524038138,False
2007-08-07,0.5010765790939331,0.5010765790939331,2.0,0.0,False
2007-08-08,0.5165774822235107,0.5165774822235107,2.0,0.0,False
2007-08-09,0.6337854266166687,0.6337854266166687,2.0,0.6670826537168303,False
2007-08-10,0.5127177238464355,0.5127177238464355,2.0,0.0,False
2007-08-13,0.5830861926078796,0.5830861926078796,2.0,0.6668841035330143,False
2007-08-14,0.5410885810852051,0.5410885810852051,2.0,0.0,False
2007-08-15,0.5409062504768372,0.5409062504768372,2.0,0.0,False
2007-08-16,0.576332151889801,0.576332151889801,2.0,0.0,False
2007-08-17,0.5416371822357178,0.5416371822357178,2.0,0.0,False
2007-08-20,0.5125627517700195,0.5125627517700195,2.0,0.0,False
2007-08-21,0.4177348017692566,0.4177348017692566,2.0,0.0,False
2007-08-22,0.5427468419075012,0.5427468419075012,2.0,0.0,False
2007-08-23,0.49907052516937256,0.49907052516937256,2.0,0.0,False
2007-08-24,0.5995364189147949,0.5995364189147949,1.0,0.676087737740807,False
2007-08-27,0.4282800257205963,0.4282800257205963,2.0,0.0,False
2007-08-28,0.5822622776031494,0.5822622776031494,2.0,0.6569399989636866,False
2007-08-29,0.5768860578536987,0.5768860578536987,2.0,0.0,False
2007-08-30,0.5214095115661621,0.5214095115661621,2.0,0.0,False
2007-08-31,0.5653311610221863,0.5653311610221863,1.0,0.0,False
2007-09-04,0.5263588428497314,0.5263588428497314,1.0,0.0,False
2007-09-05,0.47133028507232666,0.47133028507232666,2.0,0.0,False
2007-09-06,0.5083252191543579,0.5083252191543579,2.0,0.0,False
2007-09-07,0.46701252460479736,0.46701252460479736,2.0,0.0,False
2007-09-10,0.4668293595314026,0.4668293595314026,2.0,0.0,False
2007-09-11,0.6221025586128235,0.6221025586128235,1.0,0.7962552923516604,False
2007-09-12,0.46537283062934875,0.46537283062934875,1.0,0.0,False
2007-09-13,0.40827327966690063,0.40827327966690063,1.0,0.0,False
2007-09-14,0.485002338886261,0.485002338886261,1.0,0.0,False
2007-09-17,0.5595825910568237,0.5595825910568237,1.0,0.0,False
2007-09-18,0.6400018334388733,0.6400018334388733,1.0,0.7959384628379977,False
2007-09-19,0.6633466482162476,0.6633466482162476,1.0,0.7959384628379977,False
2007-09-20,0.5552606582641602,0.5552606582641602,1.0,0.0,False
2007-09-21,0.5688480138778687,0.5688480138778687,1.0,0.0,False
2007-09-24,0.531403660774231,0.531403660774231,1.0,0.0,False
2007-09-25,0.5414239168167114,0.5414239168167114,1.0,0.0,False
2007-09-26,0.5407951474189758,0.5407951474189758,1.0,0.0,False
2007-09-27,0.47217434644699097,0.47217434644699097,1.0,0.0,False
2007-09-28,0.4644528329372406,0.4644528329372406,1.0,0.0,False
2007-10-01,0.5989513397216797,0.5989513397216797,1.0,1.0,False
2007-10-02,0.4780498147010803,0.4780498147010803,1.0,0.0,False
2007-10-03,0.4757572114467621,0.4757572114467621,0.0,0.0,False
2007-10-04,0.5008391737937927,0.5008391737937927,0.0,0.0,False
2007-10-05,0.48812466859817505,0.48812466859817505,1.0,0.0,False
2007-10-08,0.4828740060329437,0.4828740060329437,1.0,0.0,False
2007-10-09,0.5494733452796936,0.5494733452796936,1.0,0.0,False
2007-10-10,0.5652097463607788,0.5652097463607788,1.0,0.0,False
2007-10-11,0.5096538662910461,0.5096538662910461,0.0,0.0,False
2007-10-12,0.55003422498703,0.55003422498703,1.0,0.0,False
2007-10-15,0.6514662504196167,0.6514662504196167,0.0,1.0,False
2007-10-16,0.7328208088874817,0.7328208088874817,0.0,1.0,False
2007-10-17,0.734237015247345,0.734237015247345,0.0,1.0,False
2007-10-18,0.7347356081008911,0.7347356081008911,0.0,1.0,False
2007-10-19,0.6215818524360657,0.6215818524360657,0.0,1.0,False
2007-10-22,0.556909441947937,0.556909441947937,0.0,0.0,False
2007-10-23,0.5015695095062256,0.5015695095062256,0.0,0.0,False
2007-10-24,0.5370799899101257,0.5370799899101257,0.0,0.0,False
2007-10-25,0.5900352597236633,0.5900352597236633,0.0,1.0,False
2007-10-26,0.3173164129257202,0.3173164129257202,0.0,0.0,False
2007-10-29,0.4034489393234253,0.4034489393234253,0.0,0.0,False
2007-10-30,0.3937676250934601,0.3937676250934601,0.0,0.0,False
2007-10-31,0.4565042555332184,0.4565042555332184,0.0,0.0,False
2007-11-01,0.43114450573921204,0.43114450573921204,0.0,0.0,False
2007-11-02,0.5226170420646667,0.5226170420646667,0.0,0.0,False
2007-11-05,0.4872255325317383,0.4872255325317383,0.0,0.0,False
2007-11-06,0.4261927008628845,0.4261927008628845,2.0,0.0,False
2007-11-07,0.6640368103981018,0.6640368103981018,2.0,0.792272498465262,False
2007-11-08,0.5732095837593079,0.5732095837593079,2.0,0.0,False
2007-11-09,0.6419507265090942,0.6419507265090942,2.0,0.7868347806640457,False
2007-11-12,0.5531889200210571,0.5531889200210571,2.0,0.0,False
2007-11-13,0.6104089617729187,0.6104089617729187,2.0,0.6651983455366044,False
2007-11-14,0.568427562713623,0.568427562713623,2.0,0.0,False
2007-11-15,0.5846050977706909,0.5846050977706909,2.0,0.6550362420226263,False
2007-11-16,0.4678342044353485,0.4678342044353485,2.0,0.0,False
2007-11-19,0.5025331974029541,0.5025331974029541,2.0,0.0,False
2007-11-20,0.6500280499458313,0.6500280499458313,2.0,0.7027814911114039,False
2007-11-21,0.6058425903320312,0.6058425903320312,2.0,0.7027814911114039,False
2007-11-23,0.6482780575752258,0.6482780575752258,2.0,0.7027814911114039,False
2007-11-26,0.5366462469100952,0.5366462469100952,2.0,0.0,False
2007-11-27,0.4637452960014343,0.4637452960014343,2.0,0.0,False
2007-11-28,0.4047630727291107,0.4047630727291107,2.0,0.0,False
2007-11-29,0.34197357296943665,0.34197357296943665,2.0,0.0,False
2007-11-30,0.41970938444137573,0.41970938444137573,2.0,0.0,False
2007-12-03,0.345365434885025,0.345365434885025,2.0,0.0,False
2007-12-04,0.4096689820289612,0.4096689820289612,2.0,0.0,False
2007-12-05,0.3879880905151367,0.3879880905151367,2.0,0.0,False
2007-12-06,0.4565965235233307,0.4565965235233307,1.0,0.0,False
2007-12-07,0.45939260721206665,0.45939260721206665,1.0,0.0,False
2007-12-10,0.4739862084388733,0.4739862084388733,1.0,0.0,False
2007-12-11,0.6545039415359497,0.6545039415359497,1.0,0.5705751911472265,False
2007-12-12,0.5866101980209351,0.5866101980209351,2.0,0.5705751911472265,False
2007-12-13,0.6021050214767456,0.6021050214767456,2.0,0.5705751911472265,False
2007-12-14,0.6241776347160339,0.6241776347160339,2.0,0.5705751911472265,False
2007-12-17,0.6734294891357422,0.6734294891357422,2.0,0.5705751911472265,False
2007-12-18,0.5076826214790344,0.5076826214790344,1.0,0.0,False
2007-12-19,0.5259949564933777,0.5259949564933777,2.0,0.0,False
2007-12-20,0.494886189699173,0.494886189699173,1.0,0.0,False
2007-12-21,0.4193961024284363,0.4193961024284363,1.0,0.0,False
2007-12-24,0.6455473899841309,0.6455473899841309,1.0,0.7201310481571451,False
2007-12-26,0.5499309301376343,0.5499309301376343,1.0,0.0,False
2007-12-27,0.43423089385032654,0.43423089385032654,2.0,0.0,False
2007-12-28,0.44009220600128174,0.44009220600128174,2.0,0.0,False
2007-12-31,0.588854193687439,0.588854193687439,0.0,0.8339914490356208,False
2008-01-02,0.5344067215919495,0.5344067215919495,2.0,0.0,False
2008-01-03,0.6751972436904907,0.6751972436904907,2.0,0.8412837552467075,False
2008-01-04,0.6956455707550049,0.6956455707550049,2.0,0.8412837552467075,False
2008-01-07,0.6163640022277832,0.6163640022277832,2.0,0.8412837552467075,False
2008-01-08,0.5714384317398071,0.5714384317398071,2.0,0.0,False
2008-01-09,0.44509994983673096,0.44509994983673096,2.0,0.0,False
2008-01-10,0.5041799545288086,0.5041799545288086,0.0,0.0,False
2008-01-11,0.5535041689872742,0.5535041689872742,0.0,0.0,False
2008-01-14,0.47072312235832214,0.47072312235832214,0.0,0.0,False
2008-01-15,0.5486888885498047,0.5486888885498047,2.0,0.0,False
2008-01-16,0.5849109292030334,0.5849109292030334,2.0,0.876294114379685,False
2008-01-17,0.4600059688091278,0.4600059688091278,2.0,0.0,False
2008-01-18,0.4406659007072449,0.4406659007072449,2.0,0.0,False
2008-01-22,0.5995075106620789,0.5995075106620789,2.0,0.8152536598428824,False
2008-01-23,0.5182346701622009,0.5182346701622009,2.0,0.0,False
2008-01-24,0.4488396644592285,0.4488396644592285,2.0,0.0,False
2008-01-25,0.4593723714351654,0.4593723714351654,2.0,0.0,False
2008-01-28,0.37155070900917053,0.37155070900917053,2.0,0.0,False
2008-01-29,0.34631580114364624,0.34631580114364624,2.0,0.0,False
2008-01-30,0.405110239982605,0.405110239982605,2.0,0.0,False
2008-01-31,0.48660218715667725,0.48660218715667725,2.0,0.0,False
2008-02-01,0.4700254499912262,0.4700254499912262,2.0,0.0,False
2008-02-04,0.53187495470047,0.53187495470047,2.0,0.0,False
2008-02-05,0.544669508934021,0.544669508934021,2.0,0.0,False
2008-02-06,0.5955800414085388,0.5955800414085388,2.0,0.62235484465288,False
2008-02-07,0.5683301091194153,0.5683301091194153,2.0,0.0,False
2008-02-08,0.5870718955993652,0.5870718955993652,2.0,0.6334158570373543,False
2008-02-11,0.6319465637207031,0.6319465637207031,2.0,0.6334158570373543,False
2008-02-12,0.624779224395752,0.624779224395752,2.0,0.6334158570373543,False
2008-02-13,0.5261483788490295,0.5261483788490295,2.0,0.0,False
2008-02-14,0.5629420876502991,0.5629420876502991,2.0,0.0,False
2008-02-15,0.452511191368103,0.452511191368103,1.0,0.0,False
2008-02-19,0.4309375584125519,0.4309375584125519,1.0,0.0,False
2008-02-20,0.49708113074302673,0.49708113074302673,1.0,0.0,False
2008-02-21,0.6206937432289124,0.6206937432289124,2.0,0.8038444469690467,False
2008-02-22,0.5277417898178101,0.5277417898178101,2.0,0.0,False
2008-02-25,0.5240509510040283,0.5240509510040283,1.0,0.0,False
2008-02-26,0.44209417700767517,0.44209417700767517,1.0,0.0,False
2008-02-27,0.4641188383102417,0.4641188383102417,1.0,0.0,False
2008-02-28,0.4567592442035675,0.4567592442035675,1.0,0.0,False
2008-02-29,0.501606285572052,0.501606285572052,2.0,0.0,False
2008-03-03,0.5327958464622498,0.5327958464622498,0.0,0.0,False
2008-03-04,0.6128984093666077,0.6128984093666077,0.0,0.9090210214740423,False
2008-03-05,0.623330295085907,0.623330295085907,2.0,0.9090210214740423,False
2008-03-06,0.6097464561462402,0.6097464561462402,2.0,0.9090210214740423,False
2008-03-07,0.7067439556121826,0.7067439556121826,2.0,0.9090210214740423,False
2008-03-10,0.6442510485649109,0.6442510485649109,2.0,0.9090210214740423,False
2008-03-11,0.5439587831497192,0.5439587831497192,2.0,0.0,False
2008-03-12,0.5738571882247925,0.5738571882247925,2.0,0.0,False
2008-03-13,0.5236115455627441,0.5236115455627441,2.0,0.0,False
2008-03-14,0.5569736957550049,0.5569736957550049,2.0,0.0,False
2008-03-17,0.4783605933189392,0.4783605933189392,2.0,0.0,False
2008-03-18,0.509364664554596,0.509364664554596,2.0,0.0,False
2008-03-19,0.4537643492221832,0.4537643492221832,2.0,0.0,False
2008-03-20,0.5882725119590759,0.5882725119590759,2.0,0.531044106782701,False
2008-03-24,0.5934934616088867,0.5934934616088867,2.0,0.531044106782701,False
2008-03-25,0.533832848072052,0.533832848072052,2.0,0.0,False
2008-03-26,0.5996766686439514,0.5996766686439514,2.0,0.5199320730121973,False
2008-03-27,0.46758565306663513,0.46758565306663513,2.0,0.0,False
2008-03-28,0.5564734935760498,0.5564734935760498,2.0,0.0,False
2008-03-31,0.6543517112731934,0.6543517112731934,2.0,0.5390100665018869,False
2008-04-01,0.6553595662117004,0.6553595662117004,2.0,0.5390100665018869,False
2008-04-02,0.6302227973937988,0.6302227973937988,2.0,0.5390100665018869,False
2008-04-03,0.6392549276351929,0.6392549276351929,2.0,0.5390100665018869,False
2008-04-04,0.5814945697784424,0.5814945697784424,1.0,0.5390100665018869,False
2008-04-07,0.5509859323501587,0.5509859323501587,1.0,0.0,False
2008-04-08,0.671872615814209,0.671872615814209,1.0,0.5300205145433495,False
2008-04-09,0.6822347044944763,0.6822347044944763,1.0,0.5300205145433495,False
2008-04-10,0.7166941165924072,0.7166941165924072,1.0,0.5300205145433495,False
2008-04-11,0.5839327573776245,0.5839327573776245,2.0,0.5300205145433495,False
2008-04-14,0.6148384809494019,0.6148384809494019,1.0,0.5300205145433495,False
2008-04-15,0.48423677682876587,0.48423677682876587,1.0,0.0,False
2008-04-16,0.5138870477676392,0.5138870477676392,1.0,0.0,False
2008-04-17,0.4487343728542328,0.4487343728542328,1.0,0.0,False
2008-04-18,0.4482863247394562,0.4482863247394562,1.0,0.0,False
2008-04-21,0.42733511328697205,0.42733511328697205,1.0,0.0,False
2008-04-22,0.4045318067073822,0.4045318067073822,1.0,0.0,False
2008-04-23,0.4784175753593445,0.4784175753593445,1.0,0.0,False
2008-04-24,0.484074205160141,0.484074205160141,1.0,0.0,False
2008-04-25,0.5649147033691406,0.5649147033691406,1.0,0.0,False
2008-04-28,0.639545738697052,0.639545738697052,1.0,0.8240251900302015,False
2008-04-29,0.5102618336677551,0.5102618336677551,0.0,0.0,False
2008-04-30,0.4848637878894806,0.4848637878894806,0.0,0.0,False
2008-05-01,0.5112245082855225,0.5112245082855225,1.0,0.0,False
2008-05-02,0.5222620368003845,0.5222620368003845,1.0,0.0,False
2008-05-05,0.5017735958099365,0.5017735958099365,1.0,0.0,False
2008-05-06,0.5125429034233093,0.5125429034233093,1.0,0.0,False
2008-05-07,0.5148714780807495,0.5148714780807495,1.0,0.0,False
2008-05-08,0.5740776658058167,0.5740776658058167,1.0,0.0,False
2008-05-09,0.5987626314163208,0.5987626314163208,1.0,0.9670566769649833,False
2008-05-12,0.4670863449573517,0.4670863449573517,1.0,0.0,False
2008-05-13,0.5808177590370178,0.5808177590370178,1.0,0.9539688597008908,False
2008-05-14,0.49740293622016907,0.49740293622016907,0.0,0.0,False
2008-05-15,0.45468878746032715,0.45468878746032715,0.0,0.0,False
2008-05-16,0.4911388158798218,0.4911388158798218,0.0,0.0,False
2008-05-19,0.5358849763870239,0.5358849763870239,0.0,0.0,False
2008-05-20,0.4894939661026001,0.4894939661026001,0.0,0.0,False
2008-05-21,0.5443557500839233,0.5443557500839233,0.0,0.0,False
2008-05-22,0.6252880692481995,0.6252880692481995,0.0,1.0,False
2008-05-23,0.6539257764816284,0.6539257764816284,0.0,1.0,False
2008-05-27,0.5754956603050232,0.5754956603050232,0.0,0.0,False
2008-05-28,0.5407125949859619,0.5407125949859619,0.0,0.0,False
2008-05-29,0.504824697971344,0.504824697971344,0.0,0.0,False
2008-05-30,0.47941750288009644,0.47941750288009644,0.0,0.0,False
2008-06-02,0.4568404257297516,0.4568404257297516,0.0,0.0,False
2008-06-03,0.40099456906318665,0.40099456906318665,0.0,0.0,False
2008-06-04,0.38407012820243835,0.38407012820243835,0.0,0.0,False
2008-06-05,0.36729681491851807,0.36729681491851807,0.0,0.0,False
2008-06-06,0.6005363464355469,0.6005363464355469,2.0,0.8276177435880201,False
2008-06-09,0.537385106086731,0.537385106086731,2.0,0.0,False
2008-06-10,0.45452526211738586,0.45452526211738586,0.0,0.0,False
2008-06-11,0.6040305495262146,0.6040305495262146,2.0,0.8227852166445431,False
2008-06-12,0.4931838810443878,0.4931838810443878,2.0,0.0,False
2008-06-13,0.4158647060394287,0.4158647060394287,2.0,0.0,False
2008-06-16,0.4659452438354492,0.4659452438354492,2.0,0.0,False
2008-06-17,0.43266502022743225,0.43266502022743225,2.0,0.0,False
2008-06-18,0.4979234039783478,0.4979234039783478,2.0,0.0,False
2008-06-19,0.44316235184669495,0.44316235184669495,2.0,0.0,False
2008-06-20,0.7549082040786743,0.7549082040786743,2.0,0.8213915673631955,False
2008-06-23,0.5958503484725952,0.5958503484725952,2.0,0.8213915673631955,False
2008-06-24,0.6747560501098633,0.6747560501098633,2.0,0.8213915673631955,False
2008-06-25,0.6886772513389587,0.6886772513389587,2.0,0.8213915673631955,False
2008-06-26,0.5447828769683838,0.5447828769683838,2.0,0.0,False
2008-06-27,0.5342947840690613,0.5342947840690613,2.0,0.0,False
2008-06-30,0.4994041919708252,0.4994041919708252,2.0,0.0,False
2008-07-01,0.5637468099594116,0.5637468099594116,2.0,0.0,False
2008-07-02,0.5515742301940918,0.5515742301940918,2.0,0.0,False
2008-07-03,0.6444209814071655,0.6444209814071655,2.0,0.8382919301151615,False
2008-07-07,0.4388519823551178,0.4388519823551178,2.0,0.0,False
2008-07-08,0.4041920304298401,0.4041920304298401,2.0,0.0,False
2008-07-09,0.37414097785949707,0.37414097785949707,2.0,0.0,False
2008-07-10,0.34258344769477844,0.34258344769477844,2.0,0.0,False
2008-07-11,0.3191079795360565,0.3191079795360565,2.0,0.0,False
2008-07-14,0.32766103744506836,0.32766103744506836,2.0,0.0,False
2008-07-15,0.5603472590446472,0.5603472590446472,2.0,0.0,False
2008-07-16,0.4415007531642914,0.4415007531642914,2.0,0.0,False
2008-07-17,0.4936780035495758,0.4936780035495758,2.0,0.0,False
2008-07-18,0.4610970616340637,0.4610970616340637,2.0,0.0,False
2008-07-21,0.4321754276752472,0.4321754276752472,2.0,0.0,False
2008-07-22,0.5267621874809265,0.5267621874809265,2.0,0.0,False
2008-07-23,0.5245376229286194,0.5245376229286194,2.0,0.0,False
2008-07-24,0.5690317749977112,0.5690317749977112,2.0,0.0,False
2008-07-25,0.5249441266059875,0.5249441266059875,2.0,0.0,False
2008-07-28,0.7019363045692444,0.7019363045692444,2.0,0.7467104345259887,False
2008-07-29,0.6520534157752991,0.6520534157752991,2.0,0.7467104345259887,False
2008-07-30,0.5254949331283569,0.5254949331283569,2.0,0.0,False
2008-07-31,0.5817882418632507,0.5817882418632507,2.0,0.6756815282572508,False
2008-08-01,0.5385041236877441,0.5385041236877441,2.0,0.0,False
2008-08-04,0.6023300886154175,0.6023300886154175,2.0,0.6746958111304178,False
2008-08-05,0.5134668946266174,0.5134668946266174,2.0,0.0,False
2008-08-06,0.4436508119106293,0.4436508119106293,1.0,0.0,False
2008-08-07,0.5156850218772888,0.5156850218772888,1.0,0.0,False
2008-08-08,0.53427654504776,0.53427654504776,1.0,0.0,False
2008-08-11,0.47117382287979126,0.47117382287979126,1.0,0.0,False
2008-08-12,0.5622432827949524,0.5622432827949524,1.0,0.0,False
2008-08-13,0.5632737874984741,0.5632737874984741,1.0,0.0,False
2008-08-14,0.5610564947128296,0.5610564947128296,1.0,0.0,False
2008-08-15,0.5798830389976501,0.5798830389976501,1.0,0.0,False
2008-08-18,0.6330724358558655,0.6330724358558655,1.0,0.6790781843777257,False
2008-08-19,0.6149582266807556,0.6149582266807556,2.0,0.6790781843777257,False
2008-08-20,0.5740659832954407,0.5740659832954407,2.0,0.0,False
2008-08-21,0.6415521502494812,0.6415521502494812,1.0,0.7242065004874075,False
2008-08-22,0.5417838096618652,0.5417838096618652,1.0,0.0,False
2008-08-25,0.6158192157745361,0.6158192157745361,1.0,0.6847091224999223,False
2008-08-26,0.5535557270050049,0.5535557270050049,2.0,0.0,False
2008-08-27,0.439929723739624,0.439929723739624,2.0,0.0,False
2008-08-28,0.43901577591896057,0.43901577591896057,1.0,0.0,False
2008-08-29,0.5389362573623657,0.5389362573623657,1.0,0.0,False
2008-09-02,0.43549463152885437,0.43549463152885437,1.0,0.0,False
2008-09-03,0.4217371344566345,0.4217371344566345,0.0,0.0,False
2008-09-04,0.6371346712112427,0.6371346712112427,2.0,0.740509574019569,False
2008-09-05,0.6018044948577881,0.6018044948577881,2.0,0.740509574019569,False
2008-09-08,0.5614907145500183,0.5614907145500183,2.0,0.0,False
2008-09-09,0.7106709480285645,0.7106709480285645,2.0,0.6823706385508056,False
2008-09-10,0.5943874716758728,0.5943874716758728,2.0,0.6823706385508056,False
2008-09-11,0.5209766626358032,0.5209766626358032,2.0,0.0,False
2008-09-12,0.47335928678512573,0.47335928678512573,2.0,0.0,False
2008-09-15,0.46486252546310425,0.46486252546310425,2.0,0.0,False
2008-09-16,0.4995313584804535,0.4995313584804535,2.0,0.0,False
2008-09-17,0.7449485659599304,0.7449485659599304,2.0,0.46758380087029283,False
2008-09-18,0.8174088597297668,0.8174088597297668,2.0,0.46758380087029283,False
2008-09-19,0.6904634237289429,0.6904634237289429,2.0,0.46758380087029283,False
2008-09-22,0.6576528549194336,0.6576528549194336,2.0,0.46758380087029283,False
2008-09-23,0.7428292632102966,0.7428292632102966,2.0,0.46758380087029283,False
2008-09-24,0.6125687956809998,0.6125687956809998,2.0,0.46758380087029283,False
2008-09-25,0.5167200565338135,0.5167200565338135,2.0,0.0,False
2008-09-26,0.6298027634620667,0.6298027634620667,2.0,0.397507684806331,False
2008-09-29,0.6811719536781311,0.6811719536781311,2.0,0.397507684806331,False
2008-09-30,0.7414063215255737,0.7414063215255737,2.0,0.397507684806331,False
2008-10-01,0.6968240737915039,0.6968240737915039,2.0,0.397507684806331,False
2008-10-02,0.6340707540512085,0.6340707540512085,2.0,0.397507684806331,False
2008-10-03,0.758456289768219,0.758456289768219,2.0,0.397507684806331,False
2008-10-06,0.7333641052246094,0.7333641052246094,2.0,0.29246247841603595,False
2008-10-07,0.7130059599876404,0.7130059599876404,2.0,0.29246247841603595,False
2008-10-08,0.8609169721603394,0.8609169721603394,2.0,0.29246247841603595,False
2008-10-09,0.819828987121582,0.819828987121582,2.0,0.29246247841603595,False
2008-10-10,0.8499847054481506,0.8499847054481506,2.0,0.29246247841603595,False
2008-10-13,0.8843142986297607,0.8843142986297607,2.0,0.1916482969061935,False
2008-10-14,0.8750215172767639,0.8750215172767639,2.0,0.1916482969061935,False
2008-10-15,0.8531971573829651,0.8531971573829651,2.0,0.1916482969061935,False
2008-10-16,0.8407628536224365,0.8407628536224365,2.0,0.1916482969061935,False
2008-10-17,0.8132814764976501,0.8132814764976501,2.0,0.1916482969061935,False
2008-10-20,0.6526201963424683,0.6526201963424683,2.0,0.1916482969061935,False
2008-10-21,0.6447927951812744,0.6447927951812744,2.0,0.1916482969061935,False
2008-10-22,0.6805136203765869,0.6805136203765869,2.0,0.1916482969061935,False
2008-10-23,0.7787786722183228,0.7787786722183228,2.0,0.1916482969061935,False
2008-10-24,0.7188563346862793,0.7188563346862793,2.0,0.1916482969061935,False
2008-10-27,0.722611665725708,0.722611665725708,2.0,0.1916482969061935,False
2008-10-28,0.6946802735328674,0.6946802735328674,2.0,0.1916482969061935,False
2008-10-29,0.6829745769500732,0.6829745769500732,2.0,0.1916482969061935,False
2008-10-30,0.7473642826080322,0.7473642826080322,2.0,0.1916482969061935,False
2008-10-31,0.7026568055152893,0.7026568055152893,2.0,0.1916482969061935,False
2008-11-03,0.6062789559364319,0.6062789559364319,2.0,0.1916482969061935,False
2008-11-04,0.7813361883163452,0.7813361883163452,2.0,0.1916482969061935,False
2008-11-05,0.6932735443115234,0.6932735443115234,2.0,0.1916482969061935,False
2008-11-06,0.7291682362556458,0.7291682362556458,2.0,0.1916482969061935,False
2008-11-07,0.8600887656211853,0.8600887656211853,2.0,0.1916482969061935,False
2008-11-10,0.7811886072158813,0.7811886072158813,2.0,0.1916482969061935,False
2008-11-11,0.7815720438957214,0.7815720438957214,2.0,0.1916482969061935,False
2008-11-12,0.661198079586029,0.661198079586029,2.0,0.1916482969061935,False
2008-11-13,0.7243842482566833,0.7243842482566833,2.0,0.1916482969061935,False
2008-11-14,0.6848923563957214,0.6848923563957214,2.0,0.1916482969061935,False
2008-11-17,0.7187532782554626,0.7187532782554626,2.0,0.1916482969061935,False
2008-11-18,0.6494196653366089,0.6494196653366089,2.0,0.1916482969061935,False
2008-11-19,0.6330127120018005,0.6330127120018005,2.0,0.1916482969061935,False
2008-11-20,0.7314531803131104,0.7314531803131104,2.0,0.1916482969061935,False
2008-11-21,0.7077451348304749,0.7077451348304749,2.0,0.1916482969061935,False
2008-11-24,0.7539626955986023,0.7539626955986023,2.0,0.1916482969061935,False
2008-11-25,0.5810362696647644,0.5810362696647644,2.0,0.1916482969061935,False
2008-11-26,0.7577980160713196,0.7577980160713196,2.0,0.1916482969061935,False
2008-11-28,0.6313878297805786,0.6313878297805786,2.0,0.1916482969061935,False
2008-12-01,0.696183443069458,0.696183443069458,2.0,0.1916482969061935,True
2008-12-02,0.7514239549636841,0.7514239549636841,2.0,0.1916482969061935,True
2008-12-03,0.7384039759635925,0.7384039759635925,2.0,0.1916482969061935,True
2008-12-04,0.7486532926559448,0.7486532926559448,2.0,0.1916482969061935,True
2008-12-05,0.8082060217857361,0.8082060217857361,2.0,0.1916482969061935,True
2008-12-08,0.7161821126937866,0.7161821126937866,2.0,0.1916482969061935,True
2008-12-09,0.6342523097991943,0.6342523097991943,2.0,0.1916482969061935,True
2008-12-10,0.6372063159942627,0.6372063159942627,2.0,0.1916482969061935,True
2008-12-11,0.6893807649612427,0.6893807649612427,2.0,0.1916482969061935,True
2008-12-12,0.5583370923995972,0.5583370923995972,2.0,0.0,True
2008-12-15,0.7354937791824341,0.7354937791824341,2.0,0.22548625154665974,True
2008-12-16,0.4934929311275482,0.4934929311275482,2.0,0.0,True
2008-12-17,0.5522142052650452,0.5522142052650452,2.0,0.0,True
2008-12-18,0.5247491002082825,0.5247491002082825,2.0,0.0,True
2008-12-19,0.4895206391811371,0.4895206391811371,1.0,0.0,True
2008-12-22,0.46384739875793457,0.46384739875793457,1.0,0.0,True
2008-12-23,0.6766663193702698,0.6766663193702698,2.0,0.3032136513201876,True
2008-12-24,0.6961537599563599,0.6961537599563599,2.0,0.3032136513201876,True
2008-12-26,0.7811648845672607,0.7811648845672607,2.0,0.3032136513201876,True
2008-12-29,0.7067400217056274,0.7067400217056274,2.0,0.3032136513201876,True
2008-12-30,0.45694464445114136,0.45694464445114136,1.0,0.0,True
2008-12-31,0.4739671051502228,0.4739671051502228,1.0,0.0,True
2009-01-02,0.6009300351142883,0.6009300351142883,1.0,0.45058630819224343,True
2009-01-05,0.39307349920272827,0.39307349920272827,1.0,0.0,True
2009-01-06,0.5156739950180054,0.5156739950180054,1.0,0.0,True
2009-01-07,0.5493632555007935,0.5493632555007935,2.0,0.0,True
2009-01-08,0.6420061588287354,0.6420061588287354,2.0,0.5077718070844862,True
2009-01-09,0.6302825212478638,0.6302825212478638,2.0,0.5077718070844862,True
2009-01-12,0.6643012762069702,0.6643012762069702,2.0,0.5077718070844862,True
2009-01-13,0.6312041282653809,0.6312041282653809,2.0,0.5077718070844862,True
2009-01-14,0.6833380460739136,0.6833380460739136,2.0,0.5077718070844862,True
2009-01-15,0.5621852278709412,0.5621852278709412,2.0,0.0,True
2009-01-16,0.5847080945968628,0.5847080945968628,2.0,0.5669486568000386,True
2009-01-20,0.462743878364563,0.462743878364563,2.0,0.0,True
2009-01-21,0.6252102255821228,0.6252102255821228,2.0,0.4197385270729412,True
2009-01-22,0.5245962738990784,0.5245962738990784,2.0,0.0,True
2009-01-23,0.4905601441860199,0.4905601441860199,2.0,0.0,True
2009-01-26,0.5034400224685669,0.5034400224685669,2.0,0.0,True
2009-01-27,0.30881568789482117,0.30881568789482117,2.0,0.0,True
2009-01-28,0.42011183500289917,0.42011183500289917,2.0,0.0,True
2009-01-29,0.4053085446357727,0.4053085446357727,2.0,0.0,True
2009-01-30,0.5126134753227234,0.5126134753227234,2.0,0.0,True
2009-02-02,0.5707434415817261,0.5707434415817261,2.0,0.0,True
2009-02-03,0.561315655708313,0.561315655708313,2.0,0.0,True
2009-02-04,0.686580240726471,0.686580240726471,2.0,0.4056050548269656,True
2009-02-05,0.6068291068077087,0.6068291068077087,2.0,0.4056050548269656,True
2009-02-06,0.4857245087623596,0.4857245087623596,2.0,0.0,True
2009-02-09,0.3780216574668884,0.3780216574668884,2.0,0.0,True
2009-02-10,0.532721996307373,0.532721996307373,2.0,0.0,True
2009-02-11,0.5019187927246094,0.5019187927246094,2.0,0.0,True
2009-02-12,0.5668533444404602,0.5668533444404602,2.0,0.0,True
2009-02-13,0.7156646847724915,0.7156646847724915,2.0,0.3884635478416327,True
2009-02-17,0.5872127413749695,0.5872127413749695,2.0,0.3884635478416327,True
2009-02-18,0.6598222851753235,0.6598222851753235,2.0,0.3884635478416327,True
2009-02-19,0.6961709260940552,0.6961709260940552,1.0,0.3884635478416327,True
2009-02-20,0.6586626768112183,0.6586626768112183,2.0,0.3884635478416327,True
2009-02-23,0.5786577463150024,0.5786577463150024,2.0,0.0,True
2009-02-24,0.5327324271202087,0.5327324271202087,2.0,0.0,True
2009-02-25,0.4387739300727844,0.4387739300727844,2.0,0.0,True
2009-02-26,0.6246300339698792,0.6246300339698792,2.0,0.43174563998414545,True
2009-02-27,0.6044384241104126,0.6044384241104126,2.0,0.43174563998414545,True
2009-03-02,0.6063530445098877,0.6063530445098877,2.0,0.43174563998414545,True
2009-03-03,0.7099993228912354,0.7099993228912354,2.0,0.43174563998414545,True
2009-03-04,0.7675997614860535,0.7675997614860535,2.0,0.43174563998414545,True
2009-03-05,0.6764373183250427,0.6764373183250427,2.0,0.43174563998414545,True
2009-03-06,0.6824742555618286,0.6824742555618286,2.0,0.43174563998414545,True
2009-03-09,0.7526628971099854,0.7526628971099854,2.0,0.43174563998414545,True
2009-03-10,0.6105068325996399,0.6105068325996399,2.0,0.43174563998414545,True
2009-03-11,0.5059698820114136,0.5059698820114136,2.0,0.0,True
2009-03-12,0.6526053547859192,0.6526053547859192,2.0,0.3378450982852441,True
2009-03-13,0.5542784929275513,0.5542784929275513,2.0,0.0,True
2009-03-16,0.6115461587905884,0.6115461587905884,2.0,0.3369084992831354,True
2009-03-17,0.5396397113800049,0.5396397113800049,2.0,0.0,True
2009-03-18,0.5980309247970581,0.5980309247970581,2.0,0.3380532936082822,True
2009-03-19,0.5933591723442078,0.5933591723442078,2.0,0.3380532936082822,True
2009-03-20,0.6242357492446899,0.6242357492446899,2.0,0.3380532936082822,True
2009-03-23,0.44685882329940796,0.44685882329940796,2.0,0.0,True
2009-03-24,0.5585777759552002,0.5585777759552002,2.0,0.0,True
2009-03-25,0.6265775561332703,0.6265775561332703,2.0,0.30815289153075676,True
2009-03-26,0.5185414552688599,0.5185414552688599,2.0,0.0,True
2009-03-27,0.5689140558242798,0.5689140558242798,2.0,0.0,True
2009-03-30,0.5098697543144226,0.5098697543144226,2.0,0.0,True
2009-03-31,0.5186392068862915,0.5186392068862915,2.0,0.0,True
2009-04-01,0.5322737097740173,0.5322737097740173,2.0,0.0,True
2009-04-02,0.5975989103317261,0.5975989103317261,2.0,0.3462567513942231,True
2009-04-03,0.3647260367870331,0.3647260367870331,2.0,0.0,True
2009-04-06,0.44929933547973633,0.44929933547973633,2.0,0.0,True
2009-04-07,0.5496970415115356,0.5496970415115356,2.0,0.0,True
2009-04-08,0.40749308466911316,0.40749308466911316,2.0,0.0,True
2009-04-09,0.24525271356105804,0.24525271356105804,2.0,0.0,True
2009-04-13,0.3086356520652771,0.3086356520652771,2.0,0.0,True
2009-04-14,0.3570784330368042,0.3570784330368042,2.0,0.0,True
2009-04-15,0.24974170327186584,0.24974170327186584,2.0,0.0,True
2009-04-16,0.32065436244010925,0.32065436244010925,2.0,0.0,True
2009-04-17,0.27899104356765747,0.27899104356765747,2.0,0.0,True
2009-04-20,0.6135144829750061,0.6135144829750061,2.0,0.35679175585016204,True
2009-04-21,0.5588483214378357,0.5588483214378357,2.0,0.0,True
2009-04-22,0.7265706062316895,0.7265706062316895,2.0,0.4474306929719462,True
2009-04-23,0.6718444228172302,0.6718444228172302,2.0,0.4474306929719462,True
2009-04-24,0.6606084108352661,0.6606084108352661,2.0,0.4474306929719462,True
2009-04-27,0.5634471774101257,0.5634471774101257,2.0,0.0,True
2009-04-28,0.4792380630970001,0.4792380630970001,2.0,0.0,True
2009-04-29,0.3283422589302063,0.3283422589302063,2.0,0.0,True
2009-04-30,0.35934528708457947,0.35934528708457947,2.0,0.0,True
2009-05-01,0.5184739232063293,0.5184739232063293,2.0,0.0,True
2009-05-04,0.4683368504047394,0.4683368504047394,2.0,0.0,True
2009-05-05,0.33403876423835754,0.33403876423835754,2.0,0.0,True
2009-05-06,0.39847084879875183,0.39847084879875183,2.0,0.0,True
2009-05-07,0.5095579624176025,0.5095579624176025,2.0,0.0,True
2009-05-08,0.5081402063369751,0.5081402063369751,2.0,0.0,True
2009-05-11,0.5957159996032715,0.5957159996032715,2.0,0.5272146173277906,True
2009-05-12,0.4452682435512543,0.4452682435512543,2.0,0.0,True
2009-05-13,0.8367395997047424,0.8367395997047424,2.0,0.5128547412020622,True
2009-05-14,0.733769953250885,0.733769953250885,2.0,0.5128547412020622,True
2009-05-15,0.7753490209579468,0.7753490209579468,2.0,0.5128547412020622,True
2009-05-18,0.6127212047576904,0.6127212047576904,1.0,0.5128547412020622,True
2009-05-19,0.5665678977966309,0.5665678977966309,1.0,0.0,True
2009-05-20,0.5713515877723694,0.5713515877723694,1.0,0.0,True
2009-05-21,0.7396507859230042,0.7396507859230042,1.0,0.5767529575517926,True
2009-05-22,0.655830979347229,0.655830979347229,1.0,0.5767529575517926,True
2009-05-26,0.6902345418930054,0.6902345418930054,1.0,0.5767529575517926,True
2009-05-27,0.7881016731262207,0.7881016731262207,1.0,0.5767529575517926,True
2009-05-28,0.6462016105651855,0.6462016105651855,1.0,0.5767529575517926,True
2009-05-29,0.6017772555351257,0.6017772555351257,1.0,0.5767529575517926,True
2009-06-01,0.43442919850349426,0.43442919850349426,2.0,0.0,True
2009-06-02,0.5109531283378601,0.5109531283378601,1.0,0.0,True
2009-06-03,0.5770564079284668,0.5770564079284668,1.0,0.0,True
2009-06-04,0.5140446424484253,0.5140446424484253,2.0,0.0,True
2009-06-05,0.5070371627807617,0.5070371627807617,1.0,0.0,True
2009-06-08,0.6809351444244385,0.6809351444244385,1.0,0.6125982823310943,True
2009-06-09,0.6634659171104431,0.6634659171104431,1.0,0.6125982823310943,True
2009-06-10,0.6871891021728516,0.6871891021728516,1.0,0.6125982823310943,True
2009-06-11,0.6390949487686157,0.6390949487686157,1.0,0.6125982823310943,True
2009-06-12,0.6526383757591248,0.6526383757591248,1.0,0.714030485248919,True
2009-06-15,0.7507544159889221,0.7507544159889221,1.0,0.714030485248919,True
2009-06-16,0.7318392992019653,0.7318392992019653,1.0,0.714030485248919,True
2009-06-17,0.6843172311782837,0.6843172311782837,1.0,0.714030485248919,True
2009-06-18,0.7072231769561768,0.7072231769561768,1.0,0.714030485248919,True
2009-06-19,0.6866220235824585,0.6866220235824585,1.0,0.714030485248919,True
2009-06-22,0.7132596969604492,0.7132596969604492,1.0,0.714030485248919,True
2009-06-23,0.5231083631515503,0.5231083631515503,1.0,0.0,True
2009-06-24,0.5840374827384949,0.5840374827384949,1.0,0.7322166626105694,True
2009-06-25,0.5677688121795654,0.5677688121795654,1.0,0.0,True
2009-06-26,0.46028047800064087,0.46028047800064087,1.0,0.0,True
2009-06-29,0.3077714741230011,0.3077714741230011,1.0,0.0,True
2009-06-30,0.33315470814704895,0.33315470814704895,1.0,0.0,True
2009-07-01,0.37872114777565,0.37872114777565,1.0,0.0,True
2009-07-02,0.5271747708320618,0.5271747708320618,1.0,0.0,True
2009-07-06,0.4829961657524109,0.4829961657524109,1.0,0.0,True
2009-07-07,0.6910791397094727,0.6910791397094727,1.0,0.7058711521173185,True
2009-07-08,0.5273258686065674,0.5273258686065674,1.0,0.0,True
2009-07-09,0.611135721206665,0.611135721206665,1.0,0.709644832860531,True
2009-07-10,0.6075236201286316,0.6075236201286316,1.0,0.709644832860531,True
2009-07-13,0.5542736649513245,0.5542736649513245,1.0,0.0,True
2009-07-14,0.3830346465110779,0.3830346465110779,1.0,0.0,True
2009-07-15,0.5228196382522583,0.5228196382522583,1.0,0.0,True
2009-07-16,0.49728021025657654,0.49728021025657654,1.0,0.0,True
2009-07-17,0.5449352860450745,0.5449352860450745,1.0,0.0,True
2009-07-20,0.5861836671829224,0.5861836671829224,1.0,0.6204417318706014,True
2009-07-21,0.5863193869590759,0.5863193869590759,1.0,0.6204417318706014,True
2009-07-22,0.6034013032913208,0.6034013032913208,1.0,0.6204417318706014,True
2009-07-23,0.5662251114845276,0.5662251114845276,1.0,0.0,True
2009-07-24,0.6444177627563477,0.6444177627563477,1.0,0.7128293736259955,True
2009-07-27,0.5613646507263184,0.5613646507263184,1.0,0.0,True
2009-07-28,0.6054028868675232,0.6054028868675232,1.0,0.7141800928750475,True
2009-07-29,0.5904603600502014,0.5904603600502014,1.0,0.7141800928750475,True
2009-07-30,0.6107510328292847,0.6107510328292847,1.0,0.7141800928750475,True
2009-07-31,0.4864409565925598,0.4864409565925598,1.0,0.0,True
2009-08-03,0.3997664451599121,0.3997664451599121,1.0,0.0,True
2009-08-04,0.4052937626838684,0.4052937626838684,2.0,0.0,True
2009-08-05,0.3724615275859833,0.3724615275859833,2.0,0.0,True
2009-08-06,0.34819933772087097,0.34819933772087097,2.0,0.0,True
2009-08-07,0.2566211521625519,0.2566211521625519,2.0,0.0,True
2009-08-10,0.3536377549171448,0.3536377549171448,1.0,0.0,True
2009-08-11,0.6730977296829224,0.6730977296829224,1.0,0.9353876084070348,True
2009-08-12,0.4901309609413147,0.4901309609413147,1.0,0.0,True
2009-08-13,0.3897983133792877,0.3897983133792877,1.0,0.0,True
2009-08-14,0.6883151531219482,0.6883151531219482,1.0,1.0,True
2009-08-17,0.7455543875694275,0.7455543875694275,1.0,0.8988620327129008,True
2009-08-18,0.6776047945022583,0.6776047945022583,1.0,0.8988620327129008,True
2009-08-19,0.7402521967887878,0.7402521967887878,1.0,0.8988620327129008,True
2009-08-20,0.6391199827194214,0.6391199827194214,1.0,0.8988620327129008,True
2009-08-21,0.5508058071136475,0.5508058071136475,1.0,0.0,True
2009-08-24,0.655057430267334,0.655057430267334,1.0,0.8896823793430668,True
2009-08-25,0.651929497718811,0.651929497718811,1.0,0.8896823793430668,True
2009-08-26,0.7007830739021301,0.7007830739021301,1.0,0.8896823793430668,True
2009-08-27,0.749091625213623,0.749091625213623,1.0,0.8896823793430668,True
2009-08-28,0.7145435214042664,0.7145435214042664,1.0,0.8896823793430668,True
2009-08-31,0.7338613271713257,0.7338613271713257,1.0,0.8896823793430668,True
2009-09-01,0.78205806016922,0.78205806016922,1.0,0.8896823793430668,True
2009-09-02,0.8043965697288513,0.8043965697288513,1.0,0.8896823793430668,True
2009-09-03,0.7477181553840637,0.7477181553840637,1.0,0.8896823793430668,True
2009-09-04,0.6732879877090454,0.6732879877090454,1.0,0.8896823793430668,True
2009-09-08,0.49126309156417847,0.49126309156417847,1.0,0.0,True
2009-09-09,0.5260794758796692,0.5260794758796692,1.0,0.0,True
2009-09-10,0.46469709277153015,0.46469709277153015,1.0,0.0,True
2009-09-11,0.5496116876602173,0.5496116876602173,1.0,0.0,True
2009-09-14,0.4899042546749115,0.4899042546749115,1.0,0.0,True
2009-09-15,0.371677428483963,0.371677428483963,1.0,0.0,True
2009-09-16,0.3446430563926697,0.3446430563926697,1.0,0.0,True
2009-09-17,0.4461491107940674,0.4461491107940674,1.0,0.0,True
2009-09-18,0.590378999710083,0.590378999710083,1.0,1.0,True
2009-09-21,0.583906352519989,0.583906352519989,1.0,1.0,True
2009-09-22,0.5661678910255432,0.5661678910255432,1.0,0.0,True
2009-09-23,0.5545433163642883,0.5545433163642883,1.0,0.0,True
2009-09-24,0.5479826927185059,0.5479826927185059,1.0,0.0,True
2009-09-25,0.49620527029037476,0.49620527029037476,1.0,0.0,True
2009-09-28,0.5829589366912842,0.5829589366912842,1.0,0.9502125777387764,True
2009-09-29,0.6102277040481567,0.6102277040481567,1.0,0.9502125777387764,True
2009-09-30,0.5022335648536682,0.5022335648536682,1.0,0.0,True
2009-10-01,0.5597274303436279,0.5597274303436279,1.0,0.0,True
2009-10-02,0.5356500148773193,0.5356500148773193,1.0,0.0,True
2009-10-05,0.5049663186073303,0.5049663186073303,1.0,0.0,True
2009-10-06,0.3653159439563751,0.3653159439563751,1.0,0.0,True
2009-10-07,0.4275551438331604,0.4275551438331604,1.0,0.0,True
2009-10-08,0.4206559956073761,0.4206559956073761,1.0,0.0,True
2009-10-09,0.49097853899002075,0.49097853899002075,1.0,0.0,True
2009-10-12,0.547659158706665,0.547659158706665,1.0,0.0,True
2009-10-13,0.5377897620201111,0.5377897620201111,1.0,0.0,True
2009-10-14,0.529646635055542,0.529646635055542,1.0,0.0,True
2009-10-15,0.5811647772789001,0.5811647772789001,1.0,0.9076245927618709,True
2009-10-16,0.43508970737457275,0.43508970737457275,1.0,0.0,True
2009-10-19,0.49127694964408875,0.49127694964408875,1.0,0.0,True
2009-10-20,0.4407481551170349,0.4407481551170349,1.0,0.0,True
2009-10-21,0.5325050950050354,0.5325050950050354,1.0,0.0,True
2009-10-22,0.512012779712677,0.512012779712677,1.0,0.0,True
2009-10-23,0.5906338095664978,0.5906338095664978,1.0,0.8689151872166343,True
2009-10-26,0.5481634140014648,0.5481634140014648,1.0,0.0,True
2009-10-27,0.5001283884048462,0.5001283884048462,1.0,0.0,True
2009-10-28,0.6222386956214905,0.6222386956214905,1.0,0.8313302463397974,True
2009-10-29,0.5075085759162903,0.5075085759162903,1.0,0.0,True
2009-10-30,0.7015687823295593,0.7015687823295593,1.0,0.7379880183673518,True
2009-11-02,0.5603964328765869,0.5603964328765869,1.0,0.0,True
2009-11-03,0.5802097916603088,0.5802097916603088,1.0,0.7846337143323164,True
2009-11-04,0.4585268795490265,0.4585268795490265,1.0,0.0,True
2009-11-05,0.4264204502105713,0.4264204502105713,1.0,0.0,True
2009-11-06,0.34424230456352234,0.34424230456352234,1.0,0.0,True
2009-11-09,0.5139583349227905,0.5139583349227905,1.0,0.0,True
2009-11-10,0.5119616985321045,0.5119616985321045,1.0,0.0,True
2009-11-11,0.46121957898139954,0.46121957898139954,1.0,0.0,True
2009-11-12,0.4764210879802704,0.4764210879802704,1.0,0.0,True
2009-11-13,0.44502800703048706,0.44502800703048706,1.0,0.0,True
2009-11-16,0.48751407861709595,0.48751407861709595,1.0,0.0,True
2009-11-17,0.601778507232666,0.601778507232666,1.0,0.7071751919426844,True
2009-11-18,0.6036481261253357,0.6036481261253357,1.0,0.7071751919426844,True
2009-11-19,0.49320632219314575,0.49320632219314575,1.0,0.0,True
2009-11-20,0.57009357213974,0.57009357213974,1.0,0.0,True
2009-11-23,0.5983570218086243,0.5983570218086243,1.0,0.7218032656095009,True
2009-11-24,0.5576716661453247,0.5576716661453247,1.0,0.0,True
2009-11-25,0.49396806955337524,0.49396806955337524,1.0,0.0,True
2009-11-27,0.5448253154754639,0.5448253154754639,1.0,0.0,True
2009-11-30,0.4620588421821594,0.4620588421821594,1.0,0.0,True
2009-12-01,0.4429894685745239,0.4429894685745239,1.0,0.0,True
2009-12-02,0.45706239342689514,0.45706239342689514,1.0,0.0,True
2009-12-03,0.5195701718330383,0.5195701718330383,1.0,0.0,True
2009-12-04,0.4446796774864197,0.4446796774864197,1.0,0.0,True
2009-12-07,0.47902733087539673,0.47902733087539673,1.0,0.0,True
2009-12-08,0.4571865200996399,0.4571865200996399,0.0,0.0,True
2009-12-09,0.5282403826713562,0.5282403826713562,0.0,0.0,True
2009-12-10,0.5002152323722839,0.5002152323722839,0.0,0.0,True
2009-12-11,0.46505242586135864,0.46505242586135864,0.0,0.0,True
2009-12-14,0.42813366651535034,0.42813366651535034,0.0,0.0,True
2009-12-15,0.407936155796051,0.407936155796051,0.0,0.0,True
2009-12-16,0.3953256607055664,0.3953256607055664,0.0,0.0,True
2009-12-17,0.5101839303970337,0.5101839303970337,0.0,0.0,True
2009-12-18,0.5383853912353516,0.5383853912353516,0.0,0.0,True
2009-12-21,0.4657033383846283,0.4657033383846283,0.0,0.0,True
2009-12-22,0.44815292954444885,0.44815292954444885,0.0,0.0,True
2009-12-23,0.4478625953197479,0.4478625953197479,0.0,0.0,True
2009-12-24,0.5409378409385681,0.5409378409385681,0.0,0.0,True
2009-12-28,0.4976188540458679,0.4976188540458679,0.0,0.0,True
2009-12-29,0.49127665162086487,0.49127665162086487,0.0,0.0,True
2009-12-30,0.526264488697052,0.526264488697052,0.0,0.0,True
2009-12-31,0.6211467981338501,0.6211467981338501,0.0,1.0,True
2010-01-04,0.5227478742599487,0.5227478742599487,0.0,0.0,True
2010-01-05,0.5225322842597961,0.5225322842597961,0.0,0.0,True
2010-01-06,0.5100864171981812,0.5100864171981812,0.0,0.0,True
2010-01-07,0.6010648608207703,0.6010648608207703,0.0,1.0,True
2010-01-08,0.6355322599411011,0.6355322599411011,0.0,1.0,True
2010-01-11,0.588024914264679,0.588024914264679,0.0,1.0,True
2010-01-12,0.5840655565261841,0.5840655565261841,0.0,1.0,True
2010-01-13,0.5223626494407654,0.5223626494407654,0.0,0.0,True
2010-01-14,0.565300703048706,0.565300703048706,0.0,0.0,True
2010-01-15,0.647815465927124,0.647815465927124,0.0,1.0,True
2010-01-19,0.5218087434768677,0.5218087434768677,0.0,0.0,True
2010-01-20,0.5604496002197266,0.5604496002197266,0.0,0.0,True
2010-01-21,0.5918444395065308,0.5918444395065308,0.0,1.0,True
2010-01-22,0.649827241897583,0.649827241897583,1.0,1.0,True
2010-01-25,0.6473568677902222,0.6473568677902222,1.0,1.0,True
2010-01-26,0.48859015107154846,0.48859015107154846,1.0,0.0,True
2010-01-27,0.4686039090156555,0.4686039090156555,1.0,0.0,True
2010-01-28,0.5054388642311096,0.5054388642311096,1.0,0.0,True
2010-01-29,0.5083295106887817,0.5083295106887817,1.0,0.0,True
2010-02-01,0.44033974409103394,0.44033974409103394,1.0,0.0,True
2010-02-02,0.28170907497406006,0.28170907497406006,1.0,0.0,True
2010-02-03,0.3041429817676544,0.3041429817676544,1.0,0.0,True
2010-02-04,0.5229442119598389,0.5229442119598389,1.0,0.0,True
2010-02-05,0.4931950271129608,0.4931950271129608,1.0,0.0,True
2010-02-08,0.5397504568099976,0.5397504568099976,1.0,0.0,True
2010-02-09,0.5726777911186218,0.5726777911186218,1.0,0.0,True
2010-02-10,0.5963600277900696,0.5963600277900696,1.0,0.7447133942301035,True
2010-02-11,0.5427095293998718,0.5427095293998718,1.0,0.0,True
2010-02-12,0.5696779489517212,0.5696779489517212,1.0,0.0,True
2010-02-16,0.4725343883037567,0.4725343883037567,1.0,0.0,True
2010-02-17,0.49622204899787903,0.49622204899787903,1.0,0.0,True
2010-02-18,0.6031501889228821,0.6031501889228821,1.0,0.7337747044361353,True
2010-02-19,0.5427452921867371,0.5427452921867371,1.0,0.0,True
2010-02-22,0.40419697761535645,0.40419697761535645,1.0,0.0,True
2010-02-23,0.44196948409080505,0.44196948409080505,1.0,0.0,True
2010-02-24,0.4665394127368927,0.4665394127368927,1.0,0.0,True
2010-02-25,0.434137225151062,0.434137225151062,1.0,0.0,True
2010-02-26,0.4336894452571869,0.4336894452571869,1.0,0.0,True
2010-03-01,0.4086797535419464,0.4086797535419464,1.0,0.0,True
2010-03-02,0.5042610168457031,0.5042610168457031,1.0,0.0,True
2010-03-03,0.5976001620292664,0.5976001620292664,1.0,0.9329906775980983,True
2010-03-04,0.6307039856910706,0.6307039856910706,1.0,0.9329906775980983,True
2010-03-05,0.6123172640800476,0.6123172640800476,1.0,0.9329906775980983,True
2010-03-08,0.5554978251457214,0.5554978251457214,1.0,0.0,True
2010-03-09,0.5942350625991821,0.5942350625991821,1.0,1.0,True
2010-03-10,0.6260659098625183,0.6260659098625183,1.0,1.0,True
2010-03-11,0.5844647884368896,0.5844647884368896,1.0,1.0,True
2010-03-12,0.6587969660758972,0.6587969660758972,1.0,1.0,True
2010-03-15,0.564660370349884,0.564660370349884,1.0,0.0,True
2010-03-16,0.4858982563018799,0.4858982563018799,0.0,0.0,True
2010-03-17,0.49861738085746765,0.49861738085746765,0.0,0.0,True
2010-03-18,0.5551007986068726,0.5551007986068726,0.0,0.0,True
2010-03-19,0.6429346799850464,0.6429346799850464,0.0,1.0,True
2010-03-22,0.6382341980934143,0.6382341980934143,0.0,1.0,True
2010-03-23,0.5004238486289978,0.5004238486289978,0.0,0.0,True
2010-03-24,0.6369990706443787,0.6369990706443787,0.0,1.0,True
2010-03-25,0.6301328539848328,0.6301328539848328,0.0,1.0,True
2010-03-26,0.6442471146583557,0.6442471146583557,0.0,1.0,True
2010-03-29,0.5386881232261658,0.5386881232261658,0.0,0.0,True
2010-03-30,0.6587667465209961,0.6587667465209961,0.0,1.0,True
2010-03-31,0.6647164225578308,0.6647164225578308,0.0,1.0,True
2010-04-01,0.5205181837081909,0.5205181837081909,0.0,0.0,True
2010-04-05,0.5908151865005493,0.5908151865005493,0.0,1.0,True
2010-04-06,0.6008330583572388,0.6008330583572388,0.0,1.0,True
2010-04-07,0.6261717081069946,0.6261717081069946,0.0,1.0,True
2010-04-08,0.6720654368400574,0.6720654368400574,0.0,1.0,True
2010-04-09,0.6234328150749207,0.6234328150749207,0.0,1.0,True
2010-04-12,0.605950117111206,0.605950117111206,0.0,1.0,True
2010-04-13,0.6518407464027405,0.6518407464027405,0.0,1.0,True
2010-04-14,0.5102390050888062,0.5102390050888062,0.0,0.0,True
2010-04-15,0.5166750550270081,0.5166750550270081,1.0,0.0,True
2010-04-16,0.7537124156951904,0.7537124156951904,0.0,1.0,True
2010-04-19,0.7137773036956787,0.7137773036956787,0.0,1.0,True
2010-04-20,0.6107556223869324,0.6107556223869324,0.0,1.0,True
2010-04-21,0.6706526279449463,0.6706526279449463,0.0,1.0,True
2010-04-22,0.6975928544998169,0.6975928544998169,0.0,1.0,True
2010-04-23,0.5070042014122009,0.5070042014122009,0.0,0.0,True
2010-04-26,0.5526787638664246,0.5526787638664246,0.0,0.0,True
2010-04-27,0.5227824449539185,0.5227824449539185,0.0,0.0,True
2010-04-28,0.5619255900382996,0.5619255900382996,0.0,0.0,True
2010-04-29,0.5440129041671753,0.5440129041671753,1.0,0.0,True
2010-04-30,0.6240418553352356,0.6240418553352356,1.0,0.9810513034815678,True
2010-05-03,0.5934684872627258,0.5934684872627258,1.0,0.9810513034815678,True
2010-05-04,0.5866198539733887,0.5866198539733887,1.0,0.8391279906504039,True
2010-05-05,0.541252851486206,0.541252851486206,1.0,0.0,True
2010-05-06,0.6464214324951172,0.6464214324951172,1.0,0.7071892038534424,True
2010-05-07,0.6715918183326721,0.6715918183326721,1.0,0.7071892038534424,True
2010-05-10,0.5899375081062317,0.5899375081062317,1.0,0.551023191728131,True
2010-05-11,0.5535208582878113,0.5535208582878113,1.0,0.0,True
2010-05-12,0.3444891571998596,0.3444891571998596,1.0,0.0,True
2010-05-13,0.40122881531715393,0.40122881531715393,1.0,0.0,True
2010-05-14,0.4174191951751709,0.4174191951751709,1.0,0.0,True
2010-05-17,0.4852108061313629,0.4852108061313629,1.0,0.0,True
2010-05-18,0.5694823265075684,0.5694823265075684,1.0,0.0,True
2010-05-19,0.6519812941551208,0.6519812941551208,1.0,0.5418737553486699,True
2010-05-20,0.572269856929779,0.572269856929779,1.0,0.0,True
2010-05-21,0.6347590684890747,0.6347590684890747,2.0,0.48980776156386835,True
2010-05-24,0.5595797300338745,0.5595797300338745,2.0,0.0,True
2010-05-25,0.4894714057445526,0.4894714057445526,1.0,0.0,True
2010-05-26,0.37608715891838074,0.37608715891838074,1.0,0.0,True
2010-05-27,0.4481433928012848,0.4481433928012848,2.0,0.0,True
2010-05-28,0.47666671872138977,0.47666671872138977,1.0,0.0,True
2010-06-01,0.4943297505378723,0.4943297505378723,2.0,0.0,True
2010-06-02,0.3900277614593506,0.3900277614593506,2.0,0.0,True
2010-06-03,0.39692196249961853,0.39692196249961853,2.0,0.0,True
2010-06-04,0.5382673144340515,0.5382673144340515,2.0,0.0,True
2010-06-07,0.526165246963501,0.526165246963501,2.0,0.0,True
2010-06-08,0.4640361964702606,0.4640361964702606,1.0,0.0,True
2010-06-09,0.5374946594238281,0.5374946594238281,1.0,0.0,True
2010-06-10,0.6803843379020691,0.6803843379020691,1.0,0.4944777804467439,True
2010-06-11,0.48212453722953796,0.48212453722953796,1.0,0.0,True
2010-06-14,0.4984781742095947,0.4984781742095947,1.0,0.0,True
2010-06-15,0.46480250358581543,0.46480250358581543,1.0,0.0,True
2010-06-16,0.44092267751693726,0.44092267751693726,1.0,0.0,True
2010-06-17,0.4819042682647705,0.4819042682647705,1.0,0.0,True
2010-06-18,0.4735903739929199,0.4735903739929199,2.0,0.0,True
2010-06-21,0.46582716703414917,0.46582716703414917,1.0,0.0,True
2010-06-22,0.6796690821647644,0.6796690821647644,2.0,0.5566470407473674,True
2010-06-23,0.6201192736625671,0.6201192736625671,1.0,0.5566470407473674,True
2010-06-24,0.6409977078437805,0.6409977078437805,2.0,0.5566470407473674,True
2010-06-25,0.5755352973937988,0.5755352973937988,1.0,0.0,True
2010-06-28,0.5977510809898376,0.5977510809898376,1.0,0.6143369820270765,True
2010-06-29,0.511637806892395,0.511637806892395,1.0,0.0,True
2010-06-30,0.4516204595565796,0.4516204595565796,1.0,0.0,True
2010-07-01,0.3669911324977875,0.3669911324977875,1.0,0.0,True
2010-07-02,0.33554375171661377,0.33554375171661377,1.0,0.0,True
2010-07-06,0.46505147218704224,0.46505147218704224,1.0,0.0,True
2010-07-07,0.4821907579898834,0.4821907579898834,1.0,0.0,True
2010-07-08,0.40626150369644165,0.40626150369644165,1.0,0.0,True
2010-07-09,0.46523573994636536,0.46523573994636536,1.0,0.0,True
2010-07-12,0.4483371078968048,0.4483371078968048,1.0,0.0,True
2010-07-13,0.5124102234840393,0.5124102234840393,1.0,0.0,True
2010-07-14,0.6172811985015869,0.6172811985015869,1.0,0.7403254864011375,True
2010-07-15,0.6125612258911133,0.6125612258911133,1.0,0.7403254864011375,True
2010-07-16,0.5631667971611023,0.5631667971611023,1.0,0.0,True
2010-07-19,0.6165170073509216,0.6165170073509216,1.0,0.6663081256466469,True
2010-07-20,0.5926885604858398,0.5926885604858398,1.0,0.6663081256466469,True
2010-07-21,0.6163849234580994,0.6163849234580994,1.0,0.6663081256466469,True
2010-07-22,0.6361554861068726,0.6361554861068726,1.0,0.6663081256466469,True
2010-07-23,0.5135024785995483,0.5135024785995483,1.0,0.0,True
2010-07-26,0.6056296825408936,0.6056296825408936,1.0,0.6338182969606078,True
2010-07-27,0.6180586218833923,0.6180586218833923,1.0,0.6338182969606078,True
2010-07-28,0.5854504704475403,0.5854504704475403,1.0,0.6338182969606078,True
2010-07-29,0.5859366655349731,0.5859366655349731,1.0,0.7435546775240799,True
2010-07-30,0.5748318433761597,0.5748318433761597,1.0,0.0,True
2010-08-02,0.5959614515304565,0.5959614515304565,1.0,0.7216761108959786,True
2010-08-03,0.5452101230621338,0.5452101230621338,1.0,0.0,True
2010-08-04,0.4875165820121765,0.4875165820121765,1.0,0.0,True
2010-08-05,0.5171577334403992,0.5171577334403992,1.0,0.0,True
2010-08-06,0.4898228347301483,0.4898228347301483,1.0,0.0,True
2010-08-09,0.6247234344482422,0.6247234344482422,1.0,0.8113311708093505,True
2010-08-10,0.5861098170280457,0.5861098170280457,1.0,0.8113311708093505,True
2010-08-11,0.6064977645874023,0.6064977645874023,1.0,0.8113311708093505,True
2010-08-12,0.6492400765419006,0.6492400765419006,1.0,0.8113311708093505,True
2010-08-13,0.6404165029525757,0.6404165029525757,1.0,0.8113311708093505,True
2010-08-16,0.620780348777771,0.620780348777771,1.0,0.8113311708093505,True
2010-08-17,0.5359382033348083,0.5359382033348083,1.0,0.0,True
2010-08-18,0.4573458731174469,0.4573458731174469,1.0,0.0,True
2010-08-19,0.40100356936454773,0.40100356936454773,1.0,0.0,True
2010-08-20,0.3419781029224396,0.3419781029224396,1.0,0.0,True
2010-08-23,0.39915454387664795,0.39915454387664795,1.0,0.0,True
2010-08-24,0.5554167032241821,0.5554167032241821,1.0,0.0,True
2010-08-25,0.531515896320343,0.531515896320343,1.0,0.0,True
2010-08-26,0.42403292655944824,0.42403292655944824,1.0,0.0,True
2010-08-27,0.4207180440425873,0.4207180440425873,1.0,0.0,True
2010-08-30,0.4873354136943817,0.4873354136943817,1.0,0.0,True
2010-08-31,0.39242613315582275,0.39242613315582275,1.0,0.0,True
2010-09-01,0.4287966787815094,0.4287966787815094,1.0,0.0,True
2010-09-02,0.48515480756759644,0.48515480756759644,1.0,0.0,True
2010-09-03,0.5103830099105835,0.5103830099105835,1.0,0.0,True
2010-09-07,0.4762779772281647,0.4762779772281647,1.0,0.0,True
2010-09-08,0.4806138873100281,0.4806138873100281,1.0,0.0,True
2010-09-09,0.43161070346832275,0.43161070346832275,1.0,0.0,True
2010-09-10,0.4840911328792572,0.4840911328792572,1.0,0.0,True
2010-09-13,0.6698656678199768,0.6698656678199768,1.0,0.8039994606391911,True
2010-09-14,0.7131394147872925,0.7131394147872925,1.0,0.8039994606391911,True
2010-09-15,0.6912532448768616,0.6912532448768616,1.0,0.8039994606391911,True
2010-09-16,0.6943166851997375,0.6943166851997375,1.0,0.8039994606391911,True
2010-09-17,0.6550885438919067,0.6550885438919067,1.0,0.8039994606391911,True
2010-09-20,0.6484583020210266,0.6484583020210266,1.0,0.8039994606391911,True
2010-09-21,0.6745054125785828,0.6745054125785828,1.0,0.8039994606391911,True
2010-09-22,0.5722100734710693,0.5722100734710693,1.0,0.0,True
2010-09-23,0.4355018138885498,0.4355018138885498,1.0,0.0,True
2010-09-24,0.4781329929828644,0.4781329929828644,1.0,0.0,True
2010-09-27,0.4466446340084076,0.4466446340084076,1.0,0.0,True
2010-09-28,0.39434167742729187,0.39434167742729187,1.0,0.0,True
2010-09-29,0.3713134527206421,0.3713134527206421,1.0,0.0,True
2010-09-30,0.48982346057891846,0.48982346057891846,1.0,0.0,True
2010-10-01,0.5815844535827637,0.5815844535827637,1.0,1.0,True
2010-10-04,0.5690145492553711,0.5690145492553711,0.0,0.0,True
2010-10-05,0.42253348231315613,0.42253348231315613,1.0,0.0,True
2010-10-06,0.46524178981781006,0.46524178981781006,1.0,0.0,True
2010-10-07,0.45570364594459534,0.45570364594459534,1.0,0.0,True
2010-10-08,0.46116241812705994,0.46116241812705994,1.0,0.0,True
2010-10-11,0.45619696378707886,0.45619696378707886,1.0,0.0,True
2010-10-12,0.5414336919784546,0.5414336919784546,1.0,0.0,True
2010-10-13,0.4859459102153778,0.4859459102153778,1.0,0.0,True
2010-10-14,0.4830951988697052,0.4830951988697052,1.0,0.0,True
2010-10-15,0.5152803063392639,0.5152803063392639,1.0,0.0,True
2010-10-18,0.5507784485816956,0.5507784485816956,1.0,0.0,True
2010-10-19,0.5844801664352417,0.5844801664352417,1.0,1.0,True
2010-10-20,0.5137951970100403,0.5137951970100403,1.0,0.0,True
2010-10-21,0.5139586925506592,0.5139586925506592,1.0,0.0,True
2010-10-22,0.5445916652679443,0.5445916652679443,0.0,0.0,True
2010-10-25,0.5745809078216553,0.5745809078216553,0.0,0.0,True
2010-10-26,0.4720434248447418,0.4720434248447418,0.0,0.0,True
2010-10-27,0.5915168523788452,0.5915168523788452,0.0,1.0,True
2010-10-28,0.6524888277053833,0.6524888277053833,0.0,1.0,True
2010-10-29,0.6021700501441956,0.6021700501441956,0.0,1.0,True
2010-11-01,0.6765066385269165,0.6765066385269165,0.0,1.0,True
2010-11-02,0.5453028082847595,0.5453028082847595,0.0,0.0,True
2010-11-03,0.45503032207489014,0.45503032207489014,0.0,0.0,True
2010-11-04,0.5312620997428894,0.5312620997428894,1.0,0.0,True
2010-11-05,0.47472816705703735,0.47472816705703735,1.0,0.0,True
2010-11-08,0.5644293427467346,0.5644293427467346,0.0,0.0,True
2010-11-09,0.5348436832427979,0.5348436832427979,0.0,0.0,True
2010-11-10,0.5274008512496948,0.5274008512496948,0.0,0.0,True
2010-11-11,0.5530545711517334,0.5530545711517334,0.0,0.0,True
2010-11-12,0.589091956615448,0.589091956615448,0.0,1.0,True
2010-11-15,0.6616690158843994,0.6616690158843994,0.0,1.0,True
2010-11-16,0.6027153730392456,0.6027153730392456,0.0,1.0,True
2010-11-17,0.6268720626831055,0.6268720626831055,0.0,1.0,True
2010-11-18,0.6245008707046509,0.6245008707046509,0.0,1.0,True
2010-11-19,0.5738227963447571,0.5738227963447571,0.0,0.0,True
2010-11-22,0.5560750365257263,0.5560750365257263,0.0,0.0,True
2010-11-23,0.4607701301574707,0.4607701301574707,0.0,0.0,True
2010-11-24,0.3689768612384796,0.3689768612384796,0.0,0.0,True
2010-11-26,0.5808523893356323,0.5808523893356323,0.0,0.992274634069143,True
2010-11-29,0.48088908195495605,0.48088908195495605,0.0,0.0,True
2010-11-30,0.4753064811229706,0.4753064811229706,0.0,0.0,True
2010-12-01,0.4386928677558899,0.4386928677558899,1.0,0.0,True
2010-12-02,0.4693082869052887,0.4693082869052887,1.0,0.0,True
2010-12-03,0.46797463297843933,0.46797463297843933,1.0,0.0,True
2010-12-06,0.3965097963809967,0.3965097963809967,1.0,0.0,True
2010-12-07,0.4332701861858368,0.4332701861858368,1.0,0.0,True
2010-12-08,0.4738583266735077,0.4738583266735077,1.0,0.0,True
2010-12-09,0.5199859142303467,0.5199859142303467,1.0,0.0,True
2010-12-10,0.4394916892051697,0.4394916892051697,1.0,0.0,True
2010-12-13,0.6032732725143433,0.6032732725143433,1.0,1.0,True
2010-12-14,0.5829634666442871,0.5829634666442871,1.0,1.0,True
2010-12-15,0.547835648059845,0.547835648059845,1.0,0.0,True
2010-12-16,0.5489143133163452,0.5489143133163452,1.0,0.0,True
2010-12-17,0.6186636090278625,0.6186636090278625,0.0,1.0,True
2010-12-20,0.6262919306755066,0.6262919306755066,0.0,1.0,True
2010-12-21,0.5515122413635254,0.5515122413635254,1.0,0.0,True
2010-12-22,0.519882082939148,0.519882082939148,1.0,0.0,True
2010-12-23,0.6279194951057434,0.6279194951057434,0.0,1.0,True
2010-12-27,0.5732751488685608,0.5732751488685608,0.0,0.0,True
2010-12-28,0.524304986000061,0.524304986000061,0.0,0.0,True
2010-12-29,0.5103235244750977,0.5103235244750977,0.0,0.0,True
2010-12-30,0.6966385841369629,0.6966385841369629,0.0,1.0,True
2010-12-31,0.70414137840271,0.70414137840271,0.0,1.0,True
2011-01-03,0.6179755926132202,0.6179755926132202,0.0,1.0,True
2011-01-04,0.6306262612342834,0.6306262612342834,0.0,1.0,True
2011-01-05,0.5854435563087463,0.5854435563087463,0.0,1.0,True
2011-01-06,0.5783573985099792,0.5783573985099792,0.0,0.0,True
2011-01-07,0.6578432321548462,0.6578432321548462,0.0,1.0,True
2011-01-10,0.7730070948600769,0.7730070948600769,0.0,1.0,True
2011-01-11,0.7238921523094177,0.7238921523094177,0.0,1.0,True
2011-01-12,0.6545307636260986,0.6545307636260986,0.0,1.0,True
2011-01-13,0.6157740354537964,0.6157740354537964,0.0,1.0,True
2011-01-14,0.5936540961265564,0.5936540961265564,0.0,1.0,True
2011-01-18,0.48531827330589294,0.48531827330589294,0.0,0.0,True
2011-01-19,0.6890530586242676,0.6890530586242676,0.0,1.0,True
2011-01-20,0.6612256765365601,0.6612256765365601,0.0,1.0,True
2011-01-21,0.6728136539459229,0.6728136539459229,0.0,1.0,True
2011-01-24,0.6614737510681152,0.6614737510681152,0.0,1.0,True
2011-01-25,0.6911962628364563,0.6911962628364563,0.0,1.0,True
2011-01-26,0.5281395316123962,0.5281395316123962,0.0,0.0,True
2011-01-27,0.5474737882614136,0.5474737882614136,0.0,0.0,True
2011-01-28,0.6211414337158203,0.6211414337158203,0.0,1.0,True
2011-01-31,0.6432374715805054,0.6432374715805054,0.0,1.0,True
2011-02-01,0.45575082302093506,0.45575082302093506,0.0,0.0,True
2011-02-02,0.5400425791740417,0.5400425791740417,0.0,0.0,True
2011-02-03,0.5890162587165833,0.5890162587165833,0.0,1.0,True
2011-02-04,0.5661952495574951,0.5661952495574951,0.0,0.0,True
2011-02-07,0.5633488297462463,0.5633488297462463,0.0,0.0,True
2011-02-08,0.6080223917961121,0.6080223917961121,0.0,1.0,True
2011-02-09,0.6113166213035583,0.6113166213035583,0.0,1.0,True
2011-02-10,0.6590953469276428,0.6590953469276428,0.0,1.0,True
2011-02-11,0.6053282022476196,0.6053282022476196,0.0,1.0,True
2011-02-14,0.6822962760925293,0.6822962760925293,0.0,1.0,True
2011-02-15,0.6201045513153076,0.6201045513153076,0.0,1.0,True
2011-02-16,0.6092810034751892,0.6092810034751892,0.0,1.0,True
2011-02-17,0.6320455074310303,0.6320455074310303,0.0,1.0,True
2011-02-18,0.6455024480819702,0.6455024480819702,0.0,1.0,True
2011-02-22,0.5363879799842834,0.5363879799842834,0.0,0.0,True
2011-02-23,0.5116690993309021,0.5116690993309021,0.0,0.0,True
2011-02-24,0.5195319652557373,0.5195319652557373,0.0,0.0,True
2011-02-25,0.5882095098495483,0.5882095098495483,0.0,1.0,True
2011-02-28,0.6182360649108887,0.6182360649108887,0.0,1.0,True
2011-03-01,0.5084482431411743,0.5084482431411743,0.0,0.0,True
2011-03-02,0.47727227210998535,0.47727227210998535,0.0,0.0,True
2011-03-03,0.37803393602371216,0.37803393602371216,0.0,0.0,True
2011-03-04,0.4373658001422882,0.4373658001422882,0.0,0.0,True
2011-03-07,0.501836895942688,0.501836895942688,0.0,0.0,True
2011-03-08,0.4252777695655823,0.4252777695655823,0.0,0.0,True
2011-03-09,0.46702417731285095,0.46702417731285095,0.0,0.0,True
2011-03-10,0.5861812233924866,0.5861812233924866,0.0,0.9701862673166505,True
2011-03-11,0.5060572624206543,0.5060572624206543,0.0,0.0,True
2011-03-14,0.4416887164115906,0.4416887164115906,1.0,0.0,True
2011-03-15,0.5235810875892639,0.5235810875892639,1.0,0.0,True
2011-03-16,0.6151257157325745,0.6151257157325745,1.0,0.8800054355481453,True
2011-03-17,0.4071999192237854,0.4071999192237854,1.0,0.0,True
2011-03-18,0.47827741503715515,0.47827741503715515,1.0,0.0,True
2011-03-21,0.4762158691883087,0.4762158691883087,1.0,0.0,True
2011-03-22,0.38809922337532043,0.38809922337532043,1.0,0.0,True
2011-03-23,0.4063591957092285,0.4063591957092285,1.0,0.0,True
2011-03-24,0.4600827693939209,0.4600827693939209,1.0,0.0,True
2011-03-25,0.4559546411037445,0.4559546411037445,1.0,0.0,True
2011-03-28,0.5169649124145508,0.5169649124145508,1.0,0.0,True
2011-03-29,0.5709344744682312,0.5709344744682312,1.0,0.0,True
2011-03-30,0.5348254442214966,0.5348254442214966,1.0,0.0,True
2011-03-31,0.603499710559845,0.603499710559845,0.0,0.9853259010481791,True
2011-04-01,0.5970039963722229,0.5970039963722229,0.0,0.9853259010481791,True
2011-04-04,0.6943005919456482,0.6943005919456482,0.0,0.9853259010481791,True
2011-04-05,0.6752073764801025,0.6752073764801025,0.0,0.9853259010481791,True
2011-04-06,0.6712822318077087,0.6712822318077087,0.0,0.9853259010481791,True
2011-04-07,0.7219628691673279,0.7219628691673279,0.0,0.9853259010481791,True
2011-04-08,0.7659585475921631,0.7659585475921631,0.0,0.9853259010481791,True
2011-04-11,0.8038199543952942,0.8038199543952942,0.0,0.9853259010481791,True
2011-04-12,0.808548629283905,0.808548629283905,1.0,0.9853259010481791,True
2011-04-13,0.8160194158554077,0.8160194158554077,1.0,0.9853259010481791,True
2011-04-14,0.796482264995575,0.796482264995575,1.0,0.9853259010481791,True
2011-04-15,0.6950758099555969,0.6950758099555969,0.0,0.9853259010481791,True
2011-04-18,0.6130151152610779,0.6130151152610779,0.0,0.9853259010481791,True
2011-04-19,0.6708526015281677,0.6708526015281677,0.0,0.9853259010481791,True
2011-04-20,0.4548739492893219,0.4548739492893219,0.0,0.0,True
2011-04-21,0.4390977621078491,0.4390977621078491,0.0,0.0,True
2011-04-25,0.4597787857055664,0.4597787857055664,0.0,0.0,True
2011-04-26,0.5171353220939636,0.5171353220939636,0.0,0.0,True
2011-04-27,0.5565512776374817,0.5565512776374817,0.0,0.0,True
2011-04-28,0.5252350568771362,0.5252350568771362,0.0,0.0,True
2011-04-29,0.5651305317878723,0.5651305317878723,0.0,0.0,True
2011-05-02,0.5646214485168457,0.5646214485168457,0.0,0.0,True
2011-05-03,0.5095121264457703,0.5095121264457703,0.0,0.0,True
2011-05-04,0.5829798579216003,0.5829798579216003,0.0,1.0,True
2011-05-05,0.6301100254058838,0.6301100254058838,0.0,1.0,True
2011-05-06,0.5838579535484314,0.5838579535484314,0.0,1.0,True
2011-05-09,0.6147337555885315,0.6147337555885315,0.0,1.0,True
2011-05-10,0.5456387996673584,0.5456387996673584,0.0,0.0,True
2011-05-11,0.5649364590644836,0.5649364590644836,0.0,0.0,True
2011-05-12,0.5257005095481873,0.5257005095481873,0.0,0.0,True
2011-05-13,0.5788586139678955,0.5788586139678955,0.0,0.0,True
2011-05-16,0.574203372001648,0.574203372001648,0.0,0.0,True
2011-05-17,0.6015576124191284,0.6015576124191284,0.0,1.0,True
2011-05-18,0.5909030437469482,0.5909030437469482,0.0,1.0,True
2011-05-19,0.5927667021751404,0.5927667021751404,0.0,1.0,True
2011-05-20,0.586889386177063,0.586889386177063,0.0,1.0,True
2011-05-23,0.5698807239532471,0.5698807239532471,0.0,0.0,True
2011-05-24,0.5977441668510437,0.5977441668510437,0.0,1.0,True
2011-05-25,0.5411746501922607,0.5411746501922607,0.0,0.0,True
2011-05-26,0.5251497030258179,0.5251497030258179,0.0,0.0,True
2011-05-27,0.5277150273323059,0.5277150273323059,0.0,0.0,True
2011-05-31,0.45769697427749634,0.45769697427749634,0.0,0.0,True
2011-06-01,0.3822839558124542,0.3822839558124542,0.0,0.0,True
2011-06-02,0.4861215054988861,0.4861215054988861,0.0,0.0,True
2011-06-03,0.5545753836631775,0.5545753836631775,0.0,0.0,True
2011-06-06,0.6304638981819153,0.6304638981819153,0.0,1.0,True
2011-06-07,0.7431907653808594,0.7431907653808594,0.0,1.0,True
2011-06-08,0.6902801990509033,0.6902801990509033,1.0,1.0,True
2011-06-09,0.6361352801322937,0.6361352801322937,0.0,1.0,True
2011-06-10,0.6965367197990417,0.6965367197990417,1.0,1.0,True
2011-06-13,0.5467761754989624,0.5467761754989624,1.0,0.0,True
2011-06-14,0.44847020506858826,0.44847020506858826,0.0,0.0,True
2011-06-15,0.547630786895752,0.547630786895752,1.0,0.0,True
2011-06-16,0.5174723863601685,0.5174723863601685,1.0,0.0,True
2011-06-17,0.4745240807533264,0.4745240807533264,1.0,0.0,True
2011-06-20,0.5343358516693115,0.5343358516693115,1.0,0.0,True
2011-06-21,0.5163676738739014,0.5163676738739014,1.0,0.0,True
2011-06-22,0.5053884983062744,0.5053884983062744,1.0,0.0,True
2011-06-23,0.5193188786506653,0.5193188786506653,1.0,0.0,True
2011-06-24,0.6106048822402954,0.6106048822402954,1.0,0.9430974322883352,True
2011-06-27,0.5199909210205078,0.5199909210205078,1.0,0.0,True
2011-06-28,0.4693502187728882,0.4693502187728882,1.0,0.0,True
2011-06-29,0.39808568358421326,0.39808568358421326,0.0,0.0,True
2011-06-30,0.42495015263557434,0.42495015263557434,0.0,0.0,True
2011-07-01,0.5257120728492737,0.5257120728492737,1.0,0.0,True
2011-07-05,0.5681254863739014,0.5681254863739014,1.0,0.0,True
2011-07-06,0.5734795928001404,0.5734795928001404,1.0,0.0,True
2011-07-07,0.6870627403259277,0.6870627403259277,1.0,0.9965367905782666,True
2011-07-08,0.6319441199302673,0.6319441199302673,1.0,0.9965367905782666,True
2011-07-11,0.622422456741333,0.622422456741333,1.0,0.9965367905782666,True
2011-07-12,0.6208027005195618,0.6208027005195618,1.0,0.9965367905782666,True
2011-07-13,0.620337963104248,0.620337963104248,1.0,0.9965367905782666,True
2011-07-14,0.6736568212509155,0.6736568212509155,1.0,0.9965367905782666,True
2011-07-15,0.6408401727676392,0.6408401727676392,1.0,0.9965367905782666,True
2011-07-18,0.5943182110786438,0.5943182110786438,1.0,0.9965367905782666,True
2011-07-19,0.5627328753471375,0.5627328753471375,1.0,0.0,True
2011-07-20,0.5465723872184753,0.5465723872184753,1.0,0.0,True
2011-07-21,0.45173701643943787,0.45173701643943787,1.0,0.0,True
2011-07-22,0.47934848070144653,0.47934848070144653,1.0,0.0,True
2011-07-25,0.43435901403427124,0.43435901403427124,1.0,0.0,True
2011-07-26,0.4433654248714447,0.4433654248714447,1.0,0.0,True
2011-07-27,0.4711846709251404,0.4711846709251404,1.0,0.0,True
2011-07-28,0.502415120601654,0.502415120601654,1.0,0.0,True
2011-07-29,0.5415692329406738,0.5415692329406738,0.0,0.0,True
2011-08-01,0.5277724266052246,0.5277724266052246,0.0,0.0,True
2011-08-02,0.5954247713088989,0.5954247713088989,1.0,0.8960183283822166,True
2011-08-03,0.5926026105880737,0.5926026105880737,1.0,0.8960183283822166,True
2011-08-04,0.6239914894104004,0.6239914894104004,1.0,0.6723261557599267,True
2011-08-05,0.5735460519790649,0.5735460519790649,1.0,0.0,True
2011-08-08,0.589807391166687,0.589807391166687,2.0,0.49045980590884103,True
2011-08-09,0.6350581049919128,0.6350581049919128,2.0,0.49045980590884103,True
2011-08-10,0.6142494082450867,0.6142494082450867,2.0,0.3894039894969413,True
2011-08-11,0.6041972637176514,0.6041972637176514,2.0,0.3894039894969413,True
2011-08-12,0.5052244663238525,0.5052244663238525,2.0,0.0,True
2011-08-15,0.3938160240650177,0.3938160240650177,2.0,0.0,True
2011-08-16,0.49182140827178955,0.49182140827178955,2.0,0.0,True
2011-08-17,0.3202046751976013,0.3202046751976013,2.0,0.0,True
2011-08-18,0.4897652864456177,0.4897652864456177,2.0,0.0,True
2011-08-19,0.4970785975456238,0.4970785975456238,2.0,0.0,True
2011-08-22,0.6292715668678284,0.6292715668678284,2.0,0.33500821832566885,True
2011-08-23,0.6668540835380554,0.6668540835380554,2.0,0.33500821832566885,True
2011-08-24,0.5899139046669006,0.5899139046669006,2.0,0.33500821832566885,True
2011-08-25,0.5935681462287903,0.5935681462287903,2.0,0.33500821832566885,True
2011-08-26,0.5009549856185913,0.5009549856185913,2.0,0.0,True
2011-08-29,0.5253989696502686,0.5253989696502686,2.0,0.0,True
2011-08-30,0.4924221336841583,0.4924221336841583,2.0,0.0,True
2011-08-31,0.4707333743572235,0.4707333743572235,2.0,0.0,True
2011-09-01,0.689860999584198,0.689860999584198,2.0,0.3282655308935216,True
2011-09-02,0.6251328587532043,0.6251328587532043,2.0,0.3282655308935216,True
2011-09-06,0.7763849496841431,0.7763849496841431,2.0,0.3282655308935216,True
2011-09-07,0.7686939835548401,0.7686939835548401,2.0,0.3282655308935216,True
2011-09-08,0.7790382504463196,0.7790382504463196,2.0,0.4388831057952494,True
2011-09-09,0.7390698790550232,0.7390698790550232,2.0,0.4388831057952494,True
2011-09-12,0.6207515597343445,0.6207515597343445,2.0,0.4388831057952494,True
2011-09-13,0.547845721244812,0.547845721244812,1.0,0.0,True
2011-09-14,0.5572907328605652,0.5572907328605652,1.0,0.0,True
2011-09-15,0.46027249097824097,0.46027249097824097,2.0,0.0,True
2011-09-16,0.4183577299118042,0.4183577299118042,2.0,0.0,True
2011-09-19,0.46009305119514465,0.46009305119514465,2.0,0.0,True
2011-09-20,0.3925607204437256,0.3925607204437256,2.0,0.0,True
2011-09-21,0.5937193036079407,0.5937193036079407,1.0,0.5546214507092946,True
2011-09-22,0.6507788300514221,0.6507788300514221,1.0,0.5546214507092946,True
2011-09-23,0.596803605556488,0.596803605556488,1.0,0.5546214507092946,True
2011-09-26,0.6535704135894775,0.6535704135894775,1.0,0.5546214507092946,True
2011-09-27,0.5673613548278809,0.5673613548278809,1.0,0.0,True
2011-09-28,0.5457336902618408,0.5457336902618408,1.0,0.0,True
2011-09-29,0.4453945457935333,0.4453945457935333,1.0,0.0,True
2011-09-30,0.48146799206733704,0.48146799206733704,1.0,0.0,True
2011-10-03,0.6150091290473938,0.6150091290473938,1.0,0.5008550152464556,True
2011-10-04,0.6161026954650879,0.6161026954650879,1.0,0.5008550152464556,True
2011-10-05,0.5447160601615906,0.5447160601615906,1.0,0.0,True
2011-10-06,0.5695449709892273,0.5695449709892273,1.0,0.0,True
2011-10-07,0.47575801610946655,0.47575801610946655,1.0,0.0,True
2011-10-10,0.4745796322822571,0.4745796322822571,1.0,0.0,True
2011-10-11,0.4991464912891388,0.4991464912891388,1.0,0.0,True
2011-10-12,0.5572102665901184,0.5572102665901184,1.0,0.0,True
2011-10-13,0.575027585029602,0.575027585029602,1.0,0.0,True
2011-10-14,0.5853020548820496,0.5853020548820496,2.0,0.48093276693096576,True
2011-10-17,0.5241585373878479,0.5241585373878479,1.0,0.0,True
2011-10-18,0.6406570076942444,0.6406570076942444,2.0,0.4616623823428827,True
2011-10-19,0.6552378535270691,0.6552378535270691,1.0,0.4616623823428827,True
2011-10-20,0.6253536939620972,0.6253536939620972,2.0,0.4616623823428827,True
2011-10-21,0.6641103029251099,0.6641103029251099,2.0,0.4616623823428827,True
2011-10-24,0.5004687309265137,0.5004687309265137,1.0,0.0,True
2011-10-25,0.5795891284942627,0.5795891284942627,1.0,0.0,True
2011-10-26,0.4758651554584503,0.4758651554584503,1.0,0.0,True
2011-10-27,0.5527781248092651,0.5527781248092651,2.0,0.0,True
2011-10-28,0.44019615650177,0.44019615650177,2.0,0.0,True
2011-10-31,0.5259749889373779,0.5259749889373779,2.0,0.0,True
2011-11-01,0.5164085030555725,0.5164085030555725,2.0,0.0,True
2011-11-02,0.572300136089325,0.572300136089325,2.0,0.0,True
2011-11-03,0.5677224397659302,0.5677224397659302,1.0,0.0,True
2011-11-04,0.5966023206710815,0.5966023206710815,2.0,0.5212957272387156,True
2011-11-07,0.47802138328552246,0.47802138328552246,1.0,0.0,True
2011-11-08,0.42598408460617065,0.42598408460617065,1.0,0.0,True
2011-11-09,0.5758395195007324,0.5758395195007324,1.0,0.0,True
2011-11-10,0.6389618515968323,0.6389618515968323,1.0,0.4925703015124431,True
2011-11-11,0.5375563502311707,0.5375563502311707,1.0,0.0,True
2011-11-14,0.6658895611763,0.6658895611763,1.0,0.5019312878681916,True
2011-11-15,0.562640905380249,0.562640905380249,1.0,0.0,True
2011-11-16,0.6808356642723083,0.6808356642723083,1.0,0.5086815545831052,True
2011-11-17,0.656456708908081,0.656456708908081,1.0,0.5086815545831052,True
2011-11-18,0.6429697871208191,0.6429697871208191,1.0,0.5086815545831052,True
2011-11-21,0.6169571876525879,0.6169571876525879,1.0,0.5086815545831052,True
2011-11-22,0.5558254718780518,0.5558254718780518,1.0,0.0,True
2011-11-23,0.6596167683601379,0.6596167683601379,1.0,0.5103226871899598,True
2011-11-25,0.5324723720550537,0.5324723720550537,1.0,0.0,True
2011-11-28,0.4766370356082916,0.4766370356082916,1.0,0.0,True
2011-11-29,0.37943628430366516,0.37943628430366516,1.0,0.0,True
2011-11-30,0.5633689761161804,0.5633689761161804,1.0,0.0,True
2011-12-01,0.4640546441078186,0.4640546441078186,1.0,0.0,True
2011-12-02,0.46068254113197327,0.46068254113197327,1.0,0.0,True
2011-12-05,0.44181644916534424,0.44181644916534424,1.0,0.0,True
2011-12-06,0.4947275221347809,0.4947275221347809,1.0,0.0,True
2011-12-07,0.4572415351867676,0.4572415351867676,1.0,0.0,True
2011-12-08,0.41458243131637573,0.41458243131637573,1.0,0.0,True
2011-12-09,0.5270147323608398,0.5270147323608398,1.0,0.0,True
2011-12-12,0.5429262518882751,0.5429262518882751,1.0,0.0,True
2011-12-13,0.6259195804595947,0.6259195804595947,1.0,0.5753289487448382,True
2011-12-14,0.6306633949279785,0.6306633949279785,1.0,0.5753289487448382,True
2011-12-15,0.5880781412124634,0.5880781412124634,1.0,0.5753289487448382,True
2011-12-16,0.6036297082901001,0.6036297082901001,1.0,0.5753289487448382,True
2011-12-19,0.6218812465667725,0.6218812465667725,1.0,0.5753289487448382,True
2011-12-20,0.6756079196929932,0.6756079196929932,1.0,0.5753289487448382,True
2011-12-21,0.480995237827301,0.480995237827301,1.0,0.0,True
2011-12-22,0.4741663634777069,0.4741663634777069,2.0,0.0,True
2011-12-23,0.4870857894420624,0.4870857894420624,2.0,0.0,True
2011-12-27,0.5207799077033997,0.5207799077033997,1.0,0.0,True
2011-12-28,0.49456787109375,0.49456787109375,1.0,0.0,True
2011-12-29,0.44728344678878784,0.44728344678878784,1.0,0.0,True
2011-12-30,0.4525192379951477,0.4525192379951477,1.0,0.0,True
2012-01-03,0.6385217308998108,0.6385217308998108,1.0,0.7472277943503872,True
2012-01-04,0.5731890797615051,0.5731890797615051,1.0,0.0,True
2012-01-05,0.5643010139465332,0.5643010139465332,1.0,0.0,True
2012-01-06,0.564141035079956,0.564141035079956,1.0,0.0,True
2012-01-09,0.5511673092842102,0.5511673092842102,1.0,0.0,True
2012-01-10,0.6186395883560181,0.6186395883560181,1.0,0.8729431830976112,True
2012-01-11,0.6435533165931702,0.6435533165931702,1.0,0.8729431830976112,True
2012-01-12,0.6113873720169067,0.6113873720169067,1.0,0.8729431830976112,True
2012-01-13,0.5937355756759644,0.5937355756759644,1.0,1.0,True
2012-01-17,0.5556228160858154,0.5556228160858154,1.0,0.0,True
2012-01-18,0.5016918778419495,0.5016918778419495,1.0,0.0,True
2012-01-19,0.39933526515960693,0.39933526515960693,1.0,0.0,True
2012-01-20,0.5501700043678284,0.5501700043678284,0.0,0.0,True
2012-01-23,0.48054832220077515,0.48054832220077515,0.0,0.0,True
2012-01-24,0.5153522491455078,0.5153522491455078,0.0,0.0,True
2012-01-25,0.5219546556472778,0.5219546556472778,0.0,0.0,True
2012-01-26,0.5127623081207275,0.5127623081207275,0.0,0.0,True
2012-01-27,0.5955913662910461,0.5955913662910461,0.0,1.0,True
2012-01-30,0.662852942943573,0.662852942943573,0.0,1.0,True
2012-01-31,0.6800498366355896,0.6800498366355896,0.0,1.0,True
2012-02-01,0.6096758246421814,0.6096758246421814,0.0,1.0,True
2012-02-02,0.5679804682731628,0.5679804682731628,0.0,0.0,True
2012-02-03,0.49365735054016113,0.49365735054016113,0.0,0.0,True
2012-02-06,0.5247207880020142,0.5247207880020142,0.0,0.0,True
2012-02-07,0.5640267729759216,0.5640267729759216,0.0,0.0,True
2012-02-08,0.5171508193016052,0.5171508193016052,0.0,0.0,True
2012-02-09,0.5590334534645081,0.5590334534645081,0.0,0.0,True
2012-02-10,0.5532807111740112,0.5532807111740112,0.0,0.0,True
2012-02-13,0.5388844013214111,0.5388844013214111,0.0,0.0,True
2012-02-14,0.6154788136482239,0.6154788136482239,0.0,1.0,True
2012-02-15,0.6695774793624878,0.6695774793624878,0.0,1.0,True
2012-02-16,0.604128897190094,0.604128897190094,0.0,1.0,True
2012-02-17,0.5458866357803345,0.5458866357803345,0.0,0.0,True
2012-02-21,0.5850275158882141,0.5850275158882141,0.0,1.0,True
2012-02-22,0.5831944942474365,0.5831944942474365,0.0,1.0,True
2012-02-23,0.577148973941803,0.577148973941803,0.0,0.0,True
2012-02-24,0.578352153301239,0.578352153301239,0.0,0.0,True
2012-02-27,0.5981048941612244,0.5981048941612244,0.0,1.0,True
2012-02-28,0.5109828114509583,0.5109828114509583,0.0,0.0,True
2012-02-29,0.5484892129898071,0.5484892129898071,0.0,0.0,True
2012-03-01,0.511001467704773,0.511001467704773,0.0,0.0,True
2012-03-02,0.5558127164840698,0.5558127164840698,0.0,0.0,True
2012-03-05,0.6717579960823059,0.6717579960823059,0.0,1.0,True
2012-03-06,0.6568101048469543,0.6568101048469543,0.0,1.0,True
2012-03-07,0.731059730052948,0.731059730052948,0.0,1.0,True
2012-03-08,0.6440210938453674,0.6440210938453674,0.0,1.0,True
2012-03-09,0.6072806119918823,0.6072806119918823,0.0,1.0,True
2012-03-12,0.614597737789154,0.614597737789154,0.0,1.0,True
2012-03-13,0.5554806590080261,0.5554806590080261,0.0,0.0,True
2012-03-14,0.564453661441803,0.564453661441803,0.0,0.0,True
2012-03-15,0.5482208132743835,0.5482208132743835,0.0,0.0,True
2012-03-16,0.5336679220199585,0.5336679220199585,0.0,0.0,True
2012-03-19,0.5414125919342041,0.5414125919342041,0.0,0.0,True
2012-03-20,0.6259756684303284,0.6259756684303284,0.0,1.0,True
2012-03-21,0.561456024646759,0.561456024646759,0.0,0.0,True
2012-03-22,0.6423112154006958,0.6423112154006958,0.0,1.0,True
2012-03-23,0.6809720993041992,0.6809720993041992,0.0,1.0,True
2012-03-26,0.5608323216438293,0.5608323216438293,0.0,0.0,True
2012-03-27,0.5916327238082886,0.5916327238082886,0.0,1.0,True
2012-03-28,0.6162487864494324,0.6162487864494324,0.0,1.0,True
2012-03-29,0.602096676826477,0.602096676826477,0.0,1.0,True
2012-03-30,0.5594435930252075,0.5594435930252075,0.0,0.0,True
2012-04-02,0.56472247838974,0.56472247838974,0.0,0.0,True
2012-04-03,0.5495736598968506,0.5495736598968506,0.0,0.0,True
2012-04-04,0.639123797416687,0.639123797416687,0.0,1.0,True
2012-04-05,0.607861340045929,0.607861340045929,0.0,1.0,True
2012-04-09,0.5743438005447388,0.5743438005447388,0.0,0.0,True
2012-04-10,0.6074211001396179,0.6074211001396179,0.0,1.0,True
2012-04-11,0.5983325242996216,0.5983325242996216,0.0,1.0,True
2012-04-12,0.4909021258354187,0.4909021258354187,0.0,0.0,True
2012-04-13,0.5537489652633667,0.5537489652633667,0.0,0.0,True
2012-04-16,0.45097336173057556,0.45097336173057556,0.0,0.0,True
2012-04-17,0.2882426083087921,0.2882426083087921,0.0,0.0,True
2012-04-18,0.37297317385673523,0.37297317385673523,0.0,0.0,True
2012-04-19,0.3775494396686554,0.3775494396686554,0.0,0.0,True
2012-04-20,0.41409602761268616,0.41409602761268616,0.0,0.0,True
2012-04-23,0.4292023181915283,0.4292023181915283,0.0,0.0,True
2012-04-24,0.5202226638793945,0.5202226638793945,0.0,0.0,True
2012-04-25,0.46257275342941284,0.46257275342941284,0.0,0.0,True
2012-04-26,0.47313371300697327,0.47313371300697327,0.0,0.0,True
2012-04-27,0.5383208990097046,0.5383208990097046,0.0,0.0,True
2012-04-30,0.5149540305137634,0.5149540305137634,0.0,0.0,True
2012-05-01,0.5095218420028687,0.5095218420028687,0.0,0.0,True
2012-05-02,0.5510144233703613,0.5510144233703613,0.0,0.0,True
2012-05-03,0.571513295173645,0.571513295173645,0.0,0.0,True
2012-05-04,0.620124876499176,0.620124876499176,0.0,0.9855428257328016,True
2012-05-07,0.6381564736366272,0.6381564736366272,0.0,0.9855428257328016,True
2012-05-08,0.5249739289283752,0.5249739289283752,1.0,0.0,True
2012-05-09,0.5806432962417603,0.5806432962417603,0.0,1.0,True
2012-05-10,0.6106746196746826,0.6106746196746826,0.0,1.0,True
2012-05-11,0.6548805832862854,0.6548805832862854,0.0,1.0,True
2012-05-14,0.686149537563324,0.686149537563324,0.0,1.0,True
2012-05-15,0.6294958591461182,0.6294958591461182,0.0,1.0,True
2012-05-16,0.6461702585220337,0.6461702585220337,0.0,1.0,True
2012-05-17,0.7390097975730896,0.7390097975730896,1.0,1.0,True
2012-05-18,0.7584406137466431,0.7584406137466431,1.0,1.0,True
2012-05-21,0.5435428023338318,0.5435428023338318,1.0,0.0,True
2012-05-22,0.5272249579429626,0.5272249579429626,1.0,0.0,True
2012-05-23,0.5733555555343628,0.5733555555343628,0.0,0.0,True
2012-05-24,0.6007073521614075,0.6007073521614075,0.0,1.0,True
2012-05-25,0.6044909358024597,0.6044909358024597,1.0,1.0,True
2012-05-29,0.551573634147644,0.551573634147644,0.0,0.0,True
2012-05-30,0.6216298937797546,0.6216298937797546,1.0,1.0,True
2012-05-31,0.6126593947410583,0.6126593947410583,1.0,1.0,True
2012-06-01,0.5175257325172424,0.5175257325172424,1.0,0.0,True
2012-06-04,0.5210251212120056,0.5210251212120056,1.0,0.0,True
2012-06-05,0.5612835884094238,0.5612835884094238,1.0,0.0,True
2012-06-06,0.460554301738739,0.460554301738739,1.0,0.0,True
2012-06-07,0.4335412085056305,0.4335412085056305,1.0,0.0,True
2012-06-08,0.39040935039520264,0.39040935039520264,1.0,0.0,True
2012-06-11,0.39691662788391113,0.39691662788391113,1.0,0.0,True
2012-06-12,0.41035160422325134,0.41035160422325134,1.0,0.0,True
2012-06-13,0.43631383776664734,0.43631383776664734,1.0,0.0,True
2012-06-14,0.48194238543510437,0.48194238543510437,1.0,0.0,True
2012-06-15,0.4712403416633606,0.4712403416633606,1.0,0.0,True
2012-06-18,0.4522341191768646,0.4522341191768646,1.0,0.0,True
2012-06-19,0.45841702818870544,0.45841702818870544,1.0,0.0,True
2012-06-20,0.5088037252426147,0.5088037252426147,1.0,0.0,True
2012-06-21,0.5699765086174011,0.5699765086174011,1.0,0.0,True
2012-06-22,0.5778573751449585,0.5778573751449585,1.0,0.0,True
2012-06-25,0.6827013492584229,0.6827013492584229,1.0,0.7406042676525592,True
2012-06-26,0.6572631597518921,0.6572631597518921,1.0,0.7406042676525592,True
2012-06-27,0.627213180065155,0.627213180065155,1.0,0.7406042676525592,True
2012-06-28,0.5771479606628418,0.5771479606628418,1.0,0.0,True
2012-06-29,0.6126148104667664,0.6126148104667664,1.0,0.8061083842566946,True
2012-07-02,0.4902997612953186,0.4902997612953186,1.0,0.0,True
2012-07-03,0.560524582862854,0.560524582862854,1.0,0.0,True
2012-07-05,0.47009244561195374,0.47009244561195374,1.0,0.0,True
2012-07-06,0.5128183960914612,0.5128183960914612,1.0,0.0,True
2012-07-09,0.5198419690132141,0.5198419690132141,1.0,0.0,True
2012-07-10,0.5484358072280884,0.5484358072280884,1.0,0.0,True
2012-07-11,0.7071356773376465,0.7071356773376465,1.0,0.8898148124581323,True
2012-07-12,0.6526315808296204,0.6526315808296204,1.0,0.8898148124581323,True
2012-07-13,0.4922478199005127,0.4922478199005127,1.0,0.0,True
2012-07-16,0.4515704810619354,0.4515704810619354,1.0,0.0,True
2012-07-17,0.4071182608604431,0.4071182608604431,1.0,0.0,True
2012-07-18,0.42305487394332886,0.42305487394332886,1.0,0.0,True
2012-07-19,0.4506661593914032,0.4506661593914032,1.0,0.0,True
2012-07-20,0.4474450349807739,0.4474450349807739,1.0,0.0,True
2012-07-23,0.4881424009799957,0.4881424009799957,1.0,0.0,True
2012-07-24,0.5302011966705322,0.5302011966705322,1.0,0.0,True
2012-07-25,0.5146833062171936,0.5146833062171936,1.0,0.0,True
2012-07-26,0.4880247116088867,0.4880247116088867,1.0,0.0,True
2012-07-27,0.4918144643306732,0.4918144643306732,1.0,0.0,True
2012-07-30,0.5431286096572876,0.5431286096572876,0.0,0.0,True
2012-07-31,0.46567708253860474,0.46567708253860474,0.0,0.0,True
2012-08-01,0.44690075516700745,0.44690075516700745,0.0,0.0,True
2012-08-02,0.4662410616874695,0.4662410616874695,0.0,0.0,True
2012-08-03,0.5066320896148682,0.5066320896148682,1.0,0.0,True
2012-08-06,0.5375844240188599,0.5375844240188599,1.0,0.0,True
2012-08-07,0.5217596292495728,0.5217596292495728,1.0,0.0,True
2012-08-08,0.5470103621482849,0.5470103621482849,1.0,0.0,True
2012-08-09,0.5636398792266846,0.5636398792266846,1.0,0.0,True
2012-08-10,0.6866228580474854,0.6866228580474854,0.0,1.0,True
2012-08-13,0.6943581700325012,0.6943581700325012,0.0,1.0,True
2012-08-14,0.6943773627281189,0.6943773627281189,0.0,1.0,True
2012-08-15,0.7131787538528442,0.7131787538528442,0.0,1.0,True
2012-08-16,0.6603468060493469,0.6603468060493469,0.0,1.0,True
2012-08-17,0.6607484817504883,0.6607484817504883,0.0,1.0,True
2012-08-20,0.7196497321128845,0.7196497321128845,0.0,1.0,True
2012-08-21,0.6213178038597107,0.6213178038597107,1.0,1.0,True
2012-08-22,0.6239243745803833,0.6239243745803833,1.0,1.0,True
2012-08-23,0.6465298533439636,0.6465298533439636,0.0,1.0,True
2012-08-24,0.6717680096626282,0.6717680096626282,0.0,1.0,True
2012-08-27,0.6881074905395508,0.6881074905395508,0.0,1.0,True
2012-08-28,0.6836681365966797,0.6836681365966797,0.0,1.0,True
2012-08-29,0.6972432732582092,0.6972432732582092,0.0,1.0,True
2012-08-30,0.6980671286582947,0.6980671286582947,0.0,1.0,True
2012-08-31,0.7979344725608826,0.7979344725608826,0.0,1.0,True
2012-09-04,0.7850840091705322,0.7850840091705322,0.0,1.0,True
2012-09-05,0.7829865217208862,0.7829865217208862,0.0,1.0,True
2012-09-06,0.5820944309234619,0.5820944309234619,0.0,1.0,True
2012-09-07,0.6375455856323242,0.6375455856323242,0.0,1.0,True
2012-09-10,0.6719419956207275,0.6719419956207275,0.0,1.0,True
2012-09-11,0.6567227244377136,0.6567227244377136,0.0,1.0,True
2012-09-12,0.6618794798851013,0.6618794798851013,0.0,1.0,True
2012-09-13,0.579890251159668,0.579890251159668,0.0,0.0,True
2012-09-14,0.6198566555976868,0.6198566555976868,0.0,1.0,True
2012-09-17,0.6102855205535889,0.6102855205535889,0.0,1.0,True
2012-09-18,0.641349196434021,0.641349196434021,0.0,1.0,True
2012-09-19,0.6282122135162354,0.6282122135162354,0.0,1.0,True
2012-09-20,0.6745888590812683,0.6745888590812683,0.0,1.0,True
2012-09-21,0.755614697933197,0.755614697933197,0.0,1.0,True
2012-09-24,0.7720175981521606,0.7720175981521606,0.0,1.0,True
2012-09-25,0.608727216720581,0.608727216720581,0.0,1.0,True
2012-09-26,0.6184869408607483,0.6184869408607483,0.0,1.0,True
2012-09-27,0.6206945776939392,0.6206945776939392,0.0,1.0,True
2012-09-28,0.5795707702636719,0.5795707702636719,0.0,0.0,True
2012-10-01,0.5626847147941589,0.5626847147941589,0.0,0.0,True
2012-10-02,0.5511537194252014,0.5511537194252014,0.0,0.0,True
2012-10-03,0.47806045413017273,0.47806045413017273,0.0,0.0,True
2012-10-04,0.46431273221969604,0.46431273221969604,0.0,0.0,True
2012-10-05,0.5430805087089539,0.5430805087089539,0.0,0.0,True
2012-10-08,0.47988012433052063,0.47988012433052063,0.0,0.0,True
2012-10-09,0.6245088577270508,0.6245088577270508,0.0,1.0,True
2012-10-10,0.5766602158546448,0.5766602158546448,0.0,0.0,True
2012-10-11,0.7046427726745605,0.7046427726745605,0.0,1.0,True
2012-10-12,0.6432895660400391,0.6432895660400391,0.0,1.0,True
2012-10-15,0.6444525122642517,0.6444525122642517,0.0,1.0,True
2012-10-16,0.4634106755256653,0.4634106755256653,0.0,0.0,True
2012-10-17,0.4170284867286682,0.4170284867286682,0.0,0.0,True
2012-10-18,0.41762882471084595,0.41762882471084595,0.0,0.0,True
2012-10-19,0.435042142868042,0.435042142868042,0.0,0.0,True
2012-10-22,0.5144242644309998,0.5144242644309998,0.0,0.0,True
2012-10-23,0.5684590339660645,0.5684590339660645,0.0,0.0,True
2012-10-24,0.6179679036140442,0.6179679036140442,0.0,1.0,True
2012-10-25,0.5424277782440186,0.5424277782440186,0.0,0.0,True
2012-10-26,0.5335392355918884,0.5335392355918884,0.0,0.0,True
2012-10-31,0.5591155290603638,0.5591155290603638,0.0,0.0,True
2012-11-01,0.5437479019165039,0.5437479019165039,0.0,0.0,True
2012-11-02,0.5600588321685791,0.5600588321685791,0.0,0.0,True
2012-11-05,0.5556532144546509,0.5556532144546509,0.0,0.0,True
2012-11-06,0.5585684776306152,0.5585684776306152,0.0,0.0,True
2012-11-07,0.5520471334457397,0.5520471334457397,0.0,0.0,True
2012-11-08,0.6510217785835266,0.6510217785835266,1.0,1.0,True
2012-11-09,0.5770337581634521,0.5770337581634521,1.0,0.0,True
2012-11-12,0.587210476398468,0.587210476398468,1.0,1.0,True
2012-11-13,0.6597873568534851,0.6597873568534851,1.0,1.0,True
2012-11-14,0.638606607913971,0.638606607913971,1.0,1.0,True
2012-11-15,0.5395012497901917,0.5395012497901917,1.0,0.0,True
2012-11-16,0.5807608366012573,0.5807608366012573,1.0,1.0,True
2012-11-19,0.48936688899993896,0.48936688899993896,1.0,0.0,True
2012-11-20,0.4703100025653839,0.4703100025653839,1.0,0.0,True
2012-11-21,0.48599106073379517,0.48599106073379517,1.0,0.0,True
2012-11-23,0.4829040765762329,0.4829040765762329,1.0,0.0,True
2012-11-26,0.5023589730262756,0.5023589730262756,1.0,0.0,True
2012-11-27,0.4742316007614136,0.4742316007614136,1.0,0.0,True
2012-11-28,0.4785718321800232,0.4785718321800232,1.0,0.0,True
2012-11-29,0.5090135931968689,0.5090135931968689,1.0,0.0,True
2012-11-30,0.5776721239089966,0.5776721239089966,0.0,0.0,True
2012-12-03,0.5715347528457642,0.5715347528457642,1.0,0.0,True
2012-12-04,0.5922826528549194,0.5922826528549194,0.0,1.0,True
2012-12-05,0.6961569786071777,0.6961569786071777,0.0,1.0,True
2012-12-06,0.7012633085250854,0.7012633085250854,0.0,1.0,True
2012-12-07,0.6408678889274597,0.6408678889274597,1.0,1.0,True
2012-12-10,0.6696202158927917,0.6696202158927917,1.0,1.0,True
2012-12-11,0.6392374038696289,0.6392374038696289,1.0,1.0,True
2012-12-12,0.6651877164840698,0.6651877164840698,1.0,1.0,True
2012-12-13,0.5602242350578308,0.5602242350578308,1.0,0.0,True
2012-12-14,0.616365373134613,0.616365373134613,1.0,1.0,True
2012-12-17,0.5783677697181702,0.5783677697181702,1.0,0.0,True
2012-12-18,0.6813905835151672,0.6813905835151672,0.0,1.0,True
2012-12-19,0.6569382548332214,0.6569382548332214,0.0,1.0,True
2012-12-20,0.5757890343666077,0.5757890343666077,0.0,0.0,True
2012-12-21,0.6228561997413635,0.6228561997413635,0.0,1.0,True
2012-12-24,0.6964224576950073,0.6964224576950073,0.0,1.0,True
2012-12-26,0.6849125027656555,0.6849125027656555,0.0,1.0,True
2012-12-27,0.6485574245452881,0.6485574245452881,0.0,1.0,True
2012-12-28,0.5831484794616699,0.5831484794616699,0.0,1.0,True
2012-12-31,0.4939112365245819,0.4939112365245819,0.0,0.0,True
2013-01-02,0.5811893343925476,0.5811893343925476,1.0,1.0,True
2013-01-03,0.5562900900840759,0.5562900900840759,1.0,0.0,True
2013-01-04,0.6177380084991455,0.6177380084991455,1.0,1.0,True
2013-01-07,0.5457963347434998,0.5457963347434998,1.0,0.0,True
2013-01-08,0.5495675802230835,0.5495675802230835,0.0,0.0,True
2013-01-09,0.7102422118186951,0.7102422118186951,0.0,1.0,True
2013-01-10,0.6166332364082336,0.6166332364082336,1.0,1.0,True
2013-01-11,0.6114522814750671,0.6114522814750671,1.0,1.0,True
2013-01-14,0.6800035834312439,0.6800035834312439,1.0,1.0,True
2013-01-15,0.6782379746437073,0.6782379746437073,1.0,1.0,True
2013-01-16,0.654850959777832,0.654850959777832,0.0,1.0,True
2013-01-17,0.5719831585884094,0.5719831585884094,0.0,0.0,True
2013-01-18,0.6004742383956909,0.6004742383956909,0.0,1.0,True
2013-01-22,0.6437061429023743,0.6437061429023743,0.0,1.0,True
2013-01-23,0.5947525501251221,0.5947525501251221,0.0,1.0,True
2013-01-24,0.5553160905838013,0.5553160905838013,0.0,0.0,True
2013-01-25,0.47338929772377014,0.47338929772377014,1.0,0.0,True
2013-01-28,0.6221427321434021,0.6221427321434021,1.0,1.0,True
2013-01-29,0.4977780878543854,0.4977780878543854,1.0,0.0,True
2013-01-30,0.5544994473457336,0.5544994473457336,0.0,0.0,True
2013-01-31,0.8268294334411621,0.8268294334411621,0.0,1.0,True
2013-02-01,0.7109719514846802,0.7109719514846802,0.0,1.0,True
2013-02-04,0.7687594890594482,0.7687594890594482,0.0,1.0,True
2013-02-05,0.6820257306098938,0.6820257306098938,0.0,1.0,True
2013-02-06,0.7077227234840393,0.7077227234840393,0.0,1.0,True
2013-02-07,0.656864583492279,0.656864583492279,0.0,1.0,True
2013-02-08,0.7016170620918274,0.7016170620918274,0.0,1.0,True
2013-02-11,0.5518443584442139,0.5518443584442139,0.0,0.0,True
2013-02-12,0.6008458733558655,0.6008458733558655,0.0,1.0,True
2013-02-13,0.6047580242156982,0.6047580242156982,0.0,1.0,True
2013-02-14,0.6090746521949768,0.6090746521949768,0.0,1.0,True
2013-02-15,0.7661935687065125,0.7661935687065125,0.0,1.0,True
2013-02-19,0.5252770185470581,0.5252770185470581,0.0,0.0,True
2013-02-20,0.7063105702400208,0.7063105702400208,0.0,1.0,True
2013-02-21,0.7163226008415222,0.7163226008415222,0.0,1.0,True
2013-02-22,0.5862104296684265,0.5862104296684265,0.0,1.0,True
2013-02-25,0.6193699240684509,0.6193699240684509,0.0,1.0,True
2013-02-26,0.5838912725448608,0.5838912725448608,0.0,1.0,True
2013-02-27,0.44082948565483093,0.44082948565483093,0.0,0.0,True
2013-02-28,0.49361664056777954,0.49361664056777954,0.0,0.0,True
2013-03-01,0.44790783524513245,0.44790783524513245,0.0,0.0,True
2013-03-04,0.43329891562461853,0.43329891562461853,0.0,0.0,True
2013-03-05,0.5175119042396545,0.5175119042396545,0.0,0.0,True
2013-03-06,0.5635608434677124,0.5635608434677124,0.0,0.0,True
2013-03-07,0.5661910772323608,0.5661910772323608,0.0,0.0,True
2013-03-08,0.6105879545211792,0.6105879545211792,0.0,1.0,True
2013-03-11,0.6417937278747559,0.6417937278747559,0.0,1.0,True
2013-03-12,0.6410258412361145,0.6410258412361145,0.0,1.0,True
2013-03-13,0.6458204388618469,0.6458204388618469,0.0,1.0,True
2013-03-14,0.649530291557312,0.649530291557312,0.0,1.0,True
2013-03-15,0.6951373219490051,0.6951373219490051,0.0,1.0,True
2013-03-18,0.5974213480949402,0.5974213480949402,0.0,1.0,True
2013-03-19,0.5784424543380737,0.5784424543380737,0.0,0.0,True
2013-03-20,0.5630759596824646,0.5630759596824646,0.0,0.0,True
2013-03-21,0.5888516306877136,0.5888516306877136,0.0,1.0,True
2013-03-22,0.5804896354675293,0.5804896354675293,0.0,1.0,True
2013-03-25,0.6448312401771545,0.6448312401771545,0.0,1.0,True
2013-03-26,0.5565052628517151,0.5565052628517151,0.0,0.0,True
2013-03-27,0.6529431939125061,0.6529431939125061,0.0,1.0,True
2013-03-28,0.5566629767417908,0.5566629767417908,0.0,0.0,True
2013-04-01,0.6374962329864502,0.6374962329864502,0.0,1.0,True
2013-04-02,0.5892571210861206,0.5892571210861206,0.0,1.0,True
2013-04-03,0.631643533706665,0.631643533706665,0.0,1.0,True
2013-04-04,0.6530359983444214,0.6530359983444214,0.0,1.0,True
2013-04-05,0.6457300186157227,0.6457300186157227,0.0,1.0,True
2013-04-08,0.6252289414405823,0.6252289414405823,0.0,1.0,True
2013-04-09,0.6602950096130371,0.6602950096130371,0.0,1.0,True
2013-04-10,0.5892038941383362,0.5892038941383362,0.0,1.0,True
2013-04-11,0.586786150932312,0.586786150932312,0.0,1.0,True
2013-04-12,0.5988646745681763,0.5988646745681763,0.0,1.0,True
2013-04-15,0.5486912727355957,0.5486912727355957,0.0,0.0,True
2013-04-16,0.45971933007240295,0.45971933007240295,0.0,0.0,True
2013-04-17,0.568936824798584,0.568936824798584,0.0,0.0,True
2013-04-18,0.5101280808448792,0.5101280808448792,0.0,0.0,True
2013-04-19,0.5198603868484497,0.5198603868484497,0.0,0.0,True
2013-04-22,0.4338274896144867,0.4338274896144867,0.0,0.0,True
2013-04-23,0.38964319229125977,0.38964319229125977,0.0,0.0,True
2013-04-24,0.3426978886127472,0.3426978886127472,0.0,0.0,True
2013-04-25,0.49129951000213623,0.49129951000213623,0.0,0.0,True
2013-04-26,0.41360363364219666,0.41360363364219666,0.0,0.0,True
2013-04-29,0.5184160470962524,0.5184160470962524,0.0,0.0,True
2013-04-30,0.5550438165664673,0.5550438165664673,0.0,0.0,True
2013-05-01,0.4418943524360657,0.4418943524360657,0.0,0.0,True
2013-05-02,0.4774722158908844,0.4774722158908844,0.0,0.0,True
2013-05-03,0.49273625016212463,0.49273625016212463,1.0,0.0,True
2013-05-06,0.5464722514152527,0.5464722514152527,1.0,0.0,True
2013-05-07,0.5462684631347656,0.5462684631347656,1.0,0.0,True
2013-05-08,0.5857954621315002,0.5857954621315002,0.0,1.0,True
2013-05-09,0.5480346083641052,0.5480346083641052,0.0,0.0,True
2013-05-10,0.6147933602333069,0.6147933602333069,0.0,1.0,True
2013-05-13,0.6827841401100159,0.6827841401100159,0.0,1.0,True
2013-05-14,0.5746201276779175,0.5746201276779175,0.0,0.0,True
2013-05-15,0.5593941807746887,0.5593941807746887,0.0,0.0,True
2013-05-16,0.5989132523536682,0.5989132523536682,1.0,1.0,True
2013-05-17,0.577831506729126,0.577831506729126,0.0,0.0,True
2013-05-20,0.6153294444084167,0.6153294444084167,0.0,1.0,True
2013-05-21,0.6480525732040405,0.6480525732040405,0.0,1.0,True
2013-05-22,0.6927136182785034,0.6927136182785034,0.0,1.0,True
2013-05-23,0.6811320185661316,0.6811320185661316,0.0,1.0,True
2013-05-24,0.7468761205673218,0.7468761205673218,0.0,1.0,True
2013-05-28,0.6688992977142334,0.6688992977142334,0.0,1.0,True
2013-05-29,0.7052770256996155,0.7052770256996155,0.0,1.0,True
2013-05-30,0.6733154654502869,0.6733154654502869,0.0,1.0,True
2013-05-31,0.5953810811042786,0.5953810811042786,0.0,1.0,True
2013-06-03,0.6779199838638306,0.6779199838638306,0.0,1.0,True
2013-06-04,0.626276433467865,0.626276433467865,0.0,1.0,True
2013-06-05,0.633403480052948,0.633403480052948,0.0,1.0,True
2013-06-06,0.5811024308204651,0.5811024308204651,0.0,1.0,True
2013-06-07,0.45495569705963135,0.45495569705963135,0.0,0.0,True
2013-06-10,0.48023247718811035,0.48023247718811035,0.0,0.0,True
2013-06-11,0.4693377614021301,0.4693377614021301,0.0,0.0,True
2013-06-12,0.42800194025039673,0.42800194025039673,0.0,0.0,True
2013-06-13,0.4123668372631073,0.4123668372631073,0.0,0.0,True
2013-06-14,0.5124862194061279,0.5124862194061279,0.0,0.0,True
2013-06-17,0.45165249705314636,0.45165249705314636,0.0,0.0,True
2013-06-18,0.41900166869163513,0.41900166869163513,0.0,0.0,True
2013-06-19,0.425706148147583,0.425706148147583,1.0,0.0,True
2013-06-20,0.4433196187019348,0.4433196187019348,1.0,0.0,True
2013-06-21,0.3819606900215149,0.3819606900215149,1.0,0.0,True
2013-06-24,0.5476669669151306,0.5476669669151306,1.0,0.0,True
2013-06-25,0.5215998888015747,0.5215998888015747,1.0,0.0,True
2013-06-26,0.5191150903701782,0.5191150903701782,1.0,0.0,True
2013-06-27,0.4645928740501404,0.4645928740501404,1.0,0.0,True
2013-06-28,0.5242369771003723,0.5242369771003723,1.0,0.0,True
2013-07-01,0.44009265303611755,0.44009265303611755,1.0,0.0,True
2013-07-02,0.4605311453342438,0.4605311453342438,1.0,0.0,True
2013-07-03,0.6473003625869751,0.6473003625869751,1.0,0.9071648678015692,True
2013-07-05,0.516676664352417,0.516676664352417,1.0,0.0,True
2013-07-08,0.6461114883422852,0.6461114883422852,1.0,0.9283133690789477,True
2013-07-09,0.556232213973999,0.556232213973999,1.0,0.0,True
2013-07-10,0.5878109931945801,0.5878109931945801,1.0,0.9458712809664612,True
2013-07-11,0.7002583742141724,0.7002583742141724,1.0,0.9458712809664612,True
2013-07-12,0.7054693698883057,0.7054693698883057,1.0,0.9458712809664612,True
2013-07-15,0.7089531421661377,0.7089531421661377,1.0,0.9458712809664612,True
2013-07-16,0.5882845520973206,0.5882845520973206,0.0,0.9458712809664612,True
2013-07-17,0.6718357801437378,0.6718357801437378,0.0,0.9458712809664612,True
2013-07-18,0.806709349155426,0.806709349155426,0.0,0.9458712809664612,True
2013-07-19,0.7213002443313599,0.7213002443313599,1.0,0.9458712809664612,True
2013-07-22,0.7193758487701416,0.7193758487701416,1.0,0.9458712809664612,True
2013-07-23,0.6301634311676025,0.6301634311676025,1.0,0.9458712809664612,True
2013-07-24,0.6938139200210571,0.6938139200210571,1.0,0.9458712809664612,True
2013-07-25,0.605114758014679,0.605114758014679,0.0,0.9458712809664612,True
2013-07-26,0.6401534676551819,0.6401534676551819,0.0,0.9458712809664612,True
2013-07-29,0.6717722415924072,0.6717722415924072,0.0,0.9458712809664612,True
2013-07-30,0.7056273221969604,0.7056273221969604,0.0,0.9458712809664612,True
2013-07-31,0.7075889110565186,0.7075889110565186,0.0,0.9458712809664612,True
2013-08-01,0.5772005319595337,0.5772005319595337,0.0,0.0,True
2013-08-02,0.6335263252258301,0.6335263252258301,0.0,1.0,True
2013-08-05,0.49446630477905273,0.49446630477905273,0.0,0.0,True
2013-08-06,0.6401703357696533,0.6401703357696533,0.0,1.0,True
2013-08-07,0.6346575021743774,0.6346575021743774,0.0,1.0,True
2013-08-08,0.8325211405754089,0.8325211405754089,0.0,1.0,True
2013-08-09,0.8060620427131653,0.8060620427131653,0.0,1.0,True
2013-08-12,0.8289783596992493,0.8289783596992493,0.0,1.0,True
2013-08-13,0.8327203392982483,0.8327203392982483,0.0,1.0,True
2013-08-14,0.858532726764679,0.858532726764679,0.0,1.0,True
2013-08-15,0.6987040042877197,0.6987040042877197,0.0,1.0,True
2013-08-16,0.6590800881385803,0.6590800881385803,0.0,1.0,True
2013-08-19,0.6793519258499146,0.6793519258499146,0.0,1.0,True
2013-08-20,0.6219875812530518,0.6219875812530518,0.0,1.0,True
2013-08-21,0.6148895621299744,0.6148895621299744,0.0,1.0,True
2013-08-22,0.5083366632461548,0.5083366632461548,0.0,0.0,True
2013-08-23,0.4919348657131195,0.4919348657131195,0.0,0.0,True
2013-08-26,0.4136841595172882,0.4136841595172882,0.0,0.0,True
2013-08-27,0.5261305570602417,0.5261305570602417,0.0,0.0,True
2013-08-28,0.3894921541213989,0.3894921541213989,0.0,0.0,True
2013-08-29,0.6141684055328369,0.6141684055328369,0.0,1.0,True
2013-08-30,0.6011337637901306,0.6011337637901306,0.0,1.0,True
2013-09-03,0.6463848352432251,0.6463848352432251,0.0,1.0,True
2013-09-04,0.5028948783874512,0.5028948783874512,0.0,0.0,True
2013-09-05,0.5236161947250366,0.5236161947250366,0.0,0.0,True
2013-09-06,0.5314904451370239,0.5314904451370239,0.0,0.0,True
2013-09-09,0.5413317084312439,0.5413317084312439,0.0,0.0,True
2013-09-10,0.5484095811843872,0.5484095811843872,0.0,0.0,True
2013-09-11,0.5393869876861572,0.5393869876861572,0.0,0.0,True
2013-09-12,0.5224928855895996,0.5224928855895996,0.0,0.0,True
2013-09-13,0.5225255489349365,0.5225255489349365,0.0,0.0,True
2013-09-16,0.5528023838996887,0.5528023838996887,0.0,0.0,True
2013-09-17,0.575824499130249,0.575824499130249,0.0,0.0,True
2013-09-18,0.6738193035125732,0.6738193035125732,0.0,1.0,True
2013-09-19,0.7313265800476074,0.7313265800476074,0.0,1.0,True
2013-09-20,0.60789954662323,0.60789954662323,0.0,1.0,True
2013-09-23,0.6412728428840637,0.6412728428840637,0.0,1.0,True
2013-09-24,0.6572416424751282,0.6572416424751282,0.0,1.0,True
2013-09-25,0.7956514954566956,0.7956514954566956,1.0,1.0,True
2013-09-26,0.773445188999176,0.773445188999176,0.0,1.0,True
2013-09-27,0.7398201823234558,0.7398201823234558,0.0,1.0,True
2013-09-30,0.715225875377655,0.715225875377655,1.0,1.0,True
2013-10-01,0.6616804003715515,0.6616804003715515,0.0,1.0,True
2013-10-02,0.5705715417861938,0.5705715417861938,0.0,0.0,True
2013-10-03,0.6069811582565308,0.6069811582565308,0.0,1.0,True
2013-10-04,0.6114752292633057,0.6114752292633057,0.0,1.0,True
2013-10-07,0.596392035484314,0.596392035484314,0.0,1.0,True
2013-10-08,0.5865181088447571,0.5865181088447571,0.0,1.0,True
2013-10-09,0.5583022832870483,0.5583022832870483,0.0,0.0,True
2013-10-10,0.4447099268436432,0.4447099268436432,0.0,0.0,True
2013-10-11,0.4907277524471283,0.4907277524471283,0.0,0.0,True
2013-10-14,0.46670863032341003,0.46670863032341003,0.0,0.0,True
2013-10-15,0.3894607126712799,0.3894607126712799,0.0,0.0,True
2013-10-16,0.478109210729599,0.478109210729599,0.0,0.0,True
2013-10-17,0.5200265049934387,0.5200265049934387,0.0,0.0,True
2013-10-18,0.5612919330596924,0.5612919330596924,0.0,0.0,True
2013-10-21,0.5887364149093628,0.5887364149093628,0.0,1.0,True
2013-10-22,0.5805801153182983,0.5805801153182983,0.0,1.0,True
2013-10-23,0.5845423936843872,0.5845423936843872,0.0,1.0,True
2013-10-24,0.605959951877594,0.605959951877594,0.0,1.0,True
2013-10-25,0.6627054810523987,0.6627054810523987,0.0,1.0,True
2013-10-28,0.6714671850204468,0.6714671850204468,0.0,1.0,True
2013-10-29,0.6718748211860657,0.6718748211860657,0.0,1.0,True
2013-10-30,0.6576622128486633,0.6576622128486633,0.0,1.0,True
2013-10-31,0.6084612607955933,0.6084612607955933,0.0,1.0,True
2013-11-01,0.6024073362350464,0.6024073362350464,0.0,1.0,True
2013-11-04,0.6137189865112305,0.6137189865112305,0.0,1.0,True
2013-11-05,0.5916221141815186,0.5916221141815186,1.0,1.0,True
2013-11-06,0.5565021634101868,0.5565021634101868,1.0,0.0,True
2013-11-07,0.6349787712097168,0.6349787712097168,0.0,1.0,True
2013-11-08,0.5303509831428528,0.5303509831428528,0.0,0.0,True
2013-11-11,0.5167631506919861,0.5167631506919861,0.0,0.0,True
2013-11-12,0.6012089252471924,0.6012089252471924,0.0,1.0,True
2013-11-13,0.7178053259849548,0.7178053259849548,0.0,1.0,True
2013-11-14,0.5220167636871338,0.5220167636871338,0.0,0.0,True
2013-11-15,0.5324334502220154,0.5324334502220154,0.0,0.0,True
2013-11-18,0.5112731456756592,0.5112731456756592,0.0,0.0,True
2013-11-19,0.5050441026687622,0.5050441026687622,0.0,0.0,True
2013-11-20,0.5814419388771057,0.5814419388771057,0.0,1.0,True
2013-11-21,0.6105162501335144,0.6105162501335144,0.0,1.0,True
2013-11-22,0.6054205894470215,0.6054205894470215,0.0,1.0,True
2013-11-25,0.5768267512321472,0.5768267512321472,0.0,0.0,True
2013-11-26,0.5466019511222839,0.5466019511222839,0.0,0.0,True
2013-11-27,0.4499373137950897,0.4499373137950897,0.0,0.0,True
2013-11-29,0.6489710807800293,0.6489710807800293,0.0,1.0,True
2013-12-02,0.6685971021652222,0.6685971021652222,0.0,1.0,True
2013-12-03,0.6505250930786133,0.6505250930786133,0.0,1.0,True
2013-12-04,0.6721913814544678,0.6721913814544678,0.0,1.0,True
2013-12-05,0.7067282199859619,0.7067282199859619,0.0,1.0,True
2013-12-06,0.5778747797012329,0.5778747797012329,0.0,0.0,True
2013-12-09,0.5948097109794617,0.5948097109794617,0.0,1.0,True
2013-12-10,0.6312006115913391,0.6312006115913391,0.0,1.0,True
2013-12-11,0.7500287294387817,0.7500287294387817,0.0,1.0,True
2013-12-12,0.7538381814956665,0.7538381814956665,0.0,1.0,True
2013-12-13,0.5867729783058167,0.5867729783058167,0.0,1.0,True
2013-12-16,0.6140562891960144,0.6140562891960144,0.0,1.0,True
2013-12-17,0.680483341217041,0.680483341217041,0.0,1.0,True
2013-12-18,0.5189689993858337,0.5189689993858337,0.0,0.0,True
2013-12-19,0.509087860584259,0.509087860584259,0.0,0.0,True
2013-12-20,0.5025302171707153,0.5025302171707153,0.0,0.0,True
2013-12-23,0.4995465874671936,0.4995465874671936,0.0,0.0,True
2013-12-24,0.45595186948776245,0.45595186948776245,0.0,0.0,True
2013-12-26,0.5704756379127502,0.5704756379127502,0.0,0.0,True
2013-12-27,0.555580198764801,0.555580198764801,0.0,0.0,True
2013-12-30,0.5520166158676147,0.5520166158676147,0.0,0.0,True
2013-12-31,0.644773006439209,0.644773006439209,0.0,1.0,True
2014-01-02,0.5945120453834534,0.5945120453834534,0.0,1.0,True
2014-01-03,0.5453420877456665,0.5453420877456665,0.0,0.0,True
2014-01-06,0.5440955758094788,0.5440955758094788,0.0,0.0,True
2014-01-07,0.5758209228515625,0.5758209228515625,0.0,0.0,True
2014-01-08,0.5838829874992371,0.5838829874992371,0.0,1.0,True
2014-01-09,0.6137270331382751,0.6137270331382751,0.0,1.0,True
2014-01-10,0.5489000678062439,0.5489000678062439,0.0,0.0,True
2014-01-13,0.5950832962989807,0.5950832962989807,0.0,1.0,True
2014-01-14,0.538220226764679,0.538220226764679,0.0,0.0,True
2014-01-15,0.5314845442771912,0.5314845442771912,0.0,0.0,True
2014-01-16,0.5127394199371338,0.5127394199371338,0.0,0.0,True
2014-01-17,0.7349948287010193,0.7349948287010193,0.0,1.0,True
2014-01-21,0.4971367418766022,0.4971367418766022,0.0,0.0,True
2014-01-22,0.553655207157135,0.553655207157135,0.0,0.0,True
2014-01-23,0.6498633623123169,0.6498633623123169,0.0,1.0,True
2014-01-24,0.5657821297645569,0.5657821297645569,0.0,0.0,True
2014-01-27,0.5927280783653259,0.5927280783653259,0.0,1.0,True
2014-01-28,0.546026349067688,0.546026349067688,0.0,0.0,True
2014-01-29,0.7326604723930359,0.7326604723930359,0.0,1.0,True
2014-01-30,0.5576282739639282,0.5576282739639282,0.0,0.0,True
2014-01-31,0.47731006145477295,0.47731006145477295,0.0,0.0,True
2014-02-03,0.44914138317108154,0.44914138317108154,1.0,0.0,True
2014-02-04,0.4313359558582306,0.4313359558582306,1.0,0.0,True
2014-02-05,0.4441376328468323,0.4441376328468323,1.0,0.0,True
2014-02-06,0.4485738277435303,0.4485738277435303,1.0,0.0,True
2014-02-07,0.42318195104599,0.42318195104599,1.0,0.0,True
2014-02-10,0.5168316960334778,0.5168316960334778,1.0,0.0,True
2014-02-11,0.49270325899124146,0.49270325899124146,1.0,0.0,True
2014-02-12,0.5762348771095276,0.5762348771095276,0.0,0.0,True
2014-02-13,0.5852947235107422,0.5852947235107422,1.0,0.9496497416891773,True
2014-02-14,0.6975292563438416,0.6975292563438416,1.0,0.9496497416891773,True
2014-02-18,0.6590354442596436,0.6590354442596436,0.0,0.9496497416891773,True
2014-02-19,0.6727713942527771,0.6727713942527771,1.0,0.9496497416891773,True
2014-02-20,0.6231650710105896,0.6231650710105896,1.0,0.9496497416891773,True
2014-02-21,0.5968875885009766,0.5968875885009766,0.0,0.9496497416891773,True
2014-02-24,0.6160414218902588,0.6160414218902588,1.0,0.9496497416891773,True
2014-02-25,0.6113765835762024,0.6113765835762024,1.0,0.9496497416891773,True
2014-02-26,0.6767907738685608,0.6767907738685608,1.0,0.9496497416891773,True
2014-02-27,0.6572313904762268,0.6572313904762268,1.0,0.9496497416891773,True
2014-02-28,0.6737498044967651,0.6737498044967651,0.0,0.9496497416891773,True
2014-03-03,0.6076915264129639,0.6076915264129639,1.0,0.9496497416891773,True
2014-03-04,0.6250678896903992,0.6250678896903992,1.0,0.9496497416891773,True
2014-03-05,0.5537128448486328,0.5537128448486328,1.0,0.0,True
2014-03-06,0.5987679958343506,0.5987679958343506,1.0,1.0,True
2014-03-07,0.556219756603241,0.556219756603241,1.0,0.0,True
2014-03-10,0.5391311049461365,0.5391311049461365,0.0,0.0,True
2014-03-11,0.6559774279594421,0.6559774279594421,0.0,1.0,True
2014-03-12,0.6644190549850464,0.6644190549850464,0.0,1.0,True
2014-03-13,0.628733217716217,0.628733217716217,0.0,1.0,True
2014-03-14,0.7022542357444763,0.7022542357444763,0.0,1.0,True
2014-03-17,0.6723634600639343,0.6723634600639343,0.0,1.0,True
2014-03-18,0.6145367622375488,0.6145367622375488,0.0,1.0,True
2014-03-19,0.6136482954025269,0.6136482954025269,0.0,1.0,True
2014-03-20,0.49561774730682373,0.49561774730682373,0.0,0.0,True
2014-03-21,0.4763227701187134,0.4763227701187134,0.0,0.0,True
2014-03-24,0.5582928657531738,0.5582928657531738,0.0,0.0,True
2014-03-25,0.5733956098556519,0.5733956098556519,0.0,0.0,True
2014-03-26,0.5934145450592041,0.5934145450592041,0.0,1.0,True
2014-03-27,0.6544995903968811,0.6544995903968811,0.0,1.0,True
2014-03-28,0.567879855632782,0.567879855632782,0.0,0.0,True
2014-03-31,0.44057944416999817,0.44057944416999817,0.0,0.0,True
2014-04-01,0.4626121520996094,0.4626121520996094,0.0,0.0,True
2014-04-02,0.4928111732006073,0.4928111732006073,0.0,0.0,True
2014-04-03,0.439675509929657,0.439675509929657,0.0,0.0,True
2014-04-04,0.6027893424034119,0.6027893424034119,0.0,1.0,True
2014-04-07,0.6043845415115356,0.6043845415115356,0.0,1.0,True
2014-04-08,0.6351150870323181,0.6351150870323181,0.0,1.0,True
2014-04-09,0.5430634617805481,0.5430634617805481,0.0,0.0,True
2014-04-10,0.5904756784439087,0.5904756784439087,0.0,1.0,True
2014-04-11,0.5350669026374817,0.5350669026374817,0.0,0.0,True
2014-04-14,0.49859169125556946,0.49859169125556946,0.0,0.0,True
2014-04-15,0.47756636142730713,0.47756636142730713,0.0,0.0,True
2014-04-16,0.5205262303352356,0.5205262303352356,0.0,0.0,True
2014-04-17,0.435625821352005,0.435625821352005,0.0,0.0,True
2014-04-21,0.5505726933479309,0.5505726933479309,0.0,0.0,True
2014-04-22,0.5836386680603027,0.5836386680603027,0.0,1.0,True
2014-04-23,0.44717854261398315,0.44717854261398315,0.0,0.0,True
2014-04-24,0.5882944464683533,0.5882944464683533,0.0,1.0,True
2014-04-25,0.5664677619934082,0.5664677619934082,0.0,0.0,True
2014-04-28,0.5377810597419739,0.5377810597419739,0.0,0.0,True
2014-04-29,0.6100279092788696,0.6100279092788696,0.0,1.0,True
2014-04-30,0.611289381980896,0.611289381980896,0.0,1.0,True
2014-05-01,0.596854567527771,0.596854567527771,0.0,1.0,True
2014-05-02,0.6550261378288269,0.6550261378288269,0.0,1.0,True
2014-05-05,0.6563282608985901,0.6563282608985901,0.0,1.0,True
2014-05-06,0.665100634098053,0.665100634098053,0.0,1.0,True
2014-05-07,0.609024703502655,0.609024703502655,0.0,1.0,True
2014-05-08,0.5971594452857971,0.5971594452857971,0.0,1.0,True
2014-05-09,0.6840577721595764,0.6840577721595764,0.0,1.0,True
2014-05-12,0.5448985695838928,0.5448985695838928,0.0,0.0,True
2014-05-13,0.4592170715332031,0.4592170715332031,0.0,0.0,True
2014-05-14,0.5632630586624146,0.5632630586624146,0.0,0.0,True
2014-05-15,0.6240798234939575,0.6240798234939575,0.0,1.0,True
2014-05-16,0.6154036521911621,0.6154036521911621,0.0,1.0,True
2014-05-19,0.6424292325973511,0.6424292325973511,0.0,1.0,True
2014-05-20,0.6490690112113953,0.6490690112113953,0.0,1.0,True
2014-05-21,0.5399466753005981,0.5399466753005981,0.0,0.0,True
2014-05-22,0.4457346200942993,0.4457346200942993,0.0,0.0,True
2014-05-23,0.4559265375137329,0.4559265375137329,0.0,0.0,True
2014-05-27,0.45814812183380127,0.45814812183380127,0.0,0.0,True
2014-05-28,0.3470642566680908,0.3470642566680908,0.0,0.0,True
2014-05-29,0.4702620208263397,0.4702620208263397,0.0,0.0,True
2014-05-30,0.4841301441192627,0.4841301441192627,0.0,0.0,True
2014-06-02,0.4830637574195862,0.4830637574195862,0.0,0.0,True
2014-06-03,0.4954589903354645,0.4954589903354645,0.0,0.0,True
2014-06-04,0.523116409778595,0.523116409778595,0.0,0.0,True
2014-06-05,0.5481889843940735,0.5481889843940735,0.0,0.0,True
2014-06-06,0.4186064898967743,0.4186064898967743,0.0,0.0,True
2014-06-09,0.5619921684265137,0.5619921684265137,0.0,0.0,True
2014-06-10,0.5217121839523315,0.5217121839523315,0.0,0.0,True
2014-06-11,0.5079207420349121,0.5079207420349121,0.0,0.0,True
2014-06-12,0.689061164855957,0.689061164855957,0.0,1.0,True
2014-06-13,0.7386110424995422,0.7386110424995422,0.0,1.0,True
2014-06-16,0.7443739771842957,0.7443739771842957,0.0,1.0,True
2014-06-17,0.7231717109680176,0.7231717109680176,0.0,1.0,True
2014-06-18,0.689240574836731,0.689240574836731,0.0,1.0,True
2014-06-19,0.6074293851852417,0.6074293851852417,0.0,1.0,True
2014-06-20,0.5704675912857056,0.5704675912857056,0.0,0.0,True
2014-06-23,0.6105533242225647,0.6105533242225647,0.0,1.0,True
2014-06-24,0.7217842936515808,0.7217842936515808,0.0,1.0,True
2014-06-25,0.6809926629066467,0.6809926629066467,0.0,1.0,True
2014-06-26,0.6883151531219482,0.6883151531219482,0.0,1.0,True
2014-06-27,0.6869925856590271,0.6869925856590271,0.0,1.0,True
2014-06-30,0.7325702905654907,0.7325702905654907,0.0,1.0,True
2014-07-01,0.5206624865531921,0.5206624865531921,0.0,0.0,True
2014-07-02,0.5397701859474182,0.5397701859474182,0.0,0.0,True
2014-07-03,0.5070998668670654,0.5070998668670654,0.0,0.0,True
2014-07-07,0.5379588007926941,0.5379588007926941,0.0,0.0,True
2014-07-08,0.6468661427497864,0.6468661427497864,0.0,1.0,True
2014-07-09,0.6199519038200378,0.6199519038200378,0.0,1.0,True
2014-07-10,0.6792789697647095,0.6792789697647095,0.0,1.0,True
2014-07-11,0.7103771567344666,0.7103771567344666,0.0,1.0,True
2014-07-14,0.6640357375144958,0.6640357375144958,0.0,1.0,True
2014-07-15,0.6894776225090027,0.6894776225090027,0.0,1.0,True
2014-07-16,0.6459597945213318,0.6459597945213318,0.0,1.0,True
2014-07-17,0.6490345597267151,0.6490345597267151,0.0,1.0,True
2014-07-18,0.6957927942276001,0.6957927942276001,0.0,1.0,True
2014-07-21,0.7482329607009888,0.7482329607009888,0.0,1.0,True
2014-07-22,0.686637282371521,0.686637282371521,0.0,1.0,True
2014-07-23,0.7041905522346497,0.7041905522346497,0.0,1.0,True
2014-07-24,0.4299389123916626,0.4299389123916626,0.0,0.0,True
2014-07-25,0.5444685220718384,0.5444685220718384,0.0,0.0,True
2014-07-28,0.5820581316947937,0.5820581316947937,0.0,1.0,True
2014-07-29,0.6052914261817932,0.6052914261817932,0.0,1.0,True
2014-07-30,0.6197636127471924,0.6197636127471924,0.0,1.0,True
2014-07-31,0.5981525778770447,0.5981525778770447,0.0,1.0,True
2014-08-01,0.5769352316856384,0.5769352316856384,0.0,0.0,True
2014-08-04,0.5324069261550903,0.5324069261550903,0.0,0.0,True
2014-08-05,0.5624853372573853,0.5624853372573853,0.0,0.0,True
2014-08-06,0.5463629961013794,0.5463629961013794,0.0,0.0,True
2014-08-07,0.560725212097168,0.560725212097168,0.0,0.0,True
2014-08-08,0.5060417652130127,0.5060417652130127,0.0,0.0,True
2014-08-11,0.5221709609031677,0.5221709609031677,0.0,0.0,True
2014-08-12,0.47322148084640503,0.47322148084640503,0.0,0.0,True
2014-08-13,0.5187819600105286,0.5187819600105286,0.0,0.0,True
2014-08-14,0.5218027234077454,0.5218027234077454,0.0,0.0,True
2014-08-15,0.5327544212341309,0.5327544212341309,0.0,0.0,True
2014-08-18,0.5581182837486267,0.5581182837486267,0.0,0.0,True
2014-08-19,0.6790579557418823,0.6790579557418823,0.0,1.0,True
2014-08-20,0.6447750329971313,0.6447750329971313,0.0,1.0,True
2014-08-21,0.6072485446929932,0.6072485446929932,0.0,1.0,True
2014-08-22,0.5789719820022583,0.5789719820022583,0.0,0.0,True
2014-08-25,0.6528544425964355,0.6528544425964355,0.0,1.0,True
2014-08-26,0.5370352268218994,0.5370352268218994,0.0,0.0,True
2014-08-27,0.5477782487869263,0.5477782487869263,0.0,0.0,True
2014-08-28,0.6242931485176086,0.6242931485176086,0.0,1.0,True
2014-08-29,0.5780707597732544,0.5780707597732544,0.0,0.0,True
2014-09-02,0.6336739659309387,0.6336739659309387,0.0,1.0,True
2014-09-03,0.7327616214752197,0.7327616214752197,0.0,1.0,True
2014-09-04,0.7137677073478699,0.7137677073478699,0.0,1.0,True
2014-09-05,0.712844729423523,0.712844729423523,1.0,1.0,True
2014-09-08,0.7395607233047485,0.7395607233047485,0.0,1.0,True
2014-09-09,0.783867597579956,0.783867597579956,0.0,1.0,True
2014-09-10,0.7557559013366699,0.7557559013366699,0.0,1.0,True
2014-09-11,0.7185953855514526,0.7185953855514526,0.0,1.0,True
2014-09-12,0.8043931722640991,0.8043931722640991,0.0,1.0,True
2014-09-15,0.808851420879364,0.808851420879364,0.0,1.0,True
2014-09-16,0.6449650526046753,0.6449650526046753,0.0,1.0,True
2014-09-17,0.6471648812294006,0.6471648812294006,0.0,1.0,True
2014-09-18,0.573039174079895,0.573039174079895,0.0,0.0,True
2014-09-19,0.47859618067741394,0.47859618067741394,0.0,0.0,True
2014-09-22,0.7169864773750305,0.7169864773750305,0.0,1.0,True
2014-09-23,0.7414687275886536,0.7414687275886536,0.0,1.0,True
2014-09-24,0.6572397947311401,0.6572397947311401,0.0,1.0,True
2014-09-25,0.6995508074760437,0.6995508074760437,0.0,1.0,True
2014-09-26,0.7512024641036987,0.7512024641036987,0.0,1.0,True
2014-09-29,0.7326635122299194,0.7326635122299194,0.0,1.0,True
2014-09-30,0.7396074533462524,0.7396074533462524,0.0,1.0,True
2014-10-01,0.5768903493881226,0.5768903493881226,0.0,0.0,True
2014-10-02,0.5360490679740906,0.5360490679740906,0.0,0.0,True
2014-10-03,0.4847932755947113,0.4847932755947113,0.0,0.0,True
2014-10-06,0.5223199129104614,0.5223199129104614,0.0,0.0,True
2014-10-07,0.4735785126686096,0.4735785126686096,0.0,0.0,True
2014-10-08,0.4304524064064026,0.4304524064064026,0.0,0.0,True
2014-10-09,0.5484613180160522,0.5484613180160522,1.0,0.0,True
2014-10-10,0.5499091744422913,0.5499091744422913,1.0,0.0,True
2014-10-13,0.556249737739563,0.556249737739563,1.0,0.0,True
2014-10-14,0.4917134642601013,0.4917134642601013,1.0,0.0,True
2014-10-15,0.7294137477874756,0.7294137477874756,1.0,0.9265753641138543,True
2014-10-16,0.5812090635299683,0.5812090635299683,1.0,0.9265753641138543,True
2014-10-17,0.4863273501396179,0.4863273501396179,1.0,0.0,True
2014-10-20,0.4440363049507141,0.4440363049507141,1.0,0.0,True
2014-10-21,0.4826186001300812,0.4826186001300812,1.0,0.0,True
2014-10-22,0.48481810092926025,0.48481810092926025,1.0,0.0,True
2014-10-23,0.52036452293396,0.52036452293396,1.0,0.0,True
2014-10-24,0.5404984354972839,0.5404984354972839,1.0,0.0,True
2014-10-27,0.4887785017490387,0.4887785017490387,1.0,0.0,True
2014-10-28,0.4618954062461853,0.4618954062461853,1.0,0.0,True
2014-10-29,0.5574212074279785,0.5574212074279785,1.0,0.0,True
2014-10-30,0.5714687705039978,0.5714687705039978,1.0,0.0,True
2014-10-31,0.6206877827644348,0.6206877827644348,1.0,0.8188616066452282,True
2014-11-03,0.655162513256073,0.655162513256073,1.0,0.8188616066452282,True
2014-11-04,0.6254122257232666,0.6254122257232666,1.0,0.8188616066452282,True
2014-11-05,0.7296612858772278,0.7296612858772278,1.0,0.8188616066452282,True
2014-11-06,0.7002527713775635,0.7002527713775635,1.0,1.0,True
2014-11-07,0.7974551916122437,0.7974551916122437,1.0,1.0,True
2014-11-10,0.694939374923706,0.694939374923706,1.0,1.0,True
2014-11-11,0.5273780822753906,0.5273780822753906,1.0,0.0,True
2014-11-12,0.45751506090164185,0.45751506090164185,1.0,0.0,True
2014-11-13,0.6463003754615784,0.6463003754615784,1.0,1.0,True
2014-11-14,0.6064383387565613,0.6064383387565613,1.0,1.0,True
2014-11-17,0.6520936489105225,0.6520936489105225,1.0,1.0,True
2014-11-18,0.6279484629631042,0.6279484629631042,0.0,1.0,True
2014-11-19,0.5961652398109436,0.5961652398109436,0.0,1.0,True
2014-11-20,0.5773403644561768,0.5773403644561768,0.0,0.0,True
2014-11-21,0.4861403703689575,0.4861403703689575,0.0,0.0,True
2014-11-24,0.35482358932495117,0.35482358932495117,0.0,0.0,True
2014-11-25,0.4782067537307739,0.4782067537307739,0.0,0.0,True
2014-11-26,0.33909133076667786,0.33909133076667786,0.0,0.0,True
2014-11-28,0.533311128616333,0.533311128616333,0.0,0.0,True
2014-12-01,0.7762389183044434,0.7762389183044434,0.0,1.0,True
2014-12-02,0.7402836680412292,0.7402836680412292,0.0,1.0,True
2014-12-03,0.7663652300834656,0.7663652300834656,0.0,1.0,True
2014-12-04,0.8025453090667725,0.8025453090667725,0.0,1.0,True
2014-12-05,0.8027938604354858,0.8027938604354858,0.0,1.0,True
2014-12-08,0.7005109786987305,0.7005109786987305,0.0,1.0,True
2014-12-09,0.7697936296463013,0.7697936296463013,0.0,1.0,True
2014-12-10,0.6561568975448608,0.6561568975448608,0.0,1.0,True
2014-12-11,0.7257784605026245,0.7257784605026245,0.0,1.0,True
2014-12-12,0.7078354954719543,0.7078354954719543,0.0,1.0,True
2014-12-15,0.6980878710746765,0.6980878710746765,0.0,1.0,True
2014-12-16,0.7278646230697632,0.7278646230697632,0.0,1.0,True
2014-12-17,0.5390541553497314,0.5390541553497314,0.0,0.0,True
2014-12-18,0.6190497279167175,0.6190497279167175,1.0,0.9568652494337616,True
2014-12-19,0.4823870062828064,0.4823870062828064,1.0,0.0,True
2014-12-22,0.5364586114883423,0.5364586114883423,1.0,0.0,True
2014-12-23,0.5529097318649292,0.5529097318649292,1.0,0.0,True
2014-12-24,0.39752674102783203,0.39752674102783203,1.0,0.0,True
2014-12-26,0.6533234715461731,0.6533234715461731,1.0,0.9560475076638918,True
2014-12-29,0.725651204586029,0.725651204586029,1.0,0.9560475076638918,True
2014-12-30,0.6046962141990662,0.6046962141990662,1.0,0.9560475076638918,True
2014-12-31,0.5343584418296814,0.5343584418296814,0.0,0.0,True
2015-01-02,0.5722967386245728,0.5722967386245728,0.0,0.0,True
2015-01-05,0.5169341564178467,0.5169341564178467,1.0,0.0,True
2015-01-06,0.5067636966705322,0.5067636966705322,1.0,0.0,True
2015-01-07,0.5723422765731812,0.5723422765731812,1.0,0.0,True
2015-01-08,0.5806280970573425,0.5806280970573425,1.0,0.7902763900597501,True
2015-01-09,0.5810256004333496,0.5810256004333496,1.0,0.7902763900597501,True
2015-01-12,0.5489955544471741,0.5489955544471741,1.0,0.0,True
2015-01-13,0.48542824387550354,0.48542824387550354,1.0,0.0,True
2015-01-14,0.49730968475341797,0.49730968475341797,1.0,0.0,True
2015-01-15,0.6438667178153992,0.6438667178153992,1.0,0.8573173437086915,True
2015-01-16,0.5004866719245911,0.5004866719245911,1.0,0.0,True
2015-01-20,0.5817614197731018,0.5817614197731018,0.0,1.0,True
2015-01-21,0.6158995032310486,0.6158995032310486,0.0,1.0,True
2015-01-22,0.5561808943748474,0.5561808943748474,0.0,0.0,True
2015-01-23,0.5443857908248901,0.5443857908248901,0.0,0.0,True
2015-01-26,0.5519222617149353,0.5519222617149353,0.0,0.0,True
2015-01-27,0.5734102725982666,0.5734102725982666,1.0,0.0,True
2015-01-28,0.5898311138153076,0.5898311138153076,1.0,0.9256776882323359,True
2015-01-29,0.5991908311843872,0.5991908311843872,1.0,0.9256776882323359,True
2015-01-30,0.5387114882469177,0.5387114882469177,1.0,0.0,True
2015-02-02,0.5559707283973694,0.5559707283973694,1.0,0.0,True
2015-02-03,0.5299860835075378,0.5299860835075378,1.0,0.0,True
2015-02-04,0.4988579750061035,0.4988579750061035,1.0,0.0,True
2015-02-05,0.47453996539115906,0.47453996539115906,1.0,0.0,True
2015-02-06,0.579247772693634,0.579247772693634,0.0,0.0,True
2015-02-09,0.584477424621582,0.584477424621582,0.0,0.9883727996893477,True
2015-02-10,0.5800104141235352,0.5800104141235352,1.0,0.9883727996893477,True
2015-02-11,0.5609464645385742,0.5609464645385742,1.0,0.0,True
2015-02-12,0.5957906246185303,0.5957906246185303,1.0,0.9827496371653159,True
2015-02-13,0.6736642122268677,0.6736642122268677,1.0,0.9827496371653159,True
2015-02-17,0.7806490063667297,0.7806490063667297,1.0,0.9827496371653159,True
2015-02-18,0.756064236164093,0.756064236164093,1.0,0.9827496371653159,True
2015-02-19,0.7363629341125488,0.7363629341125488,1.0,0.9827496371653159,True
2015-02-20,0.6950045824050903,0.6950045824050903,0.0,0.9827496371653159,True
2015-02-23,0.6072151064872742,0.6072151064872742,0.0,0.9827496371653159,True
2015-02-24,0.7274762988090515,0.7274762988090515,0.0,0.9827496371653159,True
2015-02-25,0.6801091432571411,0.6801091432571411,0.0,0.9827496371653159,True
2015-02-26,0.6454386115074158,0.6454386115074158,1.0,0.9827496371653159,True
2015-02-27,0.6197319030761719,0.6197319030761719,0.0,0.9827496371653159,True
2015-03-02,0.5922076106071472,0.5922076106071472,1.0,0.9827496371653159,True
2015-03-03,0.6350101828575134,0.6350101828575134,0.0,0.9827496371653159,True
2015-03-04,0.6698834300041199,0.6698834300041199,0.0,0.9827496371653159,True
2015-03-05,0.7060210108757019,0.7060210108757019,0.0,0.9827496371653159,True
2015-03-06,0.6406960487365723,0.6406960487365723,0.0,0.9827496371653159,True
2015-03-09,0.6903902292251587,0.6903902292251587,0.0,0.9827496371653159,True
2015-03-10,0.62485271692276,0.62485271692276,0.0,0.9827496371653159,True
2015-03-11,0.6243188977241516,0.6243188977241516,0.0,0.9827496371653159,True
2015-03-12,0.6184559464454651,0.6184559464454651,0.0,0.9827496371653159,True
2015-03-13,0.5563145279884338,0.5563145279884338,0.0,0.0,True
2015-03-16,0.5244591236114502,0.5244591236114502,0.0,0.0,True
2015-03-17,0.4875059127807617,0.4875059127807617,0.0,0.0,True
2015-03-18,0.4460413157939911,0.4460413157939911,0.0,0.0,True
2015-03-19,0.39908891916275024,0.39908891916275024,0.0,0.0,True
2015-03-20,0.47064146399497986,0.47064146399497986,0.0,0.0,True
2015-03-23,0.46975958347320557,0.46975958347320557,0.0,0.0,True
2015-03-24,0.4479444921016693,0.4479444921016693,0.0,0.0,True
2015-03-25,0.5075160264968872,0.5075160264968872,0.0,0.0,True
2015-03-26,0.5307618379592896,0.5307618379592896,0.0,0.0,True
2015-03-27,0.5248393416404724,0.5248393416404724,0.0,0.0,True
2015-03-30,0.5409303307533264,0.5409303307533264,0.0,0.0,True
2015-03-31,0.5800610780715942,0.5800610780715942,0.0,1.0,True
2015-04-01,0.6111469268798828,0.6111469268798828,0.0,1.0,True
2015-04-02,0.6056873798370361,0.6056873798370361,0.0,1.0,True
2015-04-06,0.5164661407470703,0.5164661407470703,0.0,0.0,True
2015-04-07,0.6099978685379028,0.6099978685379028,0.0,1.0,True
2015-04-08,0.5742627382278442,0.5742627382278442,0.0,0.0,True
2015-04-09,0.680417537689209,0.680417537689209,1.0,1.0,True
2015-04-10,0.6792087554931641,0.6792087554931641,0.0,1.0,True
2015-04-13,0.6183186769485474,0.6183186769485474,0.0,1.0,True
2015-04-14,0.5595595240592957,0.5595595240592957,0.0,0.0,True
2015-04-15,0.5639896392822266,0.5639896392822266,0.0,0.0,True
2015-04-16,0.6025538444519043,0.6025538444519043,0.0,1.0,True
2015-04-17,0.6876023411750793,0.6876023411750793,0.0,1.0,True
2015-04-20,0.5898021459579468,0.5898021459579468,0.0,1.0,True
2015-04-21,0.6046070456504822,0.6046070456504822,0.0,1.0,True
2015-04-22,0.5584716200828552,0.5584716200828552,0.0,0.0,True
2015-04-23,0.6043798327445984,0.6043798327445984,0.0,1.0,True
2015-04-24,0.4551900029182434,0.4551900029182434,0.0,0.0,True
2015-04-27,0.6111823916435242,0.6111823916435242,0.0,1.0,True
2015-04-28,0.5130524635314941,0.5130524635314941,0.0,0.0,True
2015-04-29,0.6042536497116089,0.6042536497116089,0.0,1.0,True
2015-04-30,0.6715866327285767,0.6715866327285767,0.0,1.0,True
2015-05-01,0.6313958168029785,0.6313958168029785,0.0,1.0,True
2015-05-04,0.5383753776550293,0.5383753776550293,0.0,0.0,True
2015-05-05,0.6078465580940247,0.6078465580940247,0.0,1.0,True
2015-05-06,0.5686633586883545,0.5686633586883545,0.0,0.0,True
2015-05-07,0.6309025883674622,0.6309025883674622,0.0,1.0,True
2015-05-08,0.4588545262813568,0.4588545262813568,0.0,0.0,True
2015-05-11,0.5182120203971863,0.5182120203971863,0.0,0.0,True
2015-05-12,0.5481302738189697,0.5481302738189697,0.0,0.0,True
2015-05-13,0.5240479111671448,0.5240479111671448,0.0,0.0,True
2015-05-14,0.46871379017829895,0.46871379017829895,0.0,0.0,True
2015-05-15,0.4353587329387665,0.4353587329387665,0.0,0.0,True
2015-05-18,0.45025843381881714,0.45025843381881714,0.0,0.0,True
2015-05-19,0.4450794458389282,0.4450794458389282,0.0,0.0,True
2015-05-20,0.4719323515892029,0.4719323515892029,0.0,0.0,True
2015-05-21,0.5254199504852295,0.5254199504852295,0.0,0.0,True
2015-05-22,0.47050249576568604,0.47050249576568604,0.0,0.0,True
2015-05-26,0.5816876888275146,0.5816876888275146,0.0,1.0,True
2015-05-27,0.5488941669464111,0.5488941669464111,0.0,0.0,True
2015-05-28,0.5611765384674072,0.5611765384674072,0.0,0.0,True
2015-05-29,0.6213394999504089,0.6213394999504089,0.0,1.0,True
2015-06-01,0.6114896535873413,0.6114896535873413,0.0,1.0,True
2015-06-02,0.6013303995132446,0.6013303995132446,0.0,1.0,True
2015-06-03,0.6120705604553223,0.6120705604553223,0.0,1.0,True
2015-06-04,0.679960310459137,0.679960310459137,0.0,1.0,True
2015-06-05,0.6244938373565674,0.6244938373565674,0.0,1.0,True
2015-06-08,0.6496893167495728,0.6496893167495728,0.0,1.0,True
2015-06-09,0.6949601769447327,0.6949601769447327,0.0,1.0,True
2015-06-10,0.6244523525238037,0.6244523525238037,0.0,1.0,True
2015-06-11,0.5125551223754883,0.5125551223754883,0.0,0.0,True
2015-06-12,0.5755891799926758,0.5755891799926758,0.0,0.0,True
2015-06-15,0.5326919555664062,0.5326919555664062,0.0,0.0,True
2015-06-16,0.5667298436164856,0.5667298436164856,0.0,0.0,True
2015-06-17,0.6462222933769226,0.6462222933769226,0.0,1.0,True
2015-06-18,0.5982377529144287,0.5982377529144287,0.0,1.0,True
2015-06-19,0.5453453660011292,0.5453453660011292,0.0,0.0,True
2015-06-22,0.5490648150444031,0.5490648150444031,0.0,0.0,True
2015-06-23,0.5284420847892761,0.5284420847892761,0.0,0.0,True
2015-06-24,0.6305356621742249,0.6305356621742249,0.0,1.0,True
2015-06-25,0.6611263155937195,0.6611263155937195,0.0,1.0,True
2015-06-26,0.6808585524559021,0.6808585524559021,0.0,1.0,True
2015-06-29,0.6877229809761047,0.6877229809761047,0.0,1.0,True
2015-06-30,0.5902708172798157,0.5902708172798157,0.0,1.0,True
2015-07-01,0.5894961357116699,0.5894961357116699,0.0,1.0,True
2015-07-02,0.5815904140472412,0.5815904140472412,0.0,1.0,True
2015-07-06,0.5759882926940918,0.5759882926940918,0.0,0.0,True
2015-07-07,0.576148271560669,0.576148271560669,0.0,0.0,True
2015-07-08,0.6031792163848877,0.6031792163848877,1.0,1.0,True
2015-07-09,0.5704676508903503,0.5704676508903503,0.0,0.0,True
2015-07-10,0.5496457815170288,0.5496457815170288,0.0,0.0,True
2015-07-13,0.558957040309906,0.558957040309906,0.0,0.0,True
2015-07-14,0.5918421745300293,0.5918421745300293,0.0,1.0,True
2015-07-15,0.6112645864486694,0.6112645864486694,0.0,1.0,True
2015-07-16,0.5525336265563965,0.5525336265563965,0.0,0.0,True
2015-07-17,0.6482104659080505,0.6482104659080505,0.0,1.0,True
2015-07-20,0.7191718220710754,0.7191718220710754,0.0,1.0,True
2015-07-21,0.6673930287361145,0.6673930287361145,0.0,1.0,True
2015-07-22,0.6435838341712952,0.6435838341712952,0.0,1.0,True
2015-07-23,0.7068156003952026,0.7068156003952026,0.0,1.0,True
2015-07-24,0.7354739904403687,0.7354739904403687,0.0,1.0,True
2015-07-27,0.6678541898727417,0.6678541898727417,0.0,1.0,True
2015-07-28,0.6903131604194641,0.6903131604194641,1.0,1.0,True
2015-07-29,0.6381581425666809,0.6381581425666809,1.0,1.0,True
2015-07-30,0.6357976794242859,0.6357976794242859,0.0,1.0,True
2015-07-31,0.6070687174797058,0.6070687174797058,0.0,1.0,True
2015-08-03,0.5777730941772461,0.5777730941772461,0.0,0.0,True
2015-08-04,0.6644173860549927,0.6644173860549927,0.0,1.0,True
2015-08-05,0.7075533866882324,0.7075533866882324,1.0,1.0,True
2015-08-06,0.5882681012153625,0.5882681012153625,1.0,1.0,True
2015-08-07,0.6372902393341064,0.6372902393341064,0.0,1.0,True
2015-08-10,0.5804667472839355,0.5804667472839355,0.0,1.0,True
2015-08-11,0.6055291295051575,0.6055291295051575,0.0,1.0,True
2015-08-12,0.5619890093803406,0.5619890093803406,0.0,0.0,True
2015-08-13,0.6604834794998169,0.6604834794998169,0.0,1.0,True
2015-08-14,0.6448830962181091,0.6448830962181091,0.0,1.0,True
2015-08-17,0.5780940055847168,0.5780940055847168,0.0,0.0,True
2015-08-18,0.6391183137893677,0.6391183137893677,0.0,1.0,True
2015-08-19,0.5747219324111938,0.5747219324111938,0.0,0.0,True
2015-08-20,0.5388182997703552,0.5388182997703552,0.0,0.0,True
2015-08-21,0.6241047978401184,0.6241047978401184,1.0,0.9421106548893824,True
2015-08-24,0.5203670859336853,0.5203670859336853,1.0,0.0,True
2015-08-25,0.5804136991500854,0.5804136991500854,1.0,0.7327298990776108,True
2015-08-26,0.6222044825553894,0.6222044825553894,1.0,0.5894963847696355,True
2015-08-27,0.5122858285903931,0.5122858285903931,1.0,0.0,True
2015-08-28,0.45384854078292847,0.45384854078292847,1.0,0.0,True
2015-08-31,0.43825599551200867,0.43825599551200867,1.0,0.0,True
2015-09-01,0.3909090757369995,0.3909090757369995,1.0,0.0,True
2015-09-02,0.45937857031822205,0.45937857031822205,1.0,0.0,True
2015-09-03,0.5065394043922424,0.5065394043922424,1.0,0.0,True
2015-09-04,0.6041499376296997,0.6041499376296997,1.0,0.493097709606964,True
2015-09-08,0.5694089531898499,0.5694089531898499,1.0,0.0,True
2015-09-09,0.5046613812446594,0.5046613812446594,1.0,0.0,True
2015-09-10,0.509989321231842,0.509989321231842,1.0,0.0,True
2015-09-11,0.4896834194660187,0.4896834194660187,1.0,0.0,True
2015-09-14,0.42544060945510864,0.42544060945510864,1.0,0.0,True
2015-09-15,0.511435329914093,0.511435329914093,2.0,0.0,True
2015-09-16,0.43113723397254944,0.43113723397254944,2.0,0.0,True
2015-09-17,0.3914397954940796,0.3914397954940796,1.0,0.0,True
2015-09-18,0.5203620195388794,0.5203620195388794,2.0,0.0,True
2015-09-21,0.4950430691242218,0.4950430691242218,2.0,0.0,True
2015-09-22,0.5749533772468567,0.5749533772468567,2.0,0.0,True
2015-09-23,0.5525144934654236,0.5525144934654236,2.0,0.0,True
2015-09-24,0.5255781412124634,0.5255781412124634,1.0,0.0,True
2015-09-25,0.4646725356578827,0.4646725356578827,1.0,0.0,True
2015-09-28,0.5809789299964905,0.5809789299964905,1.0,0.6832481376219778,True
2015-09-29,0.48800086975097656,0.48800086975097656,1.0,0.0,True
2015-09-30,0.547622799873352,0.547622799873352,1.0,0.0,True
2015-10-01,0.5345185399055481,0.5345185399055481,1.0,0.0,True
2015-10-02,0.511896550655365,0.511896550655365,1.0,0.0,True
2015-10-05,0.478718638420105,0.478718638420105,1.0,0.0,True
2015-10-06,0.5182284116744995,0.5182284116744995,1.0,0.0,True
2015-10-07,0.4555850923061371,0.4555850923061371,1.0,0.0,True
2015-10-08,0.4710961878299713,0.4710961878299713,1.0,0.0,True
2015-10-09,0.547362744808197,0.547362744808197,1.0,0.0,True
2015-10-12,0.624466061592102,0.624466061592102,1.0,0.8509657279789016,True
2015-10-13,0.6429986357688904,0.6429986357688904,1.0,0.8509657279789016,True
2015-10-14,0.6473297476768494,0.6473297476768494,1.0,0.8509657279789016,True
2015-10-15,0.5904418230056763,0.5904418230056763,1.0,0.8509657279789016,True
2015-10-16,0.6227130889892578,0.6227130889892578,1.0,0.8509657279789016,True
2015-10-19,0.6341696977615356,0.6341696977615356,1.0,0.8509657279789016,True
2015-10-20,0.6496455669403076,0.6496455669403076,1.0,0.8509657279789016,True
2015-10-21,0.5913243293762207,0.5913243293762207,1.0,0.8509657279789016,True
2015-10-22,0.6400263905525208,0.6400263905525208,1.0,0.8509657279789016,True
2015-10-23,0.5985368490219116,0.5985368490219116,1.0,0.8509657279789016,True
2015-10-26,0.536655843257904,0.536655843257904,1.0,0.0,True
2015-10-27,0.5267947912216187,0.5267947912216187,1.0,0.0,True
2015-10-28,0.535188615322113,0.535188615322113,1.0,0.0,True
2015-10-29,0.5099313855171204,0.5099313855171204,1.0,0.0,True
2015-10-30,0.553986132144928,0.553986132144928,1.0,0.0,True
2015-11-02,0.48569831252098083,0.48569831252098083,0.0,0.0,True
2015-11-03,0.48871469497680664,0.48871469497680664,1.0,0.0,True
2015-11-04,0.5602530837059021,0.5602530837059021,0.0,0.0,True
2015-11-05,0.5690367817878723,0.5690367817878723,0.0,0.0,True
2015-11-06,0.5419502854347229,0.5419502854347229,0.0,0.0,True
2015-11-09,0.6548076272010803,0.6548076272010803,0.0,1.0,True
2015-11-10,0.6894785165786743,0.6894785165786743,0.0,1.0,True
2015-11-11,0.7041952610015869,0.7041952610015869,0.0,1.0,True
2015-11-12,0.6376776099205017,0.6376776099205017,0.0,1.0,True
2015-11-13,0.6429205536842346,0.6429205536842346,0.0,1.0,True
2015-11-16,0.5548325181007385,0.5548325181007385,0.0,0.0,True
2015-11-17,0.5716919302940369,0.5716919302940369,0.0,0.0,True
2015-11-18,0.45818787813186646,0.45818787813186646,0.0,0.0,True
2015-11-19,0.396474152803421,0.396474152803421,0.0,0.0,True
2015-11-20,0.41685208678245544,0.41685208678245544,0.0,0.0,True
2015-11-23,0.41283178329467773,0.41283178329467773,0.0,0.0,True
2015-11-24,0.4043494462966919,0.4043494462966919,0.0,0.0,True
2015-11-25,0.47805631160736084,0.47805631160736084,0.0,0.0,True
2015-11-27,0.6421675682067871,0.6421675682067871,0.0,1.0,True
2015-11-30,0.6225606203079224,0.6225606203079224,0.0,1.0,True
2015-12-01,0.5221021771430969,0.5221021771430969,0.0,0.0,True
2015-12-02,0.5489047765731812,0.5489047765731812,0.0,0.0,True
2015-12-03,0.5276234745979309,0.5276234745979309,0.0,0.0,True
2015-12-04,0.532491147518158,0.532491147518158,1.0,0.0,True
2015-12-07,0.5293496251106262,0.5293496251106262,0.0,0.0,True
2015-12-08,0.5260818600654602,0.5260818600654602,0.0,0.0,True
2015-12-09,0.45662352442741394,0.45662352442741394,0.0,0.0,True
2015-12-10,0.48180142045021057,0.48180142045021057,0.0,0.0,True
2015-12-11,0.6058892607688904,0.6058892607688904,1.0,0.9369947672975274,True
2015-12-14,0.5834037065505981,0.5834037065505981,1.0,0.9369947672975274,True
2015-12-15,0.517368733882904,0.517368733882904,0.0,0.0,True
2015-12-16,0.4439801871776581,0.4439801871776581,1.0,0.0,True
2015-12-17,0.5057346820831299,0.5057346820831299,0.0,0.0,True
2015-12-18,0.4761965572834015,0.4761965572834015,1.0,0.0,True
2015-12-21,0.4716796278953552,0.4716796278953552,1.0,0.0,True
2015-12-22,0.5343269109725952,0.5343269109725952,1.0,0.0,True
2015-12-23,0.5769373774528503,0.5769373774528503,1.0,0.0,True
2015-12-24,0.5274101495742798,0.5274101495742798,1.0,0.0,True
2015-12-28,0.595605194568634,0.595605194568634,1.0,0.8212911240606684,True
2015-12-29,0.6321399807929993,0.6321399807929993,1.0,0.8212911240606684,True
2015-12-30,0.6008464097976685,0.6008464097976685,1.0,0.8212911240606684,True
2015-12-31,0.6609861850738525,0.6609861850738525,1.0,0.8212911240606684,True
2016-01-04,0.620363175868988,0.620363175868988,1.0,0.8212911240606684,True
2016-01-05,0.6294028162956238,0.6294028162956238,1.0,0.8212911240606684,True
2016-01-06,0.6920678615570068,0.6920678615570068,1.0,0.8212911240606684,True
2016-01-07,0.6906184554100037,0.6906184554100037,1.0,0.8212911240606684,True
2016-01-08,0.7093433737754822,0.7093433737754822,1.0,0.8212911240606684,True
2016-01-11,0.6240516304969788,0.6240516304969788,1.0,0.8212911240606684,True
2016-01-12,0.6096467971801758,0.6096467971801758,1.0,0.8212911240606684,True
2016-01-13,0.6620467901229858,0.6620467901229858,1.0,0.8212911240606684,True
2016-01-14,0.5634636282920837,0.5634636282920837,1.0,0.0,True
2016-01-15,0.5328388810157776,0.5328388810157776,1.0,0.0,True
2016-01-19,0.5061807632446289,0.5061807632446289,1.0,0.0,True
2016-01-20,0.6297828555107117,0.6297828555107117,1.0,0.758610611715396,True
2016-01-21,0.4963129460811615,0.4963129460811615,1.0,0.0,True
2016-01-22,0.5742927193641663,0.5742927193641663,1.0,0.0,True
2016-01-25,0.5872267484664917,0.5872267484664917,1.0,0.7314348228454058,True
2016-01-26,0.45074036717414856,0.45074036717414856,1.0,0.0,True
2016-01-27,0.4524826407432556,0.4524826407432556,1.0,0.0,True
2016-01-28,0.5091179013252258,0.5091179013252258,1.0,0.0,True
2016-01-29,0.6230644583702087,0.6230644583702087,1.0,0.6377456833557562,True
2016-02-01,0.48568153381347656,0.48568153381347656,1.0,0.0,True
2016-02-02,0.577351987361908,0.577351987361908,1.0,0.0,True
2016-02-03,0.5086577534675598,0.5086577534675598,1.0,0.0,True
2016-02-04,0.49825432896614075,0.49825432896614075,1.0,0.0,True
2016-02-05,0.5789867043495178,0.5789867043495178,1.0,0.0,True
2016-02-08,0.5954709649085999,0.5954709649085999,1.0,0.6475130162509958,True
2016-02-09,0.5177832245826721,0.5177832245826721,1.0,0.0,True
2016-02-10,0.5734908580780029,0.5734908580780029,1.0,0.0,True
2016-02-11,0.6037812232971191,0.6037812232971191,1.0,0.6927994634970857,True
2016-02-12,0.5103222131729126,0.5103222131729126,1.0,0.0,True
2016-02-16,0.42755234241485596,0.42755234241485596,1.0,0.0,True
2016-02-17,0.44966351985931396,0.44966351985931396,1.0,0.0,True
2016-02-18,0.45188671350479126,0.45188671350479126,1.0,0.0,True
2016-02-19,0.4909715950489044,0.4909715950489044,1.0,0.0,True
2016-02-22,0.4629440903663635,0.4629440903663635,1.0,0.0,True
2016-02-23,0.5512734651565552,0.5512734651565552,1.0,0.0,True
2016-02-24,0.5232053399085999,0.5232053399085999,1.0,0.0,True
2016-02-25,0.46846678853034973,0.46846678853034973,1.0,0.0,True
2016-02-26,0.5888344645500183,0.5888344645500183,1.0,0.733406826588669,True
2016-02-29,0.6010029315948486,0.6010029315948486,1.0,0.733406826588669,True
2016-03-01,0.6381182670593262,0.6381182670593262,1.0,0.733406826588669,True
2016-03-02,0.5761880278587341,0.5761880278587341,1.0,0.0,True
2016-03-03,0.6369234323501587,0.6369234323501587,1.0,0.7781597697309824,True
2016-03-04,0.6801782250404358,0.6801782250404358,1.0,0.7781597697309824,True
2016-03-07,0.7086896300315857,0.7086896300315857,1.0,0.7781597697309824,True
2016-03-08,0.6573059558868408,0.6573059558868408,1.0,0.7781597697309824,True
2016-03-09,0.630635142326355,0.630635142326355,1.0,0.7781597697309824,True
2016-03-10,0.5481545329093933,0.5481545329093933,1.0,0.0,True
2016-03-11,0.5193861722946167,0.5193861722946167,1.0,0.0,True
2016-03-14,0.5629557371139526,0.5629557371139526,1.0,0.0,True
2016-03-15,0.5809511542320251,0.5809511542320251,1.0,1.0,True
2016-03-16,0.5428069829940796,0.5428069829940796,1.0,0.0,True
2016-03-17,0.5191889405250549,0.5191889405250549,1.0,0.0,True
2016-03-18,0.567834734916687,0.567834734916687,1.0,0.0,True
2016-03-21,0.6224185228347778,0.6224185228347778,1.0,1.0,True
2016-03-22,0.5132696032524109,0.5132696032524109,1.0,0.0,True
2016-03-23,0.5802938938140869,0.5802938938140869,0.0,1.0,True
2016-03-24,0.6822125911712646,0.6822125911712646,0.0,1.0,True
2016-03-28,0.7170534729957581,0.7170534729957581,0.0,1.0,True
2016-03-29,0.6010963916778564,0.6010963916778564,0.0,1.0,True
2016-03-30,0.6526049971580505,0.6526049971580505,0.0,1.0,True
2016-03-31,0.611457109451294,0.611457109451294,0.0,1.0,True
2016-04-01,0.5359694957733154,0.5359694957733154,0.0,0.0,True
2016-04-04,0.607844352722168,0.607844352722168,0.0,1.0,True
2016-04-05,0.6653110980987549,0.6653110980987549,0.0,1.0,True
2016-04-06,0.5907931327819824,0.5907931327819824,0.0,1.0,True
2016-04-07,0.6902859210968018,0.6902859210968018,0.0,1.0,True
2016-04-08,0.6791427135467529,0.6791427135467529,0.0,1.0,True
2016-04-11,0.7628998756408691,0.7628998756408691,0.0,1.0,True
2016-04-12,0.55166095495224,0.55166095495224,0.0,0.0,True
2016-04-13,0.5206088423728943,0.5206088423728943,0.0,0.0,True
2016-04-14,0.5405740141868591,0.5405740141868591,0.0,0.0,True
2016-04-15,0.4718896150588989,0.4718896150588989,0.0,0.0,True
2016-04-18,0.46466100215911865,0.46466100215911865,0.0,0.0,True
2016-04-19,0.4717053472995758,0.4717053472995758,0.0,0.0,True
2016-04-20,0.5617837905883789,0.5617837905883789,0.0,0.0,True
2016-04-21,0.5442762970924377,0.5442762970924377,0.0,0.0,True
2016-04-22,0.5697541832923889,0.5697541832923889,0.0,0.0,True
2016-04-25,0.622175931930542,0.622175931930542,0.0,1.0,True
2016-04-26,0.6495193243026733,0.6495193243026733,0.0,1.0,True
2016-04-27,0.6421999931335449,0.6421999931335449,0.0,1.0,True
2016-04-28,0.6070303916931152,0.6070303916931152,0.0,1.0,True
2016-04-29,0.6123698949813843,0.6123698949813843,0.0,1.0,True
2016-05-02,0.5453590154647827,0.5453590154647827,0.0,0.0,True
2016-05-03,0.6645968556404114,0.6645968556404114,0.0,1.0,True
2016-05-04,0.6554673314094543,0.6554673314094543,0.0,1.0,True
2016-05-05,0.6509461402893066,0.6509461402893066,0.0,1.0,True
2016-05-06,0.6263125538825989,0.6263125538825989,0.0,1.0,True
2016-05-09,0.5970329642295837,0.5970329642295837,0.0,1.0,True
2016-05-10,0.4053610563278198,0.4053610563278198,0.0,0.0,True
2016-05-11,0.5263720750808716,0.5263720750808716,0.0,0.0,True
2016-05-12,0.4499368965625763,0.4499368965625763,0.0,0.0,True
2016-05-13,0.5468098521232605,0.5468098521232605,0.0,0.0,True
2016-05-16,0.5228190422058105,0.5228190422058105,0.0,0.0,True
2016-05-17,0.5480403304100037,0.5480403304100037,0.0,0.0,True
2016-05-18,0.5318505764007568,0.5318505764007568,0.0,0.0,True
2016-05-19,0.5882241129875183,0.5882241129875183,0.0,1.0,True
2016-05-20,0.5908367037773132,0.5908367037773132,0.0,1.0,True
2016-05-23,0.6712978482246399,0.6712978482246399,0.0,1.0,True
2016-05-24,0.5134990811347961,0.5134990811347961,0.0,0.0,True
2016-05-25,0.5114281177520752,0.5114281177520752,0.0,0.0,True
2016-05-26,0.5218302607536316,0.5218302607536316,0.0,0.0,True
2016-05-27,0.555052638053894,0.555052638053894,0.0,0.0,True
2016-05-31,0.5244246125221252,0.5244246125221252,0.0,0.0,True
2016-06-01,0.6065911054611206,0.6065911054611206,0.0,1.0,True
2016-06-02,0.6208741664886475,0.6208741664886475,0.0,1.0,True
2016-06-03,0.6159637570381165,0.6159637570381165,0.0,1.0,True
2016-06-06,0.6078250408172607,0.6078250408172607,0.0,1.0,True
2016-06-07,0.5922514200210571,0.5922514200210571,0.0,1.0,True
2016-06-08,0.5594920516014099,0.5594920516014099,0.0,0.0,True
2016-06-09,0.5546044707298279,0.5546044707298279,0.0,0.0,True
2016-06-10,0.6288544535636902,0.6288544535636902,0.0,1.0,True
2016-06-13,0.7004163861274719,0.7004163861274719,0.0,1.0,True
2016-06-14,0.6828545331954956,0.6828545331954956,0.0,1.0,True
2016-06-15,0.6764687299728394,0.6764687299728394,0.0,1.0,True
2016-06-16,0.6417309641838074,0.6417309641838074,0.0,1.0,True
2016-06-17,0.6655899882316589,0.6655899882316589,0.0,1.0,True
2016-06-20,0.6013705730438232,0.6013705730438232,0.0,1.0,True
2016-06-21,0.551311731338501,0.551311731338501,0.0,0.0,True
2016-06-22,0.6784135699272156,0.6784135699272156,0.0,1.0,True
2016-06-23,0.4429953694343567,0.4429953694343567,0.0,0.0,True
2016-06-24,0.5267124772071838,0.5267124772071838,0.0,0.0,True
2016-06-27,0.6520323753356934,0.6520323753356934,1.0,0.9274334905709986,True
2016-06-28,0.5282721519470215,0.5282721519470215,1.0,0.0,True
2016-06-29,0.5354081988334656,0.5354081988334656,1.0,0.0,True
2016-06-30,0.539928138256073,0.539928138256073,1.0,0.0,True
2016-07-01,0.5001427531242371,0.5001427531242371,1.0,0.0,True
2016-07-05,0.46173354983329773,0.46173354983329773,1.0,0.0,True
2016-07-06,0.49976736307144165,0.49976736307144165,1.0,0.0,True
2016-07-07,0.5460448265075684,0.5460448265075684,1.0,0.0,True
2016-07-08,0.594962477684021,0.594962477684021,1.0,0.737253984362743,True
2016-07-11,0.7115235328674316,0.7115235328674316,1.0,0.737253984362743,True
2016-07-12,0.7702972292900085,0.7702972292900085,1.0,0.737253984362743,True
2016-07-13,0.7542409300804138,0.7542409300804138,1.0,0.737253984362743,True
2016-07-14,0.7549496293067932,0.7549496293067932,1.0,0.737253984362743,True
2016-07-15,0.7296776175498962,0.7296776175498962,1.0,0.737253984362743,True
2016-07-18,0.6774147748947144,0.6774147748947144,1.0,0.737253984362743,True
2016-07-19,0.6426424980163574,0.6426424980163574,1.0,0.737253984362743,True
2016-07-20,0.621701180934906,0.621701180934906,1.0,0.737253984362743,True
2016-07-21,0.6419902443885803,0.6419902443885803,1.0,0.737253984362743,True
2016-07-22,0.6029432415962219,0.6029432415962219,1.0,0.737253984362743,True
2016-07-25,0.59912109375,0.59912109375,1.0,1.0,True
2016-07-26,0.5974825620651245,0.5974825620651245,1.0,1.0,True
2016-07-27,0.5911043882369995,0.5911043882369995,1.0,1.0,True
2016-07-28,0.6482585072517395,0.6482585072517395,0.0,1.0,True
2016-07-29,0.6976795196533203,0.6976795196533203,0.0,1.0,True
2016-08-01,0.6232370734214783,0.6232370734214783,0.0,1.0,True
2016-08-02,0.6503549218177795,0.6503549218177795,0.0,1.0,True
2016-08-03,0.6215887665748596,0.6215887665748596,0.0,1.0,True
2016-08-04,0.6512873768806458,0.6512873768806458,0.0,1.0,True
2016-08-05,0.6385450959205627,0.6385450959205627,0.0,1.0,True
2016-08-08,0.5665022134780884,0.5665022134780884,0.0,0.0,True
2016-08-09,0.5342649817466736,0.5342649817466736,0.0,0.0,True
2016-08-10,0.6353080868721008,0.6353080868721008,0.0,1.0,True
2016-08-11,0.5735533833503723,0.5735533833503723,0.0,0.0,True
2016-08-12,0.4848194122314453,0.4848194122314453,0.0,0.0,True
2016-08-15,0.5355786681175232,0.5355786681175232,0.0,0.0,True
2016-08-16,0.6878377795219421,0.6878377795219421,0.0,1.0,True
2016-08-17,0.6654491424560547,0.6654491424560547,0.0,1.0,True
2016-08-18,0.60398268699646,0.60398268699646,0.0,1.0,True
2016-08-19,0.6869524121284485,0.6869524121284485,0.0,1.0,True
2016-08-22,0.7187040448188782,0.7187040448188782,0.0,1.0,True
2016-08-23,0.5450547337532043,0.5450547337532043,0.0,0.0,True
2016-08-24,0.6979268193244934,0.6979268193244934,0.0,1.0,True
2016-08-25,0.6279707551002502,0.6279707551002502,0.0,1.0,True
2016-08-26,0.6990993618965149,0.6990993618965149,0.0,1.0,True
2016-08-29,0.632347047328949,0.632347047328949,0.0,1.0,True
2016-08-30,0.696234941482544,0.696234941482544,0.0,1.0,True
2016-08-31,0.7356036305427551,0.7356036305427551,0.0,1.0,True
2016-09-01,0.7253007888793945,0.7253007888793945,0.0,1.0,True
2016-09-02,0.5929900407791138,0.5929900407791138,0.0,1.0,True
2016-09-06,0.5563290119171143,0.5563290119171143,0.0,0.0,True
2016-09-07,0.5530397891998291,0.5530397891998291,0.0,0.0,True
2016-09-08,0.6735789775848389,0.6735789775848389,0.0,1.0,True
2016-09-09,0.6836540699005127,0.6836540699005127,0.0,1.0,True
2016-09-12,0.6489895582199097,0.6489895582199097,0.0,1.0,True
2016-09-13,0.6461099982261658,0.6461099982261658,0.0,1.0,True
2016-09-14,0.5946186184883118,0.5946186184883118,0.0,1.0,True
2016-09-15,0.5811440348625183,0.5811440348625183,0.0,1.0,True
2016-09-16,0.5111289620399475,0.5111289620399475,0.0,0.0,True
2016-09-19,0.6321406364440918,0.6321406364440918,0.0,1.0,True
2016-09-20,0.5777783393859863,0.5777783393859863,0.0,0.0,True
2016-09-21,0.49620139598846436,0.49620139598846436,0.0,0.0,True
2016-09-22,0.5612364411354065,0.5612364411354065,0.0,0.0,True
2016-09-23,0.5653995275497437,0.5653995275497437,0.0,0.0,True
2016-09-26,0.6241500377655029,0.6241500377655029,0.0,1.0,True
2016-09-27,0.5660512447357178,0.5660512447357178,0.0,0.0,True
2016-09-28,0.604573130607605,0.604573130607605,0.0,1.0,True
2016-09-29,0.6367654800415039,0.6367654800415039,0.0,1.0,True
2016-09-30,0.6296361684799194,0.6296361684799194,0.0,1.0,True
2016-10-03,0.6333782076835632,0.6333782076835632,0.0,1.0,True
2016-10-04,0.6172223091125488,0.6172223091125488,0.0,1.0,True
2016-10-05,0.6942771673202515,0.6942771673202515,0.0,1.0,True
2016-10-06,0.6580204367637634,0.6580204367637634,0.0,1.0,True
2016-10-07,0.6946391463279724,0.6946391463279724,0.0,1.0,True
2016-10-10,0.5334744453430176,0.5334744453430176,0.0,0.0,True
2016-10-11,0.6707972884178162,0.6707972884178162,0.0,1.0,True
2016-10-12,0.7166256904602051,0.7166256904602051,0.0,1.0,True
2016-10-13,0.691021203994751,0.691021203994751,0.0,1.0,True
2016-10-14,0.6925376057624817,0.6925376057624817,0.0,1.0,True
2016-10-17,0.7255343794822693,0.7255343794822693,0.0,1.0,True
2016-10-18,0.5966317653656006,0.5966317653656006,0.0,1.0,True
2016-10-19,0.6192912459373474,0.6192912459373474,0.0,1.0,True
2016-10-20,0.6041712164878845,0.6041712164878845,0.0,1.0,True
2016-10-21,0.5833336710929871,0.5833336710929871,0.0,1.0,True
2016-10-24,0.5329603552818298,0.5329603552818298,0.0,0.0,True
2016-10-25,0.6230034232139587,0.6230034232139587,0.0,1.0,True
2016-10-26,0.6353439688682556,0.6353439688682556,0.0,1.0,True
2016-10-27,0.7012498378753662,0.7012498378753662,0.0,1.0,True
2016-10-28,0.7137601971626282,0.7137601971626282,0.0,1.0,True
2016-10-31,0.7474303245544434,0.7474303245544434,0.0,1.0,True
2016-11-01,0.706432044506073,0.706432044506073,0.0,1.0,True
2016-11-02,0.736935555934906,0.736935555934906,0.0,1.0,True
2016-11-03,0.7297586798667908,0.7297586798667908,0.0,1.0,True
2016-11-04,0.7232962846755981,0.7232962846755981,0.0,1.0,True
2016-11-07,0.6111366748809814,0.6111366748809814,0.0,1.0,True
2016-11-08,0.6063898205757141,0.6063898205757141,0.0,1.0,True
2016-11-09,0.528798520565033,0.528798520565033,0.0,0.0,True
2016-11-10,0.5624257326126099,0.5624257326126099,0.0,0.0,True
2016-11-11,0.581856906414032,0.581856906414032,0.0,1.0,True
2016-11-14,0.6040773391723633,0.6040773391723633,0.0,1.0,True
2016-11-15,0.620171844959259,0.620171844959259,0.0,1.0,True
2016-11-16,0.5458922982215881,0.5458922982215881,0.0,0.0,True
2016-11-17,0.6348625421524048,0.6348625421524048,0.0,1.0,True
2016-11-18,0.5903943777084351,0.5903943777084351,0.0,1.0,True
2016-11-21,0.6947227716445923,0.6947227716445923,0.0,1.0,True
2016-11-22,0.7444032430648804,0.7444032430648804,0.0,1.0,True
2016-11-23,0.6749855875968933,0.6749855875968933,0.0,1.0,True
2016-11-25,0.6558753848075867,0.6558753848075867,0.0,1.0,True
2016-11-28,0.5819135904312134,0.5819135904312134,0.0,1.0,True
2016-11-29,0.6516381502151489,0.6516381502151489,0.0,1.0,True
2016-11-30,0.5687779784202576,0.5687779784202576,0.0,0.0,True
2016-12-01,0.5048346519470215,0.5048346519470215,1.0,0.0,True
2016-12-02,0.56546950340271,0.56546950340271,1.0,0.0,True
2016-12-05,0.4950462877750397,0.4950462877750397,1.0,0.0,True
2016-12-06,0.6140449643135071,0.6140449643135071,0.0,1.0,True
2016-12-07,0.5959404706954956,0.5959404706954956,0.0,1.0,True
2016-12-08,0.598883330821991,0.598883330821991,0.0,1.0,True
2016-12-09,0.5689778923988342,0.5689778923988342,0.0,0.0,True
2016-12-12,0.6455036401748657,0.6455036401748657,0.0,1.0,True
2016-12-13,0.5099929571151733,0.5099929571151733,0.0,0.0,True
2016-12-14,0.6632382273674011,0.6632382273674011,0.0,1.0,True
2016-12-15,0.5933818817138672,0.5933818817138672,0.0,1.0,True
2016-12-16,0.6768795847892761,0.6768795847892761,0.0,1.0,True
2016-12-19,0.6352435350418091,0.6352435350418091,0.0,1.0,True
2016-12-20,0.5749139189720154,0.5749139189720154,0.0,0.0,True
2016-12-21,0.5295462608337402,0.5295462608337402,0.0,0.0,True
2016-12-22,0.6317675113677979,0.6317675113677979,0.0,1.0,True
2016-12-23,0.636881411075592,0.636881411075592,0.0,1.0,True
2016-12-27,0.5362842679023743,0.5362842679023743,0.0,0.0,True
2016-12-28,0.7224718928337097,0.7224718928337097,0.0,1.0,True
2016-12-29,0.7107264995574951,0.7107264995574951,0.0,1.0,True
2016-12-30,0.7060474753379822,0.7060474753379822,0.0,1.0,True
2017-01-03,0.6241122484207153,0.6241122484207153,0.0,1.0,True
2017-01-04,0.5692757964134216,0.5692757964134216,0.0,0.0,True
2017-01-05,0.5117199420928955,0.5117199420928955,0.0,0.0,True
2017-01-06,0.49299994111061096,0.49299994111061096,0.0,0.0,True
2017-01-09,0.43441134691238403,0.43441134691238403,0.0,0.0,True
2017-01-10,0.548271894454956,0.548271894454956,0.0,0.0,True
2017-01-11,0.4652966856956482,0.4652966856956482,0.0,0.0,True
2017-01-12,0.5118410587310791,0.5118410587310791,0.0,0.0,True
2017-01-13,0.5205645561218262,0.5205645561218262,0.0,0.0,True
2017-01-17,0.549406111240387,0.549406111240387,0.0,0.0,True
2017-01-18,0.5413731932640076,0.5413731932640076,0.0,0.0,True
2017-01-19,0.5665048956871033,0.5665048956871033,0.0,0.0,True
2017-01-20,0.5677361488342285,0.5677361488342285,0.0,0.0,True
2017-01-23,0.6312534809112549,0.6312534809112549,0.0,1.0,True
2017-01-24,0.5477163195610046,0.5477163195610046,0.0,0.0,True
2017-01-25,0.5052902102470398,0.5052902102470398,0.0,0.0,True
2017-01-26,0.3803618252277374,0.3803618252277374,0.0,0.0,True
2017-01-27,0.45780763030052185,0.45780763030052185,0.0,0.0,True
2017-01-30,0.4851527810096741,0.4851527810096741,0.0,0.0,True
2017-01-31,0.6046833992004395,0.6046833992004395,0.0,1.0,True
2017-02-01,0.5492429733276367,0.5492429733276367,0.0,0.0,True
2017-02-02,0.5567073822021484,0.5567073822021484,0.0,0.0,True
2017-02-03,0.5230677723884583,0.5230677723884583,0.0,0.0,True
2017-02-06,0.4993254840373993,0.4993254840373993,0.0,0.0,True
2017-02-07,0.5345049500465393,0.5345049500465393,0.0,0.0,True
2017-02-08,0.5641703009605408,0.5641703009605408,0.0,0.0,True
2017-02-09,0.4618939161300659,0.4618939161300659,0.0,0.0,True
2017-02-10,0.44853445887565613,0.44853445887565613,0.0,0.0,True
2017-02-13,0.4801732897758484,0.4801732897758484,0.0,0.0,True
2017-02-14,0.5208806395530701,0.5208806395530701,0.0,0.0,True
2017-02-15,0.5260940194129944,0.5260940194129944,0.0,0.0,True
2017-02-16,0.47766849398612976,0.47766849398612976,0.0,0.0,True
2017-02-17,0.4974028766155243,0.4974028766155243,0.0,0.0,True
2017-02-21,0.4284568727016449,0.4284568727016449,0.0,0.0,True
2017-02-22,0.421537846326828,0.421537846326828,0.0,0.0,True
2017-02-23,0.516085147857666,0.516085147857666,0.0,0.0,True
2017-02-24,0.45341700315475464,0.45341700315475464,0.0,0.0,True
2017-02-27,0.44105228781700134,0.44105228781700134,0.0,0.0,True
2017-02-28,0.5906564593315125,0.5906564593315125,0.0,1.0,True
2017-03-01,0.6625194549560547,0.6625194549560547,0.0,1.0,True
2017-03-02,0.6967636346817017,0.6967636346817017,0.0,1.0,True
2017-03-03,0.6817852258682251,0.6817852258682251,0.0,1.0,True
2017-03-06,0.7121617197990417,0.7121617197990417,0.0,1.0,True
2017-03-07,0.7070015072822571,0.7070015072822571,0.0,1.0,True
2017-03-08,0.6622555255889893,0.6622555255889893,0.0,1.0,True
2017-03-09,0.6593169569969177,0.6593169569969177,0.0,1.0,True
2017-03-10,0.5570116639137268,0.5570116639137268,0.0,0.0,True
2017-03-13,0.5151687264442444,0.5151687264442444,0.0,0.0,True
2017-03-14,0.5144386291503906,0.5144386291503906,0.0,0.0,True
2017-03-15,0.5067794322967529,0.5067794322967529,0.0,0.0,True
2017-03-16,0.5783697366714478,0.5783697366714478,0.0,0.0,True
2017-03-17,0.5975767374038696,0.5975767374038696,0.0,1.0,True
2017-03-20,0.6092976331710815,0.6092976331710815,0.0,1.0,True
2017-03-21,0.6582573652267456,0.6582573652267456,0.0,1.0,True
2017-03-22,0.6324333548545837,0.6324333548545837,0.0,1.0,True
2017-03-23,0.6697546243667603,0.6697546243667603,0.0,1.0,True
2017-03-24,0.6542766690254211,0.6542766690254211,0.0,1.0,True
2017-03-27,0.6668865084648132,0.6668865084648132,0.0,1.0,True
2017-03-28,0.4523964822292328,0.4523964822292328,0.0,0.0,True
2017-03-29,0.48875826597213745,0.48875826597213745,0.0,0.0,True
2017-03-30,0.36034324765205383,0.36034324765205383,0.0,0.0,True
2017-03-31,0.37259721755981445,0.37259721755981445,0.0,0.0,True
2017-04-03,0.46819067001342773,0.46819067001342773,0.0,0.0,True
2017-04-04,0.5159947872161865,0.5159947872161865,0.0,0.0,True
2017-04-05,0.5299626588821411,0.5299626588821411,0.0,0.0,True
2017-04-06,0.5761587619781494,0.5761587619781494,0.0,0.0,True
2017-04-07,0.5596084594726562,0.5596084594726562,0.0,0.0,True
2017-04-10,0.5843860507011414,0.5843860507011414,0.0,1.0,True
2017-04-11,0.5984083414077759,0.5984083414077759,0.0,1.0,True
2017-04-12,0.6252812147140503,0.6252812147140503,0.0,1.0,True
2017-04-13,0.7303346991539001,0.7303346991539001,0.0,1.0,True
2017-04-17,0.6460927128791809,0.6460927128791809,0.0,1.0,True
2017-04-18,0.6641106009483337,0.6641106009483337,0.0,1.0,True
2017-04-19,0.7544497847557068,0.7544497847557068,0.0,1.0,True
2017-04-20,0.6953459978103638,0.6953459978103638,0.0,1.0,True
2017-04-21,0.6603628396987915,0.6603628396987915,0.0,1.0,True
2017-04-24,0.5301198959350586,0.5301198959350586,0.0,0.0,True
2017-04-25,0.5531862378120422,0.5531862378120422,0.0,0.0,True
2017-04-26,0.5348635315895081,0.5348635315895081,0.0,0.0,True
2017-04-27,0.4965135157108307,0.4965135157108307,0.0,0.0,True
2017-04-28,0.48674431443214417,0.48674431443214417,0.0,0.0,True
2017-05-01,0.47127053141593933,0.47127053141593933,0.0,0.0,True
2017-05-02,0.46271222829818726,0.46271222829818726,0.0,0.0,True
2017-05-03,0.6190199255943298,0.6190199255943298,0.0,1.0,True
2017-05-04,0.6408663988113403,0.6408663988113403,0.0,1.0,True
2017-05-05,0.5776685476303101,0.5776685476303101,0.0,0.0,True
2017-05-08,0.5052365064620972,0.5052365064620972,0.0,0.0,True
2017-05-09,0.6415847539901733,0.6415847539901733,0.0,1.0,True
2017-05-10,0.5212316513061523,0.5212316513061523,0.0,0.0,True
2017-05-11,0.5797213912010193,0.5797213912010193,0.0,0.0,True
2017-05-12,0.665680468082428,0.665680468082428,0.0,1.0,True
2017-05-15,0.64804607629776,0.64804607629776,0.0,1.0,True
2017-05-16,0.6720900535583496,0.6720900535583496,0.0,1.0,True
2017-05-17,0.6748669147491455,0.6748669147491455,0.0,1.0,True
2017-05-18,0.7450979948043823,0.7450979948043823,0.0,1.0,True
2017-05-19,0.6290352940559387,0.6290352940559387,0.0,1.0,True
2017-05-22,0.6079603433609009,0.6079603433609009,0.0,1.0,True
2017-05-23,0.46329057216644287,0.46329057216644287,0.0,0.0,True
2017-05-24,0.35673433542251587,0.35673433542251587,0.0,0.0,True
2017-05-25,0.4568953514099121,0.4568953514099121,0.0,0.0,True
2017-05-26,0.38984033465385437,0.38984033465385437,0.0,0.0,True
2017-05-30,0.3705305755138397,0.3705305755138397,0.0,0.0,True
2017-05-31,0.49287134408950806,0.49287134408950806,0.0,0.0,True
2017-06-01,0.4800300598144531,0.4800300598144531,0.0,0.0,True
2017-06-02,0.4892970323562622,0.4892970323562622,0.0,0.0,True
2017-06-05,0.3728482127189636,0.3728482127189636,0.0,0.0,True
2017-06-06,0.4668286442756653,0.4668286442756653,0.0,0.0,True
2017-06-07,0.46438026428222656,0.46438026428222656,0.0,0.0,True
2017-06-08,0.5727090239524841,0.5727090239524841,0.0,0.0,True
2017-06-09,0.5488474369049072,0.5488474369049072,0.0,0.0,True
2017-06-12,0.5428237915039062,0.5428237915039062,0.0,0.0,True
2017-06-13,0.5570714473724365,0.5570714473724365,0.0,0.0,True
2017-06-14,0.5366730690002441,0.5366730690002441,0.0,0.0,True
2017-06-15,0.6674649715423584,0.6674649715423584,0.0,1.0,True
2017-06-16,0.6389756798744202,0.6389756798744202,0.0,1.0,True
2017-06-19,0.528266429901123,0.528266429901123,0.0,0.0,True
2017-06-20,0.6973437666893005,0.6973437666893005,0.0,1.0,True
2017-06-21,0.6910083889961243,0.6910083889961243,0.0,1.0,True
2017-06-22,0.6128078103065491,0.6128078103065491,0.0,1.0,True
2017-06-23,0.583530068397522,0.583530068397522,0.0,1.0,True
2017-06-26,0.6538748145103455,0.6538748145103455,0.0,1.0,True
2017-06-27,0.7370520234107971,0.7370520234107971,0.0,1.0,True
2017-06-28,0.5058031678199768,0.5058031678199768,0.0,0.0,True
2017-06-29,0.6439985632896423,0.6439985632896423,0.0,1.0,True
2017-06-30,0.6434758901596069,0.6434758901596069,0.0,1.0,True
2017-07-03,0.6441541314125061,0.6441541314125061,0.0,1.0,True
2017-07-05,0.507205605506897,0.507205605506897,0.0,0.0,True
2017-07-06,0.7308679819107056,0.7308679819107056,0.0,1.0,True
2017-07-07,0.5043891072273254,0.5043891072273254,0.0,0.0,True
2017-07-10,0.5063380002975464,0.5063380002975464,0.0,0.0,True
2017-07-11,0.5437056422233582,0.5437056422233582,0.0,0.0,True
2017-07-12,0.49406132102012634,0.49406132102012634,0.0,0.0,True
2017-07-13,0.27895820140838623,0.27895820140838623,0.0,0.0,True
2017-07-14,0.42191481590270996,0.42191481590270996,0.0,0.0,True
2017-07-17,0.3369400203227997,0.3369400203227997,0.0,0.0,True
2017-07-18,0.3805796802043915,0.3805796802043915,0.0,0.0,True
2017-07-19,0.4606133699417114,0.4606133699417114,0.0,0.0,True
2017-07-20,0.4396120309829712,0.4396120309829712,0.0,0.0,True
2017-07-21,0.3753560781478882,0.3753560781478882,0.0,0.0,True
2017-07-24,0.3888104259967804,0.3888104259967804,0.0,0.0,True
2017-07-25,0.466135174036026,0.466135174036026,0.0,0.0,True
2017-07-26,0.48451539874076843,0.48451539874076843,0.0,0.0,True
2017-07-27,0.5948764681816101,0.5948764681816101,0.0,1.0,True
2017-07-28,0.5997034311294556,0.5997034311294556,0.0,1.0,True
2017-07-31,0.6115934252738953,0.6115934252738953,0.0,1.0,True
2017-08-01,0.6404625177383423,0.6404625177383423,0.0,1.0,True
2017-08-02,0.6559870839118958,0.6559870839118958,0.0,1.0,True
2017-08-03,0.5724409222602844,0.5724409222602844,0.0,0.0,True
2017-08-04,0.5664138793945312,0.5664138793945312,0.0,0.0,True
2017-08-07,0.5387129783630371,0.5387129783630371,0.0,0.0,True
2017-08-08,0.6337766647338867,0.6337766647338867,0.0,1.0,True
2017-08-09,0.6574338674545288,0.6574338674545288,0.0,1.0,True
2017-08-10,0.7844058275222778,0.7844058275222778,0.0,1.0,True
2017-08-11,0.7870867252349854,0.7870867252349854,0.0,1.0,True
2017-08-14,0.7116699814796448,0.7116699814796448,0.0,1.0,True
2017-08-15,0.6662165522575378,0.6662165522575378,0.0,1.0,True
2017-08-16,0.708967387676239,0.708967387676239,0.0,1.0,True
2017-08-17,0.6542608141899109,0.6542608141899109,0.0,1.0,True
2017-08-18,0.6447826027870178,0.6447826027870178,0.0,1.0,True
2017-08-21,0.6547898054122925,0.6547898054122925,0.0,1.0,True
2017-08-22,0.6108962297439575,0.6108962297439575,0.0,1.0,True
2017-08-23,0.5784323811531067,0.5784323811531067,0.0,0.0,True
2017-08-24,0.5355384349822998,0.5355384349822998,0.0,0.0,True
2017-08-25,0.5411652326583862,0.5411652326583862,0.0,0.0,True
2017-08-28,0.5796887874603271,0.5796887874603271,0.0,0.0,True
2017-08-29,0.6533559560775757,0.6533559560775757,0.0,1.0,True
2017-08-30,0.6211710572242737,0.6211710572242737,0.0,1.0,True
2017-08-31,0.633514940738678,0.633514940738678,0.0,1.0,True
2017-09-01,0.5693821310997009,0.5693821310997009,0.0,0.0,True
2017-09-05,0.556150496006012,0.556150496006012,0.0,0.0,True
2017-09-06,0.5439111590385437,0.5439111590385437,0.0,0.0,True
2017-09-07,0.508963406085968,0.508963406085968,0.0,0.0,True
2017-09-08,0.6065704226493835,0.6065704226493835,0.0,1.0,True
2017-09-11,0.5966479182243347,0.5966479182243347,0.0,1.0,True
2017-09-12,0.5158851146697998,0.5158851146697998,0.0,0.0,True
2017-09-13,0.5443100929260254,0.5443100929260254,0.0,0.0,True
2017-09-14,0.5085089206695557,0.5085089206695557,0.0,0.0,True
2017-09-15,0.5127284526824951,0.5127284526824951,0.0,0.0,True
2017-09-18,0.582288384437561,0.582288384437561,0.0,1.0,True
2017-09-19,0.6387395262718201,0.6387395262718201,0.0,1.0,True
2017-09-20,0.569838285446167,0.569838285446167,0.0,0.0,True
2017-09-21,0.5404477119445801,0.5404477119445801,0.0,0.0,True
2017-09-22,0.5709360241889954,0.5709360241889954,0.0,0.0,True
2017-09-25,0.6839259266853333,0.6839259266853333,0.0,1.0,True
2017-09-26,0.6321092247962952,0.6321092247962952,0.0,1.0,True
2017-09-27,0.6088634133338928,0.6088634133338928,0.0,1.0,True
2017-09-28,0.5096651911735535,0.5096651911735535,0.0,0.0,True
2017-09-29,0.5453588962554932,0.5453588962554932,0.0,0.0,True
2017-10-02,0.49306967854499817,0.49306967854499817,0.0,0.0,True
2017-10-03,0.46444186568260193,0.46444186568260193,0.0,0.0,True
2017-10-04,0.46780118346214294,0.46780118346214294,0.0,0.0,True
2017-10-05,0.515049934387207,0.515049934387207,0.0,0.0,True
2017-10-06,0.5086775422096252,0.5086775422096252,0.0,0.0,True
2017-10-09,0.5929771661758423,0.5929771661758423,0.0,1.0,True
2017-10-10,0.5716522336006165,0.5716522336006165,0.0,0.0,True
2017-10-11,0.4582464396953583,0.4582464396953583,0.0,0.0,True
2017-10-12,0.5077107548713684,0.5077107548713684,0.0,0.0,True
2017-10-13,0.4834393262863159,0.4834393262863159,0.0,0.0,True
2017-10-16,0.45211243629455566,0.45211243629455566,0.0,0.0,True
2017-10-17,0.43704432249069214,0.43704432249069214,0.0,0.0,True
2017-10-18,0.4357368052005768,0.4357368052005768,0.0,0.0,True
2017-10-19,0.6951034665107727,0.6951034665107727,0.0,1.0,True
2017-10-20,0.5203887820243835,0.5203887820243835,0.0,0.0,True
2017-10-23,0.6277766823768616,0.6277766823768616,0.0,1.0,True
2017-10-24,0.5594345331192017,0.5594345331192017,0.0,0.0,True
2017-10-25,0.6597110033035278,0.6597110033035278,0.0,1.0,True
2017-10-26,0.573499858379364,0.573499858379364,0.0,0.0,True
2017-10-27,0.6129565834999084,0.6129565834999084,0.0,1.0,True
2017-10-30,0.6109396815299988,0.6109396815299988,0.0,1.0,True
2017-10-31,0.541827380657196,0.541827380657196,0.0,0.0,True
2017-11-01,0.5898821949958801,0.5898821949958801,0.0,1.0,True
2017-11-02,0.5934697389602661,0.5934697389602661,0.0,1.0,True
2017-11-03,0.5810790061950684,0.5810790061950684,0.0,1.0,True
2017-11-06,0.45952698588371277,0.45952698588371277,0.0,0.0,True
2017-11-07,0.5622366070747375,0.5622366070747375,0.0,0.0,True
2017-11-08,0.5840848684310913,0.5840848684310913,0.0,1.0,True
2017-11-09,0.5765473246574402,0.5765473246574402,0.0,0.0,True
2017-11-10,0.5484527349472046,0.5484527349472046,0.0,0.0,True
2017-11-13,0.5632435083389282,0.5632435083389282,0.0,0.0,True
2017-11-14,0.5673194527626038,0.5673194527626038,0.0,0.0,True
2017-11-15,0.6540004014968872,0.6540004014968872,0.0,1.0,True
2017-11-16,0.5606933236122131,0.5606933236122131,0.0,0.0,True
2017-11-17,0.4868980050086975,0.4868980050086975,0.0,0.0,True
2017-11-20,0.5669788718223572,0.5669788718223572,0.0,0.0,True
2017-11-21,0.4999834895133972,0.4999834895133972,0.0,0.0,True
2017-11-22,0.46457594633102417,0.46457594633102417,0.0,0.0,True
2017-11-24,0.48608285188674927,0.48608285188674927,0.0,0.0,True
2017-11-27,0.4265717566013336,0.4265717566013336,0.0,0.0,True
2017-11-28,0.5453084707260132,0.5453084707260132,0.0,0.0,True
2017-11-29,0.5637373924255371,0.5637373924255371,0.0,0.0,True
2017-11-30,0.6026076078414917,0.6026076078414917,0.0,1.0,True
2017-12-01,0.583748459815979,0.583748459815979,0.0,1.0,True
2017-12-04,0.5493571758270264,0.5493571758270264,0.0,0.0,True
2017-12-05,0.5476495027542114,0.5476495027542114,0.0,0.0,True
2017-12-06,0.5149237513542175,0.5149237513542175,0.0,0.0,True
2017-12-07,0.504756510257721,0.504756510257721,0.0,0.0,True
2017-12-08,0.4989059269428253,0.4989059269428253,0.0,0.0,True
2017-12-11,0.4300679564476013,0.4300679564476013,0.0,0.0,True
2017-12-12,0.5302706956863403,0.5302706956863403,0.0,0.0,True
2017-12-13,0.5410315990447998,0.5410315990447998,0.0,0.0,True
2017-12-14,0.6348797678947449,0.6348797678947449,0.0,1.0,True
2017-12-15,0.5580146908760071,0.5580146908760071,0.0,0.0,True
2017-12-18,0.5446568727493286,0.5446568727493286,0.0,0.0,True
2017-12-19,0.608460009098053,0.608460009098053,0.0,1.0,True
2017-12-20,0.6606146097183228,0.6606146097183228,0.0,1.0,True
2017-12-21,0.5916050672531128,0.5916050672531128,0.0,1.0,True
2017-12-22,0.5954520106315613,0.5954520106315613,0.0,1.0,True
2017-12-26,0.6091915369033813,0.6091915369033813,0.0,1.0,True
2017-12-27,0.5063600540161133,0.5063600540161133,0.0,0.0,True
2017-12-28,0.47559788823127747,0.47559788823127747,0.0,0.0,True
2017-12-29,0.5814751982688904,0.5814751982688904,0.0,1.0,True
2018-01-02,0.6128975749015808,0.6128975749015808,0.0,1.0,True
2018-01-03,0.5825698375701904,0.5825698375701904,0.0,1.0,True
2018-01-04,0.6566821932792664,0.6566821932792664,0.0,1.0,True
2018-01-05,0.5567025542259216,0.5567025542259216,0.0,0.0,True
2018-01-08,0.5949435830116272,0.5949435830116272,0.0,1.0,True
2018-01-09,0.566164493560791,0.566164493560791,0.0,0.0,True
2018-01-10,0.5962730050086975,0.5962730050086975,0.0,1.0,True
2018-01-11,0.5181624293327332,0.5181624293327332,0.0,0.0,True
2018-01-12,0.4894830584526062,0.4894830584526062,0.0,0.0,True
2018-01-16,0.5771836042404175,0.5771836042404175,0.0,0.0,True
2018-01-17,0.45991113781929016,0.45991113781929016,0.0,0.0,True
2018-01-18,0.5242769122123718,0.5242769122123718,0.0,0.0,True
2018-01-19,0.5377992391586304,0.5377992391586304,0.0,0.0,True
2018-01-22,0.47536537051200867,0.47536537051200867,0.0,0.0,True
2018-01-23,0.4623180627822876,0.4623180627822876,0.0,0.0,True
2018-01-24,0.5493912100791931,0.5493912100791931,0.0,0.0,True
2018-01-25,0.5100780725479126,0.5100780725479126,0.0,0.0,True
2018-01-26,0.36315804719924927,0.36315804719924927,0.0,0.0,True
2018-01-29,0.5487875938415527,0.5487875938415527,0.0,0.0,True
2018-01-30,0.665374755859375,0.665374755859375,0.0,1.0,True
2018-01-31,0.6436351537704468,0.6436351537704468,0.0,1.0,True
2018-02-01,0.6899813413619995,0.6899813413619995,0.0,1.0,True
2018-02-02,0.6459994912147522,0.6459994912147522,0.0,1.0,True
2018-02-05,0.7508909106254578,0.7508909106254578,1.0,0.784862023846953,True
2018-02-06,0.7982667088508606,0.7982667088508606,1.0,0.784862023846953,True
2018-02-07,0.6310157775878906,0.6310157775878906,1.0,0.784862023846953,True
2018-02-08,0.7687865495681763,0.7687865495681763,1.0,0.6176423893493828,True
2018-02-09,0.6904978156089783,0.6904978156089783,1.0,0.6176423893493828,True
2018-02-12,0.3928946256637573,0.3928946256637573,1.0,0.0,True
2018-02-13,0.4544524550437927,0.4544524550437927,1.0,0.0,True
2018-02-14,0.32076117396354675,0.32076117396354675,1.0,0.0,True
2018-02-15,0.33537739515304565,0.33537739515304565,1.0,0.0,True
2018-02-16,0.3621731102466583,0.3621731102466583,1.0,0.0,True
2018-02-20,0.41692543029785156,0.41692543029785156,1.0,0.0,True
2018-02-21,0.4361465871334076,0.4361465871334076,1.0,0.0,True
2018-02-22,0.6174792051315308,0.6174792051315308,1.0,0.576978496267763,True
2018-02-23,0.5941175222396851,0.5941175222396851,1.0,0.576978496267763,True
2018-02-26,0.5821903944015503,0.5821903944015503,1.0,0.576978496267763,True
2018-02-27,0.5229300856590271,0.5229300856590271,1.0,0.0,True
2018-02-28,0.5347003936767578,0.5347003936767578,1.0,0.0,True
2018-03-01,0.6036270260810852,0.6036270260810852,1.0,0.5480990070473096,True
2018-03-02,0.5224665999412537,0.5224665999412537,1.0,0.0,True
2018-03-05,0.5486855506896973,0.5486855506896973,1.0,0.0,True
2018-03-06,0.5872991681098938,0.5872991681098938,1.0,0.6821047068205344,True
2018-03-07,0.6186132431030273,0.6186132431030273,1.0,0.6821047068205344,True
2018-03-08,0.6896664500236511,0.6896664500236511,1.0,0.6821047068205344,True
2018-03-09,0.5709584951400757,0.5709584951400757,1.0,0.0,True
2018-03-12,0.5635342597961426,0.5635342597961426,1.0,0.0,True
2018-03-13,0.6122205257415771,0.6122205257415771,1.0,0.9931083955367084,True
2018-03-14,0.6005405187606812,0.6005405187606812,1.0,0.9931083955367084,True
2018-03-15,0.5973837971687317,0.5973837971687317,1.0,0.9931083955367084,True
2018-03-16,0.720917284488678,0.720917284488678,0.0,0.9931083955367084,True
2018-03-19,0.6078664064407349,0.6078664064407349,1.0,0.9931083955367084,True
2018-03-20,0.7114098072052002,0.7114098072052002,1.0,0.9931083955367084,True
2018-03-21,0.6250114440917969,0.6250114440917969,1.0,0.9931083955367084,True
2018-03-22,0.6206023097038269,0.6206023097038269,1.0,0.874509487957149,True
2018-03-23,0.6255888938903809,0.6255888938903809,1.0,0.874509487957149,True
2018-03-26,0.5287896990776062,0.5287896990776062,1.0,0.0,True
2018-03-27,0.6067277789115906,0.6067277789115906,1.0,0.7422117964927916,True
2018-03-28,0.6065183877944946,0.6065183877944946,1.0,0.7422117964927916,True
2018-03-29,0.5440916419029236,0.5440916419029236,1.0,0.0,True
2018-04-02,0.4486059844493866,0.4486059844493866,1.0,0.0,True
2018-04-03,0.5650854706764221,0.5650854706764221,1.0,0.0,True
2018-04-04,0.4908846616744995,0.4908846616744995,1.0,0.0,True
2018-04-05,0.47863462567329407,0.47863462567329407,1.0,0.0,True
2018-04-06,0.5816411375999451,0.5816411375999451,1.0,0.6477652504154203,True
2018-04-09,0.5472198724746704,0.5472198724746704,1.0,0.0,True
2018-04-10,0.5401424765586853,0.5401424765586853,1.0,0.0,True
2018-04-11,0.5575703978538513,0.5575703978538513,1.0,0.0,True
2018-04-12,0.5878892540931702,0.5878892540931702,1.0,0.6419725932724084,True
2018-04-13,0.5696332454681396,0.5696332454681396,1.0,0.0,True
2018-04-16,0.6010878086090088,0.6010878086090088,1.0,0.635252872091415,True
2018-04-17,0.5892593860626221,0.5892593860626221,1.0,0.635252872091415,True
2018-04-18,0.642240047454834,0.642240047454834,1.0,0.635252872091415,True
2018-04-19,0.6113219261169434,0.6113219261169434,1.0,0.635252872091415,True
2018-04-20,0.6213904023170471,0.6213904023170471,1.0,0.635252872091415,True
2018-04-23,0.6543561220169067,0.6543561220169067,1.0,0.7371821229381311,True
2018-04-24,0.6310757994651794,0.6310757994651794,1.0,0.7371821229381311,True
2018-04-25,0.5942904353141785,0.5942904353141785,1.0,0.8548994927227249,True
2018-04-26,0.6214243769645691,0.6214243769645691,1.0,0.8548994927227249,True
2018-04-27,0.6264275312423706,0.6264275312423706,1.0,0.8548994927227249,True
2018-04-30,0.6372841596603394,0.6372841596603394,1.0,0.9665769958542467,True
2018-05-01,0.6152939200401306,0.6152939200401306,1.0,0.9665769958542467,True
2018-05-02,0.5681722164154053,0.5681722164154053,1.0,0.0,True
2018-05-03,0.6840084791183472,0.6840084791183472,1.0,1.0,True
2018-05-04,0.6206064224243164,0.6206064224243164,1.0,1.0,True
2018-05-07,0.5750308632850647,0.5750308632850647,1.0,0.0,True
2018-05-08,0.602090060710907,0.602090060710907,0.0,1.0,True
2018-05-09,0.5753569006919861,0.5753569006919861,0.0,0.0,True
2018-05-10,0.5902528762817383,0.5902528762817383,0.0,1.0,True
2018-05-11,0.6127047538757324,0.6127047538757324,0.0,1.0,True
2018-05-14,0.637795627117157,0.637795627117157,0.0,1.0,True
2018-05-15,0.5656523108482361,0.5656523108482361,0.0,0.0,True
2018-05-16,0.5865875482559204,0.5865875482559204,0.0,1.0,True
2018-05-17,0.6038527488708496,0.6038527488708496,0.0,1.0,True
2018-05-18,0.6288686990737915,0.6288686990737915,0.0,1.0,True
2018-05-21,0.5983442664146423,0.5983442664146423,0.0,1.0,True
2018-05-22,0.58006352186203,0.58006352186203,0.0,1.0,True
2018-05-23,0.5924522280693054,0.5924522280693054,0.0,1.0,True
2018-05-24,0.5455407500267029,0.5455407500267029,0.0,0.0,True
2018-05-25,0.5107389092445374,0.5107389092445374,0.0,0.0,True
2018-05-29,0.6615633368492126,0.6615633368492126,0.0,1.0,True
2018-05-30,0.5279653072357178,0.5279653072357178,0.0,0.0,True
2018-05-31,0.5411093235015869,0.5411093235015869,0.0,0.0,True
2018-06-01,0.5488321185112,0.5488321185112,0.0,0.0,True
2018-06-04,0.5247027277946472,0.5247027277946472,0.0,0.0,True
2018-06-05,0.5457250475883484,0.5457250475883484,0.0,0.0,True
2018-06-06,0.5435141324996948,0.5435141324996948,0.0,0.0,True
2018-06-07,0.5925593376159668,0.5925593376159668,0.0,1.0,True
2018-06-08,0.5439569354057312,0.5439569354057312,0.0,0.0,True
2018-06-11,0.5635861754417419,0.5635861754417419,0.0,0.0,True
2018-06-12,0.5540664196014404,0.5540664196014404,0.0,0.0,True
2018-06-13,0.6111798882484436,0.6111798882484436,0.0,1.0,True
2018-06-14,0.6018482446670532,0.6018482446670532,0.0,1.0,True
2018-06-15,0.6245453953742981,0.6245453953742981,0.0,1.0,True
2018-06-18,0.6215029954910278,0.6215029954910278,0.0,1.0,True
2018-06-19,0.634477972984314,0.634477972984314,0.0,1.0,True
2018-06-20,0.5939972996711731,0.5939972996711731,0.0,1.0,True
2018-06-21,0.609714686870575,0.609714686870575,0.0,1.0,True
2018-06-22,0.6129728555679321,0.6129728555679321,0.0,1.0,True
2018-06-25,0.6050621271133423,0.6050621271133423,0.0,1.0,True
2018-06-26,0.6233503222465515,0.6233503222465515,0.0,1.0,True
2018-06-27,0.6353596448898315,0.6353596448898315,0.0,1.0,True
2018-06-28,0.6357162594795227,0.6357162594795227,0.0,1.0,True
2018-06-29,0.6682068109512329,0.6682068109512329,0.0,1.0,True
2018-07-02,0.454140841960907,0.454140841960907,0.0,0.0,True
2018-07-03,0.6492027044296265,0.6492027044296265,0.0,1.0,True
2018-07-05,0.40907227993011475,0.40907227993011475,0.0,0.0,True
2018-07-06,0.40806853771209717,0.40806853771209717,0.0,0.0,True
2018-07-09,0.5093942880630493,0.5093942880630493,0.0,0.0,True
2018-07-10,0.5478150844573975,0.5478150844573975,0.0,0.0,True
2018-07-11,0.4427361786365509,0.4427361786365509,0.0,0.0,True
2018-07-12,0.5588248372077942,0.5588248372077942,0.0,0.0,True
2018-07-13,0.5778633952140808,0.5778633952140808,0.0,0.0,True
2018-07-16,0.5097600221633911,0.5097600221633911,0.0,0.0,True
2018-07-17,0.603418231010437,0.603418231010437,0.0,1.0,True
2018-07-18,0.5022680759429932,0.5022680759429932,0.0,0.0,True
2018-07-19,0.6054675579071045,0.6054675579071045,0.0,1.0,True
2018-07-20,0.5389536619186401,0.5389536619186401,0.0,0.0,True
2018-07-23,0.5459681153297424,0.5459681153297424,0.0,0.0,True
2018-07-24,0.5457563996315002,0.5457563996315002,0.0,0.0,True
2018-07-25,0.5999665260314941,0.5999665260314941,0.0,1.0,True
2018-07-26,0.5719311237335205,0.5719311237335205,0.0,0.0,True
2018-07-27,0.5972711443901062,0.5972711443901062,0.0,1.0,True
2018-07-30,0.5685132145881653,0.5685132145881653,0.0,0.0,True
2018-07-31,0.5454029440879822,0.5454029440879822,0.0,0.0,True
2018-08-01,0.6356177926063538,0.6356177926063538,0.0,1.0,True
2018-08-02,0.6042025089263916,0.6042025089263916,0.0,1.0,True
2018-08-03,0.5568346977233887,0.5568346977233887,0.0,0.0,True
2018-08-06,0.49435970187187195,0.49435970187187195,0.0,0.0,True
2018-08-07,0.47551146149635315,0.47551146149635315,0.0,0.0,True
2018-08-08,0.4648688733577728,0.4648688733577728,0.0,0.0,True
2018-08-09,0.5304073095321655,0.5304073095321655,0.0,0.0,True
2018-08-10,0.5663889646530151,0.5663889646530151,0.0,0.0,True
2018-08-13,0.6520340442657471,0.6520340442657471,0.0,1.0,True
2018-08-14,0.6007704138755798,0.6007704138755798,0.0,1.0,True
2018-08-15,0.7119712233543396,0.7119712233543396,0.0,1.0,True
2018-08-16,0.5739379525184631,0.5739379525184631,0.0,0.0,True
2018-08-17,0.5166199803352356,0.5166199803352356,0.0,0.0,True
2018-08-20,0.516308069229126,0.516308069229126,0.0,0.0,True
2018-08-21,0.5308951735496521,0.5308951735496521,0.0,0.0,True
2018-08-22,0.4167732298374176,0.4167732298374176,0.0,0.0,True
2018-08-23,0.5286831855773926,0.5286831855773926,0.0,0.0,True
2018-08-24,0.45029351115226746,0.45029351115226746,0.0,0.0,True
2018-08-27,0.5654022693634033,0.5654022693634033,0.0,0.0,True
2018-08-28,0.5956511497497559,0.5956511497497559,0.0,1.0,True
2018-08-29,0.5866336822509766,0.5866336822509766,0.0,1.0,True
2018-08-30,0.6061421036720276,0.6061421036720276,0.0,1.0,True
2018-08-31,0.5987194776535034,0.5987194776535034,0.0,1.0,True
2018-09-04,0.5694555640220642,0.5694555640220642,0.0,0.0,True
2018-09-05,0.566062867641449,0.566062867641449,0.0,0.0,True
2018-09-06,0.6498470306396484,0.6498470306396484,0.0,1.0,True
2018-09-07,0.6729904413223267,0.6729904413223267,0.0,1.0,True
2018-09-10,0.5940446853637695,0.5940446853637695,0.0,1.0,True
2018-09-11,0.596594512462616,0.596594512462616,0.0,1.0,True
2018-09-12,0.534961998462677,0.534961998462677,0.0,0.0,True
2018-09-13,0.5443262457847595,0.5443262457847595,0.0,0.0,True
2018-09-14,0.5360431671142578,0.5360431671142578,0.0,0.0,True
2018-09-17,0.606187641620636,0.606187641620636,0.0,1.0,True
2018-09-18,0.6321362853050232,0.6321362853050232,0.0,1.0,True
2018-09-19,0.5897770524024963,0.5897770524024963,0.0,1.0,True
2018-09-20,0.6562549471855164,0.6562549471855164,0.0,1.0,True
2018-09-21,0.6741501092910767,0.6741501092910767,0.0,1.0,True
2018-09-24,0.6280736327171326,0.6280736327171326,0.0,1.0,True
2018-09-25,0.6184298992156982,0.6184298992156982,0.0,1.0,True
2018-09-26,0.64012610912323,0.64012610912323,0.0,1.0,True
2018-09-27,0.5908916592597961,0.5908916592597961,0.0,1.0,True
2018-09-28,0.5776788592338562,0.5776788592338562,0.0,0.0,True
2018-10-01,0.5587179660797119,0.5587179660797119,0.0,0.0,True
2018-10-02,0.5265474915504456,0.5265474915504456,0.0,0.0,True
2018-10-03,0.45347440242767334,0.45347440242767334,0.0,0.0,True
2018-10-04,0.7573310136795044,0.7573310136795044,0.0,1.0,True
2018-10-05,0.7473955750465393,0.7473955750465393,0.0,1.0,True
2018-10-08,0.7752233147621155,0.7752233147621155,0.0,1.0,True
2018-10-09,0.7768353223800659,0.7768353223800659,0.0,1.0,True
2018-10-10,0.662148654460907,0.662148654460907,0.0,1.0,True
2018-10-11,0.54580157995224,0.54580157995224,1.0,0.0,True
2018-10-12,0.63557368516922,0.63557368516922,1.0,0.9627310663065698,True
2018-10-15,0.6294678449630737,0.6294678449630737,1.0,0.9627310663065698,True
2018-10-16,0.5082589387893677,0.5082589387893677,1.0,0.0,True
2018-10-17,0.46328750252723694,0.46328750252723694,1.0,0.0,True
2018-10-18,0.4192865490913391,0.4192865490913391,1.0,0.0,True
2018-10-19,0.4553808569908142,0.4553808569908142,1.0,0.0,True
2018-10-22,0.5003312826156616,0.5003312826156616,1.0,0.0,True
2018-10-23,0.559703528881073,0.559703528881073,1.0,0.0,True
2018-10-24,0.6323564648628235,0.6323564648628235,1.0,0.739533486161792,True
2018-10-25,0.6779258847236633,0.6779258847236633,1.0,0.739533486161792,True
2018-10-26,0.6805682182312012,0.6805682182312012,1.0,0.739533486161792,True
2018-10-29,0.6742485165596008,0.6742485165596008,1.0,0.739533486161792,True
2018-10-30,0.5367796421051025,0.5367796421051025,1.0,0.0,True
2018-10-31,0.4648142158985138,0.4648142158985138,1.0,0.0,True
2018-11-01,0.49619606137275696,0.49619606137275696,1.0,0.0,True
2018-11-02,0.4708240330219269,0.4708240330219269,1.0,0.0,True
2018-11-05,0.4244502782821655,0.4244502782821655,1.0,0.0,True
2018-11-06,0.39957913756370544,0.39957913756370544,1.0,0.0,True
2018-11-07,0.41725799441337585,0.41725799441337585,1.0,0.0,True
2018-11-08,0.4606461524963379,0.4606461524963379,1.0,0.0,True
2018-11-09,0.588773250579834,0.588773250579834,1.0,0.7011649447285458,True
2018-11-12,0.5974356532096863,0.5974356532096863,1.0,0.7011649447285458,True
2018-11-13,0.6470391750335693,0.6470391750335693,1.0,0.7011649447285458,True
2018-11-14,0.5574201941490173,0.5574201941490173,1.0,0.0,True
2018-11-15,0.5980845093727112,0.5980845093727112,1.0,0.723776440382229,True
2018-11-16,0.6196846961975098,0.6196846961975098,1.0,0.723776440382229,True
2018-11-19,0.6042093634605408,0.6042093634605408,1.0,0.723776440382229,True
2018-11-20,0.6524025797843933,0.6524025797843933,1.0,0.723776440382229,True
2018-11-21,0.540399968624115,0.540399968624115,1.0,0.0,True
2018-11-23,0.6477656364440918,0.6477656364440918,1.0,0.8046831713898,True
2018-11-26,0.6125110983848572,0.6125110983848572,1.0,0.8046831713898,True
2018-11-27,0.5439794063568115,0.5439794063568115,1.0,0.0,True
2018-11-28,0.5788483023643494,0.5788483023643494,1.0,0.0,True
2018-11-29,0.5651615262031555,0.5651615262031555,1.0,0.0,True
2018-11-30,0.5109981298446655,0.5109981298446655,1.0,0.0,True
2018-12-03,0.5611055493354797,0.5611055493354797,1.0,0.0,True
2018-12-04,0.5762136578559875,0.5762136578559875,1.0,0.0,True
2018-12-06,0.6017735600471497,0.6017735600471497,1.0,0.6669911760134065,True
2018-12-07,0.6666980385780334,0.6666980385780334,1.0,0.6669911760134065,True
2018-12-10,0.6210508942604065,0.6210508942604065,1.0,0.6669911760134065,True
2018-12-11,0.6222738027572632,0.6222738027572632,1.0,0.6669911760134065,True
2018-12-12,0.5969141721725464,0.5969141721725464,1.0,0.6669911760134065,True
2018-12-13,0.5857551097869873,0.5857551097869873,1.0,0.6669911760134065,True
2018-12-14,0.5702709555625916,0.5702709555625916,1.0,0.0,True
2018-12-17,0.5794603824615479,0.5794603824615479,1.0,0.0,True
2018-12-18,0.5687379837036133,0.5687379837036133,1.0,0.0,True
2018-12-19,0.6589107513427734,0.6589107513427734,1.0,0.6708979833670745,True
2018-12-20,0.638979971408844,0.638979971408844,1.0,0.6708979833670745,True
2018-12-21,0.5985634922981262,0.5985634922981262,1.0,0.6708979833670745,True
2018-12-24,0.5961611270904541,0.5961611270904541,1.0,0.6708979833670745,True
2018-12-26,0.5509443879127502,0.5509443879127502,1.0,0.0,True
2018-12-27,0.4669807255268097,0.4669807255268097,1.0,0.0,True
2018-12-28,0.3980841636657715,0.3980841636657715,1.0,0.0,True
2018-12-31,0.4220793843269348,0.4220793843269348,1.0,0.0,True
2019-01-02,0.3968115746974945,0.3968115746974945,1.0,0.0,True
2019-01-03,0.5185010433197021,0.5185010433197021,1.0,0.0,True
2019-01-04,0.4909946322441101,0.4909946322441101,1.0,0.0,True
2019-01-07,0.4140665829181671,0.4140665829181671,1.0,0.0,True
2019-01-08,0.4232317805290222,0.4232317805290222,1.0,0.0,True
2019-01-09,0.43074706196784973,0.43074706196784973,1.0,0.0,True
2019-01-10,0.36820006370544434,0.36820006370544434,1.0,0.0,True
2019-01-11,0.4704055190086365,0.4704055190086365,1.0,0.0,True
2019-01-14,0.4016798734664917,0.4016798734664917,1.0,0.0,True
2019-01-15,0.3444650173187256,0.3444650173187256,1.0,0.0,True
2019-01-16,0.4144357442855835,0.4144357442855835,1.0,0.0,True
2019-01-17,0.33175531029701233,0.33175531029701233,1.0,0.0,True
2019-01-18,0.3067336976528168,0.3067336976528168,2.0,0.0,True
2019-01-22,0.46079954504966736,0.46079954504966736,2.0,0.0,True
2019-01-23,0.45029425621032715,0.45029425621032715,2.0,0.0,True
2019-01-24,0.5395800471305847,0.5395800471305847,2.0,0.0,True
2019-01-25,0.5661423206329346,0.5661423206329346,1.0,0.0,True
2019-01-28,0.5603276491165161,0.5603276491165161,1.0,0.0,True
2019-01-29,0.6188682913780212,0.6188682913780212,1.0,0.8261636515064285,True
2019-01-30,0.6126895546913147,0.6126895546913147,1.0,0.8261636515064285,True
2019-01-31,0.6641836166381836,0.6641836166381836,1.0,0.8261636515064285,True
2019-02-01,0.63421630859375,0.63421630859375,1.0,0.9590748715370833,True
2019-02-04,0.534996747970581,0.534996747970581,1.0,0.0,True
2019-02-05,0.5464884042739868,0.5464884042739868,1.0,0.0,True
2019-02-06,0.6534388661384583,0.6534388661384583,1.0,1.0,True
2019-02-07,0.6057104468345642,0.6057104468345642,0.0,1.0,True
2019-02-08,0.6161400675773621,0.6161400675773621,0.0,1.0,True
2019-02-11,0.60934978723526,0.60934978723526,0.0,1.0,True
2019-02-12,0.5428828001022339,0.5428828001022339,1.0,0.0,True
2019-02-13,0.5442917943000793,0.5442917943000793,0.0,0.0,True
2019-02-14,0.4567806124687195,0.4567806124687195,0.0,0.0,True
2019-02-15,0.4492812752723694,0.4492812752723694,1.0,0.0,True
2019-02-19,0.45734554529190063,0.45734554529190063,1.0,0.0,True
2019-02-20,0.549238383769989,0.549238383769989,0.0,0.0,True
2019-02-21,0.5856802463531494,0.5856802463531494,0.0,1.0,True
2019-02-22,0.567263126373291,0.567263126373291,0.0,0.0,True
2019-02-25,0.5059611201286316,0.5059611201286316,0.0,0.0,True
2019-02-26,0.6009616255760193,0.6009616255760193,0.0,1.0,True
2019-02-27,0.6736489534378052,0.6736489534378052,0.0,1.0,True
2019-02-28,0.7067004442214966,0.7067004442214966,0.0,1.0,True
2019-03-01,0.6590296626091003,0.6590296626091003,0.0,1.0,True
2019-03-04,0.730887770652771,0.730887770652771,0.0,1.0,True
2019-03-05,0.7111352682113647,0.7111352682113647,0.0,1.0,True
2019-03-06,0.8381232619285583,0.8381232619285583,0.0,1.0,True
2019-03-07,0.7654629349708557,0.7654629349708557,0.0,1.0,True
2019-03-08,0.6784428954124451,0.6784428954124451,0.0,1.0,True
2019-03-11,0.6480498909950256,0.6480498909950256,0.0,1.0,True
2019-03-12,0.6209526062011719,0.6209526062011719,0.0,1.0,True
2019-03-13,0.47964537143707275,0.47964537143707275,0.0,0.0,True
2019-03-14,0.44510796666145325,0.44510796666145325,0.0,0.0,True
2019-03-15,0.45574715733528137,0.45574715733528137,0.0,0.0,True
2019-03-18,0.4242391586303711,0.4242391586303711,0.0,0.0,True
2019-03-19,0.4756087362766266,0.4756087362766266,0.0,0.0,True
2019-03-20,0.5227869749069214,0.5227869749069214,0.0,0.0,True
2019-03-21,0.51933354139328,0.51933354139328,0.0,0.0,True
2019-03-22,0.6543238162994385,0.6543238162994385,0.0,1.0,True
2019-03-25,0.6567823886871338,0.6567823886871338,0.0,1.0,True
2019-03-26,0.6430849432945251,0.6430849432945251,0.0,1.0,True
2019-03-27,0.6490727663040161,0.6490727663040161,0.0,1.0,True
2019-03-28,0.6062659025192261,0.6062659025192261,0.0,1.0,True
2019-03-29,0.5085958242416382,0.5085958242416382,0.0,0.0,True
2019-04-01,0.5584351420402527,0.5584351420402527,0.0,0.0,True
2019-04-02,0.5822029709815979,0.5822029709815979,0.0,1.0,True
2019-04-03,0.6287242770195007,0.6287242770195007,0.0,1.0,True
2019-04-04,0.5933911204338074,0.5933911204338074,0.0,1.0,True
2019-04-05,0.6092087626457214,0.6092087626457214,0.0,1.0,True
2019-04-08,0.676926851272583,0.676926851272583,0.0,1.0,True
2019-04-09,0.5577203035354614,0.5577203035354614,0.0,0.0,True
2019-04-10,0.5589463114738464,0.5589463114738464,0.0,0.0,True
2019-04-11,0.5681877732276917,0.5681877732276917,0.0,0.0,True
2019-04-12,0.5829274654388428,0.5829274654388428,0.0,1.0,True
2019-04-15,0.5831956267356873,0.5831956267356873,0.0,1.0,True
2019-04-16,0.5986893773078918,0.5986893773078918,0.0,1.0,True
2019-04-17,0.5259617567062378,0.5259617567062378,0.0,0.0,True
2019-04-18,0.4965546131134033,0.4965546131134033,0.0,0.0,True
2019-04-22,0.6391986608505249,0.6391986608505249,0.0,1.0,True
2019-04-23,0.5799480080604553,0.5799480080604553,0.0,0.0,True
2019-04-24,0.5970745086669922,0.5970745086669922,0.0,1.0,True
2019-04-25,0.6361340284347534,0.6361340284347534,0.0,1.0,True
2019-04-26,0.645100474357605,0.645100474357605,0.0,1.0,True
2019-04-29,0.615673303604126,0.615673303604126,0.0,1.0,True
2019-04-30,0.5846031904220581,0.5846031904220581,0.0,1.0,True
2019-05-01,0.7005186676979065,0.7005186676979065,0.0,1.0,True
2019-05-02,0.6643019318580627,0.6643019318580627,0.0,1.0,True
2019-05-03,0.5831446647644043,0.5831446647644043,0.0,1.0,True
2019-05-06,0.6113144159317017,0.6113144159317017,0.0,1.0,True
2019-05-07,0.7333341240882874,0.7333341240882874,0.0,1.0,True
2019-05-08,0.706872820854187,0.706872820854187,0.0,1.0,True
2019-05-09,0.7051159143447876,0.7051159143447876,0.0,1.0,True
2019-05-10,0.6468021273612976,0.6468021273612976,0.0,1.0,True
2019-05-13,0.6945775747299194,0.6945775747299194,0.0,1.0,True
2019-05-14,0.615719199180603,0.615719199180603,0.0,1.0,True
2019-05-15,0.5528309941291809,0.5528309941291809,0.0,0.0,True
2019-05-16,0.46011385321617126,0.46011385321617126,0.0,0.0,True
2019-05-17,0.4898326098918915,0.4898326098918915,0.0,0.0,True
2019-05-20,0.4561651051044464,0.4561651051044464,0.0,0.0,True
2019-05-21,0.5040448307991028,0.5040448307991028,0.0,0.0,True
2019-05-22,0.5412386655807495,0.5412386655807495,0.0,0.0,True
2019-05-23,0.587945282459259,0.587945282459259,0.0,1.0,True
2019-05-24,0.638237476348877,0.638237476348877,0.0,1.0,True
2019-05-28,0.6371506452560425,0.6371506452560425,1.0,1.0,True
2019-05-29,0.607632577419281,0.607632577419281,1.0,1.0,True
2019-05-30,0.575373113155365,0.575373113155365,1.0,0.0,True
2019-05-31,0.5864261388778687,0.5864261388778687,1.0,0.9817526655031718,True
2019-06-03,0.6786416172981262,0.6786416172981262,1.0,0.9817526655031718,True
2019-06-04,0.5569354891777039,0.5569354891777039,1.0,0.0,True
2019-06-05,0.5253840684890747,0.5253840684890747,1.0,0.0,True
2019-06-06,0.5497642159461975,0.5497642159461975,1.0,0.0,True
2019-06-07,0.522367000579834,0.522367000579834,1.0,0.0,True
2019-06-10,0.5238962173461914,0.5238962173461914,1.0,0.0,True
2019-06-11,0.7319706678390503,0.7319706678390503,1.0,1.0,True
2019-06-12,0.6890031695365906,0.6890031695365906,1.0,1.0,True
2019-06-13,0.6786116361618042,0.6786116361618042,0.0,1.0,True
2019-06-14,0.7212016582489014,0.7212016582489014,0.0,1.0,True
2019-06-17,0.6911004781723022,0.6911004781723022,0.0,1.0,True
2019-06-18,0.6760034561157227,0.6760034561157227,0.0,1.0,True
2019-06-19,0.687210738658905,0.687210738658905,0.0,1.0,True
2019-06-20,0.7172775268554688,0.7172775268554688,0.0,1.0,True
2019-06-21,0.7327014803886414,0.7327014803886414,1.0,1.0,True
2019-06-24,0.7113164663314819,0.7113164663314819,1.0,1.0,True
2019-06-25,0.6033022999763489,0.6033022999763489,1.0,1.0,True
2019-06-26,0.6304309964179993,0.6304309964179993,1.0,1.0,True
2019-06-27,0.7060039043426514,0.7060039043426514,1.0,1.0,True
2019-06-28,0.5982258915901184,0.5982258915901184,1.0,1.0,True
2019-07-01,0.5185928344726562,0.5185928344726562,1.0,0.0,True
2019-07-02,0.48769617080688477,0.48769617080688477,1.0,0.0,True
2019-07-03,0.4999946355819702,0.4999946355819702,0.0,0.0,True
2019-07-05,0.5884613394737244,0.5884613394737244,0.0,1.0,True
2019-07-08,0.5793018937110901,0.5793018937110901,0.0,0.0,True
2019-07-09,0.6212775111198425,0.6212775111198425,0.0,1.0,True
2019-07-10,0.6246651411056519,0.6246651411056519,0.0,1.0,True
2019-07-11,0.5940594673156738,0.5940594673156738,0.0,1.0,True
2019-07-12,0.6104252338409424,0.6104252338409424,0.0,1.0,True
2019-07-15,0.5625603795051575,0.5625603795051575,0.0,0.0,True
2019-07-16,0.5285359025001526,0.5285359025001526,0.0,0.0,True
2019-07-17,0.7061998844146729,0.7061998844146729,0.0,1.0,True
2019-07-18,0.6601709723472595,0.6601709723472595,0.0,1.0,True
2019-07-19,0.7736853957176208,0.7736853957176208,0.0,1.0,True
2019-07-22,0.6919191479682922,0.6919191479682922,0.0,1.0,True
2019-07-23,0.6245340704917908,0.6245340704917908,0.0,1.0,True
2019-07-24,0.5376695990562439,0.5376695990562439,0.0,0.0,True
2019-07-25,0.6264665722846985,0.6264665722846985,0.0,1.0,True
2019-07-26,0.5230792164802551,0.5230792164802551,0.0,0.0,True
2019-07-29,0.4747210741043091,0.4747210741043091,0.0,0.0,True
2019-07-30,0.6066624522209167,0.6066624522209167,0.0,1.0,True
2019-07-31,0.6362707614898682,0.6362707614898682,0.0,1.0,True
2019-08-01,0.6544880867004395,0.6544880867004395,0.0,1.0,True
2019-08-02,0.6502494812011719,0.6502494812011719,0.0,1.0,True
2019-08-05,0.6898710131645203,0.6898710131645203,0.0,1.0,True
2019-08-06,0.6947944760322571,0.6947944760322571,0.0,1.0,True
2019-08-07,0.5774450898170471,0.5774450898170471,0.0,0.0,True
2019-08-08,0.5186154246330261,0.5186154246330261,1.0,0.0,True
2019-08-09,0.4474487900733948,0.4474487900733948,1.0,0.0,True
2019-08-12,0.38780131936073303,0.38780131936073303,1.0,0.0,True
2019-08-13,0.45903071761131287,0.45903071761131287,1.0,0.0,True
2019-08-14,0.5602615475654602,0.5602615475654602,1.0,0.0,True
2019-08-15,0.5550658702850342,0.5550658702850342,1.0,0.0,True
2019-08-16,0.5644618272781372,0.5644618272781372,1.0,0.0,True
2019-08-19,0.5876263380050659,0.5876263380050659,1.0,0.6908203574718192,True
2019-08-20,0.6028381586074829,0.6028381586074829,1.0,0.6908203574718192,True
2019-08-21,0.602885365486145,0.602885365486145,1.0,0.6908203574718192,True
2019-08-22,0.5458701848983765,0.5458701848983765,1.0,0.0,True
2019-08-23,0.5707239508628845,0.5707239508628845,1.0,0.0,True
2019-08-26,0.5939167737960815,0.5939167737960815,1.0,0.6327137715252023,True
2019-08-27,0.5855776071548462,0.5855776071548462,1.0,0.6327137715252023,True
2019-08-28,0.638569712638855,0.638569712638855,1.0,0.6327137715252023,True
2019-08-29,0.5938051342964172,0.5938051342964172,1.0,0.6327137715252023,True
2019-08-30,0.6240816116333008,0.6240816116333008,1.0,0.6327137715252023,True
2019-09-03,0.6049925684928894,0.6049925684928894,1.0,0.6327137715252023,True
2019-09-04,0.5956860184669495,0.5956860184669495,1.0,0.6327137715252023,True
2019-09-05,0.5479947924613953,0.5479947924613953,1.0,0.0,True
2019-09-06,0.602319061756134,0.602319061756134,1.0,0.7360680113498668,True
2019-09-09,0.625529944896698,0.625529944896698,1.0,0.7360680113498668,True
2019-09-10,0.6543348431587219,0.6543348431587219,1.0,0.7360680113498668,True
2019-09-11,0.6637171506881714,0.6637171506881714,1.0,0.7360680113498668,True
2019-09-12,0.686674177646637,0.686674177646637,1.0,0.9946860636073684,True
2019-09-13,0.7296819686889648,0.7296819686889648,1.0,0.9946860636073684,True
2019-09-16,0.7070372104644775,0.7070372104644775,1.0,0.9946860636073684,True
2019-09-17,0.6831631660461426,0.6831631660461426,0.0,0.9946860636073684,True
2019-09-18,0.6431982517242432,0.6431982517242432,1.0,0.9946860636073684,True
2019-09-19,0.6815398335456848,0.6815398335456848,0.0,0.9946860636073684,True
2019-09-20,0.6481279134750366,0.6481279134750366,0.0,0.9946860636073684,True
2019-09-23,0.6448498368263245,0.6448498368263245,1.0,0.9946860636073684,True
2019-09-24,0.5886369943618774,0.5886369943618774,0.0,0.9946860636073684,True
2019-09-25,0.6084948182106018,0.6084948182106018,1.0,0.9946860636073684,True
2019-09-26,0.6270272135734558,0.6270272135734558,0.0,0.9946860636073684,True
2019-09-27,0.5890151262283325,0.5890151262283325,0.0,0.9946860636073684,True
2019-09-30,0.5648280382156372,0.5648280382156372,0.0,0.0,True
2019-10-01,0.6043176054954529,0.6043176054954529,0.0,1.0,True
2019-10-02,0.6040120720863342,0.6040120720863342,0.0,1.0,True
2019-10-03,0.6047770380973816,0.6047770380973816,0.0,1.0,True
2019-10-04,0.5392774939537048,0.5392774939537048,0.0,0.0,True
2019-10-07,0.6063573956489563,0.6063573956489563,0.0,1.0,True
2019-10-08,0.5573807954788208,0.5573807954788208,0.0,0.0,True
2019-10-09,0.42542028427124023,0.42542028427124023,0.0,0.0,True
2019-10-10,0.3952399790287018,0.3952399790287018,0.0,0.0,True
2019-10-11,0.48035815358161926,0.48035815358161926,0.0,0.0,True
2019-10-14,0.4577678143978119,0.4577678143978119,0.0,0.0,True
2019-10-15,0.48703572154045105,0.48703572154045105,0.0,0.0,True
2019-10-16,0.5387852787971497,0.5387852787971497,0.0,0.0,True
2019-10-17,0.554004967212677,0.554004967212677,0.0,0.0,True
2019-10-18,0.533974826335907,0.533974826335907,0.0,0.0,True
2019-10-21,0.5503154993057251,0.5503154993057251,0.0,0.0,True
2019-10-22,0.5452373027801514,0.5452373027801514,0.0,0.0,True
2019-10-23,0.5469024777412415,0.5469024777412415,0.0,0.0,True
2019-10-24,0.5701227188110352,0.5701227188110352,0.0,0.0,True
2019-10-25,0.5854591727256775,0.5854591727256775,0.0,1.0,True
2019-10-28,0.6225477457046509,0.6225477457046509,0.0,1.0,True
2019-10-29,0.5871413946151733,0.5871413946151733,0.0,1.0,True
2019-10-30,0.5622009634971619,0.5622009634971619,1.0,0.0,True
2019-10-31,0.5783995985984802,0.5783995985984802,0.0,0.0,True
2019-11-01,0.5722366571426392,0.5722366571426392,0.0,0.0,True
2019-11-04,0.5759863257408142,0.5759863257408142,0.0,0.0,True
2019-11-05,0.5612892508506775,0.5612892508506775,1.0,0.0,True
2019-11-06,0.5476906299591064,0.5476906299591064,0.0,0.0,True
2019-11-07,0.5630678534507751,0.5630678534507751,0.0,0.0,True
2019-11-08,0.627547562122345,0.627547562122345,0.0,1.0,True
2019-11-11,0.629950761795044,0.629950761795044,0.0,1.0,True
2019-11-12,0.5931944251060486,0.5931944251060486,0.0,1.0,True
2019-11-13,0.6259158253669739,0.6259158253669739,0.0,1.0,True
2019-11-14,0.6521000266075134,0.6521000266075134,0.0,1.0,True
2019-11-15,0.618195116519928,0.618195116519928,0.0,1.0,True
2019-11-18,0.6341001391410828,0.6341001391410828,0.0,1.0,True
2019-11-19,0.6156129240989685,0.6156129240989685,0.0,1.0,True
2019-11-20,0.7003496885299683,0.7003496885299683,0.0,1.0,True
2019-11-21,0.6931250691413879,0.6931250691413879,0.0,1.0,True
2019-11-22,0.6040298938751221,0.6040298938751221,0.0,1.0,True
2019-11-25,0.6000909805297852,0.6000909805297852,0.0,1.0,True
2019-11-26,0.6167512536048889,0.6167512536048889,0.0,1.0,True
2019-11-27,0.5184953808784485,0.5184953808784485,0.0,0.0,True
2019-11-29,0.5415416359901428,0.5415416359901428,0.0,0.0,True
2019-12-02,0.6384173035621643,0.6384173035621643,0.0,1.0,True
2019-12-03,0.7564836144447327,0.7564836144447327,0.0,1.0,True
2019-12-04,0.6526826620101929,0.6526826620101929,0.0,1.0,True
2019-12-05,0.661496102809906,0.661496102809906,0.0,1.0,True
2019-12-06,0.6639684438705444,0.6639684438705444,0.0,1.0,True
2019-12-09,0.5214964151382446,0.5214964151382446,0.0,0.0,True
2019-12-10,0.5289331078529358,0.5289331078529358,0.0,0.0,True
2019-12-11,0.4958952069282532,0.4958952069282532,0.0,0.0,True
2019-12-12,0.47893860936164856,0.47893860936164856,0.0,0.0,True
2019-12-13,0.5388538837432861,0.5388538837432861,0.0,0.0,True
2019-12-16,0.6207886934280396,0.6207886934280396,0.0,1.0,True
2019-12-17,0.5323103070259094,0.5323103070259094,0.0,0.0,True
2019-12-18,0.6069255471229553,0.6069255471229553,0.0,1.0,True
2019-12-19,0.5327385067939758,0.5327385067939758,0.0,0.0,True
2019-12-20,0.5871697068214417,0.5871697068214417,0.0,1.0,True
2019-12-23,0.6068429946899414,0.6068429946899414,0.0,1.0,True
2019-12-24,0.5470854640007019,0.5470854640007019,0.0,0.0,True
2019-12-26,0.6064410209655762,0.6064410209655762,0.0,1.0,True
2019-12-27,0.5725594758987427,0.5725594758987427,0.0,0.0,True
2019-12-30,0.6675620675086975,0.6675620675086975,0.0,1.0,True
2019-12-31,0.7182410955429077,0.7182410955429077,0.0,1.0,True
2020-01-02,0.6207968592643738,0.6207968592643738,0.0,1.0,True
2020-01-03,0.6597847938537598,0.6597847938537598,0.0,1.0,True
2020-01-06,0.6309177279472351,0.6309177279472351,0.0,1.0,True
2020-01-07,0.5559170842170715,0.5559170842170715,0.0,0.0,True
2020-01-08,0.5866245627403259,0.5866245627403259,0.0,1.0,True
2020-01-09,0.5389746427536011,0.5389746427536011,0.0,0.0,True
2020-01-10,0.5178318619728088,0.5178318619728088,0.0,0.0,True
2020-01-13,0.5437915325164795,0.5437915325164795,0.0,0.0,True
2020-01-14,0.5648351311683655,0.5648351311683655,0.0,0.0,True
2020-01-15,0.5689692497253418,0.5689692497253418,0.0,0.0,True
2020-01-16,0.5233595371246338,0.5233595371246338,0.0,0.0,True
2020-01-17,0.5275479555130005,0.5275479555130005,0.0,0.0,True
2020-01-21,0.576494038105011,0.576494038105011,0.0,0.0,True
2020-01-22,0.5835905075073242,0.5835905075073242,0.0,1.0,True
2020-01-23,0.6102905869483948,0.6102905869483948,0.0,1.0,True
2020-01-24,0.6692342162132263,0.6692342162132263,0.0,1.0,True
2020-01-27,0.6561422348022461,0.6561422348022461,0.0,1.0,True
2020-01-28,0.6744464039802551,0.6744464039802551,0.0,1.0,True
2020-01-29,0.7216723561286926,0.7216723561286926,0.0,1.0,True
2020-01-30,0.6848219633102417,0.6848219633102417,0.0,1.0,True
2020-01-31,0.6677310466766357,0.6677310466766357,0.0,1.0,True
2020-02-03,0.5839547514915466,0.5839547514915466,0.0,1.0,True
2020-02-04,0.5576168298721313,0.5576168298721313,0.0,0.0,True
2020-02-05,0.6506800651550293,0.6506800651550293,0.0,1.0,True
2020-02-06,0.6748691201210022,0.6748691201210022,0.0,1.0,True
2020-02-07,0.5562480092048645,0.5562480092048645,0.0,0.0,True
2020-02-10,0.5908170938491821,0.5908170938491821,0.0,1.0,True
2020-02-11,0.653967559337616,0.653967559337616,0.0,1.0,True
2020-02-12,0.6357951164245605,0.6357951164245605,0.0,1.0,True
2020-02-13,0.6704833507537842,0.6704833507537842,0.0,1.0,True
2020-02-14,0.6949065327644348,0.6949065327644348,0.0,1.0,True
2020-02-18,0.6426010131835938,0.6426010131835938,0.0,1.0,True
2020-02-19,0.6786834597587585,0.6786834597587585,0.0,1.0,True
2020-02-20,0.6330059170722961,0.6330059170722961,0.0,1.0,True
2020-02-21,0.5803006887435913,0.5803006887435913,0.0,1.0,True
2020-02-24,0.5351020693778992,0.5351020693778992,1.0,0.0,True
2020-02-25,0.5628560185432434,0.5628560185432434,1.0,0.0,True
2020-02-26,0.5498879551887512,0.5498879551887512,1.0,0.0,True
2020-02-27,0.6331024765968323,0.6331024765968323,1.0,0.6011535927467158,True
2020-02-28,0.5938236117362976,0.5938236117362976,1.0,0.6011535927467158,True
2020-03-02,0.658828616142273,0.658828616142273,1.0,0.6011535927467158,True
2020-03-03,0.6760086417198181,0.6760086417198181,1.0,0.48680207255115004,True
2020-03-04,0.5562728047370911,0.5562728047370911,2.0,0.0,True
2020-03-05,0.49367961287498474,0.49367961287498474,2.0,0.0,True
2020-03-06,0.5593687295913696,0.5593687295913696,2.0,0.0,True
2020-03-09,0.6382151246070862,0.6382151246070862,2.0,0.3411118175476645,True
2020-03-10,0.6362612247467041,0.6362612247467041,2.0,0.3411118175476645,True
2020-03-11,0.5107250809669495,0.5107250809669495,2.0,0.0,True
2020-03-12,0.5426818132400513,0.5426818132400513,2.0,0.0,True
2020-03-13,0.654979407787323,0.654979407787323,2.0,0.2183830363637618,True
2020-03-16,0.643592357635498,0.643592357635498,2.0,0.2183830363637618,True
2020-03-17,0.6205673813819885,0.6205673813819885,2.0,0.2183830363637618,True
2020-03-18,0.640761137008667,0.640761137008667,2.0,0.2183830363637618,True
2020-03-19,0.5344448685646057,0.5344448685646057,2.0,0.0,True
2020-03-20,0.5843707323074341,0.5843707323074341,2.0,0.18238305315174008,True
2020-03-23,0.5920853018760681,0.5920853018760681,2.0,0.18238305315174008,True
2020-03-24,0.5317710638046265,0.5317710638046265,2.0,0.0,True
2020-03-25,0.4825179874897003,0.4825179874897003,2.0,0.0,True
2020-03-26,0.40149563550949097,0.40149563550949097,2.0,0.0,True
2020-03-27,0.4316524565219879,0.4316524565219879,2.0,0.0,True
2020-03-30,0.4290299415588379,0.4290299415588379,2.0,0.0,True
2020-03-31,0.456655889749527,0.456655889749527,2.0,0.0,True
2020-04-01,0.5888262391090393,0.5888262391090393,2.0,0.16412931050251386,True
2020-04-02,0.6598411202430725,0.6598411202430725,2.0,0.16412931050251386,True
2020-04-03,0.6945716738700867,0.6945716738700867,2.0,0.16412931050251386,True
2020-04-06,0.42389485239982605,0.42389485239982605,2.0,0.0,True
2020-04-07,0.41313284635543823,0.41313284635543823,2.0,0.0,True
2020-04-08,0.39363354444503784,0.39363354444503784,2.0,0.0,True
2020-04-09,0.33521878719329834,0.33521878719329834,2.0,0.0,True
2020-04-13,0.4116254150867462,0.4116254150867462,2.0,0.0,True
2020-04-14,0.3515760004520416,0.3515760004520416,2.0,0.0,True
2020-04-15,0.40209001302719116,0.40209001302719116,2.0,0.0,True
2020-04-16,0.4437739849090576,0.4437739849090576,2.0,0.0,True
2020-04-17,0.43350833654403687,0.43350833654403687,2.0,0.0,True
2020-04-20,0.4565155804157257,0.4565155804157257,2.0,0.0,True
2020-04-21,0.4949893355369568,0.4949893355369568,2.0,0.0,True
2020-04-22,0.5830236077308655,0.5830236077308655,2.0,0.3136999662669071,True
2020-04-23,0.4972918927669525,0.4972918927669525,2.0,0.0,True
2020-04-24,0.566613495349884,0.566613495349884,2.0,0.0,True
2020-04-27,0.5480435490608215,0.5480435490608215,2.0,0.0,True
2020-04-28,0.6133584380149841,0.6133584380149841,2.0,0.36521007125622673,True
2020-04-29,0.6190473437309265,0.6190473437309265,2.0,0.36521007125622673,True
2020-04-30,0.6039568781852722,0.6039568781852722,2.0,0.36521007125622673,True
2020-05-01,0.6172574758529663,0.6172574758529663,2.0,0.36521007125622673,True
2020-05-04,0.5674931406974792,0.5674931406974792,2.0,0.0,True
2020-05-05,0.486096054315567,0.486096054315567,1.0,0.0,True
2020-05-06,0.5696183443069458,0.5696183443069458,1.0,0.0,True
2020-05-07,0.6209233999252319,0.6209233999252319,1.0,0.5247374473064353,True
2020-05-08,0.5062387585639954,0.5062387585639954,1.0,0.0,True
2020-05-11,0.5657506585121155,0.5657506585121155,1.0,0.0,True
2020-05-12,0.6791902184486389,0.6791902184486389,1.0,0.5420933308816285,True
2020-05-13,0.7755116820335388,0.7755116820335388,1.0,0.5420933308816285,True
2020-05-14,0.7599530220031738,0.7599530220031738,1.0,0.5420933308816285,True
2020-05-15,0.7505571246147156,0.7505571246147156,1.0,0.5420933308816285,True
2020-05-18,0.5783061385154724,0.5783061385154724,1.0,0.0,True
2020-05-19,0.5897569060325623,0.5897569060325623,1.0,0.6063799413972225,True
2020-05-20,0.5658573508262634,0.5658573508262634,1.0,0.0,True
2020-05-21,0.5918044447898865,0.5918044447898865,1.0,0.6117068387812143,True
2020-05-22,0.574146032333374,0.574146032333374,1.0,0.0,True
2020-05-26,0.6063580513000488,0.6063580513000488,1.0,0.6239091427310085,True
2020-05-27,0.47463977336883545,0.47463977336883545,1.0,0.0,True
2020-05-28,0.5193655490875244,0.5193655490875244,2.0,0.0,True
2020-05-29,0.5077494978904724,0.5077494978904724,1.0,0.0,True
2020-06-01,0.42277711629867554,0.42277711629867554,1.0,0.0,True
2020-06-02,0.4569060504436493,0.4569060504436493,1.0,0.0,True
2020-06-03,0.4072361886501312,0.4072361886501312,1.0,0.0,True
2020-06-04,0.49829602241516113,0.49829602241516113,1.0,0.0,True
2020-06-05,0.41137343645095825,0.41137343645095825,1.0,0.0,True
2020-06-08,0.36156073212623596,0.36156073212623596,1.0,0.0,True
2020-06-09,0.41036394238471985,0.41036394238471985,1.0,0.0,True
2020-06-10,0.42730772495269775,0.42730772495269775,1.0,0.0,True
2020-06-11,0.8233580589294434,0.8233580589294434,1.0,0.5238973292364443,True
2020-06-12,0.7820451855659485,0.7820451855659485,1.0,0.5238973292364443,True
2020-06-15,0.8013806939125061,0.8013806939125061,1.0,0.5238973292364443,True
2020-06-16,0.760995090007782,0.760995090007782,1.0,0.5238973292364443,True
2020-06-17,0.7477617263793945,0.7477617263793945,1.0,0.5238973292364443,True
2020-06-18,0.5983195900917053,0.5983195900917053,1.0,0.5238973292364443,True
2020-06-19,0.6044939756393433,0.6044939756393433,1.0,0.5238973292364443,True
2020-06-22,0.5667911767959595,0.5667911767959595,1.0,0.0,True
2020-06-23,0.6542145013809204,0.6542145013809204,1.0,0.5648525791505982,True
2020-06-24,0.6945391893386841,0.6945391893386841,1.0,0.5648525791505982,True
2020-06-25,0.6384565830230713,0.6384565830230713,1.0,0.5648525791505982,True
2020-06-26,0.7334915399551392,0.7334915399551392,1.0,0.5648525791505982,True
2020-06-29,0.7029719352722168,0.7029719352722168,1.0,0.5648525791505982,True
2020-06-30,0.6259954571723938,0.6259954571723938,1.0,0.5648525791505982,True
2020-07-01,0.47365787625312805,0.47365787625312805,1.0,0.0,True
2020-07-02,0.49491211771965027,0.49491211771965027,1.0,0.0,True
2020-07-06,0.4315723776817322,0.4315723776817322,1.0,0.0,True
2020-07-07,0.3702867031097412,0.3702867031097412,2.0,0.0,True
2020-07-08,0.4138947129249573,0.4138947129249573,1.0,0.0,True
2020-07-09,0.48713043332099915,0.48713043332099915,1.0,0.0,True
2020-07-10,0.4506095051765442,0.4506095051765442,1.0,0.0,True
2020-07-13,0.5533917546272278,0.5533917546272278,1.0,0.0,True
2020-07-14,0.5309633612632751,0.5309633612632751,1.0,0.0,True
2020-07-15,0.535260021686554,0.535260021686554,1.0,0.0,True
2020-07-16,0.5940837860107422,0.5940837860107422,1.0,0.792313027139455,True
2020-07-17,0.5685005784034729,0.5685005784034729,1.0,0.0,True
2020-07-20,0.5741274952888489,0.5741274952888489,1.0,0.0,True
2020-07-21,0.6209259033203125,0.6209259033203125,1.0,0.7989334507174425,True
2020-07-22,0.6133812069892883,0.6133812069892883,1.0,0.7989334507174425,True
2020-07-23,0.5373138785362244,0.5373138785362244,1.0,0.0,True
2020-07-24,0.529182493686676,0.529182493686676,1.0,0.0,True
2020-07-27,0.5787649154663086,0.5787649154663086,1.0,0.0,True
2020-07-28,0.6016405820846558,0.6016405820846558,1.0,1.0,True
2020-07-29,0.5672563314437866,0.5672563314437866,1.0,0.0,True
2020-07-30,0.5347557067871094,0.5347557067871094,0.0,0.0,True
2020-07-31,0.5307971239089966,0.5307971239089966,0.0,0.0,True
2020-08-03,0.555341362953186,0.555341362953186,0.0,0.0,True
2020-08-04,0.5936411619186401,0.5936411619186401,0.0,1.0,True
2020-08-05,0.5342865586280823,0.5342865586280823,0.0,0.0,True
2020-08-06,0.6073400974273682,0.6073400974273682,0.0,1.0,True
2020-08-07,0.5119389891624451,0.5119389891624451,0.0,0.0,True
2020-08-10,0.45501652359962463,0.45501652359962463,0.0,0.0,True
2020-08-11,0.4787810444831848,0.4787810444831848,0.0,0.0,True
2020-08-12,0.4694804847240448,0.4694804847240448,0.0,0.0,True
2020-08-13,0.49360617995262146,0.49360617995262146,0.0,0.0,True
2020-08-14,0.4948504567146301,0.4948504567146301,0.0,0.0,True
2020-08-17,0.4791854918003082,0.4791854918003082,0.0,0.0,True
2020-08-18,0.5297054648399353,0.5297054648399353,0.0,0.0,True
2020-08-19,0.5522703528404236,0.5522703528404236,0.0,0.0,True
2020-08-20,0.5434501767158508,0.5434501767158508,0.0,0.0,True
2020-08-21,0.48678261041641235,0.48678261041641235,0.0,0.0,True
2020-08-24,0.5604848861694336,0.5604848861694336,0.0,0.0,True
2020-08-25,0.5107098817825317,0.5107098817825317,0.0,0.0,True
2020-08-26,0.37914222478866577,0.37914222478866577,0.0,0.0,True
2020-08-27,0.38452956080436707,0.38452956080436707,0.0,0.0,True
2020-08-28,0.3714958429336548,0.3714958429336548,0.0,0.0,True
2020-08-31,0.5545600652694702,0.5545600652694702,0.0,0.0,True
2020-09-01,0.4359951317310333,0.4359951317310333,0.0,0.0,True
2020-09-02,0.36339497566223145,0.36339497566223145,1.0,0.0,True
2020-09-03,0.7458796501159668,0.7458796501159668,1.0,0.9140514995577533,True
2020-09-04,0.797585666179657,0.797585666179657,1.0,0.9140514995577533,True
2020-09-08,0.7409693598747253,0.7409693598747253,1.0,0.7662783393969378,True
2020-09-09,0.8013372421264648,0.8013372421264648,1.0,0.7662783393969378,True
2020-09-10,0.7334986329078674,0.7334986329078674,1.0,0.7662783393969378,True
2020-09-11,0.6664053201675415,0.6664053201675415,1.0,0.7662783393969378,True
2020-09-14,0.6240370273590088,0.6240370273590088,1.0,0.7662783393969378,True
2020-09-15,0.5356038212776184,0.5356038212776184,1.0,0.0,True
2020-09-16,0.4865671694278717,0.4865671694278717,1.0,0.0,True
2020-09-17,0.44472673535346985,0.44472673535346985,1.0,0.0,True
2020-09-18,0.5139543414115906,0.5139543414115906,1.0,0.0,True
2020-09-21,0.5811889171600342,0.5811889171600342,1.0,0.6716330042653952,True
2020-09-22,0.5645022988319397,0.5645022988319397,1.0,0.0,True
2020-09-23,0.5985583066940308,0.5985583066940308,1.0,0.6380056986393043,True
2020-09-24,0.530351996421814,0.530351996421814,1.0,0.0,True
2020-09-25,0.4988211691379547,0.4988211691379547,1.0,0.0,True
2020-09-28,0.47342273592948914,0.47342273592948914,1.0,0.0,True
2020-09-29,0.48730361461639404,0.48730361461639404,1.0,0.0,True
2020-09-30,0.48665034770965576,0.48665034770965576,1.0,0.0,True
2020-10-01,0.517322301864624,0.517322301864624,1.0,0.0,True
2020-10-02,0.5501554012298584,0.5501554012298584,1.0,0.0,True
2020-10-05,0.5549949407577515,0.5549949407577515,1.0,0.0,True
2020-10-06,0.5948421359062195,0.5948421359062195,1.0,0.7332298847793283,True
2020-10-07,0.6092793345451355,0.6092793345451355,1.0,0.7332298847793283,True
2020-10-08,0.6273362040519714,0.6273362040519714,1.0,0.7332298847793283,True
2020-10-09,0.6662068963050842,0.6662068963050842,1.0,0.7332298847793283,True
2020-10-12,0.6439774036407471,0.6439774036407471,1.0,0.7332298847793283,True
2020-10-13,0.7539903521537781,0.7539903521537781,1.0,0.7332298847793283,True
2020-10-14,0.6989316344261169,0.6989316344261169,1.0,0.7332298847793283,True
2020-10-15,0.6640777587890625,0.6640777587890625,1.0,0.7332298847793283,True
2020-10-16,0.60475754737854,0.60475754737854,1.0,0.7332298847793283,True
2020-10-19,0.6668022274971008,0.6668022274971008,1.0,0.7332298847793283,True
2020-10-20,0.5819668769836426,0.5819668769836426,1.0,0.7332298847793283,True
2020-10-21,0.5930382609367371,0.5930382609367371,1.0,0.8893801213229688,True
2020-10-22,0.5280144214630127,0.5280144214630127,1.0,0.0,True
2020-10-23,0.5481933355331421,0.5481933355331421,1.0,0.0,True
2020-10-26,0.5158610343933105,0.5158610343933105,1.0,0.0,True
2020-10-27,0.5650328397750854,0.5650328397750854,1.0,0.0,True
2020-10-28,0.5785661935806274,0.5785661935806274,1.0,0.0,True
2020-10-29,0.5122532248497009,0.5122532248497009,1.0,0.0,True
2020-10-30,0.5908925533294678,0.5908925533294678,1.0,0.7142135284769833,True
2020-11-02,0.5357184410095215,0.5357184410095215,1.0,0.0,True
2020-11-03,0.5303404331207275,0.5303404331207275,1.0,0.0,True
2020-11-04,0.49603039026260376,0.49603039026260376,1.0,0.0,True
2020-11-05,0.6236473917961121,0.6236473917961121,1.0,0.6730730282386683,True
2020-11-06,0.568149983882904,0.568149983882904,1.0,0.0,True
2020-11-09,0.5759128332138062,0.5759128332138062,1.0,0.0,True
2020-11-10,0.5876158475875854,0.5876158475875854,1.0,0.6926144132793424,True
2020-11-11,0.6414188146591187,0.6414188146591187,1.0,0.6926144132793424,True
2020-11-12,0.6376849412918091,0.6376849412918091,1.0,0.6926144132793424,True
2020-11-13,0.6005706787109375,0.6005706787109375,1.0,0.6926144132793424,True
2020-11-16,0.595852255821228,0.595852255821228,1.0,0.6926144132793424,True
2020-11-17,0.6142443418502808,0.6142443418502808,1.0,0.6926144132793424,True
2020-11-18,0.6446911692619324,0.6446911692619324,1.0,0.6926144132793424,True
2020-11-19,0.5923250317573547,0.5923250317573547,1.0,0.6926144132793424,True
2020-11-20,0.6548294425010681,0.6548294425010681,1.0,0.6926144132793424,True
2020-11-23,0.6463660001754761,0.6463660001754761,1.0,0.6926144132793424,True
2020-11-24,0.5713373422622681,0.5713373422622681,1.0,0.0,True
2020-11-25,0.5240572690963745,0.5240572690963745,1.0,0.0,True
2020-11-27,0.45066389441490173,0.45066389441490173,1.0,0.0,True
2020-11-30,0.43613988161087036,0.43613988161087036,1.0,0.0,True
2020-12-01,0.483208566904068,0.483208566904068,1.0,0.0,True
2020-12-02,0.5363538265228271,0.5363538265228271,1.0,0.0,True
2020-12-03,0.6037760376930237,0.6037760376930237,1.0,1.0,True
2020-12-04,0.5859130620956421,0.5859130620956421,1.0,1.0,True
2020-12-07,0.6141270995140076,0.6141270995140076,0.0,1.0,True
2020-12-08,0.5772886276245117,0.5772886276245117,0.0,0.0,True
2020-12-09,0.565891444683075,0.565891444683075,0.0,0.0,True
2020-12-10,0.566584587097168,0.566584587097168,0.0,0.0,True
2020-12-11,0.6073532104492188,0.6073532104492188,0.0,1.0,True
2020-12-14,0.5515735149383545,0.5515735149383545,0.0,0.0,True
2020-12-15,0.5296462774276733,0.5296462774276733,0.0,0.0,True
2020-12-16,0.46858057379722595,0.46858057379722595,0.0,0.0,True
2020-12-17,0.4689098596572876,0.4689098596572876,0.0,0.0,True
2020-12-18,0.4510589838027954,0.4510589838027954,0.0,0.0,True
2020-12-21,0.49658840894699097,0.49658840894699097,0.0,0.0,True
2020-12-22,0.6228445768356323,0.6228445768356323,0.0,1.0,True
2020-12-23,0.5947328209877014,0.5947328209877014,0.0,1.0,True
2020-12-24,0.5565303564071655,0.5565303564071655,0.0,0.0,True
2020-12-28,0.4937291145324707,0.4937291145324707,0.0,0.0,True
2020-12-29,0.4662490785121918,0.4662490785121918,0.0,0.0,True
2020-12-30,0.4365650415420532,0.4365650415420532,0.0,0.0,True
2020-12-31,0.45704421401023865,0.45704421401023865,0.0,0.0,True
2021-01-04,0.6014792323112488,0.6014792323112488,0.0,1.0,True
2021-01-05,0.5461477041244507,0.5461477041244507,0.0,0.0,True
2021-01-06,0.5180912017822266,0.5180912017822266,0.0,0.0,True
2021-01-07,0.5928006172180176,0.5928006172180176,0.0,1.0,True
2021-01-08,0.5650305151939392,0.5650305151939392,0.0,0.0,True
2021-01-11,0.6240196824073792,0.6240196824073792,0.0,1.0,True
2021-01-12,0.6035221815109253,0.6035221815109253,0.0,1.0,True
2021-01-13,0.5791646242141724,0.5791646242141724,0.0,0.0,True
2021-01-14,0.5806912183761597,0.5806912183761597,0.0,1.0,True
2021-01-15,0.6026947498321533,0.6026947498321533,0.0,1.0,True
2021-01-19,0.650587797164917,0.650587797164917,0.0,1.0,True
2021-01-20,0.5939944386482239,0.5939944386482239,0.0,1.0,True
2021-01-21,0.6308388710021973,0.6308388710021973,0.0,1.0,True
2021-01-22,0.6057565808296204,0.6057565808296204,0.0,1.0,True
2021-01-25,0.5281139016151428,0.5281139016151428,0.0,0.0,True
2021-01-26,0.5935921669006348,0.5935921669006348,0.0,1.0,True
2021-01-27,0.5620508790016174,0.5620508790016174,0.0,0.0,True
2021-01-28,0.5262123346328735,0.5262123346328735,0.0,0.0,True
2021-01-29,0.6206026673316956,0.6206026673316956,0.0,0.9160853450654808,True
2021-02-01,0.5631398558616638,0.5631398558616638,1.0,0.0,True
2021-02-02,0.5829693078994751,0.5829693078994751,1.0,0.8729084873446306,True
2021-02-03,0.5332423448562622,0.5332423448562622,1.0,0.0,True
2021-02-04,0.5922901630401611,0.5922901630401611,1.0,0.8634378566060766,True
2021-02-05,0.6283652782440186,0.6283652782440186,1.0,0.8634378566060766,True
2021-02-08,0.6072849631309509,0.6072849631309509,1.0,0.8634378566060766,True
2021-02-09,0.6651239991188049,0.6651239991188049,1.0,0.8634378566060766,True
2021-02-10,0.6173633337020874,0.6173633337020874,1.0,0.8634378566060766,True
2021-02-11,0.5986530780792236,0.5986530780792236,1.0,0.8634378566060766,True
2021-02-12,0.6496046781539917,0.6496046781539917,1.0,0.8634378566060766,True
2021-02-16,0.6375944018363953,0.6375944018363953,1.0,0.8634378566060766,True
2021-02-17,0.7208095192909241,0.7208095192909241,1.0,0.8634378566060766,True
2021-02-18,0.6070125102996826,0.6070125102996826,0.0,0.9688502107305526,True
2021-02-19,0.5654380917549133,0.5654380917549133,0.0,0.0,True
2021-02-22,0.6171371340751648,0.6171371340751648,0.0,0.9533459561376483,True
2021-02-23,0.5918628573417664,0.5918628573417664,0.0,0.9533459561376483,True
2021-02-24,0.5408835411071777,0.5408835411071777,1.0,0.0,True
2021-02-25,0.5540922284126282,0.5540922284126282,1.0,0.0,True
2021-02-26,0.57310551404953,0.57310551404953,1.0,0.0,True
2021-03-01,0.5889801979064941,0.5889801979064941,1.0,0.9294934209547551,True
2021-03-02,0.54343581199646,0.54343581199646,1.0,0.0,True
2021-03-03,0.6118226051330566,0.6118226051330566,0.0,0.9549482869410821,True
2021-03-04,0.6207179427146912,0.6207179427146912,1.0,0.9549482869410821,True
2021-03-05,0.49286386370658875,0.49286386370658875,1.0,0.0,True
2021-03-08,0.5073171257972717,0.5073171257972717,1.0,0.0,True
2021-03-09,0.4798489511013031,0.4798489511013031,1.0,0.0,True
2021-03-10,0.47555530071258545,0.47555530071258545,1.0,0.0,True
2021-03-11,0.5279510617256165,0.5279510617256165,1.0,0.0,True
2021-03-12,0.5873181819915771,0.5873181819915771,1.0,0.8207495582575964,True
2021-03-15,0.593500018119812,0.593500018119812,1.0,0.8207495582575964,True
2021-03-16,0.6427696347236633,0.6427696347236633,1.0,0.8207495582575964,True
2021-03-17,0.5902268886566162,0.5902268886566162,1.0,0.8207495582575964,True
2021-03-18,0.4821273386478424,0.4821273386478424,1.0,0.0,True
2021-03-19,0.5227332711219788,0.5227332711219788,1.0,0.0,True
2021-03-22,0.5176435708999634,0.5176435708999634,1.0,0.0,True
2021-03-23,0.5314091444015503,0.5314091444015503,1.0,0.0,True
2021-03-24,0.5316075086593628,0.5316075086593628,1.0,0.0,True
2021-03-25,0.516792356967926,0.516792356967926,1.0,0.0,True
2021-03-26,0.5450028777122498,0.5450028777122498,1.0,0.0,True
2021-03-29,0.5790113210678101,0.5790113210678101,0.0,0.0,True
2021-03-30,0.5526108741760254,0.5526108741760254,0.0,0.0,True
2021-03-31,0.5497106909751892,0.5497106909751892,1.0,0.0,True
2021-04-01,0.6079838275909424,0.6079838275909424,1.0,1.0,True
2021-04-05,0.5571035742759705,0.5571035742759705,1.0,0.0,True
2021-04-06,0.5896353721618652,0.5896353721618652,1.0,1.0,True
2021-04-07,0.6040425300598145,0.6040425300598145,0.0,1.0,True
2021-04-08,0.6209320425987244,0.6209320425987244,0.0,1.0,True
2021-04-09,0.6096436977386475,0.6096436977386475,0.0,1.0,True
2021-04-12,0.6441194415092468,0.6441194415092468,0.0,1.0,True
2021-04-13,0.6650583148002625,0.6650583148002625,0.0,1.0,True
2021-04-14,0.6309508681297302,0.6309508681297302,0.0,1.0,True
2021-04-15,0.6026429533958435,0.6026429533958435,0.0,1.0,True
2021-04-16,0.5764793157577515,0.5764793157577515,0.0,0.0,True
2021-04-19,0.6139277219772339,0.6139277219772339,0.0,1.0,True
2021-04-20,0.6548382639884949,0.6548382639884949,0.0,1.0,True
2021-04-21,0.5715458989143372,0.5715458989143372,0.0,0.0,True
2021-04-22,0.579287052154541,0.579287052154541,1.0,0.0,True
2021-04-23,0.5347198247909546,0.5347198247909546,1.0,0.0,True
2021-04-26,0.5106391310691833,0.5106391310691833,0.0,0.0,True
2021-04-27,0.5032821297645569,0.5032821297645569,0.0,0.0,True
2021-04-28,0.6051352620124817,0.6051352620124817,0.0,1.0,True
2021-04-29,0.5334217548370361,0.5334217548370361,0.0,0.0,True
2021-04-30,0.616621732711792,0.616621732711792,0.0,1.0,True
2021-05-03,0.6179618239402771,0.6179618239402771,0.0,1.0,True
2021-05-04,0.6641551852226257,0.6641551852226257,0.0,1.0,True
2021-05-05,0.6886615753173828,0.6886615753173828,0.0,1.0,True
2021-05-06,0.6606780290603638,0.6606780290603638,0.0,1.0,True
2021-05-07,0.5556488633155823,0.5556488633155823,0.0,0.0,True
2021-05-10,0.6329046487808228,0.6329046487808228,0.0,1.0,True
2021-05-11,0.5950965881347656,0.5950965881347656,0.0,1.0,True
2021-05-12,0.6488945484161377,0.6488945484161377,0.0,1.0,True
2021-05-13,0.5455551743507385,0.5455551743507385,0.0,0.0,True
2021-05-14,0.6802949905395508,0.6802949905395508,0.0,1.0,True
2021-05-17,0.6456851959228516,0.6456851959228516,0.0,1.0,True
2021-05-18,0.6444782018661499,0.6444782018661499,0.0,1.0,True
2021-05-19,0.48665520548820496,0.48665520548820496,0.0,0.0,True
2021-05-20,0.45845845341682434,0.45845845341682434,0.0,0.0,True
2021-05-21,0.4579141438007355,0.4579141438007355,0.0,0.0,True
2021-05-24,0.5485081076622009,0.5485081076622009,0.0,0.0,True
2021-05-25,0.4845176935195923,0.4845176935195923,0.0,0.0,True
2021-05-26,0.5311123728752136,0.5311123728752136,0.0,0.0,True
2021-05-27,0.5269642472267151,0.5269642472267151,0.0,0.0,True
2021-05-28,0.5010273456573486,0.5010273456573486,0.0,0.0,True
2021-06-01,0.6111207008361816,0.6111207008361816,0.0,1.0,True
2021-06-02,0.6164436340332031,0.6164436340332031,0.0,1.0,True
2021-06-03,0.5360325574874878,0.5360325574874878,0.0,0.0,True
2021-06-04,0.5378681421279907,0.5378681421279907,0.0,0.0,True
2021-06-07,0.5543095469474792,0.5543095469474792,0.0,0.0,True
2021-06-08,0.5562564134597778,0.5562564134597778,0.0,0.0,True
2021-06-09,0.5478340983390808,0.5478340983390808,0.0,0.0,True
2021-06-10,0.5322839617729187,0.5322839617729187,0.0,0.0,True
2021-06-11,0.5690520405769348,0.5690520405769348,0.0,0.0,True
2021-06-14,0.5456405282020569,0.5456405282020569,0.0,0.0,True
2021-06-15,0.5384487509727478,0.5384487509727478,0.0,0.0,True
2021-06-16,0.6245787143707275,0.6245787143707275,0.0,1.0,True
2021-06-17,0.51917564868927,0.51917564868927,0.0,0.0,True
2021-06-18,0.6834024786949158,0.6834024786949158,0.0,1.0,True
2021-06-21,0.5685271620750427,0.5685271620750427,0.0,0.0,True
2021-06-22,0.5766074657440186,0.5766074657440186,0.0,0.0,True
2021-06-23,0.5497565269470215,0.5497565269470215,0.0,0.0,True
2021-06-24,0.610593855381012,0.610593855381012,0.0,1.0,True
2021-06-25,0.5201932787895203,0.5201932787895203,0.0,0.0,True
2021-06-28,0.5007361769676208,0.5007361769676208,0.0,0.0,True
2021-06-29,0.49675217270851135,0.49675217270851135,0.0,0.0,True
2021-06-30,0.5195183753967285,0.5195183753967285,0.0,0.0,True
2021-07-01,0.5852978229522705,0.5852978229522705,0.0,1.0,True
2021-07-02,0.5129623413085938,0.5129623413085938,0.0,0.0,True
2021-07-06,0.5234567523002625,0.5234567523002625,0.0,0.0,True
2021-07-07,0.5596556067466736,0.5596556067466736,0.0,0.0,True
2021-07-08,0.6049487590789795,0.6049487590789795,0.0,1.0,True
2021-07-09,0.5832567811012268,0.5832567811012268,0.0,1.0,True
2021-07-12,0.6127874255180359,0.6127874255180359,0.0,1.0,True
2021-07-13,0.6171849370002747,0.6171849370002747,0.0,1.0,True
2021-07-14,0.6112366914749146,0.6112366914749146,0.0,1.0,True
2021-07-15,0.6142373085021973,0.6142373085021973,0.0,1.0,True
2021-07-16,0.6476092338562012,0.6476092338562012,0.0,1.0,True
2021-07-19,0.6739436388015747,0.6739436388015747,0.0,1.0,True
2021-07-20,0.666412353515625,0.666412353515625,0.0,1.0,True
2021-07-21,0.6661431789398193,0.6661431789398193,0.0,1.0,True
2021-07-22,0.6686872839927673,0.6686872839927673,0.0,1.0,True
2021-07-23,0.6721086502075195,0.6721086502075195,0.0,1.0,True
2021-07-26,0.6103112101554871,0.6103112101554871,0.0,1.0,True
2021-07-27,0.5793010592460632,0.5793010592460632,0.0,0.0,True
2021-07-28,0.5655036568641663,0.5655036568641663,0.0,0.0,True
2021-07-29,0.5632670521736145,0.5632670521736145,0.0,0.0,True
2021-07-30,0.5557363033294678,0.5557363033294678,0.0,0.0,True
2021-08-02,0.5528305172920227,0.5528305172920227,0.0,0.0,True
2021-08-03,0.5172633528709412,0.5172633528709412,0.0,0.0,True
2021-08-04,0.5855032205581665,0.5855032205581665,0.0,1.0,True
2021-08-05,0.5952900052070618,0.5952900052070618,0.0,1.0,True
2021-08-06,0.5572417378425598,0.5572417378425598,0.0,0.0,True
2021-08-09,0.5330404043197632,0.5330404043197632,0.0,0.0,True
2021-08-10,0.5413417816162109,0.5413417816162109,0.0,0.0,True
2021-08-11,0.4765738546848297,0.4765738546848297,0.0,0.0,True
2021-08-12,0.6111767888069153,0.6111767888069153,0.0,1.0,True
2021-08-13,0.6313713192939758,0.6313713192939758,0.0,1.0,True
2021-08-16,0.5993850231170654,0.5993850231170654,0.0,1.0,True
2021-08-17,0.6490412950515747,0.6490412950515747,0.0,1.0,True
2021-08-18,0.6504461765289307,0.6504461765289307,0.0,1.0,True
2021-08-19,0.6660057902336121,0.6660057902336121,0.0,1.0,True
2021-08-20,0.6962172985076904,0.6962172985076904,0.0,1.0,True
2021-08-23,0.6635165810585022,0.6635165810585022,0.0,1.0,True
2021-08-24,0.6368208527565002,0.6368208527565002,0.0,1.0,True
2021-08-25,0.4938099980354309,0.4938099980354309,0.0,0.0,True
2021-08-26,0.567326545715332,0.567326545715332,0.0,0.0,True
2021-08-27,0.5394848585128784,0.5394848585128784,0.0,0.0,True
2021-08-30,0.6042749881744385,0.6042749881744385,0.0,1.0,True
2021-08-31,0.5668790340423584,0.5668790340423584,0.0,0.0,True
2021-09-01,0.5683102607727051,0.5683102607727051,0.0,0.0,True
2021-09-02,0.5749179124832153,0.5749179124832153,0.0,0.0,True
2021-09-03,0.5379664301872253,0.5379664301872253,0.0,0.0,True
2021-09-07,0.5763330459594727,0.5763330459594727,0.0,0.0,True
2021-09-08,0.5820646286010742,0.5820646286010742,0.0,1.0,True
2021-09-09,0.558781087398529,0.558781087398529,0.0,0.0,True
2021-09-10,0.5494716763496399,0.5494716763496399,0.0,0.0,True
2021-09-13,0.5916337966918945,0.5916337966918945,0.0,1.0,True
2021-09-14,0.5877600908279419,0.5877600908279419,0.0,1.0,True
2021-09-15,0.5467530488967896,0.5467530488967896,0.0,0.0,True
2021-09-16,0.5850449204444885,0.5850449204444885,0.0,1.0,True
2021-09-17,0.5676457285881042,0.5676457285881042,0.0,0.0,True
2021-09-20,0.6834473609924316,0.6834473609924316,0.0,1.0,True
2021-09-21,0.6733946800231934,0.6733946800231934,0.0,1.0,True
2021-09-22,0.5420331358909607,0.5420331358909607,0.0,0.0,True
2021-09-23,0.6132622957229614,0.6132622957229614,0.0,1.0,True
2021-09-24,0.6023480892181396,0.6023480892181396,0.0,1.0,True
2021-09-27,0.5090128779411316,0.5090128779411316,0.0,0.0,True
2021-09-28,0.48114538192749023,0.48114538192749023,0.0,0.0,True
2021-09-29,0.5566848516464233,0.5566848516464233,0.0,0.0,True
2021-09-30,0.6805779933929443,0.6805779933929443,0.0,1.0,True
2021-10-01,0.5362815856933594,0.5362815856933594,0.0,0.0,True
2021-10-04,0.615874171257019,0.615874171257019,1.0,1.0,True
2021-10-05,0.5802755355834961,0.5802755355834961,0.0,1.0,True
2021-10-06,0.5468384027481079,0.5468384027481079,0.0,0.0,True
2021-10-07,0.5486510396003723,0.5486510396003723,0.0,0.0,True
2021-10-08,0.5803650617599487,0.5803650617599487,0.0,0.9717835696737432,True
2021-10-11,0.5536451935768127,0.5536451935768127,0.0,0.0,True
2021-10-12,0.5873619914054871,0.5873619914054871,0.0,0.9686926937701398,True
2021-10-13,0.5981473326683044,0.5981473326683044,0.0,0.9686926937701398,True
2021-10-14,0.587598979473114,0.587598979473114,0.0,0.9686926937701398,True
2021-10-15,0.6111130118370056,0.6111130118370056,1.0,0.9686926937701398,True
2021-10-18,0.6319985389709473,0.6319985389709473,1.0,0.9686926937701398,True
2021-10-19,0.6428379416465759,0.6428379416465759,1.0,0.9686926937701398,True
2021-10-20,0.6781660914421082,0.6781660914421082,1.0,0.9686926937701398,True
2021-10-21,0.5785633325576782,0.5785633325576782,0.0,0.0,True
2021-10-22,0.6519932150840759,0.6519932150840759,0.0,1.0,True
2021-10-25,0.7292344570159912,0.7292344570159912,0.0,1.0,True
2021-10-26,0.6991793513298035,0.6991793513298035,1.0,1.0,True
2021-10-27,0.6289072632789612,0.6289072632789612,1.0,1.0,True
2021-10-28,0.685624897480011,0.685624897480011,1.0,1.0,True
2021-10-29,0.6530833840370178,0.6530833840370178,1.0,1.0,True
2021-11-01,0.6558447480201721,0.6558447480201721,1.0,1.0,True
2021-11-02,0.6553337574005127,0.6553337574005127,1.0,1.0,True
2021-11-03,0.5784900784492493,0.5784900784492493,0.0,0.0,True
2021-11-04,0.5550434589385986,0.5550434589385986,0.0,0.0,True
2021-11-05,0.5174856781959534,0.5174856781959534,0.0,0.0,True
2021-11-08,0.5862064361572266,0.5862064361572266,1.0,1.0,True
2021-11-09,0.6047697067260742,0.6047697067260742,1.0,1.0,True
2021-11-10,0.6685964465141296,0.6685964465141296,1.0,1.0,True
2021-11-11,0.6712523698806763,0.6712523698806763,0.0,1.0,True
2021-11-12,0.7057578563690186,0.7057578563690186,0.0,1.0,True
2021-11-15,0.641925036907196,0.641925036907196,0.0,1.0,True
2021-11-16,0.6082844138145447,0.6082844138145447,0.0,1.0,True
2021-11-17,0.535994291305542,0.535994291305542,0.0,0.0,True
2021-11-18,0.500947117805481,0.500947117805481,0.0,0.0,True
2021-11-19,0.5132582783699036,0.5132582783699036,0.0,0.0,True
2021-11-22,0.5238758325576782,0.5238758325576782,0.0,0.0,True
2021-11-23,0.5440736413002014,0.5440736413002014,0.0,0.0,True
2021-11-24,0.5185856819152832,0.5185856819152832,0.0,0.0,True
2021-11-26,0.6901692152023315,0.6901692152023315,0.0,1.0,True
2021-11-29,0.7198242545127869,0.7198242545127869,0.0,1.0,True
2021-11-30,0.7151793837547302,0.7151793837547302,0.0,1.0,True
2021-12-01,0.7844432592391968,0.7844432592391968,0.0,1.0,True
2021-12-02,0.6523407101631165,0.6523407101631165,0.0,1.0,True
2021-12-03,0.6557458639144897,0.6557458639144897,0.0,1.0,True
2021-12-06,0.5928786396980286,0.5928786396980286,0.0,1.0,True
2021-12-07,0.5479138493537903,0.5479138493537903,1.0,0.0,True
2021-12-08,0.5098385810852051,0.5098385810852051,1.0,0.0,True
2021-12-09,0.5258498787879944,0.5258498787879944,1.0,0.0,True
2021-12-10,0.5488969087600708,0.5488969087600708,1.0,0.0,True
2021-12-13,0.5029360055923462,0.5029360055923462,1.0,0.0,True
2021-12-14,0.5160722732543945,0.5160722732543945,1.0,0.0,True
2021-12-15,0.5104845762252808,0.5104845762252808,1.0,0.0,True
2021-12-16,0.44001394510269165,0.44001394510269165,1.0,0.0,True
2021-12-17,0.5247398018836975,0.5247398018836975,1.0,0.0,True
2021-12-20,0.6038908362388611,0.6038908362388611,1.0,0.7744168649848848,True
2021-12-21,0.5695229172706604,0.5695229172706604,1.0,0.0,True
2021-12-22,0.5982897281646729,0.5982897281646729,1.0,0.7207939517613283,True
2021-12-23,0.6189085245132446,0.6189085245132446,1.0,0.7207939517613283,True
2021-12-27,0.6549754738807678,0.6549754738807678,1.0,0.7207939517613283,True
2021-12-28,0.6486229300498962,0.6486229300498962,1.0,0.7207939517613283,True
2021-12-29,0.7062643766403198,0.7062643766403198,1.0,0.851468791058144,True
2021-12-30,0.6566798090934753,0.6566798090934753,1.0,0.851468791058144,True
2021-12-31,0.6013598442077637,0.6013598442077637,1.0,0.851468791058144,True
2022-01-03,0.6172318458557129,0.6172318458557129,1.0,0.851468791058144,True
2022-01-04,0.6136507987976074,0.6136507987976074,1.0,0.9580702012334181,True
2022-01-05,0.5152034759521484,0.5152034759521484,0.0,0.0,True
2022-01-06,0.5536926984786987,0.5536926984786987,0.0,0.0,True
2022-01-07,0.5834816098213196,0.5834816098213196,0.0,0.9572226075710896,True
2022-01-10,0.5646513104438782,0.5646513104438782,0.0,0.0,True
2022-01-11,0.5536738038063049,0.5536738038063049,0.0,0.0,True
2022-01-12,0.5242875218391418,0.5242875218391418,0.0,0.0,True
2022-01-13,0.5583416819572449,0.5583416819572449,0.0,0.0,True
2022-01-14,0.5586504340171814,0.5586504340171814,0.0,0.0,True
2022-01-18,0.5525302886962891,0.5525302886962891,1.0,0.0,True
2022-01-19,0.6194437146186829,0.6194437146186829,1.0,0.9732762380787162,True
2022-01-20,0.6396048069000244,0.6396048069000244,1.0,0.9732762380787162,True
2022-01-21,0.6009951829910278,0.6009951829910278,1.0,0.9732762380787162,True
2022-01-24,0.5770494937896729,0.5770494937896729,1.0,0.0,True
2022-01-25,0.6304969191551208,0.6304969191551208,1.0,1.0,True
2022-01-26,0.581717312335968,0.581717312335968,1.0,1.0,True
2022-01-27,0.6662260293960571,0.6662260293960571,1.0,1.0,True
2022-01-28,0.46541228890419006,0.46541228890419006,1.0,0.0,True
2022-01-31,0.48277586698532104,0.48277586698532104,1.0,0.0,True
2022-02-01,0.5163012742996216,0.5163012742996216,1.0,0.0,True
2022-02-02,0.5633301734924316,0.5633301734924316,1.0,0.0,True
2022-02-03,0.5139865279197693,0.5139865279197693,1.0,0.0,True
2022-02-04,0.5831583738327026,0.5831583738327026,1.0,0.7521598035466853,True
2022-02-07,0.6157006025314331,0.6157006025314331,1.0,0.7521598035466853,True
2022-02-08,0.6152337789535522,0.6152337789535522,1.0,0.7521598035466853,True
2022-02-09,0.6112574338912964,0.6112574338912964,1.0,0.7521598035466853,True
2022-02-10,0.565238893032074,0.565238893032074,1.0,0.0,True
2022-02-11,0.6036441326141357,0.6036441326141357,1.0,0.6812557648702048,True
2022-02-14,0.6126198172569275,0.6126198172569275,1.0,0.6812557648702048,True
2022-02-15,0.6975278258323669,0.6975278258323669,1.0,0.6812557648702048,True
2022-02-16,0.630872368812561,0.630872368812561,1.0,0.6812557648702048,True
2022-02-17,0.6252102851867676,0.6252102851867676,1.0,0.6812557648702048,True
2022-02-18,0.6054337620735168,0.6054337620735168,1.0,0.6812557648702048,True
2022-02-22,0.6535676121711731,0.6535676121711731,1.0,0.6812557648702048,True
2022-02-23,0.6093661785125732,0.6093661785125732,1.0,0.6812557648702048,True
2022-02-24,0.5619253516197205,0.5619253516197205,1.0,0.0,True
2022-02-25,0.5377580523490906,0.5377580523490906,1.0,0.0,True
2022-02-28,0.5581666827201843,0.5581666827201843,1.0,0.0,True
2022-03-01,0.5882200598716736,0.5882200598716736,1.0,0.6702493544326068,True
2022-03-02,0.5016724467277527,0.5016724467277527,1.0,0.0,True
2022-03-03,0.5149673819541931,0.5149673819541931,1.0,0.0,True
2022-03-04,0.6009587645530701,0.6009587645530701,1.0,0.6904214309485677,True
2022-03-07,0.6508405804634094,0.6508405804634094,1.0,0.6904214309485677,True
2022-03-08,0.6390178203582764,0.6390178203582764,1.0,0.6904214309485677,True
2022-03-09,0.656276524066925,0.656276524066925,1.0,0.5812005324037824,True
2022-03-10,0.6201512813568115,0.6201512813568115,1.0,0.5812005324037824,True
2022-03-11,0.5922723412513733,0.5922723412513733,1.0,0.5812005324037824,True
2022-03-14,0.48841792345046997,0.48841792345046997,1.0,0.0,True
2022-03-15,0.5389584898948669,0.5389584898948669,1.0,0.0,True
2022-03-16,0.5107235908508301,0.5107235908508301,1.0,0.0,True
2022-03-17,0.42775455117225647,0.42775455117225647,1.0,0.0,True
2022-03-18,0.4163821041584015,0.4163821041584015,1.0,0.0,True
2022-03-21,0.49007129669189453,0.49007129669189453,1.0,0.0,True
2022-03-22,0.516253650188446,0.516253650188446,1.0,0.0,True
2022-03-23,0.6158398985862732,0.6158398985862732,1.0,0.6033797401622782,True
2022-03-24,0.5414543151855469,0.5414543151855469,1.0,0.0,True
2022-03-25,0.6432090997695923,0.6432090997695923,1.0,0.6296624992784494,True
2022-03-28,0.6371692419052124,0.6371692419052124,1.0,0.6296624992784494,True
2022-03-29,0.6290058493614197,0.6290058493614197,1.0,0.6296624992784494,True
2022-03-30,0.7304810881614685,0.7304810881614685,1.0,0.6296624992784494,True
2022-03-31,0.6486622095108032,0.6486622095108032,1.0,0.6296624992784494,True
2022-04-01,0.6517202258110046,0.6517202258110046,1.0,0.6296624992784494,True
2022-04-04,0.6432749629020691,0.6432749629020691,1.0,0.7555916758766995,True
2022-04-05,0.6236007809638977,0.6236007809638977,1.0,0.7555916758766995,True
2022-04-06,0.5572595000267029,0.5572595000267029,1.0,0.0,True
2022-04-07,0.49172019958496094,0.49172019958496094,1.0,0.0,True
2022-04-08,0.49906477332115173,0.49906477332115173,1.0,0.0,True
2022-04-11,0.5273163914680481,0.5273163914680481,1.0,0.0,True
2022-04-12,0.5174079537391663,0.5174079537391663,1.0,0.0,True
2022-04-13,0.5257952213287354,0.5257952213287354,1.0,0.0,True
2022-04-14,0.5866203904151917,0.5866203904151917,1.0,0.8950435913277168,True
2022-04-18,0.591176450252533,0.591176450252533,0.0,0.8950435913277168,True
2022-04-19,0.4450056850910187,0.4450056850910187,1.0,0.0,True
2022-04-20,0.48827314376831055,0.48827314376831055,1.0,0.0,True
2022-04-21,0.5871239900588989,0.5871239900588989,1.0,0.8835356194765863,True
2022-04-22,0.6232572197914124,0.6232572197914124,1.0,0.8835356194765863,True
2022-04-25,0.5596407651901245,0.5596407651901245,1.0,0.0,True
2022-04-26,0.5667479634284973,0.5667479634284973,1.0,0.0,True
2022-04-27,0.598369300365448,0.598369300365448,1.0,0.7692176104138534,True
2022-04-28,0.6028346419334412,0.6028346419334412,1.0,0.7692176104138534,True
2022-04-29,0.5873719453811646,0.5873719453811646,1.0,0.6015021916811032,True
2022-05-02,0.5725774168968201,0.5725774168968201,1.0,0.0,True
2022-05-03,0.4750140905380249,0.4750140905380249,1.0,0.0,True
2022-05-04,0.40751081705093384,0.40751081705093384,1.0,0.0,True
2022-05-05,0.5519705414772034,0.5519705414772034,1.0,0.0,True
2022-05-06,0.5390680432319641,0.5390680432319641,1.0,0.0,True
2022-05-09,0.5578678846359253,0.5578678846359253,1.0,0.0,True
2022-05-10,0.6199453473091125,0.6199453473091125,1.0,0.48210823704658745,True
2022-05-11,0.6172564029693604,0.6172564029693604,1.0,0.48210823704658745,True
2022-05-12,0.5919469594955444,0.5919469594955444,1.0,0.48210823704658745,True
2022-05-13,0.5871943235397339,0.5871943235397339,1.0,0.48210823704658745,True
2022-05-16,0.491690069437027,0.491690069437027,1.0,0.0,True
2022-05-17,0.46462100744247437,0.46462100744247437,1.0,0.0,True
2022-05-18,0.49539676308631897,0.49539676308631897,2.0,0.0,True
2022-05-19,0.5822732448577881,0.5822732448577881,2.0,0.42838369505848445,True
2022-05-20,0.6200796365737915,0.6200796365737915,1.0,0.42838369505848445,True
2022-05-23,0.6906462907791138,0.6906462907791138,1.0,0.42838369505848445,True
2022-05-24,0.7125637531280518,0.7125637531280518,2.0,0.42838369505848445,True
2022-05-25,0.6680717468261719,0.6680717468261719,1.0,0.42838369505848445,True
2022-05-26,0.5547629594802856,0.5547629594802856,1.0,0.0,True
2022-05-27,0.5170086622238159,0.5170086622238159,1.0,0.0,True
2022-05-31,0.5714996457099915,0.5714996457099915,1.0,0.0,True
2022-06-01,0.5707694888114929,0.5707694888114929,1.0,0.0,True
2022-06-02,0.5026262998580933,0.5026262998580933,1.0,0.0,True
2022-06-03,0.6305115222930908,0.6305115222930908,1.0,0.5226843140279366,True
2022-06-06,0.6121001839637756,0.6121001839637756,1.0,0.5226843140279366,True
2022-06-07,0.5418974161148071,0.5418974161148071,1.0,0.0,True
2022-06-08,0.5071735382080078,0.5071735382080078,1.0,0.0,True
2022-06-09,0.48043784499168396,0.48043784499168396,2.0,0.0,True
2022-06-10,0.5484621524810791,0.5484621524810791,2.0,0.0,True
2022-06-13,0.5442427396774292,0.5442427396774292,1.0,0.0,True
2022-06-14,0.5180760025978088,0.5180760025978088,1.0,0.0,True
2022-06-15,0.4720401167869568,0.4720401167869568,1.0,0.0,True
2022-06-16,0.49549609422683716,0.49549609422683716,2.0,0.0,True
2022-06-17,0.5179874300956726,0.5179874300956726,2.0,0.0,True
2022-06-21,0.4759373366832733,0.4759373366832733,2.0,0.0,True
2022-06-22,0.46311789751052856,0.46311789751052856,1.0,0.0,True
2022-06-23,0.4966939091682434,0.4966939091682434,1.0,0.0,True
2022-06-24,0.4298955500125885,0.4298955500125885,1.0,0.0,True
2022-06-27,0.4656742811203003,0.4656742811203003,1.0,0.0,True
2022-06-28,0.5663864016532898,0.5663864016532898,1.0,0.0,True
2022-06-29,0.577328622341156,0.577328622341156,1.0,0.0,True
2022-06-30,0.6113685369491577,0.6113685369491577,1.0,0.49304298427664534,True
2022-07-01,0.514821469783783,0.514821469783783,1.0,0.0,True
2022-07-05,0.4510236978530884,0.4510236978530884,1.0,0.0,True
2022-07-06,0.5229542255401611,0.5229542255401611,1.0,0.0,True
2022-07-07,0.5068227052688599,0.5068227052688599,1.0,0.0,True
2022-07-08,0.5460506677627563,0.5460506677627563,1.0,0.0,True
2022-07-11,0.5172261595726013,0.5172261595726013,1.0,0.0,True
2022-07-12,0.3752973675727844,0.3752973675727844,1.0,0.0,True
2022-07-13,0.47167861461639404,0.47167861461639404,1.0,0.0,True
2022-07-14,0.5580469965934753,0.5580469965934753,1.0,0.0,True
2022-07-15,0.5334456562995911,0.5334456562995911,1.0,0.0,True
2022-07-18,0.5568331480026245,0.5568331480026245,1.0,0.0,True
2022-07-19,0.5076978206634521,0.5076978206634521,1.0,0.0,True
2022-07-20,0.5338788628578186,0.5338788628578186,1.0,0.0,True
2022-07-21,0.588521420955658,0.588521420955658,1.0,0.7173207662293999,True
2022-07-22,0.6090900301933289,0.6090900301933289,1.0,0.7173207662293999,True
2022-07-25,0.5800150632858276,0.5800150632858276,1.0,0.8276717377241283,True
2022-07-26,0.6296303272247314,0.6296303272247314,1.0,0.8276717377241283,True
2022-07-27,0.6527928709983826,0.6527928709983826,1.0,0.8276717377241283,True
2022-07-28,0.6759287118911743,0.6759287118911743,1.0,0.8276717377241283,True
2022-07-29,0.5657193660736084,0.5657193660736084,1.0,0.0,True
2022-08-01,0.6396021246910095,0.6396021246910095,1.0,0.7811078689839421,True
2022-08-02,0.6593750715255737,0.6593750715255737,1.0,0.7811078689839421,True
2022-08-03,0.5528922080993652,0.5528922080993652,1.0,0.0,True
2022-08-04,0.6243886947631836,0.6243886947631836,1.0,0.7630514283238804,True
2022-08-05,0.6261593699455261,0.6261593699455261,1.0,0.7630514283238804,True
2022-08-08,0.5765984654426575,0.5765984654426575,1.0,0.0,True
2022-08-09,0.653188169002533,0.653188169002533,1.0,0.8043358903271237,True
2022-08-10,0.5846050381660461,0.5846050381660461,1.0,0.8043358903271237,True
2022-08-11,0.5490697026252747,0.5490697026252747,1.0,0.0,True
2022-08-12,0.3243033289909363,0.3243033289909363,1.0,0.0,True
2022-08-15,0.33594033122062683,0.33594033122062683,1.0,0.0,True
2022-08-16,0.3530068099498749,0.3530068099498749,1.0,0.0,True
2022-08-17,0.4724687933921814,0.4724687933921814,1.0,0.0,True
2022-08-18,0.46711602807044983,0.46711602807044983,1.0,0.0,True
2022-08-19,0.7045238018035889,0.7045238018035889,1.0,0.865636344834105,True
2022-08-22,0.7541184425354004,0.7541184425354004,1.0,0.865636344834105,True
2022-08-23,0.8266264200210571,0.8266264200210571,1.0,0.865636344834105,True
2022-08-24,0.8132684826850891,0.8132684826850891,1.0,0.865636344834105,True
2022-08-25,0.8075823187828064,0.8075823187828064,1.0,0.865636344834105,True
2022-08-26,0.7816153764724731,0.7816153764724731,1.0,0.7409848439573438,True
2022-08-29,0.710934579372406,0.710934579372406,1.0,0.7409848439573438,True
2022-08-30,0.7537055611610413,0.7537055611610413,1.0,0.7409848439573438,True
2022-08-31,0.7313410639762878,0.7313410639762878,1.0,0.7409848439573438,True
2022-09-01,0.6650421023368835,0.6650421023368835,1.0,0.7409848439573438,True
2022-09-02,0.6579106450080872,0.6579106450080872,1.0,0.7409848439573438,True
2022-09-06,0.590613603591919,0.590613603591919,1.0,0.7409848439573438,True
2022-09-07,0.5274062156677246,0.5274062156677246,1.0,0.0,True
2022-09-08,0.41111984848976135,0.41111984848976135,1.0,0.0,True
2022-09-09,0.3695325255393982,0.3695325255393982,1.0,0.0,True
2022-09-12,0.4963674545288086,0.4963674545288086,1.0,0.0,True
2022-09-13,0.4229547083377838,0.4229547083377838,1.0,0.0,True
2022-09-14,0.5436087846755981,0.5436087846755981,1.0,0.0,True
2022-09-15,0.5875136256217957,0.5875136256217957,1.0,0.5995180638478622,True
2022-09-16,0.5970523953437805,0.5970523953437805,1.0,0.5995180638478622,True
2022-09-19,0.6094605922698975,0.6094605922698975,1.0,0.5995180638478622,True
2022-09-20,0.6444612145423889,0.6444612145423889,1.0,0.5995180638478622,True
2022-09-21,0.6455669403076172,0.6455669403076172,1.0,0.5995180638478622,True
2022-09-22,0.6167377829551697,0.6167377829551697,1.0,0.5995180638478622,True
2022-09-23,0.5706598162651062,0.5706598162651062,1.0,0.0,True
2022-09-26,0.641676127910614,0.641676127910614,1.0,0.6852437110568973,True
2022-09-27,0.5190730094909668,0.5190730094909668,1.0,0.0,True
2022-09-28,0.5327624082565308,0.5327624082565308,1.0,0.0,True
2022-09-29,0.5294805765151978,0.5294805765151978,1.0,0.0,True
2022-09-30,0.5084529519081116,0.5084529519081116,1.0,0.0,True
2022-10-03,0.4565776586532593,0.4565776586532593,1.0,0.0,True
2022-10-04,0.49839773774147034,0.49839773774147034,1.0,0.0,True
2022-10-05,0.5443487763404846,0.5443487763404846,1.0,0.0,True
2022-10-06,0.5980699062347412,0.5980699062347412,1.0,0.5302374201369555,True
2022-10-07,0.6236888766288757,0.6236888766288757,1.0,0.5302374201369555,True
2022-10-10,0.6921058893203735,0.6921058893203735,1.0,0.5302374201369555,True
2022-10-11,0.6443147659301758,0.6443147659301758,1.0,0.5302374201369555,True
2022-10-12,0.6613855361938477,0.6613855361938477,1.0,0.5302374201369555,True
2022-10-13,0.6600404977798462,0.6600404977798462,1.0,0.5302374201369555,True
2022-10-14,0.6611014604568481,0.6611014604568481,1.0,0.5302374201369555,True
2022-10-17,0.6841095685958862,0.6841095685958862,1.0,0.5302374201369555,True
2022-10-18,0.557124674320221,0.557124674320221,1.0,0.0,True
2022-10-19,0.6028658151626587,0.6028658151626587,1.0,0.5223459440962392,True
2022-10-20,0.6550022959709167,0.6550022959709167,1.0,0.5223459440962392,True
2022-10-21,0.5117047429084778,0.5117047429084778,1.0,0.0,True
2022-10-24,0.44198596477508545,0.44198596477508545,1.0,0.0,True
2022-10-25,0.4099196195602417,0.4099196195602417,2.0,0.0,True
2022-10-26,0.42266157269477844,0.42266157269477844,1.0,0.0,True
2022-10-27,0.43197423219680786,0.43197423219680786,1.0,0.0,True
2022-10-28,0.4489716589450836,0.4489716589450836,2.0,0.0,True
2022-10-31,0.5283157229423523,0.5283157229423523,1.0,0.0,True
2022-11-01,0.5880870819091797,0.5880870819091797,1.0,0.5924869243445706,True
2022-11-02,0.5661712288856506,0.5661712288856506,1.0,0.0,True
2022-11-03,0.6073125004768372,0.6073125004768372,1.0,0.556628007192441,True
2022-11-04,0.6419774889945984,0.6419774889945984,1.0,0.556628007192441,True
2022-11-07,0.638424813747406,0.638424813747406,1.0,0.556628007192441,True
2022-11-08,0.6175415515899658,0.6175415515899658,1.0,0.556628007192441,True
2022-11-09,0.6057618856430054,0.6057618856430054,1.0,0.556628007192441,True
2022-11-10,0.611941933631897,0.611941933631897,1.0,0.556628007192441,True
2022-11-11,0.5648159384727478,0.5648159384727478,2.0,0.0,True
2022-11-14,0.6451625227928162,0.6451625227928162,1.0,0.5168888565833818,True
2022-11-15,0.560619592666626,0.560619592666626,1.0,0.0,True
2022-11-16,0.6718557476997375,0.6718557476997375,1.0,0.5180668770987807,True
2022-11-17,0.6242108941078186,0.6242108941078186,1.0,0.5180668770987807,True
2022-11-18,0.5867188572883606,0.5867188572883606,1.0,0.5180668770987807,True
2022-11-21,0.6051941514015198,0.6051941514015198,1.0,0.5180668770987807,True
2022-11-22,0.5394060611724854,0.5394060611724854,1.0,0.0,True
2022-11-23,0.4889652729034424,0.4889652729034424,1.0,0.0,True
2022-11-25,0.47293004393577576,0.47293004393577576,1.0,0.0,True
2022-11-28,0.5343592166900635,0.5343592166900635,1.0,0.0,True
2022-11-29,0.5534365773200989,0.5534365773200989,1.0,0.0,True
2022-11-30,0.546057403087616,0.546057403087616,1.0,0.0,True
2022-12-01,0.4268045127391815,0.4268045127391815,1.0,0.0,True
2022-12-02,0.4490078389644623,0.4490078389644623,1.0,0.0,True
2022-12-05,0.5967363715171814,0.5967363715171814,1.0,0.5551363592242039,True
2022-12-06,0.6513077020645142,0.6513077020645142,1.0,0.5551363592242039,True
2022-12-07,0.664025068283081,0.664025068283081,1.0,0.5551363592242039,True
2022-12-08,0.6054683327674866,0.6054683327674866,1.0,0.5551363592242039,True
2022-12-09,0.6546722054481506,0.6546722054481506,1.0,0.8297572166819717,True
2022-12-12,0.6035873293876648,0.6035873293876648,1.0,0.8297572166819717,True
2022-12-13,0.5347242951393127,0.5347242951393127,1.0,0.0,True
2022-12-14,0.4591952860355377,0.4591952860355377,1.0,0.0,True
2022-12-15,0.5088386535644531,0.5088386535644531,1.0,0.0,True
2022-12-16,0.6073842644691467,0.6073842644691467,1.0,0.7306883654778242,True
2022-12-19,0.6529211401939392,0.6529211401939392,1.0,0.7306883654778242,True
2022-12-20,0.6634111404418945,0.6634111404418945,1.0,0.7306883654778242,True
2022-12-21,0.6198559999465942,0.6198559999465942,1.0,0.7306883654778242,True
2022-12-22,0.5730924606323242,0.5730924606323242,1.0,0.0,True
2022-12-23,0.4998769462108612,0.4998769462108612,1.0,0.0,True
2022-12-27,0.4112158715724945,0.4112158715724945,1.0,0.0,True
2022-12-28,0.5105050206184387,0.5105050206184387,1.0,0.0,True
2022-12-29,0.5015690922737122,0.5015690922737122,1.0,0.0,True
2022-12-30,0.5021429657936096,0.5021429657936096,1.0,0.0,True
2023-01-03,0.5406525731086731,0.5406525731086731,1.0,0.0,True
2023-01-04,0.4988645017147064,0.4988645017147064,1.0,0.0,True
2023-01-05,0.5639715790748596,0.5639715790748596,1.0,0.0,True
2023-01-06,0.603553831577301,0.603553831577301,1.0,0.7613114373447343,True
2023-01-09,0.5949892401695251,0.5949892401695251,1.0,0.7613114373447343,True
2023-01-10,0.5898837447166443,0.5898837447166443,1.0,0.7613114373447343,True
2023-01-11,0.5691238045692444,0.5691238045692444,1.0,0.0,True
2023-01-12,0.5555077791213989,0.5555077791213989,1.0,0.0,True
2023-01-13,0.6949338912963867,0.6949338912963867,1.0,0.7863889865526369,True
2023-01-17,0.6964775323867798,0.6964775323867798,1.0,0.8957592001488841,True
2023-01-18,0.4784020781517029,0.4784020781517029,1.0,0.0,True
2023-01-19,0.5962206125259399,0.5962206125259399,1.0,0.8757137477276765,True
2023-01-20,0.5695940256118774,0.5695940256118774,1.0,0.0,True
2023-01-23,0.6008610725402832,0.6008610725402832,1.0,0.8348869765485117,True
2023-01-24,0.5952407121658325,0.5952407121658325,1.0,0.8348869765485117,True
2023-01-25,0.5402427315711975,0.5402427315711975,1.0,0.0,True
2023-01-26,0.6317469477653503,0.6317469477653503,1.0,0.879785698751811,True
2023-01-27,0.6989367604255676,0.6989367604255676,1.0,0.879785698751811,True
2023-01-30,0.5760009288787842,0.5760009288787842,1.0,0.0,True
2023-01-31,0.6004671454429626,0.6004671454429626,1.0,0.9039901321689142,True
2023-02-01,0.5824459791183472,0.5824459791183472,1.0,0.9039901321689142,True
2023-02-02,0.5190185904502869,0.5190185904502869,1.0,0.0,True
2023-02-03,0.6045783758163452,0.6045783758163452,1.0,0.8900530080706188,True
2023-02-06,0.6369868516921997,0.6369868516921997,1.0,0.8900530080706188,True
2023-02-07,0.5367950797080994,0.5367950797080994,1.0,0.0,True
2023-02-08,0.6553961634635925,0.6553961634635925,1.0,0.8944482110850335,True
2023-02-09,0.6267849802970886,0.6267849802970886,1.0,0.8944482110850335,True
2023-02-10,0.6243060231208801,0.6243060231208801,1.0,0.8944482110850335,True
2023-02-13,0.5440804958343506,0.5440804958343506,1.0,0.0,True
2023-02-14,0.6120285391807556,0.6120285391807556,1.0,0.8767190864760883,True
2023-02-15,0.555444061756134,0.555444061756134,1.0,0.0,True
2023-02-16,0.4578899145126343,0.4578899145126343,1.0,0.0,True
2023-02-17,0.5462616682052612,0.5462616682052612,0.0,0.0,True
2023-02-21,0.5272740721702576,0.5272740721702576,0.0,0.0,True
2023-02-22,0.5440268516540527,0.5440268516540527,0.0,0.0,True
2023-02-23,0.5219111442565918,0.5219111442565918,0.0,0.0,True
2023-02-24,0.567488968372345,0.567488968372345,0.0,0.0,True
2023-02-27,0.571988582611084,0.571988582611084,0.0,0.0,True
2023-02-28,0.5118879675865173,0.5118879675865173,0.0,0.0,True
2023-03-01,0.5266770720481873,0.5266770720481873,0.0,0.0,True
2023-03-02,0.44132116436958313,0.44132116436958313,0.0,0.0,True
2023-03-03,0.39501938223838806,0.39501938223838806,1.0,0.0,True
2023-03-06,0.46182960271835327,0.46182960271835327,0.0,0.0,True
2023-03-07,0.44495904445648193,0.44495904445648193,0.0,0.0,True
2023-03-08,0.49713027477264404,0.49713027477264404,1.0,0.0,True
2023-03-09,0.5126185417175293,0.5126185417175293,1.0,0.0,True
2023-03-10,0.6926000714302063,0.6926000714302063,1.0,0.9440011122265397,True
2023-03-13,0.6895195245742798,0.6895195245742798,1.0,0.9440011122265397,True
2023-03-14,0.5575659871101379,0.5575659871101379,1.0,0.0,True
2023-03-15,0.5443269610404968,0.5443269610404968,1.0,0.0,True
2023-03-16,0.5389598608016968,0.5389598608016968,1.0,0.0,True
2023-03-17,0.47923165559768677,0.47923165559768677,1.0,0.0,True
2023-03-20,0.5396625995635986,0.5396625995635986,1.0,0.0,True
2023-03-21,0.5784448385238647,0.5784448385238647,1.0,0.0,True
2023-03-22,0.5797856450080872,0.5797856450080872,1.0,0.0,True
2023-03-23,0.5881863236427307,0.5881863236427307,1.0,0.8123463590316439,True
2023-03-24,0.552631676197052,0.552631676197052,1.0,0.0,True
2023-03-27,0.5683619379997253,0.5683619379997253,1.0,0.0,True
2023-03-28,0.6018732190132141,0.6018732190132141,1.0,0.8251027898497404,True
2023-03-29,0.657958447933197,0.657958447933197,1.0,0.8251027898497404,True
2023-03-30,0.671565055847168,0.671565055847168,1.0,0.8251027898497404,True
2023-03-31,0.6395842432975769,0.6395842432975769,1.0,0.8251027898497404,True
2023-04-03,0.6863473057746887,0.6863473057746887,1.0,0.8251027898497404,True
2023-04-04,0.5727660655975342,0.5727660655975342,1.0,0.0,True
2023-04-05,0.6102829575538635,0.6102829575538635,1.0,0.8437316588646381,True
2023-04-06,0.6310644149780273,0.6310644149780273,1.0,0.8437316588646381,True
2023-04-10,0.7482125759124756,0.7482125759124756,1.0,1.0,True
2023-04-11,0.7179424166679382,0.7179424166679382,1.0,1.0,True
2023-04-12,0.5957236289978027,0.5957236289978027,1.0,1.0,True
2023-04-13,0.5985425114631653,0.5985425114631653,1.0,1.0,True
2023-04-14,0.6059879064559937,0.6059879064559937,1.0,1.0,True
2023-04-17,0.6078836917877197,0.6078836917877197,1.0,1.0,True
2023-04-18,0.5979195237159729,0.5979195237159729,0.0,1.0,True
2023-04-19,0.6136022806167603,0.6136022806167603,0.0,1.0,True
2023-04-20,0.5459099411964417,0.5459099411964417,0.0,0.0,True
2023-04-21,0.5695129036903381,0.5695129036903381,0.0,0.0,True
2023-04-24,0.6153537631034851,0.6153537631034851,0.0,1.0,True
2023-04-25,0.6213790774345398,0.6213790774345398,0.0,1.0,True
2023-04-26,0.6365718841552734,0.6365718841552734,0.0,1.0,True
2023-04-27,0.6064809560775757,0.6064809560775757,0.0,1.0,True
2023-04-28,0.64970862865448,0.64970862865448,0.0,1.0,True
2023-05-01,0.7027793526649475,0.7027793526649475,0.0,1.0,True
2023-05-02,0.5717378854751587,0.5717378854751587,0.0,0.0,True
2023-05-03,0.5485031008720398,0.5485031008720398,0.0,0.0,True
2023-05-04,0.5831002593040466,0.5831002593040466,0.0,1.0,True
2023-05-05,0.5722324848175049,0.5722324848175049,0.0,0.0,True
2023-05-08,0.642291247844696,0.642291247844696,0.0,1.0,True
2023-05-09,0.5291938781738281,0.5291938781738281,0.0,0.0,True
2023-05-10,0.528079628944397,0.528079628944397,0.0,0.0,True
2023-05-11,0.48846131563186646,0.48846131563186646,0.0,0.0,True
2023-05-12,0.53558349609375,0.53558349609375,0.0,0.0,True
2023-05-15,0.5365123748779297,0.5365123748779297,0.0,0.0,True
2023-05-16,0.5471910834312439,0.5471910834312439,0.0,0.0,True
2023-05-17,0.4859805703163147,0.4859805703163147,0.0,0.0,True
2023-05-18,0.5486259460449219,0.5486259460449219,0.0,0.0,True
2023-05-19,0.5593998432159424,0.5593998432159424,0.0,0.0,True
2023-05-22,0.5710612535476685,0.5710612535476685,0.0,0.0,True
2023-05-23,0.46133410930633545,0.46133410930633545,0.0,0.0,True
2023-05-24,0.5721871256828308,0.5721871256828308,0.0,0.0,True
2023-05-25,0.5223661661148071,0.5223661661148071,0.0,0.0,True
2023-05-26,0.562056839466095,0.562056839466095,0.0,0.0,True
2023-05-30,0.5959293842315674,0.5959293842315674,0.0,1.0,True
2023-05-31,0.5116174817085266,0.5116174817085266,0.0,0.0,True
2023-06-01,0.5698767304420471,0.5698767304420471,0.0,0.0,True
2023-06-02,0.5734042525291443,0.5734042525291443,1.0,0.0,True
2023-06-05,0.6185022592544556,0.6185022592544556,0.0,1.0,True
2023-06-06,0.5964305400848389,0.5964305400848389,0.0,1.0,True
2023-06-07,0.564422607421875,0.564422607421875,0.0,0.0,True
2023-06-08,0.5791879296302795,0.5791879296302795,0.0,0.0,True
2023-06-09,0.6008161902427673,0.6008161902427673,0.0,1.0,True
2023-06-12,0.6062411069869995,0.6062411069869995,0.0,1.0,True
2023-06-13,0.557354211807251,0.557354211807251,0.0,0.0,True
2023-06-14,0.5854244232177734,0.5854244232177734,0.0,1.0,True
2023-06-15,0.5429855585098267,0.5429855585098267,0.0,0.0,True
2023-06-16,0.5811710357666016,0.5811710357666016,0.0,1.0,True
2023-06-20,0.591133713722229,0.591133713722229,0.0,1.0,True
2023-06-21,0.6784814596176147,0.6784814596176147,0.0,1.0,True
2023-06-22,0.6155375838279724,0.6155375838279724,0.0,1.0,True
2023-06-23,0.679177463054657,0.679177463054657,0.0,1.0,True
2023-06-26,0.6877590417861938,0.6877590417861938,0.0,1.0,True
2023-06-27,0.6385654807090759,0.6385654807090759,0.0,1.0,True
2023-06-28,0.515213668346405,0.515213668346405,0.0,0.0,True
2023-06-29,0.4726006090641022,0.4726006090641022,0.0,0.0,True
2023-06-30,0.4657951891422272,0.4657951891422272,0.0,0.0,True
2023-07-03,0.4725269377231598,0.4725269377231598,0.0,0.0,True
2023-07-05,0.5354000329971313,0.5354000329971313,0.0,0.0,True
2023-07-06,0.49929502606391907,0.49929502606391907,0.0,0.0,True
2023-07-07,0.525860607624054,0.525860607624054,0.0,0.0,True
2023-07-10,0.592400074005127,0.592400074005127,0.0,1.0,True
2023-07-11,0.5839323401451111,0.5839323401451111,0.0,1.0,True
2023-07-12,0.5048296451568604,0.5048296451568604,0.0,0.0,True
2023-07-13,0.4701117277145386,0.4701117277145386,0.0,0.0,True
2023-07-14,0.5279861092567444,0.5279861092567444,0.0,0.0,True
2023-07-17,0.502131462097168,0.502131462097168,0.0,0.0,True
2023-07-18,0.47186148166656494,0.47186148166656494,0.0,0.0,True
2023-07-19,0.43817389011383057,0.43817389011383057,0.0,0.0,True
2023-07-20,0.5263123512268066,0.5263123512268066,0.0,0.0,True
2023-07-21,0.5131787657737732,0.5131787657737732,0.0,0.0,True
2023-07-24,0.4953188896179199,0.4953188896179199,0.0,0.0,True
2023-07-25,0.5118613243103027,0.5118613243103027,0.0,0.0,True
2023-07-26,0.6023821234703064,0.6023821234703064,0.0,1.0,True
2023-07-27,0.5409143567085266,0.5409143567085266,0.0,0.0,True
2023-07-28,0.5274409651756287,0.5274409651756287,0.0,0.0,True
2023-07-31,0.5501850247383118,0.5501850247383118,0.0,0.0,True
2023-08-01,0.5965016484260559,0.5965016484260559,0.0,1.0,True
2023-08-02,0.6851394176483154,0.6851394176483154,0.0,1.0,True
2023-08-03,0.6957314014434814,0.6957314014434814,0.0,1.0,True
2023-08-04,0.5877575278282166,0.5877575278282166,0.0,1.0,True
2023-08-07,0.7547407150268555,0.7547407150268555,0.0,1.0,True
2023-08-08,0.6434429883956909,0.6434429883956909,0.0,1.0,True
2023-08-09,0.6473429799079895,0.6473429799079895,0.0,1.0,True
2023-08-10,0.527167558670044,0.527167558670044,0.0,0.0,True
2023-08-11,0.5832659602165222,0.5832659602165222,0.0,1.0,True
2023-08-14,0.5617522597312927,0.5617522597312927,0.0,0.0,True
2023-08-15,0.6215620040893555,0.6215620040893555,0.0,1.0,True
2023-08-16,0.5857740640640259,0.5857740640640259,0.0,1.0,True
2023-08-17,0.5919741988182068,0.5919741988182068,0.0,1.0,True
2023-08-18,0.5788175463676453,0.5788175463676453,0.0,0.0,True
2023-08-21,0.561683177947998,0.561683177947998,0.0,0.0,True
2023-08-22,0.6807522773742676,0.6807522773742676,0.0,1.0,True
2023-08-23,0.5116000175476074,0.5116000175476074,0.0,0.0,True
2023-08-24,0.5623899698257446,0.5623899698257446,0.0,0.0,True
2023-08-25,0.5114983916282654,0.5114983916282654,0.0,0.0,True
2023-08-28,0.5674857497215271,0.5674857497215271,0.0,0.0,True
2023-08-29,0.5700278878211975,0.5700278878211975,0.0,0.0,True
2023-08-30,0.6311236619949341,0.6311236619949341,0.0,1.0,True
2023-08-31,0.6456359028816223,0.6456359028816223,0.0,1.0,True
2023-09-01,0.6577979922294617,0.6577979922294617,0.0,1.0,True
2023-09-05,0.6011173129081726,0.6011173129081726,0.0,1.0,True
2023-09-06,0.6511445045471191,0.6511445045471191,0.0,1.0,True
2023-09-07,0.6629851460456848,0.6629851460456848,0.0,1.0,True
2023-09-08,0.6652213931083679,0.6652213931083679,0.0,1.0,True
2023-09-11,0.6632548570632935,0.6632548570632935,0.0,1.0,True
2023-09-12,0.6515265703201294,0.6515265703201294,0.0,1.0,True
2023-09-13,0.6306896805763245,0.6306896805763245,0.0,1.0,True
2023-09-14,0.6100554466247559,0.6100554466247559,0.0,1.0,True
2023-09-15,0.6573260426521301,0.6573260426521301,1.0,1.0,True
2023-09-18,0.6669715642929077,0.6669715642929077,1.0,1.0,True
2023-09-19,0.6569209098815918,0.6569209098815918,0.0,1.0,True
2023-09-20,0.6308224201202393,0.6308224201202393,1.0,1.0,True
2023-09-21,0.6681865453720093,0.6681865453720093,1.0,1.0,True
2023-09-22,0.6672235727310181,0.6672235727310181,1.0,1.0,True
2023-09-25,0.6248843669891357,0.6248843669891357,1.0,1.0,True
2023-09-26,0.6806718707084656,0.6806718707084656,1.0,1.0,True
2023-09-27,0.700130045413971,0.700130045413971,0.0,1.0,True
2023-09-28,0.5927952527999878,0.5927952527999878,0.0,1.0,True
2023-09-29,0.6626788377761841,0.6626788377761841,0.0,1.0,True
2023-10-02,0.7448998093605042,0.7448998093605042,0.0,1.0,True
2023-10-03,0.6846315264701843,0.6846315264701843,1.0,1.0,True
2023-10-04,0.6359982490539551,0.6359982490539551,0.0,1.0,True
2023-10-05,0.6986769437789917,0.6986769437789917,0.0,1.0,True
2023-10-06,0.546756386756897,0.546756386756897,0.0,0.0,True
2023-10-09,0.583885669708252,0.583885669708252,0.0,1.0,True
2023-10-10,0.6554151773452759,0.6554151773452759,0.0,1.0,True
2023-10-11,0.661026656627655,0.661026656627655,0.0,1.0,True
2023-10-12,0.5545670390129089,0.5545670390129089,0.0,0.0,True
2023-10-13,0.5864357352256775,0.5864357352256775,0.0,1.0,True
2023-10-16,0.6035528182983398,0.6035528182983398,0.0,1.0,True
2023-10-17,0.5776910781860352,0.5776910781860352,0.0,0.0,True
2023-10-18,0.6360158920288086,0.6360158920288086,0.0,1.0,True
2023-10-19,0.609814465045929,0.609814465045929,0.0,1.0,True
2023-10-20,0.6575091481208801,0.6575091481208801,1.0,1.0,True
2023-10-23,0.6537167429924011,0.6537167429924011,1.0,1.0,True
2023-10-24,0.6187549829483032,0.6187549829483032,1.0,1.0,True
2023-10-25,0.6926736235618591,0.6926736235618591,1.0,1.0,True
2023-10-26,0.6228308081626892,0.6228308081626892,1.0,1.0,True
2023-10-27,0.6338596940040588,0.6338596940040588,1.0,1.0,True
2023-10-30,0.5552207827568054,0.5552207827568054,1.0,0.0,True
2023-10-31,0.5901973843574524,0.5901973843574524,1.0,1.0,True
2023-11-01,0.5503242611885071,0.5503242611885071,1.0,0.0,True
2023-11-02,0.5905469059944153,0.5905469059944153,1.0,0.9485942934290952,True
2023-11-03,0.6501308083534241,0.6501308083534241,0.0,0.9485942934290952,True
2023-11-06,0.6955586075782776,0.6955586075782776,0.0,0.9485942934290952,True
2023-11-07,0.6594650745391846,0.6594650745391846,0.0,0.9485942934290952,True
2023-11-08,0.6774558424949646,0.6774558424949646,0.0,0.9485942934290952,True
2023-11-09,0.6912809014320374,0.6912809014320374,0.0,0.9485942934290952,True
2023-11-10,0.6599838733673096,0.6599838733673096,0.0,0.9485942934290952,True
2023-11-13,0.6826271414756775,0.6826271414756775,0.0,0.9485942934290952,True
2023-11-14,0.6554737091064453,0.6554737091064453,1.0,0.9485942934290952,True
2023-11-15,0.6802963614463806,0.6802963614463806,1.0,0.9485942934290952,True
2023-11-16,0.7078067064285278,0.7078067064285278,1.0,0.9485942934290952,True
2023-11-17,0.7212887406349182,0.7212887406349182,1.0,0.9485942934290952,True
2023-11-20,0.6165187954902649,0.6165187954902649,1.0,0.9485942934290952,True
2023-11-21,0.7470645308494568,0.7470645308494568,1.0,0.9485942934290952,True
2023-11-22,0.7006313800811768,0.7006313800811768,1.0,0.9485942934290952,True
2023-11-24,0.6399697661399841,0.6399697661399841,1.0,0.9485942934290952,True
2023-11-27,0.6507670879364014,0.6507670879364014,1.0,0.9485942934290952,True
2023-11-28,0.5943658351898193,0.5943658351898193,1.0,0.9485942934290952,True
2023-11-29,0.620053231716156,0.620053231716156,1.0,0.9485942934290952,True
2023-11-30,0.4968002438545227,0.4968002438545227,1.0,0.0,True
2023-12-01,0.4989146292209625,0.4989146292209625,0.0,0.0,True
2023-12-04,0.607664167881012,0.607664167881012,0.0,1.0,True
2023-12-05,0.5750671625137329,0.5750671625137329,0.0,0.0,True
2023-12-06,0.5255017280578613,0.5255017280578613,0.0,0.0,True
2023-12-07,0.502856433391571,0.502856433391571,0.0,0.0,True
2023-12-08,0.548521101474762,0.548521101474762,0.0,0.0,True
2023-12-11,0.5558241605758667,0.5558241605758667,0.0,0.0,True
2023-12-12,0.5578785538673401,0.5578785538673401,0.0,0.0,True
2023-12-13,0.41393303871154785,0.41393303871154785,0.0,0.0,True
2023-12-14,0.467611700296402,0.467611700296402,0.0,0.0,True
2023-12-15,0.5790349841117859,0.5790349841117859,0.0,0.0,True
2023-12-18,0.46218419075012207,0.46218419075012207,0.0,0.0,True
2023-12-19,0.46887511014938354,0.46887511014938354,0.0,0.0,True
2023-12-20,0.6582719087600708,0.6582719087600708,0.0,1.0,True
2023-12-21,0.5829547643661499,0.5829547643661499,0.0,1.0,True
2023-12-22,0.5686789751052856,0.5686789751052856,0.0,0.0,True
2023-12-26,0.511901319026947,0.511901319026947,0.0,0.0,True
2023-12-27,0.5178104639053345,0.5178104639053345,0.0,0.0,True
2023-12-28,0.4713422358036041,0.4713422358036041,0.0,0.0,True
2023-12-29,0.5485828518867493,0.5485828518867493,0.0,0.0,True
2024-01-02,0.6210025548934937,0.6210025548934937,0.0,1.0,True
2024-01-03,0.7201946973800659,0.7201946973800659,0.0,1.0,True
2024-01-04,0.6387836933135986,0.6387836933135986,0.0,1.0,True
2024-01-05,0.6675921678543091,0.6675921678543091,0.0,1.0,True
2024-01-08,0.6461614966392517,0.6461614966392517,0.0,1.0,True
2024-01-09,0.6000880002975464,0.6000880002975464,0.0,1.0,True
2024-01-10,0.4953705072402954,0.4953705072402954,0.0,0.0,True
2024-01-11,0.48638448119163513,0.48638448119163513,0.0,0.0,True
2024-01-12,0.4745611250400543,0.4745611250400543,0.0,0.0,True
2024-01-16,0.4862479567527771,0.4862479567527771,0.0,0.0,True
2024-01-17,0.5883861184120178,0.5883861184120178,0.0,1.0,True
2024-01-18,0.5337504744529724,0.5337504744529724,0.0,0.0,True
2024-01-19,0.5201292634010315,0.5201292634010315,0.0,0.0,True
2024-01-22,0.5760707259178162,0.5760707259178162,0.0,0.0,True
2024-01-23,0.579599916934967,0.579599916934967,0.0,0.0,True
2024-01-24,0.5968342423439026,0.5968342423439026,0.0,1.0,True
2024-01-25,0.5728240609169006,0.5728240609169006,0.0,0.0,True
2024-01-26,0.5778257846832275,0.5778257846832275,0.0,0.0,True
2024-01-29,0.5607081651687622,0.5607081651687622,0.0,0.0,True
2024-01-30,0.5577225089073181,0.5577225089073181,0.0,0.0,True
2024-01-31,0.6267105340957642,0.6267105340957642,0.0,1.0,True
2024-02-01,0.6678669452667236,0.6678669452667236,0.0,1.0,True
2024-02-02,0.6159277558326721,0.6159277558326721,0.0,1.0,True
2024-02-05,0.6623955965042114,0.6623955965042114,0.0,1.0,True
2024-02-06,0.6603359580039978,0.6603359580039978,0.0,1.0,True
2024-02-07,0.5742077827453613,0.5742077827453613,0.0,0.0,True
2024-02-08,0.5923575162887573,0.5923575162887573,0.0,1.0,True
2024-02-09,0.6018138527870178,0.6018138527870178,0.0,1.0,True
2024-02-12,0.646337628364563,0.646337628364563,0.0,1.0,True
2024-02-13,0.6064384579658508,0.6064384579658508,0.0,1.0,True
2024-02-14,0.6176779866218567,0.6176779866218567,0.0,1.0,True
2024-02-15,0.5382254719734192,0.5382254719734192,0.0,0.0,True
2024-02-16,0.59934401512146,0.59934401512146,0.0,1.0,True
2024-02-20,0.6627457141876221,0.6627457141876221,0.0,1.0,True
2024-02-21,0.5979890823364258,0.5979890823364258,0.0,1.0,True
2024-02-22,0.5976887941360474,0.5976887941360474,0.0,1.0,True
2024-02-23,0.6398626565933228,0.6398626565933228,0.0,1.0,True
2024-02-26,0.6125354170799255,0.6125354170799255,0.0,1.0,True
2024-02-27,0.623025119304657,0.623025119304657,0.0,1.0,True
2024-02-28,0.6197158694267273,0.6197158694267273,0.0,1.0,True
2024-02-29,0.5418121218681335,0.5418121218681335,0.0,0.0,True
2024-03-01,0.5483692288398743,0.5483692288398743,0.0,0.0,True
2024-03-04,0.5943194031715393,0.5943194031715393,0.0,1.0,True
2024-03-05,0.5508639812469482,0.5508639812469482,0.0,0.0,True
2024-03-06,0.5327814817428589,0.5327814817428589,0.0,0.0,True
2024-03-07,0.5119814276695251,0.5119814276695251,0.0,0.0,True
2024-03-08,0.5393044352531433,0.5393044352531433,0.0,0.0,True
2024-03-11,0.5767855048179626,0.5767855048179626,0.0,0.0,True
2024-03-12,0.45955437421798706,0.45955437421798706,0.0,0.0,True
2024-03-13,0.5335803031921387,0.5335803031921387,0.0,0.0,True
2024-03-14,0.5524289608001709,0.5524289608001709,0.0,0.0,True
2024-03-15,0.591762900352478,0.591762900352478,0.0,1.0,True
2024-03-18,0.5575854778289795,0.5575854778289795,0.0,0.0,True
2024-03-19,0.5621454119682312,0.5621454119682312,0.0,0.0,True
2024-03-20,0.509437620639801,0.509437620639801,0.0,0.0,True
2024-03-21,0.6093002557754517,0.6093002557754517,0.0,1.0,True
2024-03-22,0.5391611456871033,0.5391611456871033,0.0,0.0,True
2024-03-25,0.5943363904953003,0.5943363904953003,0.0,1.0,True
2024-03-26,0.6152034401893616,0.6152034401893616,0.0,1.0,True
2024-03-27,0.5696083903312683,0.5696083903312683,0.0,0.0,True
2024-03-28,0.5416820049285889,0.5416820049285889,0.0,0.0,True
2024-04-01,0.5689826011657715,0.5689826011657715,0.0,0.0,True
2024-04-02,0.6188594698905945,0.6188594698905945,0.0,1.0,True
2024-04-03,0.6032158732414246,0.6032158732414246,0.0,1.0,True
2024-04-04,0.5968434810638428,0.5968434810638428,0.0,1.0,True
2024-04-05,0.6443477272987366,0.6443477272987366,0.0,1.0,True
2024-04-08,0.6546221375465393,0.6546221375465393,0.0,1.0,True
2024-04-09,0.5635215640068054,0.5635215640068054,0.0,0.0,True
2024-04-10,0.7140840888023376,0.7140840888023376,0.0,1.0,True
2024-04-11,0.496976763010025,0.496976763010025,0.0,0.0,True
2024-04-12,0.6050416827201843,0.6050416827201843,0.0,1.0,True
2024-04-15,0.6331501603126526,0.6331501603126526,0.0,1.0,True
2024-04-16,0.6036280989646912,0.6036280989646912,0.0,1.0,True
2024-04-17,0.6284101605415344,0.6284101605415344,0.0,1.0,True
2024-04-18,0.7019188404083252,0.7019188404083252,0.0,1.0,True
2024-04-19,0.6610902547836304,0.6610902547836304,0.0,1.0,True
2024-04-22,0.5682988166809082,0.5682988166809082,0.0,0.0,True
2024-04-23,0.4585005044937134,0.4585005044937134,0.0,0.0,True
2024-04-24,0.5203384757041931,0.5203384757041931,0.0,0.0,True
2024-04-25,0.5482410192489624,0.5482410192489624,0.0,0.0,True
2024-04-26,0.5802319645881653,0.5802319645881653,0.0,1.0,True
2024-04-29,0.5742083191871643,0.5742083191871643,0.0,0.0,True
2024-04-30,0.6052470207214355,0.6052470207214355,0.0,1.0,True
2024-05-01,0.607932984828949,0.607932984828949,0.0,1.0,True
2024-05-02,0.6018970012664795,0.6018970012664795,0.0,1.0,True
2024-05-03,0.6146472096443176,0.6146472096443176,0.0,1.0,True
2024-05-06,0.6073126196861267,0.6073126196861267,0.0,1.0,True
2024-05-07,0.5738449096679688,0.5738449096679688,0.0,0.0,True
2024-05-08,0.6410122513771057,0.6410122513771057,0.0,1.0,True
2024-05-09,0.7158654928207397,0.7158654928207397,0.0,1.0,True
2024-05-10,0.7272781729698181,0.7272781729698181,0.0,1.0,True
2024-05-13,0.7180836200714111,0.7180836200714111,0.0,1.0,True
2024-05-14,0.7248504161834717,0.7248504161834717,0.0,1.0,True
2024-05-15,0.7376167178153992,0.7376167178153992,1.0,1.0,True
2024-05-16,0.7386110424995422,0.7386110424995422,1.0,1.0,True
2024-05-17,0.7089163064956665,0.7089163064956665,1.0,1.0,True
2024-05-20,0.7157244682312012,0.7157244682312012,1.0,1.0,True
2024-05-21,0.7196561098098755,0.7196561098098755,0.0,1.0,True
2024-05-22,0.6159207820892334,0.6159207820892334,0.0,1.0,True
2024-05-23,0.6425800323486328,0.6425800323486328,0.0,1.0,True
2024-05-24,0.6224115490913391,0.6224115490913391,0.0,1.0,True
2024-05-28,0.6723945736885071,0.6723945736885071,0.0,1.0,True
2024-05-29,0.6525611281394958,0.6525611281394958,0.0,1.0,True
2024-05-30,0.6335045695304871,0.6335045695304871,1.0,1.0,True
2024-05-31,0.5328105092048645,0.5328105092048645,0.0,0.0,True
2024-06-03,0.6027834415435791,0.6027834415435791,0.0,1.0,True
2024-06-04,0.6632928848266602,0.6632928848266602,0.0,1.0,True
2024-06-05,0.5926656126976013,0.5926656126976013,0.0,1.0,True
2024-06-06,0.5732086896896362,0.5732086896896362,0.0,0.0,True
2024-06-07,0.5786680579185486,0.5786680579185486,0.0,0.0,True
2024-06-10,0.5815200209617615,0.5815200209617615,0.0,1.0,True
2024-06-11,0.5871933102607727,0.5871933102607727,0.0,1.0,True
2024-06-12,0.5822319984436035,0.5822319984436035,0.0,1.0,True
2024-06-13,0.5456283092498779,0.5456283092498779,0.0,0.0,True
2024-06-14,0.5722500085830688,0.5722500085830688,0.0,0.0,True
2024-06-17,0.4831516146659851,0.4831516146659851,0.0,0.0,True
2024-06-18,0.5235233306884766,0.5235233306884766,0.0,0.0,True
2024-06-20,0.5668768882751465,0.5668768882751465,0.0,0.0,True
2024-06-21,0.5628644824028015,0.5628644824028015,0.0,0.0,True
2024-06-24,0.645473837852478,0.645473837852478,0.0,1.0,True
2024-06-25,0.6580873727798462,0.6580873727798462,0.0,1.0,True
2024-06-26,0.6771311163902283,0.6771311163902283,0.0,1.0,True
2024-06-27,0.6064471006393433,0.6064471006393433,0.0,1.0,True
2024-06-28,0.6339703798294067,0.6339703798294067,0.0,1.0,True
2024-07-01,0.585172176361084,0.585172176361084,0.0,1.0,True
2024-07-02,0.5745476484298706,0.5745476484298706,0.0,0.0,True
2024-07-03,0.5831284523010254,0.5831284523010254,0.0,1.0,True
2024-07-05,0.5597819685935974,0.5597819685935974,0.0,0.0,True
2024-07-08,0.5355309247970581,0.5355309247970581,0.0,0.0,True
2024-07-09,0.49310433864593506,0.49310433864593506,0.0,0.0,True
2024-07-10,0.4980652928352356,0.4980652928352356,0.0,0.0,True
2024-07-11,0.605169951915741,0.605169951915741,0.0,1.0,True
2024-07-12,0.5947012901306152,0.5947012901306152,0.0,1.0,True
2024-07-15,0.554783821105957,0.554783821105957,0.0,0.0,True
2024-07-16,0.5861324667930603,0.5861324667930603,0.0,1.0,True
2024-07-17,0.746756374835968,0.746756374835968,0.0,1.0,True
2024-07-18,0.6625057458877563,0.6625057458877563,0.0,1.0,True
2024-07-19,0.6197153925895691,0.6197153925895691,0.0,1.0,True
2024-07-22,0.7251864075660706,0.7251864075660706,0.0,1.0,True
2024-07-23,0.7208651900291443,0.7208651900291443,0.0,1.0,True
2024-07-24,0.6033398509025574,0.6033398509025574,0.0,1.0,True
2024-07-25,0.6071671843528748,0.6071671843528748,0.0,1.0,True
2024-07-26,0.5488238334655762,0.5488238334655762,0.0,0.0,True
2024-07-29,0.6612516045570374,0.6612516045570374,0.0,1.0,True
2024-07-30,0.5959598422050476,0.5959598422050476,0.0,1.0,True
2024-07-31,0.4053936302661896,0.4053936302661896,0.0,0.0,True
2024-08-01,0.4606776237487793,0.4606776237487793,0.0,0.0,True
2024-08-02,0.5586105585098267,0.5586105585098267,1.0,0.0,True
2024-08-05,0.6094219088554382,0.6094219088554382,1.0,0.7816257398218308,True
2024-08-06,0.5765489935874939,0.5765489935874939,1.0,0.0,True
2024-08-07,0.6243051886558533,0.6243051886558533,1.0,0.7859248504198493,True
2024-08-08,0.5742164850234985,0.5742164850234985,1.0,0.0,True
2024-08-09,0.5014008283615112,0.5014008283615112,1.0,0.0,True
2024-08-12,0.528373658657074,0.528373658657074,1.0,0.0,True
2024-08-13,0.579569935798645,0.579569935798645,1.0,0.0,True
2024-08-14,0.5242118835449219,0.5242118835449219,1.0,0.0,True
2024-08-15,0.6017813682556152,0.6017813682556152,1.0,0.671493695705785,True
2024-08-16,0.6485185027122498,0.6485185027122498,1.0,0.671493695705785,True
2024-08-19,0.6677618026733398,0.6677618026733398,1.0,0.671493695705785,True
2024-08-20,0.7341700792312622,0.7341700792312622,1.0,0.671493695705785,True
2024-08-21,0.6725877523422241,0.6725877523422241,1.0,0.671493695705785,True
2024-08-22,0.7045314311981201,0.7045314311981201,1.0,0.671493695705785,True
2024-08-23,0.7261967658996582,0.7261967658996582,1.0,0.671493695705785,True
2024-08-26,0.7370578646659851,0.7370578646659851,1.0,0.671493695705785,True
2024-08-27,0.6929572820663452,0.6929572820663452,1.0,0.671493695705785,True
2024-08-28,0.6345329284667969,0.6345329284667969,1.0,0.671493695705785,True
2024-08-29,0.6458250880241394,0.6458250880241394,1.0,0.7873195484138056,True
2024-08-30,0.5483791828155518,0.5483791828155518,1.0,0.0,True
2024-09-03,0.5830554962158203,0.5830554962158203,1.0,0.9494756437428262,True
2024-09-04,0.6296419501304626,0.6296419501304626,1.0,0.9494756437428262,True
2024-09-05,0.5754538178443909,0.5754538178443909,1.0,0.0,True
2024-09-06,0.5443467497825623,0.5443467497825623,1.0,0.0,True
2024-09-09,0.5732066631317139,0.5732066631317139,1.0,0.0,True
2024-09-10,0.5172903537750244,0.5172903537750244,1.0,0.0,True
2024-09-11,0.44675949215888977,0.44675949215888977,1.0,0.0,True
2024-09-12,0.5099626183509827,0.5099626183509827,0.0,0.0,True
2024-09-13,0.5854683518409729,0.5854683518409729,0.0,1.0,True
2024-09-16,0.610965371131897,0.610965371131897,0.0,1.0,True
2024-09-17,0.5893836617469788,0.5893836617469788,0.0,1.0,True
2024-09-18,0.5392855405807495,0.5392855405807495,0.0,0.0,True
2024-09-19,0.6085437536239624,0.6085437536239624,0.0,1.0,True
2024-09-20,0.621626079082489,0.621626079082489,0.0,1.0,True
2024-09-23,0.6086063981056213,0.6086063981056213,0.0,1.0,True
2024-09-24,0.6261557340621948,0.6261557340621948,0.0,1.0,True
2024-09-25,0.6122967600822449,0.6122967600822449,0.0,1.0,True
2024-09-26,0.5671389698982239,0.5671389698982239,0.0,0.0,True
2024-09-27,0.6044337153434753,0.6044337153434753,0.0,1.0,True
2024-09-30,0.5917534232139587,0.5917534232139587,0.0,1.0,True
2024-10-01,0.5881657600402832,0.5881657600402832,0.0,1.0,True
2024-10-02,0.6324689984321594,0.6324689984321594,0.0,1.0,True
2024-10-03,0.6329273581504822,0.6329273581504822,0.0,1.0,True
2024-10-04,0.6046598553657532,0.6046598553657532,0.0,1.0,True
2024-10-07,0.7005490660667419,0.7005490660667419,0.0,1.0,True
2024-10-08,0.5827701687812805,0.5827701687812805,0.0,1.0,True
2024-10-09,0.6075632572174072,0.6075632572174072,0.0,1.0,True
2024-10-10,0.589951753616333,0.589951753616333,0.0,1.0,True
2024-10-11,0.6155235767364502,0.6155235767364502,0.0,1.0,True
2024-10-14,0.5952502489089966,0.5952502489089966,0.0,1.0,True
2024-10-15,0.5854210257530212,0.5854210257530212,0.0,1.0,True
2024-10-16,0.6018481850624084,0.6018481850624084,0.0,1.0,True
2024-10-17,0.6034564971923828,0.6034564971923828,0.0,1.0,True
2024-10-18,0.6189148426055908,0.6189148426055908,0.0,1.0,True
2024-10-21,0.6424038410186768,0.6424038410186768,0.0,1.0,True
2024-10-22,0.5787517428398132,0.5787517428398132,0.0,0.0,True
2024-10-23,0.5733034014701843,0.5733034014701843,0.0,0.0,True
2024-10-24,0.6320427656173706,0.6320427656173706,0.0,1.0,True
2024-10-25,0.6200292110443115,0.6200292110443115,0.0,1.0,True
2024-10-28,0.5747638940811157,0.5747638940811157,0.0,0.0,True
2024-10-29,0.6481713652610779,0.6481713652610779,0.0,1.0,True
2024-10-30,0.5362398624420166,0.5362398624420166,0.0,0.0,True
2024-10-31,0.5820327997207642,0.5820327997207642,0.0,1.0,True
2024-11-01,0.610711932182312,0.610711932182312,0.0,1.0,True
2024-11-04,0.6373434066772461,0.6373434066772461,0.0,1.0,True
2024-11-05,0.6144952774047852,0.6144952774047852,0.0,1.0,True
2024-11-06,0.6756099462509155,0.6756099462509155,0.0,1.0,True
2024-11-07,0.6211236715316772,0.6211236715316772,0.0,1.0,True
2024-11-08,0.6381787657737732,0.6381787657737732,0.0,1.0,True
2024-11-11,0.6438954472541809,0.6438954472541809,0.0,1.0,True
2024-11-12,0.6574867367744446,0.6574867367744446,0.0,1.0,True
2024-11-13,0.6658380031585693,0.6658380031585693,0.0,1.0,True
2024-11-14,0.6458543539047241,0.6458543539047241,0.0,1.0,True
2024-11-15,0.5661105513572693,0.5661105513572693,0.0,0.0,True
2024-11-18,0.5481479167938232,0.5481479167938232,0.0,0.0,True
2024-11-19,0.5203759074211121,0.5203759074211121,0.0,0.0,True
2024-11-20,0.6126882433891296,0.6126882433891296,0.0,1.0,True
2024-11-21,0.5779323577880859,0.5779323577880859,0.0,0.0,True
2024-11-22,0.6757746338844299,0.6757746338844299,0.0,1.0,True
2024-11-25,0.6587740778923035,0.6587740778923035,0.0,1.0,True
2024-11-26,0.6446359753608704,0.6446359753608704,0.0,1.0,True
2024-11-27,0.6287994384765625,0.6287994384765625,0.0,1.0,True
2024-11-29,0.6586422920227051,0.6586422920227051,1.0,1.0,True
2024-12-02,0.607272207736969,0.607272207736969,1.0,1.0,True
2024-12-03,0.6052423119544983,0.6052423119544983,1.0,1.0,True
2024-12-04,0.647834062576294,0.647834062576294,0.0,1.0,True
2024-12-05,0.5544604063034058,0.5544604063034058,0.0,0.0,True
2024-12-06,0.5269494652748108,0.5269494652748108,0.0,0.0,True
2024-12-09,0.6121240258216858,0.6121240258216858,0.0,1.0,True
2024-12-10,0.6426412463188171,0.6426412463188171,0.0,1.0,True
2024-12-11,0.6497595310211182,0.6497595310211182,0.0,1.0,True
2024-12-12,0.6225956082344055,0.6225956082344055,0.0,1.0,True
2024-12-13,0.6408783793449402,0.6408783793449402,0.0,1.0,True
2024-12-16,0.6379469633102417,0.6379469633102417,0.0,1.0,True
2024-12-17,0.6270349025726318,0.6270349025726318,0.0,1.0,True
2024-12-18,0.6729921102523804,0.6729921102523804,0.0,1.0,True
2024-12-19,0.652850329875946,0.652850329875946,0.0,1.0,True
2024-12-20,0.6576698422431946,0.6576698422431946,0.0,1.0,True
2024-12-23,0.5910972952842712,0.5910972952842712,0.0,1.0,True
2024-12-24,0.5785599946975708,0.5785599946975708,0.0,0.0,True
2024-12-26,0.49296140670776367,0.49296140670776367,0.0,0.0,True
2024-12-27,0.4570666253566742,0.4570666253566742,0.0,0.0,True
2024-12-30,0.4886869192123413,0.4886869192123413,0.0,0.0,True
2024-12-31,0.5428445339202881,0.5428445339202881,0.0,0.0,True
2025-01-02,0.5170783996582031,0.5170783996582031,0.0,0.0,True
2025-01-03,0.5510013103485107,0.5510013103485107,0.0,0.0,True
2025-01-06,0.5305696725845337,0.5305696725845337,0.0,0.0,True
2025-01-07,0.5160759091377258,0.5160759091377258,0.0,0.0,True
2025-01-08,0.5597041845321655,0.5597041845321655,0.0,0.0,True
2025-01-10,0.4807530343532562,0.4807530343532562,1.0,0.0,True
2025-01-13,0.6183868646621704,0.6183868646621704,1.0,0.9230172740430156,True
2025-01-14,0.5827720165252686,0.5827720165252686,0.0,0.9230172740430156,True
2025-01-15,0.5739607810974121,0.5739607810974121,1.0,0.0,True
2025-01-16,0.584750771522522,0.584750771522522,1.0,0.8515946293788922,True
2025-01-17,0.5949005484580994,0.5949005484580994,1.0,0.8515946293788922,True
2025-01-21,0.6478114724159241,0.6478114724159241,1.0,1.0,True
2025-01-22,0.6017026901245117,0.6017026901245117,1.0,1.0,True
2025-01-23,0.7152917385101318,0.7152917385101318,0.0,1.0,True
2025-01-24,0.7064517140388489,0.7064517140388489,0.0,1.0,True
2025-01-27,0.6016231775283813,0.6016231775283813,0.0,1.0,True
2025-01-28,0.5963510274887085,0.5963510274887085,0.0,1.0,True
2025-01-29,0.6224297881126404,0.6224297881126404,0.0,1.0,True
2025-01-30,0.6225484609603882,0.6225484609603882,0.0,1.0,True
2025-01-31,0.6060713529586792,0.6060713529586792,1.0,1.0,True
2025-02-03,0.5835509896278381,0.5835509896278381,1.0,1.0,True
2025-02-04,0.5925522446632385,0.5925522446632385,0.0,1.0,True
2025-02-05,0.6014609932899475,0.6014609932899475,0.0,1.0,True
2025-02-06,0.6014560461044312,0.6014560461044312,0.0,1.0,True
2025-02-07,0.5974046587944031,0.5974046587944031,0.0,1.0,True
2025-02-10,0.5703186988830566,0.5703186988830566,1.0,0.0,True
2025-02-11,0.6019334197044373,0.6019334197044373,1.0,1.0,True
2025-02-12,0.5804644227027893,0.5804644227027893,1.0,1.0,True
2025-02-13,0.5644140243530273,0.5644140243530273,0.0,0.0,True
2025-02-14,0.49017098546028137,0.49017098546028137,0.0,0.0,True
2025-02-18,0.5635557174682617,0.5635557174682617,0.0,0.0,True
2025-02-19,0.5396219491958618,0.5396219491958618,0.0,0.0,True
2025-02-20,0.5325585007667542,0.5325585007667542,0.0,0.0,True
2025-02-21,0.5531158447265625,0.5531158447265625,0.0,0.0,True
2025-02-24,0.5972429513931274,0.5972429513931274,0.0,1.0,True
2025-02-25,0.5880849957466125,0.5880849957466125,0.0,1.0,True
2025-02-26,0.5596096515655518,0.5596096515655518,0.0,0.0,True
2025-02-27,0.6329346299171448,0.6329346299171448,0.0,1.0,True
2025-02-28,0.5176143050193787,0.5176143050193787,0.0,0.0,True
2025-03-03,0.5609884858131409,0.5609884858131409,0.0,0.0,True
2025-03-04,0.5859235525131226,0.5859235525131226,1.0,1.0,True
2025-03-05,0.5020641088485718,0.5020641088485718,0.0,0.0,True
2025-03-06,0.6673781275749207,0.6673781275749207,1.0,0.9519336782869388,True
2025-03-07,0.5628919005393982,0.5628919005393982,1.0,0.0,True
2025-03-10,0.5303694605827332,0.5303694605827332,1.0,0.0,True
2025-03-11,0.5100707411766052,0.5100707411766052,1.0,0.0,True
2025-03-12,0.5005049705505371,0.5005049705505371,1.0,0.0,True
2025-03-13,0.5346300005912781,0.5346300005912781,1.0,0.0,True
2025-03-14,0.5308356881141663,0.5308356881141663,1.0,0.0,True
2025-03-17,0.4759960174560547,0.4759960174560547,1.0,0.0,True
2025-03-18,0.5372105240821838,0.5372105240821838,1.0,0.0,True
2025-03-19,0.5122950077056885,0.5122950077056885,1.0,0.0,True
2025-03-20,0.5628880858421326,0.5628880858421326,1.0,0.0,True
2025-03-21,0.4934752881526947,0.4934752881526947,1.0,0.0,True
2025-03-24,0.5638582706451416,0.5638582706451416,1.0,0.0,True
2025-03-25,0.49913284182548523,0.49913284182548523,1.0,0.0,True
2025-03-26,0.5194972157478333,0.5194972157478333,1.0,0.0,True
2025-03-27,0.5276820063591003,0.5276820063591003,1.0,0.0,True
2025-03-28,0.6256498694419861,0.6256498694419861,1.0,0.7157526236770015,True
2025-03-31,0.5758525729179382,0.5758525729179382,1.0,0.0,True
2025-04-01,0.5959441661834717,0.5959441661834717,1.0,0.7416840787975162,True
2025-04-02,0.5314720273017883,0.5314720273017883,1.0,0.0,True
2025-04-03,0.5608588457107544,0.5608588457107544,1.0,0.0,True
2025-04-04,0.6024693250656128,0.6024693250656128,1.0,0.46687052254932115,True
2025-04-07,0.6450467705726624,0.6450467705726624,2.0,0.46687052254932115,True
2025-04-08,0.5994234085083008,0.5994234085083008,2.0,0.46687052254932115,True
2025-04-09,0.33551281690597534,0.33551281690597534,2.0,0.0,True
2025-04-10,0.34028732776641846,0.34028732776641846,2.0,0.0,True
2025-04-11,0.23526312410831451,0.23526312410831451,2.0,0.0,True
2025-04-14,0.2704354524612427,0.2704354524612427,2.0,0.0,True
2025-04-15,0.3229280114173889,0.3229280114173889,2.0,0.0,True
2025-04-16,0.4234841465950012,0.4234841465950012,2.0,0.0,True
2025-04-17,0.4649280607700348,0.4649280607700348,2.0,0.0,True
2025-04-21,0.6213546395301819,0.6213546395301819,2.0,0.28307135762338687,True
2025-04-22,0.6253108978271484,0.6253108978271484,2.0,0.28307135762338687,True
2025-04-23,0.48681432008743286,0.48681432008743286,2.0,0.0,True
2025-04-24,0.38360390067100525,0.38360390067100525,2.0,0.0,True
2025-04-25,0.4184494614601135,0.4184494614601135,2.0,0.0,True
2025-04-28,0.37112656235694885,0.37112656235694885,2.0,0.0,True
2025-04-29,0.3507503271102905,0.3507503271102905,2.0,0.0,True
2025-04-30,0.37454086542129517,0.37454086542129517,2.0,0.0,True
2025-05-01,0.4372466206550598,0.4372466206550598,2.0,0.0,True
2025-05-02,0.44100406765937805,0.44100406765937805,2.0,0.0,True
2025-05-05,0.4060221314430237,0.4060221314430237,2.0,0.0,True
2025-05-06,0.5529038906097412,0.5529038906097412,2.0,0.0,True
2025-05-07,0.556010901927948,0.556010901927948,2.0,0.0,True
2025-05-08,0.6107385754585266,0.6107385754585266,1.0,0.5688177121618057,True
2025-05-09,0.6997353434562683,0.6997353434562683,1.0,0.7400947258792291,True
2025-05-12,0.6910154819488525,0.6910154819488525,1.0,0.7400947258792291,True
2025-05-13,0.6743090152740479,0.6743090152740479,1.0,0.7400947258792291,True
2025-05-14,0.686147928237915,0.686147928237915,1.0,0.7400947258792291,True
2025-05-15,0.5980340242385864,0.5980340242385864,1.0,0.7400947258792291,True
2025-05-16,0.5071601271629333,0.5071601271629333,1.0,0.0,True
2025-05-19,0.5385164022445679,0.5385164022445679,2.0,0.0,True
2025-05-20,0.6911303400993347,0.6911303400993347,1.0,0.9906228708742106,True
2025-05-21,0.5746633410453796,0.5746633410453796,1.0,0.0,True
2025-05-22,0.5903480052947998,0.5903480052947998,1.0,0.9662368752675118,True
2025-05-23,0.6161375641822815,0.6161375641822815,1.0,0.9662368752675118,True
2025-05-27,0.5975036025047302,0.5975036025047302,1.0,0.9662368752675118,True
2025-05-28,0.6299638748168945,0.6299638748168945,1.0,0.8638737592475396,True
2025-05-29,0.5445812344551086,0.5445812344551086,1.0,0.0,True
2025-05-30,0.5694878697395325,0.5694878697395325,1.0,0.0,True
2025-06-02,0.5537912845611572,0.5537912845611572,1.0,0.0,True
2025-06-03,0.6408296227455139,0.6408296227455139,1.0,0.9064015567268127,True
2025-06-04,0.6206988096237183,0.6206988096237183,1.0,0.9064015567268127,True
2025-06-05,0.5951308608055115,0.5951308608055115,1.0,0.9064015567268127,True
2025-06-06,0.5463446974754333,0.5463446974754333,1.0,0.0,True
2025-06-09,0.528455376625061,0.528455376625061,1.0,0.0,True
2025-06-10,0.6217408776283264,0.6217408776283264,1.0,1.0,True
2025-06-11,0.5824375152587891,0.5824375152587891,1.0,1.0,True
2025-06-12,0.6232785582542419,0.6232785582542419,1.0,1.0,True
2025-06-13,0.6757916212081909,0.6757916212081909,1.0,1.0,True
2025-06-16,0.5814709663391113,0.5814709663391113,1.0,1.0,True
2025-06-17,0.6598687767982483,0.6598687767982483,1.0,1.0,True
2025-06-18,0.6454161405563354,0.6454161405563354,1.0,1.0,True
2025-06-20,0.6886324882507324,0.6886324882507324,0.0,1.0,True
2025-06-23,0.5619862079620361,0.5619862079620361,0.0,0.0,True
2025-06-24,0.6268795728683472,0.6268795728683472,0.0,1.0,True
2025-06-25,0.6027854084968567,0.6027854084968567,0.0,1.0,True
2025-06-26,0.5665044188499451,0.5665044188499451,0.0,0.0,True
2025-06-27,0.5550387501716614,0.5550387501716614,0.0,0.0,True
2025-06-30,0.5423693060874939,0.5423693060874939,0.0,0.0,True
2025-07-01,0.5449909567832947,0.5449909567832947,0.0,0.0,True
2025-07-02,0.5478622317314148,0.5478622317314148,0.0,0.0,True
2025-07-03,0.5526565313339233,0.5526565313339233,0.0,0.0,True
2025-07-07,0.5992386341094971,0.5992386341094971,0.0,1.0,True
2025-07-08,0.5326579809188843,0.5326579809188843,0.0,0.0,True
2025-07-09,0.5218906998634338,0.5218906998634338,0.0,0.0,True
2025-07-10,0.5163329839706421,0.5163329839706421,0.0,0.0,True
2025-07-11,0.6719070672988892,0.6719070672988892,0.0,1.0,True
2025-07-14,0.6269503235816956,0.6269503235816956,0.0,1.0,True
2025-07-15,0.5656403303146362,0.5656403303146362,0.0,0.0,True
2025-07-16,0.5702042579650879,0.5702042579650879,0.0,0.0,True
2025-07-17,0.5723205208778381,0.5723205208778381,0.0,0.0,True
2025-07-18,0.547221839427948,0.547221839427948,0.0,0.0,True
2025-07-21,0.534237802028656,0.534237802028656,0.0,0.0,True
2025-07-22,0.5348779559135437,0.5348779559135437,0.0,0.0,True
2025-07-23,0.5497307181358337,0.5497307181358337,0.0,0.0,True
2025-07-24,0.5211436152458191,0.5211436152458191,0.0,0.0,True
2025-07-25,0.544342577457428,0.544342577457428,0.0,0.0,True
2025-07-28,0.5651677846908569,0.5651677846908569,0.0,0.0,True
2025-07-29,0.5693650841712952,0.5693650841712952,0.0,0.0,True
2025-07-30,0.561127781867981,0.561127781867981,0.0,0.0,True
2025-07-31,0.5624825358390808,0.5624825358390808,0.0,0.0,True
2025-08-01,0.5900870561599731,0.5900870561599731,0.0,1.0,True
2025-08-04,0.6481476426124573,0.6481476426124573,0.0,1.0,True
2025-08-05,0.6894444227218628,0.6894444227218628,0.0,1.0,True
2025-08-06,0.6704861521720886,0.6704861521720886,0.0,1.0,True
2025-08-07,0.5872673392295837,0.5872673392295837,0.0,1.0,True
2025-08-08,0.5644381642341614,0.5644381642341614,0.0,0.0,True
2025-08-11,0.536660373210907,0.536660373210907,0.0,0.0,True
2025-08-12,0.6014729738235474,0.6014729738235474,0.0,1.0,True
2025-08-13,0.584536075592041,0.584536075592041,0.0,1.0,True
2025-08-14,0.5945261120796204,0.5945261120796204,0.0,1.0,True
2025-08-15,0.531980574131012,0.531980574131012,0.0,0.0,True
2025-08-18,0.5137495398521423,0.5137495398521423,0.0,0.0,True
2025-08-19,0.5992118716239929,0.5992118716239929,0.0,1.0,True
2025-08-20,0.6210553050041199,0.6210553050041199,0.0,1.0,True
2025-08-21,0.6487922072410583,0.6487922072410583,0.0,1.0,True
2025-08-22,0.5488080382347107,0.5488080382347107,0.0,0.0,True
2025-08-25,0.5783289074897766,0.5783289074897766,0.0,0.0,True
2025-08-26,0.5772851705551147,0.5772851705551147,0.0,0.0,True
2025-08-27,0.5462951064109802,0.5462951064109802,0.0,0.0,True
2025-08-28,0.5735874176025391,0.5735874176025391,0.0,0.0,True
2025-08-29,0.5986809730529785,0.5986809730529785,0.0,1.0,True
2025-09-02,0.5897240042686462,0.5897240042686462,0.0,1.0,True
2025-09-03,0.5857434868812561,0.5857434868812561,0.0,1.0,True
2025-09-04,0.5457929968833923,0.5457929968833923,0.0,0.0,True
2025-09-05,0.5897554755210876,0.5897554755210876,0.0,1.0,True
2025-09-08,0.545509397983551,0.545509397983551,0.0,0.0,True
2025-09-09,0.4832366704940796,0.4832366704940796,0.0,0.0,True
2025-09-10,0.4771583676338196,0.4771583676338196,0.0,0.0,True
2025-09-11,0.5610657334327698,0.5610657334327698,0.0,0.0,True
2025-09-12,0.517942488193512,0.517942488193512,0.0,0.0,True
2025-09-15,0.5420610904693604,0.5420610904693604,0.0,0.0,True
2025-09-16,0.529128909111023,0.529128909111023,0.0,0.0,True
2025-09-17,0.5584189295768738,0.5584189295768738,0.0,0.0,True
2025-09-18,0.5547986626625061,0.5547986626625061,0.0,0.0,True
2025-09-19,0.5823155641555786,0.5823155641555786,0.0,1.0,True
2025-09-22,0.5535226464271545,0.5535226464271545,0.0,0.0,True
2025-09-23,0.5961599946022034,0.5961599946022034,0.0,1.0,True
2025-09-24,0.6079424619674683,0.6079424619674683,0.0,1.0,True
2025-09-25,0.6296033263206482,0.6296033263206482,0.0,1.0,True
2025-09-26,0.6575002670288086,0.6575002670288086,0.0,1.0,True
2025-09-29,0.6664718985557556,0.6664718985557556,0.0,1.0,True
2025-09-30,0.6359288096427917,0.6359288096427917,0.0,1.0,True
2025-10-01,0.6530237197875977,0.6530237197875977,0.0,1.0,True
2025-10-02,0.603682279586792,0.603682279586792,0.0,1.0,True
2025-10-03,0.6086593866348267,0.6086593866348267,0.0,1.0,True
2025-10-06,0.6065574288368225,0.6065574288368225,0.0,1.0,True
2025-10-07,0.6116982102394104,0.6116982102394104,0.0,1.0,True
2025-10-08,0.6366275548934937,0.6366275548934937,0.0,1.0,True
2025-10-09,0.6707254648208618,0.6707254648208618,0.0,1.0,True
2025-10-10,0.639073371887207,0.639073371887207,0.0,1.0,True
2025-10-13,0.6483670473098755,0.6483670473098755,0.0,1.0,True
2025-10-14,0.598558247089386,0.598558247089386,0.0,1.0,True
2025-10-15,0.5947779417037964,0.5947779417037964,0.0,1.0,True
2025-10-16,0.611748456954956,0.611748456954956,0.0,1.0,True
2025-10-17,0.46275654435157776,0.46275654435157776,0.0,0.0,True
2025-10-20,0.4963178336620331,0.4963178336620331,0.0,0.0,True
2025-10-21,0.5019673705101013,0.5019673705101013,0.0,0.0,True
2025-10-22,0.4843747317790985,0.4843747317790985,0.0,0.0,True
2025-10-23,0.5299740433692932,0.5299740433692932,0.0,0.0,True
2025-10-24,0.5317229628562927,0.5317229628562927,0.0,0.0,True
2025-10-27,0.6219519376754761,0.6219519376754761,0.0,1.0,True
2025-10-28,0.6321778297424316,0.6321778297424316,0.0,1.0,True
2025-10-29,0.5970576405525208,0.5970576405525208,0.0,1.0,True
2025-10-30,0.5553098320960999,0.5553098320960999,0.0,0.0,True
2025-10-31,0.578130304813385,0.578130304813385,0.0,0.0,True
2025-11-03,0.6095150113105774,0.6095150113105774,0.0,1.0,True
2025-11-04,0.6178421378135681,0.6178421378135681,0.0,1.0,True
2025-11-05,0.5792338848114014,0.5792338848114014,0.0,0.0,True
2025-11-06,0.5022523999214172,0.5022523999214172,0.0,0.0,True
2025-11-07,0.5509227514266968,0.5509227514266968,0.0,0.0,True
2025-11-10,0.5977477431297302,0.5977477431297302,0.0,1.0,True
2025-11-11,0.5900876522064209,0.5900876522064209,0.0,1.0,True
2025-11-12,0.5898224115371704,0.5898224115371704,0.0,1.0,True
2025-11-13,0.5406042337417603,0.5406042337417603,0.0,0.0,True
2025-11-14,0.49776461720466614,0.49776461720466614,0.0,0.0,True
2025-11-17,0.5417105555534363,0.5417105555534363,0.0,0.0,True
2025-11-18,0.554806649684906,0.554806649684906,0.0,0.0,True
2025-11-19,0.4911985993385315,0.4911985993385315,0.0,0.0,True
2025-11-20,0.568356990814209,0.568356990814209,0.0,0.0,True
2025-11-21,0.5194708704948425,0.5194708704948425,0.0,0.0,True
2025-11-24,0.4762250483036041,0.4762250483036041,0.0,0.0,True
2025-11-25,0.4816855490207672,0.4816855490207672,0.0,0.0,True
2025-11-26,0.5757972002029419,0.5757972002029419,0.0,0.0,True
2025-11-28,0.6566915512084961,0.6566915512084961,0.0,1.0,True
2025-12-01,0.5804003477096558,0.5804003477096558,0.0,1.0,True
2025-12-02,0.5939903855323792,0.5939903855323792,0.0,1.0,True
2025-12-03,0.6450384259223938,0.6450384259223938,0.0,1.0,True
2025-12-04,0.6355378031730652,0.6355378031730652,0.0,1.0,True
2025-12-05,0.6077514886856079,0.6077514886856079,0.0,1.0,True
2025-12-08,0.5820465683937073,0.5820465683937073,0.0,1.0,True
2025-12-09,0.59095299243927,0.59095299243927,0.0,1.0,True
2025-12-10,0.597577691078186,0.597577691078186,0.0,1.0,True
2025-12-11,0.6230461597442627,0.6230461597442627,0.0,1.0,True
2025-12-12,0.5814784169197083,0.5814784169197083,0.0,1.0,True
2025-12-15,0.6037812829017639,0.6037812829017639,0.0,1.0,True
2025-12-16,0.6081317067146301,0.6081317067146301,0.0,1.0,True
2025-12-17,0.5120984315872192,0.5120984315872192,1.0,0.0,True
2025-12-18,0.5990591645240784,0.5990591645240784,0.0,1.0,True
2025-12-19,0.6084916591644287,0.6084916591644287,1.0,1.0,True
2025-12-22,0.5492091178894043,0.5492091178894043,1.0,0.0,True
2025-12-23,0.5716676712036133,0.5716676712036133,0.0,0.0,True
2025-12-24,0.5695907473564148,0.5695907473564148,0.0,0.0,True
2025-12-26,0.5563111305236816,0.5563111305236816,0.0,0.0,True
2025-12-29,0.5075903534889221,0.5075903534889221,0.0,0.0,True
2025-12-30,0.4676497280597687,0.4676497280597687,0.0,0.0,True
2025-12-31,0.6246899962425232,0.6246899962425232,0.0,1.0,True
2026-01-02,0.5702164173126221,0.5702164173126221,0.0,0.0,True
2026-01-05,0.5750755667686462,0.5750755667686462,0.0,0.0,True
2026-01-06,0.5453491806983948,0.5453491806983948,0.0,0.0,True
2026-01-07,0.5574012398719788,0.5574012398719788,0.0,0.0,True
2026-01-08,0.5098864436149597,0.5098864436149597,0.0,0.0,True
2026-01-09,0.5224654674530029,0.5224654674530029,0.0,0.0,True
2026-01-12,0.528571367263794,0.528571367263794,0.0,0.0,True
2026-01-13,0.5220741033554077,0.5220741033554077,0.0,0.0,True
2026-01-14,0.5327101349830627,0.5327101349830627,0.0,0.0,True
2026-01-15,0.5437508821487427,0.5437508821487427,0.0,0.0,True
2026-01-16,0.589980959892273,0.589980959892273,0.0,1.0,True
2026-01-20,0.5597130060195923,0.5597130060195923,0.0,0.0,True
2026-01-21,0.6138394474983215,0.6138394474983215,0.0,1.0,True
2026-01-22,0.6325185298919678,0.6325185298919678,0.0,1.0,True
2026-01-23,0.6274032592773438,0.6274032592773438,0.0,1.0,True
2026-01-26,0.5903930068016052,0.5903930068016052,0.0,1.0,True
2026-01-27,0.518812894821167,0.518812894821167,0.0,0.0,True
2026-01-28,0.5672095417976379,0.5672095417976379,0.0,0.0,True
2026-01-29,0.5335657596588135,0.5335657596588135,0.0,0.0,True
2026-01-30,0.48481911420822144,0.48481911420822144,0.0,0.0,True
2026-02-02,0.4878321886062622,0.4878321886062622,0.0,0.0,True
2026-02-03,0.5502253770828247,0.5502253770828247,0.0,0.0,True
2026-02-04,0.5362701416015625,0.5362701416015625,0.0,0.0,True
2026-02-05,0.6337858438491821,0.6337858438491821,0.0,1.0,True
2026-02-06,0.5743563175201416,0.5743563175201416,0.0,0.0,True
2026-02-09,0.5934809446334839,0.5934809446334839,0.0,1.0,True
2026-02-10,0.5643674731254578,0.5643674731254578,0.0,0.0,True
2026-02-11,0.5453779697418213,0.5453779697418213,0.0,0.0,True
2026-02-12,0.5206672549247742,0.5206672549247742,0.0,0.0,True
2026-02-13,0.5732952952384949,0.5732952952384949,0.0,0.0,True
2026-02-17,0.5434026122093201,0.5434026122093201,0.0,0.0,True
2026-02-18,0.6315293908119202,0.6315293908119202,0.0,1.0,True
2026-02-19,0.6576266884803772,0.6576266884803772,0.0,1.0,True
2026-02-20,0.5296505093574524,0.5296505093574524,0.0,0.0,True
2026-02-23,0.5930954217910767,0.5930954217910767,0.0,1.0,True
2026-02-24,0.5817249417304993,0.5817249417304993,0.0,1.0,True
2026-02-25,0.6066387295722961,0.6066387295722961,0.0,1.0,True
2026-02-26,0.5907775163650513,0.5907775163650513,0.0,1.0,True
2026-02-27,0.6131132245063782,0.6131132245063782,0.0,1.0,True
2026-03-02,0.5566778779029846,0.5566778779029846,0.0,0.0,True
2026-03-03,0.578389048576355,0.578389048576355,0.0,0.0,True
2026-03-04,0.6077423691749573,0.6077423691749573,0.0,1.0,True
2026-03-05,0.5706983208656311,0.5706983208656311,0.0,0.0,True
2026-03-06,0.625648558139801,0.625648558139801,1.0,1.0,True
2026-03-09,0.6237983703613281,0.6237983703613281,0.0,1.0,True
2026-03-10,0.6219139099121094,0.6219139099121094,0.0,1.0,True
2026-03-11,0.6924631595611572,0.6924631595611572,0.0,1.0,True
2026-03-12,0.6576751470565796,0.6576751470565796,0.0,1.0,True
2026-03-13,0.696270763874054,0.696270763874054,0.0,1.0,True
2026-03-16,0.6225626468658447,0.6225626468658447,0.0,1.0,True
2026-03-17,0.6309383511543274,0.6309383511543274,0.0,1.0,True
2026-03-18,0.5943903923034668,0.5943903923034668,0.0,1.0,True
2026-03-19,0.6249181032180786,0.6249181032180786,0.0,1.0,True
2026-03-20,0.6850348711013794,0.6850348711013794,1.0,1.0,True
2026-03-23,0.5496209263801575,0.5496209263801575,1.0,0.0,True
2026-03-24,0.6423326134681702,0.6423326134681702,1.0,1.0,True
2026-03-25,0.5922117829322815,0.5922117829322815,0.0,1.0,True
2026-03-26,0.6777694225311279,0.6777694225311279,1.0,1.0,True
2026-03-27,0.6903365254402161,0.6903365254402161,1.0,1.0,True
2026-03-30,0.7001686096191406,0.7001686096191406,1.0,1.0,True
2026-03-31,0.5036735534667969,0.5036735534667969,1.0,0.0,True
2026-04-01,0.563680112361908,0.563680112361908,1.0,0.0,True
2026-04-02,0.5069562196731567,0.5069562196731567,1.0,0.0,True
2026-04-06,0.4855448007583618,0.4855448007583618,1.0,0.0,True
2026-04-07,0.4933778643608093,0.4933778643608093,1.0,0.0,True
2026-04-08,0.5034549832344055,0.5034549832344055,1.0,0.0,True
2026-04-09,0.49284231662750244,0.49284231662750244,1.0,0.0,True
2026-04-10,0.5287144780158997,0.5287144780158997,1.0,0.0,True
2026-04-13,0.4879592955112457,0.4879592955112457,1.0,0.0,True
2026-04-14,0.5933408737182617,0.5933408737182617,1.0,0.7580922099410715,True
2026-04-15,0.7740805745124817,0.7740805745124817,1.0,0.7580922099410715,True
2026-04-16,0.7888699769973755,0.7888699769973755,1.0,0.7580922099410715,True
2026-04-17,0.72749924659729,0.72749924659729,1.0,0.7580922099410715,True
2026-04-20,0.7176302671432495,0.7176302671432495,1.0,0.7580922099410715,True
2026-04-21,0.7402439713478088,0.7402439713478088,1.0,0.7580922099410715,True
2026-04-22,0.7588201761245728,0.7588201761245728,1.0,0.7580922099410715,True
2026-04-23,0.6933233141899109,0.6933233141899109,1.0,0.7580922099410715,True
2026-04-24,0.713752269744873,0.713752269744873,1.0,0.9063710122065867,True
2026-04-27,0.6424890160560608,0.6424890160560608,1.0,0.9063710122065867,True
2026-04-28,0.655333399772644,0.655333399772644,1.0,0.9063710122065867,True
2026-04-29,0.6435891389846802,0.6435891389846802,1.0,0.9063710122065867,True
2026-04-30,0.5408061742782593,0.5408061742782593,1.0,0.0,True
2026-05-01,0.5679680109024048,0.5679680109024048,1.0,0.0,True
2026-05-04,0.5962943434715271,0.5962943434715271,1.0,1.0,True
2026-05-05,0.5514277815818787,0.5514277815818787,1.0,0.0,True
2026-05-06,0.25863173604011536,0.25863173604011536,1.0,0.0,True
2026-05-07,0.39693596959114075,0.39693596959114075,0.0,0.0,True
2026-05-08,0.28035876154899597,0.28035876154899597,1.0,0.0,True
2026-05-11,0.32074210047721863,0.32074210047721863,0.0,0.0,True
2026-05-12,0.39532795548439026,0.39532795548439026,0.0,0.0,True
2026-05-13,0.42753657698631287,0.42753657698631287,0.0,0.0,True
2026-05-14,0.43457913398742676,0.43457913398742676,1.0,0.0,True
2026-05-15,0.5986273288726807,0.5986273288726807,1.0,1.0,True
2026-05-18,0.6165991425514221,0.6165991425514221,0.0,1.0,True
2026-05-19,0.7586436867713928,0.7586436867713928,0.0,1.0,True
2026-05-20,0.6683915257453918,0.6683915257453918,0.0,1.0,True
2026-05-21,0.6674745082855225,0.6674745082855225,0.0,1.0,True
2026-05-22,0.5848648548126221,0.5848648548126221,0.0,1.0,True
2026-05-26,0.5954819917678833,0.5954819917678833,0.0,1.0,True
2026-05-27,0.5682960748672485,0.5682960748672485,0.0,0.0,True
2026-05-28,0.5644809007644653,0.5644809007644653,0.0,0.0,True
2026-05-29,0.5696769952774048,0.5696769952774048,0.0,0.0,True
2026-06-01,0.5554763078689575,0.5554763078689575,0.0,0.0,True
2026-06-02,0.5067952871322632,0.5067952871322632,0.0,0.0,True
2026-06-03,0.6347283720970154,0.6347283720970154,0.0,1.0,True
2026-06-04,0.6181820631027222,0.6181820631027222,0.0,1.0,True
2026-06-05,0.7001951932907104,0.7001951932907104,0.0,1.0,True
2026-06-08,0.715889573097229,0.715889573097229,0.0,1.0,True
2026-06-09,0.6732624769210815,0.6732624769210815,0.0,1.0,True
2026-06-10,0.6329553723335266,0.6329553723335266,0.0,1.0,True
2026-06-11,0.5567366480827332,0.5567366480827332,0.0,0.0,True
2026-06-12,0.430339515209198,0.430339515209198,1.0,0.0,True
2026-06-15,0.6100764870643616,0.6100764870643616,0.0,0.9559592863060132,True
2026-06-16,0.5503039360046387,0.5503039360046387,0.0,0.0,True
2026-06-17,0.49422356486320496,0.49422356486320496,0.0,0.0,True
2026-06-18,0.5071597695350647,0.5071597695350647,0.0,0.0,True
2026-06-22,0.5163009762763977,0.5163009762763977,0.0,0.0,True
2026-06-23,0.5869534015655518,0.5869534015655518,1.0,0.8734796661868804,True
2026-06-24,0.5635977983474731,0.5635977983474731,1.0,0.0,True
2026-06-25,0.5226957201957703,0.5226957201957703,1.0,0.0,True
2026-06-26,0.5467153787612915,0.5467153787612915,1.0,0.0,True
2026-06-29,0.5032368898391724,0.5032368898391724,1.0,0.0,True
2026-06-30,0.4765196442604065,0.4765196442604065,1.0,0.0,True
2026-07-01,0.48515772819519043,0.48515772819519043,1.0,0.0,True
2026-07-02,0.5087896585464478,0.5087896585464478,1.0,0.0,True
2026-07-06,0.5439411997795105,0.5439411997795105,1.0,0.0,True
2026-07-07,0.5764703750610352,0.5764703750610352,0.0,0.0,True
2026-07-08,0.5839930176734924,0.5839930176734924,0.0,0.9453771199530246,True
2026-07-09,0.5857109427452087,0.5857109427452087,1.0,0.9453771199530246,True
2026-07-10,0.5885350704193115,0.5885350704193115,1.0,0.9453771199530246,True
2026-07-13,0.613232433795929,0.613232433795929,0.0,0.9453771199530246,True
2026-07-14,0.5810633301734924,0.5810633301734924,0.0,0.9453771199530246,True
2026-07-15,0.543299674987793,0.543299674987793,0.0,0.0,True
2026-07-16,0.5947521328926086,0.5947521328926086,0.0,1.0,True
2026-07-17,0.6620957255363464,0.6620957255363464,0.0,1.0,True
2026-07-20,0.6080760359764099,0.6080760359764099,0.0,1.0,True
2026-07-21,0.6308727860450745,0.6308727860450745,0.0,1.0,True
2026-07-22,0.6593034863471985,0.6593034863471985,0.0,1.0,True
2026-07-23,0.6462618708610535,0.6462618708610535,0.0,1.0,True
2026-07-24,0.6055709719657898,0.6055709719657898,0.0,1.0,True
2026-07-27,0.5829863548278809,0.5829863548278809,0.0,1.0,True
2026-07-28,0.6584063768386841,0.6584063768386841,0.0,1.0,True
2026-07-29,0.6006250381469727,0.6006250381469727,0.0,1.0,True
2026-07-30,0.5572855472564697,0.5572855472564697,0.0,0.0,True
2026-07-31,0.5423254370689392,0.5423254370689392,0.0,0.0,True
2026-08-03,0.5604931116104126,0.5604931116104126,0.0,0.0,True
2026-08-04,0.6363280415534973,0.6363280415534973,0.0,1.0,True
2026-08-05,0.6587848663330078,0.6587848663330078,0.0,1.0,True
2026-08-06,0.6446045637130737,0.6446045637130737,0.0,1.0,True
2026-08-07,0.6944520473480225,0.6944520473480225,0.0,1.0,True
2026-08-10,0.7318858504295349,0.7318858504295349,0.0,1.0,True
2026-08-11,0.7051835060119629,0.7051835060119629,0.0,1.0,True
2026-08-12,0.6326687932014465,0.6326687932014465,0.0,1.0,True
2026-08-13,0.6676302552223206,0.6676302552223206,0.0,1.0,True
2026-08-14,0.6148996949195862,0.6148996949195862,0.0,1.0,True
2026-08-17,0.6484556794166565,0.6484556794166565,0.0,1.0,True
2026-08-18,0.6440891623497009,0.6440891623497009,0.0,1.0,True
2026-08-19,0.590846836566925,0.590846836566925,0.0,1.0,True
2026-08-20,0.6926596760749817,0.6926596760749817,0.0,1.0,True
2026-08-21,0.5880881547927856,0.5880881547927856,1.0,1.0,True
2026-08-24,0.6374762654304504,0.6374762654304504,1.0,1.0,True
2026-08-25,0.5622712969779968,0.5622712969779968,0.0,0.0,True
2026-08-26,0.5875267386436462,0.5875267386436462,1.0,1.0,True
2026-08-27,0.5161700248718262,0.5161700248718262,0.0,0.0,True
2026-08-28,0.5452899932861328,0.5452899932861328,0.0,0.0,True
2026-08-31,0.506791889667511,0.506791889667511,0.0,0.0,True
2026-09-01,0.7094818353652954,0.7094818353652954,0.0,1.0,True
2026-09-02,0.6320145130157471,0.6320145130157471,0.0,1.0,True
2026-09-03,0.5591812133789062,0.5591812133789062,0.0,0.0,True
2026-09-04,0.5345661044120789,0.5345661044120789,0.0,0.0,True
2026-09-08,0.5914682745933533,0.5914682745933533,0.0,1.0,True
2026-09-09,0.6057097911834717,0.6057097911834717,0.0,1.0,True
2026-09-10,0.6229674220085144,0.6229674220085144,0.0,1.0,True
2026-09-11,0.6075500845909119,0.6075500845909119,0.0,1.0,True
2026-09-14,0.6284316778182983,0.6284316778182983,0.0,1.0,True
2026-09-15,0.6576812863349915,0.6576812863349915,0.0,1.0,True
2026-09-16,0.6122882962226868,0.6122882962226868,0.0,1.0,True
2026-09-17,0.5359823107719421,0.5359823107719421,0.0,0.0,True
2026-09-18,0.5523295402526855,0.5523295402526855,0.0,0.0,True
2026-09-21,0.5281465649604797,0.5281465649604797,0.0,0.0,True
2026-09-22,0.5642459392547607,0.5642459392547607,0.0,0.0,True
2026-09-23,0.5359172821044922,0.5359172821044922,0.0,0.0,True
2026-09-24,0.5598904490470886,0.5598904490470886,0.0,0.0,True
2026-09-25,0.5717488527297974,0.5717488527297974,0.0,0.0,True
2026-09-28,0.6224990487098694,0.6224990487098694,0.0,1.0,True
2026-09-29,0.6101086139678955,0.6101086139678955,0.0,1.0,True
2026-09-30,0.5990282893180847,0.5990282893180847,0.0,1.0,True
2026-10-01,0.5846465826034546,0.5846465826034546,0.0,1.0,True
2026-10-02,0.6141833066940308,0.6141833066940308,0.0,1.0,True
