Date,p_tree,p_ens,regime,signal_ml,is_test
2010-01-04,,,,,False
2010-01-05,,,,,False
2010-01-06,,,,,False
2010-01-07,,,,,False
2010-01-08,,,,,False
2010-01-11,,,,,False
2010-01-12,,,,,False
2010-01-13,,,,,False
2010-01-14,,,,,False
2010-01-15,,,,,False
2010-01-18,,,,,False
2010-01-19,,,,,False
2010-01-20,,,,,False
2010-01-21,,,,,False
2010-01-22,,,,,False
2010-01-25,,,,,False
2010-01-26,,,,,False
2010-01-27,,,,,False
2010-01-28,,,,,False
2010-01-29,,,,,False
2010-02-01,,,,,False
2010-02-02,,,,,False
2010-02-03,,,,,False
2010-02-04,,,,,False
2010-02-05,,,,,False
2010-02-08,,,,,False
2010-02-09,,,,,False
2010-02-10,,,,,False
2010-02-11,,,,,False
2010-02-12,,,,,False
2010-02-15,,,,,False
2010-02-16,,,,,False
2010-02-17,,,,,False
2010-02-18,,,,,False
2010-02-19,,,,,False
2010-02-22,,,,,False
2010-02-23,,,,,False
2010-02-24,,,,,False
2010-02-25,,,,,False
2010-02-26,,,,,False
2010-03-01,,,,,False
2010-03-02,,,,,False
2010-03-03,,,,,False
2010-03-04,,,,,False
2010-03-05,,,,,False
2010-03-08,,,,,False
2010-03-09,,,,,False
2010-03-10,,,,,False
2010-03-11,,,,,False
2010-03-12,,,,,False
2010-03-15,,,,,False
2010-03-16,,,,,False
2010-03-17,,,,,False
2010-03-18,,,,,False
2010-03-19,,,,,False
2010-03-22,,,,,False
2010-03-23,,,,,False
2010-03-24,,,,,False
2010-03-25,,,,,False
2010-03-26,,,,,False
2010-03-29,,,,,False
2010-03-30,,,,,False
2010-03-31,,,,,False
2010-04-01,,,,,False
2010-04-02,,,,,False
2010-04-05,,,,,False
2010-04-06,,,,,False
2010-04-07,,,,,False
2010-04-08,,,,,False
2010-04-09,,,,,False
2010-04-12,,,,,False
2010-04-13,,,,,False
2010-04-14,,,,,False
2010-04-15,,,,,False
2010-04-16,,,,,False
2010-04-19,,,,,False
2010-04-20,,,,,False
2010-04-21,,,,,False
2010-04-22,,,,,False
2010-04-23,,,,,False
2010-04-26,,,,,False
2010-04-27,,,,,False
2010-04-28,,,,,False
2010-04-29,,,,,False
2010-04-30,,,,,False
2010-05-03,,,,,False
2010-05-04,,,,,False
2010-05-05,,,,,False
2010-05-06,,,,,False
2010-05-07,,,,,False
2010-05-10,,,,,False
2010-05-11,,,,,False
2010-05-12,,,,,False
2010-05-13,,,,,False
2010-05-14,,,,,False
2010-05-17,,,,,False
2010-05-18,,,,,False
2010-05-19,,,,,False
2010-05-20,,,,,False
2010-05-21,,,,,False
2010-05-24,,,,,False
2010-05-25,,,,,False
2010-05-26,,,,,False
2010-05-27,,,,,False
2010-05-28,,,,,False
2010-05-31,,,,,False
2010-06-01,,,,,False
2010-06-02,,,,,False
2010-06-03,,,,,False
2010-06-04,,,,,False
2010-06-07,,,,,False
2010-06-08,,,,,False
2010-06-09,,,,,False
2010-06-10,,,,,False
2010-06-11,,,,,False
2010-06-14,,,,,False
2010-06-15,,,,,False
2010-06-16,,,,,False
2010-06-17,,,,,False
2010-06-18,,,,,False
2010-06-21,,,,,False
2010-06-22,,,,,False
2010-06-23,,,,,False
2010-06-24,,,,,False
2010-06-25,,,,,False
2010-06-28,,,,,False
2010-06-29,,,,,False
2010-06-30,,,,,False
2010-07-01,,,,,False
2010-07-02,,,,,False
2010-07-05,,,,,False
2010-07-06,,,,,False
2010-07-07,,,,,False
2010-07-08,,,,,False
2010-07-09,,,,,False
2010-07-12,,,,,False
2010-07-13,,,,,False
2010-07-14,,,,,False
2010-07-15,,,,,False
2010-07-16,,,,,False
2010-07-19,,,,,False
2010-07-20,,,,,False
2010-07-21,,,,,False
2010-07-22,,,,,False
2010-07-23,,,,,False
2010-07-26,,,,,False
2010-07-27,,,,,False
2010-07-28,,,,,False
2010-07-29,,,,,False
2010-07-30,,,,,False
2010-08-02,,,,,False
2010-08-03,,,,,False
2010-08-04,,,,,False
2010-08-05,,,,,False
2010-08-06,,,,,False
2010-08-09,,,,,False
2010-08-10,,,,,False
2010-08-11,,,,,False
2010-08-12,,,,,False
2010-08-13,,,,,False
2010-08-16,,,,,False
2010-08-17,,,,,False
2010-08-18,,,,,False
2010-08-19,,,,,False
2010-08-20,,,,,False
2010-08-23,,,,,False
2010-08-24,,,,,False
2010-08-25,,,,,False
2010-08-26,,,,,False
2010-08-27,,,,,False
2010-08-30,,,,,False
2010-08-31,,,,,False
2010-09-01,,,,,False
2010-09-02,,,,,False
2010-09-03,,,,,False
2010-09-06,,,,,False
2010-09-07,,,,,False
2010-09-08,,,,,False
2010-09-09,,,,,False
2010-09-10,,,,,False
2010-09-13,,,,,False
2010-09-14,,,,,False
2010-09-15,,,,,False
2010-09-16,,,,,False
2010-09-17,,,,,False
2010-09-20,,,,,False
2010-09-21,,,,,False
2010-09-22,,,,,False
2010-09-23,,,,,False
2010-09-24,,,,,False
2010-09-27,,,,,False
2010-09-28,,,,,False
2010-09-29,,,,,False
2010-09-30,,,,,False
2010-10-01,,,,,False
2010-10-04,,,,,False
2010-10-05,,,,,False
2010-10-06,,,,,False
2010-10-07,,,,,False
2010-10-08,,,,,False
2010-10-11,,,,,False
2010-10-12,,,,,False
2010-10-13,,,,,False
2010-10-14,,,,,False
2010-10-15,,,,,False
2010-10-18,,,,,False
2010-10-19,,,,,False
2010-10-20,,,,,False
2010-10-21,,,,,False
2010-10-22,,,,,False
2010-10-25,,,,,False
2010-10-26,,,,,False
2010-10-27,,,,,False
2010-10-28,,,,,False
2010-10-29,,,,,False
2010-11-01,,,,,False
2010-11-02,,,,,False
2010-11-03,,,,,False
2010-11-04,,,,,False
2010-11-05,,,,,False
2010-11-08,,,,,False
2010-11-09,,,,,False
2010-11-10,,,,,False
2010-11-11,,,,,False
2010-11-12,,,,,False
2010-11-15,,,,,False
2010-11-16,,,,,False
2010-11-17,,,,,False
2010-11-18,,,,,False
2010-11-19,,,,,False
2010-11-22,,,,,False
2010-11-23,,,,,False
2010-11-24,,,,,False
2010-11-25,,,,,False
2010-11-26,,,,,False
2010-11-29,,,,,False
2010-11-30,,,,,False
2010-12-01,,,,,False
2010-12-02,,,,,False
2010-12-03,,,,,False
2010-12-06,,,,,False
2010-12-07,,,,,False
2010-12-08,,,,,False
2010-12-09,,,,,False
2010-12-10,,,,,False
2010-12-13,,,,,False
2010-12-14,,,,,False
2010-12-15,,,,,False
2010-12-16,,,,,False
2010-12-17,,,,,False
2010-12-20,,,,,False
2010-12-21,,,,,False
2010-12-22,,,,,False
2010-12-23,,,,,False
2010-12-24,,,,,False
2010-12-27,,,,,False
2010-12-28,,,,,False
2010-12-29,,,,,False
2010-12-30,,,,,False
2010-12-31,,,,,False
2011-01-03,,,,,False
2011-01-04,,,,,False
2011-01-05,,,,,False
2011-01-06,,,,,False
2011-01-07,,,,,False
2011-01-10,,,,,False
2011-01-11,,,,,False
2011-01-12,,,,,False
2011-01-13,,,,,False
2011-01-14,,,,,False
2011-01-17,,,,,False
2011-01-18,,,,,False
2011-01-19,,,,,False
2011-01-20,,,,,False
2011-01-21,,,,,False
2011-01-24,,,,,False
2011-01-25,,,,,False
2011-01-26,,,,,False
2011-01-27,,,,,False
2011-01-28,,,,,False
2011-01-31,,,,,False
2011-02-01,,,,,False
2011-02-02,,,,,False
2011-02-03,,,,,False
2011-02-04,,,,,False
2011-02-07,,,,,False
2011-02-08,,,,,False
2011-02-09,,,,,False
2011-02-10,,,,,False
2011-02-11,,,,,False
2011-02-14,,,,,False
2011-02-15,,,,,False
2011-02-16,,,,,False
2011-02-17,,,,,False
2011-02-18,,,,,False
2011-02-21,,,,,False
2011-02-22,,,,,False
2011-02-23,,,,,False
2011-02-24,,,,,False
2011-02-25,,,,,False
2011-02-28,,,,,False
2011-03-01,,,,,False
2011-03-02,,,,,False
2011-03-03,,,,,False
2011-03-04,,,,,False
2011-03-07,,,,,False
2011-03-08,,,,,False
2011-03-09,,,,,False
2011-03-10,,,,,False
2011-03-11,,,,,False
2011-03-14,,,,,False
2011-03-15,,,,,False
2011-03-16,,,,,False
2011-03-17,,,,,False
2011-03-18,,,,,False
2011-03-21,,,,,False
2011-03-22,,,,,False
2011-03-23,,,,,False
2011-03-24,,,,,False
2011-03-25,,,,,False
2011-03-28,,,,,False
2011-03-29,,,,,False
2011-03-30,,,,,False
2011-03-31,,,,,False
2011-04-01,,,,,False
2011-04-04,,,,,False
2011-04-05,,,,,False
2011-04-06,,,,,False
2011-04-07,,,,,False
2011-04-08,,,,,False
2011-04-11,,,,,False
2011-04-12,,,,,False
2011-04-13,,,,,False
2011-04-14,,,,,False
2011-04-15,,,,,False
2011-04-18,,,,,False
2011-04-19,,,,,False
2011-04-20,,,,,False
2011-04-21,,,,,False
2011-04-22,,,,,False
2011-04-25,,,,,False
2011-04-26,,,,,False
2011-04-27,,,,,False
2011-04-28,,,,,False
2011-04-29,,,,,False
2011-05-02,,,,,False
2011-05-03,,,,,False
2011-05-04,,,,,False
2011-05-05,,,,,False
2011-05-06,,,,,False
2011-05-09,,,,,False
2011-05-10,,,,,False
2011-05-11,,,,,False
2011-05-12,,,,,False
2011-05-13,,,,,False
2011-05-16,,,,,False
2011-05-17,,,,,False
2011-05-18,,,,,False
2011-05-19,,,,,False
2011-05-20,,,,,False
2011-05-23,,,,,False
2011-05-24,,,,,False
2011-05-25,,,,,False
2011-05-26,,,,,False
2011-05-27,,,,,False
2011-05-30,,,,,False
2011-05-31,,,,,False
2011-06-01,,,,,False
2011-06-02,,,,,False
2011-06-03,,,,,False
2011-06-06,,,,,False
2011-06-07,,,,,False
2011-06-08,,,,,False
2011-06-09,,,,,False
2011-06-10,,,,,False
2011-06-13,,,,,False
2011-06-14,,,,,False
2011-06-15,,,,,False
2011-06-16,,,,,False
2011-06-17,,,,,False
2011-06-20,,,,,False
2011-06-21,,,,,False
2011-06-22,,,,,False
2011-06-23,,,,,False
2011-06-24,,,,,False
2011-06-27,,,,,False
2011-06-28,,,,,False
2011-06-29,,,,,False
2011-06-30,,,,,False
2011-07-01,,,,,False
2011-07-04,,,,,False
2011-07-05,,,,,False
2011-07-06,,,,,False
2011-07-07,,,,,False
2011-07-08,,,,,False
2011-07-11,,,,,False
2011-07-12,,,,,False
2011-07-13,,,,,False
2011-07-14,,,,,False
2011-07-15,,,,,False
2011-07-18,,,,,False
2011-07-19,,,,,False
2011-07-20,,,,,False
2011-07-21,,,,,False
2011-07-22,,,,,False
2011-07-25,,,,,False
2011-07-26,,,,,False
2011-07-27,,,,,False
2011-07-28,,,,,False
2011-07-29,,,,,False
2011-08-01,,,,,False
2011-08-02,,,,,False
2011-08-03,,,,,False
2011-08-04,,,,,False
2011-08-05,,,,,False
2011-08-08,,,,,False
2011-08-09,,,,,False
2011-08-10,,,,,False
2011-08-11,,,,,False
2011-08-12,,,,,False
2011-08-15,,,,,False
2011-08-16,,,,,False
2011-08-17,,,,,False
2011-08-18,,,,,False
2011-08-19,,,,,False
2011-08-22,,,,,False
2011-08-23,,,,,False
2011-08-24,,,,,False
2011-08-25,,,,,False
2011-08-26,,,,,False
2011-08-29,,,,,False
2011-08-30,,,,,False
2011-08-31,,,,,False
2011-09-01,,,,,False
2011-09-02,,,,,False
2011-09-05,,,,,False
2011-09-06,,,,,False
2011-09-07,,,,,False
2011-09-08,,,,,False
2011-09-09,,,,,False
2011-09-12,,,,,False
2011-09-13,,,,,False
2011-09-14,,,,,False
2011-09-15,,,,,False
2011-09-16,,,,,False
2011-09-19,,,,,False
2011-09-20,,,,,False
2011-09-21,,,,,False
2011-09-22,,,,,False
2011-09-23,,,,,False
2011-09-26,,,,,False
2011-09-27,,,,,False
2011-09-28,,,,,False
2011-09-29,,,,,False
2011-09-30,,,,,False
2011-10-03,,,,,False
2011-10-04,,,,,False
2011-10-05,,,,,False
2011-10-06,,,,,False
2011-10-07,,,,,False
2011-10-10,,,,,False
2011-10-11,,,,,False
2011-10-12,,,,,False
2011-10-13,,,,,False
2011-10-14,,,,,False
2011-10-17,,,,,False
2011-10-18,,,,,False
2011-10-19,,,,,False
2011-10-20,,,,,False
2011-10-21,,,,,False
2011-10-24,,,,,False
2011-10-25,,,,,False
2011-10-26,,,,,False
2011-10-27,,,,,False
2011-10-28,,,,,False
2011-10-31,,,,,False
2011-11-01,,,,,False
2011-11-02,,,,,False
2011-11-03,,,,,False
2011-11-04,,,,,False
2011-11-07,,,,,False
2011-11-08,,,,,False
2011-11-09,,,,,False
2011-11-10,,,,,False
2011-11-11,,,,,False
2011-11-14,,,,,False
2011-11-15,,,,,False
2011-11-16,,,,,False
2011-11-17,,,,,False
2011-11-18,,,,,False
2011-11-21,,,,,False
2011-11-22,,,,,False
2011-11-23,,,,,False
2011-11-24,,,,,False
2011-11-25,,,,,False
2011-11-28,,,,,False
2011-11-29,,,,,False
2011-11-30,,,,,False
2011-12-01,,,,,False
2011-12-02,,,,,False
2011-12-05,,,,,False
2011-12-06,,,,,False
2011-12-07,,,,,False
2011-12-08,,,,,False
2011-12-09,,,,,False
2011-12-12,,,,,False
2011-12-13,,,,,False
2011-12-14,,,,,False
2011-12-15,,,,,False
2011-12-16,,,,,False
2011-12-19,,,,,False
2011-12-20,,,,,False
2011-12-21,,,,,False
2011-12-22,,,,,False
2011-12-23,,,,,False
2011-12-26,,,,,False
2011-12-27,,,,,False
2011-12-28,,,,,False
2011-12-29,,,,,False
2011-12-30,,,,,False
2012-01-02,,,,,False
2012-01-03,,,,,False
2012-01-04,,,,,False
2012-01-05,,,,,False
2012-01-06,,,,,False
2012-01-09,,,,,False
2012-01-10,,,,,False
2012-01-11,,,,,False
2012-01-12,,,,,False
2012-01-13,,,,,False
2012-01-16,,,,,False
2012-01-17,,,,,False
2012-01-18,,,,,False
2012-01-19,,,,,False
2012-01-20,,,,,False
2012-01-23,,,,,False
2012-01-24,,,,,False
2012-01-25,,,,,False
2012-01-26,,,,,False
2012-01-27,,,,,False
2012-01-30,,,,,False
2012-01-31,,,,,False
2012-02-01,,,,,False
2012-02-02,,,,,False
2012-02-03,,,,,False
2012-02-06,,,,,False
2012-02-07,,,,,False
2012-02-08,,,,,False
2012-02-09,,,,,False
2012-02-10,,,,,False
2012-02-13,,,,,False
2012-02-14,,,,,False
2012-02-15,,,,,False
2012-02-16,,,,,False
2012-02-17,,,,,False
2012-02-20,,,,,False
2012-02-21,,,,,False
2012-02-22,,,,,False
2012-02-23,,,,,False
2012-02-24,,,,,False
2012-02-27,,,,,False
2012-02-28,,,,,False
2012-02-29,,,,,False
2012-03-01,,,,,False
2012-03-02,,,,,False
2012-03-05,,,,,False
2012-03-06,,,,,False
2012-03-07,,,,,False
2012-03-08,,,,,False
2012-03-09,,,,,False
2012-03-12,,,,,False
2012-03-13,,,,,False
2012-03-14,,,,,False
2012-03-15,,,,,False
2012-03-16,,,,,False
2012-03-19,,,,,False
2012-03-20,,,,,False
2012-03-21,,,,,False
2012-03-22,,,,,False
2012-03-23,,,,,False
2012-03-26,,,,,False
2012-03-27,,,,,False
2012-03-28,,,,,False
2012-03-29,,,,,False
2012-03-30,,,,,False
2012-04-02,,,,,False
2012-04-03,,,,,False
2012-04-04,,,,,False
2012-04-05,,,,,False
2012-04-06,,,,,False
2012-04-09,,,,,False
2012-04-10,,,,,False
2012-04-11,,,,,False
2012-04-12,,,,,False
2012-04-13,,,,,False
2012-04-16,,,,,False
2012-04-17,,,,,False
2012-04-18,,,,,False
2012-04-19,,,,,False
2012-04-20,,,,,False
2012-04-23,,,,,False
2012-04-24,,,,,False
2012-04-25,,,,,False
2012-04-26,,,,,False
2012-04-27,,,,,False
2012-04-30,,,,,False
2012-05-01,,,,,False
2012-05-02,,,,,False
2012-05-03,,,,,False
2012-05-04,,,,,False
2012-05-07,,,,,False
2012-05-08,,,,,False
2012-05-09,,,,,False
2012-05-10,,,,,False
2012-05-11,,,,,False
2012-05-14,,,,,False
2012-05-15,,,,,False
2012-05-16,,,,,False
2012-05-17,,,,,False
2012-05-18,,,,,False
2012-05-21,,,,,False
2012-05-22,,,,,False
2012-05-23,,,,,False
2012-05-24,,,,,False
2012-05-25,,,,,False
2012-05-28,,,,,False
2012-05-29,,,,,False
2012-05-30,,,,,False
2012-05-31,,,,,False
2012-06-01,,,,,False
2012-06-04,,,,,False
2012-06-05,,,,,False
2012-06-06,,,,,False
2012-06-07,,,,,False
2012-06-08,,,,,False
2012-06-11,,,,,False
2012-06-12,,,,,False
2012-06-13,,,,,False
2012-06-14,,,,,False
2012-06-15,,,,,False
2012-06-18,,,,,False
2012-06-19,,,,,False
2012-06-20,,,,,False
2012-06-21,,,,,False
2012-06-22,,,,,False
2012-06-25,,,,,False
2012-06-26,,,,,False
2012-06-27,,,,,False
2012-06-28,,,,,False
2012-06-29,,,,,False
2012-07-02,,,,,False
2012-07-03,,,,,False
2012-07-04,,,,,False
2012-07-05,,,,,False
2012-07-06,,,,,False
2012-07-09,,,,,False
2012-07-10,,,,,False
2012-07-11,,,,,False
2012-07-12,,,,,False
2012-07-13,,,,,False
2012-07-16,,,,,False
2012-07-17,,,,,False
2012-07-18,,,,,False
2012-07-19,,,,,False
2012-07-20,,,,,False
2012-07-23,,,,,False
2012-07-24,,,,,False
2012-07-25,,,,,False
2012-07-26,,,,,False
2012-07-27,,,,,False
2012-07-30,,,,,False
2012-07-31,,,,,False
2012-08-01,,,,,False
2012-08-02,,,,,False
2012-08-03,,,,,False
2012-08-06,,,,,False
2012-08-07,,,,,False
2012-08-08,,,,,False
2012-08-09,,,,,False
2012-08-10,,,,,False
2012-08-13,,,,,False
2012-08-14,,,,,False
2012-08-15,,,,,False
2012-08-16,,,,,False
2012-08-17,,,,,False
2012-08-20,,,,,False
2012-08-21,,,,,False
2012-08-22,,,,,False
2012-08-23,,,,,False
2012-08-24,,,,,False
2012-08-27,,,,,False
2012-08-28,,,,,False
2012-08-29,,,,,False
2012-08-30,,,,,False
2012-08-31,,,,,False
2012-09-03,,,,,False
2012-09-04,,,,,False
2012-09-05,,,,,False
2012-09-06,,,,,False
2012-09-07,,,,,False
2012-09-10,,,,,False
2012-09-11,,,,,False
2012-09-12,,,,,False
2012-09-13,,,,,False
2012-09-14,,,,,False
2012-09-17,,,,,False
2012-09-18,,,,,False
2012-09-19,,,,,False
2012-09-20,,,,,False
2012-09-21,,,,,False
2012-09-24,,,,,False
2012-09-25,,,,,False
2012-09-26,,,,,False
2012-09-27,,,,,False
2012-09-28,,,,,False
2012-10-01,,,,,False
2012-10-02,,,,,False
2012-10-03,,,,,False
2012-10-04,,,,,False
2012-10-05,,,,,False
2012-10-08,,,,,False
2012-10-09,,,,,False
2012-10-10,,,,,False
2012-10-11,,,,,False
2012-10-12,,,,,False
2012-10-15,,,,,False
2012-10-16,,,,,False
2012-10-17,,,,,False
2012-10-18,,,,,False
2012-10-19,,,,,False
2012-10-22,,,,,False
2012-10-23,,,,,False
2012-10-24,,,,,False
2012-10-25,,,,,False
2012-10-26,,,,,False
2012-10-29,,,,,False
2012-10-30,,,,,False
2012-10-31,,,,,False
2012-11-01,,,,,False
2012-11-02,,,,,False
2012-11-05,,,,,False
2012-11-06,,,,,False
2012-11-07,,,,,False
2012-11-08,,,,,False
2012-11-09,,,,,False
2012-11-12,,,,,False
2012-11-13,,,,,False
2012-11-14,,,,,False
2012-11-15,,,,,False
2012-11-16,,,,,False
2012-11-19,,,,,False
2012-11-20,,,,,False
2012-11-21,,,,,False
2012-11-22,,,,,False
2012-11-23,,,,,False
2012-11-26,,,,,False
2012-11-27,,,,,False
2012-11-28,,,,,False
2012-11-29,,,,,False
2012-11-30,,,,,False
2012-12-03,,,,,False
2012-12-04,,,,,False
2012-12-05,,,,,False
2012-12-06,,,,,False
2012-12-07,,,,,False
2012-12-10,,,,,False
2012-12-11,,,,,False
2012-12-12,,,,,False
2012-12-13,,,,,False
2012-12-14,,,,,False
2012-12-17,,,,,False
2012-12-18,,,,,False
2012-12-19,,,,,False
2012-12-20,,,,,False
2012-12-21,,,,,False
2012-12-24,,,,,False
2012-12-25,,,,,False
2012-12-26,,,,,False
2012-12-27,,,,,False
2012-12-28,,,,,False
2012-12-31,,,,,False
2013-01-01,,,,,False
2013-01-02,,,,,False
2013-01-03,,,,,False
2013-01-04,,,,,False
2013-01-07,,,,,False
2013-01-08,,,,,False
2013-01-09,,,,,False
2013-01-10,,,,,False
2013-01-11,,,,,False
2013-01-14,,,,,False
2013-01-15,,,,,False
2013-01-16,,,,,False
2013-01-17,,,,,False
2013-01-18,,,,,False
2013-01-21,,,,,False
2013-01-22,,,,,False
2013-01-23,,,,,False
2013-01-24,,,,,False
2013-01-25,,,,,False
2013-01-28,,,,,False
2013-01-29,,,,,False
2013-01-30,,,,,False
2013-01-31,,,,,False
2013-02-01,,,,,False
2013-02-04,,,,,False
2013-02-05,,,,,False
2013-02-06,,,,,False
2013-02-07,,,,,False
2013-02-08,,,,,False
2013-02-11,,,,,False
2013-02-12,,,,,False
2013-02-13,,,,,False
2013-02-14,,,,,False
2013-02-15,,,,,False
2013-02-18,,,,,False
2013-02-19,,,,,False
2013-02-20,,,,,False
2013-02-21,,,,,False
2013-02-22,,,,,False
2013-02-25,,,,,False
2013-02-26,,,,,False
2013-02-27,,,,,False
2013-02-28,,,,,False
2013-03-01,,,,,False
2013-03-04,,,,,False
2013-03-05,,,,,False
2013-03-06,,,,,False
2013-03-07,,,,,False
2013-03-08,,,,,False
2013-03-11,,,,,False
2013-03-12,,,,,False
2013-03-13,,,,,False
2013-03-14,,,,,False
2013-03-15,,,,,False
2013-03-18,,,,,False
2013-03-19,,,,,False
2013-03-20,,,,,False
2013-03-21,,,,,False
2013-03-22,,,,,False
2013-03-25,,,,,False
2013-03-26,,,,,False
2013-03-27,,,,,False
2013-03-28,,,,,False
2013-03-29,,,,,False
2013-04-01,,,,,False
2013-04-02,,,,,False
2013-04-03,,,,,False
2013-04-04,,,,,False
2013-04-05,,,,,False
2013-04-08,,,,,False
2013-04-09,,,,,False
2013-04-10,,,,,False
2013-04-11,,,,,False
2013-04-12,,,,,False
2013-04-15,,,,,False
2013-04-16,,,,,False
2013-04-17,,,,,False
2013-04-18,,,,,False
2013-04-19,,,,,False
2013-04-22,,,,,False
2013-04-23,,,,,False
2013-04-24,,,,,False
2013-04-25,,,,,False
2013-04-26,,,,,False
2013-04-29,,,,,False
2013-04-30,,,,,False
2013-05-01,,,,,False
2013-05-02,,,,,False
2013-05-03,,,,,False
2013-05-06,,,,,False
2013-05-07,,,,,False
2013-05-08,,,,,False
2013-05-09,,,,,False
2013-05-10,,,,,False
2013-05-13,,,,,False
2013-05-14,,,,,False
2013-05-15,,,,,False
2013-05-16,,,,,False
2013-05-17,,,,,False
2013-05-20,,,,,False
2013-05-21,,,,,False
2013-05-22,,,,,False
2013-05-23,,,,,False
2013-05-24,,,,,False
2013-05-27,,,,,False
2013-05-28,,,,,False
2013-05-29,,,,,False
2013-05-30,,,,,False
2013-05-31,,,,,False
2013-06-03,,,,,False
2013-06-04,,,,,False
2013-06-05,,,,,False
2013-06-06,,,,,False
2013-06-07,,,,,False
2013-06-10,,,,,False
2013-06-11,,,,,False
2013-06-12,,,,,False
2013-06-13,,,,,False
2013-06-14,,,,,False
2013-06-17,,,,,False
2013-06-18,,,,,False
2013-06-19,,,,,False
2013-06-20,,,,,False
2013-06-21,,,,,False
2013-06-24,,,,,False
2013-06-25,,,,,False
2013-06-26,,,,,False
2013-06-27,,,,,False
2013-06-28,,,,,False
2013-07-01,,,,,False
2013-07-02,,,,,False
2013-07-03,,,,,False
2013-07-04,,,,,False
2013-07-05,,,,,False
2013-07-08,,,,,False
2013-07-09,,,,,False
2013-07-10,,,,,False
2013-07-11,,,,,False
2013-07-12,,,,,False
2013-07-15,,,,,False
2013-07-16,,,,,False
2013-07-17,,,,,False
2013-07-18,,,,,False
2013-07-19,,,,,False
2013-07-22,,,,,False
2013-07-23,,,,,False
2013-07-24,,,,,False
2013-07-25,,,,,False
2013-07-26,,,,,False
2013-07-29,,,,,False
2013-07-30,,,,,False
2013-07-31,,,,,False
2013-08-01,,,,,False
2013-08-02,,,,,False
2013-08-05,,,,,False
2013-08-06,,,,,False
2013-08-07,,,,,False
2013-08-08,,,,,False
2013-08-09,,,,,False
2013-08-12,,,,,False
2013-08-13,,,,,False
2013-08-14,,,,,False
2013-08-15,,,,,False
2013-08-16,,,,,False
2013-08-19,,,,,False
2013-08-20,,,,,False
2013-08-21,,,,,False
2013-08-22,,,,,False
2013-08-23,,,,,False
2013-08-26,,,,,False
2013-08-27,,,,,False
2013-08-28,,,,,False
2013-08-29,,,,,False
2013-08-30,,,,,False
2013-09-02,,,,,False
2013-09-03,,,,,False
2013-09-04,,,,,False
2013-09-05,,,,,False
2013-09-06,,,,,False
2013-09-09,,,,,False
2013-09-10,,,,,False
2013-09-11,,,,,False
2013-09-12,,,,,False
2013-09-13,,,,,False
2013-09-16,,,,,False
2013-09-17,,,,,False
2013-09-18,,,,,False
2013-09-19,,,,,False
2013-09-20,,,,,False
2013-09-23,,,,,False
2013-09-24,,,,,False
2013-09-25,,,,,False
2013-09-26,,,,,False
2013-09-27,,,,,False
2013-09-30,,,,,False
2013-10-01,,,,,False
2013-10-02,,,,,False
2013-10-03,,,,,False
2013-10-04,,,,,False
2013-10-07,,,,,False
2013-10-08,,,,,False
2013-10-09,,,,,False
2013-10-10,,,,,False
2013-10-11,,,,,False
2013-10-14,,,,,False
2013-10-15,,,,,False
2013-10-16,,,,,False
2013-10-17,,,,,False
2013-10-18,,,,,False
2013-10-21,,,,,False
2013-10-22,,,,,False
2013-10-23,,,,,False
2013-10-24,,,,,False
2013-10-25,,,,,False
2013-10-28,,,,,False
2013-10-29,,,,,False
2013-10-30,,,,,False
2013-10-31,,,,,False
2013-11-01,,,,,False
2013-11-04,0.5020388960838318,0.5020388960838318,0.0,0.0,False
2013-11-05,0.5140403509140015,0.5140403509140015,0.0,0.0,False
2013-11-06,0.47696202993392944,0.47696202993392944,0.0,0.0,False
2013-11-07,0.4465034306049347,0.4465034306049347,0.0,0.0,False
2013-11-08,0.4492143392562866,0.4492143392562866,0.0,0.0,False
2013-11-11,0.4981127977371216,0.4981127977371216,0.0,0.0,False
2013-11-12,0.4549049735069275,0.4549049735069275,0.0,0.0,False
2013-11-13,0.583360493183136,0.583360493183136,0.0,0.0,False
2013-11-14,0.4376387894153595,0.4376387894153595,0.0,0.0,False
2013-11-15,0.44468966126441956,0.44468966126441956,0.0,0.0,False
2013-11-18,0.48866379261016846,0.48866379261016846,0.0,0.0,False
2013-11-19,0.4662773907184601,0.4662773907184601,0.0,0.0,False
2013-11-20,0.45409393310546875,0.45409393310546875,0.0,0.0,False
2013-11-21,0.39938703179359436,0.39938703179359436,0.0,0.0,False
2013-11-22,0.3988536298274994,0.3988536298274994,0.0,0.0,False
2013-11-25,0.36694931983947754,0.36694931983947754,0.0,0.0,False
2013-11-26,0.3361607491970062,0.3361607491970062,0.0,0.0,False
2013-11-27,0.5461816787719727,0.5461816787719727,0.0,0.0,False
2013-11-28,0.510436475276947,0.510436475276947,0.0,0.0,False
2013-11-29,0.5861948728561401,0.5861948728561401,0.0,0.0,False
2013-12-02,0.4795791208744049,0.4795791208744049,0.0,0.0,False
2013-12-03,0.5792248845100403,0.5792248845100403,0.0,0.0,False
2013-12-04,0.6332479119300842,0.6332479119300842,0.0,1.0,False
2013-12-05,0.6272928714752197,0.6272928714752197,0.0,1.0,False
2013-12-06,0.5226233005523682,0.5226233005523682,0.0,0.0,False
2013-12-09,0.4584138095378876,0.4584138095378876,0.0,0.0,False
2013-12-10,0.5264529585838318,0.5264529585838318,0.0,0.0,False
2013-12-11,0.6000663638114929,0.6000663638114929,0.0,1.0,False
2013-12-12,0.4739935100078583,0.4739935100078583,0.0,0.0,False
2013-12-13,0.4892396628856659,0.4892396628856659,0.0,0.0,False
2013-12-16,0.47509706020355225,0.47509706020355225,0.0,0.0,False
2013-12-17,0.6030142307281494,0.6030142307281494,0.0,1.0,False
2013-12-18,0.37452125549316406,0.37452125549316406,0.0,0.0,False
2013-12-19,0.5105138421058655,0.5105138421058655,0.0,0.0,False
2013-12-20,0.6446961164474487,0.6446961164474487,0.0,1.0,False
2013-12-23,0.71785968542099,0.71785968542099,0.0,1.0,False
2013-12-24,0.6088616847991943,0.6088616847991943,0.0,1.0,False
2013-12-25,0.8455355167388916,0.8455355167388916,0.0,1.0,False
2013-12-26,0.8376591205596924,0.8376591205596924,0.0,1.0,False
2013-12-27,0.7245191931724548,0.7245191931724548,0.0,1.0,False
2013-12-30,0.5837946534156799,0.5837946534156799,0.0,0.0,False
2013-12-31,0.657701849937439,0.657701849937439,0.0,1.0,False
2014-01-01,0.7418550848960876,0.7418550848960876,0.0,1.0,False
2014-01-02,0.7397400140762329,0.7397400140762329,0.0,1.0,False
2014-01-03,0.7730110883712769,0.7730110883712769,0.0,1.0,False
2014-01-06,0.546272873878479,0.546272873878479,0.0,0.0,False
2014-01-07,0.48699286580085754,0.48699286580085754,0.0,0.0,False
2014-01-08,0.7079638242721558,0.7079638242721558,0.0,1.0,False
2014-01-09,0.6503598690032959,0.6503598690032959,0.0,1.0,False
2014-01-10,0.4697694778442383,0.4697694778442383,0.0,0.0,False
2014-01-13,0.3707391619682312,0.3707391619682312,0.0,0.0,False
2014-01-14,0.3685142695903778,0.3685142695903778,0.0,0.0,False
2014-01-15,0.35404476523399353,0.35404476523399353,0.0,0.0,False
2014-01-16,0.3686349093914032,0.3686349093914032,0.0,0.0,False
2014-01-17,0.5778169631958008,0.5778169631958008,0.0,0.0,False
2014-01-20,0.5435793399810791,0.5435793399810791,0.0,0.0,False
2014-01-21,0.7101065516471863,0.7101065516471863,0.0,1.0,False
2014-01-22,0.6809105277061462,0.6809105277061462,0.0,1.0,False
2014-01-23,0.5287113189697266,0.5287113189697266,0.0,0.0,False
2014-01-24,0.505693793296814,0.505693793296814,0.0,0.0,False
2014-01-27,0.5968435406684875,0.5968435406684875,0.0,0.0,False
2014-01-28,0.6911249756813049,0.6911249756813049,0.0,1.0,False
2014-01-29,0.4841996431350708,0.4841996431350708,0.0,0.0,False
2014-01-30,0.5931618809700012,0.5931618809700012,0.0,0.0,False
2014-01-31,0.6596564650535583,0.6596564650535583,0.0,1.0,False
2014-02-03,0.4711456596851349,0.4711456596851349,0.0,0.0,False
2014-02-04,0.7224997282028198,0.7224997282028198,0.0,1.0,False
2014-02-05,0.8120039105415344,0.8120039105415344,0.0,1.0,False
2014-02-06,0.7185356616973877,0.7185356616973877,0.0,1.0,False
2014-02-07,0.8496336340904236,0.8496336340904236,0.0,1.0,False
2014-02-10,0.8117545247077942,0.8117545247077942,0.0,1.0,False
2014-02-11,0.6209150552749634,0.6209150552749634,0.0,1.0,False
2014-02-12,0.712607204914093,0.712607204914093,0.0,1.0,False
2014-02-13,0.6860962510108948,0.6860962510108948,0.0,1.0,False
2014-02-14,0.7957286238670349,0.7957286238670349,0.0,1.0,False
2014-02-17,0.7987684011459351,0.7987684011459351,0.0,1.0,False
2014-02-18,0.8005126714706421,0.8005126714706421,0.0,1.0,False
2014-02-19,0.8682085871696472,0.8682085871696472,0.0,1.0,False
2014-02-20,0.8221966028213501,0.8221966028213501,0.0,0.8902712510725868,False
2014-02-21,0.5504565238952637,0.5504565238952637,0.0,0.0,False
2014-02-24,0.6598175764083862,0.6598175764083862,0.0,0.8969061135660548,False
2014-02-25,0.6918402314186096,0.6918402314186096,0.0,0.8969061135660548,False
2014-02-26,0.713935136795044,0.713935136795044,0.0,0.8969061135660548,False
2014-02-27,0.7757523655891418,0.7757523655891418,0.0,0.8969061135660548,False
2014-02-28,0.7562399506568909,0.7562399506568909,0.0,0.8969061135660548,False
2014-03-03,0.6557302474975586,0.6557302474975586,0.0,1.0,False
2014-03-04,0.558100163936615,0.558100163936615,0.0,0.0,False
2014-03-05,0.7110157608985901,0.7110157608985901,0.0,1.0,False
2014-03-06,0.6085038781166077,0.6085038781166077,0.0,1.0,False
2014-03-07,0.8550409078598022,0.8550409078598022,0.0,1.0,False
2014-03-10,0.7846251726150513,0.7846251726150513,0.0,1.0,False
2014-03-11,0.6744016408920288,0.6744016408920288,0.0,1.0,False
2014-03-12,0.6401339173316956,0.6401339173316956,0.0,1.0,False
2014-03-13,0.7110700011253357,0.7110700011253357,0.0,1.0,False
2014-03-14,0.7474161982536316,0.7474161982536316,0.0,1.0,False
2014-03-17,0.4769740700721741,0.4769740700721741,0.0,0.0,False
2014-03-18,0.6164757013320923,0.6164757013320923,0.0,1.0,False
2014-03-19,0.27068158984184265,0.27068158984184265,0.0,0.0,False
2014-03-20,0.7496368885040283,0.7496368885040283,0.0,1.0,False
2014-03-21,0.5511733889579773,0.5511733889579773,0.0,0.0,False
2014-03-24,0.6531298756599426,0.6531298756599426,0.0,1.0,False
2014-03-25,0.6376897096633911,0.6376897096633911,0.0,1.0,False
2014-03-26,0.5923777222633362,0.5923777222633362,0.0,0.0,False
2014-03-27,0.7917240858078003,0.7917240858078003,0.0,1.0,False
2014-03-28,0.6516977548599243,0.6516977548599243,0.0,1.0,False
2014-03-31,0.441183477640152,0.441183477640152,0.0,0.0,False
2014-04-01,0.6760456562042236,0.6760456562042236,0.0,1.0,False
2014-04-02,0.6223800778388977,0.6223800778388977,0.0,1.0,False
2014-04-03,0.6363837122917175,0.6363837122917175,0.0,1.0,False
2014-04-04,0.7658692598342896,0.7658692598342896,0.0,1.0,False
2014-04-07,0.6043248176574707,0.6043248176574707,0.0,1.0,False
2014-04-08,0.5998685359954834,0.5998685359954834,0.0,0.0,False
2014-04-09,0.6896882653236389,0.6896882653236389,0.0,1.0,False
2014-04-10,0.7449650764465332,0.7449650764465332,0.0,1.0,False
2014-04-11,0.8614227771759033,0.8614227771759033,0.0,1.0,False
2014-04-14,0.8436663150787354,0.8436663150787354,0.0,1.0,False
2014-04-15,0.5619208216667175,0.5619208216667175,0.0,0.0,False
2014-04-16,0.5487580895423889,0.5487580895423889,0.0,0.0,False
2014-04-17,0.34705913066864014,0.34705913066864014,0.0,0.0,False
2014-04-18,0.5286392569541931,0.5286392569541931,0.0,0.0,False
2014-04-21,0.6098340153694153,0.6098340153694153,0.0,1.0,False
2014-04-22,0.6396508812904358,0.6396508812904358,0.0,1.0,False
2014-04-23,0.6671329140663147,0.6671329140663147,0.0,1.0,False
2014-04-24,0.6486208438873291,0.6486208438873291,0.0,1.0,False
2014-04-25,0.3212803602218628,0.3212803602218628,0.0,0.0,False
2014-04-28,0.5708566904067993,0.5708566904067993,0.0,0.0,False
2014-04-29,0.6717463135719299,0.6717463135719299,0.0,1.0,False
2014-04-30,0.7002572417259216,0.7002572417259216,0.0,1.0,False
2014-05-01,0.824716329574585,0.824716329574585,0.0,1.0,False
2014-05-02,0.6101393103599548,0.6101393103599548,0.0,1.0,False
2014-05-05,0.6245577931404114,0.6245577931404114,0.0,1.0,False
2014-05-06,0.649350643157959,0.649350643157959,0.0,1.0,False
2014-05-07,0.41092824935913086,0.41092824935913086,0.0,0.0,False
2014-05-08,0.4441567361354828,0.4441567361354828,0.0,0.0,False
2014-05-09,0.5781591534614563,0.5781591534614563,0.0,0.0,False
2014-05-12,0.535400390625,0.535400390625,0.0,0.0,False
2014-05-13,0.6835246682167053,0.6835246682167053,0.0,1.0,False
2014-05-14,0.6710497736930847,0.6710497736930847,0.0,1.0,False
2014-05-15,0.6202290654182434,0.6202290654182434,0.0,1.0,False
2014-05-16,0.5427529215812683,0.5427529215812683,0.0,0.0,False
2014-05-19,0.4801408350467682,0.4801408350467682,0.0,0.0,False
2014-05-20,0.3141520917415619,0.3141520917415619,0.0,0.0,False
2014-05-21,0.4409227967262268,0.4409227967262268,0.0,0.0,False
2014-05-22,0.29967403411865234,0.29967403411865234,0.0,0.0,False
2014-05-23,0.45148754119873047,0.45148754119873047,0.0,0.0,False
2014-05-26,0.5470656752586365,0.5470656752586365,0.0,0.0,False
2014-05-27,0.5615139603614807,0.5615139603614807,0.0,0.0,False
2014-05-28,0.5210879445075989,0.5210879445075989,0.0,0.0,False
2014-05-29,0.5599108338356018,0.5599108338356018,0.0,0.0,False
2014-05-30,0.2602282762527466,0.2602282762527466,0.0,0.0,False
2014-06-02,0.37243974208831787,0.37243974208831787,0.0,0.0,False
2014-06-03,0.38666194677352905,0.38666194677352905,0.0,0.0,False
2014-06-04,0.36088618636131287,0.36088618636131287,0.0,0.0,False
2014-06-05,0.29607048630714417,0.29607048630714417,0.0,0.0,False
2014-06-06,0.42636838555336,0.42636838555336,0.0,0.0,False
2014-06-09,0.47348570823669434,0.47348570823669434,0.0,0.0,False
2014-06-10,0.3832973539829254,0.3832973539829254,0.0,0.0,False
2014-06-11,0.4797043800354004,0.4797043800354004,0.0,0.0,False
2014-06-12,0.407824844121933,0.407824844121933,0.0,0.0,False
2014-06-13,0.5518829226493835,0.5518829226493835,0.0,0.0,False
2014-06-16,0.6763448119163513,0.6763448119163513,0.0,1.0,False
2014-06-17,0.712984025478363,0.712984025478363,0.0,1.0,False
2014-06-18,0.7060320377349854,0.7060320377349854,0.0,1.0,False
2014-06-19,0.5324092507362366,0.5324092507362366,0.0,0.0,False
2014-06-20,0.5980656743049622,0.5980656743049622,0.0,0.0,False
2014-06-23,0.6844832897186279,0.6844832897186279,0.0,1.0,False
2014-06-24,0.605392575263977,0.605392575263977,0.0,1.0,False
2014-06-25,0.6982457041740417,0.6982457041740417,0.0,1.0,False
2014-06-26,0.7236230969429016,0.7236230969429016,0.0,1.0,False
2014-06-27,0.5269268751144409,0.5269268751144409,0.0,0.0,False
2014-06-30,0.44884413480758667,0.44884413480758667,0.0,0.0,False
2014-07-01,0.5176546573638916,0.5176546573638916,0.0,0.0,False
2014-07-02,0.4543510973453522,0.4543510973453522,0.0,0.0,False
2014-07-03,0.5313388109207153,0.5313388109207153,0.0,0.0,False
2014-07-04,0.5570788979530334,0.5570788979530334,0.0,0.0,False
2014-07-07,0.54099440574646,0.54099440574646,0.0,0.0,False
2014-07-08,0.2775968015193939,0.2775968015193939,0.0,0.0,False
2014-07-09,0.4867926836013794,0.4867926836013794,0.0,0.0,False
2014-07-10,0.5468181371688843,0.5468181371688843,0.0,0.0,False
2014-07-11,0.6069381833076477,0.6069381833076477,0.0,1.0,False
2014-07-14,0.3959391415119171,0.3959391415119171,0.0,0.0,False
2014-07-15,0.34157389402389526,0.34157389402389526,0.0,0.0,False
2014-07-16,0.5456608533859253,0.5456608533859253,0.0,0.0,False
2014-07-17,0.5526376366615295,0.5526376366615295,0.0,0.0,False
2014-07-18,0.5529705882072449,0.5529705882072449,0.0,0.0,False
2014-07-21,0.37827354669570923,0.37827354669570923,0.0,0.0,False
2014-07-22,0.37128525972366333,0.37128525972366333,0.0,0.0,False
2014-07-23,0.4931464195251465,0.4931464195251465,0.0,0.0,False
2014-07-24,0.694771409034729,0.694771409034729,0.0,1.0,False
2014-07-25,0.627829372882843,0.627829372882843,0.0,1.0,False
2014-07-28,0.6994268894195557,0.6994268894195557,0.0,1.0,False
2014-07-29,0.4046764373779297,0.4046764373779297,0.0,0.0,False
2014-07-30,0.6709941029548645,0.6709941029548645,0.0,1.0,False
2014-07-31,0.6156982183456421,0.6156982183456421,0.0,1.0,False
2014-08-01,0.39434871077537537,0.39434871077537537,0.0,0.0,False
2014-08-04,0.591855525970459,0.591855525970459,0.0,0.0,False
2014-08-05,0.5890759229660034,0.5890759229660034,0.0,0.0,False
2014-08-06,0.5766814351081848,0.5766814351081848,0.0,0.0,False
2014-08-07,0.6509087085723877,0.6509087085723877,0.0,1.0,False
2014-08-08,0.46645545959472656,0.46645545959472656,0.0,0.0,False
2014-08-11,0.5686207413673401,0.5686207413673401,0.0,0.0,False
2014-08-12,0.6783196926116943,0.6783196926116943,0.0,1.0,False
2014-08-13,0.6475836038589478,0.6475836038589478,0.0,1.0,False
2014-08-14,0.5477043986320496,0.5477043986320496,0.0,0.0,False
2014-08-15,0.6403824687004089,0.6403824687004089,0.0,1.0,False
2014-08-18,0.6837407946586609,0.6837407946586609,0.0,1.0,False
2014-08-19,0.498464971780777,0.498464971780777,0.0,0.0,False
2014-08-20,0.6147220730781555,0.6147220730781555,0.0,1.0,False
2014-08-21,0.44148415327072144,0.44148415327072144,0.0,0.0,False
2014-08-22,0.4577406346797943,0.4577406346797943,0.0,0.0,False
2014-08-25,0.35560381412506104,0.35560381412506104,0.0,0.0,False
2014-08-26,0.712543249130249,0.712543249130249,0.0,1.0,False
2014-08-27,0.831274151802063,0.831274151802063,0.0,1.0,False
2014-08-28,0.7702638506889343,0.7702638506889343,0.0,1.0,False
2014-08-29,0.4495793282985687,0.4495793282985687,0.0,0.0,False
2014-09-01,0.27017244696617126,0.27017244696617126,0.0,0.0,False
2014-09-02,0.37941741943359375,0.37941741943359375,0.0,0.0,False
2014-09-03,0.4567102789878845,0.4567102789878845,0.0,0.0,False
2014-09-04,0.39900273084640503,0.39900273084640503,0.0,0.0,False
2014-09-05,0.6655505895614624,0.6655505895614624,0.0,1.0,False
2014-09-08,0.5552483201026917,0.5552483201026917,0.0,0.0,False
2014-09-09,0.4234934449195862,0.4234934449195862,0.0,0.0,False
2014-09-10,0.5935869812965393,0.5935869812965393,0.0,0.0,False
2014-09-11,0.5403800010681152,0.5403800010681152,0.0,0.0,False
2014-09-12,0.44508764147758484,0.44508764147758484,0.0,0.0,False
2014-09-15,0.40156546235084534,0.40156546235084534,0.0,0.0,False
2014-09-16,0.5243474841117859,0.5243474841117859,0.0,0.0,False
2014-09-17,0.6362193822860718,0.6362193822860718,0.0,1.0,False
2014-09-18,0.5577327609062195,0.5577327609062195,0.0,0.0,False
2014-09-19,0.6032614707946777,0.6032614707946777,0.0,1.0,False
2014-09-22,0.5820010304450989,0.5820010304450989,0.0,0.0,False
2014-09-23,0.5392355918884277,0.5392355918884277,0.0,0.0,False
2014-09-24,0.5289897918701172,0.5289897918701172,0.0,0.0,False
2014-09-25,0.5937561392784119,0.5937561392784119,0.0,0.0,False
2014-09-26,0.5923621654510498,0.5923621654510498,0.0,0.0,False
2014-09-29,0.7122027277946472,0.7122027277946472,0.0,1.0,False
2014-09-30,0.6470351219177246,0.6470351219177246,0.0,1.0,False
2014-10-01,0.6922483444213867,0.6922483444213867,0.0,1.0,False
2014-10-02,0.7613856792449951,0.7613856792449951,0.0,1.0,False
2014-10-03,0.6421522498130798,0.6421522498130798,0.0,1.0,False
2014-10-06,0.5441005229949951,0.5441005229949951,0.0,0.0,False
2014-10-07,0.4440177083015442,0.4440177083015442,0.0,0.0,False
2014-10-08,0.6211866736412048,0.6211866736412048,0.0,1.0,False
2014-10-09,0.327059805393219,0.327059805393219,0.0,0.0,False
2014-10-10,0.33676859736442566,0.33676859736442566,0.0,0.0,False
2014-10-13,0.49927133321762085,0.49927133321762085,0.0,0.0,False
2014-10-14,0.587842583656311,0.587842583656311,0.0,0.0,False
2014-10-15,0.5612314939498901,0.5612314939498901,0.0,0.0,False
2014-10-16,0.4784802794456482,0.4784802794456482,0.0,0.0,False
2014-10-17,0.6288868188858032,0.6288868188858032,0.0,1.0,False
2014-10-20,0.6452184319496155,0.6452184319496155,0.0,1.0,False
2014-10-21,0.6714677214622498,0.6714677214622498,0.0,1.0,False
2014-10-22,0.6615684032440186,0.6615684032440186,0.0,1.0,False
2014-10-23,0.5386695861816406,0.5386695861816406,0.0,0.0,False
2014-10-24,0.6464906334877014,0.6464906334877014,0.0,1.0,False
2014-10-27,0.4757451117038727,0.4757451117038727,0.0,0.0,False
2014-10-28,0.5558169484138489,0.5558169484138489,0.0,0.0,False
2014-10-29,0.6510629653930664,0.6510629653930664,0.0,1.0,False
2014-10-30,0.549155592918396,0.549155592918396,0.0,0.0,False
2014-10-31,0.4291267693042755,0.4291267693042755,0.0,0.0,False
2014-11-03,0.4749108552932739,0.4749108552932739,0.0,0.0,False
2014-11-04,0.4839363992214203,0.4839363992214203,0.0,0.0,False
2014-11-05,0.49125900864601135,0.49125900864601135,0.0,0.0,False
2014-11-06,0.5441262722015381,0.5441262722015381,0.0,0.0,False
2014-11-07,0.7159194946289062,0.7159194946289062,0.0,1.0,False
2014-11-10,0.507240891456604,0.507240891456604,0.0,0.0,False
2014-11-11,0.6175593137741089,0.6175593137741089,0.0,1.0,False
2014-11-12,0.5309203863143921,0.5309203863143921,0.0,0.0,False
2014-11-13,0.4475030303001404,0.4475030303001404,0.0,0.0,False
2014-11-14,0.45744988322257996,0.45744988322257996,0.0,0.0,False
2014-11-17,0.5904807448387146,0.5904807448387146,0.0,0.0,False
2014-11-18,0.5362487435340881,0.5362487435340881,0.0,0.0,False
2014-11-19,0.49468597769737244,0.49468597769737244,0.0,0.0,False
2014-11-20,0.5788302421569824,0.5788302421569824,0.0,0.0,False
2014-11-21,0.6463104486465454,0.6463104486465454,0.0,1.0,False
2014-11-24,0.5873495936393738,0.5873495936393738,0.0,0.0,False
2014-11-25,0.39920639991760254,0.39920639991760254,0.0,0.0,False
2014-11-26,0.37843847274780273,0.37843847274780273,0.0,0.0,False
2014-11-27,0.35555267333984375,0.35555267333984375,0.0,0.0,False
2014-11-28,0.511314332485199,0.511314332485199,0.0,0.0,False
2014-12-01,0.4286455810070038,0.4286455810070038,0.0,0.0,False
2014-12-02,0.538423478603363,0.538423478603363,0.0,0.0,False
2014-12-03,0.5201229453086853,0.5201229453086853,0.0,0.0,False
2014-12-04,0.6177815198898315,0.6177815198898315,0.0,1.0,False
2014-12-05,0.6009601354598999,0.6009601354598999,0.0,1.0,False
2014-12-08,0.4202905595302582,0.4202905595302582,0.0,0.0,False
2014-12-09,0.5150160789489746,0.5150160789489746,0.0,0.0,False
2014-12-10,0.6998358964920044,0.6998358964920044,0.0,1.0,False
2014-12-11,0.5161398649215698,0.5161398649215698,0.0,0.0,False
2014-12-12,0.6497430801391602,0.6497430801391602,0.0,1.0,False
2014-12-15,0.5620703101158142,0.5620703101158142,0.0,0.0,False
2014-12-16,0.5474780201911926,0.5474780201911926,0.0,0.0,False
2014-12-17,0.46889591217041016,0.46889591217041016,0.0,0.0,False
2014-12-18,0.6209139823913574,0.6209139823913574,0.0,1.0,False
2014-12-19,0.4943141043186188,0.4943141043186188,0.0,0.0,False
2014-12-22,0.4805205762386322,0.4805205762386322,0.0,0.0,False
2014-12-23,0.44207918643951416,0.44207918643951416,0.0,0.0,False
2014-12-24,0.6316549777984619,0.6316549777984619,0.0,1.0,False
2014-12-25,0.5935962796211243,0.5935962796211243,0.0,0.0,False
2014-12-26,0.6601129770278931,0.6601129770278931,0.0,0.8377880776702511,False
2014-12-29,0.685495138168335,0.685495138168335,0.0,0.8377880776702511,False
2014-12-30,0.659356415271759,0.659356415271759,1.0,0.0,False
2014-12-31,0.6037463545799255,0.6037463545799255,1.0,0.0,False
2015-01-01,0.6184055209159851,0.6184055209159851,1.0,0.0,False
2015-01-02,0.6682109236717224,0.6682109236717224,1.0,0.0,False
2015-01-05,0.5796007513999939,0.5796007513999939,1.0,0.0,False
2015-01-06,0.5938708782196045,0.5938708782196045,1.0,0.0,False
2015-01-07,0.44656431674957275,0.44656431674957275,1.0,0.0,False
2015-01-08,0.3245660662651062,0.3245660662651062,1.0,0.0,False
2015-01-09,0.43813028931617737,0.43813028931617737,0.0,0.0,False
2015-01-12,0.38194140791893005,0.38194140791893005,0.0,0.0,False
2015-01-13,0.4434254765510559,0.4434254765510559,0.0,0.0,False
2015-01-14,0.4339921474456787,0.4339921474456787,0.0,0.0,False
2015-01-15,0.5520091652870178,0.5520091652870178,0.0,0.0,False
2015-01-16,0.4773363173007965,0.4773363173007965,0.0,0.0,False
2015-01-19,0.4683576226234436,0.4683576226234436,0.0,0.0,False
2015-01-20,0.4835832417011261,0.4835832417011261,0.0,0.0,False
2015-01-21,0.5255959033966064,0.5255959033966064,0.0,0.0,False
2015-01-22,0.5667299628257751,0.5667299628257751,0.0,0.0,False
2015-01-23,0.44172027707099915,0.44172027707099915,0.0,0.0,False
2015-01-26,0.5156875848770142,0.5156875848770142,0.0,0.0,False
2015-01-27,0.4821926951408386,0.4821926951408386,0.0,0.0,False
2015-01-28,0.5521767139434814,0.5521767139434814,0.0,0.0,False
2015-01-29,0.4709802269935608,0.4709802269935608,0.0,0.0,False
2015-01-30,0.6027470827102661,0.6027470827102661,0.0,1.0,False
2015-02-02,0.5662018656730652,0.5662018656730652,0.0,0.0,False
2015-02-03,0.5133622884750366,0.5133622884750366,0.0,0.0,False
2015-02-04,0.4916969835758209,0.4916969835758209,0.0,0.0,False
2015-02-05,0.39895346760749817,0.39895346760749817,0.0,0.0,False
2015-02-06,0.5779053568840027,0.5779053568840027,0.0,0.0,False
2015-02-09,0.6273660659790039,0.6273660659790039,0.0,1.0,False
2015-02-10,0.5774402022361755,0.5774402022361755,0.0,0.0,False
2015-02-11,0.4408874213695526,0.4408874213695526,0.0,0.0,False
2015-02-12,0.5947363972663879,0.5947363972663879,0.0,0.0,False
2015-02-13,0.4538717269897461,0.4538717269897461,0.0,0.0,False
2015-02-16,0.4760347306728363,0.4760347306728363,0.0,0.0,False
2015-02-17,0.6207099556922913,0.6207099556922913,0.0,1.0,False
2015-02-18,0.7123793959617615,0.7123793959617615,0.0,1.0,False
2015-02-19,0.5552313923835754,0.5552313923835754,0.0,0.0,False
2015-02-20,0.6586930751800537,0.6586930751800537,0.0,1.0,False
2015-02-23,0.4606122672557831,0.4606122672557831,0.0,0.0,False
2015-02-24,0.5154578685760498,0.5154578685760498,0.0,0.0,False
2015-02-25,0.5789664387702942,0.5789664387702942,0.0,0.0,False
2015-02-26,0.5979090929031372,0.5979090929031372,0.0,0.0,False
2015-02-27,0.548807680606842,0.548807680606842,0.0,0.0,False
2015-03-02,0.5774298310279846,0.5774298310279846,0.0,0.0,False
2015-03-03,0.5804402828216553,0.5804402828216553,0.0,0.0,False
2015-03-04,0.6869664788246155,0.6869664788246155,0.0,1.0,False
2015-03-05,0.49972406029701233,0.49972406029701233,0.0,0.0,False
2015-03-06,0.6352856755256653,0.6352856755256653,0.0,1.0,False
2015-03-09,0.4204704761505127,0.4204704761505127,0.0,0.0,False
2015-03-10,0.5204377770423889,0.5204377770423889,0.0,0.0,False
2015-03-11,0.5969105362892151,0.5969105362892151,0.0,0.0,False
2015-03-12,0.4603736400604248,0.4603736400604248,0.0,0.0,False
2015-03-13,0.5227887034416199,0.5227887034416199,0.0,0.0,False
2015-03-16,0.41859573125839233,0.41859573125839233,0.0,0.0,False
2015-03-17,0.5746738314628601,0.5746738314628601,0.0,0.0,False
2015-03-18,0.5834890007972717,0.5834890007972717,0.0,0.0,False
2015-03-19,0.6105730533599854,0.6105730533599854,0.0,1.0,False
2015-03-20,0.5256298780441284,0.5256298780441284,0.0,0.0,False
2015-03-23,0.4939033091068268,0.4939033091068268,0.0,0.0,False
2015-03-24,0.5539141893386841,0.5539141893386841,0.0,0.0,False
2015-03-25,0.5031099319458008,0.5031099319458008,0.0,0.0,False
2015-03-26,0.45059093832969666,0.45059093832969666,0.0,0.0,False
2015-03-27,0.4969952702522278,0.4969952702522278,0.0,0.0,False
2015-03-30,0.5687114000320435,0.5687114000320435,0.0,0.0,False
2015-03-31,0.56356281042099,0.56356281042099,0.0,0.0,False
2015-04-01,0.5307602286338806,0.5307602286338806,0.0,0.0,False
2015-04-02,0.5044004917144775,0.5044004917144775,0.0,0.0,False
2015-04-03,0.6119626760482788,0.6119626760482788,0.0,1.0,False
2015-04-06,0.5558028221130371,0.5558028221130371,0.0,0.0,False
2015-04-07,0.6379208564758301,0.6379208564758301,0.0,1.0,False
2015-04-08,0.5037569403648376,0.5037569403648376,0.0,0.0,False
2015-04-09,0.44328802824020386,0.44328802824020386,0.0,0.0,False
2015-04-10,0.6698926687240601,0.6698926687240601,0.0,1.0,False
2015-04-13,0.6011867523193359,0.6011867523193359,0.0,1.0,False
2015-04-14,0.5095505118370056,0.5095505118370056,0.0,0.0,False
2015-04-15,0.46522778272628784,0.46522778272628784,0.0,0.0,False
2015-04-16,0.6398884057998657,0.6398884057998657,0.0,1.0,False
2015-04-17,0.4812392294406891,0.4812392294406891,0.0,0.0,False
2015-04-20,0.6014113426208496,0.6014113426208496,0.0,1.0,False
2015-04-21,0.7242546677589417,0.7242546677589417,1.0,0.0,False
2015-04-22,0.7879395484924316,0.7879395484924316,1.0,0.0,False
2015-04-23,0.7081999778747559,0.7081999778747559,1.0,0.0,False
2015-04-24,0.6939996480941772,0.6939996480941772,1.0,0.0,False
2015-04-27,0.7832232713699341,0.7832232713699341,1.0,0.0,False
2015-04-28,0.6615264415740967,0.6615264415740967,1.0,0.0,False
2015-04-29,0.6331266760826111,0.6331266760826111,1.0,0.0,False
2015-04-30,0.5100606679916382,0.5100606679916382,1.0,0.0,False
2015-05-01,0.6501033902168274,0.6501033902168274,0.0,0.957441200528633,False
2015-05-04,0.533473551273346,0.533473551273346,1.0,0.0,False
2015-05-05,0.6682716608047485,0.6682716608047485,1.0,0.0,False
2015-05-06,0.7832915186882019,0.7832915186882019,1.0,0.0,False
2015-05-07,0.6835394501686096,0.6835394501686096,1.0,0.0,False
2015-05-08,0.6475525498390198,0.6475525498390198,1.0,0.0,False
2015-05-11,0.7404371500015259,0.7404371500015259,1.0,0.0,False
2015-05-12,0.7018545866012573,0.7018545866012573,1.0,0.0,False
2015-05-13,0.786289632320404,0.786289632320404,1.0,0.0,False
2015-05-14,0.7760433554649353,0.7760433554649353,1.0,0.0,False
2015-05-15,0.6060732007026672,0.6060732007026672,1.0,0.0,False
2015-05-18,0.7399501204490662,0.7399501204490662,1.0,0.0,False
2015-05-19,0.6687711477279663,0.6687711477279663,1.0,0.0,False
2015-05-20,0.6236047148704529,0.6236047148704529,1.0,0.0,False
2015-05-21,0.525409460067749,0.525409460067749,1.0,0.0,False
2015-05-22,0.6431646943092346,0.6431646943092346,1.0,0.0,False
2015-05-25,0.6913524866104126,0.6913524866104126,1.0,0.0,False
2015-05-26,0.6798169612884521,0.6798169612884521,1.0,0.0,False
2015-05-27,0.6307603716850281,0.6307603716850281,1.0,0.0,False
2015-05-28,0.5244244337081909,0.5244244337081909,1.0,0.0,False
2015-05-29,0.5513360500335693,0.5513360500335693,1.0,0.0,False
2015-06-01,0.5548363327980042,0.5548363327980042,0.0,0.0,False
2015-06-02,0.6062262654304504,0.6062262654304504,0.0,1.0,False
2015-06-03,0.6240072250366211,0.6240072250366211,0.0,1.0,False
2015-06-04,0.6024322509765625,0.6024322509765625,1.0,0.0,False
2015-06-05,0.48151546716690063,0.48151546716690063,1.0,0.0,False
2015-06-08,0.7052737474441528,0.7052737474441528,0.0,1.0,False
2015-06-09,0.58545982837677,0.58545982837677,0.0,0.0,False
2015-06-10,0.6529403924942017,0.6529403924942017,0.0,1.0,False
2015-06-11,0.4052093029022217,0.4052093029022217,1.0,0.0,False
2015-06-12,0.5690721273422241,0.5690721273422241,1.0,0.0,False
2015-06-15,0.6024338603019714,0.6024338603019714,0.0,1.0,False
2015-06-16,0.38892751932144165,0.38892751932144165,1.0,0.0,False
2015-06-17,0.667568564414978,0.667568564414978,1.0,0.0,False
2015-06-18,0.38327670097351074,0.38327670097351074,1.0,0.0,False
2015-06-19,0.393319308757782,0.393319308757782,1.0,0.0,False
2015-06-22,0.3961363136768341,0.3961363136768341,1.0,0.0,False
2015-06-23,0.5021485090255737,0.5021485090255737,1.0,0.0,False
2015-06-24,0.6128560304641724,0.6128560304641724,1.0,0.0,False
2015-06-25,0.7091869711875916,0.7091869711875916,1.0,0.0,False
2015-06-26,0.6900906562805176,0.6900906562805176,1.0,0.0,False
2015-06-29,0.7811106443405151,0.7811106443405151,1.0,0.0,False
2015-06-30,0.6696139574050903,0.6696139574050903,1.0,0.0,False
2015-07-01,0.6980295777320862,0.6980295777320862,1.0,0.0,False
2015-07-02,0.7642949819564819,0.7642949819564819,1.0,0.0,False
2015-07-03,0.8191595077514648,0.8191595077514648,1.0,0.0,False
2015-07-06,0.7739754915237427,0.7739754915237427,1.0,0.0,False
2015-07-07,0.6671518087387085,0.6671518087387085,1.0,0.0,False
2015-07-08,0.6606202721595764,0.6606202721595764,1.0,0.0,False
2015-07-09,0.5347962975502014,0.5347962975502014,1.0,0.0,False
2015-07-10,0.6183935403823853,0.6183935403823853,1.0,0.0,False
2015-07-13,0.49939385056495667,0.49939385056495667,1.0,0.0,False
2015-07-14,0.6663019061088562,0.6663019061088562,0.0,0.9496204022091345,False
2015-07-15,0.5688662528991699,0.5688662528991699,0.0,0.0,False
2015-07-16,0.5868498086929321,0.5868498086929321,0.0,0.0,False
2015-07-17,0.6713603138923645,0.6713603138923645,0.0,1.0,False
2015-07-20,0.49770843982696533,0.49770843982696533,0.0,0.0,False
2015-07-21,0.7233166098594666,0.7233166098594666,0.0,1.0,False
2015-07-22,0.8411314487457275,0.8411314487457275,0.0,1.0,False
2015-07-23,0.8017351627349854,0.8017351627349854,0.0,1.0,False
2015-07-24,0.6668732762336731,0.6668732762336731,0.0,1.0,False
2015-07-27,0.5333344340324402,0.5333344340324402,0.0,0.0,False
2015-07-28,0.5936278700828552,0.5936278700828552,0.0,0.0,False
2015-07-29,0.63332200050354,0.63332200050354,0.0,1.0,False
2015-07-30,0.513617992401123,0.513617992401123,0.0,0.0,False
2015-07-31,0.5702157616615295,0.5702157616615295,0.0,0.0,False
2015-08-03,0.6013500690460205,0.6013500690460205,0.0,1.0,False
2015-08-04,0.7291739583015442,0.7291739583015442,0.0,1.0,False
2015-08-05,0.7395655512809753,0.7395655512809753,0.0,1.0,False
2015-08-06,0.28657838702201843,0.28657838702201843,0.0,0.0,False
2015-08-07,0.2501627802848816,0.2501627802848816,0.0,0.0,False
2015-08-10,0.3244813084602356,0.3244813084602356,0.0,0.0,False
2015-08-11,0.5947232246398926,0.5947232246398926,0.0,0.0,False
2015-08-12,0.5825381875038147,0.5825381875038147,0.0,0.0,False
2015-08-13,0.5143625736236572,0.5143625736236572,0.0,0.0,False
2015-08-14,0.7212868928909302,0.7212868928909302,0.0,1.0,False
2015-08-17,0.7165725231170654,0.7165725231170654,0.0,1.0,False
2015-08-18,0.7186951041221619,0.7186951041221619,0.0,1.0,False
2015-08-19,0.757600724697113,0.757600724697113,0.0,1.0,False
2015-08-20,0.7999319434165955,0.7999319434165955,0.0,1.0,False
2015-08-21,0.7951611876487732,0.7951611876487732,0.0,1.0,False
2015-08-24,0.7797167301177979,0.7797167301177979,0.0,1.0,False
2015-08-25,0.7875257730484009,0.7875257730484009,0.0,1.0,False
2015-08-26,0.7951070666313171,0.7951070666313171,0.0,1.0,False
2015-08-27,0.7683743834495544,0.7683743834495544,0.0,1.0,False
2015-08-28,0.6773373484611511,0.6773373484611511,1.0,0.0,False
2015-08-31,0.8246193528175354,0.8246193528175354,1.0,0.0,False
2015-09-01,0.7977647185325623,0.7977647185325623,1.0,0.0,False
2015-09-02,0.5825436115264893,0.5825436115264893,1.0,0.0,False
2015-09-03,0.478322833776474,0.478322833776474,0.0,0.0,False
2015-09-04,0.593042254447937,0.593042254447937,0.0,0.0,False
2015-09-07,0.5539407730102539,0.5539407730102539,0.0,0.0,False
2015-09-08,0.6107171177864075,0.6107171177864075,1.0,0.0,False
2015-09-09,0.6672602295875549,0.6672602295875549,1.0,0.0,False
2015-09-10,0.7108755111694336,0.7108755111694336,1.0,0.0,False
2015-09-11,0.7300460934638977,0.7300460934638977,1.0,0.0,False
2015-09-14,0.6699742078781128,0.6699742078781128,1.0,0.0,False
2015-09-15,0.7493393421173096,0.7493393421173096,1.0,0.0,False
2015-09-16,0.8003593683242798,0.8003593683242798,1.0,0.0,False
2015-09-17,0.5308281779289246,0.5308281779289246,1.0,0.0,False
2015-09-18,0.6732316613197327,0.6732316613197327,1.0,0.0,False
2015-09-21,0.675208330154419,0.675208330154419,1.0,0.0,False
2015-09-22,0.6962528824806213,0.6962528824806213,1.0,0.0,False
2015-09-23,0.351234495639801,0.351234495639801,1.0,0.0,False
2015-09-24,0.33573561906814575,0.33573561906814575,1.0,0.0,False
2015-09-25,0.6043218374252319,0.6043218374252319,1.0,0.0,False
2015-09-28,0.6183077096939087,0.6183077096939087,1.0,0.0,False
2015-09-29,0.5573675632476807,0.5573675632476807,1.0,0.0,False
2015-09-30,0.7108253836631775,0.7108253836631775,1.0,0.0,False
2015-10-01,0.781153678894043,0.781153678894043,1.0,0.0,False
2015-10-02,0.8101429343223572,0.8101429343223572,1.0,0.0,False
2015-10-05,0.8636857271194458,0.8636857271194458,1.0,0.0,False
2015-10-06,0.690841555595398,0.690841555595398,1.0,0.0,False
2015-10-07,0.7517819404602051,0.7517819404602051,1.0,0.0,False
2015-10-08,0.7143812775611877,0.7143812775611877,1.0,0.0,False
2015-10-09,0.2503255307674408,0.2503255307674408,1.0,0.0,False
2015-10-12,0.3934789001941681,0.3934789001941681,1.0,0.0,False
2015-10-13,0.28890520334243774,0.28890520334243774,1.0,0.0,False
2015-10-14,0.3248288631439209,0.3248288631439209,1.0,0.0,False
2015-10-15,0.22906160354614258,0.22906160354614258,1.0,0.0,False
2015-10-16,0.18214817345142365,0.18214817345142365,1.0,0.0,False
2015-10-19,0.176292285323143,0.176292285323143,1.0,0.0,False
2015-10-20,0.12348879873752594,0.12348879873752594,1.0,0.0,False
2015-10-21,0.0689883902668953,0.0689883902668953,1.0,0.0,False
2015-10-22,0.11728563159704208,0.11728563159704208,1.0,0.0,False
2015-10-23,0.18093568086624146,0.18093568086624146,1.0,0.0,False
2015-10-26,0.26346367597579956,0.26346367597579956,1.0,0.0,False
2015-10-27,0.31689125299453735,0.31689125299453735,1.0,0.0,False
2015-10-28,0.42163118720054626,0.42163118720054626,1.0,0.0,False
2015-10-29,0.3208673596382141,0.3208673596382141,0.0,0.0,False
2015-10-30,0.5301262736320496,0.5301262736320496,0.0,0.0,False
2015-11-02,0.39226657152175903,0.39226657152175903,0.0,0.0,False
2015-11-03,0.3311901390552521,0.3311901390552521,0.0,0.0,False
2015-11-04,0.3274005651473999,0.3274005651473999,0.0,0.0,False
2015-11-05,0.3515563905239105,0.3515563905239105,0.0,0.0,False
2015-11-06,0.3774689733982086,0.3774689733982086,0.0,0.0,False
2015-11-09,0.5283694267272949,0.5283694267272949,0.0,0.0,False
2015-11-10,0.6111697554588318,0.6111697554588318,0.0,1.0,False
2015-11-11,0.5322964787483215,0.5322964787483215,0.0,0.0,False
2015-11-12,0.5640537142753601,0.5640537142753601,0.0,0.0,False
2015-11-13,0.5987597703933716,0.5987597703933716,0.0,0.0,False
2015-11-16,0.6686856746673584,0.6686856746673584,0.0,1.0,False
2015-11-17,0.7587254047393799,0.7587254047393799,0.0,1.0,False
2015-11-18,0.6912998557090759,0.6912998557090759,0.0,1.0,False
2015-11-19,0.5991031527519226,0.5991031527519226,0.0,0.0,False
2015-11-20,0.7219187021255493,0.7219187021255493,0.0,1.0,False
2015-11-23,0.49835604429244995,0.49835604429244995,0.0,0.0,False
2015-11-24,0.600712776184082,0.600712776184082,0.0,1.0,False
2015-11-25,0.5062074065208435,0.5062074065208435,0.0,0.0,False
2015-11-26,0.5172761678695679,0.5172761678695679,0.0,0.0,False
2015-11-27,0.4947740435600281,0.4947740435600281,0.0,0.0,False
2015-11-30,0.48040932416915894,0.48040932416915894,0.0,0.0,False
2015-12-01,0.49935269355773926,0.49935269355773926,0.0,0.0,False
2015-12-02,0.6572691798210144,0.6572691798210144,0.0,1.0,False
2015-12-03,0.6658979654312134,0.6658979654312134,0.0,1.0,False
2015-12-04,0.6842638850212097,0.6842638850212097,0.0,1.0,False
2015-12-07,0.6871264576911926,0.6871264576911926,0.0,1.0,False
2015-12-08,0.5884016156196594,0.5884016156196594,0.0,0.0,False
2015-12-09,0.6707671284675598,0.6707671284675598,0.0,1.0,False
2015-12-10,0.5679953098297119,0.5679953098297119,0.0,0.0,False
2015-12-11,0.6508051753044128,0.6508051753044128,0.0,1.0,False
2015-12-14,0.5866075158119202,0.5866075158119202,0.0,0.0,False
2015-12-15,0.5932329297065735,0.5932329297065735,0.0,0.0,False
2015-12-16,0.6533092260360718,0.6533092260360718,0.0,1.0,False
2015-12-17,0.6929705142974854,0.6929705142974854,0.0,1.0,False
2015-12-18,0.5571879744529724,0.5571879744529724,0.0,0.0,False
2015-12-21,0.7000349164009094,0.7000349164009094,0.0,1.0,False
2015-12-22,0.7389453649520874,0.7389453649520874,0.0,1.0,False
2015-12-23,0.7299714088439941,0.7299714088439941,0.0,1.0,False
2015-12-24,0.5511685609817505,0.5511685609817505,0.0,0.0,False
2015-12-25,0.499688982963562,0.499688982963562,0.0,0.0,False
2015-12-28,0.5928584337234497,0.5928584337234497,0.0,0.0,False
2015-12-29,0.5630518794059753,0.5630518794059753,0.0,0.0,False
2015-12-30,0.5791534781455994,0.5791534781455994,0.0,0.0,False
2015-12-31,0.525616466999054,0.525616466999054,0.0,0.0,False
2016-01-01,0.6346415281295776,0.6346415281295776,0.0,1.0,False
2016-01-04,0.6144005060195923,0.6144005060195923,0.0,1.0,False
2016-01-05,0.5395289659500122,0.5395289659500122,0.0,0.0,False
2016-01-06,0.7594168186187744,0.7594168186187744,0.0,1.0,False
2016-01-07,0.7693390846252441,0.7693390846252441,0.0,1.0,False
2016-01-08,0.7974379658699036,0.7974379658699036,0.0,1.0,False
2016-01-11,0.754916787147522,0.754916787147522,0.0,1.0,False
2016-01-12,0.7039932608604431,0.7039932608604431,0.0,1.0,False
2016-01-13,0.6705331206321716,0.6705331206321716,0.0,1.0,False
2016-01-14,0.6533417105674744,0.6533417105674744,0.0,1.0,False
2016-01-15,0.5589632391929626,0.5589632391929626,0.0,0.0,False
2016-01-18,0.573639988899231,0.573639988899231,0.0,0.0,False
2016-01-19,0.47636789083480835,0.47636789083480835,0.0,0.0,False
2016-01-20,0.38574013113975525,0.38574013113975525,0.0,0.0,False
2016-01-21,0.4948577582836151,0.4948577582836151,0.0,0.0,False
2016-01-22,0.48166021704673767,0.48166021704673767,0.0,0.0,False
2016-01-25,0.4863584339618683,0.4863584339618683,0.0,0.0,False
2016-01-26,0.48184317350387573,0.48184317350387573,0.0,0.0,False
2016-01-27,0.5245879888534546,0.5245879888534546,0.0,0.0,False
2016-01-28,0.5530757904052734,0.5530757904052734,0.0,0.0,False
2016-01-29,0.5828607678413391,0.5828607678413391,0.0,0.0,False
2016-02-01,0.431686133146286,0.431686133146286,0.0,0.0,False
2016-02-02,0.6446164846420288,0.6446164846420288,0.0,1.0,False
2016-02-03,0.5961182117462158,0.5961182117462158,0.0,0.0,False
2016-02-04,0.6245499849319458,0.6245499849319458,0.0,1.0,False
2016-02-05,0.4711969494819641,0.4711969494819641,0.0,0.0,False
2016-02-08,0.569713830947876,0.569713830947876,1.0,0.0,False
2016-02-09,0.6834530234336853,0.6834530234336853,1.0,0.0,False
2016-02-10,0.6536281704902649,0.6536281704902649,0.0,1.0,False
2016-02-11,0.6820103526115417,0.6820103526115417,1.0,0.0,False
2016-02-12,0.6483229398727417,0.6483229398727417,0.0,1.0,False
2016-02-15,0.5980298519134521,0.5980298519134521,0.0,0.0,False
2016-02-16,0.5365279316902161,0.5365279316902161,0.0,0.0,False
2016-02-17,0.511897087097168,0.511897087097168,0.0,0.0,False
2016-02-18,0.555516242980957,0.555516242980957,0.0,0.0,False
2016-02-19,0.5444495677947998,0.5444495677947998,0.0,0.0,False
2016-02-22,0.6288160085678101,0.6288160085678101,0.0,1.0,False
2016-02-23,0.6182626485824585,0.6182626485824585,0.0,1.0,False
2016-02-24,0.47917068004608154,0.47917068004608154,0.0,0.0,False
2016-02-25,0.6595737934112549,0.6595737934112549,0.0,1.0,False
2016-02-26,0.5737587809562683,0.5737587809562683,0.0,0.0,False
2016-02-29,0.5513672232627869,0.5513672232627869,0.0,0.0,False
2016-03-01,0.5057158470153809,0.5057158470153809,0.0,0.0,False
2016-03-02,0.6371548771858215,0.6371548771858215,0.0,1.0,False
2016-03-03,0.5351161360740662,0.5351161360740662,0.0,0.0,False
2016-03-04,0.5633840560913086,0.5633840560913086,0.0,0.0,False
2016-03-07,0.5516292452812195,0.5516292452812195,0.0,0.0,False
2016-03-08,0.5633965730667114,0.5633965730667114,0.0,0.0,False
2016-03-09,0.6064447164535522,0.6064447164535522,0.0,1.0,False
2016-03-10,0.6228645443916321,0.6228645443916321,0.0,1.0,False
2016-03-11,0.5967836380004883,0.5967836380004883,0.0,0.0,False
2016-03-14,0.5957722067832947,0.5957722067832947,0.0,0.0,False
2016-03-15,0.5974351167678833,0.5974351167678833,0.0,0.0,False
2016-03-16,0.6493637561798096,0.6493637561798096,0.0,1.0,False
2016-03-17,0.4473405182361603,0.4473405182361603,0.0,0.0,False
2016-03-18,0.5770968198776245,0.5770968198776245,0.0,0.0,False
2016-03-21,0.6781536936759949,0.6781536936759949,0.0,1.0,False
2016-03-22,0.6465261578559875,0.6465261578559875,0.0,1.0,False
2016-03-23,0.5094470977783203,0.5094470977783203,0.0,0.0,False
2016-03-24,0.5748583078384399,0.5748583078384399,0.0,0.0,False
2016-03-25,0.506386399269104,0.506386399269104,0.0,0.0,False
2016-03-28,0.5381720066070557,0.5381720066070557,0.0,0.0,False
2016-03-29,0.5408384203910828,0.5408384203910828,0.0,0.0,False
2016-03-30,0.5115079879760742,0.5115079879760742,0.0,0.0,False
2016-03-31,0.5381317138671875,0.5381317138671875,0.0,0.0,False
2016-04-01,0.5059184432029724,0.5059184432029724,0.0,0.0,False
2016-04-04,0.5554988980293274,0.5554988980293274,0.0,0.0,False
2016-04-05,0.6652392745018005,0.6652392745018005,0.0,1.0,False
2016-04-06,0.659313976764679,0.659313976764679,0.0,1.0,False
2016-04-07,0.5952200889587402,0.5952200889587402,0.0,0.0,False
2016-04-08,0.5134673118591309,0.5134673118591309,0.0,0.0,False
2016-04-11,0.6763959527015686,0.6763959527015686,0.0,1.0,False
2016-04-12,0.7071818113327026,0.7071818113327026,0.0,1.0,False
2016-04-13,0.7472150325775146,0.7472150325775146,0.0,1.0,False
2016-04-14,0.5713204741477966,0.5713204741477966,0.0,0.0,False
2016-04-15,0.559847354888916,0.559847354888916,0.0,0.0,False
2016-04-18,0.6434376835823059,0.6434376835823059,0.0,1.0,False
2016-04-19,0.5945706963539124,0.5945706963539124,0.0,0.0,False
2016-04-20,0.6559430956840515,0.6559430956840515,0.0,1.0,False
2016-04-21,0.5973176956176758,0.5973176956176758,0.0,0.0,False
2016-04-22,0.5921386480331421,0.5921386480331421,0.0,0.0,False
2016-04-25,0.6576541662216187,0.6576541662216187,0.0,0.9928487194597098,False
2016-04-26,0.6285864114761353,0.6285864114761353,0.0,0.9928487194597098,False
2016-04-27,0.4373123049736023,0.4373123049736023,0.0,0.0,False
2016-04-28,0.503556489944458,0.503556489944458,0.0,0.0,False
2016-04-29,0.4572604298591614,0.4572604298591614,0.0,0.0,False
2016-05-02,0.389821857213974,0.389821857213974,0.0,0.0,False
2016-05-03,0.40078428387641907,0.40078428387641907,0.0,0.0,False
2016-05-04,0.6158185005187988,0.6158185005187988,0.0,1.0,False
2016-05-05,0.5548014044761658,0.5548014044761658,0.0,0.0,False
2016-05-06,0.49252650141716003,0.49252650141716003,0.0,0.0,False
2016-05-09,0.5028108358383179,0.5028108358383179,0.0,0.0,False
2016-05-10,0.5009843707084656,0.5009843707084656,0.0,0.0,False
2016-05-11,0.6275181770324707,0.6275181770324707,0.0,1.0,False
2016-05-12,0.554244339466095,0.554244339466095,0.0,0.0,False
2016-05-13,0.581057071685791,0.581057071685791,0.0,0.0,False
2016-05-16,0.6917126774787903,0.6917126774787903,0.0,1.0,False
2016-05-17,0.657925009727478,0.657925009727478,0.0,1.0,False
2016-05-18,0.5609325766563416,0.5609325766563416,0.0,0.0,False
2016-05-19,0.581002950668335,0.581002950668335,0.0,0.0,False
2016-05-20,0.5497143268585205,0.5497143268585205,0.0,0.0,False
2016-05-23,0.6461296081542969,0.6461296081542969,0.0,1.0,False
2016-05-24,0.5089430809020996,0.5089430809020996,0.0,0.0,False
2016-05-25,0.6554580926895142,0.6554580926895142,0.0,1.0,False
2016-05-26,0.552567720413208,0.552567720413208,0.0,0.0,False
2016-05-27,0.5944975018501282,0.5944975018501282,0.0,0.0,False
2016-05-30,0.6919170618057251,0.6919170618057251,0.0,1.0,False
2016-05-31,0.577235996723175,0.577235996723175,0.0,0.0,False
2016-06-01,0.5723289847373962,0.5723289847373962,0.0,0.0,False
2016-06-02,0.5296619534492493,0.5296619534492493,0.0,0.0,False
2016-06-03,0.5875112414360046,0.5875112414360046,0.0,0.0,False
2016-06-06,0.5683542490005493,0.5683542490005493,0.0,0.0,False
2016-06-07,0.45847129821777344,0.45847129821777344,0.0,0.0,False
2016-06-08,0.5868395566940308,0.5868395566940308,0.0,0.0,False
2016-06-09,0.5367065072059631,0.5367065072059631,0.0,0.0,False
2016-06-10,0.463847815990448,0.463847815990448,0.0,0.0,False
2016-06-13,0.5565856099128723,0.5565856099128723,0.0,0.0,False
2016-06-14,0.6066507697105408,0.6066507697105408,0.0,0.9932473171388736,False
2016-06-15,0.6013727188110352,0.6013727188110352,0.0,0.9932473171388736,False
2016-06-16,0.6772342324256897,0.6772342324256897,0.0,0.9932473171388736,False
2016-06-17,0.5515096187591553,0.5515096187591553,0.0,0.0,False
2016-06-20,0.5830715894699097,0.5830715894699097,0.0,0.0,False
2016-06-21,0.5220657587051392,0.5220657587051392,0.0,0.0,False
2016-06-22,0.5995031595230103,0.5995031595230103,0.0,0.0,False
2016-06-23,0.7098063826560974,0.7098063826560974,0.0,1.0,False
2016-06-24,0.7614951133728027,0.7614951133728027,0.0,1.0,False
2016-06-27,0.6718062162399292,0.6718062162399292,0.0,1.0,False
2016-06-28,0.7032067179679871,0.7032067179679871,0.0,1.0,False
2016-06-29,0.6791901588439941,0.6791901588439941,0.0,1.0,False
2016-06-30,0.6452754735946655,0.6452754735946655,0.0,1.0,False
2016-07-01,0.7079708576202393,0.7079708576202393,0.0,1.0,False
2016-07-04,0.6457767486572266,0.6457767486572266,0.0,1.0,False
2016-07-05,0.66486656665802,0.66486656665802,0.0,1.0,False
2016-07-06,0.44953370094299316,0.44953370094299316,0.0,0.0,False
2016-07-07,0.693564236164093,0.693564236164093,0.0,0.979435323933882,False
2016-07-08,0.6533721089363098,0.6533721089363098,0.0,0.979435323933882,False
2016-07-11,0.6431089639663696,0.6431089639663696,0.0,0.979435323933882,False
2016-07-12,0.624800980091095,0.624800980091095,0.0,0.979435323933882,False
2016-07-13,0.7270984649658203,0.7270984649658203,0.0,0.979435323933882,False
2016-07-14,0.5885263085365295,0.5885263085365295,0.0,0.0,False
2016-07-15,0.6090170741081238,0.6090170741081238,0.0,1.0,False
2016-07-18,0.5980626940727234,0.5980626940727234,0.0,0.0,False
2016-07-19,0.678062379360199,0.678062379360199,0.0,1.0,False
2016-07-20,0.6081388592720032,0.6081388592720032,0.0,1.0,False
2016-07-21,0.7763838768005371,0.7763838768005371,0.0,1.0,False
2016-07-22,0.6745373010635376,0.6745373010635376,0.0,1.0,False
2016-07-25,0.5711406469345093,0.5711406469345093,0.0,0.0,False
2016-07-26,0.6449263095855713,0.6449263095855713,0.0,1.0,False
2016-07-27,0.5790359377861023,0.5790359377861023,1.0,0.0,False
2016-07-28,0.5155553817749023,0.5155553817749023,1.0,0.0,False
2016-07-29,0.49353113770484924,0.49353113770484924,1.0,0.0,False
2016-08-01,0.4918355941772461,0.4918355941772461,1.0,0.0,False
2016-08-02,0.54034024477005,0.54034024477005,1.0,0.0,False
2016-08-03,0.38941332697868347,0.38941332697868347,1.0,0.0,False
2016-08-04,0.6550367474555969,0.6550367474555969,1.0,0.0,False
2016-08-05,0.47650209069252014,0.47650209069252014,1.0,0.0,False
2016-08-08,0.5774428248405457,0.5774428248405457,1.0,0.0,False
2016-08-09,0.6126742959022522,0.6126742959022522,1.0,0.0,False
2016-08-10,0.4909224510192871,0.4909224510192871,1.0,0.0,False
2016-08-11,0.5849012136459351,0.5849012136459351,1.0,0.0,False
2016-08-12,0.5177707076072693,0.5177707076072693,1.0,0.0,False
2016-08-15,0.35096511244773865,0.35096511244773865,1.0,0.0,False
2016-08-16,0.4572673439979553,0.4572673439979553,1.0,0.0,False
2016-08-17,0.4517168700695038,0.4517168700695038,1.0,0.0,False
2016-08-18,0.4282214045524597,0.4282214045524597,1.0,0.0,False
2016-08-19,0.6643539071083069,0.6643539071083069,1.0,0.0,False
2016-08-22,0.8400691747665405,0.8400691747665405,1.0,0.0,False
2016-08-23,0.74076908826828,0.74076908826828,1.0,0.0,False
2016-08-24,0.6805566549301147,0.6805566549301147,1.0,0.0,False
2016-08-25,0.7102177739143372,0.7102177739143372,1.0,0.0,False
2016-08-26,0.780231237411499,0.780231237411499,1.0,0.0,False
2016-08-29,0.7335482835769653,0.7335482835769653,1.0,0.0,False
2016-08-30,0.7611368298530579,0.7611368298530579,1.0,0.0,False
2016-08-31,0.6517934799194336,0.6517934799194336,1.0,0.0,False
2016-09-01,0.6338027119636536,0.6338027119636536,1.0,0.0,False
2016-09-02,0.6796810030937195,0.6796810030937195,1.0,0.0,False
2016-09-05,0.38343876600265503,0.38343876600265503,1.0,0.0,False
2016-09-06,0.3745543956756592,0.3745543956756592,1.0,0.0,False
2016-09-07,0.4150216281414032,0.4150216281414032,1.0,0.0,False
2016-09-08,0.33286213874816895,0.33286213874816895,1.0,0.0,False
2016-09-09,0.4106108546257019,0.4106108546257019,1.0,0.0,False
2016-09-12,0.494496613740921,0.494496613740921,1.0,0.0,False
2016-09-13,0.40329334139823914,0.40329334139823914,1.0,0.0,False
2016-09-14,0.3400140106678009,0.3400140106678009,1.0,0.0,False
2016-09-15,0.27336254715919495,0.27336254715919495,1.0,0.0,False
2016-09-16,0.43478477001190186,0.43478477001190186,1.0,0.0,False
2016-09-19,0.41528424620628357,0.41528424620628357,1.0,0.0,False
2016-09-20,0.37577149271965027,0.37577149271965027,1.0,0.0,False
2016-09-21,0.42283153533935547,0.42283153533935547,1.0,0.0,False
2016-09-22,0.5080998539924622,0.5080998539924622,1.0,0.0,False
2016-09-23,0.37796643376350403,0.37796643376350403,1.0,0.0,False
2016-09-26,0.40383750200271606,0.40383750200271606,1.0,0.0,False
2016-09-27,0.32119905948638916,0.32119905948638916,1.0,0.0,False
2016-09-28,0.32762598991394043,0.32762598991394043,1.0,0.0,False
2016-09-29,0.5531498789787292,0.5531498789787292,1.0,0.0,False
2016-09-30,0.41000279784202576,0.41000279784202576,1.0,0.0,False
2016-10-03,0.4976717531681061,0.4976717531681061,1.0,0.0,False
2016-10-04,0.7314242124557495,0.7314242124557495,1.0,0.0,False
2016-10-05,0.729752242565155,0.729752242565155,1.0,0.0,False
2016-10-06,0.6269835829734802,0.6269835829734802,1.0,0.0,False
2016-10-07,0.6791848540306091,0.6791848540306091,1.0,0.0,False
2016-10-10,0.6679723858833313,0.6679723858833313,1.0,0.0,False
2016-10-11,0.6795310974121094,0.6795310974121094,1.0,0.0,False
2016-10-12,0.6811140179634094,0.6811140179634094,1.0,0.0,False
2016-10-13,0.5914617776870728,0.5914617776870728,1.0,0.0,False
2016-10-14,0.5960520505905151,0.5960520505905151,1.0,0.0,False
2016-10-17,0.630558431148529,0.630558431148529,1.0,0.0,False
2016-10-18,0.5208317637443542,0.5208317637443542,1.0,0.0,False
2016-10-19,0.3823316991329193,0.3823316991329193,1.0,0.0,False
2016-10-20,0.4067646861076355,0.4067646861076355,1.0,0.0,False
2016-10-21,0.5195472836494446,0.5195472836494446,1.0,0.0,False
2016-10-24,0.6087238788604736,0.6087238788604736,1.0,0.0,False
2016-10-25,0.46695491671562195,0.46695491671562195,1.0,0.0,False
2016-10-26,0.7139880061149597,0.7139880061149597,1.0,0.0,False
2016-10-27,0.7351126670837402,0.7351126670837402,1.0,0.0,False
2016-10-28,0.7461313605308533,0.7461313605308533,1.0,0.0,False
2016-10-31,0.6858219504356384,0.6858219504356384,1.0,0.0,False
2016-11-01,0.5432528257369995,0.5432528257369995,1.0,0.0,False
2016-11-02,0.6736783385276794,0.6736783385276794,0.0,0.9938399573943163,False
2016-11-03,0.7173463702201843,0.7173463702201843,1.0,0.0,False
2016-11-04,0.6744744181632996,0.6744744181632996,0.0,1.0,False
2016-11-07,0.5692672729492188,0.5692672729492188,1.0,0.0,False
2016-11-08,0.46543481945991516,0.46543481945991516,1.0,0.0,False
2016-11-09,0.45561179518699646,0.45561179518699646,1.0,0.0,False
2016-11-10,0.5012439489364624,0.5012439489364624,1.0,0.0,False
2016-11-11,0.42871570587158203,0.42871570587158203,1.0,0.0,False
2016-11-14,0.5729570388793945,0.5729570388793945,1.0,0.0,False
2016-11-15,0.5007607936859131,0.5007607936859131,1.0,0.0,False
2016-11-16,0.45683369040489197,0.45683369040489197,1.0,0.0,False
2016-11-17,0.5370543599128723,0.5370543599128723,1.0,0.0,False
2016-11-18,0.5512270927429199,0.5512270927429199,1.0,0.0,False
2016-11-21,0.687522292137146,0.687522292137146,1.0,0.0,False
2016-11-22,0.7822517156600952,0.7822517156600952,1.0,0.0,False
2016-11-23,0.5801847577095032,0.5801847577095032,1.0,0.0,False
2016-11-24,0.4431001543998718,0.4431001543998718,1.0,0.0,False
2016-11-25,0.5325807332992554,0.5325807332992554,1.0,0.0,False
2016-11-28,0.5939614176750183,0.5939614176750183,1.0,0.0,False
2016-11-29,0.6666098833084106,0.6666098833084106,1.0,0.0,False
2016-11-30,0.7332350611686707,0.7332350611686707,1.0,0.0,False
2016-12-01,0.7009511590003967,0.7009511590003967,1.0,0.0,False
2016-12-02,0.6989182829856873,0.6989182829856873,1.0,0.0,False
2016-12-05,0.5493917465209961,0.5493917465209961,0.0,0.0,False
2016-12-06,0.6272311806678772,0.6272311806678772,0.0,1.0,False
2016-12-07,0.48378828167915344,0.48378828167915344,0.0,0.0,False
2016-12-08,0.43208077549934387,0.43208077549934387,0.0,0.0,False
2016-12-09,0.49516019225120544,0.49516019225120544,0.0,0.0,False
2016-12-12,0.48725247383117676,0.48725247383117676,0.0,0.0,False
2016-12-13,0.5092144012451172,0.5092144012451172,0.0,0.0,False
2016-12-14,0.5350902676582336,0.5350902676582336,0.0,0.0,False
2016-12-15,0.4756959080696106,0.4756959080696106,0.0,0.0,False
2016-12-16,0.5314754247665405,0.5314754247665405,0.0,0.0,False
2016-12-19,0.5169320702552795,0.5169320702552795,0.0,0.0,False
2016-12-20,0.5647700428962708,0.5647700428962708,0.0,0.0,False
2016-12-21,0.7008692622184753,0.7008692622184753,0.0,1.0,False
2016-12-22,0.5639870762825012,0.5639870762825012,0.0,0.0,False
2016-12-23,0.5160015821456909,0.5160015821456909,0.0,0.0,False
2016-12-26,0.41547006368637085,0.41547006368637085,0.0,0.0,False
2016-12-27,0.3744983971118927,0.3744983971118927,0.0,0.0,False
2016-12-28,0.38343000411987305,0.38343000411987305,0.0,0.0,False
2016-12-29,0.36690956354141235,0.36690956354141235,0.0,0.0,False
2016-12-30,0.39311477541923523,0.39311477541923523,0.0,0.0,False
2017-01-02,0.6190066933631897,0.6190066933631897,0.0,1.0,False
2017-01-03,0.5897115468978882,0.5897115468978882,0.0,0.0,False
2017-01-04,0.6298037171363831,0.6298037171363831,0.0,1.0,False
2017-01-05,0.6237007975578308,0.6237007975578308,0.0,1.0,False
2017-01-06,0.6698917150497437,0.6698917150497437,0.0,1.0,False
2017-01-09,0.6657389402389526,0.6657389402389526,0.0,1.0,False
2017-01-10,0.6154711246490479,0.6154711246490479,0.0,1.0,False
2017-01-11,0.4997221529483795,0.4997221529483795,0.0,0.0,False
2017-01-12,0.5346306562423706,0.5346306562423706,0.0,0.0,False
2017-01-13,0.4385112524032593,0.4385112524032593,0.0,0.0,False
2017-01-16,0.6072348952293396,0.6072348952293396,0.0,1.0,False
2017-01-17,0.5155045390129089,0.5155045390129089,0.0,0.0,False
2017-01-18,0.6569225788116455,0.6569225788116455,0.0,1.0,False
2017-01-19,0.523736834526062,0.523736834526062,0.0,0.0,False
2017-01-20,0.6633167862892151,0.6633167862892151,0.0,1.0,False
2017-01-23,0.4561973512172699,0.4561973512172699,0.0,0.0,False
2017-01-24,0.6842713356018066,0.6842713356018066,0.0,1.0,False
2017-01-25,0.6762876510620117,0.6762876510620117,0.0,1.0,False
2017-01-26,0.5159454345703125,0.5159454345703125,0.0,0.0,False
2017-01-27,0.608910858631134,0.608910858631134,0.0,1.0,False
2017-01-30,0.6112940907478333,0.6112940907478333,0.0,1.0,False
2017-01-31,0.6548691391944885,0.6548691391944885,0.0,1.0,False
2017-02-01,0.7189292907714844,0.7189292907714844,0.0,1.0,False
2017-02-02,0.5326696634292603,0.5326696634292603,0.0,0.0,False
2017-02-03,0.5646605491638184,0.5646605491638184,0.0,0.0,False
2017-02-06,0.6122357249259949,0.6122357249259949,0.0,1.0,False
2017-02-07,0.7060415148735046,0.7060415148735046,0.0,1.0,False
2017-02-08,0.5946813225746155,0.5946813225746155,0.0,0.0,False
2017-02-09,0.6405951976776123,0.6405951976776123,0.0,1.0,False
2017-02-10,0.5878370404243469,0.5878370404243469,0.0,0.0,False
2017-02-13,0.6230196356773376,0.6230196356773376,0.0,1.0,False
2017-02-14,0.6032513380050659,0.6032513380050659,0.0,1.0,False
2017-02-15,0.659210205078125,0.659210205078125,0.0,1.0,False
2017-02-16,0.6592352986335754,0.6592352986335754,0.0,1.0,False
2017-02-17,0.5856341123580933,0.5856341123580933,0.0,0.0,False
2017-02-20,0.6726917028427124,0.6726917028427124,0.0,1.0,False
2017-02-21,0.7877881526947021,0.7877881526947021,0.0,1.0,False
2017-02-22,0.672538697719574,0.672538697719574,0.0,1.0,False
2017-02-23,0.7280176281929016,0.7280176281929016,0.0,1.0,False
2017-02-24,0.6317471265792847,0.6317471265792847,0.0,1.0,False
2017-02-27,0.579768180847168,0.579768180847168,0.0,0.0,False
2017-02-28,0.43031927943229675,0.43031927943229675,0.0,0.0,False
2017-03-01,0.5805872678756714,0.5805872678756714,0.0,0.0,False
2017-03-02,0.46823927760124207,0.46823927760124207,0.0,0.0,False
2017-03-03,0.5277814269065857,0.5277814269065857,0.0,0.0,False
2017-03-06,0.4807402491569519,0.4807402491569519,0.0,0.0,False
2017-03-07,0.3283417224884033,0.3283417224884033,0.0,0.0,False
2017-03-08,0.460257887840271,0.460257887840271,0.0,0.0,False
2017-03-09,0.5221410393714905,0.5221410393714905,0.0,0.0,False
2017-03-10,0.453026682138443,0.453026682138443,0.0,0.0,False
2017-03-13,0.571922779083252,0.571922779083252,0.0,0.0,False
2017-03-14,0.6948833465576172,0.6948833465576172,0.0,1.0,False
2017-03-15,0.5465623140335083,0.5465623140335083,0.0,0.0,False
2017-03-16,0.6896564960479736,0.6896564960479736,0.0,1.0,False
2017-03-17,0.6970802545547485,0.6970802545547485,0.0,1.0,False
2017-03-20,0.6890350580215454,0.6890350580215454,0.0,1.0,False
2017-03-21,0.5343407988548279,0.5343407988548279,0.0,0.0,False
2017-03-22,0.684224009513855,0.684224009513855,0.0,1.0,False
2017-03-23,0.7168900966644287,0.7168900966644287,0.0,1.0,False
2017-03-24,0.6456217765808105,0.6456217765808105,0.0,1.0,False
2017-03-27,0.7642565965652466,0.7642565965652466,0.0,1.0,False
2017-03-28,0.7453282475471497,0.7453282475471497,0.0,1.0,False
2017-03-29,0.3120328485965729,0.3120328485965729,1.0,0.0,False
2017-03-30,0.29044124484062195,0.29044124484062195,1.0,0.0,False
2017-03-31,0.2692175507545471,0.2692175507545471,1.0,0.0,False
2017-04-03,0.31256169080734253,0.31256169080734253,1.0,0.0,False
2017-04-04,0.5987063050270081,0.5987063050270081,1.0,0.0,False
2017-04-05,0.3574938178062439,0.3574938178062439,1.0,0.0,False
2017-04-06,0.5106645822525024,0.5106645822525024,1.0,0.0,False
2017-04-07,0.5217292308807373,0.5217292308807373,1.0,0.0,False
2017-04-10,0.4758611023426056,0.4758611023426056,1.0,0.0,False
2017-04-11,0.30437079071998596,0.30437079071998596,1.0,0.0,False
2017-04-12,0.36195001006126404,0.36195001006126404,1.0,0.0,False
2017-04-13,0.5580891966819763,0.5580891966819763,1.0,0.0,False
2017-04-14,0.4666655361652374,0.4666655361652374,1.0,0.0,False
2017-04-17,0.5435182452201843,0.5435182452201843,1.0,0.0,False
2017-04-18,0.5287161469459534,0.5287161469459534,1.0,0.0,False
2017-04-19,0.5634527206420898,0.5634527206420898,1.0,0.0,False
2017-04-20,0.6621840596199036,0.6621840596199036,1.0,0.0,False
2017-04-21,0.45413798093795776,0.45413798093795776,1.0,0.0,False
2017-04-24,0.37611445784568787,0.37611445784568787,1.0,0.0,False
2017-04-25,0.35370954871177673,0.35370954871177673,1.0,0.0,False
2017-04-26,0.40601667761802673,0.40601667761802673,1.0,0.0,False
2017-04-27,0.40645378828048706,0.40645378828048706,1.0,0.0,False
2017-04-28,0.3758999705314636,0.3758999705314636,1.0,0.0,False
2017-05-01,0.38174736499786377,0.38174736499786377,1.0,0.0,False
2017-05-02,0.3322722017765045,0.3322722017765045,1.0,0.0,False
2017-05-03,0.45921191573143005,0.45921191573143005,1.0,0.0,False
2017-05-04,0.426256388425827,0.426256388425827,1.0,0.0,False
2017-05-05,0.31357541680336,0.31357541680336,1.0,0.0,False
2017-05-08,0.3231547474861145,0.3231547474861145,1.0,0.0,False
2017-05-09,0.4791732430458069,0.4791732430458069,1.0,0.0,False
2017-05-10,0.41906145215034485,0.41906145215034485,1.0,0.0,False
2017-05-11,0.5169156789779663,0.5169156789779663,1.0,0.0,False
2017-05-12,0.4495118260383606,0.4495118260383606,1.0,0.0,False
2017-05-15,0.29339978098869324,0.29339978098869324,2.0,0.0,False
2017-05-16,0.4868408143520355,0.4868408143520355,2.0,0.0,False
2017-05-17,0.2789277732372284,0.2789277732372284,2.0,0.0,False
2017-05-18,0.24984923005104065,0.24984923005104065,2.0,0.0,False
2017-05-19,0.2479761838912964,0.2479761838912964,2.0,0.0,False
2017-05-22,0.46408939361572266,0.46408939361572266,2.0,0.0,False
2017-05-23,0.5192917585372925,0.5192917585372925,2.0,0.0,False
2017-05-24,0.6429741382598877,0.6429741382598877,2.0,0.4310775447877491,False
2017-05-25,0.8182551860809326,0.8182551860809326,2.0,0.4310775447877491,False
2017-05-26,0.8089948892593384,0.8089948892593384,2.0,0.4310775447877491,False
2017-05-29,0.765972375869751,0.765972375869751,2.0,0.4310775447877491,False
2017-05-30,0.7261420488357544,0.7261420488357544,2.0,0.4310775447877491,False
2017-05-31,0.7618881464004517,0.7618881464004517,2.0,0.4310775447877491,False
2017-06-01,0.7496587634086609,0.7496587634086609,2.0,0.4310775447877491,False
2017-06-02,0.7347397804260254,0.7347397804260254,2.0,0.4310775447877491,False
2017-06-05,0.6018077731132507,0.6018077731132507,2.0,0.4310775447877491,False
2017-06-06,0.7923964858055115,0.7923964858055115,2.0,0.4310775447877491,False
2017-06-07,0.7343052625656128,0.7343052625656128,2.0,0.4310775447877491,False
2017-06-08,0.747088611125946,0.747088611125946,2.0,0.4310775447877491,False
2017-06-09,0.6945090293884277,0.6945090293884277,2.0,0.4310775447877491,False
2017-06-12,0.6742627620697021,0.6742627620697021,1.0,0.0,False
2017-06-13,0.6058537364006042,0.6058537364006042,1.0,0.0,False
2017-06-14,0.5904467701911926,0.5904467701911926,1.0,0.0,False
2017-06-15,0.5808902382850647,0.5808902382850647,1.0,0.0,False
2017-06-16,0.6790874004364014,0.6790874004364014,1.0,0.0,False
2017-06-19,0.6270207166671753,0.6270207166671753,0.0,1.0,False
2017-06-20,0.5187670588493347,0.5187670588493347,0.0,0.0,False
2017-06-21,0.5107587575912476,0.5107587575912476,0.0,0.0,False
2017-06-22,0.4510648548603058,0.4510648548603058,0.0,0.0,False
2017-06-23,0.5238978266716003,0.5238978266716003,0.0,0.0,False
2017-06-26,0.5575976967811584,0.5575976967811584,0.0,0.0,False
2017-06-27,0.48964476585388184,0.48964476585388184,0.0,0.0,False
2017-06-28,0.5976003408432007,0.5976003408432007,0.0,0.0,False
2017-06-29,0.6128137111663818,0.6128137111663818,0.0,1.0,False
2017-06-30,0.5342795848846436,0.5342795848846436,0.0,0.0,False
2017-07-03,0.5522136688232422,0.5522136688232422,0.0,0.0,False
2017-07-04,0.5155347585678101,0.5155347585678101,0.0,0.0,False
2017-07-05,0.5250816345214844,0.5250816345214844,0.0,0.0,False
2017-07-06,0.5470761656761169,0.5470761656761169,0.0,0.0,False
2017-07-07,0.5168439149856567,0.5168439149856567,0.0,0.0,False
2017-07-10,0.46860271692276,0.46860271692276,0.0,0.0,False
2017-07-11,0.4482479393482208,0.4482479393482208,0.0,0.0,False
2017-07-12,0.6362601518630981,0.6362601518630981,0.0,1.0,False
2017-07-13,0.5732459425926208,0.5732459425926208,0.0,0.0,False
2017-07-14,0.6667806506156921,0.6667806506156921,0.0,1.0,False
2017-07-17,0.6347665786743164,0.6347665786743164,0.0,1.0,False
2017-07-18,0.6277247071266174,0.6277247071266174,0.0,1.0,False
2017-07-19,0.2997979521751404,0.2997979521751404,0.0,0.0,False
2017-07-20,0.44262978434562683,0.44262978434562683,0.0,0.0,False
2017-07-21,0.4705831706523895,0.4705831706523895,0.0,0.0,False
2017-07-24,0.5574849843978882,0.5574849843978882,0.0,0.0,False
2017-07-25,0.5578983426094055,0.5578983426094055,0.0,0.0,False
2017-07-26,0.44365933537483215,0.44365933537483215,0.0,0.0,False
2017-07-27,0.4532845914363861,0.4532845914363861,0.0,0.0,False
2017-07-28,0.4347090423107147,0.4347090423107147,0.0,0.0,False
2017-07-31,0.5355818271636963,0.5355818271636963,0.0,0.0,False
2017-08-01,0.513149619102478,0.513149619102478,0.0,0.0,False
2017-08-02,0.560917854309082,0.560917854309082,0.0,0.0,False
2017-08-03,0.6252114176750183,0.6252114176750183,0.0,1.0,False
2017-08-04,0.5981292724609375,0.5981292724609375,0.0,0.0,False
2017-08-07,0.6503630876541138,0.6503630876541138,0.0,1.0,False
2017-08-08,0.5485679507255554,0.5485679507255554,0.0,0.0,False
2017-08-09,0.5482088923454285,0.5482088923454285,0.0,0.0,False
2017-08-10,0.5228181481361389,0.5228181481361389,0.0,0.0,False
2017-08-11,0.6892999410629272,0.6892999410629272,0.0,1.0,False
2017-08-14,0.542111873626709,0.542111873626709,0.0,0.0,False
2017-08-15,0.6604764461517334,0.6604764461517334,0.0,1.0,False
2017-08-16,0.486974835395813,0.486974835395813,0.0,0.0,False
2017-08-17,0.5670883059501648,0.5670883059501648,0.0,0.0,False
2017-08-18,0.4413807988166809,0.4413807988166809,0.0,0.0,False
2017-08-21,0.6174065470695496,0.6174065470695496,0.0,1.0,False
2017-08-22,0.6307676434516907,0.6307676434516907,0.0,1.0,False
2017-08-23,0.6589787006378174,0.6589787006378174,0.0,1.0,False
2017-08-24,0.5329812169075012,0.5329812169075012,0.0,0.0,False
2017-08-25,0.45152726769447327,0.45152726769447327,0.0,0.0,False
2017-08-28,0.6223286390304565,0.6223286390304565,0.0,0.9912178687594961,False
2017-08-29,0.5550265312194824,0.5550265312194824,0.0,0.0,False
2017-08-30,0.6589500904083252,0.6589500904083252,0.0,0.9923792910804528,False
2017-08-31,0.6936216950416565,0.6936216950416565,0.0,0.9923792910804528,False
2017-09-01,0.6075528264045715,0.6075528264045715,0.0,0.9923792910804528,False
2017-09-04,0.5237392783164978,0.5237392783164978,1.0,0.0,True
2017-09-05,0.6002899408340454,0.6002899408340454,1.0,0.0,True
2017-09-06,0.5802265405654907,0.5802265405654907,1.0,0.0,True
2017-09-07,0.5748757123947144,0.5748757123947144,1.0,0.0,True
2017-09-08,0.6485310196876526,0.6485310196876526,1.0,0.0,True
2017-09-11,0.5408259034156799,0.5408259034156799,0.0,0.0,True
2017-09-12,0.4739721119403839,0.4739721119403839,0.0,0.0,True
2017-09-13,0.5015481114387512,0.5015481114387512,1.0,0.0,True
2017-09-14,0.4624808430671692,0.4624808430671692,1.0,0.0,True
2017-09-15,0.6490337252616882,0.6490337252616882,1.0,0.0,True
2017-09-18,0.516025722026825,0.516025722026825,1.0,0.0,True
2017-09-19,0.6009827256202698,0.6009827256202698,1.0,0.0,True
2017-09-20,0.5532565116882324,0.5532565116882324,1.0,0.0,True
2017-09-21,0.5434251427650452,0.5434251427650452,0.0,0.0,True
2017-09-22,0.5898772478103638,0.5898772478103638,0.0,0.0,True
2017-09-25,0.5726065635681152,0.5726065635681152,0.0,0.0,True
2017-09-26,0.4183242619037628,0.4183242619037628,0.0,0.0,True
2017-09-27,0.5815885663032532,0.5815885663032532,0.0,0.0,True
2017-09-28,0.5567096471786499,0.5567096471786499,0.0,0.0,True
2017-09-29,0.5478119254112244,0.5478119254112244,0.0,0.0,True
2017-10-02,0.557672381401062,0.557672381401062,0.0,0.0,True
2017-10-03,0.6302032470703125,0.6302032470703125,0.0,1.0,True
2017-10-04,0.5411022901535034,0.5411022901535034,0.0,0.0,True
2017-10-05,0.4948718249797821,0.4948718249797821,0.0,0.0,True
2017-10-06,0.5169134736061096,0.5169134736061096,0.0,0.0,True
2017-10-09,0.5332449674606323,0.5332449674606323,0.0,0.0,True
2017-10-10,0.4581246078014374,0.4581246078014374,0.0,0.0,True
2017-10-11,0.6461203694343567,0.6461203694343567,0.0,1.0,True
2017-10-12,0.6340478658676147,0.6340478658676147,0.0,1.0,True
2017-10-13,0.576339066028595,0.576339066028595,0.0,0.0,True
2017-10-16,0.47833797335624695,0.47833797335624695,0.0,0.0,True
2017-10-17,0.594370424747467,0.594370424747467,0.0,0.0,True
2017-10-18,0.5367403626441956,0.5367403626441956,0.0,0.0,True
2017-10-19,0.5220219492912292,0.5220219492912292,0.0,0.0,True
2017-10-20,0.6314254999160767,0.6314254999160767,0.0,1.0,True
2017-10-23,0.5233588218688965,0.5233588218688965,0.0,0.0,True
2017-10-24,0.7110792994499207,0.7110792994499207,0.0,1.0,True
2017-10-25,0.6237615346908569,0.6237615346908569,0.0,1.0,True
2017-10-26,0.34687572717666626,0.34687572717666626,0.0,0.0,True
2017-10-27,0.5185363292694092,0.5185363292694092,0.0,0.0,True
2017-10-30,0.6158028244972229,0.6158028244972229,0.0,1.0,True
2017-10-31,0.7061833739280701,0.7061833739280701,0.0,1.0,True
2017-11-01,0.6892029643058777,0.6892029643058777,0.0,1.0,True
2017-11-02,0.5790026783943176,0.5790026783943176,0.0,0.0,True
2017-11-03,0.6169986724853516,0.6169986724853516,0.0,1.0,True
2017-11-06,0.676754891872406,0.676754891872406,0.0,1.0,True
2017-11-07,0.6978998184204102,0.6978998184204102,0.0,1.0,True
2017-11-08,0.6458104848861694,0.6458104848861694,0.0,1.0,True
2017-11-09,0.7553463578224182,0.7553463578224182,0.0,1.0,True
2017-11-10,0.7339012026786804,0.7339012026786804,0.0,1.0,True
2017-11-13,0.712054431438446,0.712054431438446,0.0,1.0,True
2017-11-14,0.7267274856567383,0.7267274856567383,0.0,1.0,True
2017-11-15,0.6542434096336365,0.6542434096336365,0.0,1.0,True
2017-11-16,0.630582332611084,0.630582332611084,0.0,1.0,True
2017-11-17,0.7661660313606262,0.7661660313606262,0.0,1.0,True
2017-11-20,0.674521267414093,0.674521267414093,0.0,1.0,True
2017-11-21,0.6351028084754944,0.6351028084754944,0.0,1.0,True
2017-11-22,0.6147153377532959,0.6147153377532959,0.0,1.0,True
2017-11-23,0.4288860857486725,0.4288860857486725,0.0,0.0,True
2017-11-24,0.4406815767288208,0.4406815767288208,0.0,0.0,True
2017-11-27,0.6354674100875854,0.6354674100875854,0.0,1.0,True
2017-11-28,0.6853381991386414,0.6853381991386414,0.0,1.0,True
2017-11-29,0.6725314259529114,0.6725314259529114,0.0,1.0,True
2017-11-30,0.677935779094696,0.677935779094696,0.0,1.0,True
2017-12-01,0.5712613463401794,0.5712613463401794,0.0,0.0,True
2017-12-04,0.5745579600334167,0.5745579600334167,0.0,0.0,True
2017-12-05,0.5563804507255554,0.5563804507255554,0.0,0.0,True
2017-12-06,0.447982519865036,0.447982519865036,0.0,0.0,True
2017-12-07,0.670182466506958,0.670182466506958,0.0,1.0,True
2017-12-08,0.674089789390564,0.674089789390564,0.0,1.0,True
2017-12-11,0.749470591545105,0.749470591545105,0.0,1.0,True
2017-12-12,0.5029672384262085,0.5029672384262085,1.0,0.0,True
2017-12-13,0.6353403925895691,0.6353403925895691,1.0,0.0,True
2017-12-14,0.6730682253837585,0.6730682253837585,1.0,0.0,True
2017-12-15,0.7868329882621765,0.7868329882621765,1.0,0.0,True
2017-12-18,0.7937843203544617,0.7937843203544617,1.0,0.0,True
2017-12-19,0.4921382665634155,0.4921382665634155,1.0,0.0,True
2017-12-20,0.5738142132759094,0.5738142132759094,1.0,0.0,True
2017-12-21,0.6349483132362366,0.6349483132362366,1.0,0.0,True
2017-12-22,0.7662597298622131,0.7662597298622131,1.0,0.0,True
2017-12-25,0.7266190648078918,0.7266190648078918,1.0,0.0,True
2017-12-26,0.42721182107925415,0.42721182107925415,1.0,0.0,True
2017-12-27,0.6469752192497253,0.6469752192497253,1.0,0.0,True
2017-12-28,0.5238654613494873,0.5238654613494873,1.0,0.0,True
2017-12-29,0.5977455973625183,0.5977455973625183,1.0,0.0,True
2018-01-01,0.7091545462608337,0.7091545462608337,1.0,0.0,True
2018-01-02,0.685177743434906,0.685177743434906,1.0,0.0,True
2018-01-03,0.6005808711051941,0.6005808711051941,1.0,0.0,True
2018-01-04,0.5145227909088135,0.5145227909088135,1.0,0.0,True
2018-01-05,0.5358294248580933,0.5358294248580933,1.0,0.0,True
2018-01-08,0.6378374695777893,0.6378374695777893,1.0,0.0,True
2018-01-09,0.6645049452781677,0.6645049452781677,1.0,0.0,True
2018-01-10,0.6379870176315308,0.6379870176315308,1.0,0.0,True
2018-01-11,0.5290948748588562,0.5290948748588562,1.0,0.0,True
2018-01-12,0.45481130480766296,0.45481130480766296,1.0,0.0,True
2018-01-15,0.4651821255683899,0.4651821255683899,1.0,0.0,True
2018-01-16,0.5620006322860718,0.5620006322860718,1.0,0.0,True
2018-01-17,0.6721251010894775,0.6721251010894775,0.0,0.9536552137450828,True
2018-01-18,0.620624303817749,0.620624303817749,0.0,0.9536552137450828,True
2018-01-19,0.5389376878738403,0.5389376878738403,0.0,0.0,True
2018-01-22,0.6003478169441223,0.6003478169441223,0.0,1.0,True
2018-01-23,0.6578002572059631,0.6578002572059631,0.0,1.0,True
2018-01-24,0.5000942945480347,0.5000942945480347,0.0,0.0,True
2018-01-25,0.528485894203186,0.528485894203186,0.0,0.0,True
2018-01-26,0.4872138202190399,0.4872138202190399,0.0,0.0,True
2018-01-29,0.40436893701553345,0.40436893701553345,0.0,0.0,True
2018-01-30,0.5408852696418762,0.5408852696418762,0.0,0.0,True
2018-01-31,0.5042474865913391,0.5042474865913391,0.0,0.0,True
2018-02-01,0.42264091968536377,0.42264091968536377,0.0,0.0,True
2018-02-02,0.439695805311203,0.439695805311203,0.0,0.0,True
2018-02-05,0.6116689443588257,0.6116689443588257,0.0,1.0,True
2018-02-06,0.4296312630176544,0.4296312630176544,0.0,0.0,True
2018-02-07,0.5694725513458252,0.5694725513458252,0.0,0.0,True
2018-02-08,0.6691445708274841,0.6691445708274841,0.0,1.0,True
2018-02-09,0.6696937680244446,0.6696937680244446,0.0,1.0,True
2018-02-12,0.6020401120185852,0.6020401120185852,0.0,1.0,True
2018-02-13,0.6667497754096985,0.6667497754096985,0.0,1.0,True
2018-02-14,0.5887831449508667,0.5887831449508667,0.0,0.0,True
2018-02-15,0.6691580414772034,0.6691580414772034,0.0,1.0,True
2018-02-16,0.6437399983406067,0.6437399983406067,0.0,1.0,True
2018-02-19,0.6494920253753662,0.6494920253753662,0.0,1.0,True
2018-02-20,0.6899121403694153,0.6899121403694153,0.0,1.0,True
2018-02-21,0.5937690734863281,0.5937690734863281,0.0,0.0,True
2018-02-22,0.5824124813079834,0.5824124813079834,0.0,0.0,True
2018-02-23,0.5557525157928467,0.5557525157928467,0.0,0.0,True
2018-02-26,0.5052139759063721,0.5052139759063721,0.0,0.0,True
2018-02-27,0.5678209662437439,0.5678209662437439,0.0,0.0,True
2018-02-28,0.6020612716674805,0.6020612716674805,0.0,1.0,True
2018-03-01,0.5976278185844421,0.5976278185844421,0.0,0.0,True
2018-03-02,0.5589523315429688,0.5589523315429688,0.0,0.0,True
2018-03-05,0.5902194380760193,0.5902194380760193,0.0,0.0,True
2018-03-06,0.3412719666957855,0.3412719666957855,0.0,0.0,True
2018-03-07,0.27810442447662354,0.27810442447662354,0.0,0.0,True
2018-03-08,0.4753274917602539,0.4753274917602539,0.0,0.0,True
2018-03-09,0.3946800231933594,0.3946800231933594,0.0,0.0,True
2018-03-12,0.48600390553474426,0.48600390553474426,0.0,0.0,True
2018-03-13,0.5253402590751648,0.5253402590751648,0.0,0.0,True
2018-03-14,0.7387934923171997,0.7387934923171997,0.0,1.0,True
2018-03-15,0.6912752985954285,0.6912752985954285,0.0,1.0,True
2018-03-16,0.6932603120803833,0.6932603120803833,0.0,1.0,True
2018-03-19,0.6832175850868225,0.6832175850868225,0.0,1.0,True
2018-03-20,0.5690912008285522,0.5690912008285522,0.0,0.0,True
2018-03-21,0.6518856883049011,0.6518856883049011,0.0,1.0,True
2018-03-22,0.6604092121124268,0.6604092121124268,0.0,1.0,True
2018-03-23,0.6072490811347961,0.6072490811347961,1.0,0.0,True
2018-03-26,0.7115605473518372,0.7115605473518372,1.0,0.0,True
2018-03-27,0.6853916645050049,0.6853916645050049,1.0,0.0,True
2018-03-28,0.740656852722168,0.740656852722168,1.0,0.0,True
2018-03-29,0.6607774496078491,0.6607774496078491,1.0,0.0,True
2018-03-30,0.734400749206543,0.734400749206543,1.0,0.0,True
2018-04-02,0.7526759505271912,0.7526759505271912,1.0,0.0,True
2018-04-03,0.5782908797264099,0.5782908797264099,1.0,0.0,True
2018-04-04,0.5953221917152405,0.5953221917152405,1.0,0.0,True
2018-04-05,0.6302682161331177,0.6302682161331177,1.0,0.0,True
2018-04-06,0.4593367576599121,0.4593367576599121,1.0,0.0,True
2018-04-09,0.6311244368553162,0.6311244368553162,1.0,0.0,True
2018-04-10,0.6306703686714172,0.6306703686714172,1.0,0.0,True
2018-04-11,0.7019083499908447,0.7019083499908447,1.0,0.0,True
2018-04-12,0.6552149057388306,0.6552149057388306,1.0,0.0,True
2018-04-13,0.801010251045227,0.801010251045227,1.0,0.0,True
2018-04-16,0.7291297316551208,0.7291297316551208,1.0,0.0,True
2018-04-17,0.3075186312198639,0.3075186312198639,1.0,0.0,True
2018-04-18,0.4385167062282562,0.4385167062282562,1.0,0.0,True
2018-04-19,0.259865939617157,0.259865939617157,1.0,0.0,True
2018-04-20,0.48972928524017334,0.48972928524017334,1.0,0.0,True
2018-04-23,0.5175977945327759,0.5175977945327759,1.0,0.0,True
2018-04-24,0.45592811703681946,0.45592811703681946,1.0,0.0,True
2018-04-25,0.5110498666763306,0.5110498666763306,1.0,0.0,True
2018-04-26,0.29195982217788696,0.29195982217788696,1.0,0.0,True
2018-04-27,0.3489170968532562,0.3489170968532562,1.0,0.0,True
2018-04-30,0.41909059882164,0.41909059882164,1.0,0.0,True
2018-05-01,0.3897804915904999,0.3897804915904999,1.0,0.0,True
2018-05-02,0.3902059495449066,0.3902059495449066,1.0,0.0,True
2018-05-03,0.627934455871582,0.627934455871582,1.0,0.0,True
2018-05-04,0.6308732628822327,0.6308732628822327,1.0,0.0,True
2018-05-07,0.5957069993019104,0.5957069993019104,1.0,0.0,True
2018-05-08,0.720302164554596,0.720302164554596,1.0,0.0,True
2018-05-09,0.5880423188209534,0.5880423188209534,1.0,0.0,True
2018-05-10,0.5937439203262329,0.5937439203262329,1.0,0.0,True
2018-05-11,0.6387655735015869,0.6387655735015869,1.0,0.0,True
2018-05-14,0.5288072824478149,0.5288072824478149,1.0,0.0,True
2018-05-15,0.6927157640457153,0.6927157640457153,1.0,0.0,True
2018-05-16,0.6908733248710632,0.6908733248710632,1.0,0.0,True
2018-05-17,0.7368318438529968,0.7368318438529968,1.0,0.0,True
2018-05-18,0.5557417273521423,0.5557417273521423,0.0,0.0,True
2018-05-21,0.5617340207099915,0.5617340207099915,1.0,0.0,True
2018-05-22,0.6406142711639404,0.6406142711639404,1.0,0.0,True
2018-05-23,0.5689179301261902,0.5689179301261902,1.0,0.0,True
2018-05-24,0.522706925868988,0.522706925868988,0.0,0.0,True
2018-05-25,0.39809340238571167,0.39809340238571167,0.0,0.0,True
2018-05-28,0.47865474224090576,0.47865474224090576,0.0,0.0,True
2018-05-29,0.562829315662384,0.562829315662384,0.0,0.0,True
2018-05-30,0.6006918549537659,0.6006918549537659,0.0,1.0,True
2018-05-31,0.5261655449867249,0.5261655449867249,0.0,0.0,True
2018-06-01,0.5933365821838379,0.5933365821838379,0.0,0.0,True
2018-06-04,0.599316418170929,0.599316418170929,0.0,0.0,True
2018-06-05,0.6715813279151917,0.6715813279151917,0.0,1.0,True
2018-06-06,0.5194554924964905,0.5194554924964905,0.0,0.0,True
2018-06-07,0.560533881187439,0.560533881187439,0.0,0.0,True
2018-06-08,0.6240782737731934,0.6240782737731934,0.0,1.0,True
2018-06-11,0.557161271572113,0.557161271572113,0.0,0.0,True
2018-06-12,0.5747731328010559,0.5747731328010559,0.0,0.0,True
2018-06-13,0.5933772325515747,0.5933772325515747,0.0,0.0,True
2018-06-14,0.5024263262748718,0.5024263262748718,0.0,0.0,True
2018-06-15,0.6908124089241028,0.6908124089241028,0.0,1.0,True
2018-06-18,0.48427802324295044,0.48427802324295044,0.0,0.0,True
2018-06-19,0.544576108455658,0.544576108455658,1.0,0.0,True
2018-06-20,0.445688396692276,0.445688396692276,1.0,0.0,True
2018-06-21,0.6498318314552307,0.6498318314552307,1.0,0.0,True
2018-06-22,0.5529839396476746,0.5529839396476746,1.0,0.0,True
2018-06-25,0.6724313497543335,0.6724313497543335,1.0,0.0,True
2018-06-26,0.6835154891014099,0.6835154891014099,1.0,0.0,True
2018-06-27,0.6590994596481323,0.6590994596481323,1.0,0.0,True
2018-06-28,0.5079956650733948,0.5079956650733948,1.0,0.0,True
2018-06-29,0.5446808934211731,0.5446808934211731,1.0,0.0,True
2018-07-02,0.6591548919677734,0.6591548919677734,1.0,0.0,True
2018-07-03,0.5842887759208679,0.5842887759208679,1.0,0.0,True
2018-07-04,0.5112424492835999,0.5112424492835999,1.0,0.0,True
2018-07-05,0.5205085277557373,0.5205085277557373,2.0,0.0,True
2018-07-06,0.5627800226211548,0.5627800226211548,2.0,0.0,True
2018-07-09,0.4767589569091797,0.4767589569091797,2.0,0.0,True
2018-07-10,0.6121450662612915,0.6121450662612915,2.0,0.47283557117365466,True
2018-07-11,0.3776402771472931,0.3776402771472931,2.0,0.0,True
2018-07-12,0.49601465463638306,0.49601465463638306,2.0,0.0,True
2018-07-13,0.4129600524902344,0.4129600524902344,2.0,0.0,True
2018-07-16,0.5420660972595215,0.5420660972595215,2.0,0.0,True
2018-07-17,0.46928635239601135,0.46928635239601135,2.0,0.0,True
2018-07-18,0.22913341224193573,0.22913341224193573,2.0,0.0,True
2018-07-19,0.3517836928367615,0.3517836928367615,2.0,0.0,True
2018-07-20,0.43497058749198914,0.43497058749198914,2.0,0.0,True
2018-07-23,0.4778447151184082,0.4778447151184082,2.0,0.0,True
2018-07-24,0.4386778175830841,0.4386778175830841,2.0,0.0,True
2018-07-25,0.6234191060066223,0.6234191060066223,2.0,0.3951619867779102,True
2018-07-26,0.7305042147636414,0.7305042147636414,2.0,0.3951619867779102,True
2018-07-27,0.7212979197502136,0.7212979197502136,2.0,0.3951619867779102,True
2018-07-30,0.6837703585624695,0.6837703585624695,2.0,0.3951619867779102,True
2018-07-31,0.7408386468887329,0.7408386468887329,2.0,0.3951619867779102,True
2018-08-01,0.6396574378013611,0.6396574378013611,2.0,0.3951619867779102,True
2018-08-02,0.7390640377998352,0.7390640377998352,2.0,0.3951619867779102,True
2018-08-03,0.6764506697654724,0.6764506697654724,2.0,0.3951619867779102,True
2018-08-06,0.8229970932006836,0.8229970932006836,2.0,0.3951619867779102,True
2018-08-07,0.7926932573318481,0.7926932573318481,2.0,0.3951619867779102,True
2018-08-08,0.642752468585968,0.642752468585968,2.0,0.4954447466160325,True
2018-08-09,0.4161660075187683,0.4161660075187683,2.0,0.0,True
2018-08-10,0.5303611755371094,0.5303611755371094,2.0,0.0,True
2018-08-13,0.5504052639007568,0.5504052639007568,2.0,0.0,True
2018-08-14,0.5172694325447083,0.5172694325447083,2.0,0.0,True
2018-08-15,0.49268484115600586,0.49268484115600586,1.0,0.0,True
2018-08-16,0.613298237323761,0.613298237323761,1.0,0.0,True
2018-08-17,0.609320342540741,0.609320342540741,1.0,0.0,True
2018-08-20,0.5557563304901123,0.5557563304901123,1.0,0.0,True
2018-08-21,0.48701196908950806,0.48701196908950806,1.0,0.0,True
2018-08-22,0.5567215085029602,0.5567215085029602,1.0,0.0,True
2018-08-23,0.5021600127220154,0.5021600127220154,1.0,0.0,True
2018-08-24,0.6211158633232117,0.6211158633232117,1.0,0.0,True
2018-08-27,0.5713763236999512,0.5713763236999512,1.0,0.0,True
2018-08-28,0.6742829084396362,0.6742829084396362,1.0,0.0,True
2018-08-29,0.35369694232940674,0.35369694232940674,1.0,0.0,True
2018-08-30,0.3602004647254944,0.3602004647254944,0.0,0.0,True
2018-08-31,0.39393264055252075,0.39393264055252075,0.0,0.0,True
2018-09-03,0.32856619358062744,0.32856619358062744,0.0,0.0,True
2018-09-04,0.38050317764282227,0.38050317764282227,0.0,0.0,True
2018-09-05,0.18447238206863403,0.18447238206863403,0.0,0.0,True
2018-09-06,0.2648017704486847,0.2648017704486847,0.0,0.0,True
2018-09-07,0.23903390765190125,0.23903390765190125,0.0,0.0,True
2018-09-10,0.2681492567062378,0.2681492567062378,0.0,0.0,True
2018-09-11,0.25520122051239014,0.25520122051239014,0.0,0.0,True
2018-09-12,0.3298693299293518,0.3298693299293518,0.0,0.0,True
2018-09-13,0.3461211919784546,0.3461211919784546,0.0,0.0,True
2018-09-14,0.4691689610481262,0.4691689610481262,0.0,0.0,True
2018-09-17,0.507644772529602,0.507644772529602,0.0,0.0,True
2018-09-18,0.3811390995979309,0.3811390995979309,0.0,0.0,True
2018-09-19,0.3242116868495941,0.3242116868495941,0.0,0.0,True
2018-09-20,0.4064793884754181,0.4064793884754181,0.0,0.0,True
2018-09-21,0.42325714230537415,0.42325714230537415,0.0,0.0,True
2018-09-24,0.5065467357635498,0.5065467357635498,0.0,0.0,True
2018-09-25,0.4245753288269043,0.4245753288269043,0.0,0.0,True
2018-09-26,0.40739157795906067,0.40739157795906067,0.0,0.0,True
2018-09-27,0.41893839836120605,0.41893839836120605,0.0,0.0,True
2018-09-28,0.49966707825660706,0.49966707825660706,0.0,0.0,True
2018-10-01,0.7070397138595581,0.7070397138595581,0.0,1.0,True
2018-10-02,0.570313572883606,0.570313572883606,1.0,0.0,True
2018-10-03,0.5301638841629028,0.5301638841629028,0.0,0.0,True
2018-10-04,0.5867469906806946,0.5867469906806946,0.0,0.0,True
2018-10-05,0.5443713665008545,0.5443713665008545,1.0,0.0,True
2018-10-08,0.6830717921257019,0.6830717921257019,0.0,1.0,True
2018-10-09,0.47801658511161804,0.47801658511161804,1.0,0.0,True
2018-10-10,0.18602527678012848,0.18602527678012848,1.0,0.0,True
2018-10-11,0.18782182037830353,0.18782182037830353,1.0,0.0,True
2018-10-12,0.6546692848205566,0.6546692848205566,1.0,0.0,True
2018-10-15,0.5930830240249634,0.5930830240249634,1.0,0.0,True
2018-10-16,0.6183367967605591,0.6183367967605591,1.0,0.0,True
2018-10-17,0.5197153091430664,0.5197153091430664,1.0,0.0,True
2018-10-18,0.6401930451393127,0.6401930451393127,1.0,0.0,True
2018-10-19,0.6324300765991211,0.6324300765991211,1.0,0.0,True
2018-10-22,0.7087488174438477,0.7087488174438477,1.0,0.0,True
2018-10-23,0.7864072918891907,0.7864072918891907,1.0,0.0,True
2018-10-24,0.7133724689483643,0.7133724689483643,1.0,0.0,True
2018-10-25,0.6071463227272034,0.6071463227272034,1.0,0.0,True
2018-10-26,0.6672924160957336,0.6672924160957336,1.0,0.0,True
2018-10-29,0.7431047558784485,0.7431047558784485,1.0,0.0,True
2018-10-30,0.7326112389564514,0.7326112389564514,1.0,0.0,True
2018-10-31,0.7331007122993469,0.7331007122993469,1.0,0.0,True
2018-11-01,0.7481979131698608,0.7481979131698608,1.0,0.0,True
2018-11-02,0.7711707353591919,0.7711707353591919,1.0,0.0,True
2018-11-05,0.6286680102348328,0.6286680102348328,1.0,0.0,True
2018-11-06,0.7038962841033936,0.7038962841033936,1.0,0.0,True
2018-11-07,0.7189735174179077,0.7189735174179077,1.0,0.0,True
2018-11-08,0.5989428758621216,0.5989428758621216,1.0,0.0,True
2018-11-09,0.29364824295043945,0.29364824295043945,1.0,0.0,True
2018-11-12,0.29924410581588745,0.29924410581588745,1.0,0.0,True
2018-11-13,0.43805909156799316,0.43805909156799316,1.0,0.0,True
2018-11-14,0.4461377263069153,0.4461377263069153,2.0,0.0,True
2018-11-15,0.45588037371635437,0.45588037371635437,2.0,0.0,True
2018-11-16,0.6336445212364197,0.6336445212364197,2.0,0.5823959206551034,True
2018-11-19,0.6260085701942444,0.6260085701942444,2.0,0.5823959206551034,True
2018-11-20,0.5237809419631958,0.5237809419631958,2.0,0.0,True
2018-11-21,0.5651829838752747,0.5651829838752747,2.0,0.0,True
2018-11-22,0.35578596591949463,0.35578596591949463,2.0,0.0,True
2018-11-23,0.3890044093132019,0.3890044093132019,2.0,0.0,True
2018-11-26,0.5059844851493835,0.5059844851493835,2.0,0.0,True
2018-11-27,0.5129538774490356,0.5129538774490356,2.0,0.0,True
2018-11-28,0.6614870429039001,0.6614870429039001,2.0,0.5294467746084639,True
2018-11-29,0.579361617565155,0.579361617565155,2.0,0.0,True
2018-11-30,0.332248330116272,0.332248330116272,2.0,0.0,True
2018-12-03,0.35113054513931274,0.35113054513931274,2.0,0.0,True
2018-12-04,0.3997848927974701,0.3997848927974701,2.0,0.0,True
2018-12-05,0.330994188785553,0.330994188785553,2.0,0.0,True
2018-12-06,0.411005437374115,0.411005437374115,2.0,0.0,True
2018-12-07,0.47568479180336,0.47568479180336,2.0,0.0,True
2018-12-10,0.3947591483592987,0.3947591483592987,1.0,0.0,True
2018-12-11,0.5017597079277039,0.5017597079277039,1.0,0.0,True
2018-12-12,0.24355389177799225,0.24355389177799225,2.0,0.0,True
2018-12-13,0.4991883635520935,0.4991883635520935,1.0,0.0,True
2018-12-14,0.4244978427886963,0.4244978427886963,1.0,0.0,True
2018-12-17,0.42320516705513,0.42320516705513,1.0,0.0,True
2018-12-18,0.4746384024620056,0.4746384024620056,1.0,0.0,True
2018-12-19,0.6135075688362122,0.6135075688362122,0.0,1.0,True
2018-12-20,0.5380178689956665,0.5380178689956665,0.0,0.0,True
2018-12-21,0.3887045383453369,0.3887045383453369,0.0,0.0,True
2018-12-24,0.4742305874824524,0.4742305874824524,0.0,0.0,True
2018-12-25,0.33085694909095764,0.33085694909095764,0.0,0.0,True
2018-12-26,0.31221139430999756,0.31221139430999756,0.0,0.0,True
2018-12-27,0.3649822175502777,0.3649822175502777,0.0,0.0,True
2018-12-28,0.46550920605659485,0.46550920605659485,0.0,0.0,True
2018-12-31,0.4154895544052124,0.4154895544052124,0.0,0.0,True
2019-01-01,0.40971142053604126,0.40971142053604126,0.0,0.0,True
2019-01-02,0.340973824262619,0.340973824262619,0.0,0.0,True
2019-01-03,0.2961885631084442,0.2961885631084442,0.0,0.0,True
2019-01-04,0.5350358486175537,0.5350358486175537,0.0,0.0,True
2019-01-07,0.4503088891506195,0.4503088891506195,0.0,0.0,True
2019-01-08,0.45418214797973633,0.45418214797973633,0.0,0.0,True
2019-01-09,0.4820214509963989,0.4820214509963989,0.0,0.0,True
2019-01-10,0.6531539559364319,0.6531539559364319,0.0,1.0,True
2019-01-11,0.6162956953048706,0.6162956953048706,0.0,1.0,True
2019-01-14,0.567790687084198,0.567790687084198,0.0,0.0,True
2019-01-15,0.45318692922592163,0.45318692922592163,0.0,0.0,True
2019-01-16,0.4596449136734009,0.4596449136734009,0.0,0.0,True
2019-01-17,0.534615159034729,0.534615159034729,0.0,0.0,True
2019-01-18,0.5783771872520447,0.5783771872520447,0.0,0.0,True
2019-01-21,0.6667582392692566,0.6667582392692566,0.0,1.0,True
2019-01-22,0.5905349254608154,0.5905349254608154,0.0,0.0,True
2019-01-23,0.5646515488624573,0.5646515488624573,0.0,0.0,True
2019-01-24,0.42156511545181274,0.42156511545181274,0.0,0.0,True
2019-01-25,0.6491460204124451,0.6491460204124451,0.0,1.0,True
2019-01-28,0.6608954668045044,0.6608954668045044,0.0,1.0,True
2019-01-29,0.6194462776184082,0.6194462776184082,0.0,1.0,True
2019-01-30,0.5528562664985657,0.5528562664985657,0.0,0.0,True
2019-01-31,0.674168586730957,0.674168586730957,0.0,1.0,True
2019-02-01,0.5326622724533081,0.5326622724533081,0.0,0.0,True
2019-02-04,0.5464043617248535,0.5464043617248535,0.0,0.0,True
2019-02-05,0.3405267894268036,0.3405267894268036,0.0,0.0,True
2019-02-06,0.40757620334625244,0.40757620334625244,0.0,0.0,True
2019-02-07,0.5300108194351196,0.5300108194351196,0.0,0.0,True
2019-02-08,0.4774303734302521,0.4774303734302521,0.0,0.0,True
2019-02-11,0.6179535984992981,0.6179535984992981,0.0,1.0,True
2019-02-12,0.6510230898857117,0.6510230898857117,0.0,1.0,True
2019-02-13,0.5316765904426575,0.5316765904426575,0.0,0.0,True
2019-02-14,0.5516307353973389,0.5516307353973389,0.0,0.0,True
2019-02-15,0.6755082011222839,0.6755082011222839,0.0,1.0,True
2019-02-18,0.5798922181129456,0.5798922181129456,0.0,0.0,True
2019-02-19,0.4512709081172943,0.4512709081172943,0.0,0.0,True
2019-02-20,0.5145971775054932,0.5145971775054932,0.0,0.0,True
2019-02-21,0.5483784079551697,0.5483784079551697,0.0,0.0,True
2019-02-22,0.4994513988494873,0.4994513988494873,0.0,0.0,True
2019-02-25,0.4621290862560272,0.4621290862560272,0.0,0.0,True
2019-02-26,0.5091305375099182,0.5091305375099182,0.0,0.0,True
2019-02-27,0.44817233085632324,0.44817233085632324,0.0,0.0,True
2019-02-28,0.5244130492210388,0.5244130492210388,0.0,0.0,True
2019-03-01,0.6119229197502136,0.6119229197502136,0.0,1.0,True
2019-03-04,0.6114364862442017,0.6114364862442017,0.0,1.0,True
2019-03-05,0.5043349266052246,0.5043349266052246,0.0,0.0,True
2019-03-06,0.46359825134277344,0.46359825134277344,0.0,0.0,True
2019-03-07,0.603050172328949,0.603050172328949,0.0,1.0,True
2019-03-08,0.6236788630485535,0.6236788630485535,0.0,1.0,True
2019-03-11,0.6008628010749817,0.6008628010749817,0.0,1.0,True
2019-03-12,0.6650757789611816,0.6650757789611816,0.0,1.0,True
2019-03-13,0.670689046382904,0.670689046382904,0.0,1.0,True
2019-03-14,0.5696281790733337,0.5696281790733337,0.0,0.0,True
2019-03-15,0.4196069836616516,0.4196069836616516,0.0,0.0,True
2019-03-18,0.4318861663341522,0.4318861663341522,0.0,0.0,True
2019-03-19,0.3599940836429596,0.3599940836429596,0.0,0.0,True
2019-03-20,0.4205700755119324,0.4205700755119324,0.0,0.0,True
2019-03-21,0.5204130411148071,0.5204130411148071,0.0,0.0,True
2019-03-22,0.25428321957588196,0.25428321957588196,1.0,0.0,True
2019-03-25,0.36497947573661804,0.36497947573661804,1.0,0.0,True
2019-03-26,0.4129556715488434,0.4129556715488434,1.0,0.0,True
2019-03-27,0.543938398361206,0.543938398361206,1.0,0.0,True
2019-03-28,0.3994891047477722,0.3994891047477722,1.0,0.0,True
2019-03-29,0.5125364661216736,0.5125364661216736,1.0,0.0,True
2019-04-01,0.34316349029541016,0.34316349029541016,1.0,0.0,True
2019-04-02,0.5043119192123413,0.5043119192123413,1.0,0.0,True
2019-04-03,0.5594670176506042,0.5594670176506042,1.0,0.0,True
2019-04-04,0.7529776692390442,0.7529776692390442,1.0,0.0,True
2019-04-05,0.6994608044624329,0.6994608044624329,1.0,0.0,True
2019-04-08,0.7376607656478882,0.7376607656478882,1.0,0.0,True
2019-04-09,0.6826352477073669,0.6826352477073669,1.0,0.0,True
2019-04-10,0.6832112073898315,0.6832112073898315,1.0,0.0,True
2019-04-11,0.6842607855796814,0.6842607855796814,1.0,0.0,True
2019-04-12,0.6231014728546143,0.6231014728546143,1.0,0.0,True
2019-04-15,0.5723708868026733,0.5723708868026733,1.0,0.0,True
2019-04-16,0.49062108993530273,0.49062108993530273,1.0,0.0,True
2019-04-17,0.6388502717018127,0.6388502717018127,1.0,0.0,True
2019-04-18,0.5432777404785156,0.5432777404785156,1.0,0.0,True
2019-04-19,0.6981517672538757,0.6981517672538757,1.0,0.0,True
2019-04-22,0.7367989420890808,0.7367989420890808,1.0,0.0,True
2019-04-23,0.5018974542617798,0.5018974542617798,1.0,0.0,True
2019-04-24,0.6488954424858093,0.6488954424858093,1.0,0.0,True
2019-04-25,0.5840023159980774,0.5840023159980774,1.0,0.0,True
2019-04-26,0.6046363115310669,0.6046363115310669,1.0,0.0,True
2019-04-29,0.6058545708656311,0.6058545708656311,1.0,0.0,True
2019-04-30,0.6166144609451294,0.6166144609451294,1.0,0.0,True
2019-05-01,0.580416202545166,0.580416202545166,1.0,0.0,True
2019-05-02,0.6054191589355469,0.6054191589355469,1.0,0.0,True
2019-05-03,0.6235783100128174,0.6235783100128174,1.0,0.0,True
2019-05-06,0.6510733962059021,0.6510733962059021,1.0,0.0,True
2019-05-07,0.6103276014328003,0.6103276014328003,1.0,0.0,True
2019-05-08,0.6962076425552368,0.6962076425552368,0.0,1.0,True
2019-05-09,0.646318256855011,0.646318256855011,0.0,1.0,True
2019-05-10,0.5817606449127197,0.5817606449127197,0.0,0.0,True
2019-05-13,0.5745234489440918,0.5745234489440918,1.0,0.0,True
2019-05-14,0.5726791024208069,0.5726791024208069,1.0,0.0,True
2019-05-15,0.6094929575920105,0.6094929575920105,0.0,0.9589467487342778,True
2019-05-16,0.6165292859077454,0.6165292859077454,0.0,0.9589467487342778,True
2019-05-17,0.6987162232398987,0.6987162232398987,0.0,0.9589467487342778,True
2019-05-20,0.5817937850952148,0.5817937850952148,0.0,0.0,True
2019-05-21,0.6852009296417236,0.6852009296417236,0.0,1.0,True
2019-05-22,0.7025249600410461,0.7025249600410461,0.0,1.0,True
2019-05-23,0.690846860408783,0.690846860408783,0.0,1.0,True
2019-05-24,0.37626877427101135,0.37626877427101135,1.0,0.0,True
2019-05-27,0.5037891268730164,0.5037891268730164,1.0,0.0,True
2019-05-28,0.7277151942253113,0.7277151942253113,1.0,0.0,True
2019-05-29,0.6753298044204712,0.6753298044204712,0.0,1.0,True
2019-05-30,0.7011705636978149,0.7011705636978149,0.0,1.0,True
2019-05-31,0.3726343512535095,0.3726343512535095,0.0,0.0,True
2019-06-03,0.6243007183074951,0.6243007183074951,0.0,1.0,True
2019-06-04,0.6145011186599731,0.6145011186599731,0.0,1.0,True
2019-06-05,0.556900143623352,0.556900143623352,0.0,0.0,True
2019-06-06,0.6182702779769897,0.6182702779769897,0.0,1.0,True
2019-06-07,0.5971671938896179,0.5971671938896179,0.0,0.0,True
2019-06-10,0.5871415734291077,0.5871415734291077,0.0,0.0,True
2019-06-11,0.634768009185791,0.634768009185791,0.0,1.0,True
2019-06-12,0.6244882941246033,0.6244882941246033,0.0,1.0,True
2019-06-13,0.5476220846176147,0.5476220846176147,0.0,0.0,True
2019-06-14,0.5880405902862549,0.5880405902862549,0.0,0.0,True
2019-06-17,0.568178653717041,0.568178653717041,0.0,0.0,True
2019-06-18,0.524526059627533,0.524526059627533,0.0,0.0,True
2019-06-19,0.5274257659912109,0.5274257659912109,0.0,0.0,True
2019-06-20,0.4829649031162262,0.4829649031162262,0.0,0.0,True
2019-06-21,0.35304710268974304,0.35304710268974304,0.0,0.0,True
2019-06-24,0.45723533630371094,0.45723533630371094,0.0,0.0,True
2019-06-25,0.34687474370002747,0.34687474370002747,0.0,0.0,True
2019-06-26,0.30041059851646423,0.30041059851646423,0.0,0.0,True
2019-06-27,0.3911885917186737,0.3911885917186737,0.0,0.0,True
2019-06-28,0.4509543776512146,0.4509543776512146,0.0,0.0,True
2019-07-01,0.5220521092414856,0.5220521092414856,0.0,0.0,True
2019-07-02,0.5018712878227234,0.5018712878227234,0.0,0.0,True
2019-07-03,0.44811439514160156,0.44811439514160156,0.0,0.0,True
2019-07-04,0.6417475342750549,0.6417475342750549,0.0,1.0,True
2019-07-05,0.5117769837379456,0.5117769837379456,0.0,0.0,True
2019-07-08,0.5183985233306885,0.5183985233306885,0.0,0.0,True
2019-07-09,0.5092900991439819,0.5092900991439819,0.0,0.0,True
2019-07-10,0.4971540868282318,0.4971540868282318,0.0,0.0,True
2019-07-11,0.48434123396873474,0.48434123396873474,0.0,0.0,True
2019-07-12,0.5548749566078186,0.5548749566078186,0.0,0.0,True
2019-07-15,0.3996184468269348,0.3996184468269348,0.0,0.0,True
2019-07-16,0.44302043318748474,0.44302043318748474,1.0,0.0,True
2019-07-17,0.5193130373954773,0.5193130373954773,1.0,0.0,True
2019-07-18,0.44265103340148926,0.44265103340148926,1.0,0.0,True
2019-07-19,0.5933152437210083,0.5933152437210083,1.0,0.0,True
2019-07-22,0.531239926815033,0.531239926815033,1.0,0.0,True
2019-07-23,0.5320237874984741,0.5320237874984741,1.0,0.0,True
2019-07-24,0.49013686180114746,0.49013686180114746,1.0,0.0,True
2019-07-25,0.438538134098053,0.438538134098053,1.0,0.0,True
2019-07-26,0.5324281454086304,0.5324281454086304,1.0,0.0,True
2019-07-29,0.5640166401863098,0.5640166401863098,1.0,0.0,True
2019-07-30,0.634753406047821,0.634753406047821,1.0,0.0,True
2019-07-31,0.6026471257209778,0.6026471257209778,1.0,0.0,True
2019-08-01,0.6290528178215027,0.6290528178215027,1.0,0.0,True
2019-08-02,0.5985099673271179,0.5985099673271179,1.0,0.0,True
2019-08-05,0.4540005326271057,0.4540005326271057,1.0,0.0,True
2019-08-06,0.4011152684688568,0.4011152684688568,1.0,0.0,True
2019-08-07,0.6297600865364075,0.6297600865364075,1.0,0.0,True
2019-08-08,0.5859106183052063,0.5859106183052063,1.0,0.0,True
2019-08-09,0.5084099769592285,0.5084099769592285,1.0,0.0,True
2019-08-12,0.684207022190094,0.684207022190094,0.0,1.0,True
2019-08-13,0.5929082632064819,0.5929082632064819,0.0,0.0,True
2019-08-14,0.7075426578521729,0.7075426578521729,0.0,1.0,True
2019-08-15,0.7038936614990234,0.7038936614990234,0.0,1.0,True
2019-08-16,0.6145797371864319,0.6145797371864319,0.0,1.0,True
2019-08-19,0.6977415680885315,0.6977415680885315,0.0,1.0,True
2019-08-20,0.5707224011421204,0.5707224011421204,0.0,0.0,True
2019-08-21,0.7203755974769592,0.7203755974769592,0.0,1.0,True
2019-08-22,0.6849095821380615,0.6849095821380615,0.0,1.0,True
2019-08-23,0.4869672656059265,0.4869672656059265,0.0,0.0,True
2019-08-26,0.5482678413391113,0.5482678413391113,0.0,0.0,True
2019-08-27,0.4339098036289215,0.4339098036289215,0.0,0.0,True
2019-08-28,0.5474388599395752,0.5474388599395752,0.0,0.0,True
2019-08-29,0.6675072312355042,0.6675072312355042,0.0,1.0,True
2019-08-30,0.6338744163513184,0.6338744163513184,0.0,1.0,True
2019-09-02,0.6720753312110901,0.6720753312110901,0.0,1.0,True
2019-09-03,0.6526216864585876,0.6526216864585876,0.0,1.0,True
2019-09-04,0.5738728642463684,0.5738728642463684,0.0,0.0,True
2019-09-05,0.4863564074039459,0.4863564074039459,0.0,0.0,True
2019-09-06,0.4308905303478241,0.4308905303478241,0.0,0.0,True
2019-09-09,0.44868916273117065,0.44868916273117065,0.0,0.0,True
2019-09-10,0.4195762574672699,0.4195762574672699,0.0,0.0,True
2019-09-11,0.3912658989429474,0.3912658989429474,0.0,0.0,True
2019-09-12,0.39022475481033325,0.39022475481033325,0.0,0.0,True
2019-09-13,0.3913481831550598,0.3913481831550598,0.0,0.0,True
2019-09-16,0.449974000453949,0.449974000453949,0.0,0.0,True
2019-09-17,0.4666667878627777,0.4666667878627777,0.0,0.0,True
2019-09-18,0.4409918189048767,0.4409918189048767,0.0,0.0,True
2019-09-19,0.5907195806503296,0.5907195806503296,0.0,0.0,True
2019-09-20,0.6407219767570496,0.6407219767570496,1.0,0.0,True
2019-09-23,0.6565662026405334,0.6565662026405334,1.0,0.0,True
2019-09-24,0.560766875743866,0.560766875743866,1.0,0.0,True
2019-09-25,0.6540547609329224,0.6540547609329224,1.0,0.0,True
2019-09-26,0.6342021226882935,0.6342021226882935,0.0,1.0,True
2019-09-27,0.7571385502815247,0.7571385502815247,1.0,0.0,True
2019-09-30,0.6847096681594849,0.6847096681594849,1.0,0.0,True
2019-10-01,0.5038334727287292,0.5038334727287292,1.0,0.0,True
2019-10-02,0.5396450757980347,0.5396450757980347,1.0,0.0,True
2019-10-03,0.5586984157562256,0.5586984157562256,0.0,0.0,True
2019-10-04,0.7185925841331482,0.7185925841331482,0.0,1.0,True
2019-10-07,0.5187714099884033,0.5187714099884033,0.0,0.0,True
2019-10-08,0.5368990302085876,0.5368990302085876,0.0,0.0,True
2019-10-09,0.5792115330696106,0.5792115330696106,0.0,0.0,True
2019-10-10,0.5815082788467407,0.5815082788467407,0.0,0.0,True
2019-10-11,0.5629470348358154,0.5629470348358154,0.0,0.0,True
2019-10-14,0.6102524399757385,0.6102524399757385,0.0,1.0,True
2019-10-15,0.6363252997398376,0.6363252997398376,0.0,1.0,True
2019-10-16,0.6035485863685608,0.6035485863685608,0.0,1.0,True
2019-10-17,0.5355131030082703,0.5355131030082703,0.0,0.0,True
2019-10-18,0.5512142181396484,0.5512142181396484,0.0,0.0,True
2019-10-21,0.5526068210601807,0.5526068210601807,0.0,0.0,True
2019-10-22,0.5022674798965454,0.5022674798965454,0.0,0.0,True
2019-10-23,0.4787258505821228,0.4787258505821228,0.0,0.0,True
2019-10-24,0.5001586675643921,0.5001586675643921,1.0,0.0,True
2019-10-25,0.6307283043861389,0.6307283043861389,1.0,0.0,True
2019-10-28,0.5605135560035706,0.5605135560035706,1.0,0.0,True
2019-10-29,0.5823246240615845,0.5823246240615845,1.0,0.0,True
2019-10-30,0.709030032157898,0.709030032157898,1.0,0.0,True
2019-10-31,0.8261538743972778,0.8261538743972778,1.0,0.0,True
2019-11-01,0.7784063220024109,0.7784063220024109,1.0,0.0,True
2019-11-04,0.8236191272735596,0.8236191272735596,1.0,0.0,True
2019-11-05,0.7794235944747925,0.7794235944747925,1.0,0.0,True
2019-11-06,0.6740550994873047,0.6740550994873047,1.0,0.0,True
2019-11-07,0.6208910942077637,0.6208910942077637,1.0,0.0,True
2019-11-08,0.6267145872116089,0.6267145872116089,1.0,0.0,True
2019-11-11,0.5806226134300232,0.5806226134300232,1.0,0.0,True
2019-11-12,0.5444543361663818,0.5444543361663818,1.0,0.0,True
2019-11-13,0.5965415835380554,0.5965415835380554,1.0,0.0,True
2019-11-14,0.6099410057067871,0.6099410057067871,0.0,1.0,True
2019-11-15,0.566558837890625,0.566558837890625,0.0,0.0,True
2019-11-18,0.7102901935577393,0.7102901935577393,0.0,1.0,True
2019-11-19,0.6382230520248413,0.6382230520248413,0.0,1.0,True
2019-11-20,0.6995096802711487,0.6995096802711487,0.0,1.0,True
2019-11-21,0.6558176279067993,0.6558176279067993,0.0,1.0,True
2019-11-22,0.6217581629753113,0.6217581629753113,0.0,1.0,True
2019-11-25,0.5380462408065796,0.5380462408065796,0.0,0.0,True
2019-11-26,0.6390182971954346,0.6390182971954346,0.0,1.0,True
2019-11-27,0.7125604748725891,0.7125604748725891,0.0,1.0,True
2019-11-28,0.7602803707122803,0.7602803707122803,0.0,1.0,True
2019-11-29,0.6544409394264221,0.6544409394264221,0.0,1.0,True
2019-12-02,0.6024109721183777,0.6024109721183777,0.0,1.0,True
2019-12-03,0.6345574855804443,0.6345574855804443,0.0,1.0,True
2019-12-04,0.5983889698982239,0.5983889698982239,0.0,0.0,True
2019-12-05,0.5414876937866211,0.5414876937866211,0.0,0.0,True
2019-12-06,0.6061378121376038,0.6061378121376038,0.0,1.0,True
2019-12-09,0.6586022973060608,0.6586022973060608,0.0,1.0,True
2019-12-10,0.3783648610115051,0.3783648610115051,0.0,0.0,True
2019-12-11,0.7103843688964844,0.7103843688964844,0.0,1.0,True
2019-12-12,0.7109776735305786,0.7109776735305786,0.0,1.0,True
2019-12-13,0.5026633739471436,0.5026633739471436,0.0,0.0,True
2019-12-16,0.5414533019065857,0.5414533019065857,0.0,0.0,True
2019-12-17,0.5347643494606018,0.5347643494606018,0.0,0.0,True
2019-12-18,0.7133252024650574,0.7133252024650574,0.0,1.0,True
2019-12-19,0.5601877570152283,0.5601877570152283,0.0,0.0,True
2019-12-20,0.556501567363739,0.556501567363739,0.0,0.0,True
2019-12-23,0.6165083050727844,0.6165083050727844,0.0,1.0,True
2019-12-24,0.6867097020149231,0.6867097020149231,0.0,1.0,True
2019-12-25,0.7037158608436584,0.7037158608436584,0.0,1.0,True
2019-12-26,0.601966142654419,0.601966142654419,0.0,1.0,True
2019-12-27,0.5898719429969788,0.5898719429969788,0.0,0.0,True
2019-12-30,0.4962185323238373,0.4962185323238373,0.0,0.0,True
2019-12-31,0.4545007646083832,0.4545007646083832,0.0,0.0,True
2020-01-01,0.4226685166358948,0.4226685166358948,0.0,0.0,True
2020-01-02,0.4698522090911865,0.4698522090911865,1.0,0.0,True
2020-01-03,0.5693594217300415,0.5693594217300415,1.0,0.0,True
2020-01-06,0.4212997853755951,0.4212997853755951,1.0,0.0,True
2020-01-07,0.539015531539917,0.539015531539917,1.0,0.0,True
2020-01-08,0.5462037920951843,0.5462037920951843,1.0,0.0,True
2020-01-09,0.4732966721057892,0.4732966721057892,1.0,0.0,True
2020-01-10,0.5211251974105835,0.5211251974105835,0.0,0.0,True
2020-01-13,0.4299490749835968,0.4299490749835968,1.0,0.0,True
2020-01-14,0.4644818902015686,0.4644818902015686,1.0,0.0,True
2020-01-15,0.6263691782951355,0.6263691782951355,1.0,0.0,True
2020-01-16,0.6006011366844177,0.6006011366844177,1.0,0.0,True
2020-01-17,0.5510726571083069,0.5510726571083069,1.0,0.0,True
2020-01-20,0.6305598020553589,0.6305598020553589,1.0,0.0,True
2020-01-21,0.5973690152168274,0.5973690152168274,1.0,0.0,True
2020-01-22,0.6163778305053711,0.6163778305053711,1.0,0.0,True
2020-01-23,0.6385446190834045,0.6385446190834045,1.0,0.0,True
2020-01-24,0.6228480935096741,0.6228480935096741,1.0,0.0,True
2020-01-27,0.6086283922195435,0.6086283922195435,0.0,1.0,True
2020-01-28,0.5826942324638367,0.5826942324638367,0.0,0.0,True
2020-01-29,0.5499363541603088,0.5499363541603088,0.0,0.0,True
2020-01-30,0.5456610918045044,0.5456610918045044,0.0,0.0,True
2020-01-31,0.5076133608818054,0.5076133608818054,0.0,0.0,True
2020-02-03,0.5499873161315918,0.5499873161315918,0.0,0.0,True
2020-02-04,0.5877107977867126,0.5877107977867126,0.0,0.0,True
2020-02-05,0.6647012233734131,0.6647012233734131,0.0,1.0,True
2020-02-06,0.5808518528938293,0.5808518528938293,0.0,0.0,True
2020-02-07,0.7040709853172302,0.7040709853172302,0.0,1.0,True
2020-02-10,0.7256913185119629,0.7256913185119629,0.0,1.0,True
2020-02-11,0.540612518787384,0.540612518787384,0.0,0.0,True
2020-02-12,0.6181825399398804,0.6181825399398804,0.0,1.0,True
2020-02-13,0.587030291557312,0.587030291557312,0.0,0.0,True
2020-02-14,0.5057904720306396,0.5057904720306396,0.0,0.0,True
2020-02-17,0.5208896398544312,0.5208896398544312,0.0,0.0,True
2020-02-18,0.6280691027641296,0.6280691027641296,1.0,0.0,True
2020-02-19,0.4910312592983246,0.4910312592983246,1.0,0.0,True
2020-02-20,0.39435145258903503,0.39435145258903503,1.0,0.0,True
2020-02-21,0.46897318959236145,0.46897318959236145,1.0,0.0,True
2020-02-24,0.4829553961753845,0.4829553961753845,1.0,0.0,True
2020-02-25,0.44529953598976135,0.44529953598976135,1.0,0.0,True
2020-02-26,0.39305564761161804,0.39305564761161804,1.0,0.0,True
2020-02-27,0.26105254888534546,0.26105254888534546,1.0,0.0,True
2020-02-28,0.45474597811698914,0.45474597811698914,1.0,0.0,True
2020-03-02,0.5072984099388123,0.5072984099388123,1.0,0.0,True
2020-03-03,0.5788209438323975,0.5788209438323975,1.0,0.0,True
2020-03-04,0.48539307713508606,0.48539307713508606,1.0,0.0,True
2020-03-05,0.4789966940879822,0.4789966940879822,1.0,0.0,True
2020-03-06,0.569692075252533,0.569692075252533,1.0,0.0,True
2020-03-09,0.4962608516216278,0.4962608516216278,1.0,0.0,True
2020-03-10,0.35666680335998535,0.35666680335998535,1.0,0.0,True
2020-03-11,0.48514482378959656,0.48514482378959656,1.0,0.0,True
2020-03-12,0.4569041132926941,0.4569041132926941,1.0,0.0,True
2020-03-13,0.5229172110557556,0.5229172110557556,1.0,0.0,True
2020-03-16,0.5893746018409729,0.5893746018409729,1.0,0.0,True
2020-03-17,0.49034303426742554,0.49034303426742554,2.0,0.0,True
2020-03-18,0.5094638466835022,0.5094638466835022,2.0,0.0,True
2020-03-19,0.5069921016693115,0.5069921016693115,2.0,0.0,True
2020-03-20,0.5659565329551697,0.5659565329551697,1.0,0.0,True
2020-03-23,0.5676549673080444,0.5676549673080444,1.0,0.0,True
2020-03-24,0.5350983738899231,0.5350983738899231,1.0,0.0,True
2020-03-25,0.39288684725761414,0.39288684725761414,1.0,0.0,True
2020-03-26,0.5793672800064087,0.5793672800064087,1.0,0.0,True
2020-03-27,0.6298068165779114,0.6298068165779114,1.0,0.0,True
2020-03-30,0.5447084307670593,0.5447084307670593,1.0,0.0,True
2020-03-31,0.5137933492660522,0.5137933492660522,1.0,0.0,True
2020-04-01,0.42276039719581604,0.42276039719581604,1.0,0.0,True
2020-04-02,0.4297778308391571,0.4297778308391571,1.0,0.0,True
2020-04-03,0.498566210269928,0.498566210269928,1.0,0.0,True
2020-04-06,0.46683186292648315,0.46683186292648315,1.0,0.0,True
2020-04-07,0.4762409031391144,0.4762409031391144,1.0,0.0,True
2020-04-08,0.5201294422149658,0.5201294422149658,1.0,0.0,True
2020-04-09,0.5863524675369263,0.5863524675369263,1.0,0.0,True
2020-04-10,0.6355686783790588,0.6355686783790588,1.0,0.0,True
2020-04-13,0.6627982258796692,0.6627982258796692,0.0,1.0,True
2020-04-14,0.46019265055656433,0.46019265055656433,0.0,0.0,True
2020-04-15,0.5092329978942871,0.5092329978942871,0.0,0.0,True
2020-04-16,0.7085518836975098,0.7085518836975098,0.0,1.0,True
2020-04-17,0.6568660736083984,0.6568660736083984,0.0,1.0,True
2020-04-20,0.7281409502029419,0.7281409502029419,0.0,1.0,True
2020-04-21,0.41277775168418884,0.41277775168418884,0.0,0.0,True
2020-04-22,0.4486076533794403,0.4486076533794403,0.0,0.0,True
2020-04-23,0.39897826313972473,0.39897826313972473,0.0,0.0,True
2020-04-24,0.5528043508529663,0.5528043508529663,1.0,0.0,True
2020-04-27,0.6201696991920471,0.6201696991920471,1.0,0.0,True
2020-04-28,0.5872702598571777,0.5872702598571777,1.0,0.0,True
2020-04-29,0.6193820834159851,0.6193820834159851,1.0,0.0,True
2020-04-30,0.7313687801361084,0.7313687801361084,1.0,0.0,True
2020-05-01,0.6199287176132202,0.6199287176132202,1.0,0.0,True
2020-05-04,0.4098950922489166,0.4098950922489166,1.0,0.0,True
2020-05-05,0.4939947724342346,0.4939947724342346,1.0,0.0,True
2020-05-06,0.5884535908699036,0.5884535908699036,0.0,0.0,True
2020-05-07,0.6327795386314392,0.6327795386314392,0.0,1.0,True
2020-05-08,0.5552803874015808,0.5552803874015808,0.0,0.0,True
2020-05-11,0.5272861123085022,0.5272861123085022,0.0,0.0,True
2020-05-12,0.5120828151702881,0.5120828151702881,0.0,0.0,True
2020-05-13,0.6392144560813904,0.6392144560813904,0.0,1.0,True
2020-05-14,0.5613670945167542,0.5613670945167542,0.0,0.0,True
2020-05-15,0.5005449652671814,0.5005449652671814,0.0,0.0,True
2020-05-18,0.5977935194969177,0.5977935194969177,0.0,0.0,True
2020-05-19,0.51535564661026,0.51535564661026,0.0,0.0,True
2020-05-20,0.5669890642166138,0.5669890642166138,0.0,0.0,True
2020-05-21,0.5367553234100342,0.5367553234100342,0.0,0.0,True
2020-05-22,0.5267482995986938,0.5267482995986938,0.0,0.0,True
2020-05-25,0.5747040510177612,0.5747040510177612,0.0,0.0,True
2020-05-26,0.6279410719871521,0.6279410719871521,0.0,1.0,True
2020-05-27,0.5428741574287415,0.5428741574287415,0.0,0.0,True
2020-05-28,0.5721663236618042,0.5721663236618042,0.0,0.0,True
2020-05-29,0.581649899482727,0.581649899482727,0.0,0.0,True
2020-06-01,0.6615002751350403,0.6615002751350403,0.0,1.0,True
2020-06-02,0.5749956369400024,0.5749956369400024,0.0,0.0,True
2020-06-03,0.6369704604148865,0.6369704604148865,0.0,1.0,True
2020-06-04,0.6916155219078064,0.6916155219078064,0.0,1.0,True
2020-06-05,0.5279626250267029,0.5279626250267029,0.0,0.0,True
2020-06-08,0.6158010363578796,0.6158010363578796,0.0,0.9400286125556845,True
2020-06-09,0.6112433075904846,0.6112433075904846,1.0,0.0,True
2020-06-10,0.5040843486785889,0.5040843486785889,1.0,0.0,True
2020-06-11,0.5177540183067322,0.5177540183067322,1.0,0.0,True
2020-06-12,0.5788215398788452,0.5788215398788452,1.0,0.0,True
2020-06-15,0.6201848387718201,0.6201848387718201,1.0,0.0,True
2020-06-16,0.43516889214515686,0.43516889214515686,1.0,0.0,True
2020-06-17,0.4514939785003662,0.4514939785003662,1.0,0.0,True
2020-06-18,0.49201375246047974,0.49201375246047974,1.0,0.0,True
2020-06-19,0.5465978980064392,0.5465978980064392,1.0,0.0,True
2020-06-22,0.532404899597168,0.532404899597168,1.0,0.0,True
2020-06-23,0.5130710005760193,0.5130710005760193,1.0,0.0,True
2020-06-24,0.5849064588546753,0.5849064588546753,0.0,0.0,True
2020-06-25,0.6271719336509705,0.6271719336509705,0.0,0.9188116987911367,True
2020-06-26,0.6020424365997314,0.6020424365997314,1.0,0.0,True
2020-06-29,0.6096981167793274,0.6096981167793274,1.0,0.0,True
2020-06-30,0.6061360836029053,0.6061360836029053,0.0,0.9736632363543906,True
2020-07-01,0.5915705561637878,0.5915705561637878,0.0,0.0,True
2020-07-02,0.632434070110321,0.632434070110321,0.0,1.0,True
2020-07-03,0.6155131459236145,0.6155131459236145,0.0,1.0,True
2020-07-06,0.5984322428703308,0.5984322428703308,0.0,0.0,True
2020-07-07,0.6065487265586853,0.6065487265586853,0.0,1.0,True
2020-07-08,0.5900077819824219,0.5900077819824219,0.0,0.0,True
2020-07-09,0.6276846528053284,0.6276846528053284,0.0,1.0,True
2020-07-10,0.6314247846603394,0.6314247846603394,0.0,1.0,True
2020-07-13,0.6587694883346558,0.6587694883346558,0.0,1.0,True
2020-07-14,0.5028865933418274,0.5028865933418274,0.0,0.0,True
2020-07-15,0.47211864590644836,0.47211864590644836,0.0,0.0,True
2020-07-16,0.4410981237888336,0.4410981237888336,0.0,0.0,True
2020-07-17,0.46275439858436584,0.46275439858436584,0.0,0.0,True
2020-07-20,0.5213709473609924,0.5213709473609924,0.0,0.0,True
2020-07-21,0.6074844598770142,0.6074844598770142,0.0,1.0,True
2020-07-22,0.4389483630657196,0.4389483630657196,0.0,0.0,True
2020-07-23,0.5443081855773926,0.5443081855773926,0.0,0.0,True
2020-07-24,0.6717183589935303,0.6717183589935303,0.0,1.0,True
2020-07-27,0.763079822063446,0.763079822063446,0.0,1.0,True
2020-07-28,0.7538883686065674,0.7538883686065674,0.0,1.0,True
2020-07-29,0.6951379179954529,0.6951379179954529,0.0,1.0,True
2020-07-30,0.69049471616745,0.69049471616745,0.0,1.0,True
2020-07-31,0.6742745041847229,0.6742745041847229,0.0,1.0,True
2020-08-03,0.6712939739227295,0.6712939739227295,0.0,1.0,True
2020-08-04,0.6405114531517029,0.6405114531517029,0.0,1.0,True
2020-08-05,0.6270304918289185,0.6270304918289185,0.0,1.0,True
2020-08-06,0.6346373558044434,0.6346373558044434,0.0,1.0,True
2020-08-07,0.5879731178283691,0.5879731178283691,0.0,0.0,True
2020-08-10,0.7039346098899841,0.7039346098899841,0.0,1.0,True
2020-08-11,0.6107136011123657,0.6107136011123657,0.0,1.0,True
2020-08-12,0.6621820330619812,0.6621820330619812,0.0,1.0,True
2020-08-13,0.6294800639152527,0.6294800639152527,0.0,1.0,True
2020-08-14,0.5732594132423401,0.5732594132423401,0.0,0.0,True
2020-08-17,0.48651227355003357,0.48651227355003357,0.0,0.0,True
2020-08-18,0.5537144541740417,0.5537144541740417,0.0,0.0,True
2020-08-19,0.5809149146080017,0.5809149146080017,0.0,0.0,True
2020-08-20,0.5895017385482788,0.5895017385482788,0.0,0.0,True
2020-08-21,0.6505864262580872,0.6505864262580872,0.0,1.0,True
2020-08-24,0.5856760740280151,0.5856760740280151,0.0,0.0,True
2020-08-25,0.7067626118659973,0.7067626118659973,0.0,1.0,True
2020-08-26,0.6309657096862793,0.6309657096862793,0.0,1.0,True
2020-08-27,0.6660634279251099,0.6660634279251099,0.0,1.0,True
2020-08-28,0.589569628238678,0.589569628238678,0.0,0.0,True
2020-08-31,0.601073145866394,0.601073145866394,0.0,1.0,True
2020-09-01,0.5687386393547058,0.5687386393547058,0.0,0.0,True
2020-09-02,0.6063106060028076,0.6063106060028076,0.0,1.0,True
2020-09-03,0.5620293021202087,0.5620293021202087,0.0,0.0,True
2020-09-04,0.6355204582214355,0.6355204582214355,0.0,1.0,True
2020-09-07,0.6425358653068542,0.6425358653068542,0.0,1.0,True
2020-09-08,0.5651459097862244,0.5651459097862244,0.0,0.0,True
2020-09-09,0.4952522814273834,0.4952522814273834,0.0,0.0,True
2020-09-10,0.6072840094566345,0.6072840094566345,0.0,1.0,True
2020-09-11,0.5944064855575562,0.5944064855575562,0.0,0.0,True
2020-09-14,0.5247225761413574,0.5247225761413574,0.0,0.0,True
2020-09-15,0.5112658143043518,0.5112658143043518,0.0,0.0,True
2020-09-16,0.42814040184020996,0.42814040184020996,0.0,0.0,True
2020-09-17,0.515207827091217,0.515207827091217,0.0,0.0,True
2020-09-18,0.6233654618263245,0.6233654618263245,0.0,1.0,True
2020-09-21,0.5534706115722656,0.5534706115722656,0.0,0.0,True
2020-09-22,0.636834979057312,0.636834979057312,0.0,1.0,True
2020-09-23,0.6133544445037842,0.6133544445037842,0.0,1.0,True
2020-09-24,0.4935961961746216,0.4935961961746216,0.0,0.0,True
2020-09-25,0.5839366912841797,0.5839366912841797,0.0,0.0,True
2020-09-28,0.474052369594574,0.474052369594574,0.0,0.0,True
2020-09-29,0.39792513847351074,0.39792513847351074,0.0,0.0,True
2020-09-30,0.4368791878223419,0.4368791878223419,1.0,0.0,True
2020-10-01,0.5580962896347046,0.5580962896347046,1.0,0.0,True
2020-10-02,0.5907049179077148,0.5907049179077148,1.0,0.0,True
2020-10-05,0.5243454575538635,0.5243454575538635,1.0,0.0,True
2020-10-06,0.5068808794021606,0.5068808794021606,1.0,0.0,True
2020-10-07,0.5806513428688049,0.5806513428688049,1.0,0.0,True
2020-10-08,0.5875024795532227,0.5875024795532227,1.0,0.0,True
2020-10-09,0.5232312679290771,0.5232312679290771,1.0,0.0,True
2020-10-12,0.4219340682029724,0.4219340682029724,1.0,0.0,True
2020-10-13,0.5537121891975403,0.5537121891975403,1.0,0.0,True
2020-10-14,0.7035684585571289,0.7035684585571289,1.0,0.0,True
2020-10-15,0.5775490403175354,0.5775490403175354,1.0,0.0,True
2020-10-16,0.6301034688949585,0.6301034688949585,1.0,0.0,True
2020-10-19,0.6026362776756287,0.6026362776756287,1.0,0.0,True
2020-10-20,0.48811474442481995,0.48811474442481995,1.0,0.0,True
2020-10-21,0.4588809311389923,0.4588809311389923,1.0,0.0,True
2020-10-22,0.5960696339607239,0.5960696339607239,1.0,0.0,True
2020-10-23,0.6249278783798218,0.6249278783798218,1.0,0.0,True
2020-10-26,0.5969341397285461,0.5969341397285461,1.0,0.0,True
2020-10-27,0.7688378691673279,0.7688378691673279,1.0,0.0,True
2020-10-28,0.4951513111591339,0.4951513111591339,1.0,0.0,True
2020-10-29,0.5917292237281799,0.5917292237281799,1.0,0.0,True
2020-10-30,0.5510771870613098,0.5510771870613098,1.0,0.0,True
2020-11-02,0.5383796095848083,0.5383796095848083,1.0,0.0,True
2020-11-03,0.5528002977371216,0.5528002977371216,1.0,0.0,True
2020-11-04,0.559646487236023,0.559646487236023,1.0,0.0,True
2020-11-05,0.5570753216743469,0.5570753216743469,1.0,0.0,True
2020-11-06,0.6777892708778381,0.6777892708778381,1.0,0.0,True
2020-11-09,0.6913116574287415,0.6913116574287415,1.0,0.0,True
2020-11-10,0.6966375708580017,0.6966375708580017,1.0,0.0,True
2020-11-11,0.6742938160896301,0.6742938160896301,1.0,0.0,True
2020-11-12,0.6708295345306396,0.6708295345306396,1.0,0.0,True
2020-11-13,0.6812704205513,0.6812704205513,1.0,0.0,True
2020-11-16,0.6784777641296387,0.6784777641296387,1.0,0.0,True
2020-11-17,0.6596563458442688,0.6596563458442688,1.0,0.0,True
2020-11-18,0.6450214385986328,0.6450214385986328,1.0,0.0,True
2020-11-19,0.7422215342521667,0.7422215342521667,1.0,0.0,True
2020-11-20,0.761017382144928,0.761017382144928,1.0,0.0,True
2020-11-23,0.6771158576011658,0.6771158576011658,1.0,0.0,True
2020-11-24,0.751400351524353,0.751400351524353,1.0,0.0,True
2020-11-25,0.6296520829200745,0.6296520829200745,1.0,0.0,True
2020-11-26,0.5520142912864685,0.5520142912864685,1.0,0.0,True
2020-11-27,0.5180087089538574,0.5180087089538574,1.0,0.0,True
2020-11-30,0.6188602447509766,0.6188602447509766,1.0,0.0,True
2020-12-01,0.6316321492195129,0.6316321492195129,1.0,0.0,True
2020-12-02,0.6497043371200562,0.6497043371200562,0.0,0.998386829340048,True
2020-12-03,0.6087252497673035,0.6087252497673035,0.0,0.998386829340048,True
2020-12-04,0.579780638217926,0.579780638217926,0.0,0.0,True
2020-12-07,0.6346166729927063,0.6346166729927063,0.0,1.0,True
2020-12-08,0.47807440161705017,0.47807440161705017,0.0,0.0,True
2020-12-09,0.3965643048286438,0.3965643048286438,1.0,0.0,True
2020-12-10,0.4954266846179962,0.4954266846179962,1.0,0.0,True
2020-12-11,0.5240271091461182,0.5240271091461182,1.0,0.0,True
2020-12-14,0.5482157468795776,0.5482157468795776,1.0,0.0,True
2020-12-15,0.5660435557365417,0.5660435557365417,1.0,0.0,True
2020-12-16,0.5331255793571472,0.5331255793571472,1.0,0.0,True
2020-12-17,0.5525022149085999,0.5525022149085999,1.0,0.0,True
2020-12-18,0.5430476069450378,0.5430476069450378,1.0,0.0,True
2020-12-21,0.5790449380874634,0.5790449380874634,1.0,0.0,True
2020-12-22,0.6976065039634705,0.6976065039634705,1.0,0.0,True
2020-12-23,0.6838812828063965,0.6838812828063965,0.0,0.9569198221339104,True
2020-12-24,0.5770102143287659,0.5770102143287659,1.0,0.0,True
2020-12-25,0.611216127872467,0.611216127872467,1.0,0.0,True
2020-12-28,0.5975246429443359,0.5975246429443359,1.0,0.0,True
2020-12-29,0.6135100722312927,0.6135100722312927,1.0,0.0,True
2020-12-30,0.6001074314117432,0.6001074314117432,1.0,0.0,True
2020-12-31,0.606008768081665,0.606008768081665,1.0,0.0,True
2021-01-01,0.5511708855628967,0.5511708855628967,1.0,0.0,True
2021-01-04,0.6595930457115173,0.6595930457115173,1.0,0.0,True
2021-01-05,0.6142755150794983,0.6142755150794983,1.0,0.0,True
2021-01-06,0.5469042658805847,0.5469042658805847,1.0,0.0,True
2021-01-07,0.6534818410873413,0.6534818410873413,1.0,0.0,True
2021-01-08,0.5713121294975281,0.5713121294975281,1.0,0.0,True
2021-01-11,0.44036537408828735,0.44036537408828735,1.0,0.0,True
2021-01-12,0.3124266266822815,0.3124266266822815,1.0,0.0,True
2021-01-13,0.33476248383522034,0.33476248383522034,0.0,0.0,True
2021-01-14,0.4243870675563812,0.4243870675563812,0.0,0.0,True
2021-01-15,0.47162678837776184,0.47162678837776184,1.0,0.0,True
2021-01-18,0.5154425501823425,0.5154425501823425,1.0,0.0,True
2021-01-19,0.4894198775291443,0.4894198775291443,1.0,0.0,True
2021-01-20,0.4490205943584442,0.4490205943584442,1.0,0.0,True
2021-01-21,0.3606458604335785,0.3606458604335785,1.0,0.0,True
2021-01-22,0.4639376997947693,0.4639376997947693,1.0,0.0,True
2021-01-25,0.4873339533805847,0.4873339533805847,1.0,0.0,True
2021-01-26,0.2628069221973419,0.2628069221973419,2.0,0.0,True
2021-01-27,0.46641218662261963,0.46641218662261963,2.0,0.0,True
2021-01-28,0.41963088512420654,0.41963088512420654,2.0,0.0,True
2021-01-29,0.3760179281234741,0.3760179281234741,2.0,0.0,True
2021-02-01,0.4903244078159332,0.4903244078159332,2.0,0.0,True
2021-02-02,0.35554301738739014,0.35554301738739014,2.0,0.0,True
2021-02-03,0.5015220642089844,0.5015220642089844,2.0,0.0,True
2021-02-04,0.5162003636360168,0.5162003636360168,2.0,0.0,True
2021-02-05,0.6132484078407288,0.6132484078407288,2.0,0.4742591659768504,True
2021-02-08,0.29732346534729004,0.29732346534729004,2.0,0.0,True
2021-02-09,0.457337349653244,0.457337349653244,2.0,0.0,True
2021-02-10,0.5786194801330566,0.5786194801330566,2.0,0.0,True
2021-02-11,0.5899583101272583,0.5899583101272583,2.0,0.0,True
2021-02-12,0.4508964717388153,0.4508964717388153,2.0,0.0,True
2021-02-15,0.43130648136138916,0.43130648136138916,2.0,0.0,True
2021-02-16,0.5579477548599243,0.5579477548599243,2.0,0.0,True
2021-02-17,0.4549489915370941,0.4549489915370941,2.0,0.0,True
2021-02-18,0.18510934710502625,0.18510934710502625,2.0,0.0,True
2021-02-19,0.2994784712791443,0.2994784712791443,2.0,0.0,True
2021-02-22,0.4383528530597687,0.4383528530597687,2.0,0.0,True
2021-02-23,0.400086373090744,0.400086373090744,2.0,0.0,True
2021-02-24,0.3082851469516754,0.3082851469516754,2.0,0.0,True
2021-02-25,0.5437573790550232,0.5437573790550232,2.0,0.0,True
2021-02-26,0.636773407459259,0.636773407459259,2.0,0.3547818615052698,True
2021-03-01,0.32433590292930603,0.32433590292930603,2.0,0.0,True
2021-03-02,0.5780249834060669,0.5780249834060669,2.0,0.0,True
2021-03-03,0.6482725739479065,0.6482725739479065,2.0,0.31416028256537415,True
2021-03-04,0.6099545359611511,0.6099545359611511,2.0,0.31416028256537415,True
2021-03-05,0.5481195449829102,0.5481195449829102,2.0,0.0,True
2021-03-08,0.6520058512687683,0.6520058512687683,2.0,0.3382020939454648,True
2021-03-09,0.5565425157546997,0.5565425157546997,2.0,0.0,True
2021-03-10,0.6225566864013672,0.6225566864013672,2.0,0.33571353065150134,True
2021-03-11,0.6102389097213745,0.6102389097213745,2.0,0.33571353065150134,True
2021-03-12,0.5600581169128418,0.5600581169128418,2.0,0.0,True
2021-03-15,0.6352928876876831,0.6352928876876831,2.0,0.31992949290500156,True
2021-03-16,0.6607667207717896,0.6607667207717896,2.0,0.31992949290500156,True
2021-03-17,0.6765438318252563,0.6765438318252563,2.0,0.31992949290500156,True
2021-03-18,0.4203542470932007,0.4203542470932007,2.0,0.0,True
2021-03-19,0.4036214351654053,0.4036214351654053,2.0,0.0,True
2021-03-22,0.516998827457428,0.516998827457428,2.0,0.0,True
2021-03-23,0.5769031643867493,0.5769031643867493,2.0,0.0,True
2021-03-24,0.36608266830444336,0.36608266830444336,2.0,0.0,True
2021-03-25,0.6069819331169128,0.6069819331169128,2.0,0.36241328880841656,True
2021-03-26,0.4182918071746826,0.4182918071746826,2.0,0.0,True
2021-03-29,0.5727680325508118,0.5727680325508118,2.0,0.0,True
2021-03-30,0.6107808351516724,0.6107808351516724,2.0,0.46352273068505173,True
2021-03-31,0.4457332193851471,0.4457332193851471,2.0,0.0,True
2021-04-01,0.48122039437294006,0.48122039437294006,2.0,0.0,True
2021-04-02,0.5886322855949402,0.5886322855949402,2.0,0.0,True
2021-04-05,0.5989126563072205,0.5989126563072205,2.0,0.0,True
2021-04-06,0.6100299954414368,0.6100299954414368,2.0,0.48472335406399686,True
2021-04-07,0.4041154086589813,0.4041154086589813,2.0,0.0,True
2021-04-08,0.5908332467079163,0.5908332467079163,2.0,0.0,True
2021-04-09,0.6202808618545532,0.6202808618545532,2.0,0.5430302167385066,True
2021-04-12,0.3910801410675049,0.3910801410675049,2.0,0.0,True
2021-04-13,0.3026006519794464,0.3026006519794464,2.0,0.0,True
2021-04-14,0.35205769538879395,0.35205769538879395,2.0,0.0,True
2021-04-15,0.4423724412918091,0.4423724412918091,2.0,0.0,True
2021-04-16,0.42297109961509705,0.42297109961509705,2.0,0.0,True
2021-04-19,0.3003556728363037,0.3003556728363037,2.0,0.0,True
2021-04-20,0.3291364908218384,0.3291364908218384,2.0,0.0,True
2021-04-21,0.30458593368530273,0.30458593368530273,2.0,0.0,True
2021-04-22,0.47649896144866943,0.47649896144866943,2.0,0.0,True
2021-04-23,0.42605990171432495,0.42605990171432495,2.0,0.0,True
2021-04-26,0.3972729444503784,0.3972729444503784,2.0,0.0,True
2021-04-27,0.4605909287929535,0.4605909287929535,2.0,0.0,True
2021-04-28,0.4473613500595093,0.4473613500595093,2.0,0.0,True
2021-04-29,0.41204890608787537,0.41204890608787537,2.0,0.0,True
2021-04-30,0.34212440252304077,0.34212440252304077,2.0,0.0,True
2021-05-03,0.3925609886646271,0.3925609886646271,2.0,0.0,True
2021-05-04,0.48019036650657654,0.48019036650657654,2.0,0.0,True
2021-05-05,0.425473690032959,0.425473690032959,2.0,0.0,True
2021-05-06,0.44849032163619995,0.44849032163619995,2.0,0.0,True
2021-05-07,0.3997263014316559,0.3997263014316559,2.0,0.0,True
2021-05-10,0.47190967202186584,0.47190967202186584,2.0,0.0,True
2021-05-11,0.5797123908996582,0.5797123908996582,2.0,0.0,True
2021-05-12,0.43008384108543396,0.43008384108543396,1.0,0.0,True
2021-05-13,0.5101437568664551,0.5101437568664551,1.0,0.0,True
2021-05-14,0.5006571412086487,0.5006571412086487,1.0,0.0,True
2021-05-17,0.5293994545936584,0.5293994545936584,1.0,0.0,True
2021-05-18,0.6142467260360718,0.6142467260360718,1.0,0.0,True
2021-05-19,0.5911915302276611,0.5911915302276611,1.0,0.0,True
2021-05-20,0.6601906418800354,0.6601906418800354,1.0,0.0,True
2021-05-21,0.6944272518157959,0.6944272518157959,1.0,0.0,True
2021-05-24,0.7366316914558411,0.7366316914558411,1.0,0.0,True
2021-05-25,0.6886844635009766,0.6886844635009766,1.0,0.0,True
2021-05-26,0.7196235060691833,0.7196235060691833,1.0,0.0,True
2021-05-27,0.6631227731704712,0.6631227731704712,1.0,0.0,True
2021-05-28,0.6816781163215637,0.6816781163215637,1.0,0.0,True
2021-05-31,0.5017961263656616,0.5017961263656616,1.0,0.0,True
2021-06-01,0.4244157075881958,0.4244157075881958,1.0,0.0,True
2021-06-02,0.5354230403900146,0.5354230403900146,1.0,0.0,True
2021-06-03,0.3346218764781952,0.3346218764781952,1.0,0.0,True
2021-06-04,0.5323785543441772,0.5323785543441772,1.0,0.0,True
2021-06-07,0.4567326605319977,0.4567326605319977,1.0,0.0,True
2021-06-08,0.3425472378730774,0.3425472378730774,1.0,0.0,True
2021-06-09,0.4300221800804138,0.4300221800804138,1.0,0.0,True
2021-06-10,0.33196279406547546,0.33196279406547546,1.0,0.0,True
2021-06-11,0.3810669481754303,0.3810669481754303,1.0,0.0,True
2021-06-14,0.41100943088531494,0.41100943088531494,1.0,0.0,True
2021-06-15,0.3826083242893219,0.3826083242893219,1.0,0.0,True
2021-06-16,0.29351356625556946,0.29351356625556946,1.0,0.0,True
2021-06-17,0.5244542360305786,0.5244542360305786,1.0,0.0,True
2021-06-18,0.6564493179321289,0.6564493179321289,1.0,0.0,True
2021-06-21,0.6422703266143799,0.6422703266143799,1.0,0.0,True
2021-06-22,0.5577343106269836,0.5577343106269836,1.0,0.0,True
2021-06-23,0.5325407981872559,0.5325407981872559,1.0,0.0,True
2021-06-24,0.625129222869873,0.625129222869873,1.0,0.0,True
2021-06-25,0.6444392800331116,0.6444392800331116,1.0,0.0,True
2021-06-28,0.5933570265769958,0.5933570265769958,1.0,0.0,True
2021-06-29,0.5956791639328003,0.5956791639328003,1.0,0.0,True
2021-06-30,0.6427658200263977,0.6427658200263977,1.0,0.0,True
2021-07-01,0.6065971255302429,0.6065971255302429,1.0,0.0,True
2021-07-02,0.44669243693351746,0.44669243693351746,1.0,0.0,True
2021-07-05,0.5141308903694153,0.5141308903694153,1.0,0.0,True
2021-07-06,0.5263814926147461,0.5263814926147461,1.0,0.0,True
2021-07-07,0.5125383138656616,0.5125383138656616,1.0,0.0,True
2021-07-08,0.4592685401439667,0.4592685401439667,1.0,0.0,True
2021-07-09,0.556605875492096,0.556605875492096,1.0,0.0,True
2021-07-12,0.3783157169818878,0.3783157169818878,1.0,0.0,True
2021-07-13,0.3974432945251465,0.3974432945251465,1.0,0.0,True
2021-07-14,0.5026271343231201,0.5026271343231201,1.0,0.0,True
2021-07-15,0.48545926809310913,0.48545926809310913,1.0,0.0,True
2021-07-16,0.6124039888381958,0.6124039888381958,1.0,0.0,True
2021-07-19,0.5520576238632202,0.5520576238632202,1.0,0.0,True
2021-07-20,0.6035928726196289,0.6035928726196289,1.0,0.0,True
2021-07-21,0.63212651014328,0.63212651014328,1.0,0.0,True
2021-07-22,0.590733528137207,0.590733528137207,1.0,0.0,True
2021-07-23,0.6178738474845886,0.6178738474845886,1.0,0.0,True
2021-07-26,0.5494499206542969,0.5494499206542969,1.0,0.0,True
2021-07-27,0.602367639541626,0.602367639541626,1.0,0.0,True
2021-07-28,0.6237038373947144,0.6237038373947144,1.0,0.0,True
2021-07-29,0.5300568342208862,0.5300568342208862,1.0,0.0,True
2021-07-30,0.5284714698791504,0.5284714698791504,1.0,0.0,True
2021-08-02,0.5414429903030396,0.5414429903030396,1.0,0.0,True
2021-08-03,0.5129397511482239,0.5129397511482239,1.0,0.0,True
2021-08-04,0.5129764080047607,0.5129764080047607,1.0,0.0,True
2021-08-05,0.6276504993438721,0.6276504993438721,1.0,0.0,True
2021-08-06,0.6710220575332642,0.6710220575332642,1.0,0.0,True
2021-08-09,0.7205961346626282,0.7205961346626282,1.0,0.0,True
2021-08-10,0.6471350193023682,0.6471350193023682,1.0,0.0,True
2021-08-11,0.5455602407455444,0.5455602407455444,0.0,0.0,True
2021-08-12,0.6026059985160828,0.6026059985160828,1.0,0.0,True
2021-08-13,0.6499999165534973,0.6499999165534973,1.0,0.0,True
2021-08-16,0.7090370655059814,0.7090370655059814,1.0,0.0,True
2021-08-17,0.4046945869922638,0.4046945869922638,1.0,0.0,True
2021-08-18,0.4225466847419739,0.4225466847419739,1.0,0.0,True
2021-08-19,0.4792480170726776,0.4792480170726776,1.0,0.0,True
2021-08-20,0.5240265727043152,0.5240265727043152,1.0,0.0,True
2021-08-23,0.4864988327026367,0.4864988327026367,1.0,0.0,True
2021-08-24,0.46192771196365356,0.46192771196365356,1.0,0.0,True
2021-08-25,0.56838059425354,0.56838059425354,1.0,0.0,True
2021-08-26,0.505958080291748,0.505958080291748,1.0,0.0,True
2021-08-27,0.5287728905677795,0.5287728905677795,1.0,0.0,True
2021-08-30,0.6430759429931641,0.6430759429931641,1.0,0.0,True
2021-08-31,0.6363242864608765,0.6363242864608765,1.0,0.0,True
2021-09-01,0.6567304134368896,0.6567304134368896,1.0,0.0,True
2021-09-02,0.5727505087852478,0.5727505087852478,1.0,0.0,True
2021-09-03,0.6094701886177063,0.6094701886177063,1.0,0.0,True
2021-09-06,0.5526903867721558,0.5526903867721558,1.0,0.0,True
2021-09-07,0.6366986632347107,0.6366986632347107,1.0,0.0,True
2021-09-08,0.650280237197876,0.650280237197876,1.0,0.0,True
2021-09-09,0.6682307124137878,0.6682307124137878,1.0,0.0,True
2021-09-10,0.6429260969161987,0.6429260969161987,1.0,0.0,True
2021-09-13,0.7322285771369934,0.7322285771369934,1.0,0.0,True
2021-09-14,0.7196231484413147,0.7196231484413147,1.0,0.0,True
2021-09-15,0.6912634968757629,0.6912634968757629,1.0,0.0,True
2021-09-16,0.6435626149177551,0.6435626149177551,1.0,0.0,True
2021-09-17,0.5972128510475159,0.5972128510475159,1.0,0.0,True
2021-09-20,0.5152301788330078,0.5152301788330078,1.0,0.0,True
2021-09-21,0.5072495937347412,0.5072495937347412,1.0,0.0,True
2021-09-22,0.6294006705284119,0.6294006705284119,1.0,0.0,True
2021-09-23,0.5378289222717285,0.5378289222717285,1.0,0.0,True
2021-09-24,0.5043599009513855,0.5043599009513855,1.0,0.0,True
2021-09-27,0.5392923355102539,0.5392923355102539,1.0,0.0,True
2021-09-28,0.32338276505470276,0.32338276505470276,1.0,0.0,True
2021-09-29,0.3719237744808197,0.3719237744808197,1.0,0.0,True
2021-09-30,0.22119686007499695,0.22119686007499695,1.0,0.0,True
2021-10-01,0.20485804975032806,0.20485804975032806,1.0,0.0,True
2021-10-04,0.25825580954551697,0.25825580954551697,1.0,0.0,True
2021-10-05,0.3597748279571533,0.3597748279571533,1.0,0.0,True
2021-10-06,0.33685269951820374,0.33685269951820374,1.0,0.0,True
2021-10-07,0.4939795136451721,0.4939795136451721,1.0,0.0,True
2021-10-08,0.6096435189247131,0.6096435189247131,1.0,0.0,True
2021-10-11,0.5926756858825684,0.5926756858825684,1.0,0.0,True
2021-10-12,0.4978470802307129,0.4978470802307129,1.0,0.0,True
2021-10-13,0.5539806485176086,0.5539806485176086,1.0,0.0,True
2021-10-14,0.5487325191497803,0.5487325191497803,1.0,0.0,True
2021-10-15,0.5916166305541992,0.5916166305541992,1.0,0.0,True
2021-10-18,0.580697238445282,0.580697238445282,1.0,0.0,True
2021-10-19,0.6058186888694763,0.6058186888694763,1.0,0.0,True
2021-10-20,0.5333236455917358,0.5333236455917358,1.0,0.0,True
2021-10-21,0.5614811182022095,0.5614811182022095,1.0,0.0,True
2021-10-22,0.45605698227882385,0.45605698227882385,1.0,0.0,True
2021-10-25,0.4718594551086426,0.4718594551086426,1.0,0.0,True
2021-10-26,0.5502322316169739,0.5502322316169739,1.0,0.0,True
2021-10-27,0.5422196984291077,0.5422196984291077,1.0,0.0,True
2021-10-28,0.47394314408302307,0.47394314408302307,1.0,0.0,True
2021-10-29,0.37867477536201477,0.37867477536201477,1.0,0.0,True
2021-11-01,0.5861673951148987,0.5861673951148987,1.0,0.0,True
2021-11-02,0.6291316151618958,0.6291316151618958,1.0,0.0,True
2021-11-03,0.6704195141792297,0.6704195141792297,1.0,0.0,True
2021-11-04,0.6574061512947083,0.6574061512947083,1.0,0.0,True
2021-11-05,0.407490611076355,0.407490611076355,1.0,0.0,True
2021-11-08,0.5138152241706848,0.5138152241706848,1.0,0.0,True
2021-11-09,0.5337650775909424,0.5337650775909424,1.0,0.0,True
2021-11-10,0.4860386848449707,0.4860386848449707,1.0,0.0,True
2021-11-11,0.5351419448852539,0.5351419448852539,1.0,0.0,True
2021-11-12,0.5465840101242065,0.5465840101242065,1.0,0.0,True
2021-11-15,0.5160274505615234,0.5160274505615234,1.0,0.0,True
2021-11-16,0.6087577939033508,0.6087577939033508,1.0,0.0,True
2021-11-17,0.7157996892929077,0.7157996892929077,1.0,0.0,True
2021-11-18,0.6631100177764893,0.6631100177764893,1.0,0.0,True
2021-11-19,0.6055095195770264,0.6055095195770264,1.0,0.0,True
2021-11-22,0.5366703867912292,0.5366703867912292,1.0,0.0,True
2021-11-23,0.5579368472099304,0.5579368472099304,1.0,0.0,True
2021-11-24,0.5378136038780212,0.5378136038780212,1.0,0.0,True
2021-11-25,0.5040183663368225,0.5040183663368225,1.0,0.0,True
2021-11-26,0.5180224180221558,0.5180224180221558,1.0,0.0,True
2021-11-29,0.5761856436729431,0.5761856436729431,1.0,0.0,True
2021-11-30,0.5122936964035034,0.5122936964035034,1.0,0.0,True
2021-12-01,0.5803466439247131,0.5803466439247131,1.0,0.0,True
2021-12-02,0.6720693707466125,0.6720693707466125,1.0,0.0,True
2021-12-03,0.6960492134094238,0.6960492134094238,1.0,0.0,True
2021-12-06,0.566502034664154,0.566502034664154,1.0,0.0,True
2021-12-07,0.5831464529037476,0.5831464529037476,0.0,0.0,True
2021-12-08,0.6041772365570068,0.6041772365570068,0.0,1.0,True
2021-12-09,0.6422569751739502,0.6422569751739502,0.0,1.0,True
2021-12-10,0.6490064263343811,0.6490064263343811,0.0,1.0,True
2021-12-13,0.7016486525535583,0.7016486525535583,0.0,1.0,True
2021-12-14,0.6408693194389343,0.6408693194389343,0.0,1.0,True
2021-12-15,0.6659019589424133,0.6659019589424133,0.0,1.0,True
2021-12-16,0.6169233322143555,0.6169233322143555,0.0,1.0,True
2021-12-17,0.6656224727630615,0.6656224727630615,0.0,1.0,True
2021-12-20,0.6555824875831604,0.6555824875831604,0.0,1.0,True
2021-12-21,0.6895921230316162,0.6895921230316162,0.0,1.0,True
2021-12-22,0.6960461735725403,0.6960461735725403,0.0,1.0,True
2021-12-23,0.6555410027503967,0.6555410027503967,0.0,1.0,True
2021-12-24,0.6327834129333496,0.6327834129333496,0.0,1.0,True
2021-12-27,0.6485530734062195,0.6485530734062195,0.0,1.0,True
2021-12-28,0.5662691593170166,0.5662691593170166,0.0,0.0,True
2021-12-29,0.5886923670768738,0.5886923670768738,0.0,0.0,True
2021-12-30,0.6633179783821106,0.6633179783821106,0.0,1.0,True
2021-12-31,0.5303695201873779,0.5303695201873779,1.0,0.0,True
2022-01-03,0.5546554327011108,0.5546554327011108,0.0,0.0,True
2022-01-04,0.6264905333518982,0.6264905333518982,0.0,0.9860345818535389,True
2022-01-05,0.5115841627120972,0.5115841627120972,1.0,0.0,True
2022-01-06,0.689636766910553,0.689636766910553,0.0,1.0,True
2022-01-07,0.6301426291465759,0.6301426291465759,0.0,1.0,True
2022-01-10,0.6490102410316467,0.6490102410316467,0.0,1.0,True
2022-01-11,0.6209076046943665,0.6209076046943665,0.0,1.0,True
2022-01-12,0.6688146591186523,0.6688146591186523,0.0,1.0,True
2022-01-13,0.6192420125007629,0.6192420125007629,0.0,1.0,True
2022-01-14,0.6251793503761292,0.6251793503761292,0.0,1.0,True
2022-01-17,0.5928356647491455,0.5928356647491455,0.0,0.0,True
2022-01-18,0.6249188184738159,0.6249188184738159,0.0,1.0,True
2022-01-19,0.6311016082763672,0.6311016082763672,0.0,1.0,True
2022-01-20,0.6319274306297302,0.6319274306297302,0.0,1.0,True
2022-01-21,0.6527551412582397,0.6527551412582397,0.0,1.0,True
2022-01-24,0.6852518916130066,0.6852518916130066,0.0,1.0,True
2022-01-25,0.5989387631416321,0.5989387631416321,0.0,0.0,True
2022-01-26,0.579860508441925,0.579860508441925,0.0,0.0,True
2022-01-27,0.5666608214378357,0.5666608214378357,0.0,0.0,True
2022-01-28,0.600170910358429,0.600170910358429,0.0,1.0,True
2022-01-31,0.5510702133178711,0.5510702133178711,0.0,0.0,True
2022-02-01,0.5694788694381714,0.5694788694381714,0.0,0.0,True
2022-02-02,0.6253129839897156,0.6253129839897156,0.0,1.0,True
2022-02-03,0.665165901184082,0.665165901184082,0.0,1.0,True
2022-02-04,0.619224488735199,0.619224488735199,0.0,1.0,True
2022-02-07,0.6565157771110535,0.6565157771110535,0.0,1.0,True
2022-02-08,0.6852003931999207,0.6852003931999207,0.0,1.0,True
2022-02-09,0.6233848929405212,0.6233848929405212,0.0,1.0,True
2022-02-10,0.5360318422317505,0.5360318422317505,0.0,0.0,True
2022-02-11,0.5655824542045593,0.5655824542045593,0.0,0.0,True
2022-02-14,0.6009304523468018,0.6009304523468018,0.0,1.0,True
2022-02-15,0.6455196142196655,0.6455196142196655,0.0,1.0,True
2022-02-16,0.6293668746948242,0.6293668746948242,0.0,1.0,True
2022-02-17,0.6368286609649658,0.6368286609649658,0.0,1.0,True
2022-02-18,0.590084969997406,0.590084969997406,0.0,0.0,True
2022-02-21,0.5048419833183289,0.5048419833183289,0.0,0.0,True
2022-02-22,0.5571190714836121,0.5571190714836121,0.0,0.0,True
2022-02-23,0.48122861981391907,0.48122861981391907,0.0,0.0,True
2022-02-24,0.551315426826477,0.551315426826477,0.0,0.0,True
2022-02-25,0.46296390891075134,0.46296390891075134,1.0,0.0,True
2022-02-28,0.5110841989517212,0.5110841989517212,0.0,0.0,True
2022-03-01,0.5542378425598145,0.5542378425598145,0.0,0.0,True
2022-03-02,0.5609290599822998,0.5609290599822998,0.0,0.0,True
2022-03-03,0.4857909381389618,0.4857909381389618,0.0,0.0,True
2022-03-04,0.6427942514419556,0.6427942514419556,0.0,1.0,True
2022-03-07,0.5955063700675964,0.5955063700675964,0.0,0.0,True
2022-03-08,0.5252388119697571,0.5252388119697571,0.0,0.0,True
2022-03-09,0.556764543056488,0.556764543056488,0.0,0.0,True
2022-03-10,0.6238616108894348,0.6238616108894348,0.0,1.0,True
2022-03-11,0.4642908275127411,0.4642908275127411,0.0,0.0,True
2022-03-14,0.4509097635746002,0.4509097635746002,0.0,0.0,True
2022-03-15,0.5510435700416565,0.5510435700416565,0.0,0.0,True
2022-03-16,0.6926815509796143,0.6926815509796143,0.0,1.0,True
2022-03-17,0.6491732597351074,0.6491732597351074,0.0,1.0,True
2022-03-18,0.7258622050285339,0.7258622050285339,0.0,1.0,True
2022-03-21,0.6023256182670593,0.6023256182670593,0.0,1.0,True
2022-03-22,0.540527880191803,0.540527880191803,0.0,0.0,True
2022-03-23,0.5683996081352234,0.5683996081352234,0.0,0.0,True
2022-03-24,0.5808398127555847,0.5808398127555847,0.0,0.0,True
2022-03-25,0.55968177318573,0.55968177318573,0.0,0.0,True
2022-03-28,0.427744597196579,0.427744597196579,1.0,0.0,True
2022-03-29,0.43587157130241394,0.43587157130241394,1.0,0.0,True
2022-03-30,0.5520447492599487,0.5520447492599487,1.0,0.0,True
2022-03-31,0.5170103907585144,0.5170103907585144,1.0,0.0,True
2022-04-01,0.5510982275009155,0.5510982275009155,1.0,0.0,True
2022-04-04,0.5946812629699707,0.5946812629699707,1.0,0.0,True
2022-04-05,0.6169725060462952,0.6169725060462952,1.0,0.0,True
2022-04-06,0.553841233253479,0.553841233253479,1.0,0.0,True
2022-04-07,0.5981284379959106,0.5981284379959106,1.0,0.0,True
2022-04-08,0.4509318768978119,0.4509318768978119,1.0,0.0,True
2022-04-11,0.5197675824165344,0.5197675824165344,1.0,0.0,True
2022-04-12,0.4399126470088959,0.4399126470088959,1.0,0.0,True
2022-04-13,0.5041379332542419,0.5041379332542419,1.0,0.0,True
2022-04-14,0.5521862506866455,0.5521862506866455,1.0,0.0,True
2022-04-15,0.6038697361946106,0.6038697361946106,1.0,0.0,True
2022-04-18,0.5276516079902649,0.5276516079902649,1.0,0.0,True
2022-04-19,0.5834295749664307,0.5834295749664307,1.0,0.0,True
2022-04-20,0.592949628829956,0.592949628829956,1.0,0.0,True
2022-04-21,0.5863630175590515,0.5863630175590515,1.0,0.0,True
2022-04-22,0.5949206352233887,0.5949206352233887,0.0,0.0,True
2022-04-25,0.6187006235122681,0.6187006235122681,0.0,1.0,True
2022-04-26,0.6121444702148438,0.6121444702148438,0.0,1.0,True
2022-04-27,0.5898899435997009,0.5898899435997009,0.0,0.0,True
2022-04-28,0.3550156354904175,0.3550156354904175,1.0,0.0,True
2022-04-29,0.3108111023902893,0.3108111023902893,1.0,0.0,True
2022-05-02,0.2934901714324951,0.2934901714324951,1.0,0.0,True
2022-05-03,0.33090367913246155,0.33090367913246155,1.0,0.0,True
2022-05-04,0.23942933976650238,0.23942933976650238,1.0,0.0,True
2022-05-05,0.6005702614784241,0.6005702614784241,1.0,0.0,True
2022-05-06,0.5901319980621338,0.5901319980621338,1.0,0.0,True
2022-05-09,0.3959450125694275,0.3959450125694275,2.0,0.0,True
2022-05-10,0.4509240984916687,0.4509240984916687,2.0,0.0,True
2022-05-11,0.45840901136398315,0.45840901136398315,2.0,0.0,True
2022-05-12,0.48130279779434204,0.48130279779434204,2.0,0.0,True
2022-05-13,0.5378841757774353,0.5378841757774353,2.0,0.0,True
2022-05-16,0.4964330196380615,0.4964330196380615,2.0,0.0,True
2022-05-17,0.5748304128646851,0.5748304128646851,2.0,0.0,True
2022-05-18,0.5914491415023804,0.5914491415023804,2.0,0.0,True
2022-05-19,0.6001537442207336,0.6001537442207336,2.0,0.5183721561118841,True
2022-05-20,0.5759903192520142,0.5759903192520142,2.0,0.0,True
2022-05-23,0.5666980743408203,0.5666980743408203,2.0,0.0,True
2022-05-24,0.5328994989395142,0.5328994989395142,2.0,0.0,True
2022-05-25,0.6507347226142883,0.6507347226142883,2.0,0.49636881207997985,True
2022-05-26,0.6501154899597168,0.6501154899597168,2.0,0.49636881207997985,True
2022-05-27,0.6029089689254761,0.6029089689254761,2.0,0.49636881207997985,True
2022-05-30,0.566484272480011,0.566484272480011,2.0,0.0,True
2022-05-31,0.499433696269989,0.499433696269989,2.0,0.0,True
2022-06-01,0.5583521127700806,0.5583521127700806,2.0,0.0,True
2022-06-02,0.44990190863609314,0.44990190863609314,1.0,0.0,True
2022-06-03,0.45453691482543945,0.45453691482543945,1.0,0.0,True
2022-06-06,0.4564676880836487,0.4564676880836487,1.0,0.0,True
2022-06-07,0.5067543387413025,0.5067543387413025,1.0,0.0,True
2022-06-08,0.4621902108192444,0.4621902108192444,1.0,0.0,True
2022-06-09,0.49188944697380066,0.49188944697380066,1.0,0.0,True
2022-06-10,0.4666745662689209,0.4666745662689209,1.0,0.0,True
2022-06-13,0.5784559845924377,0.5784559845924377,1.0,0.0,True
2022-06-14,0.547080397605896,0.547080397605896,1.0,0.0,True
2022-06-15,0.5126651525497437,0.5126651525497437,1.0,0.0,True
2022-06-16,0.496428906917572,0.496428906917572,1.0,0.0,True
2022-06-17,0.596776008605957,0.596776008605957,1.0,0.0,True
2022-06-20,0.5955677628517151,0.5955677628517151,1.0,0.0,True
2022-06-21,0.613502562046051,0.613502562046051,1.0,0.0,True
2022-06-22,0.4952579736709595,0.4952579736709595,1.0,0.0,True
2022-06-23,0.5573471188545227,0.5573471188545227,1.0,0.0,True
2022-06-24,0.4745265245437622,0.4745265245437622,1.0,0.0,True
2022-06-27,0.36114901304244995,0.36114901304244995,1.0,0.0,True
2022-06-28,0.517618715763092,0.517618715763092,1.0,0.0,True
2022-06-29,0.5413638353347778,0.5413638353347778,1.0,0.0,True
2022-06-30,0.5691426992416382,0.5691426992416382,1.0,0.0,True
2022-07-01,0.5694684386253357,0.5694684386253357,1.0,0.0,True
2022-07-04,0.5599691867828369,0.5599691867828369,1.0,0.0,True
2022-07-05,0.6232419013977051,0.6232419013977051,1.0,0.0,True
2022-07-06,0.656929612159729,0.656929612159729,1.0,0.0,True
2022-07-07,0.7253546714782715,0.7253546714782715,1.0,0.0,True
2022-07-08,0.5486341714859009,0.5486341714859009,1.0,0.0,True
2022-07-11,0.5533052682876587,0.5533052682876587,1.0,0.0,True
2022-07-12,0.3841201663017273,0.3841201663017273,1.0,0.0,True
2022-07-13,0.41645365953445435,0.41645365953445435,1.0,0.0,True
2022-07-14,0.4370935261249542,0.4370935261249542,1.0,0.0,True
2022-07-15,0.351622611284256,0.351622611284256,1.0,0.0,True
2022-07-18,0.30247601866722107,0.30247601866722107,1.0,0.0,True
2022-07-19,0.5171288251876831,0.5171288251876831,1.0,0.0,True
2022-07-20,0.44127780199050903,0.44127780199050903,1.0,0.0,True
2022-07-21,0.47132307291030884,0.47132307291030884,1.0,0.0,True
2022-07-22,0.5345238447189331,0.5345238447189331,1.0,0.0,True
2022-07-25,0.4607432186603546,0.4607432186603546,1.0,0.0,True
2022-07-26,0.4456486105918884,0.4456486105918884,1.0,0.0,True
2022-07-27,0.5054467916488647,0.5054467916488647,1.0,0.0,True
2022-07-28,0.48617130517959595,0.48617130517959595,1.0,0.0,True
2022-07-29,0.5323279500007629,0.5323279500007629,1.0,0.0,True
2022-08-01,0.5897708535194397,0.5897708535194397,1.0,0.0,True
2022-08-02,0.609675943851471,0.609675943851471,1.0,0.0,True
2022-08-03,0.6293666362762451,0.6293666362762451,1.0,0.0,True
2022-08-04,0.6013194918632507,0.6013194918632507,1.0,0.0,True
2022-08-05,0.659990131855011,0.659990131855011,0.0,0.9787518523382074,True
2022-08-08,0.6545221209526062,0.6545221209526062,0.0,0.9787518523382074,True
2022-08-09,0.6858373284339905,0.6858373284339905,0.0,0.9787518523382074,True
2022-08-10,0.6349488496780396,0.6349488496780396,0.0,0.9787518523382074,True
2022-08-11,0.6765278577804565,0.6765278577804565,0.0,0.9787518523382074,True
2022-08-12,0.6310477256774902,0.6310477256774902,0.0,0.9787518523382074,True
2022-08-15,0.6182090044021606,0.6182090044021606,0.0,0.9787518523382074,True
2022-08-16,0.6603502631187439,0.6603502631187439,0.0,0.9787518523382074,True
2022-08-17,0.6523864269256592,0.6523864269256592,0.0,0.9787518523382074,True
2022-08-18,0.7059950232505798,0.7059950232505798,0.0,0.9787518523382074,True
2022-08-19,0.5981523990631104,0.5981523990631104,0.0,0.0,True
2022-08-22,0.558652400970459,0.558652400970459,0.0,0.0,True
2022-08-23,0.5780778527259827,0.5780778527259827,0.0,0.0,True
2022-08-24,0.7445958852767944,0.7445958852767944,0.0,1.0,True
2022-08-25,0.5783523917198181,0.5783523917198181,0.0,0.0,True
2022-08-26,0.5841262936592102,0.5841262936592102,0.0,0.0,True
2022-08-29,0.6989471316337585,0.6989471316337585,0.0,1.0,True
2022-08-30,0.6334550380706787,0.6334550380706787,0.0,1.0,True
2022-08-31,0.6537197828292847,0.6537197828292847,0.0,1.0,True
2022-09-01,0.6382001042366028,0.6382001042366028,0.0,1.0,True
2022-09-02,0.6250790953636169,0.6250790953636169,0.0,1.0,True
2022-09-05,0.6443927884101868,0.6443927884101868,0.0,1.0,True
2022-09-06,0.576416015625,0.576416015625,0.0,0.0,True
2022-09-07,0.47414514422416687,0.47414514422416687,0.0,0.0,True
2022-09-08,0.5186842679977417,0.5186842679977417,0.0,0.0,True
2022-09-09,0.535799503326416,0.535799503326416,0.0,0.0,True
2022-09-12,0.5422789454460144,0.5422789454460144,0.0,0.0,True
2022-09-13,0.5077345967292786,0.5077345967292786,0.0,0.0,True
2022-09-14,0.5789534449577332,0.5789534449577332,0.0,0.0,True
2022-09-15,0.5785266160964966,0.5785266160964966,0.0,0.0,True
2022-09-16,0.6874723434448242,0.6874723434448242,0.0,1.0,True
2022-09-19,0.6981379985809326,0.6981379985809326,0.0,1.0,True
2022-09-20,0.5397872924804688,0.5397872924804688,0.0,0.0,True
2022-09-21,0.639992356300354,0.639992356300354,0.0,1.0,True
2022-09-22,0.6047236919403076,0.6047236919403076,0.0,1.0,True
2022-09-23,0.6618755459785461,0.6618755459785461,0.0,1.0,True
2022-09-26,0.5926101207733154,0.5926101207733154,0.0,0.0,True
2022-09-27,0.6798045039176941,0.6798045039176941,0.0,1.0,True
2022-09-28,0.6560244560241699,0.6560244560241699,0.0,1.0,True
2022-09-29,0.7187260985374451,0.7187260985374451,0.0,1.0,True
2022-09-30,0.6701549887657166,0.6701549887657166,0.0,1.0,True
2022-10-03,0.7333629727363586,0.7333629727363586,0.0,1.0,True
2022-10-04,0.5951380133628845,0.5951380133628845,0.0,0.0,True
2022-10-05,0.6107680797576904,0.6107680797576904,0.0,1.0,True
2022-10-06,0.598410427570343,0.598410427570343,0.0,0.0,True
2022-10-07,0.6342650651931763,0.6342650651931763,0.0,1.0,True
2022-10-10,0.6471649408340454,0.6471649408340454,0.0,1.0,True
2022-10-11,0.5960375070571899,0.5960375070571899,0.0,0.0,True
2022-10-12,0.6697047352790833,0.6697047352790833,0.0,1.0,True
2022-10-13,0.5952414274215698,0.5952414274215698,0.0,0.0,True
2022-10-14,0.6659709215164185,0.6659709215164185,0.0,1.0,True
2022-10-17,0.5937728881835938,0.5937728881835938,0.0,0.0,True
2022-10-18,0.5573789477348328,0.5573789477348328,0.0,0.0,True
2022-10-19,0.5022359490394592,0.5022359490394592,0.0,0.0,True
2022-10-20,0.601787269115448,0.601787269115448,0.0,1.0,True
2022-10-21,0.5422715544700623,0.5422715544700623,0.0,0.0,True
2022-10-24,0.5891892313957214,0.5891892313957214,0.0,0.0,True
2022-10-25,0.6849719882011414,0.6849719882011414,0.0,1.0,True
2022-10-26,0.7111415863037109,0.7111415863037109,0.0,1.0,True
2022-10-27,0.7243654727935791,0.7243654727935791,0.0,1.0,True
2022-10-28,0.5225546956062317,0.5225546956062317,0.0,0.0,True
2022-10-31,0.5323977470397949,0.5323977470397949,0.0,0.0,True
2022-11-01,0.49236270785331726,0.49236270785331726,0.0,0.0,True
2022-11-02,0.6053785681724548,0.6053785681724548,0.0,1.0,True
2022-11-03,0.6451288461685181,0.6451288461685181,1.0,0.0,True
2022-11-04,0.5629017353057861,0.5629017353057861,1.0,0.0,True
2022-11-07,0.5944370031356812,0.5944370031356812,1.0,0.0,True
2022-11-08,0.6203482151031494,0.6203482151031494,1.0,0.0,True
2022-11-09,0.586281418800354,0.586281418800354,1.0,0.0,True
2022-11-10,0.6744711399078369,0.6744711399078369,1.0,0.0,True
2022-11-11,0.5618318319320679,0.5618318319320679,1.0,0.0,True
2022-11-14,0.537413477897644,0.537413477897644,1.0,0.0,True
2022-11-15,0.542306661605835,0.542306661605835,1.0,0.0,True
2022-11-16,0.5268928408622742,0.5268928408622742,1.0,0.0,True
2022-11-17,0.553605318069458,0.553605318069458,1.0,0.0,True
2022-11-18,0.6705538034439087,0.6705538034439087,1.0,0.0,True
2022-11-21,0.7160999178886414,0.7160999178886414,1.0,0.0,True
2022-11-22,0.6183523535728455,0.6183523535728455,1.0,0.0,True
2022-11-23,0.6053699851036072,0.6053699851036072,1.0,0.0,True
2022-11-24,0.6478985548019409,0.6478985548019409,1.0,0.0,True
2022-11-25,0.4752733111381531,0.4752733111381531,0.0,0.0,True
2022-11-28,0.6149835586547852,0.6149835586547852,0.0,1.0,True
2022-11-29,0.5729502439498901,0.5729502439498901,1.0,0.0,True
2022-11-30,0.5021469593048096,0.5021469593048096,0.0,0.0,True
2022-12-01,0.4374915361404419,0.4374915361404419,0.0,0.0,True
2022-12-02,0.4827980399131775,0.4827980399131775,0.0,0.0,True
2022-12-05,0.42783448100090027,0.42783448100090027,0.0,0.0,True
2022-12-06,0.5167544484138489,0.5167544484138489,0.0,0.0,True
2022-12-07,0.5865227580070496,0.5865227580070496,0.0,0.0,True
2022-12-08,0.38902074098587036,0.38902074098587036,1.0,0.0,True
2022-12-09,0.5552775263786316,0.5552775263786316,1.0,0.0,True
2022-12-12,0.5423382520675659,0.5423382520675659,1.0,0.0,True
2022-12-13,0.6002751588821411,0.6002751588821411,1.0,0.0,True
2022-12-14,0.584083080291748,0.584083080291748,1.0,0.0,True
2022-12-15,0.5145949125289917,0.5145949125289917,1.0,0.0,True
2022-12-16,0.663331925868988,0.663331925868988,1.0,0.0,True
2022-12-19,0.5873803496360779,0.5873803496360779,1.0,0.0,True
2022-12-20,0.5764254927635193,0.5764254927635193,1.0,0.0,True
2022-12-21,0.5570133924484253,0.5570133924484253,1.0,0.0,True
2022-12-22,0.5848023295402527,0.5848023295402527,1.0,0.0,True
2022-12-23,0.5556659698486328,0.5556659698486328,0.0,0.0,True
2022-12-26,0.6045126914978027,0.6045126914978027,1.0,0.0,True
2022-12-27,0.7040441632270813,0.7040441632270813,1.0,0.0,True
2022-12-28,0.7865821123123169,0.7865821123123169,1.0,0.0,True
2022-12-29,0.7707338333129883,0.7707338333129883,1.0,0.0,True
2022-12-30,0.7126667499542236,0.7126667499542236,1.0,0.0,True
2023-01-02,0.6763831973075867,0.6763831973075867,0.0,1.0,True
2023-01-03,0.40071746706962585,0.40071746706962585,1.0,0.0,True
2023-01-04,0.7038220763206482,0.7038220763206482,1.0,0.0,True
2023-01-05,0.7859162092208862,0.7859162092208862,1.0,0.0,True
2023-01-06,0.7255093455314636,0.7255093455314636,1.0,0.0,True
2023-01-09,0.5551339983940125,0.5551339983940125,2.0,0.0,True
2023-01-10,0.7696738243103027,0.7696738243103027,2.0,0.5513164802304318,True
2023-01-11,0.6548287868499756,0.6548287868499756,2.0,0.5513164802304318,True
2023-01-12,0.28010648488998413,0.28010648488998413,2.0,0.0,True
2023-01-13,0.8109642267227173,0.8109642267227173,2.0,0.507981229217509,True
2023-01-16,0.818580150604248,0.818580150604248,2.0,0.507981229217509,True
2023-01-17,0.7423549294471741,0.7423549294471741,2.0,0.507981229217509,True
2023-01-18,0.7863580584526062,0.7863580584526062,2.0,0.507981229217509,True
2023-01-19,0.800821840763092,0.800821840763092,2.0,0.507981229217509,True
2023-01-20,0.7068371772766113,0.7068371772766113,2.0,0.507981229217509,True
2023-01-23,0.7012994885444641,0.7012994885444641,2.0,0.507981229217509,True
2023-01-24,0.7085548639297485,0.7085548639297485,2.0,0.507981229217509,True
2023-01-25,0.3868563175201416,0.3868563175201416,2.0,0.0,True
2023-01-26,0.5103409290313721,0.5103409290313721,2.0,0.0,True
2023-01-27,0.7289425134658813,0.7289425134658813,2.0,0.4509545238151531,True
2023-01-30,0.7515375018119812,0.7515375018119812,2.0,0.4509545238151531,True
2023-01-31,0.7745062112808228,0.7745062112808228,2.0,0.4509545238151531,True
2023-02-01,0.8429850339889526,0.8429850339889526,2.0,0.4509545238151531,True
2023-02-02,0.7533536553382874,0.7533536553382874,2.0,0.4509545238151531,True
2023-02-03,0.7139000296592712,0.7139000296592712,2.0,0.5734307028227672,True
2023-02-06,0.745847761631012,0.745847761631012,1.0,0.0,True
2023-02-07,0.6861991882324219,0.6861991882324219,1.0,0.0,True
2023-02-08,0.6476169228553772,0.6476169228553772,1.0,0.0,True
2023-02-09,0.673864483833313,0.673864483833313,1.0,0.0,True
2023-02-10,0.7081475257873535,0.7081475257873535,1.0,0.0,True
2023-02-13,0.6791337132453918,0.6791337132453918,1.0,0.0,True
2023-02-14,0.3580140769481659,0.3580140769481659,1.0,0.0,True
2023-02-15,0.30589979887008667,0.30589979887008667,1.0,0.0,True
2023-02-16,0.3495561480522156,0.3495561480522156,2.0,0.0,True
2023-02-17,0.25330179929733276,0.25330179929733276,2.0,0.0,True
2023-02-20,0.2633017301559448,0.2633017301559448,2.0,0.0,True
2023-02-21,0.36615514755249023,0.36615514755249023,2.0,0.0,True
2023-02-22,0.4412256181240082,0.4412256181240082,2.0,0.0,True
2023-02-23,0.4849298894405365,0.4849298894405365,2.0,0.0,True
2023-02-24,0.45745745301246643,0.45745745301246643,2.0,0.0,True
2023-02-27,0.46919217705726624,0.46919217705726624,2.0,0.0,True
2023-02-28,0.3534148931503296,0.3534148931503296,2.0,0.0,True
2023-03-01,0.5015914440155029,0.5015914440155029,2.0,0.0,True
2023-03-02,0.5229219794273376,0.5229219794273376,2.0,0.0,True
2023-03-03,0.44145411252975464,0.44145411252975464,2.0,0.0,True
2023-03-06,0.5202679634094238,0.5202679634094238,2.0,0.0,True
2023-03-07,0.6332834362983704,0.6332834362983704,2.0,0.3672703722303116,True
2023-03-08,0.6102582216262817,0.6102582216262817,2.0,0.3672703722303116,True
2023-03-09,0.497843474149704,0.497843474149704,2.0,0.0,True
2023-03-10,0.7552337646484375,0.7552337646484375,2.0,0.3493678325815935,True
2023-03-13,0.7696244716644287,0.7696244716644287,2.0,0.3493678325815935,True
2023-03-14,0.6764851808547974,0.6764851808547974,2.0,0.3493678325815935,True
2023-03-15,0.7861924767494202,0.7861924767494202,2.0,0.3493678325815935,True
2023-03-16,0.7721714377403259,0.7721714377403259,2.0,0.3493678325815935,True
2023-03-17,0.7877947092056274,0.7877947092056274,2.0,0.3493678325815935,True
2023-03-20,0.7100707292556763,0.7100707292556763,2.0,0.3493678325815935,True
2023-03-21,0.6364088654518127,0.6364088654518127,2.0,0.3493678325815935,True
2023-03-22,0.644961416721344,0.644961416721344,2.0,0.49607722772133983,True
2023-03-23,0.7145656943321228,0.7145656943321228,2.0,0.49607722772133983,True
2023-03-24,0.652513861656189,0.652513861656189,2.0,0.6079271046354472,True
2023-03-27,0.6283795833587646,0.6283795833587646,2.0,0.6079271046354472,True
2023-03-28,0.661037266254425,0.661037266254425,2.0,0.6079271046354472,True
2023-03-29,0.44412893056869507,0.44412893056869507,2.0,0.0,True
2023-03-30,0.3469945192337036,0.3469945192337036,2.0,0.0,True
2023-03-31,0.3196369707584381,0.3196369707584381,1.0,0.0,True
2023-04-03,0.33104148507118225,0.33104148507118225,1.0,0.0,True
2023-04-04,0.3881165683269501,0.3881165683269501,1.0,0.0,True
2023-04-05,0.2909741699695587,0.2909741699695587,2.0,0.0,True
2023-04-06,0.3438190519809723,0.3438190519809723,2.0,0.0,True
2023-04-07,0.35652878880500793,0.35652878880500793,2.0,0.0,True
2023-04-10,0.2758643329143524,0.2758643329143524,1.0,0.0,True
2023-04-11,0.2920513451099396,0.2920513451099396,1.0,0.0,True
2023-04-12,0.40424105525016785,0.40424105525016785,1.0,0.0,True
2023-04-13,0.3550497591495514,0.3550497591495514,1.0,0.0,True
2023-04-14,0.324718177318573,0.324718177318573,1.0,0.0,True
2023-04-17,0.5528599619865417,0.5528599619865417,1.0,0.0,True
2023-04-18,0.5759312510490417,0.5759312510490417,1.0,0.0,True
2023-04-19,0.4022033214569092,0.4022033214569092,1.0,0.0,True
2023-04-20,0.44225630164146423,0.44225630164146423,1.0,0.0,True
2023-04-21,0.5063608884811401,0.5063608884811401,1.0,0.0,True
2023-04-24,0.36773189902305603,0.36773189902305603,0.0,0.0,True
2023-04-25,0.5421372652053833,0.5421372652053833,0.0,0.0,True
2023-04-26,0.5699723362922668,0.5699723362922668,0.0,0.0,True
2023-04-27,0.5264965891838074,0.5264965891838074,0.0,0.0,True
2023-04-28,0.4687570333480835,0.4687570333480835,0.0,0.0,True
2023-05-01,0.5463707447052002,0.5463707447052002,0.0,0.0,True
2023-05-02,0.6267091631889343,0.6267091631889343,0.0,1.0,True
2023-05-03,0.4879026710987091,0.4879026710987091,0.0,0.0,True
2023-05-04,0.6368311047554016,0.6368311047554016,0.0,1.0,True
2023-05-05,0.5716932415962219,0.5716932415962219,0.0,0.0,True
2023-05-08,0.4857448637485504,0.4857448637485504,0.0,0.0,True
2023-05-09,0.5365829467773438,0.5365829467773438,0.0,0.0,True
2023-05-10,0.48538240790367126,0.48538240790367126,0.0,0.0,True
2023-05-11,0.6010727286338806,0.6010727286338806,0.0,1.0,True
2023-05-12,0.5108600854873657,0.5108600854873657,0.0,0.0,True
2023-05-15,0.6154305934906006,0.6154305934906006,0.0,1.0,True
2023-05-16,0.47465750575065613,0.47465750575065613,0.0,0.0,True
2023-05-17,0.6893724203109741,0.6893724203109741,0.0,1.0,True
2023-05-18,0.6810134053230286,0.6810134053230286,0.0,1.0,True
2023-05-19,0.7168440222740173,0.7168440222740173,0.0,1.0,True
2023-05-22,0.6366884112358093,0.6366884112358093,0.0,1.0,True
2023-05-23,0.627409815788269,0.627409815788269,0.0,1.0,True
2023-05-24,0.596990704536438,0.596990704536438,0.0,0.0,True
2023-05-25,0.5823754072189331,0.5823754072189331,0.0,0.0,True
2023-05-26,0.5360477566719055,0.5360477566719055,0.0,0.0,True
2023-05-29,0.5259512662887573,0.5259512662887573,0.0,0.0,True
2023-05-30,0.5572024583816528,0.5572024583816528,0.0,0.0,True
2023-05-31,0.5950934290885925,0.5950934290885925,0.0,0.0,True
2023-06-01,0.47356316447257996,0.47356316447257996,1.0,0.0,True
2023-06-02,0.47141483426094055,0.47141483426094055,1.0,0.0,True
