Date,p_tree,p_ens,regime,signal_ml,is_test
2010-01-04,,,,,False
2010-01-05,,,,,False
2010-01-06,,,,,False
2010-01-07,,,,,False
2010-01-08,,,,,False
2010-01-11,,,,,False
2010-01-12,,,,,False
2010-01-13,,,,,False
2010-01-14,,,,,False
2010-01-15,,,,,False
2010-01-18,,,,,False
2010-01-19,,,,,False
2010-01-20,,,,,False
2010-01-21,,,,,False
2010-01-22,,,,,False
2010-01-25,,,,,False
2010-01-26,,,,,False
2010-01-27,,,,,False
2010-01-28,,,,,False
2010-01-29,,,,,False
2010-02-01,,,,,False
2010-02-02,,,,,False
2010-02-03,,,,,False
2010-02-04,,,,,False
2010-02-05,,,,,False
2010-02-08,,,,,False
2010-02-09,,,,,False
2010-02-10,,,,,False
2010-02-11,,,,,False
2010-02-12,,,,,False
2010-02-15,,,,,False
2010-02-16,,,,,False
2010-02-17,,,,,False
2010-02-18,,,,,False
2010-02-19,,,,,False
2010-02-22,,,,,False
2010-02-23,,,,,False
2010-02-24,,,,,False
2010-02-25,,,,,False
2010-02-26,,,,,False
2010-03-01,,,,,False
2010-03-02,,,,,False
2010-03-03,,,,,False
2010-03-04,,,,,False
2010-03-05,,,,,False
2010-03-08,,,,,False
2010-03-09,,,,,False
2010-03-10,,,,,False
2010-03-11,,,,,False
2010-03-12,,,,,False
2010-03-15,,,,,False
2010-03-16,,,,,False
2010-03-17,,,,,False
2010-03-18,,,,,False
2010-03-19,,,,,False
2010-03-22,,,,,False
2010-03-23,,,,,False
2010-03-24,,,,,False
2010-03-25,,,,,False
2010-03-26,,,,,False
2010-03-29,,,,,False
2010-03-30,,,,,False
2010-03-31,,,,,False
2010-04-01,,,,,False
2010-04-02,,,,,False
2010-04-05,,,,,False
2010-04-06,,,,,False
2010-04-07,,,,,False
2010-04-08,,,,,False
2010-04-09,,,,,False
2010-04-12,,,,,False
2010-04-13,,,,,False
2010-04-14,,,,,False
2010-04-15,,,,,False
2010-04-16,,,,,False
2010-04-19,,,,,False
2010-04-20,,,,,False
2010-04-21,,,,,False
2010-04-22,,,,,False
2010-04-23,,,,,False
2010-04-26,,,,,False
2010-04-27,,,,,False
2010-04-28,,,,,False
2010-04-29,,,,,False
2010-04-30,,,,,False
2010-05-03,,,,,False
2010-05-04,,,,,False
2010-05-05,,,,,False
2010-05-06,,,,,False
2010-05-07,,,,,False
2010-05-10,,,,,False
2010-05-11,,,,,False
2010-05-12,,,,,False
2010-05-13,,,,,False
2010-05-14,,,,,False
2010-05-17,,,,,False
2010-05-18,,,,,False
2010-05-19,,,,,False
2010-05-20,,,,,False
2010-05-21,,,,,False
2010-05-24,,,,,False
2010-05-25,,,,,False
2010-05-26,,,,,False
2010-05-27,,,,,False
2010-05-28,,,,,False
2010-05-31,,,,,False
2010-06-01,,,,,False
2010-06-02,,,,,False
2010-06-03,,,,,False
2010-06-04,,,,,False
2010-06-07,,,,,False
2010-06-08,,,,,False
2010-06-09,,,,,False
2010-06-10,,,,,False
2010-06-11,,,,,False
2010-06-14,,,,,False
2010-06-15,,,,,False
2010-06-16,,,,,False
2010-06-17,,,,,False
2010-06-18,,,,,False
2010-06-21,,,,,False
2010-06-22,,,,,False
2010-06-23,,,,,False
2010-06-24,,,,,False
2010-06-25,,,,,False
2010-06-28,,,,,False
2010-06-29,,,,,False
2010-06-30,,,,,False
2010-07-01,,,,,False
2010-07-02,,,,,False
2010-07-05,,,,,False
2010-07-06,,,,,False
2010-07-07,,,,,False
2010-07-08,,,,,False
2010-07-09,,,,,False
2010-07-12,,,,,False
2010-07-13,,,,,False
2010-07-14,,,,,False
2010-07-15,,,,,False
2010-07-16,,,,,False
2010-07-19,,,,,False
2010-07-20,,,,,False
2010-07-21,,,,,False
2010-07-22,,,,,False
2010-07-23,,,,,False
2010-07-26,,,,,False
2010-07-27,,,,,False
2010-07-28,,,,,False
2010-07-29,,,,,False
2010-07-30,,,,,False
2010-08-02,,,,,False
2010-08-03,,,,,False
2010-08-04,,,,,False
2010-08-05,,,,,False
2010-08-06,,,,,False
2010-08-09,,,,,False
2010-08-10,,,,,False
2010-08-11,,,,,False
2010-08-12,,,,,False
2010-08-13,,,,,False
2010-08-16,,,,,False
2010-08-17,,,,,False
2010-08-18,,,,,False
2010-08-19,,,,,False
2010-08-20,,,,,False
2010-08-23,,,,,False
2010-08-24,,,,,False
2010-08-25,,,,,False
2010-08-26,,,,,False
2010-08-27,,,,,False
2010-08-30,,,,,False
2010-08-31,,,,,False
2010-09-01,,,,,False
2010-09-02,,,,,False
2010-09-03,,,,,False
2010-09-06,,,,,False
2010-09-07,,,,,False
2010-09-08,,,,,False
2010-09-09,,,,,False
2010-09-10,,,,,False
2010-09-13,,,,,False
2010-09-14,,,,,False
2010-09-15,,,,,False
2010-09-16,,,,,False
2010-09-17,,,,,False
2010-09-20,,,,,False
2010-09-21,,,,,False
2010-09-22,,,,,False
2010-09-23,,,,,False
2010-09-24,,,,,False
2010-09-27,,,,,False
2010-09-28,,,,,False
2010-09-29,,,,,False
2010-09-30,,,,,False
2010-10-01,,,,,False
2010-10-04,,,,,False
2010-10-05,,,,,False
2010-10-06,,,,,False
2010-10-07,,,,,False
2010-10-08,,,,,False
2010-10-11,,,,,False
2010-10-12,,,,,False
2010-10-13,,,,,False
2010-10-14,,,,,False
2010-10-15,,,,,False
2010-10-18,,,,,False
2010-10-19,,,,,False
2010-10-20,,,,,False
2010-10-21,,,,,False
2010-10-22,,,,,False
2010-10-25,,,,,False
2010-10-26,,,,,False
2010-10-27,,,,,False
2010-10-28,,,,,False
2010-10-29,,,,,False
2010-11-01,,,,,False
2010-11-02,,,,,False
2010-11-03,,,,,False
2010-11-04,,,,,False
2010-11-05,,,,,False
2010-11-08,,,,,False
2010-11-09,,,,,False
2010-11-10,,,,,False
2010-11-11,,,,,False
2010-11-12,,,,,False
2010-11-15,,,,,False
2010-11-16,,,,,False
2010-11-17,,,,,False
2010-11-18,,,,,False
2010-11-19,,,,,False
2010-11-22,,,,,False
2010-11-23,,,,,False
2010-11-24,,,,,False
2010-11-25,,,,,False
2010-11-26,,,,,False
2010-11-29,,,,,False
2010-11-30,,,,,False
2010-12-01,,,,,False
2010-12-02,,,,,False
2010-12-03,,,,,False
2010-12-06,,,,,False
2010-12-07,,,,,False
2010-12-08,,,,,False
2010-12-09,,,,,False
2010-12-10,,,,,False
2010-12-13,,,,,False
2010-12-14,,,,,False
2010-12-15,,,,,False
2010-12-16,,,,,False
2010-12-17,,,,,False
2010-12-20,,,,,False
2010-12-21,,,,,False
2010-12-22,,,,,False
2010-12-23,,,,,False
2010-12-24,,,,,False
2010-12-27,,,,,False
2010-12-28,,,,,False
2010-12-29,,,,,False
2010-12-30,,,,,False
2010-12-31,,,,,False
2011-01-03,,,,,False
2011-01-04,,,,,False
2011-01-05,,,,,False
2011-01-06,,,,,False
2011-01-07,,,,,False
2011-01-10,,,,,False
2011-01-11,,,,,False
2011-01-12,,,,,False
2011-01-13,,,,,False
2011-01-14,,,,,False
2011-01-17,,,,,False
2011-01-18,,,,,False
2011-01-19,,,,,False
2011-01-20,,,,,False
2011-01-21,,,,,False
2011-01-24,,,,,False
2011-01-25,,,,,False
2011-01-26,,,,,False
2011-01-27,,,,,False
2011-01-28,,,,,False
2011-01-31,,,,,False
2011-02-01,,,,,False
2011-02-02,,,,,False
2011-02-03,,,,,False
2011-02-04,,,,,False
2011-02-07,,,,,False
2011-02-08,,,,,False
2011-02-09,,,,,False
2011-02-10,,,,,False
2011-02-11,,,,,False
2011-02-14,,,,,False
2011-02-15,,,,,False
2011-02-16,,,,,False
2011-02-17,,,,,False
2011-02-18,,,,,False
2011-02-21,,,,,False
2011-02-22,,,,,False
2011-02-23,,,,,False
2011-02-24,,,,,False
2011-02-25,,,,,False
2011-02-28,,,,,False
2011-03-01,,,,,False
2011-03-02,,,,,False
2011-03-03,,,,,False
2011-03-04,,,,,False
2011-03-07,,,,,False
2011-03-08,,,,,False
2011-03-09,,,,,False
2011-03-10,,,,,False
2011-03-11,,,,,False
2011-03-14,,,,,False
2011-03-15,,,,,False
2011-03-16,,,,,False
2011-03-17,,,,,False
2011-03-18,,,,,False
2011-03-21,,,,,False
2011-03-22,,,,,False
2011-03-23,,,,,False
2011-03-24,,,,,False
2011-03-25,,,,,False
2011-03-28,,,,,False
2011-03-29,,,,,False
2011-03-30,,,,,False
2011-03-31,,,,,False
2011-04-01,,,,,False
2011-04-04,,,,,False
2011-04-05,,,,,False
2011-04-06,,,,,False
2011-04-07,,,,,False
2011-04-08,,,,,False
2011-04-11,,,,,False
2011-04-12,,,,,False
2011-04-13,,,,,False
2011-04-14,,,,,False
2011-04-15,,,,,False
2011-04-18,,,,,False
2011-04-19,,,,,False
2011-04-20,,,,,False
2011-04-21,,,,,False
2011-04-22,,,,,False
2011-04-25,,,,,False
2011-04-26,,,,,False
2011-04-27,,,,,False
2011-04-28,,,,,False
2011-04-29,,,,,False
2011-05-02,,,,,False
2011-05-03,,,,,False
2011-05-04,,,,,False
2011-05-05,,,,,False
2011-05-06,,,,,False
2011-05-09,,,,,False
2011-05-10,,,,,False
2011-05-11,,,,,False
2011-05-12,,,,,False
2011-05-13,,,,,False
2011-05-16,,,,,False
2011-05-17,,,,,False
2011-05-18,,,,,False
2011-05-19,,,,,False
2011-05-20,,,,,False
2011-05-23,,,,,False
2011-05-24,,,,,False
2011-05-25,,,,,False
2011-05-26,,,,,False
2011-05-27,,,,,False
2011-05-30,,,,,False
2011-05-31,,,,,False
2011-06-01,,,,,False
2011-06-02,,,,,False
2011-06-03,,,,,False
2011-06-06,,,,,False
2011-06-07,,,,,False
2011-06-08,,,,,False
2011-06-09,,,,,False
2011-06-10,,,,,False
2011-06-13,,,,,False
2011-06-14,,,,,False
2011-06-15,,,,,False
2011-06-16,,,,,False
2011-06-17,,,,,False
2011-06-20,,,,,False
2011-06-21,,,,,False
2011-06-22,,,,,False
2011-06-23,,,,,False
2011-06-24,,,,,False
2011-06-27,,,,,False
2011-06-28,,,,,False
2011-06-29,,,,,False
2011-06-30,,,,,False
2011-07-01,,,,,False
2011-07-04,,,,,False
2011-07-05,,,,,False
2011-07-06,,,,,False
2011-07-07,,,,,False
2011-07-08,,,,,False
2011-07-11,,,,,False
2011-07-12,,,,,False
2011-07-13,,,,,False
2011-07-14,,,,,False
2011-07-15,,,,,False
2011-07-18,,,,,False
2011-07-19,,,,,False
2011-07-20,,,,,False
2011-07-21,,,,,False
2011-07-22,,,,,False
2011-07-25,,,,,False
2011-07-26,,,,,False
2011-07-27,,,,,False
2011-07-28,,,,,False
2011-07-29,,,,,False
2011-08-01,,,,,False
2011-08-02,,,,,False
2011-08-03,,,,,False
2011-08-04,,,,,False
2011-08-05,,,,,False
2011-08-08,,,,,False
2011-08-09,,,,,False
2011-08-10,,,,,False
2011-08-11,,,,,False
2011-08-12,,,,,False
2011-08-15,,,,,False
2011-08-16,,,,,False
2011-08-17,,,,,False
2011-08-18,,,,,False
2011-08-19,,,,,False
2011-08-22,,,,,False
2011-08-23,,,,,False
2011-08-24,,,,,False
2011-08-25,,,,,False
2011-08-26,,,,,False
2011-08-29,,,,,False
2011-08-30,,,,,False
2011-08-31,,,,,False
2011-09-01,,,,,False
2011-09-02,,,,,False
2011-09-05,,,,,False
2011-09-06,,,,,False
2011-09-07,,,,,False
2011-09-08,,,,,False
2011-09-09,,,,,False
2011-09-12,,,,,False
2011-09-13,,,,,False
2011-09-14,,,,,False
2011-09-15,,,,,False
2011-09-16,,,,,False
2011-09-19,,,,,False
2011-09-20,,,,,False
2011-09-21,,,,,False
2011-09-22,,,,,False
2011-09-23,,,,,False
2011-09-26,,,,,False
2011-09-27,,,,,False
2011-09-28,,,,,False
2011-09-29,,,,,False
2011-09-30,,,,,False
2011-10-03,,,,,False
2011-10-04,,,,,False
2011-10-05,,,,,False
2011-10-06,,,,,False
2011-10-07,,,,,False
2011-10-10,,,,,False
2011-10-11,,,,,False
2011-10-12,,,,,False
2011-10-13,,,,,False
2011-10-14,,,,,False
2011-10-17,,,,,False
2011-10-18,,,,,False
2011-10-19,,,,,False
2011-10-20,,,,,False
2011-10-21,,,,,False
2011-10-24,,,,,False
2011-10-25,,,,,False
2011-10-26,,,,,False
2011-10-27,,,,,False
2011-10-28,,,,,False
2011-10-31,,,,,False
2011-11-01,,,,,False
2011-11-02,,,,,False
2011-11-03,,,,,False
2011-11-04,,,,,False
2011-11-07,,,,,False
2011-11-08,,,,,False
2011-11-09,,,,,False
2011-11-10,,,,,False
2011-11-11,,,,,False
2011-11-14,,,,,False
2011-11-15,,,,,False
2011-11-16,,,,,False
2011-11-17,,,,,False
2011-11-18,,,,,False
2011-11-21,,,,,False
2011-11-22,,,,,False
2011-11-23,,,,,False
2011-11-24,,,,,False
2011-11-25,,,,,False
2011-11-28,,,,,False
2011-11-29,,,,,False
2011-11-30,,,,,False
2011-12-01,,,,,False
2011-12-02,,,,,False
2011-12-05,,,,,False
2011-12-06,,,,,False
2011-12-07,,,,,False
2011-12-08,,,,,False
2011-12-09,,,,,False
2011-12-12,,,,,False
2011-12-13,,,,,False
2011-12-14,,,,,False
2011-12-15,,,,,False
2011-12-16,,,,,False
2011-12-19,,,,,False
2011-12-20,,,,,False
2011-12-21,,,,,False
2011-12-22,,,,,False
2011-12-23,,,,,False
2011-12-26,,,,,False
2011-12-27,,,,,False
2011-12-28,,,,,False
2011-12-29,,,,,False
2011-12-30,,,,,False
2012-01-02,,,,,False
2012-01-03,,,,,False
2012-01-04,,,,,False
2012-01-05,,,,,False
2012-01-06,,,,,False
2012-01-09,,,,,False
2012-01-10,,,,,False
2012-01-11,,,,,False
2012-01-12,,,,,False
2012-01-13,,,,,False
2012-01-16,,,,,False
2012-01-17,,,,,False
2012-01-18,,,,,False
2012-01-19,,,,,False
2012-01-20,,,,,False
2012-01-23,,,,,False
2012-01-24,,,,,False
2012-01-25,,,,,False
2012-01-26,,,,,False
2012-01-27,,,,,False
2012-01-30,,,,,False
2012-01-31,,,,,False
2012-02-01,,,,,False
2012-02-02,,,,,False
2012-02-03,,,,,False
2012-02-06,,,,,False
2012-02-07,,,,,False
2012-02-08,,,,,False
2012-02-09,,,,,False
2012-02-10,,,,,False
2012-02-13,,,,,False
2012-02-14,,,,,False
2012-02-15,,,,,False
2012-02-16,,,,,False
2012-02-17,,,,,False
2012-02-20,,,,,False
2012-02-21,,,,,False
2012-02-22,,,,,False
2012-02-23,,,,,False
2012-02-24,,,,,False
2012-02-27,,,,,False
2012-02-28,,,,,False
2012-02-29,,,,,False
2012-03-01,,,,,False
2012-03-02,,,,,False
2012-03-05,,,,,False
2012-03-06,,,,,False
2012-03-07,,,,,False
2012-03-08,,,,,False
2012-03-09,,,,,False
2012-03-12,,,,,False
2012-03-13,,,,,False
2012-03-14,,,,,False
2012-03-15,,,,,False
2012-03-16,,,,,False
2012-03-19,,,,,False
2012-03-20,,,,,False
2012-03-21,,,,,False
2012-03-22,,,,,False
2012-03-23,,,,,False
2012-03-26,,,,,False
2012-03-27,,,,,False
2012-03-28,,,,,False
2012-03-29,,,,,False
2012-03-30,,,,,False
2012-04-02,,,,,False
2012-04-03,,,,,False
2012-04-04,,,,,False
2012-04-05,,,,,False
2012-04-06,,,,,False
2012-04-09,,,,,False
2012-04-10,,,,,False
2012-04-11,,,,,False
2012-04-12,,,,,False
2012-04-13,,,,,False
2012-04-16,,,,,False
2012-04-17,,,,,False
2012-04-18,,,,,False
2012-04-19,,,,,False
2012-04-20,,,,,False
2012-04-23,,,,,False
2012-04-24,,,,,False
2012-04-25,,,,,False
2012-04-26,,,,,False
2012-04-27,,,,,False
2012-04-30,,,,,False
2012-05-01,,,,,False
2012-05-02,,,,,False
2012-05-03,,,,,False
2012-05-04,,,,,False
2012-05-07,,,,,False
2012-05-08,,,,,False
2012-05-09,,,,,False
2012-05-10,,,,,False
2012-05-11,,,,,False
2012-05-14,,,,,False
2012-05-15,,,,,False
2012-05-16,,,,,False
2012-05-17,,,,,False
2012-05-18,,,,,False
2012-05-21,,,,,False
2012-05-22,,,,,False
2012-05-23,,,,,False
2012-05-24,,,,,False
2012-05-25,,,,,False
2012-05-28,,,,,False
2012-05-29,,,,,False
2012-05-30,,,,,False
2012-05-31,,,,,False
2012-06-01,,,,,False
2012-06-04,,,,,False
2012-06-05,,,,,False
2012-06-06,,,,,False
2012-06-07,,,,,False
2012-06-08,,,,,False
2012-06-11,,,,,False
2012-06-12,,,,,False
2012-06-13,,,,,False
2012-06-14,,,,,False
2012-06-15,,,,,False
2012-06-18,,,,,False
2012-06-19,,,,,False
2012-06-20,,,,,False
2012-06-21,,,,,False
2012-06-22,,,,,False
2012-06-25,,,,,False
2012-06-26,,,,,False
2012-06-27,,,,,False
2012-06-28,,,,,False
2012-06-29,,,,,False
2012-07-02,,,,,False
2012-07-03,,,,,False
2012-07-04,,,,,False
2012-07-05,,,,,False
2012-07-06,,,,,False
2012-07-09,,,,,False
2012-07-10,,,,,False
2012-07-11,,,,,False
2012-07-12,,,,,False
2012-07-13,,,,,False
2012-07-16,,,,,False
2012-07-17,,,,,False
2012-07-18,,,,,False
2012-07-19,,,,,False
2012-07-20,,,,,False
2012-07-23,,,,,False
2012-07-24,,,,,False
2012-07-25,,,,,False
2012-07-26,,,,,False
2012-07-27,,,,,False
2012-07-30,,,,,False
2012-07-31,,,,,False
2012-08-01,,,,,False
2012-08-02,,,,,False
2012-08-03,,,,,False
2012-08-06,,,,,False
2012-08-07,,,,,False
2012-08-08,,,,,False
2012-08-09,,,,,False
2012-08-10,,,,,False
2012-08-13,,,,,False
2012-08-14,,,,,False
2012-08-15,,,,,False
2012-08-16,,,,,False
2012-08-17,,,,,False
2012-08-20,,,,,False
2012-08-21,,,,,False
2012-08-22,,,,,False
2012-08-23,,,,,False
2012-08-24,,,,,False
2012-08-27,,,,,False
2012-08-28,,,,,False
2012-08-29,,,,,False
2012-08-30,,,,,False
2012-08-31,,,,,False
2012-09-03,,,,,False
2012-09-04,,,,,False
2012-09-05,,,,,False
2012-09-06,,,,,False
2012-09-07,,,,,False
2012-09-10,,,,,False
2012-09-11,,,,,False
2012-09-12,,,,,False
2012-09-13,,,,,False
2012-09-14,,,,,False
2012-09-17,,,,,False
2012-09-18,,,,,False
2012-09-19,,,,,False
2012-09-20,,,,,False
2012-09-21,,,,,False
2012-09-24,,,,,False
2012-09-25,,,,,False
2012-09-26,,,,,False
2012-09-27,,,,,False
2012-09-28,,,,,False
2012-10-01,,,,,False
2012-10-02,,,,,False
2012-10-03,,,,,False
2012-10-04,,,,,False
2012-10-05,,,,,False
2012-10-08,,,,,False
2012-10-09,,,,,False
2012-10-10,,,,,False
2012-10-11,,,,,False
2012-10-12,,,,,False
2012-10-15,,,,,False
2012-10-16,,,,,False
2012-10-17,,,,,False
2012-10-18,,,,,False
2012-10-19,,,,,False
2012-10-22,,,,,False
2012-10-23,,,,,False
2012-10-24,,,,,False
2012-10-25,,,,,False
2012-10-26,,,,,False
2012-10-29,,,,,False
2012-10-30,,,,,False
2012-10-31,,,,,False
2012-11-01,,,,,False
2012-11-02,,,,,False
2012-11-05,,,,,False
2012-11-06,,,,,False
2012-11-07,,,,,False
2012-11-08,,,,,False
2012-11-09,,,,,False
2012-11-12,,,,,False
2012-11-13,,,,,False
2012-11-14,,,,,False
2012-11-15,,,,,False
2012-11-16,,,,,False
2012-11-19,,,,,False
2012-11-20,,,,,False
2012-11-21,,,,,False
2012-11-22,,,,,False
2012-11-23,,,,,False
2012-11-26,,,,,False
2012-11-27,,,,,False
2012-11-28,,,,,False
2012-11-29,,,,,False
2012-11-30,,,,,False
2012-12-03,,,,,False
2012-12-04,,,,,False
2012-12-05,,,,,False
2012-12-06,,,,,False
2012-12-07,,,,,False
2012-12-10,,,,,False
2012-12-11,,,,,False
2012-12-12,,,,,False
2012-12-13,,,,,False
2012-12-14,,,,,False
2012-12-17,,,,,False
2012-12-18,,,,,False
2012-12-19,,,,,False
2012-12-20,,,,,False
2012-12-21,,,,,False
2012-12-24,,,,,False
2012-12-25,,,,,False
2012-12-26,,,,,False
2012-12-27,,,,,False
2012-12-28,,,,,False
2012-12-31,,,,,False
2013-01-01,,,,,False
2013-01-02,,,,,False
2013-01-03,,,,,False
2013-01-04,,,,,False
2013-01-07,,,,,False
2013-01-08,,,,,False
2013-01-09,,,,,False
2013-01-10,,,,,False
2013-01-11,,,,,False
2013-01-14,,,,,False
2013-01-15,,,,,False
2013-01-16,,,,,False
2013-01-17,,,,,False
2013-01-18,,,,,False
2013-01-21,,,,,False
2013-01-22,,,,,False
2013-01-23,,,,,False
2013-01-24,,,,,False
2013-01-25,,,,,False
2013-01-28,,,,,False
2013-01-29,,,,,False
2013-01-30,,,,,False
2013-01-31,,,,,False
2013-02-01,,,,,False
2013-02-04,,,,,False
2013-02-05,,,,,False
2013-02-06,,,,,False
2013-02-07,,,,,False
2013-02-08,,,,,False
2013-02-11,,,,,False
2013-02-12,,,,,False
2013-02-13,,,,,False
2013-02-14,,,,,False
2013-02-15,,,,,False
2013-02-18,,,,,False
2013-02-19,,,,,False
2013-02-20,,,,,False
2013-02-21,,,,,False
2013-02-22,,,,,False
2013-02-25,,,,,False
2013-02-26,,,,,False
2013-02-27,,,,,False
2013-02-28,,,,,False
2013-03-01,,,,,False
2013-03-04,,,,,False
2013-03-05,,,,,False
2013-03-06,,,,,False
2013-03-07,,,,,False
2013-03-08,,,,,False
2013-03-11,,,,,False
2013-03-12,,,,,False
2013-03-13,,,,,False
2013-03-14,,,,,False
2013-03-15,,,,,False
2013-03-18,,,,,False
2013-03-19,,,,,False
2013-03-20,,,,,False
2013-03-21,,,,,False
2013-03-22,,,,,False
2013-03-25,,,,,False
2013-03-26,,,,,False
2013-03-27,,,,,False
2013-03-28,,,,,False
2013-03-29,,,,,False
2013-04-01,,,,,False
2013-04-02,,,,,False
2013-04-03,,,,,False
2013-04-04,,,,,False
2013-04-05,,,,,False
2013-04-08,,,,,False
2013-04-09,,,,,False
2013-04-10,,,,,False
2013-04-11,,,,,False
2013-04-12,,,,,False
2013-04-15,,,,,False
2013-04-16,,,,,False
2013-04-17,,,,,False
2013-04-18,,,,,False
2013-04-19,,,,,False
2013-04-22,,,,,False
2013-04-23,,,,,False
2013-04-24,,,,,False
2013-04-25,,,,,False
2013-04-26,,,,,False
2013-04-29,,,,,False
2013-04-30,,,,,False
2013-05-01,,,,,False
2013-05-02,,,,,False
2013-05-03,,,,,False
2013-05-06,,,,,False
2013-05-07,,,,,False
2013-05-08,,,,,False
2013-05-09,,,,,False
2013-05-10,,,,,False
2013-05-13,,,,,False
2013-05-14,,,,,False
2013-05-15,,,,,False
2013-05-16,,,,,False
2013-05-17,,,,,False
2013-05-20,,,,,False
2013-05-21,,,,,False
2013-05-22,,,,,False
2013-05-23,,,,,False
2013-05-24,,,,,False
2013-05-27,,,,,False
2013-05-28,,,,,False
2013-05-29,,,,,False
2013-05-30,,,,,False
2013-05-31,,,,,False
2013-06-03,,,,,False
2013-06-04,,,,,False
2013-06-05,,,,,False
2013-06-06,,,,,False
2013-06-07,,,,,False
2013-06-10,,,,,False
2013-06-11,,,,,False
2013-06-12,,,,,False
2013-06-13,,,,,False
2013-06-14,,,,,False
2013-06-17,,,,,False
2013-06-18,,,,,False
2013-06-19,,,,,False
2013-06-20,,,,,False
2013-06-21,,,,,False
2013-06-24,,,,,False
2013-06-25,,,,,False
2013-06-26,,,,,False
2013-06-27,,,,,False
2013-06-28,,,,,False
2013-07-01,,,,,False
2013-07-02,,,,,False
2013-07-03,,,,,False
2013-07-04,,,,,False
2013-07-05,,,,,False
2013-07-08,,,,,False
2013-07-09,,,,,False
2013-07-10,,,,,False
2013-07-11,,,,,False
2013-07-12,,,,,False
2013-07-15,,,,,False
2013-07-16,,,,,False
2013-07-17,,,,,False
2013-07-18,,,,,False
2013-07-19,,,,,False
2013-07-22,,,,,False
2013-07-23,,,,,False
2013-07-24,,,,,False
2013-07-25,,,,,False
2013-07-26,,,,,False
2013-07-29,,,,,False
2013-07-30,,,,,False
2013-07-31,,,,,False
2013-08-01,,,,,False
2013-08-02,,,,,False
2013-08-05,,,,,False
2013-08-06,,,,,False
2013-08-07,,,,,False
2013-08-08,,,,,False
2013-08-09,,,,,False
2013-08-12,,,,,False
2013-08-13,,,,,False
2013-08-14,,,,,False
2013-08-15,,,,,False
2013-08-16,,,,,False
2013-08-19,,,,,False
2013-08-20,,,,,False
2013-08-21,,,,,False
2013-08-22,,,,,False
2013-08-23,,,,,False
2013-08-26,,,,,False
2013-08-27,,,,,False
2013-08-28,,,,,False
2013-08-29,,,,,False
2013-08-30,,,,,False
2013-09-02,,,,,False
2013-09-03,,,,,False
2013-09-04,,,,,False
2013-09-05,,,,,False
2013-09-06,,,,,False
2013-09-09,,,,,False
2013-09-10,,,,,False
2013-09-11,,,,,False
2013-09-12,,,,,False
2013-09-13,,,,,False
2013-09-16,,,,,False
2013-09-17,,,,,False
2013-09-18,,,,,False
2013-09-19,,,,,False
2013-09-20,,,,,False
2013-09-23,,,,,False
2013-09-24,,,,,False
2013-09-25,,,,,False
2013-09-26,,,,,False
2013-09-27,,,,,False
2013-09-30,,,,,False
2013-10-01,,,,,False
2013-10-02,,,,,False
2013-10-03,,,,,False
2013-10-04,,,,,False
2013-10-07,,,,,False
2013-10-08,,,,,False
2013-10-09,,,,,False
2013-10-10,,,,,False
2013-10-11,,,,,False
2013-10-14,,,,,False
2013-10-15,,,,,False
2013-10-16,,,,,False
2013-10-17,,,,,False
2013-10-18,,,,,False
2013-10-21,,,,,False
2013-10-22,,,,,False
2013-10-23,,,,,False
2013-10-24,,,,,False
2013-10-25,,,,,False
2013-10-28,,,,,False
2013-10-29,,,,,False
2013-10-30,,,,,False
2013-10-31,,,,,False
2013-11-01,,,,,False
2013-11-04,0.3001899719238281,0.3001899719238281,0.0,0.0,False
2013-11-05,0.22690613567829132,0.22690613567829132,0.0,0.0,False
2013-11-06,0.5335164070129395,0.5335164070129395,0.0,0.0,False
2013-11-07,0.3406461775302887,0.3406461775302887,0.0,0.0,False
2013-11-08,0.4307459592819214,0.4307459592819214,0.0,0.0,False
2013-11-11,0.5026019811630249,0.5026019811630249,0.0,0.0,False
2013-11-12,0.2126707285642624,0.2126707285642624,0.0,0.0,False
2013-11-13,0.32485607266426086,0.32485607266426086,0.0,0.0,False
2013-11-14,0.3774166703224182,0.3774166703224182,0.0,0.0,False
2013-11-15,0.3220244348049164,0.3220244348049164,0.0,0.0,False
2013-11-18,0.5397757291793823,0.5397757291793823,0.0,0.0,False
2013-11-19,0.5411174297332764,0.5411174297332764,0.0,0.8274589282618835,False
2013-11-20,0.3094385266304016,0.3094385266304016,0.0,0.0,False
2013-11-21,0.40887174010276794,0.40887174010276794,0.0,0.0,False
2013-11-22,0.7136091589927673,0.7136091589927673,0.0,0.8255424580003,False
2013-11-25,0.7415356040000916,0.7415356040000916,0.0,0.8255424580003,False
2013-11-26,0.41592612862586975,0.41592612862586975,0.0,0.0,False
2013-11-27,0.48215845227241516,0.48215845227241516,0.0,0.0,False
2013-11-28,0.4721217453479767,0.4721217453479767,0.0,0.0,False
2013-11-29,0.42310047149658203,0.42310047149658203,0.0,0.0,False
2013-12-02,0.41731420159339905,0.41731420159339905,0.0,0.0,False
2013-12-03,0.41761088371276855,0.41761088371276855,0.0,0.0,False
2013-12-04,0.6125523447990417,0.6125523447990417,0.0,0.8406705598306242,False
2013-12-05,0.7426082491874695,0.7426082491874695,0.0,0.8406705598306242,False
2013-12-06,0.5518004894256592,0.5518004894256592,0.0,0.8406705598306242,False
2013-12-09,0.6850109100341797,0.6850109100341797,0.0,0.8406705598306242,False
2013-12-10,0.35018590092658997,0.35018590092658997,2.0,0.0,False
2013-12-11,0.41843971610069275,0.41843971610069275,0.0,0.0,False
2013-12-12,0.2559887170791626,0.2559887170791626,0.0,0.0,False
2013-12-13,0.21336758136749268,0.21336758136749268,0.0,0.0,False
2013-12-16,0.28534844517707825,0.28534844517707825,0.0,0.0,False
2013-12-17,0.4467494785785675,0.4467494785785675,0.0,0.0,False
2013-12-18,0.4748964011669159,0.4748964011669159,0.0,0.0,False
2013-12-19,0.5151997208595276,0.5151997208595276,0.0,0.0,False
2013-12-20,0.5789825320243835,0.5789825320243835,0.0,0.9189330433920809,False
2013-12-23,0.6077101230621338,0.6077101230621338,0.0,0.9189330433920809,False
2013-12-24,0.4835098683834076,0.4835098683834076,0.0,0.0,False
2013-12-25,0.4029527008533478,0.4029527008533478,0.0,0.0,False
2013-12-26,0.6866167187690735,0.6866167187690735,0.0,0.9152983067330045,False
2013-12-27,0.7651728391647339,0.7651728391647339,0.0,0.9152983067330045,False
2013-12-30,0.7196074724197388,0.7196074724197388,0.0,0.9152983067330045,False
2013-12-31,0.699253499507904,0.699253499507904,0.0,0.9152983067330045,False
2014-01-01,0.49082043766975403,0.49082043766975403,0.0,0.0,False
2014-01-02,0.6366691589355469,0.6366691589355469,0.0,1.0,False
2014-01-03,0.5208520889282227,0.5208520889282227,0.0,0.0,False
2014-01-06,0.4876834452152252,0.4876834452152252,0.0,0.0,False
2014-01-07,0.593219518661499,0.593219518661499,0.0,1.0,False
2014-01-08,0.7134199738502502,0.7134199738502502,0.0,1.0,False
2014-01-09,0.7232265472412109,0.7232265472412109,0.0,1.0,False
2014-01-10,0.737613320350647,0.737613320350647,0.0,1.0,False
2014-01-13,0.7585864067077637,0.7585864067077637,0.0,1.0,False
2014-01-14,0.7469677925109863,0.7469677925109863,0.0,1.0,False
2014-01-15,0.7583009004592896,0.7583009004592896,0.0,1.0,False
2014-01-16,0.8481462001800537,0.8481462001800537,0.0,1.0,False
2014-01-17,0.8095220327377319,0.8095220327377319,0.0,1.0,False
2014-01-20,0.7399498820304871,0.7399498820304871,0.0,1.0,False
2014-01-21,0.7518458962440491,0.7518458962440491,0.0,1.0,False
2014-01-22,0.7161594033241272,0.7161594033241272,0.0,1.0,False
2014-01-23,0.7227562069892883,0.7227562069892883,0.0,1.0,False
2014-01-24,0.5053349137306213,0.5053349137306213,0.0,0.0,False
2014-01-27,0.4952440857887268,0.4952440857887268,0.0,0.0,False
2014-01-28,0.2423838973045349,0.2423838973045349,0.0,0.0,False
2014-01-29,0.3786385953426361,0.3786385953426361,0.0,0.0,False
2014-01-30,0.5238092541694641,0.5238092541694641,0.0,0.0,False
2014-01-31,0.4131694734096527,0.4131694734096527,0.0,0.0,False
2014-02-03,0.40425148606300354,0.40425148606300354,0.0,0.0,False
2014-02-04,0.4607347249984741,0.4607347249984741,0.0,0.0,False
2014-02-05,0.5589346885681152,0.5589346885681152,0.0,1.0,False
2014-02-06,0.5271613001823425,0.5271613001823425,0.0,0.0,False
2014-02-07,0.44202685356140137,0.44202685356140137,0.0,0.0,False
2014-02-10,0.5005509257316589,0.5005509257316589,0.0,0.0,False
2014-02-11,0.36821404099464417,0.36821404099464417,0.0,0.0,False
2014-02-12,0.5315442085266113,0.5315442085266113,0.0,0.0,False
2014-02-13,0.3220558762550354,0.3220558762550354,0.0,0.0,False
2014-02-14,0.3778032660484314,0.3778032660484314,0.0,0.0,False
2014-02-17,0.5096357464790344,0.5096357464790344,0.0,0.0,False
2014-02-18,0.5158462524414062,0.5158462524414062,0.0,0.0,False
2014-02-19,0.563060462474823,0.563060462474823,0.0,1.0,False
2014-02-20,0.44130876660346985,0.44130876660346985,0.0,0.0,False
2014-02-21,0.4429861009120941,0.4429861009120941,0.0,0.0,False
2014-02-24,0.6194314956665039,0.6194314956665039,0.0,1.0,False
2014-02-25,0.7042268514633179,0.7042268514633179,0.0,1.0,False
2014-02-26,0.7371903657913208,0.7371903657913208,0.0,1.0,False
2014-02-27,0.5727728009223938,0.5727728009223938,0.0,1.0,False
2014-02-28,0.459913969039917,0.459913969039917,0.0,0.0,False
2014-03-03,0.33340737223625183,0.33340737223625183,0.0,0.0,False
2014-03-04,0.44707486033439636,0.44707486033439636,0.0,0.0,False
2014-03-05,0.4185023307800293,0.4185023307800293,0.0,0.0,False
2014-03-06,0.35767972469329834,0.35767972469329834,0.0,0.0,False
2014-03-07,0.40358272194862366,0.40358272194862366,0.0,0.0,False
2014-03-10,0.43027636408805847,0.43027636408805847,0.0,0.0,False
2014-03-11,0.5618744492530823,0.5618744492530823,0.0,1.0,False
2014-03-12,0.3577619791030884,0.3577619791030884,0.0,0.0,False
2014-03-13,0.41229814291000366,0.41229814291000366,0.0,0.0,False
2014-03-14,0.35205578804016113,0.35205578804016113,0.0,0.0,False
2014-03-17,0.34578487277030945,0.34578487277030945,0.0,0.0,False
2014-03-18,0.40037840604782104,0.40037840604782104,0.0,0.0,False
2014-03-19,0.30013230443000793,0.30013230443000793,0.0,0.0,False
2014-03-20,0.2803365886211395,0.2803365886211395,0.0,0.0,False
2014-03-21,0.27730807662010193,0.27730807662010193,0.0,0.0,False
2014-03-24,0.39115819334983826,0.39115819334983826,0.0,0.0,False
2014-03-25,0.5539265871047974,0.5539265871047974,0.0,1.0,False
2014-03-26,0.18594613671302795,0.18594613671302795,0.0,0.0,False
2014-03-27,0.49444058537483215,0.49444058537483215,2.0,0.0,False
2014-03-28,0.3138962388038635,0.3138962388038635,2.0,0.0,False
2014-03-31,0.34600216150283813,0.34600216150283813,2.0,0.0,False
2014-04-01,0.4115288257598877,0.4115288257598877,2.0,0.0,False
2014-04-02,0.40541350841522217,0.40541350841522217,2.0,0.0,False
2014-04-03,0.5271097421646118,0.5271097421646118,2.0,0.0,False
2014-04-04,0.49341362714767456,0.49341362714767456,2.0,0.0,False
2014-04-07,0.3939247131347656,0.3939247131347656,2.0,0.0,False
2014-04-08,0.4542214870452881,0.4542214870452881,2.0,0.0,False
2014-04-09,0.500522792339325,0.500522792339325,2.0,0.0,False
2014-04-10,0.5977925062179565,0.5977925062179565,2.0,0.4254119635155751,False
2014-04-11,0.37215039134025574,0.37215039134025574,2.0,0.0,False
2014-04-14,0.5801904201507568,0.5801904201507568,2.0,0.39403730342967347,False
2014-04-15,0.43496379256248474,0.43496379256248474,2.0,0.0,False
2014-04-16,0.5434305667877197,0.5434305667877197,2.0,0.38587852607988044,False
2014-04-17,0.8158124089241028,0.8158124089241028,2.0,0.38587852607988044,False
2014-04-18,0.8356500864028931,0.8356500864028931,2.0,0.38587852607988044,False
2014-04-21,0.7625619173049927,0.7625619173049927,2.0,0.38587852607988044,False
2014-04-22,0.7366052865982056,0.7366052865982056,2.0,0.38587852607988044,False
2014-04-23,0.7579192519187927,0.7579192519187927,2.0,0.38587852607988044,False
2014-04-24,0.6458777785301208,0.6458777785301208,2.0,0.38587852607988044,False
2014-04-25,0.7014932036399841,0.7014932036399841,2.0,0.38587852607988044,False
2014-04-28,0.7243572473526001,0.7243572473526001,2.0,0.38587852607988044,False
2014-04-29,0.8446378111839294,0.8446378111839294,2.0,0.38587852607988044,False
2014-04-30,0.6692880392074585,0.6692880392074585,2.0,0.38587852607988044,False
2014-05-01,0.7388038635253906,0.7388038635253906,2.0,0.2749182340148819,False
2014-05-02,0.6289421319961548,0.6289421319961548,2.0,0.2749182340148819,False
2014-05-05,0.19321735203266144,0.19321735203266144,2.0,0.0,False
2014-05-06,0.5585366487503052,0.5585366487503052,1.0,0.2823840594736131,False
2014-05-07,0.49511152505874634,0.49511152505874634,1.0,0.0,False
2014-05-08,0.4758780002593994,0.4758780002593994,1.0,0.0,False
2014-05-09,0.47117576003074646,0.47117576003074646,1.0,0.0,False
2014-05-12,0.5573261976242065,0.5573261976242065,1.0,0.2822755643201327,False
2014-05-13,0.6806640028953552,0.6806640028953552,1.0,0.2822755643201327,False
2014-05-14,0.7043923735618591,0.7043923735618591,1.0,0.2822755643201327,False
2014-05-15,0.6787500381469727,0.6787500381469727,1.0,0.2822755643201327,False
2014-05-16,0.4922902286052704,0.4922902286052704,1.0,0.0,False
2014-05-19,0.6384359002113342,0.6384359002113342,2.0,0.28387001148604957,False
2014-05-20,0.5817991495132446,0.5817991495132446,2.0,0.28387001148604957,False
2014-05-21,0.48879900574684143,0.48879900574684143,2.0,0.0,False
2014-05-22,0.6885046362876892,0.6885046362876892,2.0,0.30940151630213863,False
2014-05-23,0.7508179545402527,0.7508179545402527,2.0,0.30940151630213863,False
2014-05-26,0.8665080666542053,0.8665080666542053,2.0,0.30940151630213863,False
2014-05-27,0.8424304127693176,0.8424304127693176,2.0,0.30940151630213863,False
2014-05-28,0.8341559767723083,0.8341559767723083,2.0,0.30940151630213863,False
2014-05-29,0.7885019183158875,0.7885019183158875,1.0,0.30940151630213863,False
2014-05-30,0.6630949974060059,0.6630949974060059,1.0,0.30940151630213863,False
2014-06-02,0.6044837236404419,0.6044837236404419,1.0,0.30940151630213863,False
2014-06-03,0.5126922726631165,0.5126922726631165,1.0,0.0,False
2014-06-04,0.40001019835472107,0.40001019835472107,2.0,0.0,False
2014-06-05,0.29363954067230225,0.29363954067230225,2.0,0.0,False
2014-06-06,0.1400126963853836,0.1400126963853836,2.0,0.0,False
2014-06-09,0.4532600939273834,0.4532600939273834,2.0,0.0,False
2014-06-10,0.5280681252479553,0.5280681252479553,2.0,0.0,False
2014-06-11,0.5409982204437256,0.5409982204437256,2.0,0.4808921273102442,False
2014-06-12,0.6017979383468628,0.6017979383468628,1.0,0.4808921273102442,False
2014-06-13,0.6340833306312561,0.6340833306312561,1.0,0.6645068610018809,False
2014-06-16,0.5678917169570923,0.5678917169570923,0.0,0.6645068610018809,False
2014-06-17,0.6443628668785095,0.6443628668785095,1.0,0.6645068610018809,False
2014-06-18,0.7893244624137878,0.7893244624137878,1.0,0.6645068610018809,False
2014-06-19,0.7255004644393921,0.7255004644393921,0.0,0.6645068610018809,False
2014-06-20,0.7969732880592346,0.7969732880592346,0.0,0.6645068610018809,False
2014-06-23,0.7350080609321594,0.7350080609321594,0.0,0.6645068610018809,False
2014-06-24,0.4516614079475403,0.4516614079475403,0.0,0.0,False
2014-06-25,0.29524776339530945,0.29524776339530945,0.0,0.0,False
2014-06-26,0.3332570493221283,0.3332570493221283,0.0,0.0,False
2014-06-27,0.5682066679000854,0.5682066679000854,0.0,0.7577370735656495,False
2014-06-30,0.570246160030365,0.570246160030365,0.0,0.7577370735656495,False
2014-07-01,0.49861055612564087,0.49861055612564087,0.0,0.0,False
2014-07-02,0.4675191342830658,0.4675191342830658,0.0,0.0,False
2014-07-03,0.6045639514923096,0.6045639514923096,0.0,0.7337069440252868,False
2014-07-04,0.5984978675842285,0.5984978675842285,0.0,0.7337069440252868,False
2014-07-07,0.41187942028045654,0.41187942028045654,0.0,0.0,False
2014-07-08,0.5624749660491943,0.5624749660491943,0.0,0.7126773227047135,False
2014-07-09,0.6552104353904724,0.6552104353904724,0.0,0.7126773227047135,False
2014-07-10,0.5240470767021179,0.5240470767021179,0.0,0.0,False
2014-07-11,0.5095289349555969,0.5095289349555969,0.0,0.0,False
2014-07-14,0.5299106240272522,0.5299106240272522,0.0,0.0,False
2014-07-15,0.5469895005226135,0.5469895005226135,0.0,0.6097059391834944,False
2014-07-16,0.5567111968994141,0.5567111968994141,0.0,0.6097059391834944,False
2014-07-17,0.44875630736351013,0.44875630736351013,1.0,0.0,False
2014-07-18,0.58795166015625,0.58795166015625,1.0,0.5273735107994322,False
2014-07-21,0.6529850959777832,0.6529850959777832,1.0,0.5273735107994322,False
2014-07-22,0.6889886260032654,0.6889886260032654,1.0,0.5273735107994322,False
2014-07-23,0.45332565903663635,0.45332565903663635,1.0,0.0,False
2014-07-24,0.4130264222621918,0.4130264222621918,1.0,0.0,False
2014-07-25,0.5891022086143494,0.5891022086143494,1.0,0.5091885401577553,False
2014-07-28,0.675761342048645,0.675761342048645,1.0,0.5091885401577553,False
2014-07-29,0.6226117610931396,0.6226117610931396,1.0,0.5091885401577553,False
2014-07-30,0.5475482940673828,0.5475482940673828,1.0,0.5091885401577553,False
2014-07-31,0.49953028559684753,0.49953028559684753,1.0,0.0,False
2014-08-01,0.5865964293479919,0.5865964293479919,1.0,0.5123576845017022,False
2014-08-04,0.5878023505210876,0.5878023505210876,1.0,0.5123576845017022,False
2014-08-05,0.6627746820449829,0.6627746820449829,1.0,0.5123576845017022,False
2014-08-06,0.6363976001739502,0.6363976001739502,1.0,0.5123576845017022,False
2014-08-07,0.46824711561203003,0.46824711561203003,1.0,0.0,False
2014-08-08,0.6936680674552917,0.6936680674552917,1.0,0.5414616885085611,False
2014-08-11,0.5799022912979126,0.5799022912979126,0.0,0.5414616885085611,False
2014-08-12,0.6375733613967896,0.6375733613967896,0.0,0.5414616885085611,False
2014-08-13,0.6897367238998413,0.6897367238998413,0.0,0.5414616885085611,False
2014-08-14,0.4704427719116211,0.4704427719116211,0.0,0.0,False
2014-08-15,0.5653144717216492,0.5653144717216492,0.0,0.967102270188915,False
2014-08-18,0.40169501304626465,0.40169501304626465,0.0,0.0,False
2014-08-19,0.4649052321910858,0.4649052321910858,0.0,0.0,False
2014-08-20,0.6760850548744202,0.6760850548744202,0.0,0.8717137957589364,False
2014-08-21,0.526940643787384,0.526940643787384,0.0,0.0,False
2014-08-22,0.5430129170417786,0.5430129170417786,0.0,0.8559803547249109,False
2014-08-25,0.5258194208145142,0.5258194208145142,1.0,0.0,False
2014-08-26,0.542902410030365,0.542902410030365,1.0,0.8485120184564804,False
2014-08-27,0.4139011800289154,0.4139011800289154,1.0,0.0,False
2014-08-28,0.4500603973865509,0.4500603973865509,0.0,0.0,False
2014-08-29,0.4608159065246582,0.4608159065246582,0.0,0.0,False
2014-09-01,0.6122182011604309,0.6122182011604309,0.0,0.7161525224939245,False
2014-09-02,0.6652445793151855,0.6652445793151855,0.0,0.7161525224939245,False
2014-09-03,0.504138171672821,0.504138171672821,0.0,0.0,False
2014-09-04,0.34796008467674255,0.34796008467674255,0.0,0.0,False
2014-09-05,0.48959311842918396,0.48959311842918396,0.0,0.0,False
2014-09-08,0.45718544721603394,0.45718544721603394,0.0,0.0,False
2014-09-09,0.5261175632476807,0.5261175632476807,0.0,0.0,False
2014-09-10,0.4968099892139435,0.4968099892139435,0.0,0.0,False
2014-09-11,0.5204946398735046,0.5204946398735046,0.0,0.0,False
2014-09-12,0.3665282130241394,0.3665282130241394,0.0,0.0,False
2014-09-15,0.4673693776130676,0.4673693776130676,0.0,0.0,False
2014-09-16,0.4394055902957916,0.4394055902957916,0.0,0.0,False
2014-09-17,0.3561405837535858,0.3561405837535858,0.0,0.0,False
2014-09-18,0.38605964183807373,0.38605964183807373,0.0,0.0,False
2014-09-19,0.4129946231842041,0.4129946231842041,0.0,0.0,False
2014-09-22,0.37684333324432373,0.37684333324432373,0.0,0.0,False
2014-09-23,0.2885638475418091,0.2885638475418091,0.0,0.0,False
2014-09-24,0.366392582654953,0.366392582654953,0.0,0.0,False
2014-09-25,0.5538063049316406,0.5538063049316406,0.0,0.9237593623197023,False
2014-09-26,0.5558202266693115,0.5558202266693115,0.0,0.9237593623197023,False
2014-09-29,0.557838499546051,0.557838499546051,0.0,0.9237593623197023,False
2014-09-30,0.5170039534568787,0.5170039534568787,0.0,0.0,False
2014-10-01,0.5502596497535706,0.5502596497535706,0.0,1.0,False
2014-10-02,0.39517340064048767,0.39517340064048767,0.0,0.0,False
2014-10-03,0.5388056635856628,0.5388056635856628,0.0,0.0,False
2014-10-06,0.4675033986568451,0.4675033986568451,0.0,0.0,False
2014-10-07,0.5064598321914673,0.5064598321914673,0.0,0.0,False
2014-10-08,0.5667428970336914,0.5667428970336914,0.0,1.0,False
2014-10-09,0.3834621012210846,0.3834621012210846,0.0,0.0,False
2014-10-10,0.5269697308540344,0.5269697308540344,0.0,0.0,False
2014-10-13,0.7167599201202393,0.7167599201202393,0.0,1.0,False
2014-10-14,0.6110588312149048,0.6110588312149048,0.0,1.0,False
2014-10-15,0.5622903108596802,0.5622903108596802,0.0,1.0,False
2014-10-16,0.5121450424194336,0.5121450424194336,0.0,0.0,False
2014-10-17,0.4748668372631073,0.4748668372631073,0.0,0.0,False
2014-10-20,0.4871976375579834,0.4871976375579834,0.0,0.0,False
2014-10-21,0.5100043416023254,0.5100043416023254,0.0,0.0,False
2014-10-22,0.5723304748535156,0.5723304748535156,0.0,1.0,False
2014-10-23,0.42552727460861206,0.42552727460861206,0.0,0.0,False
2014-10-24,0.3609790802001953,0.3609790802001953,0.0,0.0,False
2014-10-27,0.47252538800239563,0.47252538800239563,0.0,0.0,False
2014-10-28,0.4544087052345276,0.4544087052345276,0.0,0.0,False
2014-10-29,0.4849729537963867,0.4849729537963867,0.0,0.0,False
2014-10-30,0.5619449615478516,0.5619449615478516,0.0,1.0,False
2014-10-31,0.6271408200263977,0.6271408200263977,0.0,1.0,False
2014-11-03,0.5694634914398193,0.5694634914398193,0.0,1.0,False
2014-11-04,0.6962005496025085,0.6962005496025085,0.0,1.0,False
2014-11-05,0.5819860100746155,0.5819860100746155,0.0,1.0,False
2014-11-06,0.5616950392723083,0.5616950392723083,0.0,1.0,False
2014-11-07,0.4464157819747925,0.4464157819747925,0.0,0.0,False
2014-11-10,0.35104164481163025,0.35104164481163025,0.0,0.0,False
2014-11-11,0.3106621503829956,0.3106621503829956,0.0,0.0,False
2014-11-12,0.32391947507858276,0.32391947507858276,0.0,0.0,False
2014-11-13,0.40306875109672546,0.40306875109672546,0.0,0.0,False
2014-11-14,0.3557921350002289,0.3557921350002289,0.0,0.0,False
2014-11-17,0.43544015288352966,0.43544015288352966,0.0,0.0,False
2014-11-18,0.556617796421051,0.556617796421051,0.0,1.0,False
2014-11-19,0.5663374066352844,0.5663374066352844,0.0,1.0,False
2014-11-20,0.71260005235672,0.71260005235672,0.0,1.0,False
2014-11-21,0.7359482645988464,0.7359482645988464,0.0,1.0,False
2014-11-24,0.7267900109291077,0.7267900109291077,0.0,1.0,False
2014-11-25,0.5281246304512024,0.5281246304512024,0.0,0.0,False
2014-11-26,0.5198140740394592,0.5198140740394592,0.0,0.0,False
2014-11-27,0.47591865062713623,0.47591865062713623,0.0,0.0,False
2014-11-28,0.6877092123031616,0.6877092123031616,0.0,1.0,False
2014-12-01,0.5552833676338196,0.5552833676338196,0.0,1.0,False
2014-12-02,0.4507281482219696,0.4507281482219696,0.0,0.0,False
2014-12-03,0.6212641596794128,0.6212641596794128,0.0,1.0,False
2014-12-04,0.5584371089935303,0.5584371089935303,0.0,1.0,False
2014-12-05,0.5068462491035461,0.5068462491035461,0.0,0.0,False
2014-12-08,0.45476633310317993,0.45476633310317993,0.0,0.0,False
2014-12-09,0.44493013620376587,0.44493013620376587,0.0,0.0,False
2014-12-10,0.5166559815406799,0.5166559815406799,0.0,0.0,False
2014-12-11,0.4315897524356842,0.4315897524356842,0.0,0.0,False
2014-12-12,0.2823912799358368,0.2823912799358368,0.0,0.0,False
2014-12-15,0.43782666325569153,0.43782666325569153,0.0,0.0,False
2014-12-16,0.43009957671165466,0.43009957671165466,0.0,0.0,False
2014-12-17,0.38030514121055603,0.38030514121055603,0.0,0.0,False
2014-12-18,0.4022734761238098,0.4022734761238098,0.0,0.0,False
2014-12-19,0.25923290848731995,0.25923290848731995,0.0,0.0,False
2014-12-22,0.3447498083114624,0.3447498083114624,0.0,0.0,False
2014-12-23,0.42260831594467163,0.42260831594467163,0.0,0.0,False
2014-12-24,0.38080331683158875,0.38080331683158875,0.0,0.0,False
2014-12-25,0.4582855999469757,0.4582855999469757,0.0,0.0,False
2014-12-26,0.49870091676712036,0.49870091676712036,0.0,0.0,False
2014-12-29,0.48589736223220825,0.48589736223220825,0.0,0.0,False
2014-12-30,0.5430951118469238,0.5430951118469238,0.0,1.0,False
2014-12-31,0.48037752509117126,0.48037752509117126,0.0,0.0,False
2015-01-01,0.615372896194458,0.615372896194458,0.0,0.9846577831107991,False
2015-01-02,0.3457622826099396,0.3457622826099396,0.0,0.0,False
2015-01-05,0.48522552847862244,0.48522552847862244,0.0,0.0,False
2015-01-06,0.5749660730361938,0.5749660730361938,0.0,0.9979192187829151,False
2015-01-07,0.5808112621307373,0.5808112621307373,0.0,0.9979192187829151,False
2015-01-08,0.40642619132995605,0.40642619132995605,0.0,0.0,False
2015-01-09,0.4313906133174896,0.4313906133174896,0.0,0.0,False
2015-01-12,0.4022473692893982,0.4022473692893982,0.0,0.0,False
2015-01-13,0.5326645970344543,0.5326645970344543,0.0,0.0,False
2015-01-14,0.601050853729248,0.601050853729248,0.0,0.8893977421008362,False
2015-01-15,0.447865754365921,0.447865754365921,0.0,0.0,False
2015-01-16,0.5251054167747498,0.5251054167747498,0.0,0.0,False
2015-01-19,0.4802572429180145,0.4802572429180145,0.0,0.0,False
2015-01-20,0.6124306321144104,0.6124306321144104,0.0,0.9198612725008868,False
2015-01-21,0.6043723821640015,0.6043723821640015,0.0,0.9198612725008868,False
2015-01-22,0.4299685060977936,0.4299685060977936,0.0,0.0,False
2015-01-23,0.40342238545417786,0.40342238545417786,0.0,0.0,False
2015-01-26,0.27294158935546875,0.27294158935546875,0.0,0.0,False
2015-01-27,0.36636871099472046,0.36636871099472046,0.0,0.0,False
2015-01-28,0.2178628146648407,0.2178628146648407,0.0,0.0,False
2015-01-29,0.4270172119140625,0.4270172119140625,0.0,0.0,False
2015-01-30,0.4807204306125641,0.4807204306125641,0.0,0.0,False
2015-02-02,0.47525036334991455,0.47525036334991455,0.0,0.0,False
2015-02-03,0.3820188641548157,0.3820188641548157,0.0,0.0,False
2015-02-04,0.30213436484336853,0.30213436484336853,0.0,0.0,False
2015-02-05,0.30175429582595825,0.30175429582595825,0.0,0.0,False
2015-02-06,0.3194703459739685,0.3194703459739685,0.0,0.0,False
2015-02-09,0.356198787689209,0.356198787689209,0.0,0.0,False
2015-02-10,0.39854133129119873,0.39854133129119873,0.0,0.0,False
2015-02-11,0.42783182859420776,0.42783182859420776,0.0,0.0,False
2015-02-12,0.6622270941734314,0.6622270941734314,0.0,0.733470732821614,False
2015-02-13,0.4993796944618225,0.4993796944618225,0.0,0.0,False
2015-02-16,0.5122074484825134,0.5122074484825134,0.0,0.0,False
2015-02-17,0.6872572302818298,0.6872572302818298,0.0,0.7616956093559495,False
2015-02-18,0.6250458359718323,0.6250458359718323,0.0,0.7616956093559495,False
2015-02-19,0.6295143961906433,0.6295143961906433,0.0,0.7616956093559495,False
2015-02-20,0.7663754820823669,0.7663754820823669,0.0,0.7616956093559495,False
2015-02-23,0.5741314888000488,0.5741314888000488,0.0,0.7616956093559495,False
2015-02-24,0.43406885862350464,0.43406885862350464,0.0,0.0,False
2015-02-25,0.5484992265701294,0.5484992265701294,0.0,0.9005018447950462,False
2015-02-26,0.5050019025802612,0.5050019025802612,0.0,0.0,False
2015-02-27,0.4816100597381592,0.4816100597381592,0.0,0.0,False
2015-03-02,0.5259688496589661,0.5259688496589661,0.0,0.0,False
2015-03-03,0.42914968729019165,0.42914968729019165,0.0,0.0,False
2015-03-04,0.6440897583961487,0.6440897583961487,0.0,1.0,False
2015-03-05,0.3111400306224823,0.3111400306224823,0.0,0.0,False
2015-03-06,0.3006410300731659,0.3006410300731659,0.0,0.0,False
2015-03-09,0.2933664917945862,0.2933664917945862,0.0,0.0,False
2015-03-10,0.22027811408042908,0.22027811408042908,0.0,0.0,False
2015-03-11,0.37853267788887024,0.37853267788887024,0.0,0.0,False
2015-03-12,0.47840413451194763,0.47840413451194763,0.0,0.0,False
2015-03-13,0.5128024816513062,0.5128024816513062,0.0,0.0,False
2015-03-16,0.43685105443000793,0.43685105443000793,0.0,0.0,False
2015-03-17,0.3364775776863098,0.3364775776863098,0.0,0.0,False
2015-03-18,0.37472859025001526,0.37472859025001526,0.0,0.0,False
2015-03-19,0.5236908793449402,0.5236908793449402,0.0,0.0,False
2015-03-20,0.4590913951396942,0.4590913951396942,0.0,0.0,False
2015-03-23,0.5064896941184998,0.5064896941184998,0.0,0.0,False
2015-03-24,0.2973445951938629,0.2973445951938629,0.0,0.0,False
2015-03-25,0.35697126388549805,0.35697126388549805,0.0,0.0,False
2015-03-26,0.5345417857170105,0.5345417857170105,0.0,0.0,False
2015-03-27,0.613089382648468,0.613089382648468,0.0,1.0,False
2015-03-30,0.4832231104373932,0.4832231104373932,0.0,0.0,False
2015-03-31,0.5604272484779358,0.5604272484779358,0.0,1.0,False
2015-04-01,0.4169386625289917,0.4169386625289917,0.0,0.0,False
2015-04-02,0.5269906520843506,0.5269906520843506,0.0,0.0,False
2015-04-03,0.4759351313114166,0.4759351313114166,0.0,0.0,False
2015-04-06,0.3585638999938965,0.3585638999938965,0.0,0.0,False
2015-04-07,0.2889237701892853,0.2889237701892853,0.0,0.0,False
2015-04-08,0.30810192227363586,0.30810192227363586,0.0,0.0,False
2015-04-09,0.47610223293304443,0.47610223293304443,0.0,0.0,False
2015-04-10,0.5088488459587097,0.5088488459587097,0.0,0.0,False
2015-04-13,0.5886890888214111,0.5886890888214111,0.0,1.0,False
2015-04-14,0.26566627621650696,0.26566627621650696,0.0,0.0,False
2015-04-15,0.7197000980377197,0.7197000980377197,0.0,1.0,False
2015-04-16,0.4911738634109497,0.4911738634109497,0.0,0.0,False
2015-04-17,0.3565245568752289,0.3565245568752289,0.0,0.0,False
2015-04-20,0.34151026606559753,0.34151026606559753,0.0,0.0,False
2015-04-21,0.23541170358657837,0.23541170358657837,0.0,0.0,False
2015-04-22,0.2837885916233063,0.2837885916233063,0.0,0.0,False
2015-04-23,0.2496071606874466,0.2496071606874466,0.0,0.0,False
2015-04-24,0.23744849860668182,0.23744849860668182,0.0,0.0,False
2015-04-27,0.21003645658493042,0.21003645658493042,0.0,0.0,False
2015-04-28,0.2107916921377182,0.2107916921377182,0.0,0.0,False
2015-04-29,0.17708739638328552,0.17708739638328552,0.0,0.0,False
2015-04-30,0.1768566220998764,0.1768566220998764,0.0,0.0,False
2015-05-01,0.19516652822494507,0.19516652822494507,0.0,0.0,False
2015-05-04,0.4516163766384125,0.4516163766384125,0.0,0.0,False
2015-05-05,0.49705857038497925,0.49705857038497925,0.0,0.0,False
2015-05-06,0.296244353055954,0.296244353055954,0.0,0.0,False
2015-05-07,0.2494821548461914,0.2494821548461914,0.0,0.0,False
2015-05-08,0.25397926568984985,0.25397926568984985,0.0,0.0,False
2015-05-11,0.5236680507659912,0.5236680507659912,0.0,0.0,False
2015-05-12,0.31705281138420105,0.31705281138420105,0.0,0.0,False
2015-05-13,0.24190574884414673,0.24190574884414673,0.0,0.0,False
2015-05-14,0.43703824281692505,0.43703824281692505,0.0,0.0,False
2015-05-15,0.4107036590576172,0.4107036590576172,0.0,0.0,False
2015-05-18,0.4231889247894287,0.4231889247894287,0.0,0.0,False
2015-05-19,0.3197735548019409,0.3197735548019409,0.0,0.0,False
2015-05-20,0.33985692262649536,0.33985692262649536,0.0,0.0,False
2015-05-21,0.5144415497779846,0.5144415497779846,0.0,0.0,False
2015-05-22,0.34619423747062683,0.34619423747062683,0.0,0.0,False
2015-05-25,0.3248971998691559,0.3248971998691559,0.0,0.0,False
2015-05-26,0.48601752519607544,0.48601752519607544,0.0,0.0,False
2015-05-27,0.46748897433280945,0.46748897433280945,0.0,0.0,False
2015-05-28,0.497262179851532,0.497262179851532,0.0,0.0,False
2015-05-29,0.4417281150817871,0.4417281150817871,0.0,0.0,False
2015-06-01,0.5159077644348145,0.5159077644348145,0.0,0.0,False
2015-06-02,0.4926831126213074,0.4926831126213074,0.0,0.0,False
2015-06-03,0.6183158159255981,0.6183158159255981,0.0,1.0,False
2015-06-04,0.2791699171066284,0.2791699171066284,0.0,0.0,False
2015-06-05,0.4888356924057007,0.4888356924057007,0.0,0.0,False
2015-06-08,0.44220036268234253,0.44220036268234253,0.0,0.0,False
2015-06-09,0.4618329405784607,0.4618329405784607,0.0,0.0,False
2015-06-10,0.4051225781440735,0.4051225781440735,0.0,0.0,False
2015-06-11,0.5644854307174683,0.5644854307174683,0.0,1.0,False
2015-06-12,0.3495346009731293,0.3495346009731293,0.0,0.0,False
2015-06-15,0.39034533500671387,0.39034533500671387,0.0,0.0,False
2015-06-16,0.4092146158218384,0.4092146158218384,0.0,0.0,False
2015-06-17,0.5283809304237366,0.5283809304237366,0.0,0.0,False
2015-06-18,0.4670027494430542,0.4670027494430542,0.0,0.0,False
2015-06-19,0.4742150902748108,0.4742150902748108,0.0,0.0,False
2015-06-22,0.4845391809940338,0.4845391809940338,0.0,0.0,False
2015-06-23,0.2897557318210602,0.2897557318210602,0.0,0.0,False
2015-06-24,0.3466941714286804,0.3466941714286804,0.0,0.0,False
2015-06-25,0.6157128810882568,0.6157128810882568,0.0,1.0,False
2015-06-26,0.6176539063453674,0.6176539063453674,0.0,1.0,False
2015-06-29,0.5990272164344788,0.5990272164344788,0.0,1.0,False
2015-06-30,0.6093612909317017,0.6093612909317017,0.0,1.0,False
2015-07-01,0.38746875524520874,0.38746875524520874,0.0,0.0,False
2015-07-02,0.5519299507141113,0.5519299507141113,0.0,1.0,False
2015-07-03,0.48491767048835754,0.48491767048835754,0.0,0.0,False
2015-07-06,0.3418159484863281,0.3418159484863281,0.0,0.0,False
2015-07-07,0.4700075387954712,0.4700075387954712,0.0,0.0,False
2015-07-08,0.35496440529823303,0.35496440529823303,0.0,0.0,False
2015-07-09,0.6206489205360413,0.6206489205360413,0.0,1.0,False
2015-07-10,0.514592707157135,0.514592707157135,0.0,0.0,False
2015-07-13,0.5408270359039307,0.5408270359039307,0.0,1.0,False
2015-07-14,0.4287665784358978,0.4287665784358978,0.0,0.0,False
2015-07-15,0.4038212299346924,0.4038212299346924,0.0,0.0,False
2015-07-16,0.2631157338619232,0.2631157338619232,0.0,0.0,False
2015-07-17,0.41629865765571594,0.41629865765571594,0.0,0.0,False
2015-07-20,0.5606321096420288,0.5606321096420288,0.0,1.0,False
2015-07-21,0.5303177833557129,0.5303177833557129,0.0,0.0,False
2015-07-22,0.5534424185752869,0.5534424185752869,0.0,1.0,False
2015-07-23,0.6085989475250244,0.6085989475250244,0.0,1.0,False
2015-07-24,0.6787084937095642,0.6787084937095642,0.0,1.0,False
2015-07-27,0.6021779775619507,0.6021779775619507,0.0,1.0,False
2015-07-28,0.6160045266151428,0.6160045266151428,0.0,1.0,False
2015-07-29,0.5075498819351196,0.5075498819351196,0.0,0.0,False
2015-07-30,0.5097315311431885,0.5097315311431885,0.0,0.0,False
2015-07-31,0.4179863929748535,0.4179863929748535,0.0,0.0,False
2015-08-03,0.5136210322380066,0.5136210322380066,0.0,0.0,False
2015-08-04,0.583165168762207,0.583165168762207,0.0,1.0,False
2015-08-05,0.6733142137527466,0.6733142137527466,0.0,1.0,False
2015-08-06,0.5767672061920166,0.5767672061920166,0.0,1.0,False
2015-08-07,0.4644550383090973,0.4644550383090973,0.0,0.0,False
2015-08-10,0.7679551243782043,0.7679551243782043,0.0,1.0,False
2015-08-11,0.5618398189544678,0.5618398189544678,0.0,1.0,False
2015-08-12,0.6102423667907715,0.6102423667907715,0.0,1.0,False
2015-08-13,0.3326966166496277,0.3326966166496277,0.0,0.0,False
2015-08-14,0.4222318232059479,0.4222318232059479,0.0,0.0,False
2015-08-17,0.3579356372356415,0.3579356372356415,0.0,0.0,False
2015-08-18,0.5029576420783997,0.5029576420783997,0.0,0.0,False
2015-08-19,0.4649451971054077,0.4649451971054077,0.0,0.0,False
2015-08-20,0.5175027251243591,0.5175027251243591,0.0,0.0,False
2015-08-21,0.4750804305076599,0.4750804305076599,0.0,0.0,False
2015-08-24,0.25017207860946655,0.25017207860946655,0.0,0.0,False
2015-08-25,0.34887027740478516,0.34887027740478516,0.0,0.0,False
2015-08-26,0.5561503171920776,0.5561503171920776,0.0,0.953151494641405,False
2015-08-27,0.28951674699783325,0.28951674699783325,0.0,0.0,False
2015-08-28,0.47537392377853394,0.47537392377853394,0.0,0.0,False
2015-08-31,0.43762606382369995,0.43762606382369995,0.0,0.0,False
2015-09-01,0.49757683277130127,0.49757683277130127,0.0,0.0,False
2015-09-02,0.4803203046321869,0.4803203046321869,0.0,0.0,False
2015-09-03,0.3552820086479187,0.3552820086479187,0.0,0.0,False
2015-09-04,0.3716147840023041,0.3716147840023041,0.0,0.0,False
2015-09-07,0.22630606591701508,0.22630606591701508,0.0,0.0,False
2015-09-08,0.20459197461605072,0.20459197461605072,0.0,0.0,False
2015-09-09,0.2857241630554199,0.2857241630554199,0.0,0.0,False
2015-09-10,0.46811503171920776,0.46811503171920776,1.0,0.0,False
2015-09-11,0.38839802145957947,0.38839802145957947,1.0,0.0,False
2015-09-14,0.5025706887245178,0.5025706887245178,1.0,0.0,False
2015-09-15,0.42438581585884094,0.42438581585884094,1.0,0.0,False
2015-09-16,0.5227829217910767,0.5227829217910767,1.0,0.0,False
2015-09-17,0.6168829202651978,0.6168829202651978,1.0,0.6089097015452583,False
2015-09-18,0.6377174258232117,0.6377174258232117,1.0,0.6089097015452583,False
2015-09-21,0.47776666283607483,0.47776666283607483,1.0,0.0,False
2015-09-22,0.5687336325645447,0.5687336325645447,1.0,0.6146095952761887,False
2015-09-23,0.6558833718299866,0.6558833718299866,1.0,0.6146095952761887,False
2015-09-24,0.7687652707099915,0.7687652707099915,1.0,0.6146095952761887,False
2015-09-25,0.6832920908927917,0.6832920908927917,1.0,0.6146095952761887,False
2015-09-28,0.7285524606704712,0.7285524606704712,1.0,0.6146095952761887,False
2015-09-29,0.652012288570404,0.652012288570404,1.0,0.6146095952761887,False
2015-09-30,0.5336887240409851,0.5336887240409851,1.0,0.0,False
2015-10-01,0.39616337418556213,0.39616337418556213,1.0,0.0,False
2015-10-02,0.5302342772483826,0.5302342772483826,1.0,0.0,False
2015-10-05,0.3900187611579895,0.3900187611579895,1.0,0.0,False
2015-10-06,0.38322627544403076,0.38322627544403076,1.0,0.0,False
2015-10-07,0.6783223748207092,0.6783223748207092,1.0,0.5296243660756991,False
2015-10-08,0.23899739980697632,0.23899739980697632,1.0,0.0,False
2015-10-09,0.6574637293815613,0.6574637293815613,1.0,0.600655908887505,False
2015-10-12,0.5909367203712463,0.5909367203712463,1.0,0.600655908887505,False
2015-10-13,0.6543877124786377,0.6543877124786377,1.0,0.600655908887505,False
2015-10-14,0.843169629573822,0.843169629573822,1.0,0.600655908887505,False
2015-10-15,0.6833208203315735,0.6833208203315735,1.0,0.600655908887505,False
2015-10-16,0.50764000415802,0.50764000415802,1.0,0.0,False
2015-10-19,0.7847430109977722,0.7847430109977722,1.0,0.56943426820133,False
2015-10-20,0.7601694464683533,0.7601694464683533,1.0,0.56943426820133,False
2015-10-21,0.40208396315574646,0.40208396315574646,1.0,0.0,False
2015-10-22,0.749711811542511,0.749711811542511,1.0,0.5733796176776609,False
2015-10-23,0.6794081926345825,0.6794081926345825,1.0,0.5733796176776609,False
2015-10-26,0.868881344795227,0.868881344795227,1.0,0.5733796176776609,False
2015-10-27,0.8159275054931641,0.8159275054931641,1.0,0.5733796176776609,False
2015-10-28,0.6363283395767212,0.6363283395767212,1.0,0.5733796176776609,False
2015-10-29,0.43723729252815247,0.43723729252815247,1.0,0.0,False
2015-10-30,0.5235442519187927,0.5235442519187927,1.0,0.0,False
2015-11-02,0.6931601762771606,0.6931601762771606,1.0,0.7259151187172921,False
2015-11-03,0.7103942632675171,0.7103942632675171,1.0,0.7259151187172921,False
2015-11-04,0.6689793467521667,0.6689793467521667,1.0,0.7259151187172921,False
2015-11-05,0.6834404468536377,0.6834404468536377,1.0,0.7259151187172921,False
2015-11-06,0.6393752098083496,0.6393752098083496,1.0,0.9298100398479772,False
2015-11-09,0.5022399425506592,0.5022399425506592,0.0,0.0,False
2015-11-10,0.5095854997634888,0.5095854997634888,0.0,0.0,False
2015-11-11,0.5934602618217468,0.5934602618217468,0.0,1.0,False
2015-11-12,0.38264432549476624,0.38264432549476624,0.0,0.0,False
2015-11-13,0.699867844581604,0.699867844581604,0.0,1.0,False
2015-11-16,0.4965153634548187,0.4965153634548187,0.0,0.0,False
2015-11-17,0.37022754549980164,0.37022754549980164,0.0,0.0,False
2015-11-18,0.5839430093765259,0.5839430093765259,0.0,1.0,False
2015-11-19,0.4475683867931366,0.4475683867931366,0.0,0.0,False
2015-11-20,0.17736928164958954,0.17736928164958954,0.0,0.0,False
2015-11-23,0.27830150723457336,0.27830150723457336,0.0,0.0,False
2015-11-24,0.35599586367607117,0.35599586367607117,1.0,0.0,False
2015-11-25,0.38570329546928406,0.38570329546928406,1.0,0.0,False
2015-11-26,0.4634961485862732,0.4634961485862732,1.0,0.0,False
2015-11-27,0.5929017663002014,0.5929017663002014,1.0,1.0,False
2015-11-30,0.38758522272109985,0.38758522272109985,1.0,0.0,False
2015-12-01,0.4237293004989624,0.4237293004989624,1.0,0.0,False
2015-12-02,0.5835908055305481,0.5835908055305481,1.0,0.952706819635072,False
2015-12-03,0.6030964255332947,0.6030964255332947,1.0,0.952706819635072,False
2015-12-04,0.47997283935546875,0.47997283935546875,1.0,0.0,False
2015-12-07,0.49764278531074524,0.49764278531074524,1.0,0.0,False
2015-12-08,0.6294371485710144,0.6294371485710144,1.0,0.8785008632708733,False
2015-12-09,0.3499126136302948,0.3499126136302948,1.0,0.0,False
2015-12-10,0.5786418318748474,0.5786418318748474,1.0,0.8937146496599211,False
2015-12-11,0.7206393480300903,0.7206393480300903,1.0,0.8937146496599211,False
2015-12-14,0.364169180393219,0.364169180393219,1.0,0.0,False
2015-12-15,0.4469161927700043,0.4469161927700043,1.0,0.0,False
2015-12-16,0.6774486303329468,0.6774486303329468,1.0,0.8537622123028485,False
2015-12-17,0.47629156708717346,0.47629156708717346,1.0,0.0,False
2015-12-18,0.5404848456382751,0.5404848456382751,1.0,0.8369962524744942,False
2015-12-21,0.4965885281562805,0.4965885281562805,1.0,0.0,False
2015-12-22,0.439071923494339,0.439071923494339,1.0,0.0,False
2015-12-23,0.522413969039917,0.522413969039917,1.0,0.0,False
2015-12-24,0.585623562335968,0.585623562335968,1.0,0.8745707859318554,False
2015-12-25,0.5707615613937378,0.5707615613937378,1.0,0.8745707859318554,False
2015-12-28,0.5974131226539612,0.5974131226539612,1.0,0.9876576144854742,False
2015-12-29,0.5367304682731628,0.5367304682731628,1.0,0.0,False
2015-12-30,0.3979213237762451,0.3979213237762451,1.0,0.0,False
2015-12-31,0.45007094740867615,0.45007094740867615,1.0,0.0,False
2016-01-01,0.23190683126449585,0.23190683126449585,1.0,0.0,False
2016-01-04,0.37890368700027466,0.37890368700027466,1.0,0.0,False
2016-01-05,0.330677330493927,0.330677330493927,1.0,0.0,False
2016-01-06,0.10354935377836227,0.10354935377836227,1.0,0.0,False
2016-01-07,0.23341503739356995,0.23341503739356995,1.0,0.0,False
2016-01-08,0.2773922085762024,0.2773922085762024,1.0,0.0,False
2016-01-11,0.32205930352211,0.32205930352211,0.0,0.0,False
2016-01-12,0.26296037435531616,0.26296037435531616,0.0,0.0,False
2016-01-13,0.31969743967056274,0.31969743967056274,0.0,0.0,False
2016-01-14,0.2984388768672943,0.2984388768672943,0.0,0.0,False
2016-01-15,0.23653002083301544,0.23653002083301544,0.0,0.0,False
2016-01-18,0.2744981050491333,0.2744981050491333,0.0,0.0,False
2016-01-19,0.272772878408432,0.272772878408432,0.0,0.0,False
2016-01-20,0.4286225438117981,0.4286225438117981,0.0,0.0,False
2016-01-21,0.427460640668869,0.427460640668869,0.0,0.0,False
2016-01-22,0.43504196405410767,0.43504196405410767,0.0,0.0,False
2016-01-25,0.4672805964946747,0.4672805964946747,0.0,0.0,False
2016-01-26,0.4567164480686188,0.4567164480686188,0.0,0.0,False
2016-01-27,0.5465922951698303,0.5465922951698303,0.0,1.0,False
2016-01-28,0.4159869849681854,0.4159869849681854,0.0,0.0,False
2016-01-29,0.44688981771469116,0.44688981771469116,0.0,0.0,False
2016-02-01,0.6222850680351257,0.6222850680351257,0.0,1.0,False
2016-02-02,0.5812858939170837,0.5812858939170837,0.0,1.0,False
2016-02-03,0.5202661752700806,0.5202661752700806,0.0,0.0,False
2016-02-04,0.5462506413459778,0.5462506413459778,0.0,1.0,False
2016-02-05,0.648168683052063,0.648168683052063,0.0,1.0,False
2016-02-08,0.5241499543190002,0.5241499543190002,0.0,0.0,False
2016-02-09,0.5380390882492065,0.5380390882492065,0.0,0.0,False
2016-02-10,0.5473596453666687,0.5473596453666687,0.0,1.0,False
2016-02-11,0.43113982677459717,0.43113982677459717,1.0,0.0,False
2016-02-12,0.4115687310695648,0.4115687310695648,1.0,0.0,False
2016-02-15,0.538195788860321,0.538195788860321,1.0,0.0,False
2016-02-16,0.33267655968666077,0.33267655968666077,1.0,0.0,False
2016-02-17,0.561578094959259,0.561578094959259,1.0,0.8764331954390226,False
2016-02-18,0.6525291204452515,0.6525291204452515,1.0,0.8764331954390226,False
2016-02-19,0.6784756183624268,0.6784756183624268,1.0,0.8764331954390226,False
2016-02-22,0.7148233652114868,0.7148233652114868,1.0,0.8764331954390226,False
2016-02-23,0.5607571005821228,0.5607571005821228,1.0,0.8764331954390226,False
2016-02-24,0.6532599925994873,0.6532599925994873,1.0,0.8764331954390226,False
2016-02-25,0.6895289421081543,0.6895289421081543,1.0,0.8764331954390226,False
2016-02-26,0.4198898375034332,0.4198898375034332,1.0,0.0,False
2016-02-29,0.3250961899757385,0.3250961899757385,0.0,0.0,False
2016-03-01,0.24902381002902985,0.24902381002902985,0.0,0.0,False
2016-03-02,0.45332103967666626,0.45332103967666626,0.0,0.0,False
2016-03-03,0.46608835458755493,0.46608835458755493,0.0,0.0,False
2016-03-04,0.4055302143096924,0.4055302143096924,0.0,0.0,False
2016-03-07,0.41792404651641846,0.41792404651641846,0.0,0.0,False
2016-03-08,0.4523449242115021,0.4523449242115021,0.0,0.0,False
2016-03-09,0.4224742352962494,0.4224742352962494,0.0,0.0,False
2016-03-10,0.4766401946544647,0.4766401946544647,0.0,0.0,False
2016-03-11,0.4284451901912689,0.4284451901912689,0.0,0.0,False
2016-03-14,0.40815621614456177,0.40815621614456177,0.0,0.0,False
2016-03-15,0.43580201268196106,0.43580201268196106,0.0,0.0,False
2016-03-16,0.3863363564014435,0.3863363564014435,0.0,0.0,False
2016-03-17,0.4606477916240692,0.4606477916240692,0.0,0.0,False
2016-03-18,0.4919058382511139,0.4919058382511139,0.0,0.0,False
2016-03-21,0.5497741103172302,0.5497741103172302,0.0,1.0,False
2016-03-22,0.4063795208930969,0.4063795208930969,0.0,0.0,False
2016-03-23,0.4030095040798187,0.4030095040798187,0.0,0.0,False
2016-03-24,0.44495177268981934,0.44495177268981934,0.0,0.0,False
2016-03-25,0.32889947295188904,0.32889947295188904,0.0,0.0,False
2016-03-28,0.3910362124443054,0.3910362124443054,0.0,0.0,False
2016-03-29,0.3720068335533142,0.3720068335533142,0.0,0.0,False
2016-03-30,0.3673720955848694,0.3673720955848694,0.0,0.0,False
2016-03-31,0.38364991545677185,0.38364991545677185,0.0,0.0,False
2016-04-01,0.43159329891204834,0.43159329891204834,0.0,0.0,False
2016-04-04,0.6295208930969238,0.6295208930969238,0.0,1.0,False
2016-04-05,0.45775383710861206,0.45775383710861206,0.0,0.0,False
2016-04-06,0.629034161567688,0.629034161567688,0.0,1.0,False
2016-04-07,0.6161874532699585,0.6161874532699585,0.0,1.0,False
2016-04-08,0.5035475492477417,0.5035475492477417,0.0,0.0,False
2016-04-11,0.4538121521472931,0.4538121521472931,0.0,0.0,False
2016-04-12,0.5936300754547119,0.5936300754547119,0.0,1.0,False
2016-04-13,0.4596216082572937,0.4596216082572937,0.0,0.0,False
2016-04-14,0.47774723172187805,0.47774723172187805,0.0,0.0,False
2016-04-15,0.41656047105789185,0.41656047105789185,0.0,0.0,False
2016-04-18,0.42384010553359985,0.42384010553359985,0.0,0.0,False
2016-04-19,0.45403048396110535,0.45403048396110535,0.0,0.0,False
2016-04-20,0.48638656735420227,0.48638656735420227,0.0,0.0,False
2016-04-21,0.5534470081329346,0.5534470081329346,0.0,1.0,False
2016-04-22,0.49290475249290466,0.49290475249290466,0.0,0.0,False
2016-04-25,0.4372360110282898,0.4372360110282898,0.0,0.0,False
2016-04-26,0.5187300443649292,0.5187300443649292,0.0,0.0,False
2016-04-27,0.5740182995796204,0.5740182995796204,0.0,1.0,False
2016-04-28,0.6736617088317871,0.6736617088317871,0.0,1.0,False
2016-04-29,0.532440185546875,0.532440185546875,0.0,0.0,False
2016-05-02,0.5937057137489319,0.5937057137489319,0.0,1.0,False
2016-05-03,0.3801940083503723,0.3801940083503723,0.0,0.0,False
2016-05-04,0.2899966239929199,0.2899966239929199,0.0,0.0,False
2016-05-05,0.2633090317249298,0.2633090317249298,0.0,0.0,False
2016-05-06,0.39462149143218994,0.39462149143218994,0.0,0.0,False
2016-05-09,0.340788871049881,0.340788871049881,0.0,0.0,False
2016-05-10,0.5334848165512085,0.5334848165512085,0.0,0.0,False
2016-05-11,0.4799472391605377,0.4799472391605377,0.0,0.0,False
2016-05-12,0.37463292479515076,0.37463292479515076,0.0,0.0,False
2016-05-13,0.3842413127422333,0.3842413127422333,0.0,0.0,False
2016-05-16,0.42160776257514954,0.42160776257514954,0.0,0.0,False
2016-05-17,0.4270506799221039,0.4270506799221039,0.0,0.0,False
2016-05-18,0.40254223346710205,0.40254223346710205,0.0,0.0,False
2016-05-19,0.3919067978858948,0.3919067978858948,0.0,0.0,False
2016-05-20,0.49994003772735596,0.49994003772735596,0.0,0.0,False
2016-05-23,0.5070419907569885,0.5070419907569885,0.0,0.0,False
2016-05-24,0.4592699706554413,0.4592699706554413,0.0,0.0,False
2016-05-25,0.5460837483406067,0.5460837483406067,0.0,1.0,False
2016-05-26,0.4414104223251343,0.4414104223251343,0.0,0.0,False
2016-05-27,0.48336589336395264,0.48336589336395264,0.0,0.0,False
2016-05-30,0.39615142345428467,0.39615142345428467,0.0,0.0,False
2016-05-31,0.4261752963066101,0.4261752963066101,0.0,0.0,False
2016-06-01,0.31911537051200867,0.31911537051200867,0.0,0.0,False
2016-06-02,0.30777668952941895,0.30777668952941895,0.0,0.0,False
2016-06-03,0.2709648609161377,0.2709648609161377,0.0,0.0,False
2016-06-06,0.2758508622646332,0.2758508622646332,0.0,0.0,False
2016-06-07,0.23377074301242828,0.23377074301242828,0.0,0.0,False
2016-06-08,0.40987154841423035,0.40987154841423035,0.0,0.0,False
2016-06-09,0.4097396433353424,0.4097396433353424,0.0,0.0,False
2016-06-10,0.2540183961391449,0.2540183961391449,0.0,0.0,False
2016-06-13,0.22130879759788513,0.22130879759788513,0.0,0.0,False
2016-06-14,0.1699264496564865,0.1699264496564865,0.0,0.0,False
2016-06-15,0.256681352853775,0.256681352853775,0.0,0.0,False
2016-06-16,0.31982696056365967,0.31982696056365967,0.0,0.0,False
2016-06-17,0.23786211013793945,0.23786211013793945,0.0,0.0,False
2016-06-20,0.3026995360851288,0.3026995360851288,0.0,0.0,False
2016-06-21,0.29324662685394287,0.29324662685394287,0.0,0.0,False
2016-06-22,0.269737184047699,0.269737184047699,1.0,0.0,False
2016-06-23,0.4334249198436737,0.4334249198436737,0.0,0.0,False
2016-06-24,0.34639617800712585,0.34639617800712585,0.0,0.0,False
2016-06-27,0.3338204324245453,0.3338204324245453,0.0,0.0,False
2016-06-28,0.39511680603027344,0.39511680603027344,0.0,0.0,False
2016-06-29,0.4662790298461914,0.4662790298461914,0.0,0.0,False
2016-06-30,0.5479543209075928,0.5479543209075928,0.0,1.0,False
2016-07-01,0.5051277279853821,0.5051277279853821,0.0,0.0,False
2016-07-04,0.466976135969162,0.466976135969162,0.0,0.0,False
2016-07-05,0.6294134855270386,0.6294134855270386,0.0,1.0,False
2016-07-06,0.46968773007392883,0.46968773007392883,0.0,0.0,False
2016-07-07,0.5917333364486694,0.5917333364486694,0.0,1.0,False
2016-07-08,0.5520331263542175,0.5520331263542175,0.0,1.0,False
2016-07-11,0.46423017978668213,0.46423017978668213,0.0,0.0,False
2016-07-12,0.6706666946411133,0.6706666946411133,0.0,1.0,False
2016-07-13,0.6745900511741638,0.6745900511741638,0.0,1.0,False
2016-07-14,0.4401502013206482,0.4401502013206482,0.0,0.0,False
2016-07-15,0.6560923457145691,0.6560923457145691,0.0,1.0,False
2016-07-18,0.5856029987335205,0.5856029987335205,0.0,1.0,False
2016-07-19,0.5586622953414917,0.5586622953414917,0.0,1.0,False
2016-07-20,0.5426636934280396,0.5426636934280396,0.0,1.0,False
2016-07-21,0.40072786808013916,0.40072786808013916,0.0,0.0,False
2016-07-22,0.5758668184280396,0.5758668184280396,0.0,1.0,False
2016-07-25,0.6407879590988159,0.6407879590988159,0.0,1.0,False
2016-07-26,0.5817374587059021,0.5817374587059021,0.0,1.0,False
2016-07-27,0.43060511350631714,0.43060511350631714,0.0,0.0,False
2016-07-28,0.6128489375114441,0.6128489375114441,0.0,1.0,False
2016-07-29,0.44406789541244507,0.44406789541244507,0.0,0.0,False
2016-08-01,0.4583890736103058,0.4583890736103058,0.0,0.0,False
2016-08-02,0.43896397948265076,0.43896397948265076,0.0,0.0,False
2016-08-03,0.4609939754009247,0.4609939754009247,0.0,0.0,False
2016-08-04,0.41718584299087524,0.41718584299087524,0.0,0.0,False
2016-08-05,0.4690183401107788,0.4690183401107788,0.0,0.0,False
2016-08-08,0.37094780802726746,0.37094780802726746,0.0,0.0,False
2016-08-09,0.37376266717910767,0.37376266717910767,0.0,0.0,False
2016-08-10,0.3078896999359131,0.3078896999359131,0.0,0.0,False
2016-08-11,0.4127979874610901,0.4127979874610901,0.0,0.0,False
2016-08-12,0.4004562199115753,0.4004562199115753,0.0,0.0,False
2016-08-15,0.4379889667034149,0.4379889667034149,0.0,0.0,False
2016-08-16,0.5025727152824402,0.5025727152824402,0.0,0.0,False
2016-08-17,0.4413749873638153,0.4413749873638153,0.0,0.0,False
2016-08-18,0.4727939963340759,0.4727939963340759,0.0,0.0,False
2016-08-19,0.39032354950904846,0.39032354950904846,0.0,0.0,False
2016-08-22,0.48138129711151123,0.48138129711151123,0.0,0.0,False
2016-08-23,0.5359241366386414,0.5359241366386414,0.0,0.0,False
2016-08-24,0.5431519746780396,0.5431519746780396,0.0,1.0,False
2016-08-25,0.6531667709350586,0.6531667709350586,0.0,1.0,False
2016-08-26,0.6702326536178589,0.6702326536178589,0.0,1.0,False
2016-08-29,0.5130952000617981,0.5130952000617981,0.0,0.0,False
2016-08-30,0.6014364957809448,0.6014364957809448,0.0,1.0,False
2016-08-31,0.4399767816066742,0.4399767816066742,0.0,0.0,False
2016-09-01,0.5733376741409302,0.5733376741409302,0.0,1.0,False
2016-09-02,0.5084816813468933,0.5084816813468933,0.0,0.0,False
2016-09-05,0.47894319891929626,0.47894319891929626,1.0,0.0,False
2016-09-06,0.546028196811676,0.546028196811676,1.0,1.0,False
2016-09-07,0.5985155701637268,0.5985155701637268,0.0,1.0,False
2016-09-08,0.5366407036781311,0.5366407036781311,1.0,0.0,False
2016-09-09,0.48809218406677246,0.48809218406677246,1.0,0.0,False
2016-09-12,0.5484660267829895,0.5484660267829895,1.0,0.9519110831330273,False
2016-09-13,0.44692614674568176,0.44692614674568176,1.0,0.0,False
2016-09-14,0.5468499064445496,0.5468499064445496,1.0,0.9200227324475166,False
2016-09-15,0.5504381656646729,0.5504381656646729,1.0,0.9200227324475166,False
2016-09-16,0.5817916989326477,0.5817916989326477,1.0,0.9200227324475166,False
2016-09-19,0.5826639533042908,0.5826639533042908,1.0,0.9200227324475166,False
2016-09-20,0.4225344955921173,0.4225344955921173,1.0,0.0,False
2016-09-21,0.3873394727706909,0.3873394727706909,1.0,0.0,False
2016-09-22,0.516466498374939,0.516466498374939,1.0,0.0,False
2016-09-23,0.43075308203697205,0.43075308203697205,1.0,0.0,False
2016-09-26,0.317211389541626,0.317211389541626,1.0,0.0,False
2016-09-27,0.4798755347728729,0.4798755347728729,1.0,0.0,False
2016-09-28,0.5895512700080872,0.5895512700080872,1.0,0.8769154120649992,False
2016-09-29,0.5093730092048645,0.5093730092048645,1.0,0.0,False
2016-09-30,0.6686680316925049,0.6686680316925049,1.0,0.8211879501912439,False
2016-10-03,0.6874784827232361,0.6874784827232361,1.0,0.8211879501912439,False
2016-10-04,0.7029072046279907,0.7029072046279907,1.0,0.8211879501912439,False
2016-10-05,0.5464950203895569,0.5464950203895569,1.0,0.8211879501912439,False
2016-10-06,0.6286212801933289,0.6286212801933289,1.0,0.8211879501912439,False
2016-10-07,0.6997984051704407,0.6997984051704407,1.0,0.8211879501912439,False
2016-10-10,0.47404906153678894,0.47404906153678894,1.0,0.0,False
2016-10-11,0.5895001888275146,0.5895001888275146,1.0,0.7354397970622017,False
2016-10-12,0.5262498259544373,0.5262498259544373,1.0,0.0,False
2016-10-13,0.5564725399017334,0.5564725399017334,1.0,0.7105432703820024,False
2016-10-14,0.5939908027648926,0.5939908027648926,1.0,0.7105432703820024,False
2016-10-17,0.5742798447608948,0.5742798447608948,1.0,0.7105432703820024,False
2016-10-18,0.47822314500808716,0.47822314500808716,1.0,0.0,False
2016-10-19,0.45963993668556213,0.45963993668556213,1.0,0.0,False
2016-10-20,0.4866226613521576,0.4866226613521576,1.0,0.0,False
2016-10-21,0.5132815837860107,0.5132815837860107,1.0,0.0,False
2016-10-24,0.5052292943000793,0.5052292943000793,1.0,0.0,False
2016-10-25,0.5512182712554932,0.5512182712554932,1.0,0.7389029919405682,False
2016-10-26,0.530661404132843,0.530661404132843,1.0,0.0,False
2016-10-27,0.37672457098960876,0.37672457098960876,1.0,0.0,False
2016-10-28,0.4320701062679291,0.4320701062679291,1.0,0.0,False
2016-10-31,0.6407355070114136,0.6407355070114136,1.0,0.7402845919582327,False
2016-11-01,0.6304279565811157,0.6304279565811157,1.0,0.7402845919582327,False
2016-11-02,0.5182753205299377,0.5182753205299377,1.0,0.0,False
2016-11-03,0.5819920897483826,0.5819920897483826,1.0,0.7444653611539837,False
2016-11-04,0.3891269862651825,0.3891269862651825,1.0,0.0,False
2016-11-07,0.4065183997154236,0.4065183997154236,1.0,0.0,False
2016-11-08,0.18866576254367828,0.18866576254367828,1.0,0.0,False
2016-11-09,0.11956429481506348,0.11956429481506348,1.0,0.0,False
2016-11-10,0.30365249514579773,0.30365249514579773,1.0,0.0,False
2016-11-11,0.21019431948661804,0.21019431948661804,1.0,0.0,False
2016-11-14,0.25294429063796997,0.25294429063796997,1.0,0.0,False
2016-11-15,0.2048792690038681,0.2048792690038681,1.0,0.0,False
2016-11-16,0.3045858144760132,0.3045858144760132,1.0,0.0,False
2016-11-17,0.19601371884346008,0.19601371884346008,1.0,0.0,False
2016-11-18,0.4716466963291168,0.4716466963291168,1.0,0.0,False
2016-11-21,0.4445611834526062,0.4445611834526062,1.0,0.0,False
2016-11-22,0.5615205764770508,0.5615205764770508,1.0,0.7648124170435173,False
2016-11-23,0.5336949825286865,0.5336949825286865,1.0,0.0,False
2016-11-24,0.19319577515125275,0.19319577515125275,1.0,0.0,False
2016-11-25,0.33844324946403503,0.33844324946403503,1.0,0.0,False
2016-11-28,0.370210200548172,0.370210200548172,1.0,0.0,False
2016-11-29,0.3859892189502716,0.3859892189502716,1.0,0.0,False
2016-11-30,0.32859575748443604,0.32859575748443604,1.0,0.0,False
2016-12-01,0.37501266598701477,0.37501266598701477,1.0,0.0,False
2016-12-02,0.37061309814453125,0.37061309814453125,1.0,0.0,False
2016-12-05,0.45168858766555786,0.45168858766555786,1.0,0.0,False
2016-12-06,0.4323415756225586,0.4323415756225586,1.0,0.0,False
2016-12-07,0.5415430665016174,0.5415430665016174,1.0,0.7405234497752827,False
2016-12-08,0.5261106491088867,0.5261106491088867,1.0,0.0,False
2016-12-09,0.4337741732597351,0.4337741732597351,1.0,0.0,False
2016-12-12,0.45178139209747314,0.45178139209747314,1.0,0.0,False
2016-12-13,0.3971473276615143,0.3971473276615143,1.0,0.0,False
2016-12-14,0.5133722424507141,0.5133722424507141,1.0,0.0,False
2016-12-15,0.6090325117111206,0.6090325117111206,1.0,0.645323612009264,False
2016-12-16,0.6065581440925598,0.6065581440925598,1.0,0.645323612009264,False
2016-12-19,0.2851598858833313,0.2851598858833313,1.0,0.0,False
2016-12-20,0.3466919958591461,0.3466919958591461,1.0,0.0,False
2016-12-21,0.3044333755970001,0.3044333755970001,1.0,0.0,False
2016-12-22,0.3284875452518463,0.3284875452518463,1.0,0.0,False
2016-12-23,0.4667438566684723,0.4667438566684723,1.0,0.0,False
2016-12-26,0.5144662857055664,0.5144662857055664,1.0,0.0,False
2016-12-27,0.735025942325592,0.735025942325592,2.0,0.4225660282895355,False
2016-12-28,0.7444137930870056,0.7444137930870056,2.0,0.4225660282895355,False
2016-12-29,0.6141764521598816,0.6141764521598816,2.0,0.4225660282895355,False
2016-12-30,0.6886392831802368,0.6886392831802368,2.0,0.4225660282895355,False
2017-01-02,0.6093476414680481,0.6093476414680481,2.0,0.4225660282895355,False
2017-01-03,0.5533285737037659,0.5533285737037659,2.0,0.31577190343749445,False
2017-01-04,0.8784920573234558,0.8784920573234558,2.0,0.31577190343749445,False
2017-01-05,0.7446728348731995,0.7446728348731995,2.0,0.31577190343749445,False
2017-01-06,0.8130287528038025,0.8130287528038025,2.0,0.31577190343749445,False
2017-01-09,0.6739418506622314,0.6739418506622314,2.0,0.31577190343749445,False
2017-01-10,0.6669240593910217,0.6669240593910217,2.0,0.31577190343749445,False
2017-01-11,0.7147443890571594,0.7147443890571594,2.0,0.31577190343749445,False
2017-01-12,0.7319849133491516,0.7319849133491516,2.0,0.31577190343749445,False
2017-01-13,0.6256034970283508,0.6256034970283508,2.0,0.31577190343749445,False
2017-01-16,0.49446824193000793,0.49446824193000793,2.0,0.0,False
2017-01-17,0.3316460847854614,0.3316460847854614,2.0,0.0,False
2017-01-18,0.2622534930706024,0.2622534930706024,2.0,0.0,False
2017-01-19,0.6118804216384888,0.6118804216384888,2.0,0.36053880412481987,False
2017-01-20,0.4384472668170929,0.4384472668170929,2.0,0.0,False
2017-01-23,0.4207390546798706,0.4207390546798706,2.0,0.0,False
2017-01-24,0.42752620577812195,0.42752620577812195,2.0,0.0,False
2017-01-25,0.46192044019699097,0.46192044019699097,2.0,0.0,False
2017-01-26,0.4256802499294281,0.4256802499294281,2.0,0.0,False
2017-01-27,0.20291581749916077,0.20291581749916077,1.0,0.0,False
2017-01-30,0.34315988421440125,0.34315988421440125,1.0,0.0,False
2017-01-31,0.29384785890579224,0.29384785890579224,1.0,0.0,False
2017-02-01,0.287977010011673,0.287977010011673,0.0,0.0,False
2017-02-02,0.3552679419517517,0.3552679419517517,0.0,0.0,False
2017-02-03,0.259418785572052,0.259418785572052,0.0,0.0,False
2017-02-06,0.28067782521247864,0.28067782521247864,0.0,0.0,False
2017-02-07,0.23500731587409973,0.23500731587409973,0.0,0.0,False
2017-02-08,0.25652647018432617,0.25652647018432617,0.0,0.0,False
2017-02-09,0.28718215227127075,0.28718215227127075,1.0,0.0,False
2017-02-10,0.2900502681732178,0.2900502681732178,1.0,0.0,False
2017-02-13,0.24882861971855164,0.24882861971855164,1.0,0.0,False
2017-02-14,0.21928471326828003,0.21928471326828003,1.0,0.0,False
2017-02-15,0.16256065666675568,0.16256065666675568,1.0,0.0,False
2017-02-16,0.1580008566379547,0.1580008566379547,1.0,0.0,False
2017-02-17,0.1718665063381195,0.1718665063381195,1.0,0.0,False
2017-02-20,0.15873028337955475,0.15873028337955475,1.0,0.0,False
2017-02-21,0.1854165494441986,0.1854165494441986,0.0,0.0,False
2017-02-22,0.14043886959552765,0.14043886959552765,0.0,0.0,False
2017-02-23,0.18610656261444092,0.18610656261444092,1.0,0.0,False
2017-02-24,0.1433585286140442,0.1433585286140442,1.0,0.0,False
2017-02-27,0.17389507591724396,0.17389507591724396,0.0,0.0,False
2017-02-28,0.1531284898519516,0.1531284898519516,0.0,0.0,False
2017-03-01,0.1357998251914978,0.1357998251914978,0.0,0.0,False
2017-03-02,0.15109358727931976,0.15109358727931976,0.0,0.0,False
2017-03-03,0.1683802753686905,0.1683802753686905,0.0,0.0,False
2017-03-06,0.21887841820716858,0.21887841820716858,0.0,0.0,False
2017-03-07,0.22379116714000702,0.22379116714000702,0.0,0.0,False
2017-03-08,0.14592015743255615,0.14592015743255615,0.0,0.0,False
2017-03-09,0.2532019317150116,0.2532019317150116,0.0,0.0,False
2017-03-10,0.13778577744960785,0.13778577744960785,0.0,0.0,False
2017-03-13,0.1986648440361023,0.1986648440361023,0.0,0.0,False
2017-03-14,0.1282668262720108,0.1282668262720108,0.0,0.0,False
2017-03-15,0.13950195908546448,0.13950195908546448,0.0,0.0,False
2017-03-16,0.11854308843612671,0.11854308843612671,0.0,0.0,False
2017-03-17,0.15703463554382324,0.15703463554382324,0.0,0.0,False
2017-03-20,0.17011602222919464,0.17011602222919464,0.0,0.0,False
2017-03-21,0.2423565536737442,0.2423565536737442,0.0,0.0,False
2017-03-22,0.4554797112941742,0.4554797112941742,0.0,0.0,False
2017-03-23,0.5450886487960815,0.5450886487960815,0.0,1.0,False
2017-03-24,0.5957757234573364,0.5957757234573364,0.0,1.0,False
2017-03-27,0.6370792984962463,0.6370792984962463,0.0,1.0,False
2017-03-28,0.6009460091590881,0.6009460091590881,0.0,1.0,False
2017-03-29,0.6597561836242676,0.6597561836242676,0.0,1.0,False
2017-03-30,0.5852645039558411,0.5852645039558411,0.0,1.0,False
2017-03-31,0.6135560274124146,0.6135560274124146,0.0,1.0,False
2017-04-03,0.5850648283958435,0.5850648283958435,0.0,1.0,False
2017-04-04,0.505672812461853,0.505672812461853,0.0,0.0,False
2017-04-05,0.49761542677879333,0.49761542677879333,0.0,0.0,False
2017-04-06,0.5623960494995117,0.5623960494995117,0.0,1.0,False
2017-04-07,0.6773623824119568,0.6773623824119568,0.0,1.0,False
2017-04-10,0.6381630301475525,0.6381630301475525,0.0,1.0,False
2017-04-11,0.5257049798965454,0.5257049798965454,0.0,0.0,False
2017-04-12,0.5753411650657654,0.5753411650657654,0.0,1.0,False
2017-04-13,0.5443429350852966,0.5443429350852966,0.0,1.0,False
2017-04-14,0.4575587809085846,0.4575587809085846,0.0,0.0,False
2017-04-17,0.4751925468444824,0.4751925468444824,0.0,0.0,False
2017-04-18,0.3042590618133545,0.3042590618133545,0.0,0.0,False
2017-04-19,0.42698007822036743,0.42698007822036743,0.0,0.0,False
2017-04-20,0.41403019428253174,0.41403019428253174,0.0,0.0,False
2017-04-21,0.388555109500885,0.388555109500885,0.0,0.0,False
2017-04-24,0.3943747580051422,0.3943747580051422,0.0,0.0,False
2017-04-25,0.38633206486701965,0.38633206486701965,0.0,0.0,False
2017-04-26,0.3567942976951599,0.3567942976951599,0.0,0.0,False
2017-04-27,0.33708488941192627,0.33708488941192627,0.0,0.0,False
2017-04-28,0.3275487422943115,0.3275487422943115,0.0,0.0,False
2017-05-01,0.35126450657844543,0.35126450657844543,0.0,0.0,False
2017-05-02,0.3271356523036957,0.3271356523036957,0.0,0.0,False
2017-05-03,0.31988289952278137,0.31988289952278137,0.0,0.0,False
2017-05-04,0.37698450684547424,0.37698450684547424,0.0,0.0,False
2017-05-05,0.358364999294281,0.358364999294281,0.0,0.0,False
2017-05-08,0.2889193594455719,0.2889193594455719,0.0,0.0,False
2017-05-09,0.4255501627922058,0.4255501627922058,0.0,0.0,False
2017-05-10,0.34081101417541504,0.34081101417541504,0.0,0.0,False
2017-05-11,0.4193464517593384,0.4193464517593384,0.0,0.0,False
2017-05-12,0.41867050528526306,0.41867050528526306,0.0,0.0,False
2017-05-15,0.4325845241546631,0.4325845241546631,0.0,0.0,False
2017-05-16,0.38106828927993774,0.38106828927993774,0.0,0.0,False
2017-05-17,0.4189176857471466,0.4189176857471466,0.0,0.0,False
2017-05-18,0.3736051917076111,0.3736051917076111,0.0,0.0,False
2017-05-19,0.3660917282104492,0.3660917282104492,0.0,0.0,False
2017-05-22,0.35571053624153137,0.35571053624153137,0.0,0.0,False
2017-05-23,0.4349939227104187,0.4349939227104187,0.0,0.0,False
2017-05-24,0.4348948299884796,0.4348948299884796,0.0,0.0,False
2017-05-25,0.4124003052711487,0.4124003052711487,0.0,0.0,False
2017-05-26,0.39555230736732483,0.39555230736732483,0.0,0.0,False
2017-05-29,0.31663745641708374,0.31663745641708374,0.0,0.0,False
2017-05-30,0.2855474352836609,0.2855474352836609,0.0,0.0,False
2017-05-31,0.3751280605792999,0.3751280605792999,0.0,0.0,False
2017-06-01,0.5114446878433228,0.5114446878433228,0.0,0.0,False
2017-06-02,0.4586767554283142,0.4586767554283142,0.0,0.0,False
2017-06-05,0.4999084770679474,0.4999084770679474,0.0,0.0,False
2017-06-06,0.5945290923118591,0.5945290923118591,0.0,1.0,False
2017-06-07,0.5778017640113831,0.5778017640113831,0.0,1.0,False
2017-06-08,0.6572843790054321,0.6572843790054321,0.0,1.0,False
2017-06-09,0.6333204507827759,0.6333204507827759,0.0,1.0,False
2017-06-12,0.3673054873943329,0.3673054873943329,0.0,0.0,False
2017-06-13,0.3395962715148926,0.3395962715148926,0.0,0.0,False
2017-06-14,0.33335840702056885,0.33335840702056885,0.0,0.0,False
2017-06-15,0.4326542913913727,0.4326542913913727,0.0,0.0,False
2017-06-16,0.3721920847892761,0.3721920847892761,0.0,0.0,False
2017-06-19,0.37892842292785645,0.37892842292785645,0.0,0.0,False
2017-06-20,0.4196455180644989,0.4196455180644989,0.0,0.0,False
2017-06-21,0.46988117694854736,0.46988117694854736,0.0,0.0,False
2017-06-22,0.599441409111023,0.599441409111023,0.0,1.0,False
2017-06-23,0.5693653225898743,0.5693653225898743,0.0,1.0,False
2017-06-26,0.6109364032745361,0.6109364032745361,0.0,1.0,False
2017-06-27,0.2728895843029022,0.2728895843029022,0.0,0.0,False
2017-06-28,0.31766247749328613,0.31766247749328613,1.0,0.0,False
2017-06-29,0.4922443628311157,0.4922443628311157,1.0,0.0,False
2017-06-30,0.5074992179870605,0.5074992179870605,1.0,0.0,False
2017-07-03,0.5468562841415405,0.5468562841415405,1.0,1.0,False
2017-07-04,0.42309507727622986,0.42309507727622986,0.0,0.0,False
2017-07-05,0.4873524010181427,0.4873524010181427,1.0,0.0,False
2017-07-06,0.5206229090690613,0.5206229090690613,0.0,0.0,False
2017-07-07,0.6046389937400818,0.6046389937400818,0.0,1.0,False
2017-07-10,0.652299165725708,0.652299165725708,0.0,1.0,False
2017-07-11,0.6603068709373474,0.6603068709373474,0.0,1.0,False
2017-07-12,0.47706636786460876,0.47706636786460876,0.0,0.0,False
2017-07-13,0.3372077941894531,0.3372077941894531,0.0,0.0,False
2017-07-14,0.47986048460006714,0.47986048460006714,0.0,0.0,False
2017-07-17,0.576248049736023,0.576248049736023,0.0,1.0,False
2017-07-18,0.5321950316429138,0.5321950316429138,0.0,0.0,False
2017-07-19,0.7562786936759949,0.7562786936759949,0.0,1.0,False
2017-07-20,0.7602825164794922,0.7602825164794922,0.0,1.0,False
2017-07-21,0.7059521675109863,0.7059521675109863,0.0,1.0,False
2017-07-24,0.5745640993118286,0.5745640993118286,0.0,1.0,False
2017-07-25,0.47889748215675354,0.47889748215675354,0.0,0.0,False
2017-07-26,0.40870651602745056,0.40870651602745056,0.0,0.0,False
2017-07-27,0.5081477165222168,0.5081477165222168,0.0,0.0,False
2017-07-28,0.380089670419693,0.380089670419693,0.0,0.0,False
2017-07-31,0.3226507902145386,0.3226507902145386,0.0,0.0,False
2017-08-01,0.3226831257343292,0.3226831257343292,0.0,0.0,False
2017-08-02,0.44117239117622375,0.44117239117622375,0.0,0.0,False
2017-08-03,0.5068151354789734,0.5068151354789734,0.0,0.0,False
2017-08-04,0.44361546635627747,0.44361546635627747,0.0,0.0,False
2017-08-07,0.4204963445663452,0.4204963445663452,0.0,0.0,False
2017-08-08,0.39991068840026855,0.39991068840026855,0.0,0.0,False
2017-08-09,0.3069203495979309,0.3069203495979309,0.0,0.0,False
2017-08-10,0.3984062373638153,0.3984062373638153,0.0,0.0,False
2017-08-11,0.36957255005836487,0.36957255005836487,0.0,0.0,False
2017-08-14,0.33473777770996094,0.33473777770996094,0.0,0.0,False
2017-08-15,0.44785982370376587,0.44785982370376587,0.0,0.0,False
2017-08-16,0.5064989924430847,0.5064989924430847,0.0,0.0,False
2017-08-17,0.5470905303955078,0.5470905303955078,0.0,1.0,False
2017-08-18,0.5045468211174011,0.5045468211174011,0.0,0.0,False
2017-08-21,0.5198342204093933,0.5198342204093933,0.0,0.0,False
2017-08-22,0.38198933005332947,0.38198933005332947,0.0,0.0,False
2017-08-23,0.45997852087020874,0.45997852087020874,0.0,0.0,False
2017-08-24,0.5088064074516296,0.5088064074516296,0.0,0.0,False
2017-08-25,0.4867056906223297,0.4867056906223297,0.0,0.0,False
2017-08-28,0.4280889332294464,0.4280889332294464,0.0,0.0,False
2017-08-29,0.491423100233078,0.491423100233078,0.0,0.0,False
2017-08-30,0.37237098813056946,0.37237098813056946,0.0,0.0,False
2017-08-31,0.3713567852973938,0.3713567852973938,0.0,0.0,False
2017-09-01,0.40831395983695984,0.40831395983695984,0.0,0.0,False
2017-09-04,0.34730038046836853,0.34730038046836853,0.0,0.0,True
2017-09-05,0.5181353092193604,0.5181353092193604,0.0,0.0,True
2017-09-06,0.4263298809528351,0.4263298809528351,0.0,0.0,True
2017-09-07,0.716923713684082,0.716923713684082,0.0,1.0,True
2017-09-08,0.5167616605758667,0.5167616605758667,1.0,0.0,True
2017-09-11,0.45267316699028015,0.45267316699028015,1.0,0.0,True
2017-09-12,0.4752354919910431,0.4752354919910431,0.0,0.0,True
2017-09-13,0.528827965259552,0.528827965259552,0.0,0.0,True
2017-09-14,0.4735373556613922,0.4735373556613922,0.0,0.0,True
2017-09-15,0.3263539671897888,0.3263539671897888,0.0,0.0,True
2017-09-18,0.42577365040779114,0.42577365040779114,0.0,0.0,True
2017-09-19,0.4230702519416809,0.4230702519416809,0.0,0.0,True
2017-09-20,0.3110091984272003,0.3110091984272003,0.0,0.0,True
2017-09-21,0.3368939459323883,0.3368939459323883,1.0,0.0,True
2017-09-22,0.42223793268203735,0.42223793268203735,1.0,0.0,True
2017-09-25,0.47371599078178406,0.47371599078178406,1.0,0.0,True
2017-09-26,0.4671851694583893,0.4671851694583893,0.0,0.0,True
2017-09-27,0.478597491979599,0.478597491979599,0.0,0.0,True
2017-09-28,0.5757891535758972,0.5757891535758972,0.0,1.0,True
2017-09-29,0.4277690649032593,0.4277690649032593,0.0,0.0,True
2017-10-02,0.4966520369052887,0.4966520369052887,0.0,0.0,True
2017-10-03,0.5920928120613098,0.5920928120613098,0.0,1.0,True
2017-10-04,0.5600271224975586,0.5600271224975586,0.0,1.0,True
2017-10-05,0.6093757152557373,0.6093757152557373,0.0,1.0,True
2017-10-06,0.40942487120628357,0.40942487120628357,0.0,0.0,True
2017-10-09,0.5753360390663147,0.5753360390663147,0.0,1.0,True
2017-10-10,0.43836596608161926,0.43836596608161926,0.0,0.0,True
2017-10-11,0.5513573288917542,0.5513573288917542,0.0,1.0,True
2017-10-12,0.5065158605575562,0.5065158605575562,0.0,0.0,True
2017-10-13,0.5030152201652527,0.5030152201652527,0.0,0.0,True
2017-10-16,0.5420697331428528,0.5420697331428528,0.0,1.0,True
2017-10-17,0.395889014005661,0.395889014005661,0.0,0.0,True
2017-10-18,0.4770825207233429,0.4770825207233429,0.0,0.0,True
2017-10-19,0.4272910952568054,0.4272910952568054,0.0,0.0,True
2017-10-20,0.3381578326225281,0.3381578326225281,0.0,0.0,True
2017-10-23,0.35652342438697815,0.35652342438697815,0.0,0.0,True
2017-10-24,0.21399174630641937,0.21399174630641937,0.0,0.0,True
2017-10-25,0.18636652827262878,0.18636652827262878,0.0,0.0,True
2017-10-26,0.30437442660331726,0.30437442660331726,0.0,0.0,True
2017-10-27,0.4091006815433502,0.4091006815433502,0.0,0.0,True
2017-10-30,0.6168047785758972,0.6168047785758972,0.0,1.0,True
2017-10-31,0.6258624792098999,0.6258624792098999,0.0,1.0,True
2017-11-01,0.5423991084098816,0.5423991084098816,0.0,1.0,True
2017-11-02,0.4732385575771332,0.4732385575771332,0.0,0.0,True
2017-11-03,0.4623025953769684,0.4623025953769684,0.0,0.0,True
2017-11-06,0.4785741865634918,0.4785741865634918,0.0,0.0,True
2017-11-07,0.5808971524238586,0.5808971524238586,0.0,1.0,True
2017-11-08,0.42891189455986023,0.42891189455986023,0.0,0.0,True
2017-11-09,0.46333980560302734,0.46333980560302734,0.0,0.0,True
2017-11-10,0.36851081252098083,0.36851081252098083,0.0,0.0,True
2017-11-13,0.42720675468444824,0.42720675468444824,0.0,0.0,True
2017-11-14,0.44604867696762085,0.44604867696762085,0.0,0.0,True
2017-11-15,0.4552499055862427,0.4552499055862427,0.0,0.0,True
2017-11-16,0.4032590389251709,0.4032590389251709,0.0,0.0,True
2017-11-17,0.2747878432273865,0.2747878432273865,0.0,0.0,True
2017-11-20,0.41885948181152344,0.41885948181152344,0.0,0.0,True
2017-11-21,0.3786204755306244,0.3786204755306244,0.0,0.0,True
2017-11-22,0.5588803887367249,0.5588803887367249,0.0,1.0,True
2017-11-23,0.43039199709892273,0.43039199709892273,0.0,0.0,True
2017-11-24,0.48922449350357056,0.48922449350357056,0.0,0.0,True
2017-11-27,0.56562340259552,0.56562340259552,0.0,1.0,True
2017-11-28,0.4735030233860016,0.4735030233860016,0.0,0.0,True
2017-11-29,0.3171725273132324,0.3171725273132324,0.0,0.0,True
2017-11-30,0.4160585403442383,0.4160585403442383,0.0,0.0,True
2017-12-01,0.3965890109539032,0.3965890109539032,0.0,0.0,True
2017-12-04,0.45350873470306396,0.45350873470306396,0.0,0.0,True
2017-12-05,0.4615574777126312,0.4615574777126312,0.0,0.0,True
2017-12-06,0.5041584372520447,0.5041584372520447,0.0,0.0,True
2017-12-07,0.4002434015274048,0.4002434015274048,0.0,0.0,True
2017-12-08,0.49632692337036133,0.49632692337036133,0.0,0.0,True
2017-12-11,0.4398286044597626,0.4398286044597626,0.0,0.0,True
2017-12-12,0.4216737747192383,0.4216737747192383,0.0,0.0,True
2017-12-13,0.539274275302887,0.539274275302887,0.0,0.0,True
2017-12-14,0.6674240827560425,0.6674240827560425,0.0,1.0,True
2017-12-15,0.7050086855888367,0.7050086855888367,0.0,1.0,True
2017-12-18,0.5251381397247314,0.5251381397247314,0.0,0.0,True
2017-12-19,0.6424734592437744,0.6424734592437744,0.0,1.0,True
2017-12-20,0.7264736890792847,0.7264736890792847,0.0,1.0,True
2017-12-21,0.5550310015678406,0.5550310015678406,0.0,1.0,True
2017-12-22,0.7231222987174988,0.7231222987174988,0.0,1.0,True
2017-12-25,0.6430646777153015,0.6430646777153015,0.0,1.0,True
2017-12-26,0.5845054388046265,0.5845054388046265,0.0,1.0,True
2017-12-27,0.7056321501731873,0.7056321501731873,0.0,1.0,True
2017-12-28,0.7787092328071594,0.7787092328071594,0.0,1.0,True
2017-12-29,0.7537253499031067,0.7537253499031067,0.0,1.0,True
2018-01-01,0.6605478525161743,0.6605478525161743,0.0,1.0,True
2018-01-02,0.5914746522903442,0.5914746522903442,0.0,1.0,True
2018-01-03,0.618640661239624,0.618640661239624,0.0,1.0,True
2018-01-04,0.6527748703956604,0.6527748703956604,0.0,1.0,True
2018-01-05,0.7114934325218201,0.7114934325218201,0.0,1.0,True
2018-01-08,0.6455168724060059,0.6455168724060059,0.0,1.0,True
2018-01-09,0.5844104886054993,0.5844104886054993,0.0,1.0,True
2018-01-10,0.5662962198257446,0.5662962198257446,0.0,1.0,True
2018-01-11,0.5444052815437317,0.5444052815437317,0.0,1.0,True
2018-01-12,0.413251131772995,0.413251131772995,0.0,0.0,True
2018-01-15,0.4608897268772125,0.4608897268772125,0.0,0.0,True
2018-01-16,0.38234004378318787,0.38234004378318787,0.0,0.0,True
2018-01-17,0.40233132243156433,0.40233132243156433,0.0,0.0,True
2018-01-18,0.4173312187194824,0.4173312187194824,0.0,0.0,True
2018-01-19,0.42779961228370667,0.42779961228370667,0.0,0.0,True
2018-01-22,0.49730467796325684,0.49730467796325684,0.0,0.0,True
2018-01-23,0.35776373744010925,0.35776373744010925,0.0,0.0,True
2018-01-24,0.4530811905860901,0.4530811905860901,0.0,0.0,True
2018-01-25,0.44723376631736755,0.44723376631736755,0.0,0.0,True
2018-01-26,0.382228821516037,0.382228821516037,0.0,0.0,True
2018-01-29,0.2569662630558014,0.2569662630558014,0.0,0.0,True
2018-01-30,0.2790071964263916,0.2790071964263916,0.0,0.0,True
2018-01-31,0.2905207872390747,0.2905207872390747,1.0,0.0,True
2018-02-01,0.2625626027584076,0.2625626027584076,1.0,0.0,True
2018-02-02,0.45327773690223694,0.45327773690223694,1.0,0.0,True
2018-02-05,0.5472941398620605,0.5472941398620605,1.0,1.0,True
2018-02-06,0.6139277219772339,0.6139277219772339,0.0,1.0,True
2018-02-07,0.6182236075401306,0.6182236075401306,0.0,1.0,True
2018-02-08,0.7158937454223633,0.7158937454223633,0.0,1.0,True
2018-02-09,0.6806938648223877,0.6806938648223877,0.0,1.0,True
2018-02-12,0.642963171005249,0.642963171005249,0.0,1.0,True
2018-02-13,0.5963476896286011,0.5963476896286011,0.0,1.0,True
2018-02-14,0.43664586544036865,0.43664586544036865,0.0,0.0,True
2018-02-15,0.37067899107933044,0.37067899107933044,0.0,0.0,True
2018-02-16,0.41957077383995056,0.41957077383995056,1.0,0.0,True
2018-02-19,0.44692113995552063,0.44692113995552063,0.0,0.0,True
2018-02-20,0.5840100049972534,0.5840100049972534,0.0,0.9974221409591975,True
2018-02-21,0.6208610534667969,0.6208610534667969,0.0,0.9974221409591975,True
2018-02-22,0.5668421983718872,0.5668421983718872,0.0,0.9974221409591975,True
2018-02-23,0.7074407935142517,0.7074407935142517,0.0,0.9974221409591975,True
2018-02-26,0.3807889223098755,0.3807889223098755,1.0,0.0,True
2018-02-27,0.40355223417282104,0.40355223417282104,1.0,0.0,True
2018-02-28,0.41875800490379333,0.41875800490379333,1.0,0.0,True
2018-03-01,0.3329501450061798,0.3329501450061798,1.0,0.0,True
2018-03-02,0.36628395318984985,0.36628395318984985,1.0,0.0,True
2018-03-05,0.39270737767219543,0.39270737767219543,1.0,0.0,True
2018-03-06,0.4620461165904999,0.4620461165904999,1.0,0.0,True
2018-03-07,0.3296429216861725,0.3296429216861725,1.0,0.0,True
2018-03-08,0.35456836223602295,0.35456836223602295,1.0,0.0,True
2018-03-09,0.39973184466362,0.39973184466362,1.0,0.0,True
2018-03-12,0.3037359416484833,0.3037359416484833,1.0,0.0,True
2018-03-13,0.4616098701953888,0.4616098701953888,1.0,0.0,True
2018-03-14,0.3557630479335785,0.3557630479335785,1.0,0.0,True
2018-03-15,0.3260776996612549,0.3260776996612549,1.0,0.0,True
2018-03-16,0.316457062959671,0.316457062959671,0.0,0.0,True
2018-03-19,0.45502549409866333,0.45502549409866333,0.0,0.0,True
2018-03-20,0.372456431388855,0.372456431388855,0.0,0.0,True
2018-03-21,0.2970280945301056,0.2970280945301056,0.0,0.0,True
2018-03-22,0.31797847151756287,0.31797847151756287,0.0,0.0,True
2018-03-23,0.514049232006073,0.514049232006073,1.0,0.0,True
2018-03-26,0.4314098656177521,0.4314098656177521,0.0,0.0,True
2018-03-27,0.41902029514312744,0.41902029514312744,0.0,0.0,True
2018-03-28,0.4693790376186371,0.4693790376186371,0.0,0.0,True
2018-03-29,0.4201640188694,0.4201640188694,0.0,0.0,True
2018-03-30,0.6143982410430908,0.6143982410430908,0.0,1.0,True
2018-04-02,0.4266129434108734,0.4266129434108734,0.0,0.0,True
2018-04-03,0.6105510592460632,0.6105510592460632,0.0,1.0,True
2018-04-04,0.5380299687385559,0.5380299687385559,0.0,0.0,True
2018-04-05,0.5588762164115906,0.5588762164115906,0.0,1.0,True
2018-04-06,0.39947813749313354,0.39947813749313354,0.0,0.0,True
2018-04-09,0.40028080344200134,0.40028080344200134,0.0,0.0,True
2018-04-10,0.3924514055252075,0.3924514055252075,0.0,0.0,True
2018-04-11,0.3941335380077362,0.3941335380077362,0.0,0.0,True
2018-04-12,0.41881659626960754,0.41881659626960754,0.0,0.0,True
2018-04-13,0.35591554641723633,0.35591554641723633,0.0,0.0,True
2018-04-16,0.5304502248764038,0.5304502248764038,0.0,0.0,True
2018-04-17,0.4807833433151245,0.4807833433151245,0.0,0.0,True
2018-04-18,0.4840126931667328,0.4840126931667328,0.0,0.0,True
2018-04-19,0.4878652095794678,0.4878652095794678,0.0,0.0,True
2018-04-20,0.6365910172462463,0.6365910172462463,0.0,1.0,True
2018-04-23,0.5224148035049438,0.5224148035049438,0.0,0.0,True
2018-04-24,0.5305466651916504,0.5305466651916504,0.0,0.0,True
2018-04-25,0.40396755933761597,0.40396755933761597,0.0,0.0,True
2018-04-26,0.45103922486305237,0.45103922486305237,0.0,0.0,True
2018-04-27,0.43930017948150635,0.43930017948150635,0.0,0.0,True
2018-04-30,0.4292725920677185,0.4292725920677185,0.0,0.0,True
2018-05-01,0.46371880173683167,0.46371880173683167,0.0,0.0,True
2018-05-02,0.41588491201400757,0.41588491201400757,0.0,0.0,True
2018-05-03,0.48238956928253174,0.48238956928253174,0.0,0.0,True
2018-05-04,0.48041924834251404,0.48041924834251404,0.0,0.0,True
2018-05-07,0.39951443672180176,0.39951443672180176,0.0,0.0,True
2018-05-08,0.4350646138191223,0.4350646138191223,0.0,0.0,True
2018-05-09,0.4296000301837921,0.4296000301837921,0.0,0.0,True
2018-05-10,0.4451851546764374,0.4451851546764374,0.0,0.0,True
2018-05-11,0.5239428281784058,0.5239428281784058,0.0,0.0,True
2018-05-14,0.4692588448524475,0.4692588448524475,0.0,0.0,True
2018-05-15,0.5922028422355652,0.5922028422355652,0.0,1.0,True
2018-05-16,0.3703036904335022,0.3703036904335022,0.0,0.0,True
2018-05-17,0.5693649053573608,0.5693649053573608,0.0,1.0,True
2018-05-18,0.3509475886821747,0.3509475886821747,0.0,0.0,True
2018-05-21,0.28998908400535583,0.28998908400535583,0.0,0.0,True
2018-05-22,0.528905987739563,0.528905987739563,0.0,0.0,True
2018-05-23,0.3172987699508667,0.3172987699508667,0.0,0.0,True
2018-05-24,0.2900560200214386,0.2900560200214386,0.0,0.0,True
2018-05-25,0.34636402130126953,0.34636402130126953,0.0,0.0,True
2018-05-28,0.397581547498703,0.397581547498703,0.0,0.0,True
2018-05-29,0.5079033970832825,0.5079033970832825,0.0,0.0,True
2018-05-30,0.4705851674079895,0.4705851674079895,0.0,0.0,True
2018-05-31,0.3604593873023987,0.3604593873023987,0.0,0.0,True
2018-06-01,0.4351382255554199,0.4351382255554199,0.0,0.0,True
2018-06-04,0.45898178219795227,0.45898178219795227,0.0,0.0,True
2018-06-05,0.44818899035453796,0.44818899035453796,0.0,0.0,True
2018-06-06,0.4528535306453705,0.4528535306453705,0.0,0.0,True
2018-06-07,0.4178446829319,0.4178446829319,0.0,0.0,True
2018-06-08,0.3452334702014923,0.3452334702014923,0.0,0.0,True
2018-06-11,0.31957271695137024,0.31957271695137024,0.0,0.0,True
2018-06-12,0.4292569160461426,0.4292569160461426,0.0,0.0,True
2018-06-13,0.45467379689216614,0.45467379689216614,0.0,0.0,True
2018-06-14,0.5452825427055359,0.5452825427055359,1.0,0.8545315009370151,True
2018-06-15,0.44075703620910645,0.44075703620910645,1.0,0.0,True
2018-06-18,0.5402005314826965,0.5402005314826965,1.0,0.7707723290492633,True
2018-06-19,0.46093907952308655,0.46093907952308655,1.0,0.0,True
2018-06-20,0.4865321218967438,0.4865321218967438,1.0,0.0,True
2018-06-21,0.5243738293647766,0.5243738293647766,1.0,0.0,True
2018-06-22,0.5867010951042175,0.5867010951042175,1.0,0.7964814260293949,True
2018-06-25,0.6014383435249329,0.6014383435249329,1.0,0.7964814260293949,True
2018-06-26,0.4538220763206482,0.4538220763206482,1.0,0.0,True
2018-06-27,0.42485150694847107,0.42485150694847107,1.0,0.0,True
2018-06-28,0.470002681016922,0.470002681016922,1.0,0.0,True
2018-06-29,0.504941999912262,0.504941999912262,1.0,0.0,True
2018-07-02,0.392880916595459,0.392880916595459,1.0,0.0,True
2018-07-03,0.6185254454612732,0.6185254454612732,1.0,0.8345556095272341,True
2018-07-04,0.6807812452316284,0.6807812452316284,1.0,0.8345556095272341,True
2018-07-05,0.42159631848335266,0.42159631848335266,1.0,0.0,True
2018-07-06,0.39269959926605225,0.39269959926605225,1.0,0.0,True
2018-07-09,0.405171275138855,0.405171275138855,1.0,0.0,True
2018-07-10,0.377233624458313,0.377233624458313,1.0,0.0,True
2018-07-11,0.3682818114757538,0.3682818114757538,1.0,0.0,True
2018-07-12,0.484024316072464,0.484024316072464,1.0,0.0,True
2018-07-13,0.47029760479927063,0.47029760479927063,1.0,0.0,True
2018-07-16,0.4729120135307312,0.4729120135307312,0.0,0.0,True
2018-07-17,0.40848544239997864,0.40848544239997864,1.0,0.0,True
2018-07-18,0.5382411479949951,0.5382411479949951,0.0,0.0,True
2018-07-19,0.5270749926567078,0.5270749926567078,0.0,0.0,True
2018-07-20,0.4421534538269043,0.4421534538269043,0.0,0.0,True
2018-07-23,0.6546950936317444,0.6546950936317444,0.0,1.0,True
2018-07-24,0.666701078414917,0.666701078414917,0.0,1.0,True
2018-07-25,0.5157010555267334,0.5157010555267334,0.0,0.0,True
2018-07-26,0.544654905796051,0.544654905796051,0.0,1.0,True
2018-07-27,0.5087049603462219,0.5087049603462219,0.0,0.0,True
2018-07-30,0.6682001948356628,0.6682001948356628,0.0,1.0,True
2018-07-31,0.33542507886886597,0.33542507886886597,0.0,0.0,True
2018-08-01,0.36146992444992065,0.36146992444992065,0.0,0.0,True
2018-08-02,0.4205857217311859,0.4205857217311859,0.0,0.0,True
2018-08-03,0.3008781373500824,0.3008781373500824,0.0,0.0,True
2018-08-06,0.21937167644500732,0.21937167644500732,0.0,0.0,True
2018-08-07,0.3421289026737213,0.3421289026737213,1.0,0.0,True
2018-08-08,0.2822367548942566,0.2822367548942566,1.0,0.0,True
2018-08-09,0.4440547525882721,0.4440547525882721,1.0,0.0,True
2018-08-10,0.3982420265674591,0.3982420265674591,1.0,0.0,True
2018-08-13,0.3157389760017395,0.3157389760017395,0.0,0.0,True
2018-08-14,0.5106948018074036,0.5106948018074036,0.0,0.0,True
2018-08-15,0.3483332097530365,0.3483332097530365,1.0,0.0,True
2018-08-16,0.36546096205711365,0.36546096205711365,0.0,0.0,True
2018-08-17,0.5579430460929871,0.5579430460929871,0.0,1.0,True
2018-08-20,0.43949058651924133,0.43949058651924133,0.0,0.0,True
2018-08-21,0.3600774109363556,0.3600774109363556,0.0,0.0,True
2018-08-22,0.31400415301322937,0.31400415301322937,0.0,0.0,True
2018-08-23,0.4144282639026642,0.4144282639026642,0.0,0.0,True
2018-08-24,0.4962224066257477,0.4962224066257477,0.0,0.0,True
2018-08-27,0.43753913044929504,0.43753913044929504,0.0,0.0,True
2018-08-28,0.45412543416023254,0.45412543416023254,0.0,0.0,True
2018-08-29,0.5288960933685303,0.5288960933685303,0.0,0.0,True
2018-08-30,0.41598984599113464,0.41598984599113464,0.0,0.0,True
2018-08-31,0.6231510043144226,0.6231510043144226,0.0,1.0,True
2018-09-03,0.6048274040222168,0.6048274040222168,0.0,1.0,True
2018-09-04,0.3055093586444855,0.3055093586444855,0.0,0.0,True
2018-09-05,0.43533095717430115,0.43533095717430115,0.0,0.0,True
2018-09-06,0.48873794078826904,0.48873794078826904,0.0,0.0,True
2018-09-07,0.49717777967453003,0.49717777967453003,0.0,0.0,True
2018-09-10,0.5510973930358887,0.5510973930358887,0.0,0.99530592924838,True
2018-09-11,0.43637537956237793,0.43637537956237793,0.0,0.0,True
2018-09-12,0.42306503653526306,0.42306503653526306,1.0,0.0,True
2018-09-13,0.46936413645744324,0.46936413645744324,0.0,0.0,True
2018-09-14,0.5106605887413025,0.5106605887413025,0.0,0.0,True
2018-09-17,0.5014017820358276,0.5014017820358276,0.0,0.0,True
2018-09-18,0.5449202656745911,0.5449202656745911,0.0,1.0,True
2018-09-19,0.6477264761924744,0.6477264761924744,1.0,0.5208074599599671,True
2018-09-20,0.7797611951828003,0.7797611951828003,2.0,0.5208074599599671,True
2018-09-21,0.7084797024726868,0.7084797024726868,2.0,0.5208074599599671,True
2018-09-24,0.5627955198287964,0.5627955198287964,2.0,0.5208074599599671,True
2018-09-25,0.6940287947654724,0.6940287947654724,2.0,0.5208074599599671,True
2018-09-26,0.7463899254798889,0.7463899254798889,2.0,0.5208074599599671,True
2018-09-27,0.7880911827087402,0.7880911827087402,2.0,0.5208074599599671,True
2018-09-28,0.6665255427360535,0.6665255427360535,2.0,0.5208074599599671,True
2018-10-01,0.4971790611743927,0.4971790611743927,2.0,0.0,True
2018-10-02,0.6671628355979919,0.6671628355979919,2.0,0.45622399114087264,True
2018-10-03,0.6406195163726807,0.6406195163726807,2.0,0.45622399114087264,True
2018-10-04,0.6262978315353394,0.6262978315353394,2.0,0.45622399114087264,True
2018-10-05,0.5379910469055176,0.5379910469055176,2.0,0.0,True
2018-10-08,0.4990084767341614,0.4990084767341614,2.0,0.0,True
2018-10-09,0.6615729331970215,0.6615729331970215,2.0,0.46282960930779526,True
2018-10-10,0.6336749792098999,0.6336749792098999,2.0,0.46282960930779526,True
2018-10-11,0.6794611811637878,0.6794611811637878,2.0,0.46282960930779526,True
2018-10-12,0.7189292311668396,0.7189292311668396,2.0,0.46282960930779526,True
2018-10-15,0.6760322451591492,0.6760322451591492,2.0,0.46282960930779526,True
2018-10-16,0.6745042204856873,0.6745042204856873,2.0,0.46282960930779526,True
2018-10-17,0.6078417301177979,0.6078417301177979,1.0,0.6874204183892417,True
2018-10-18,0.6571457982063293,0.6571457982063293,1.0,0.9422091666027611,True
2018-10-19,0.6671963930130005,0.6671963930130005,1.0,0.9422091666027611,True
2018-10-22,0.6951894760131836,0.6951894760131836,1.0,0.9422091666027611,True
2018-10-23,0.6666430830955505,0.6666430830955505,1.0,0.9422091666027611,True
2018-10-24,0.6569359302520752,0.6569359302520752,1.0,0.9422091666027611,True
2018-10-25,0.712527871131897,0.712527871131897,0.0,0.9422091666027611,True
2018-10-26,0.5291734337806702,0.5291734337806702,0.0,0.0,True
2018-10-29,0.4921693801879883,0.4921693801879883,0.0,0.0,True
2018-10-30,0.5803900361061096,0.5803900361061096,0.0,1.0,True
2018-10-31,0.5907126069068909,0.5907126069068909,0.0,1.0,True
2018-11-01,0.6524370908737183,0.6524370908737183,1.0,1.0,True
2018-11-02,0.6272433996200562,0.6272433996200562,1.0,1.0,True
2018-11-05,0.6235181093215942,0.6235181093215942,1.0,1.0,True
2018-11-06,0.5969516634941101,0.5969516634941101,0.0,1.0,True
2018-11-07,0.6258124709129333,0.6258124709129333,0.0,1.0,True
2018-11-08,0.6325642466545105,0.6325642466545105,0.0,1.0,True
2018-11-09,0.6318477392196655,0.6318477392196655,0.0,1.0,True
2018-11-12,0.5468167662620544,0.5468167662620544,0.0,1.0,True
2018-11-13,0.4514114558696747,0.4514114558696747,0.0,0.0,True
2018-11-14,0.5362165570259094,0.5362165570259094,0.0,0.0,True
2018-11-15,0.5980556011199951,0.5980556011199951,0.0,1.0,True
2018-11-16,0.5896291732788086,0.5896291732788086,0.0,1.0,True
2018-11-19,0.5548691749572754,0.5548691749572754,0.0,1.0,True
2018-11-20,0.6250380277633667,0.6250380277633667,0.0,1.0,True
2018-11-21,0.5562765002250671,0.5562765002250671,0.0,1.0,True
2018-11-22,0.46378350257873535,0.46378350257873535,1.0,0.0,True
2018-11-23,0.4819304049015045,0.4819304049015045,1.0,0.0,True
2018-11-26,0.45224907994270325,0.45224907994270325,1.0,0.0,True
2018-11-27,0.6635131239891052,0.6635131239891052,1.0,0.9124539503132003,True
2018-11-28,0.6222100853919983,0.6222100853919983,1.0,0.9124539503132003,True
2018-11-29,0.47637152671813965,0.47637152671813965,1.0,0.0,True
2018-11-30,0.4283314645290375,0.4283314645290375,1.0,0.0,True
2018-12-03,0.505782425403595,0.505782425403595,1.0,0.0,True
2018-12-04,0.5864741802215576,0.5864741802215576,1.0,0.8904619222172538,True
2018-12-05,0.4750713109970093,0.4750713109970093,1.0,0.0,True
2018-12-06,0.4363824725151062,0.4363824725151062,1.0,0.0,True
2018-12-07,0.541343092918396,0.541343092918396,1.0,0.8320357619936108,True
2018-12-10,0.705487847328186,0.705487847328186,1.0,0.8320357619936108,True
2018-12-11,0.7211491465568542,0.7211491465568542,1.0,0.8320357619936108,True
2018-12-12,0.7098629474639893,0.7098629474639893,1.0,0.9408615098797241,True
2018-12-13,0.5942542552947998,0.5942542552947998,1.0,0.9408615098797241,True
2018-12-14,0.5681158900260925,0.5681158900260925,1.0,0.9408615098797241,True
2018-12-17,0.5744486451148987,0.5744486451148987,1.0,0.9408615098797241,True
2018-12-18,0.6011903285980225,0.6011903285980225,1.0,0.9408615098797241,True
2018-12-19,0.46298283338546753,0.46298283338546753,1.0,0.0,True
2018-12-20,0.43680307269096375,0.43680307269096375,1.0,0.0,True
2018-12-21,0.4169018864631653,0.4169018864631653,0.0,0.0,True
2018-12-24,0.47989535331726074,0.47989535331726074,0.0,0.0,True
2018-12-25,0.5450911521911621,0.5450911521911621,0.0,1.0,True
2018-12-26,0.47174206376075745,0.47174206376075745,0.0,0.0,True
2018-12-27,0.4662627577781677,0.4662627577781677,0.0,0.0,True
2018-12-28,0.35938599705696106,0.35938599705696106,0.0,0.0,True
2018-12-31,0.38510116934776306,0.38510116934776306,0.0,0.0,True
2019-01-01,0.5382620692253113,0.5382620692253113,0.0,0.0,True
2019-01-02,0.5897238254547119,0.5897238254547119,0.0,1.0,True
2019-01-03,0.4633667469024658,0.4633667469024658,0.0,0.0,True
2019-01-04,0.38934099674224854,0.38934099674224854,0.0,0.0,True
2019-01-07,0.2316555231809616,0.2316555231809616,0.0,0.0,True
2019-01-08,0.4012327194213867,0.4012327194213867,0.0,0.0,True
2019-01-09,0.39455512166023254,0.39455512166023254,0.0,0.0,True
2019-01-10,0.43867841362953186,0.43867841362953186,0.0,0.0,True
2019-01-11,0.5509931445121765,0.5509931445121765,0.0,1.0,True
2019-01-14,0.36725467443466187,0.36725467443466187,0.0,0.0,True
2019-01-15,0.41471436619758606,0.41471436619758606,0.0,0.0,True
2019-01-16,0.3365440368652344,0.3365440368652344,0.0,0.0,True
2019-01-17,0.4304944574832916,0.4304944574832916,0.0,0.0,True
2019-01-18,0.6452207565307617,0.6452207565307617,0.0,1.0,True
2019-01-21,0.6355529427528381,0.6355529427528381,0.0,1.0,True
2019-01-22,0.5559370517730713,0.5559370517730713,0.0,1.0,True
2019-01-23,0.686184823513031,0.686184823513031,0.0,1.0,True
2019-01-24,0.6686225533485413,0.6686225533485413,0.0,1.0,True
2019-01-25,0.7098288536071777,0.7098288536071777,0.0,1.0,True
2019-01-28,0.41658833622932434,0.41658833622932434,0.0,0.0,True
2019-01-29,0.487319678068161,0.487319678068161,0.0,0.0,True
2019-01-30,0.6216514110565186,0.6216514110565186,0.0,0.9919620193851075,True
2019-01-31,0.5665844678878784,0.5665844678878784,0.0,0.9919620193851075,True
2019-02-01,0.5651687979698181,0.5651687979698181,0.0,0.9919620193851075,True
2019-02-04,0.4040016829967499,0.4040016829967499,0.0,0.0,True
2019-02-05,0.4878336489200592,0.4878336489200592,0.0,0.0,True
2019-02-06,0.3450532555580139,0.3450532555580139,1.0,0.0,True
2019-02-07,0.21493859589099884,0.21493859589099884,1.0,0.0,True
2019-02-08,0.25626951456069946,0.25626951456069946,1.0,0.0,True
2019-02-11,0.28851038217544556,0.28851038217544556,1.0,0.0,True
2019-02-12,0.4010453522205353,0.4010453522205353,1.0,0.0,True
2019-02-13,0.37985581159591675,0.37985581159591675,1.0,0.0,True
2019-02-14,0.39232131838798523,0.39232131838798523,1.0,0.0,True
2019-02-15,0.595738410949707,0.595738410949707,1.0,0.931990750787729,True
2019-02-18,0.4523985981941223,0.4523985981941223,1.0,0.0,True
2019-02-19,0.41494089365005493,0.41494089365005493,1.0,0.0,True
2019-02-20,0.4312872290611267,0.4312872290611267,1.0,0.0,True
2019-02-21,0.40652894973754883,0.40652894973754883,1.0,0.0,True
2019-02-22,0.42302390933036804,0.42302390933036804,1.0,0.0,True
2019-02-25,0.4439694881439209,0.4439694881439209,0.0,0.0,True
2019-02-26,0.4347444474697113,0.4347444474697113,0.0,0.0,True
2019-02-27,0.5321049094200134,0.5321049094200134,0.0,0.0,True
2019-02-28,0.4791124761104584,0.4791124761104584,0.0,0.0,True
2019-03-01,0.5348238348960876,0.5348238348960876,0.0,0.0,True
2019-03-04,0.4427085518836975,0.4427085518836975,0.0,0.0,True
2019-03-05,0.35782837867736816,0.35782837867736816,0.0,0.0,True
2019-03-06,0.5122538208961487,0.5122538208961487,0.0,0.0,True
2019-03-07,0.37517833709716797,0.37517833709716797,1.0,0.0,True
2019-03-08,0.32993414998054504,0.32993414998054504,1.0,0.0,True
2019-03-11,0.3613935708999634,0.3613935708999634,1.0,0.0,True
2019-03-12,0.4340071380138397,0.4340071380138397,0.0,0.0,True
2019-03-13,0.3791753351688385,0.3791753351688385,1.0,0.0,True
2019-03-14,0.35179534554481506,0.35179534554481506,0.0,0.0,True
2019-03-15,0.3694237172603607,0.3694237172603607,0.0,0.0,True
2019-03-18,0.33017924427986145,0.33017924427986145,0.0,0.0,True
2019-03-19,0.3559831976890564,0.3559831976890564,0.0,0.0,True
2019-03-20,0.400363564491272,0.400363564491272,0.0,0.0,True
2019-03-21,0.39840996265411377,0.39840996265411377,0.0,0.0,True
2019-03-22,0.4826541244983673,0.4826541244983673,0.0,0.0,True
2019-03-25,0.4452093541622162,0.4452093541622162,1.0,0.0,True
2019-03-26,0.3719019293785095,0.3719019293785095,0.0,0.0,True
2019-03-27,0.393309086561203,0.393309086561203,0.0,0.0,True
2019-03-28,0.5903920531272888,0.5903920531272888,0.0,1.0,True
2019-03-29,0.6006760001182556,0.6006760001182556,0.0,1.0,True
2019-04-01,0.5608569979667664,0.5608569979667664,0.0,1.0,True
2019-04-02,0.5930882096290588,0.5930882096290588,0.0,1.0,True
2019-04-03,0.6090096831321716,0.6090096831321716,0.0,1.0,True
2019-04-04,0.3818662166595459,0.3818662166595459,1.0,0.0,True
2019-04-05,0.3725813627243042,0.3725813627243042,1.0,0.0,True
2019-04-08,0.4930022060871124,0.4930022060871124,1.0,0.0,True
2019-04-09,0.3880865275859833,0.3880865275859833,1.0,0.0,True
2019-04-10,0.46103644371032715,0.46103644371032715,1.0,0.0,True
2019-04-11,0.3932739198207855,0.3932739198207855,1.0,0.0,True
2019-04-12,0.49500036239624023,0.49500036239624023,1.0,0.0,True
2019-04-15,0.6198267936706543,0.6198267936706543,1.0,0.7593247155821351,True
2019-04-16,0.6012127995491028,0.6012127995491028,1.0,0.7593247155821351,True
2019-04-17,0.6193965077400208,0.6193965077400208,1.0,0.7593247155821351,True
2019-04-18,0.4099864065647125,0.4099864065647125,1.0,0.0,True
2019-04-19,0.402932345867157,0.402932345867157,1.0,0.0,True
2019-04-22,0.5375476479530334,0.5375476479530334,1.0,0.0,True
2019-04-23,0.32754281163215637,0.32754281163215637,1.0,0.0,True
2019-04-24,0.42958760261535645,0.42958760261535645,1.0,0.0,True
2019-04-25,0.5882210731506348,0.5882210731506348,1.0,0.72587052440607,True
2019-04-26,0.7573768496513367,0.7573768496513367,1.0,0.72587052440607,True
2019-04-29,0.7597620487213135,0.7597620487213135,1.0,0.72587052440607,True
2019-04-30,0.8219304084777832,0.8219304084777832,1.0,0.72587052440607,True
2019-05-01,0.6513201594352722,0.6513201594352722,1.0,0.72587052440607,True
2019-05-02,0.29036271572113037,0.29036271572113037,1.0,0.0,True
2019-05-03,0.4197881817817688,0.4197881817817688,1.0,0.0,True
2019-05-06,0.501640796661377,0.501640796661377,1.0,0.0,True
2019-05-07,0.4111298620700836,0.4111298620700836,1.0,0.0,True
2019-05-08,0.5470653772354126,0.5470653772354126,1.0,0.6634161896495412,True
2019-05-09,0.48349878191947937,0.48349878191947937,1.0,0.0,True
2019-05-10,0.5670303106307983,0.5670303106307983,1.0,0.6709434481523152,True
2019-05-13,0.6201826333999634,0.6201826333999634,1.0,0.6709434481523152,True
2019-05-14,0.5544636249542236,0.5544636249542236,1.0,0.6709434481523152,True
2019-05-15,0.594044029712677,0.594044029712677,1.0,0.6709434481523152,True
2019-05-16,0.5560960173606873,0.5560960173606873,1.0,0.6709434481523152,True
2019-05-17,0.5545963644981384,0.5545963644981384,1.0,0.6709434481523152,True
2019-05-20,0.5306041240692139,0.5306041240692139,1.0,0.0,True
2019-05-21,0.3334546685218811,0.3334546685218811,1.0,0.0,True
2019-05-22,0.8644396662712097,0.8644396662712097,2.0,0.4789217560161276,True
2019-05-23,0.8667811155319214,0.8667811155319214,2.0,0.4789217560161276,True
2019-05-24,0.6920848488807678,0.6920848488807678,2.0,0.4789217560161276,True
2019-05-27,0.7415974736213684,0.7415974736213684,2.0,0.4789217560161276,True
2019-05-28,0.776257336139679,0.776257336139679,2.0,0.4789217560161276,True
2019-05-29,0.773813784122467,0.773813784122467,2.0,0.4789217560161276,True
2019-05-30,0.680863082408905,0.680863082408905,2.0,0.4789217560161276,True
2019-05-31,0.7801656126976013,0.7801656126976013,2.0,0.4789217560161276,True
2019-06-03,0.7941970825195312,0.7941970825195312,2.0,0.4789217560161276,True
2019-06-04,0.7991915941238403,0.7991915941238403,2.0,0.4789217560161276,True
2019-06-05,0.8757939338684082,0.8757939338684082,2.0,0.4789217560161276,True
2019-06-06,0.7646570801734924,0.7646570801734924,2.0,0.4789217560161276,True
2019-06-07,0.8301831483840942,0.8301831483840942,2.0,0.4789217560161276,True
2019-06-10,0.7585497498512268,0.7585497498512268,2.0,0.4789217560161276,True
2019-06-11,0.6045884490013123,0.6045884490013123,2.0,0.4789217560161276,True
2019-06-12,0.7541021108627319,0.7541021108627319,2.0,0.4789217560161276,True
2019-06-13,0.6318459510803223,0.6318459510803223,2.0,0.4789217560161276,True
2019-06-14,0.610801637172699,0.610801637172699,2.0,0.4789217560161276,True
2019-06-17,0.47218289971351624,0.47218289971351624,2.0,0.0,True
2019-06-18,0.4225180447101593,0.4225180447101593,2.0,0.0,True
2019-06-19,0.4900612533092499,0.4900612533092499,1.0,0.0,True
2019-06-20,0.3484671115875244,0.3484671115875244,1.0,0.0,True
2019-06-21,0.5892869234085083,0.5892869234085083,1.0,0.6798319912231177,True
2019-06-24,0.4124685227870941,0.4124685227870941,1.0,0.0,True
2019-06-25,0.5380164980888367,0.5380164980888367,1.0,0.0,True
2019-06-26,0.5895720720291138,0.5895720720291138,1.0,0.6586747107264873,True
2019-06-27,0.6156594753265381,0.6156594753265381,1.0,0.6586747107264873,True
2019-06-28,0.5581064820289612,0.5581064820289612,1.0,0.6586747107264873,True
2019-07-01,0.5023093223571777,0.5023093223571777,1.0,0.0,True
2019-07-02,0.507377564907074,0.507377564907074,1.0,0.0,True
2019-07-03,0.5529520511627197,0.5529520511627197,1.0,0.875391794601291,True
2019-07-04,0.44480180740356445,0.44480180740356445,1.0,0.0,True
2019-07-05,0.557853102684021,0.557853102684021,1.0,0.879501646067949,True
2019-07-08,0.5461240410804749,0.5461240410804749,1.0,0.879501646067949,True
2019-07-09,0.4897094964981079,0.4897094964981079,0.0,0.0,True
2019-07-10,0.3756852149963379,0.3756852149963379,0.0,0.0,True
2019-07-11,0.536686897277832,0.536686897277832,0.0,0.0,True
2019-07-12,0.5665052533149719,0.5665052533149719,1.0,0.9372198851005036,True
2019-07-15,0.6336185336112976,0.6336185336112976,1.0,0.9372198851005036,True
2019-07-16,0.584877610206604,0.584877610206604,1.0,0.9372198851005036,True
2019-07-17,0.42905277013778687,0.42905277013778687,1.0,0.0,True
2019-07-18,0.441350519657135,0.441350519657135,0.0,0.0,True
2019-07-19,0.6075353026390076,0.6075353026390076,0.0,1.0,True
2019-07-22,0.5872913002967834,0.5872913002967834,0.0,1.0,True
2019-07-23,0.5641986131668091,0.5641986131668091,0.0,1.0,True
2019-07-24,0.4056984782218933,0.4056984782218933,0.0,0.0,True
2019-07-25,0.42015179991722107,0.42015179991722107,0.0,0.0,True
2019-07-26,0.5529707074165344,0.5529707074165344,0.0,1.0,True
2019-07-29,0.5235918760299683,0.5235918760299683,0.0,0.0,True
2019-07-30,0.562260091304779,0.562260091304779,0.0,1.0,True
2019-07-31,0.6761476397514343,0.6761476397514343,0.0,1.0,True
2019-08-01,0.5823167562484741,0.5823167562484741,1.0,1.0,True
2019-08-02,0.5157378315925598,0.5157378315925598,1.0,0.0,True
2019-08-05,0.5576303005218506,0.5576303005218506,0.0,1.0,True
2019-08-06,0.4884118437767029,0.4884118437767029,0.0,0.0,True
2019-08-07,0.5866138935089111,0.5866138935089111,0.0,1.0,True
2019-08-08,0.5349149107933044,0.5349149107933044,0.0,0.0,True
2019-08-09,0.5399429798126221,0.5399429798126221,0.0,0.0,True
2019-08-12,0.5505850911140442,0.5505850911140442,0.0,1.0,True
2019-08-13,0.44742754101753235,0.44742754101753235,0.0,0.0,True
2019-08-14,0.38373392820358276,0.38373392820358276,0.0,0.0,True
2019-08-15,0.42674514651298523,0.42674514651298523,0.0,0.0,True
2019-08-16,0.36754193902015686,0.36754193902015686,0.0,0.0,True
2019-08-19,0.40034976601600647,0.40034976601600647,0.0,0.0,True
2019-08-20,0.26953935623168945,0.26953935623168945,0.0,0.0,True
2019-08-21,0.38242775201797485,0.38242775201797485,0.0,0.0,True
2019-08-22,0.5212611556053162,0.5212611556053162,0.0,0.0,True
2019-08-23,0.42435985803604126,0.42435985803604126,0.0,0.0,True
2019-08-26,0.5375142097473145,0.5375142097473145,0.0,0.0,True
2019-08-27,0.4791489243507385,0.4791489243507385,0.0,0.0,True
2019-08-28,0.5221912860870361,0.5221912860870361,0.0,0.0,True
2019-08-29,0.5650826692581177,0.5650826692581177,0.0,1.0,True
2019-08-30,0.3254045844078064,0.3254045844078064,0.0,0.0,True
2019-09-02,0.3776980936527252,0.3776980936527252,0.0,0.0,True
2019-09-03,0.30628618597984314,0.30628618597984314,0.0,0.0,True
2019-09-04,0.3757480978965759,0.3757480978965759,0.0,0.0,True
2019-09-05,0.42896369099617004,0.42896369099617004,0.0,0.0,True
2019-09-06,0.3858216106891632,0.3858216106891632,0.0,0.0,True
2019-09-09,0.42999669909477234,0.42999669909477234,0.0,0.0,True
2019-09-10,0.45891106128692627,0.45891106128692627,0.0,0.0,True
2019-09-11,0.5554710030555725,0.5554710030555725,0.0,1.0,True
2019-09-12,0.5057371854782104,0.5057371854782104,0.0,0.0,True
2019-09-13,0.42469727993011475,0.42469727993011475,0.0,0.0,True
2019-09-16,0.5260911583900452,0.5260911583900452,0.0,0.0,True
2019-09-17,0.505997359752655,0.505997359752655,0.0,0.0,True
2019-09-18,0.5337406396865845,0.5337406396865845,0.0,0.0,True
2019-09-19,0.4128076732158661,0.4128076732158661,0.0,0.0,True
2019-09-20,0.5020148754119873,0.5020148754119873,0.0,0.0,True
2019-09-23,0.5522288680076599,0.5522288680076599,0.0,1.0,True
2019-09-24,0.55967116355896,0.55967116355896,0.0,1.0,True
2019-09-25,0.5865525603294373,0.5865525603294373,0.0,1.0,True
2019-09-26,0.5386722683906555,0.5386722683906555,0.0,0.0,True
2019-09-27,0.5041120648384094,0.5041120648384094,0.0,0.0,True
2019-09-30,0.554369330406189,0.554369330406189,0.0,1.0,True
2019-10-01,0.46741560101509094,0.46741560101509094,0.0,0.0,True
2019-10-02,0.5037310719490051,0.5037310719490051,0.0,0.0,True
2019-10-03,0.4854716360569,0.4854716360569,0.0,0.0,True
2019-10-04,0.44460710883140564,0.44460710883140564,0.0,0.0,True
2019-10-07,0.42277052998542786,0.42277052998542786,0.0,0.0,True
2019-10-08,0.46633440256118774,0.46633440256118774,0.0,0.0,True
2019-10-09,0.4354684054851532,0.4354684054851532,0.0,0.0,True
2019-10-10,0.4083515703678131,0.4083515703678131,0.0,0.0,True
2019-10-11,0.2963646948337555,0.2963646948337555,0.0,0.0,True
2019-10-14,0.39533501863479614,0.39533501863479614,0.0,0.0,True
2019-10-15,0.3647860884666443,0.3647860884666443,0.0,0.0,True
2019-10-16,0.310172975063324,0.310172975063324,0.0,0.0,True
2019-10-17,0.39091816544532776,0.39091816544532776,0.0,0.0,True
2019-10-18,0.37729960680007935,0.37729960680007935,0.0,0.0,True
2019-10-21,0.5205339789390564,0.5205339789390564,0.0,0.0,True
2019-10-22,0.5383762121200562,0.5383762121200562,0.0,0.0,True
2019-10-23,0.385038286447525,0.385038286447525,0.0,0.0,True
2019-10-24,0.5234360694885254,0.5234360694885254,0.0,0.0,True
2019-10-25,0.55913907289505,0.55913907289505,0.0,1.0,True
2019-10-28,0.5126895308494568,0.5126895308494568,0.0,0.0,True
2019-10-29,0.4819105863571167,0.4819105863571167,0.0,0.0,True
2019-10-30,0.5646140575408936,0.5646140575408936,0.0,0.9917779315811931,True
2019-10-31,0.4954846203327179,0.4954846203327179,0.0,0.0,True
2019-11-01,0.5110020637512207,0.5110020637512207,0.0,0.0,True
2019-11-04,0.5136406421661377,0.5136406421661377,0.0,0.0,True
2019-11-05,0.5298725962638855,0.5298725962638855,0.0,0.0,True
2019-11-06,0.5708224177360535,0.5708224177360535,0.0,0.9549894853911163,True
2019-11-07,0.56160569190979,0.56160569190979,0.0,0.9549894853911163,True
2019-11-08,0.42065712809562683,0.42065712809562683,0.0,0.0,True
2019-11-11,0.2543790936470032,0.2543790936470032,0.0,0.0,True
2019-11-12,0.5625855326652527,0.5625855326652527,0.0,1.0,True
2019-11-13,0.5768553018569946,0.5768553018569946,0.0,1.0,True
2019-11-14,0.6369604468345642,0.6369604468345642,0.0,1.0,True
2019-11-15,0.6376103758811951,0.6376103758811951,0.0,1.0,True
2019-11-18,0.5560654997825623,0.5560654997825623,0.0,1.0,True
2019-11-19,0.516876220703125,0.516876220703125,0.0,0.0,True
2019-11-20,0.6168845891952515,0.6168845891952515,0.0,1.0,True
2019-11-21,0.5802097320556641,0.5802097320556641,0.0,1.0,True
2019-11-22,0.49516060948371887,0.49516060948371887,0.0,0.0,True
2019-11-25,0.6257930397987366,0.6257930397987366,0.0,0.9678583399679981,True
2019-11-26,0.5344512462615967,0.5344512462615967,0.0,0.0,True
2019-11-27,0.6361922025680542,0.6361922025680542,0.0,1.0,True
2019-11-28,0.6499940156936646,0.6499940156936646,0.0,1.0,True
2019-11-29,0.6064364314079285,0.6064364314079285,0.0,1.0,True
2019-12-02,0.49974098801612854,0.49974098801612854,0.0,0.0,True
2019-12-03,0.4734256863594055,0.4734256863594055,0.0,0.0,True
2019-12-04,0.38798364996910095,0.38798364996910095,0.0,0.0,True
2019-12-05,0.4223017990589142,0.4223017990589142,0.0,0.0,True
2019-12-06,0.5245871543884277,0.5245871543884277,0.0,0.0,True
2019-12-09,0.6234692335128784,0.6234692335128784,0.0,1.0,True
2019-12-10,0.611372172832489,0.611372172832489,0.0,1.0,True
2019-12-11,0.5417184829711914,0.5417184829711914,0.0,1.0,True
2019-12-12,0.5399075746536255,0.5399075746536255,0.0,0.0,True
2019-12-13,0.5122354626655579,0.5122354626655579,0.0,0.0,True
2019-12-16,0.5343285202980042,0.5343285202980042,0.0,0.0,True
2019-12-17,0.48747435212135315,0.48747435212135315,0.0,0.0,True
2019-12-18,0.21403768658638,0.21403768658638,0.0,0.0,True
2019-12-19,0.3244878947734833,0.3244878947734833,0.0,0.0,True
2019-12-20,0.3784883916378021,0.3784883916378021,0.0,0.0,True
2019-12-23,0.46473556756973267,0.46473556756973267,0.0,0.0,True
2019-12-24,0.47809046506881714,0.47809046506881714,0.0,0.0,True
2019-12-25,0.4510760009288788,0.4510760009288788,0.0,0.0,True
2019-12-26,0.5910811424255371,0.5910811424255371,0.0,1.0,True
2019-12-27,0.569415271282196,0.569415271282196,0.0,1.0,True
2019-12-30,0.6207576990127563,0.6207576990127563,0.0,1.0,True
2019-12-31,0.523791491985321,0.523791491985321,0.0,0.0,True
2020-01-01,0.4987305998802185,0.4987305998802185,0.0,0.0,True
2020-01-02,0.47988957166671753,0.47988957166671753,0.0,0.0,True
2020-01-03,0.3125344514846802,0.3125344514846802,0.0,0.0,True
2020-01-06,0.2839992344379425,0.2839992344379425,0.0,0.0,True
2020-01-07,0.4622146487236023,0.4622146487236023,0.0,0.0,True
2020-01-08,0.46773478388786316,0.46773478388786316,0.0,0.0,True
2020-01-09,0.41960611939430237,0.41960611939430237,0.0,0.0,True
2020-01-10,0.37977367639541626,0.37977367639541626,0.0,0.0,True
2020-01-13,0.45486530661582947,0.45486530661582947,0.0,0.0,True
2020-01-14,0.471588134765625,0.471588134765625,0.0,0.0,True
2020-01-15,0.3389945328235626,0.3389945328235626,0.0,0.0,True
2020-01-16,0.39793968200683594,0.39793968200683594,0.0,0.0,True
2020-01-17,0.573736310005188,0.573736310005188,0.0,1.0,True
2020-01-20,0.33996468782424927,0.33996468782424927,0.0,0.0,True
2020-01-21,0.4230731427669525,0.4230731427669525,0.0,0.0,True
2020-01-22,0.36227065324783325,0.36227065324783325,0.0,0.0,True
2020-01-23,0.38996368646621704,0.38996368646621704,0.0,0.0,True
2020-01-24,0.39873582124710083,0.39873582124710083,0.0,0.0,True
2020-01-27,0.3294326066970825,0.3294326066970825,0.0,0.0,True
2020-01-28,0.5216265916824341,0.5216265916824341,0.0,0.0,True
2020-01-29,0.4487636089324951,0.4487636089324951,0.0,0.0,True
2020-01-30,0.4787924289703369,0.4787924289703369,0.0,0.0,True
2020-01-31,0.5823115110397339,0.5823115110397339,0.0,1.0,True
2020-02-03,0.50612872838974,0.50612872838974,0.0,0.0,True
2020-02-04,0.6159845590591431,0.6159845590591431,0.0,1.0,True
2020-02-05,0.7165154814720154,0.7165154814720154,0.0,1.0,True
2020-02-06,0.6572006940841675,0.6572006940841675,0.0,1.0,True
2020-02-07,0.6778896450996399,0.6778896450996399,0.0,1.0,True
2020-02-10,0.5158182382583618,0.5158182382583618,0.0,0.0,True
2020-02-11,0.5252233147621155,0.5252233147621155,0.0,0.0,True
2020-02-12,0.5377054810523987,0.5377054810523987,0.0,0.0,True
2020-02-13,0.6121172904968262,0.6121172904968262,0.0,1.0,True
2020-02-14,0.592086672782898,0.592086672782898,0.0,1.0,True
2020-02-17,0.5866121649742126,0.5866121649742126,0.0,1.0,True
2020-02-18,0.5193629264831543,0.5193629264831543,0.0,0.0,True
2020-02-19,0.5677081942558289,0.5677081942558289,0.0,1.0,True
2020-02-20,0.6407417058944702,0.6407417058944702,0.0,1.0,True
2020-02-21,0.5133634209632874,0.5133634209632874,0.0,0.0,True
2020-02-24,0.5721785426139832,0.5721785426139832,0.0,1.0,True
2020-02-25,0.5376661419868469,0.5376661419868469,0.0,0.0,True
2020-02-26,0.517206072807312,0.517206072807312,0.0,0.0,True
2020-02-27,0.5638826489448547,0.5638826489448547,0.0,1.0,True
2020-02-28,0.5631279945373535,0.5631279945373535,0.0,1.0,True
2020-03-02,0.5568711757659912,0.5568711757659912,0.0,1.0,True
2020-03-03,0.6776838302612305,0.6776838302612305,0.0,1.0,True
2020-03-04,0.5414485335350037,0.5414485335350037,0.0,1.0,True
2020-03-05,0.44945016503334045,0.44945016503334045,0.0,0.0,True
2020-03-06,0.5598320364952087,0.5598320364952087,0.0,1.0,True
2020-03-09,0.5127447843551636,0.5127447843551636,0.0,0.0,True
2020-03-10,0.5859351754188538,0.5859351754188538,0.0,1.0,True
2020-03-11,0.5493514537811279,0.5493514537811279,0.0,1.0,True
2020-03-12,0.4225551187992096,0.4225551187992096,0.0,0.0,True
2020-03-13,0.5438953042030334,0.5438953042030334,0.0,1.0,True
2020-03-16,0.5118690729141235,0.5118690729141235,0.0,0.0,True
2020-03-17,0.4112553000450134,0.4112553000450134,0.0,0.0,True
2020-03-18,0.6186864376068115,0.6186864376068115,0.0,1.0,True
2020-03-19,0.5940784215927124,0.5940784215927124,1.0,1.0,True
2020-03-20,0.6760387420654297,0.6760387420654297,1.0,1.0,True
2020-03-23,0.7212130427360535,0.7212130427360535,0.0,1.0,True
2020-03-24,0.5857404470443726,0.5857404470443726,1.0,1.0,True
2020-03-25,0.5665243268013,0.5665243268013,1.0,1.0,True
2020-03-26,0.6939813494682312,0.6939813494682312,1.0,1.0,True
2020-03-27,0.5189105272293091,0.5189105272293091,0.0,0.0,True
2020-03-30,0.5675808787345886,0.5675808787345886,1.0,0.8738101039229854,True
2020-03-31,0.5579733848571777,0.5579733848571777,1.0,0.8738101039229854,True
2020-04-01,0.45610687136650085,0.45610687136650085,0.0,0.0,True
2020-04-02,0.5050188302993774,0.5050188302993774,1.0,0.0,True
2020-04-03,0.5344467759132385,0.5344467759132385,0.0,0.0,True
2020-04-06,0.5447958707809448,0.5447958707809448,0.0,0.9514869798684479,True
2020-04-07,0.6184805035591125,0.6184805035591125,0.0,0.9514869798684479,True
2020-04-08,0.6221292614936829,0.6221292614936829,0.0,0.9514869798684479,True
2020-04-09,0.6225256323814392,0.6225256323814392,0.0,0.9514869798684479,True
2020-04-10,0.6815124154090881,0.6815124154090881,1.0,0.9514869798684479,True
2020-04-13,0.5766110420227051,0.5766110420227051,1.0,0.9514869798684479,True
2020-04-14,0.6457884907722473,0.6457884907722473,0.0,0.9514869798684479,True
2020-04-15,0.6225818395614624,0.6225818395614624,0.0,0.9514869798684479,True
2020-04-16,0.5680630803108215,0.5680630803108215,0.0,0.9514869798684479,True
2020-04-17,0.5296666026115417,0.5296666026115417,1.0,0.0,True
2020-04-20,0.5762931108474731,0.5762931108474731,1.0,1.0,True
2020-04-21,0.6184768080711365,0.6184768080711365,1.0,1.0,True
2020-04-22,0.46271446347236633,0.46271446347236633,1.0,0.0,True
2020-04-23,0.5773520469665527,0.5773520469665527,1.0,1.0,True
2020-04-24,0.48562395572662354,0.48562395572662354,1.0,0.0,True
2020-04-27,0.45696520805358887,0.45696520805358887,1.0,0.0,True
2020-04-28,0.3920803368091583,0.3920803368091583,1.0,0.0,True
2020-04-29,0.40780314803123474,0.40780314803123474,1.0,0.0,True
2020-04-30,0.28160589933395386,0.28160589933395386,1.0,0.0,True
2020-05-01,0.28363192081451416,0.28363192081451416,1.0,0.0,True
2020-05-04,0.5012972950935364,0.5012972950935364,1.0,0.0,True
2020-05-05,0.4941738545894623,0.4941738545894623,1.0,0.0,True
2020-05-06,0.515704333782196,0.515704333782196,1.0,0.0,True
2020-05-07,0.45532622933387756,0.45532622933387756,1.0,0.0,True
2020-05-08,0.3397662937641144,0.3397662937641144,1.0,0.0,True
2020-05-11,0.5113993883132935,0.5113993883132935,1.0,0.0,True
2020-05-12,0.3648368716239929,0.3648368716239929,1.0,0.0,True
2020-05-13,0.4611256718635559,0.4611256718635559,1.0,0.0,True
2020-05-14,0.4709046185016632,0.4709046185016632,1.0,0.0,True
2020-05-15,0.4989151656627655,0.4989151656627655,1.0,0.0,True
2020-05-18,0.4251420497894287,0.4251420497894287,1.0,0.0,True
2020-05-19,0.41995155811309814,0.41995155811309814,1.0,0.0,True
2020-05-20,0.5164318084716797,0.5164318084716797,1.0,0.0,True
2020-05-21,0.4930855333805084,0.4930855333805084,1.0,0.0,True
2020-05-22,0.5523334741592407,0.5523334741592407,1.0,0.8109846773792617,True
2020-05-25,0.4325040578842163,0.4325040578842163,1.0,0.0,True
2020-05-26,0.49426114559173584,0.49426114559173584,1.0,0.0,True
2020-05-27,0.4146026074886322,0.4146026074886322,1.0,0.0,True
2020-05-28,0.5070555210113525,0.5070555210113525,1.0,0.0,True
2020-05-29,0.4363445043563843,0.4363445043563843,1.0,0.0,True
2020-06-01,0.5362564921379089,0.5362564921379089,1.0,0.0,True
2020-06-02,0.46606308221817017,0.46606308221817017,1.0,0.0,True
2020-06-03,0.4854719638824463,0.4854719638824463,1.0,0.0,True
2020-06-04,0.3599715232849121,0.3599715232849121,1.0,0.0,True
2020-06-05,0.5080941319465637,0.5080941319465637,0.0,0.0,True
2020-06-08,0.4407370388507843,0.4407370388507843,0.0,0.0,True
2020-06-09,0.4359871745109558,0.4359871745109558,0.0,0.0,True
2020-06-10,0.38941842317581177,0.38941842317581177,0.0,0.0,True
2020-06-11,0.47892865538597107,0.47892865538597107,0.0,0.0,True
2020-06-12,0.5347328186035156,0.5347328186035156,0.0,0.0,True
2020-06-15,0.45317238569259644,0.45317238569259644,0.0,0.0,True
2020-06-16,0.34365159273147583,0.34365159273147583,0.0,0.0,True
2020-06-17,0.4561428725719452,0.4561428725719452,0.0,0.0,True
2020-06-18,0.4952026307582855,0.4952026307582855,0.0,0.0,True
2020-06-19,0.44953083992004395,0.44953083992004395,0.0,0.0,True
2020-06-22,0.43693479895591736,0.43693479895591736,0.0,0.0,True
2020-06-23,0.4952670931816101,0.4952670931816101,0.0,0.0,True
2020-06-24,0.36926525831222534,0.36926525831222534,0.0,0.0,True
2020-06-25,0.48848503828048706,0.48848503828048706,0.0,0.0,True
2020-06-26,0.5131750702857971,0.5131750702857971,0.0,0.0,True
2020-06-29,0.5493608713150024,0.5493608713150024,0.0,1.0,True
2020-06-30,0.5882584452629089,0.5882584452629089,0.0,1.0,True
2020-07-01,0.6429283022880554,0.6429283022880554,0.0,1.0,True
2020-07-02,0.5937054753303528,0.5937054753303528,0.0,1.0,True
2020-07-03,0.6013453602790833,0.6013453602790833,0.0,1.0,True
2020-07-06,0.6100316047668457,0.6100316047668457,0.0,1.0,True
2020-07-07,0.525361180305481,0.525361180305481,0.0,0.0,True
2020-07-08,0.5826104879379272,0.5826104879379272,0.0,1.0,True
2020-07-09,0.528019905090332,0.528019905090332,0.0,0.0,True
2020-07-10,0.4229050278663635,0.4229050278663635,0.0,0.0,True
2020-07-13,0.43655118346214294,0.43655118346214294,0.0,0.0,True
2020-07-14,0.4670040011405945,0.4670040011405945,0.0,0.0,True
2020-07-15,0.610640823841095,0.610640823841095,0.0,1.0,True
2020-07-16,0.48784947395324707,0.48784947395324707,0.0,0.0,True
2020-07-17,0.38954439759254456,0.38954439759254456,0.0,0.0,True
2020-07-20,0.37507638335227966,0.37507638335227966,0.0,0.0,True
2020-07-21,0.40665310621261597,0.40665310621261597,0.0,0.0,True
2020-07-22,0.5107854604721069,0.5107854604721069,0.0,0.0,True
2020-07-23,0.3049381673336029,0.3049381673336029,0.0,0.0,True
2020-07-24,0.38512635231018066,0.38512635231018066,0.0,0.0,True
2020-07-27,0.5558878779411316,0.5558878779411316,0.0,1.0,True
2020-07-28,0.5798604488372803,0.5798604488372803,0.0,1.0,True
2020-07-29,0.4621438980102539,0.4621438980102539,0.0,0.0,True
2020-07-30,0.43810978531837463,0.43810978531837463,0.0,0.0,True
2020-07-31,0.5234063267707825,0.5234063267707825,0.0,0.0,True
2020-08-03,0.5364493727684021,0.5364493727684021,0.0,0.0,True
2020-08-04,0.6068177223205566,0.6068177223205566,0.0,1.0,True
2020-08-05,0.6023716330528259,0.6023716330528259,0.0,1.0,True
2020-08-06,0.6501480937004089,0.6501480937004089,0.0,1.0,True
2020-08-07,0.5785136818885803,0.5785136818885803,0.0,1.0,True
2020-08-10,0.6153944730758667,0.6153944730758667,0.0,1.0,True
2020-08-11,0.5540731549263,0.5540731549263,0.0,1.0,True
2020-08-12,0.45316508412361145,0.45316508412361145,0.0,0.0,True
2020-08-13,0.5182793736457825,0.5182793736457825,0.0,0.0,True
2020-08-14,0.5606479644775391,0.5606479644775391,0.0,1.0,True
2020-08-17,0.5072239637374878,0.5072239637374878,0.0,0.0,True
2020-08-18,0.4988483488559723,0.4988483488559723,0.0,0.0,True
2020-08-19,0.5470991730690002,0.5470991730690002,0.0,1.0,True
2020-08-20,0.5427914261817932,0.5427914261817932,0.0,1.0,True
2020-08-21,0.5677921772003174,0.5677921772003174,0.0,1.0,True
2020-08-24,0.5384764671325684,0.5384764671325684,0.0,0.0,True
2020-08-25,0.47534483671188354,0.47534483671188354,0.0,0.0,True
2020-08-26,0.36289846897125244,0.36289846897125244,0.0,0.0,True
2020-08-27,0.5129677057266235,0.5129677057266235,0.0,0.0,True
2020-08-28,0.47315314412117004,0.47315314412117004,0.0,0.0,True
2020-08-31,0.4363918602466583,0.4363918602466583,0.0,0.0,True
2020-09-01,0.4461060166358948,0.4461060166358948,0.0,0.0,True
2020-09-02,0.48048660159111023,0.48048660159111023,0.0,0.0,True
2020-09-03,0.615750253200531,0.615750253200531,0.0,1.0,True
2020-09-04,0.519279420375824,0.519279420375824,0.0,0.0,True
2020-09-07,0.5213671922683716,0.5213671922683716,0.0,0.0,True
2020-09-08,0.535822331905365,0.535822331905365,0.0,0.0,True
2020-09-09,0.5433993339538574,0.5433993339538574,0.0,1.0,True
2020-09-10,0.632445216178894,0.632445216178894,0.0,1.0,True
2020-09-11,0.6829543709754944,0.6829543709754944,0.0,1.0,True
2020-09-14,0.45881637930870056,0.45881637930870056,0.0,0.0,True
2020-09-15,0.5354683995246887,0.5354683995246887,0.0,0.0,True
2020-09-16,0.43125492334365845,0.43125492334365845,1.0,0.0,True
2020-09-17,0.5410374999046326,0.5410374999046326,1.0,0.852828486502651,True
2020-09-18,0.5266898274421692,0.5266898274421692,1.0,0.0,True
2020-09-21,0.5383807420730591,0.5383807420730591,1.0,0.0,True
2020-09-22,0.5697428584098816,0.5697428584098816,1.0,0.856334822923356,True
2020-09-23,0.6399956941604614,0.6399956941604614,0.0,1.0,True
2020-09-24,0.6683749556541443,0.6683749556541443,0.0,1.0,True
2020-09-25,0.6543266773223877,0.6543266773223877,0.0,1.0,True
2020-09-28,0.5594654679298401,0.5594654679298401,0.0,1.0,True
2020-09-29,0.6490249633789062,0.6490249633789062,0.0,1.0,True
2020-09-30,0.6732824444770813,0.6732824444770813,0.0,1.0,True
2020-10-01,0.6782127022743225,0.6782127022743225,0.0,1.0,True
2020-10-02,0.5474797487258911,0.5474797487258911,0.0,1.0,True
2020-10-05,0.6298218965530396,0.6298218965530396,0.0,1.0,True
2020-10-06,0.5626120567321777,0.5626120567321777,0.0,1.0,True
2020-10-07,0.5084187984466553,0.5084187984466553,0.0,0.0,True
2020-10-08,0.5776500701904297,0.5776500701904297,0.0,0.9711721186412108,True
2020-10-09,0.5188859701156616,0.5188859701156616,0.0,0.0,True
2020-10-12,0.45387792587280273,0.45387792587280273,0.0,0.0,True
2020-10-13,0.4549795091152191,0.4549795091152191,0.0,0.0,True
2020-10-14,0.45877769589424133,0.45877769589424133,0.0,0.0,True
2020-10-15,0.5193970799446106,0.5193970799446106,0.0,0.0,True
2020-10-16,0.4104679226875305,0.4104679226875305,0.0,0.0,True
2020-10-19,0.3799269199371338,0.3799269199371338,0.0,0.0,True
2020-10-20,0.32326406240463257,0.32326406240463257,0.0,0.0,True
2020-10-21,0.38585302233695984,0.38585302233695984,0.0,0.0,True
2020-10-22,0.5911969542503357,0.5911969542503357,0.0,0.8542963662707797,True
2020-10-23,0.7016509175300598,0.7016509175300598,0.0,0.8542963662707797,True
2020-10-26,0.7666479349136353,0.7666479349136353,0.0,0.8542963662707797,True
2020-10-27,0.8083444237709045,0.8083444237709045,0.0,0.8542963662707797,True
2020-10-28,0.7780328392982483,0.7780328392982483,0.0,0.8542963662707797,True
2020-10-29,0.815717875957489,0.815717875957489,1.0,0.8542963662707797,True
2020-10-30,0.6521081924438477,0.6521081924438477,1.0,0.8542963662707797,True
2020-11-02,0.6722875833511353,0.6722875833511353,1.0,0.7417396270206865,True
2020-11-03,0.5760615468025208,0.5760615468025208,1.0,0.7417396270206865,True
2020-11-04,0.44190648198127747,0.44190648198127747,1.0,0.0,True
2020-11-05,0.5159764289855957,0.5159764289855957,1.0,0.0,True
2020-11-06,0.5370149612426758,0.5370149612426758,1.0,0.0,True
2020-11-09,0.5291045308113098,0.5291045308113098,1.0,0.0,True
2020-11-10,0.48935920000076294,0.48935920000076294,1.0,0.0,True
2020-11-11,0.5260452628135681,0.5260452628135681,1.0,0.0,True
2020-11-12,0.4836655259132385,0.4836655259132385,1.0,0.0,True
2020-11-13,0.4099240303039551,0.4099240303039551,1.0,0.0,True
2020-11-16,0.3278697729110718,0.3278697729110718,1.0,0.0,True
2020-11-17,0.36671772599220276,0.36671772599220276,1.0,0.0,True
2020-11-18,0.36341625452041626,0.36341625452041626,1.0,0.0,True
2020-11-19,0.41342082619667053,0.41342082619667053,1.0,0.0,True
2020-11-20,0.4856571853160858,0.4856571853160858,1.0,0.0,True
2020-11-23,0.4771430492401123,0.4771430492401123,1.0,0.0,True
2020-11-24,0.5162762999534607,0.5162762999534607,1.0,0.0,True
2020-11-25,0.5750011801719666,0.5750011801719666,1.0,0.7473527017306983,True
2020-11-26,0.5805509090423584,0.5805509090423584,1.0,0.7473527017306983,True
2020-11-27,0.18102695047855377,0.18102695047855377,1.0,0.0,True
2020-11-30,0.3284655213356018,0.3284655213356018,1.0,0.0,True
2020-12-01,0.29732900857925415,0.29732900857925415,1.0,0.0,True
2020-12-02,0.41157352924346924,0.41157352924346924,1.0,0.0,True
2020-12-03,0.5016049146652222,0.5016049146652222,1.0,0.0,True
2020-12-04,0.4607014060020447,0.4607014060020447,1.0,0.0,True
2020-12-07,0.5029597878456116,0.5029597878456116,1.0,0.0,True
2020-12-08,0.4892715811729431,0.4892715811729431,1.0,0.0,True
2020-12-09,0.33821001648902893,0.33821001648902893,1.0,0.0,True
2020-12-10,0.41578763723373413,0.41578763723373413,1.0,0.0,True
2020-12-11,0.5576686263084412,0.5576686263084412,1.0,0.8269660707118668,True
2020-12-14,0.41236719489097595,0.41236719489097595,1.0,0.0,True
2020-12-15,0.6771488785743713,0.6771488785743713,1.0,0.8174289268101445,True
2020-12-16,0.7144609093666077,0.7144609093666077,1.0,0.8174289268101445,True
2020-12-17,0.6512065529823303,0.6512065529823303,1.0,0.8174289268101445,True
2020-12-18,0.6483949422836304,0.6483949422836304,1.0,0.8174289268101445,True
2020-12-21,0.6520445346832275,0.6520445346832275,1.0,0.8174289268101445,True
2020-12-22,0.6168198585510254,0.6168198585510254,0.0,0.8174289268101445,True
2020-12-23,0.5434532165527344,0.5434532165527344,0.0,0.8174289268101445,True
2020-12-24,0.5979095101356506,0.5979095101356506,0.0,0.9286496120927078,True
2020-12-25,0.6614078283309937,0.6614078283309937,0.0,0.9286496120927078,True
2020-12-28,0.635375440120697,0.635375440120697,0.0,0.9286496120927078,True
2020-12-29,0.5091564059257507,0.5091564059257507,0.0,0.0,True
2020-12-30,0.5020678639411926,0.5020678639411926,0.0,0.0,True
2020-12-31,0.6011228561401367,0.6011228561401367,0.0,1.0,True
2021-01-01,0.6339226365089417,0.6339226365089417,0.0,1.0,True
2021-01-04,0.547973096370697,0.547973096370697,0.0,1.0,True
2021-01-05,0.6184166073799133,0.6184166073799133,0.0,1.0,True
2021-01-06,0.5911735892295837,0.5911735892295837,0.0,1.0,True
2021-01-07,0.5493447184562683,0.5493447184562683,0.0,1.0,True
2021-01-08,0.6401475667953491,0.6401475667953491,0.0,1.0,True
2021-01-11,0.6326740980148315,0.6326740980148315,0.0,1.0,True
2021-01-12,0.5608307719230652,0.5608307719230652,0.0,1.0,True
2021-01-13,0.5938796997070312,0.5938796997070312,0.0,1.0,True
2021-01-14,0.5898314118385315,0.5898314118385315,0.0,1.0,True
2021-01-15,0.7029344439506531,0.7029344439506531,0.0,1.0,True
2021-01-18,0.6227952837944031,0.6227952837944031,0.0,1.0,True
2021-01-19,0.5166962742805481,0.5166962742805481,0.0,0.0,True
2021-01-20,0.5352092385292053,0.5352092385292053,0.0,0.0,True
2021-01-21,0.6645846366882324,0.6645846366882324,0.0,0.9664399281092284,True
2021-01-22,0.6835309863090515,0.6835309863090515,0.0,0.9664399281092284,True
2021-01-25,0.5881313681602478,0.5881313681602478,0.0,0.9664399281092284,True
2021-01-26,0.5944801568984985,0.5944801568984985,0.0,0.9664399281092284,True
2021-01-27,0.6400777697563171,0.6400777697563171,0.0,0.9664399281092284,True
2021-01-28,0.698973536491394,0.698973536491394,0.0,0.9664399281092284,True
2021-01-29,0.7188373804092407,0.7188373804092407,0.0,0.9664399281092284,True
2021-02-01,0.6303967833518982,0.6303967833518982,0.0,0.9664399281092284,True
2021-02-02,0.5570924878120422,0.5570924878120422,0.0,0.9664399281092284,True
2021-02-03,0.5817656517028809,0.5817656517028809,0.0,0.9664399281092284,True
2021-02-04,0.6228979229927063,0.6228979229927063,0.0,0.9664399281092284,True
2021-02-05,0.5882730484008789,0.5882730484008789,0.0,0.9664399281092284,True
2021-02-08,0.5250234007835388,0.5250234007835388,0.0,0.0,True
2021-02-09,0.5572577714920044,0.5572577714920044,0.0,0.978498425941273,True
2021-02-10,0.5962336659431458,0.5962336659431458,0.0,0.978498425941273,True
2021-02-11,0.6030901074409485,0.6030901074409485,0.0,0.978498425941273,True
2021-02-12,0.4748809039592743,0.4748809039592743,0.0,0.0,True
2021-02-15,0.54628586769104,0.54628586769104,0.0,1.0,True
2021-02-16,0.58745938539505,0.58745938539505,0.0,1.0,True
2021-02-17,0.5331369638442993,0.5331369638442993,0.0,0.0,True
2021-02-18,0.4935998022556305,0.4935998022556305,0.0,0.0,True
2021-02-19,0.6288604140281677,0.6288604140281677,0.0,1.0,True
2021-02-22,0.5744675397872925,0.5744675397872925,0.0,1.0,True
2021-02-23,0.522620677947998,0.522620677947998,0.0,0.0,True
2021-02-24,0.48442134261131287,0.48442134261131287,0.0,0.0,True
2021-02-25,0.48400744795799255,0.48400744795799255,0.0,0.0,True
2021-02-26,0.5782263278961182,0.5782263278961182,0.0,1.0,True
2021-03-01,0.5768648982048035,0.5768648982048035,0.0,1.0,True
2021-03-02,0.5892389416694641,0.5892389416694641,0.0,1.0,True
2021-03-03,0.564152717590332,0.564152717590332,0.0,1.0,True
2021-03-04,0.568151593208313,0.568151593208313,0.0,1.0,True
2021-03-05,0.5427421927452087,0.5427421927452087,0.0,1.0,True
2021-03-08,0.5949705243110657,0.5949705243110657,0.0,1.0,True
2021-03-09,0.5679295659065247,0.5679295659065247,0.0,1.0,True
2021-03-10,0.633422315120697,0.633422315120697,0.0,1.0,True
2021-03-11,0.7257925271987915,0.7257925271987915,0.0,1.0,True
2021-03-12,0.6531533002853394,0.6531533002853394,0.0,1.0,True
2021-03-15,0.6576151251792908,0.6576151251792908,0.0,1.0,True
2021-03-16,0.4402785003185272,0.4402785003185272,0.0,0.0,True
2021-03-17,0.4091733992099762,0.4091733992099762,0.0,0.0,True
2021-03-18,0.41945481300354004,0.41945481300354004,0.0,0.0,True
2021-03-19,0.5010879635810852,0.5010879635810852,0.0,0.0,True
2021-03-22,0.5324722528457642,0.5324722528457642,0.0,0.0,True
2021-03-23,0.4635128974914551,0.4635128974914551,0.0,0.0,True
2021-03-24,0.47046029567718506,0.47046029567718506,0.0,0.0,True
2021-03-25,0.5415526032447815,0.5415526032447815,0.0,1.0,True
2021-03-26,0.6489397287368774,0.6489397287368774,0.0,1.0,True
2021-03-29,0.5375063419342041,0.5375063419342041,0.0,0.0,True
2021-03-30,0.5450484752655029,0.5450484752655029,0.0,1.0,True
2021-03-31,0.520184338092804,0.520184338092804,0.0,0.0,True
2021-04-01,0.5733933448791504,0.5733933448791504,0.0,1.0,True
2021-04-02,0.5788681507110596,0.5788681507110596,0.0,1.0,True
2021-04-05,0.5101171731948853,0.5101171731948853,0.0,0.0,True
2021-04-06,0.5851803421974182,0.5851803421974182,0.0,1.0,True
2021-04-07,0.5955216884613037,0.5955216884613037,0.0,1.0,True
2021-04-08,0.5459994673728943,0.5459994673728943,0.0,1.0,True
2021-04-09,0.5647660493850708,0.5647660493850708,0.0,1.0,True
2021-04-12,0.600064754486084,0.600064754486084,0.0,1.0,True
2021-04-13,0.5808982849121094,0.5808982849121094,0.0,1.0,True
2021-04-14,0.5732292532920837,0.5732292532920837,0.0,1.0,True
2021-04-15,0.5801922082901001,0.5801922082901001,0.0,1.0,True
2021-04-16,0.4989897310733795,0.4989897310733795,0.0,0.0,True
2021-04-19,0.7131444811820984,0.7131444811820984,0.0,1.0,True
2021-04-20,0.6564871072769165,0.6564871072769165,0.0,1.0,True
2021-04-21,0.6875410079956055,0.6875410079956055,0.0,1.0,True
2021-04-22,0.6571807265281677,0.6571807265281677,0.0,1.0,True
2021-04-23,0.7704383134841919,0.7704383134841919,0.0,1.0,True
2021-04-26,0.7426378130912781,0.7426378130912781,0.0,1.0,True
2021-04-27,0.7013158798217773,0.7013158798217773,0.0,1.0,True
2021-04-28,0.5632219314575195,0.5632219314575195,0.0,1.0,True
2021-04-29,0.6897661685943604,0.6897661685943604,0.0,1.0,True
2021-04-30,0.606981635093689,0.606981635093689,0.0,1.0,True
2021-05-03,0.535105288028717,0.535105288028717,0.0,0.0,True
2021-05-04,0.4650386869907379,0.4650386869907379,0.0,0.0,True
2021-05-05,0.4946303367614746,0.4946303367614746,0.0,0.0,True
2021-05-06,0.5336505770683289,0.5336505770683289,0.0,0.0,True
2021-05-07,0.5315377116203308,0.5315377116203308,0.0,0.0,True
2021-05-10,0.47715628147125244,0.47715628147125244,0.0,0.0,True
2021-05-11,0.4870210886001587,0.4870210886001587,0.0,0.0,True
2021-05-12,0.5679606795310974,0.5679606795310974,0.0,1.0,True
2021-05-13,0.448917031288147,0.448917031288147,0.0,0.0,True
2021-05-14,0.549000084400177,0.549000084400177,0.0,1.0,True
2021-05-17,0.5592350959777832,0.5592350959777832,0.0,1.0,True
2021-05-18,0.5435726642608643,0.5435726642608643,0.0,1.0,True
2021-05-19,0.5772362947463989,0.5772362947463989,0.0,1.0,True
2021-05-20,0.38110995292663574,0.38110995292663574,0.0,0.0,True
2021-05-21,0.45182478427886963,0.45182478427886963,0.0,0.0,True
2021-05-24,0.575702965259552,0.575702965259552,0.0,1.0,True
2021-05-25,0.5717218518257141,0.5717218518257141,0.0,1.0,True
2021-05-26,0.48856276273727417,0.48856276273727417,0.0,0.0,True
2021-05-27,0.6099391579627991,0.6099391579627991,0.0,1.0,True
2021-05-28,0.582748293876648,0.582748293876648,0.0,1.0,True
2021-05-31,0.5072379112243652,0.5072379112243652,0.0,0.0,True
2021-06-01,0.3655847907066345,0.3655847907066345,0.0,0.0,True
2021-06-02,0.3653791844844818,0.3653791844844818,0.0,0.0,True
2021-06-03,0.38506680727005005,0.38506680727005005,0.0,0.0,True
2021-06-04,0.42887136340141296,0.42887136340141296,0.0,0.0,True
2021-06-07,0.3783833682537079,0.3783833682537079,0.0,0.0,True
2021-06-08,0.45742976665496826,0.45742976665496826,0.0,0.0,True
2021-06-09,0.5323942303657532,0.5323942303657532,0.0,0.0,True
2021-06-10,0.4966796934604645,0.4966796934604645,0.0,0.0,True
2021-06-11,0.46180492639541626,0.46180492639541626,0.0,0.0,True
2021-06-14,0.5447187423706055,0.5447187423706055,0.0,1.0,True
2021-06-15,0.48274266719818115,0.48274266719818115,0.0,0.0,True
2021-06-16,0.4954884648323059,0.4954884648323059,0.0,0.0,True
2021-06-17,0.41937872767448425,0.41937872767448425,0.0,0.0,True
2021-06-18,0.5112961530685425,0.5112961530685425,0.0,0.0,True
2021-06-21,0.5531648397445679,0.5531648397445679,0.0,1.0,True
2021-06-22,0.4862523674964905,0.4862523674964905,0.0,0.0,True
2021-06-23,0.4632769823074341,0.4632769823074341,0.0,0.0,True
2021-06-24,0.6614137291908264,0.6614137291908264,0.0,1.0,True
2021-06-25,0.5330906510353088,0.5330906510353088,0.0,0.0,True
2021-06-28,0.46338772773742676,0.46338772773742676,0.0,0.0,True
2021-06-29,0.4559800326824188,0.4559800326824188,0.0,0.0,True
2021-06-30,0.3631485402584076,0.3631485402584076,0.0,0.0,True
2021-07-01,0.6396161913871765,0.6396161913871765,0.0,1.0,True
2021-07-02,0.47511738538742065,0.47511738538742065,0.0,0.0,True
2021-07-05,0.5389530658721924,0.5389530658721924,0.0,0.0,True
2021-07-06,0.6194274425506592,0.6194274425506592,0.0,1.0,True
2021-07-07,0.5697827339172363,0.5697827339172363,0.0,1.0,True
2021-07-08,0.5593888759613037,0.5593888759613037,0.0,1.0,True
2021-07-09,0.6295714378356934,0.6295714378356934,0.0,1.0,True
2021-07-12,0.5294161438941956,0.5294161438941956,0.0,0.0,True
2021-07-13,0.6459697484970093,0.6459697484970093,0.0,1.0,True
2021-07-14,0.632001519203186,0.632001519203186,0.0,1.0,True
2021-07-15,0.570561945438385,0.570561945438385,0.0,1.0,True
2021-07-16,0.5065344572067261,0.5065344572067261,0.0,0.0,True
2021-07-19,0.6035801768302917,0.6035801768302917,0.0,1.0,True
2021-07-20,0.6040574908256531,0.6040574908256531,0.0,1.0,True
2021-07-21,0.6103720664978027,0.6103720664978027,0.0,1.0,True
2021-07-22,0.5899278521537781,0.5899278521537781,0.0,1.0,True
2021-07-23,0.6032372713088989,0.6032372713088989,0.0,1.0,True
2021-07-26,0.5532130002975464,0.5532130002975464,0.0,1.0,True
2021-07-27,0.574664831161499,0.574664831161499,0.0,1.0,True
2021-07-28,0.500698447227478,0.500698447227478,0.0,0.0,True
2021-07-29,0.5376164317131042,0.5376164317131042,0.0,0.0,True
2021-07-30,0.4705314338207245,0.4705314338207245,0.0,0.0,True
2021-08-02,0.5869088172912598,0.5869088172912598,0.0,1.0,True
2021-08-03,0.5724434852600098,0.5724434852600098,0.0,1.0,True
2021-08-04,0.5645205974578857,0.5645205974578857,0.0,1.0,True
2021-08-05,0.45804697275161743,0.45804697275161743,0.0,0.0,True
2021-08-06,0.5242424011230469,0.5242424011230469,0.0,0.0,True
2021-08-09,0.5537030100822449,0.5537030100822449,0.0,1.0,True
2021-08-10,0.5588765144348145,0.5588765144348145,0.0,1.0,True
2021-08-11,0.6226553916931152,0.6226553916931152,0.0,1.0,True
2021-08-12,0.5620689392089844,0.5620689392089844,0.0,1.0,True
2021-08-13,0.5702934861183167,0.5702934861183167,0.0,1.0,True
2021-08-16,0.6214484572410583,0.6214484572410583,0.0,1.0,True
2021-08-17,0.5305529832839966,0.5305529832839966,0.0,0.0,True
2021-08-18,0.5808971524238586,0.5808971524238586,0.0,1.0,True
2021-08-19,0.4793146848678589,0.4793146848678589,0.0,0.0,True
2021-08-20,0.5686106085777283,0.5686106085777283,0.0,1.0,True
2021-08-23,0.5876165628433228,0.5876165628433228,0.0,1.0,True
2021-08-24,0.5792691707611084,0.5792691707611084,0.0,1.0,True
2021-08-25,0.5818203091621399,0.5818203091621399,0.0,1.0,True
2021-08-26,0.6429845094680786,0.6429845094680786,0.0,1.0,True
2021-08-27,0.5426105260848999,0.5426105260848999,0.0,1.0,True
2021-08-30,0.6764482259750366,0.6764482259750366,0.0,1.0,True
2021-08-31,0.681830108165741,0.681830108165741,0.0,1.0,True
2021-09-01,0.610373318195343,0.610373318195343,0.0,1.0,True
2021-09-02,0.6059737801551819,0.6059737801551819,0.0,1.0,True
2021-09-03,0.6523097157478333,0.6523097157478333,0.0,1.0,True
2021-09-06,0.5954874753952026,0.5954874753952026,0.0,1.0,True
2021-09-07,0.5114803910255432,0.5114803910255432,0.0,0.0,True
2021-09-08,0.5682743787765503,0.5682743787765503,0.0,1.0,True
2021-09-09,0.5203537940979004,0.5203537940979004,0.0,0.0,True
2021-09-10,0.6010904312133789,0.6010904312133789,0.0,1.0,True
2021-09-13,0.553514838218689,0.553514838218689,0.0,1.0,True
2021-09-14,0.5789571404457092,0.5789571404457092,0.0,1.0,True
2021-09-15,0.6015430688858032,0.6015430688858032,0.0,1.0,True
2021-09-16,0.484005331993103,0.484005331993103,0.0,0.0,True
2021-09-17,0.5563103556632996,0.5563103556632996,0.0,1.0,True
2021-09-20,0.5594581961631775,0.5594581961631775,0.0,1.0,True
2021-09-21,0.4941011965274811,0.4941011965274811,0.0,0.0,True
2021-09-22,0.4688429832458496,0.4688429832458496,0.0,0.0,True
2021-09-23,0.42439785599708557,0.42439785599708557,0.0,0.0,True
2021-09-24,0.37570691108703613,0.37570691108703613,0.0,0.0,True
2021-09-27,0.41912224888801575,0.41912224888801575,0.0,0.0,True
2021-09-28,0.45603758096694946,0.45603758096694946,0.0,0.0,True
2021-09-29,0.5270140171051025,0.5270140171051025,0.0,0.0,True
2021-09-30,0.5096839070320129,0.5096839070320129,0.0,0.0,True
2021-10-01,0.548274040222168,0.548274040222168,0.0,1.0,True
2021-10-04,0.4674414098262787,0.4674414098262787,0.0,0.0,True
2021-10-05,0.5174829959869385,0.5174829959869385,0.0,0.0,True
2021-10-06,0.4494706690311432,0.4494706690311432,0.0,0.0,True
2021-10-07,0.5071561336517334,0.5071561336517334,0.0,0.0,True
2021-10-08,0.542007327079773,0.542007327079773,0.0,1.0,True
2021-10-11,0.4866759777069092,0.4866759777069092,0.0,0.0,True
2021-10-12,0.4714893400669098,0.4714893400669098,0.0,0.0,True
2021-10-13,0.41459596157073975,0.41459596157073975,0.0,0.0,True
2021-10-14,0.4926261305809021,0.4926261305809021,0.0,0.0,True
2021-10-15,0.518663763999939,0.518663763999939,0.0,0.0,True
2021-10-18,0.41366246342658997,0.41366246342658997,0.0,0.0,True
2021-10-19,0.49763989448547363,0.49763989448547363,0.0,0.0,True
2021-10-20,0.4005945324897766,0.4005945324897766,0.0,0.0,True
2021-10-21,0.5142462849617004,0.5142462849617004,0.0,0.0,True
2021-10-22,0.5368620753288269,0.5368620753288269,0.0,0.0,True
2021-10-25,0.4389513432979584,0.4389513432979584,0.0,0.0,True
2021-10-26,0.5212559700012207,0.5212559700012207,0.0,0.0,True
2021-10-27,0.6265696883201599,0.6265696883201599,0.0,1.0,True
2021-10-28,0.6187847852706909,0.6187847852706909,0.0,1.0,True
2021-10-29,0.4996184706687927,0.4996184706687927,0.0,0.0,True
2021-11-01,0.5038837790489197,0.5038837790489197,0.0,0.0,True
2021-11-02,0.6273216605186462,0.6273216605186462,0.0,1.0,True
2021-11-03,0.4049311578273773,0.4049311578273773,0.0,0.0,True
2021-11-04,0.4086064100265503,0.4086064100265503,1.0,0.0,True
2021-11-05,0.5193926692008972,0.5193926692008972,1.0,0.0,True
2021-11-08,0.461625874042511,0.461625874042511,1.0,0.0,True
2021-11-09,0.6382458209991455,0.6382458209991455,1.0,0.8521839171036936,True
2021-11-10,0.5668033361434937,0.5668033361434937,1.0,0.8521839171036936,True
2021-11-11,0.4754672050476074,0.4754672050476074,1.0,0.0,True
2021-11-12,0.47314921021461487,0.47314921021461487,1.0,0.0,True
2021-11-15,0.5025152564048767,0.5025152564048767,1.0,0.0,True
2021-11-16,0.44169506430625916,0.44169506430625916,1.0,0.0,True
2021-11-17,0.48390090465545654,0.48390090465545654,1.0,0.0,True
2021-11-18,0.4216546416282654,0.4216546416282654,1.0,0.0,True
2021-11-19,0.3596743047237396,0.3596743047237396,1.0,0.0,True
2021-11-22,0.49364009499549866,0.49364009499549866,1.0,0.0,True
2021-11-23,0.5861989855766296,0.5861989855766296,1.0,0.6437448661087485,True
2021-11-24,0.6488646268844604,0.6488646268844604,1.0,0.6437448661087485,True
2021-11-25,0.6257563233375549,0.6257563233375549,1.0,0.6437448661087485,True
2021-11-26,0.5137798190116882,0.5137798190116882,1.0,0.0,True
2021-11-29,0.44449928402900696,0.44449928402900696,1.0,0.0,True
2021-11-30,0.5298417210578918,0.5298417210578918,1.0,0.0,True
2021-12-01,0.520862877368927,0.520862877368927,1.0,0.0,True
2021-12-02,0.6727972030639648,0.6727972030639648,1.0,0.8106750462835443,True
2021-12-03,0.6685696244239807,0.6685696244239807,1.0,0.8106750462835443,True
2021-12-06,0.5067919492721558,0.5067919492721558,1.0,0.0,True
2021-12-07,0.5318872928619385,0.5318872928619385,1.0,0.0,True
2021-12-08,0.6198546290397644,0.6198546290397644,1.0,0.727693057818863,True
2021-12-09,0.535051167011261,0.535051167011261,1.0,0.0,True
2021-12-10,0.5590780377388,0.5590780377388,1.0,0.892906758701776,True
2021-12-13,0.5538918375968933,0.5538918375968933,0.0,1.0,True
2021-12-14,0.5001800656318665,0.5001800656318665,1.0,0.0,True
2021-12-15,0.5578994154930115,0.5578994154930115,1.0,0.9089797113618372,True
2021-12-16,0.599578857421875,0.599578857421875,1.0,0.8025597348010148,True
2021-12-17,0.44349172711372375,0.44349172711372375,1.0,0.0,True
2021-12-20,0.4034464955329895,0.4034464955329895,1.0,0.0,True
2021-12-21,0.4014784097671509,0.4014784097671509,1.0,0.0,True
2021-12-22,0.36379238963127136,0.36379238963127136,1.0,0.0,True
2021-12-23,0.5196859240531921,0.5196859240531921,1.0,0.0,True
2021-12-24,0.507668137550354,0.507668137550354,1.0,0.0,True
2021-12-27,0.47948208451271057,0.47948208451271057,1.0,0.0,True
2021-12-28,0.35161975026130676,0.35161975026130676,1.0,0.0,True
2021-12-29,0.44006219506263733,0.44006219506263733,1.0,0.0,True
2021-12-30,0.39653992652893066,0.39653992652893066,1.0,0.0,True
2021-12-31,0.5198632478713989,0.5198632478713989,1.0,0.0,True
2022-01-03,0.5140130519866943,0.5140130519866943,1.0,0.0,True
2022-01-04,0.4855765104293823,0.4855765104293823,1.0,0.0,True
2022-01-05,0.46693289279937744,0.46693289279937744,1.0,0.0,True
2022-01-06,0.33216583728790283,0.33216583728790283,1.0,0.0,True
2022-01-07,0.4503442943096161,0.4503442943096161,1.0,0.0,True
2022-01-10,0.4895000755786896,0.4895000755786896,1.0,0.0,True
2022-01-11,0.3594839870929718,0.3594839870929718,1.0,0.0,True
2022-01-12,0.38807517290115356,0.38807517290115356,1.0,0.0,True
2022-01-13,0.4016183912754059,0.4016183912754059,1.0,0.0,True
2022-01-14,0.2637057602405548,0.2637057602405548,1.0,0.0,True
2022-01-17,0.3264601230621338,0.3264601230621338,1.0,0.0,True
2022-01-18,0.2393847405910492,0.2393847405910492,1.0,0.0,True
2022-01-19,0.332961767911911,0.332961767911911,1.0,0.0,True
2022-01-20,0.34179505705833435,0.34179505705833435,1.0,0.0,True
2022-01-21,0.24729667603969574,0.24729667603969574,1.0,0.0,True
2022-01-24,0.3462039530277252,0.3462039530277252,1.0,0.0,True
2022-01-25,0.5053911805152893,0.5053911805152893,1.0,0.0,True
2022-01-26,0.3752807676792145,0.3752807676792145,1.0,0.0,True
2022-01-27,0.445606529712677,0.445606529712677,1.0,0.0,True
2022-01-28,0.41300544142723083,0.41300544142723083,1.0,0.0,True
2022-01-31,0.30144503712654114,0.30144503712654114,1.0,0.0,True
2022-02-01,0.49259448051452637,0.49259448051452637,1.0,0.0,True
2022-02-02,0.5051798224449158,0.5051798224449158,1.0,0.0,True
2022-02-03,0.5085082054138184,0.5085082054138184,1.0,0.0,True
2022-02-04,0.47595852613449097,0.47595852613449097,1.0,0.0,True
2022-02-07,0.4983035922050476,0.4983035922050476,1.0,0.0,True
2022-02-08,0.45009085536003113,0.45009085536003113,1.0,0.0,True
2022-02-09,0.6014443039894104,0.6014443039894104,1.0,0.7856583056307511,True
2022-02-10,0.6111559271812439,0.6111559271812439,1.0,0.7856583056307511,True
2022-02-11,0.5780806541442871,0.5780806541442871,1.0,0.7856583056307511,True
2022-02-14,0.5111160278320312,0.5111160278320312,1.0,0.0,True
2022-02-15,0.5257608890533447,0.5257608890533447,1.0,0.0,True
2022-02-16,0.5215941667556763,0.5215941667556763,1.0,0.0,True
2022-02-17,0.6581485867500305,0.6581485867500305,1.0,0.7554872641202391,True
2022-02-18,0.6693588495254517,0.6693588495254517,1.0,0.7554872641202391,True
2022-02-21,0.6227521896362305,0.6227521896362305,1.0,0.7554872641202391,True
2022-02-22,0.6040696501731873,0.6040696501731873,1.0,0.7554872641202391,True
2022-02-23,0.664722740650177,0.664722740650177,0.0,0.9633254756386056,True
2022-02-24,0.6850553154945374,0.6850553154945374,0.0,0.9633254756386056,True
2022-02-25,0.6422423124313354,0.6422423124313354,0.0,0.9633254756386056,True
2022-02-28,0.5663653612136841,0.5663653612136841,0.0,0.9633254756386056,True
2022-03-01,0.5832242965698242,0.5832242965698242,0.0,0.9633254756386056,True
2022-03-02,0.6453103423118591,0.6453103423118591,0.0,0.9633254756386056,True
2022-03-03,0.6324886083602905,0.6324886083602905,0.0,0.9633254756386056,True
2022-03-04,0.6682731509208679,0.6682731509208679,0.0,0.9633254756386056,True
2022-03-07,0.5357203483581543,0.5357203483581543,0.0,0.0,True
2022-03-08,0.46228891611099243,0.46228891611099243,0.0,0.0,True
2022-03-09,0.617181658744812,0.617181658744812,0.0,1.0,True
2022-03-10,0.6178278923034668,0.6178278923034668,0.0,1.0,True
2022-03-11,0.626010000705719,0.626010000705719,0.0,1.0,True
2022-03-14,0.5615478754043579,0.5615478754043579,0.0,1.0,True
2022-03-15,0.6938480734825134,0.6938480734825134,0.0,1.0,True
2022-03-16,0.6325119137763977,0.6325119137763977,0.0,1.0,True
2022-03-17,0.6956345438957214,0.6956345438957214,0.0,1.0,True
2022-03-18,0.5569003224372864,0.5569003224372864,0.0,1.0,True
2022-03-21,0.6116392016410828,0.6116392016410828,0.0,1.0,True
2022-03-22,0.6410315036773682,0.6410315036773682,0.0,1.0,True
2022-03-23,0.5996323823928833,0.5996323823928833,0.0,1.0,True
2022-03-24,0.5517505407333374,0.5517505407333374,0.0,1.0,True
2022-03-25,0.5638205409049988,0.5638205409049988,0.0,1.0,True
2022-03-28,0.6507782936096191,0.6507782936096191,0.0,1.0,True
2022-03-29,0.41661426424980164,0.41661426424980164,0.0,0.0,True
2022-03-30,0.46870067715644836,0.46870067715644836,0.0,0.0,True
2022-03-31,0.5071916580200195,0.5071916580200195,0.0,0.0,True
2022-04-01,0.39340007305145264,0.39340007305145264,0.0,0.0,True
2022-04-04,0.4079010486602783,0.4079010486602783,0.0,0.0,True
2022-04-05,0.4178301990032196,0.4178301990032196,0.0,0.0,True
2022-04-06,0.39078739285469055,0.39078739285469055,0.0,0.0,True
2022-04-07,0.44152575731277466,0.44152575731277466,0.0,0.0,True
2022-04-08,0.4350166916847229,0.4350166916847229,0.0,0.0,True
2022-04-11,0.4811687171459198,0.4811687171459198,0.0,0.0,True
2022-04-12,0.5435589551925659,0.5435589551925659,0.0,1.0,True
2022-04-13,0.5495815277099609,0.5495815277099609,0.0,1.0,True
2022-04-14,0.449237585067749,0.449237585067749,0.0,0.0,True
2022-04-15,0.5330343842506409,0.5330343842506409,0.0,0.0,True
2022-04-18,0.5322704911231995,0.5322704911231995,0.0,0.0,True
2022-04-19,0.4800044000148773,0.4800044000148773,0.0,0.0,True
2022-04-20,0.3795047402381897,0.3795047402381897,0.0,0.0,True
2022-04-21,0.4654539227485657,0.4654539227485657,0.0,0.0,True
2022-04-22,0.49076220393180847,0.49076220393180847,0.0,0.0,True
2022-04-25,0.5779582262039185,0.5779582262039185,0.0,1.0,True
2022-04-26,0.7077383399009705,0.7077383399009705,0.0,1.0,True
2022-04-27,0.588934063911438,0.588934063911438,0.0,1.0,True
2022-04-28,0.4520760178565979,0.4520760178565979,0.0,0.0,True
2022-04-29,0.4817773997783661,0.4817773997783661,0.0,0.0,True
2022-05-02,0.41078823804855347,0.41078823804855347,0.0,0.0,True
2022-05-03,0.5054358839988708,0.5054358839988708,0.0,0.0,True
2022-05-04,0.40429916977882385,0.40429916977882385,0.0,0.0,True
2022-05-05,0.605078399181366,0.605078399181366,0.0,1.0,True
2022-05-06,0.6748284697532654,0.6748284697532654,0.0,1.0,True
2022-05-09,0.4856301546096802,0.4856301546096802,0.0,0.0,True
2022-05-10,0.48599639534950256,0.48599639534950256,0.0,0.0,True
2022-05-11,0.5490968823432922,0.5490968823432922,0.0,1.0,True
2022-05-12,0.4053274095058441,0.4053274095058441,0.0,0.0,True
2022-05-13,0.46965911984443665,0.46965911984443665,0.0,0.0,True
2022-05-16,0.5422710180282593,0.5422710180282593,0.0,1.0,True
2022-05-17,0.5788195729255676,0.5788195729255676,0.0,1.0,True
2022-05-18,0.6734750270843506,0.6734750270843506,0.0,1.0,True
2022-05-19,0.5344632267951965,0.5344632267951965,0.0,0.0,True
2022-05-20,0.4519193470478058,0.4519193470478058,0.0,0.0,True
2022-05-23,0.5341178178787231,0.5341178178787231,0.0,0.0,True
2022-05-24,0.4993937909603119,0.4993937909603119,0.0,0.0,True
2022-05-25,0.6107470393180847,0.6107470393180847,0.0,1.0,True
2022-05-26,0.6495779752731323,0.6495779752731323,0.0,1.0,True
2022-05-27,0.6673067212104797,0.6673067212104797,0.0,1.0,True
2022-05-30,0.640121579170227,0.640121579170227,0.0,1.0,True
2022-05-31,0.6044558882713318,0.6044558882713318,0.0,1.0,True
2022-06-01,0.5212485790252686,0.5212485790252686,0.0,0.0,True
2022-06-02,0.6402711272239685,0.6402711272239685,0.0,1.0,True
2022-06-03,0.5317327976226807,0.5317327976226807,0.0,0.0,True
2022-06-06,0.47321560978889465,0.47321560978889465,0.0,0.0,True
2022-06-07,0.3489398658275604,0.3489398658275604,0.0,0.0,True
2022-06-08,0.463350772857666,0.463350772857666,0.0,0.0,True
2022-06-09,0.41792362928390503,0.41792362928390503,0.0,0.0,True
2022-06-10,0.4062862992286682,0.4062862992286682,0.0,0.0,True
2022-06-13,0.408072292804718,0.408072292804718,0.0,0.0,True
2022-06-14,0.48271211981773376,0.48271211981773376,1.0,0.0,True
2022-06-15,0.4577579200267792,0.4577579200267792,1.0,0.0,True
2022-06-16,0.5726377964019775,0.5726377964019775,1.0,0.8452107094029542,True
2022-06-17,0.5525792837142944,0.5525792837142944,1.0,0.8452107094029542,True
2022-06-20,0.4274461269378662,0.4274461269378662,1.0,0.0,True
2022-06-21,0.6261834502220154,0.6261834502220154,1.0,0.8980200266623213,True
2022-06-22,0.5485844612121582,0.5485844612121582,1.0,0.8980200266623213,True
2022-06-23,0.548931360244751,0.548931360244751,1.0,0.8980200266623213,True
2022-06-24,0.5187456607818604,0.5187456607818604,1.0,0.0,True
2022-06-27,0.6446171402931213,0.6446171402931213,1.0,0.9137073211722507,True
2022-06-28,0.582216203212738,0.582216203212738,1.0,0.9137073211722507,True
2022-06-29,0.5170312523841858,0.5170312523841858,1.0,0.0,True
2022-06-30,0.5250309705734253,0.5250309705734253,1.0,0.0,True
2022-07-01,0.5134900808334351,0.5134900808334351,0.0,0.0,True
2022-07-04,0.5581817030906677,0.5581817030906677,0.0,1.0,True
2022-07-05,0.6168922185897827,0.6168922185897827,0.0,1.0,True
2022-07-06,0.5621459484100342,0.5621459484100342,0.0,1.0,True
2022-07-07,0.5889152884483337,0.5889152884483337,0.0,1.0,True
2022-07-08,0.5997567176818848,0.5997567176818848,0.0,1.0,True
2022-07-11,0.597800612449646,0.597800612449646,0.0,1.0,True
2022-07-12,0.6129128932952881,0.6129128932952881,0.0,1.0,True
2022-07-13,0.6025568842887878,0.6025568842887878,0.0,1.0,True
2022-07-14,0.6280947327613831,0.6280947327613831,0.0,1.0,True
2022-07-15,0.5537599921226501,0.5537599921226501,0.0,1.0,True
2022-07-18,0.5808802247047424,0.5808802247047424,0.0,1.0,True
2022-07-19,0.6406409740447998,0.6406409740447998,0.0,1.0,True
2022-07-20,0.49088338017463684,0.49088338017463684,0.0,0.0,True
2022-07-21,0.636565625667572,0.636565625667572,0.0,0.8333037949151901,True
2022-07-22,0.6401996612548828,0.6401996612548828,0.0,0.8333037949151901,True
2022-07-25,0.4911259412765503,0.4911259412765503,0.0,0.0,True
2022-07-26,0.4668402671813965,0.4668402671813965,1.0,0.0,True
2022-07-27,0.5368425250053406,0.5368425250053406,1.0,0.0,True
2022-07-28,0.3813740313053131,0.3813740313053131,1.0,0.0,True
2022-07-29,0.46559199690818787,0.46559199690818787,1.0,0.0,True
2022-08-01,0.6119128465652466,0.6119128465652466,1.0,0.7091599612567737,True
2022-08-02,0.4829023480415344,0.4829023480415344,1.0,0.0,True
2022-08-03,0.44226759672164917,0.44226759672164917,1.0,0.0,True
2022-08-04,0.42964908480644226,0.42964908480644226,1.0,0.0,True
2022-08-05,0.4099526107311249,0.4099526107311249,1.0,0.0,True
2022-08-08,0.5233864784240723,0.5233864784240723,1.0,0.0,True
2022-08-09,0.5306271314620972,0.5306271314620972,1.0,0.0,True
2022-08-10,0.549143373966217,0.549143373966217,1.0,0.7243520945198516,True
2022-08-11,0.5111137628555298,0.5111137628555298,1.0,0.0,True
2022-08-12,0.35203075408935547,0.35203075408935547,1.0,0.0,True
2022-08-15,0.24992914497852325,0.24992914497852325,2.0,0.0,True
2022-08-16,0.2753657102584839,0.2753657102584839,2.0,0.0,True
2022-08-17,0.2666448950767517,0.2666448950767517,2.0,0.0,True
2022-08-18,0.2566734850406647,0.2566734850406647,2.0,0.0,True
2022-08-19,0.30570468306541443,0.30570468306541443,2.0,0.0,True
2022-08-22,0.3271743655204773,0.3271743655204773,2.0,0.0,True
2022-08-23,0.29712405800819397,0.29712405800819397,2.0,0.0,True
2022-08-24,0.27061671018600464,0.27061671018600464,2.0,0.0,True
2022-08-25,0.3098994493484497,0.3098994493484497,2.0,0.0,True
2022-08-26,0.4354057013988495,0.4354057013988495,2.0,0.0,True
2022-08-29,0.5286954045295715,0.5286954045295715,2.0,0.0,True
2022-08-30,0.5389977693557739,0.5389977693557739,2.0,0.0,True
2022-08-31,0.5116033554077148,0.5116033554077148,1.0,0.0,True
2022-09-01,0.3497534394264221,0.3497534394264221,1.0,0.0,True
2022-09-02,0.4518297612667084,0.4518297612667084,1.0,0.0,True
2022-09-05,0.4598290026187897,0.4598290026187897,1.0,0.0,True
2022-09-06,0.4446370601654053,0.4446370601654053,2.0,0.0,True
2022-09-07,0.4274311363697052,0.4274311363697052,2.0,0.0,True
2022-09-08,0.46709349751472473,0.46709349751472473,1.0,0.0,True
2022-09-09,0.3602060377597809,0.3602060377597809,1.0,0.0,True
2022-09-12,0.4324420988559723,0.4324420988559723,1.0,0.0,True
2022-09-13,0.3993346691131592,0.3993346691131592,1.0,0.0,True
2022-09-14,0.44667136669158936,0.44667136669158936,1.0,0.0,True
2022-09-15,0.3545789420604706,0.3545789420604706,1.0,0.0,True
2022-09-16,0.2945290207862854,0.2945290207862854,1.0,0.0,True
2022-09-19,0.4826764762401581,0.4826764762401581,1.0,0.0,True
2022-09-20,0.5496113300323486,0.5496113300323486,1.0,0.9701349512709789,True
2022-09-21,0.595248818397522,0.595248818397522,1.0,0.9701349512709789,True
2022-09-22,0.5730406641960144,0.5730406641960144,1.0,0.9701349512709789,True
2022-09-23,0.5902441143989563,0.5902441143989563,0.0,0.9701349512709789,True
2022-09-26,0.5739045143127441,0.5739045143127441,0.0,0.9701349512709789,True
2022-09-27,0.6395536065101624,0.6395536065101624,0.0,0.9701349512709789,True
2022-09-28,0.5115711092948914,0.5115711092948914,0.0,0.0,True
2022-09-29,0.5842500925064087,0.5842500925064087,0.0,1.0,True
2022-09-30,0.6725045442581177,0.6725045442581177,0.0,1.0,True
2022-10-03,0.43376055359840393,0.43376055359840393,0.0,0.0,True
2022-10-04,0.6191195845603943,0.6191195845603943,0.0,1.0,True
2022-10-05,0.4981271028518677,0.4981271028518677,0.0,0.0,True
2022-10-06,0.5347785949707031,0.5347785949707031,0.0,0.0,True
2022-10-07,0.49755918979644775,0.49755918979644775,0.0,0.0,True
2022-10-10,0.42652466893196106,0.42652466893196106,0.0,0.0,True
2022-10-11,0.41313862800598145,0.41313862800598145,0.0,0.0,True
2022-10-12,0.3908899128437042,0.3908899128437042,0.0,0.0,True
2022-10-13,0.4348020553588867,0.4348020553588867,0.0,0.0,True
2022-10-14,0.4567771852016449,0.4567771852016449,0.0,0.0,True
2022-10-17,0.4554908871650696,0.4554908871650696,0.0,0.0,True
2022-10-18,0.3703060746192932,0.3703060746192932,0.0,0.0,True
2022-10-19,0.3816991448402405,0.3816991448402405,0.0,0.0,True
2022-10-20,0.5107348561286926,0.5107348561286926,0.0,0.0,True
2022-10-21,0.5498695373535156,0.5498695373535156,0.0,1.0,True
2022-10-24,0.49494752287864685,0.49494752287864685,0.0,0.0,True
2022-10-25,0.6173375844955444,0.6173375844955444,0.0,0.9824121910904444,True
2022-10-26,0.6342291831970215,0.6342291831970215,0.0,0.9824121910904444,True
2022-10-27,0.5716036558151245,0.5716036558151245,0.0,0.9824121910904444,True
2022-10-28,0.6602095365524292,0.6602095365524292,0.0,0.9824121910904444,True
2022-10-31,0.4703816771507263,0.4703816771507263,0.0,0.0,True
2022-11-01,0.6794778108596802,0.6794778108596802,0.0,1.0,True
2022-11-02,0.6528028249740601,0.6528028249740601,0.0,1.0,True
2022-11-03,0.5309856534004211,0.5309856534004211,0.0,0.0,True
2022-11-04,0.5865578055381775,0.5865578055381775,0.0,1.0,True
2022-11-07,0.6038019061088562,0.6038019061088562,0.0,1.0,True
2022-11-08,0.5037003755569458,0.5037003755569458,0.0,0.0,True
2022-11-09,0.5199743509292603,0.5199743509292603,0.0,0.0,True
2022-11-10,0.5544112324714661,0.5544112324714661,0.0,1.0,True
2022-11-11,0.47936344146728516,0.47936344146728516,0.0,0.0,True
2022-11-14,0.5282248854637146,0.5282248854637146,0.0,0.0,True
2022-11-15,0.54893958568573,0.54893958568573,0.0,1.0,True
2022-11-16,0.5555887818336487,0.5555887818336487,0.0,1.0,True
2022-11-17,0.49422648549079895,0.49422648549079895,0.0,0.0,True
2022-11-18,0.47724631428718567,0.47724631428718567,0.0,0.0,True
2022-11-21,0.44476497173309326,0.44476497173309326,0.0,0.0,True
2022-11-22,0.5940853953361511,0.5940853953361511,0.0,1.0,True
2022-11-23,0.46146145462989807,0.46146145462989807,0.0,0.0,True
2022-11-24,0.4482843577861786,0.4482843577861786,0.0,0.0,True
2022-11-25,0.527030885219574,0.527030885219574,0.0,0.0,True
2022-11-28,0.507286012172699,0.507286012172699,0.0,0.0,True
2022-11-29,0.440641850233078,0.440641850233078,0.0,0.0,True
2022-11-30,0.5330058336257935,0.5330058336257935,0.0,0.0,True
2022-12-01,0.47721144556999207,0.47721144556999207,0.0,0.0,True
2022-12-02,0.4839453399181366,0.4839453399181366,0.0,0.0,True
2022-12-05,0.4711076021194458,0.4711076021194458,0.0,0.0,True
2022-12-06,0.4901331961154938,0.4901331961154938,0.0,0.0,True
2022-12-07,0.4261312186717987,0.4261312186717987,0.0,0.0,True
2022-12-08,0.46839699149131775,0.46839699149131775,0.0,0.0,True
2022-12-09,0.5076975226402283,0.5076975226402283,0.0,0.0,True
2022-12-12,0.5252667665481567,0.5252667665481567,0.0,0.0,True
2022-12-13,0.49426114559173584,0.49426114559173584,0.0,0.0,True
2022-12-14,0.515675961971283,0.515675961971283,0.0,0.0,True
2022-12-15,0.5762841701507568,0.5762841701507568,0.0,1.0,True
2022-12-16,0.41593319177627563,0.41593319177627563,0.0,0.0,True
2022-12-19,0.6767476201057434,0.6767476201057434,0.0,1.0,True
2022-12-20,0.7092807292938232,0.7092807292938232,0.0,1.0,True
2022-12-21,0.6893565654754639,0.6893565654754639,0.0,1.0,True
2022-12-22,0.6846269369125366,0.6846269369125366,0.0,1.0,True
2022-12-23,0.7062583565711975,0.7062583565711975,0.0,1.0,True
2022-12-26,0.7025527954101562,0.7025527954101562,0.0,1.0,True
2022-12-27,0.6776348352432251,0.6776348352432251,0.0,1.0,True
2022-12-28,0.683979868888855,0.683979868888855,0.0,1.0,True
2022-12-29,0.6577654480934143,0.6577654480934143,0.0,1.0,True
2022-12-30,0.5925917625427246,0.5925917625427246,0.0,1.0,True
2023-01-02,0.6696121692657471,0.6696121692657471,0.0,1.0,True
2023-01-03,0.6265881657600403,0.6265881657600403,0.0,1.0,True
2023-01-04,0.6602900624275208,0.6602900624275208,0.0,1.0,True
2023-01-05,0.6639499664306641,0.6639499664306641,0.0,1.0,True
2023-01-06,0.44999176263809204,0.44999176263809204,0.0,0.0,True
2023-01-09,0.4565367102622986,0.4565367102622986,0.0,0.0,True
2023-01-10,0.5013498663902283,0.5013498663902283,0.0,0.0,True
2023-01-11,0.45626115798950195,0.45626115798950195,0.0,0.0,True
2023-01-12,0.48876503109931946,0.48876503109931946,0.0,0.0,True
2023-01-13,0.4653902053833008,0.4653902053833008,0.0,0.0,True
2023-01-16,0.5226478576660156,0.5226478576660156,0.0,0.0,True
2023-01-17,0.3813362121582031,0.3813362121582031,0.0,0.0,True
2023-01-18,0.3762268126010895,0.3762268126010895,0.0,0.0,True
2023-01-19,0.4157334566116333,0.4157334566116333,0.0,0.0,True
2023-01-20,0.48834165930747986,0.48834165930747986,0.0,0.0,True
2023-01-23,0.5442407727241516,0.5442407727241516,0.0,1.0,True
2023-01-24,0.5463342070579529,0.5463342070579529,0.0,1.0,True
2023-01-25,0.5250321626663208,0.5250321626663208,0.0,0.0,True
2023-01-26,0.5825141072273254,0.5825141072273254,0.0,1.0,True
2023-01-27,0.5297048687934875,0.5297048687934875,0.0,0.0,True
2023-01-30,0.5255991220474243,0.5255991220474243,0.0,0.0,True
2023-01-31,0.6054683923721313,0.6054683923721313,0.0,1.0,True
2023-02-01,0.6018092036247253,0.6018092036247253,0.0,1.0,True
2023-02-02,0.5497994422912598,0.5497994422912598,0.0,1.0,True
2023-02-03,0.5220495462417603,0.5220495462417603,0.0,0.0,True
2023-02-06,0.5551574230194092,0.5551574230194092,0.0,1.0,True
2023-02-07,0.5271844267845154,0.5271844267845154,0.0,0.0,True
2023-02-08,0.49732089042663574,0.49732089042663574,0.0,0.0,True
2023-02-09,0.4999939203262329,0.4999939203262329,0.0,0.0,True
2023-02-10,0.5722949504852295,0.5722949504852295,0.0,1.0,True
2023-02-13,0.5818766355514526,0.5818766355514526,0.0,1.0,True
2023-02-14,0.4780315160751343,0.4780315160751343,0.0,0.0,True
2023-02-15,0.4530574679374695,0.4530574679374695,0.0,0.0,True
2023-02-16,0.46770086884498596,0.46770086884498596,0.0,0.0,True
2023-02-17,0.4068775773048401,0.4068775773048401,0.0,0.0,True
2023-02-20,0.5892904996871948,0.5892904996871948,0.0,1.0,True
2023-02-21,0.4254530370235443,0.4254530370235443,0.0,0.0,True
2023-02-22,0.4108073115348816,0.4108073115348816,0.0,0.0,True
2023-02-23,0.6350059509277344,0.6350059509277344,0.0,1.0,True
2023-02-24,0.500302255153656,0.500302255153656,0.0,0.0,True
2023-02-27,0.5468868017196655,0.5468868017196655,0.0,1.0,True
2023-02-28,0.6265287399291992,0.6265287399291992,0.0,1.0,True
2023-03-01,0.5780906081199646,0.5780906081199646,0.0,1.0,True
2023-03-02,0.6012046933174133,0.6012046933174133,0.0,1.0,True
2023-03-03,0.5298521518707275,0.5298521518707275,0.0,0.0,True
2023-03-06,0.5093979835510254,0.5093979835510254,0.0,0.0,True
2023-03-07,0.50428706407547,0.50428706407547,0.0,0.0,True
2023-03-08,0.7379416823387146,0.7379416823387146,0.0,1.0,True
2023-03-09,0.6403393745422363,0.6403393745422363,0.0,1.0,True
2023-03-10,0.6908085942268372,0.6908085942268372,0.0,1.0,True
2023-03-13,0.606423020362854,0.606423020362854,0.0,1.0,True
2023-03-14,0.4619199335575104,0.4619199335575104,0.0,0.0,True
2023-03-15,0.5040549635887146,0.5040549635887146,0.0,0.0,True
2023-03-16,0.3674101233482361,0.3674101233482361,1.0,0.0,True
2023-03-17,0.6284323334693909,0.6284323334693909,1.0,0.6448160382904712,True
2023-03-20,0.6615886688232422,0.6615886688232422,1.0,0.6448160382904712,True
2023-03-21,0.7244430184364319,0.7244430184364319,1.0,0.6448160382904712,True
2023-03-22,0.7625860571861267,0.7625860571861267,2.0,0.5204439200168313,True
2023-03-23,0.621278703212738,0.621278703212738,2.0,0.39143024963232287,True
2023-03-24,0.5755690336227417,0.5755690336227417,2.0,0.39143024963232287,True
2023-03-27,0.5018969774246216,0.5018969774246216,2.0,0.0,True
2023-03-28,0.4891992211341858,0.4891992211341858,2.0,0.0,True
2023-03-29,0.4705621600151062,0.4705621600151062,2.0,0.0,True
2023-03-30,0.6874600648880005,0.6874600648880005,2.0,0.32644633676520113,True
2023-03-31,0.5655227899551392,0.5655227899551392,2.0,0.32644633676520113,True
2023-04-03,0.6068465709686279,0.6068465709686279,2.0,0.32644633676520113,True
2023-04-04,0.5867140889167786,0.5867140889167786,2.0,0.32644633676520113,True
2023-04-05,0.7060520052909851,0.7060520052909851,2.0,0.32644633676520113,True
2023-04-06,0.7595147490501404,0.7595147490501404,2.0,0.32644633676520113,True
2023-04-07,0.765545129776001,0.765545129776001,2.0,0.32644633676520113,True
2023-04-10,0.8673509359359741,0.8673509359359741,2.0,0.32644633676520113,True
2023-04-11,0.7945966720581055,0.7945966720581055,2.0,0.32644633676520113,True
2023-04-12,0.7988976240158081,0.7988976240158081,2.0,0.32644633676520113,True
2023-04-13,0.7873117923736572,0.7873117923736572,2.0,0.32644633676520113,True
2023-04-14,0.693539559841156,0.693539559841156,2.0,0.32644633676520113,True
2023-04-17,0.7034206390380859,0.7034206390380859,2.0,0.32644633676520113,True
2023-04-18,0.5397827625274658,0.5397827625274658,2.0,0.0,True
2023-04-19,0.7193282842636108,0.7193282842636108,2.0,0.2976997244935076,True
2023-04-20,0.6936573386192322,0.6936573386192322,2.0,0.2976997244935076,True
2023-04-21,0.758002519607544,0.758002519607544,2.0,0.2976997244935076,True
2023-04-24,0.7010151743888855,0.7010151743888855,2.0,0.2976997244935076,True
2023-04-25,0.6499239206314087,0.6499239206314087,2.0,0.2976997244935076,True
2023-04-26,0.5574402809143066,0.5574402809143066,2.0,0.2976997244935076,True
2023-04-27,0.45484668016433716,0.45484668016433716,2.0,0.0,True
2023-04-28,0.5086400508880615,0.5086400508880615,2.0,0.0,True
2023-05-01,0.3481597900390625,0.3481597900390625,2.0,0.0,True
2023-05-02,0.4882596731185913,0.4882596731185913,2.0,0.0,True
2023-05-03,0.7974880933761597,0.7974880933761597,2.0,0.3198457285726012,True
2023-05-04,0.7936640381813049,0.7936640381813049,2.0,0.3198457285726012,True
2023-05-05,0.6560759544372559,0.6560759544372559,2.0,0.3198457285726012,True
2023-05-08,0.644525945186615,0.644525945186615,2.0,0.3198457285726012,True
2023-05-09,0.5405746698379517,0.5405746698379517,2.0,0.3198457285726012,True
2023-05-10,0.6776873469352722,0.6776873469352722,2.0,0.3198457285726012,True
2023-05-11,0.6934258341789246,0.6934258341789246,2.0,0.3198457285726012,True
2023-05-12,0.6561570167541504,0.6561570167541504,2.0,0.3198457285726012,True
2023-05-15,0.6965377926826477,0.6965377926826477,2.0,0.3198457285726012,True
2023-05-16,0.7232388854026794,0.7232388854026794,2.0,0.3198457285726012,True
2023-05-17,0.6320772171020508,0.6320772171020508,2.0,0.3198457285726012,True
2023-05-18,0.6286324262619019,0.6286324262619019,2.0,0.3198457285726012,True
2023-05-19,0.71394944190979,0.71394944190979,2.0,0.3198457285726012,True
2023-05-22,0.6257951855659485,0.6257951855659485,2.0,0.3198457285726012,True
2023-05-23,0.5462184548377991,0.5462184548377991,2.0,0.3198457285726012,True
2023-05-24,0.6947097778320312,0.6947097778320312,2.0,0.3198457285726012,True
2023-05-25,0.5823801159858704,0.5823801159858704,2.0,0.43123133788344253,True
2023-05-26,0.585267961025238,0.585267961025238,2.0,0.43123133788344253,True
2023-05-29,0.5024612545967102,0.5024612545967102,2.0,0.0,True
2023-05-30,0.6748539805412292,0.6748539805412292,2.0,0.41189218775608394,True
2023-05-31,0.5742669105529785,0.5742669105529785,2.0,0.41189218775608394,True
2023-06-01,0.6530700922012329,0.6530700922012329,2.0,0.41189218775608394,True
2023-06-02,0.6124762296676636,0.6124762296676636,2.0,0.41189218775608394,True
