Date,p_tree,p_ens,regime,signal_ml,is_test
2010-01-04,,,,,False
2010-01-05,,,,,False
2010-01-06,,,,,False
2010-01-07,,,,,False
2010-01-08,,,,,False
2010-01-11,,,,,False
2010-01-12,,,,,False
2010-01-13,,,,,False
2010-01-14,,,,,False
2010-01-15,,,,,False
2010-01-18,,,,,False
2010-01-19,,,,,False
2010-01-20,,,,,False
2010-01-21,,,,,False
2010-01-22,,,,,False
2010-01-25,,,,,False
2010-01-26,,,,,False
2010-01-27,,,,,False
2010-01-28,,,,,False
2010-01-29,,,,,False
2010-02-01,,,,,False
2010-02-02,,,,,False
2010-02-03,,,,,False
2010-02-04,,,,,False
2010-02-05,,,,,False
2010-02-08,,,,,False
2010-02-09,,,,,False
2010-02-10,,,,,False
2010-02-11,,,,,False
2010-02-12,,,,,False
2010-02-15,,,,,False
2010-02-16,,,,,False
2010-02-17,,,,,False
2010-02-18,,,,,False
2010-02-19,,,,,False
2010-02-22,,,,,False
2010-02-23,,,,,False
2010-02-24,,,,,False
2010-02-25,,,,,False
2010-02-26,,,,,False
2010-03-01,,,,,False
2010-03-02,,,,,False
2010-03-03,,,,,False
2010-03-04,,,,,False
2010-03-05,,,,,False
2010-03-08,,,,,False
2010-03-09,,,,,False
2010-03-10,,,,,False
2010-03-11,,,,,False
2010-03-12,,,,,False
2010-03-15,,,,,False
2010-03-16,,,,,False
2010-03-17,,,,,False
2010-03-18,,,,,False
2010-03-19,,,,,False
2010-03-22,,,,,False
2010-03-23,,,,,False
2010-03-24,,,,,False
2010-03-25,,,,,False
2010-03-26,,,,,False
2010-03-29,,,,,False
2010-03-30,,,,,False
2010-03-31,,,,,False
2010-04-01,,,,,False
2010-04-02,,,,,False
2010-04-05,,,,,False
2010-04-06,,,,,False
2010-04-07,,,,,False
2010-04-08,,,,,False
2010-04-09,,,,,False
2010-04-12,,,,,False
2010-04-13,,,,,False
2010-04-14,,,,,False
2010-04-15,,,,,False
2010-04-16,,,,,False
2010-04-19,,,,,False
2010-04-20,,,,,False
2010-04-21,,,,,False
2010-04-22,,,,,False
2010-04-23,,,,,False
2010-04-26,,,,,False
2010-04-27,,,,,False
2010-04-28,,,,,False
2010-04-29,,,,,False
2010-04-30,,,,,False
2010-05-03,,,,,False
2010-05-04,,,,,False
2010-05-05,,,,,False
2010-05-06,,,,,False
2010-05-07,,,,,False
2010-05-10,,,,,False
2010-05-11,,,,,False
2010-05-12,,,,,False
2010-05-13,,,,,False
2010-05-14,,,,,False
2010-05-17,,,,,False
2010-05-18,,,,,False
2010-05-19,,,,,False
2010-05-20,,,,,False
2010-05-21,,,,,False
2010-05-24,,,,,False
2010-05-25,,,,,False
2010-05-26,,,,,False
2010-05-27,,,,,False
2010-05-28,,,,,False
2010-05-31,,,,,False
2010-06-01,,,,,False
2010-06-02,,,,,False
2010-06-03,,,,,False
2010-06-04,,,,,False
2010-06-07,,,,,False
2010-06-08,,,,,False
2010-06-09,,,,,False
2010-06-10,,,,,False
2010-06-11,,,,,False
2010-06-14,,,,,False
2010-06-15,,,,,False
2010-06-16,,,,,False
2010-06-17,,,,,False
2010-06-18,,,,,False
2010-06-21,,,,,False
2010-06-22,,,,,False
2010-06-23,,,,,False
2010-06-24,,,,,False
2010-06-25,,,,,False
2010-06-28,,,,,False
2010-06-29,,,,,False
2010-06-30,,,,,False
2010-07-01,,,,,False
2010-07-02,,,,,False
2010-07-05,,,,,False
2010-07-06,,,,,False
2010-07-07,,,,,False
2010-07-08,,,,,False
2010-07-09,,,,,False
2010-07-12,,,,,False
2010-07-13,,,,,False
2010-07-14,,,,,False
2010-07-15,,,,,False
2010-07-16,,,,,False
2010-07-19,,,,,False
2010-07-20,,,,,False
2010-07-21,,,,,False
2010-07-22,,,,,False
2010-07-23,,,,,False
2010-07-26,,,,,False
2010-07-27,,,,,False
2010-07-28,,,,,False
2010-07-29,,,,,False
2010-07-30,,,,,False
2010-08-02,,,,,False
2010-08-03,,,,,False
2010-08-04,,,,,False
2010-08-05,,,,,False
2010-08-06,,,,,False
2010-08-09,,,,,False
2010-08-10,,,,,False
2010-08-11,,,,,False
2010-08-12,,,,,False
2010-08-13,,,,,False
2010-08-16,,,,,False
2010-08-17,,,,,False
2010-08-18,,,,,False
2010-08-19,,,,,False
2010-08-20,,,,,False
2010-08-23,,,,,False
2010-08-24,,,,,False
2010-08-25,,,,,False
2010-08-26,,,,,False
2010-08-27,,,,,False
2010-08-30,,,,,False
2010-08-31,,,,,False
2010-09-01,,,,,False
2010-09-02,,,,,False
2010-09-03,,,,,False
2010-09-06,,,,,False
2010-09-07,,,,,False
2010-09-08,,,,,False
2010-09-09,,,,,False
2010-09-10,,,,,False
2010-09-13,,,,,False
2010-09-14,,,,,False
2010-09-15,,,,,False
2010-09-16,,,,,False
2010-09-17,,,,,False
2010-09-20,,,,,False
2010-09-21,,,,,False
2010-09-22,,,,,False
2010-09-23,,,,,False
2010-09-24,,,,,False
2010-09-27,,,,,False
2010-09-28,,,,,False
2010-09-29,,,,,False
2010-09-30,,,,,False
2010-10-01,,,,,False
2010-10-04,,,,,False
2010-10-05,,,,,False
2010-10-06,,,,,False
2010-10-07,,,,,False
2010-10-08,,,,,False
2010-10-11,,,,,False
2010-10-12,,,,,False
2010-10-13,,,,,False
2010-10-14,,,,,False
2010-10-15,,,,,False
2010-10-18,,,,,False
2010-10-19,,,,,False
2010-10-20,,,,,False
2010-10-21,,,,,False
2010-10-22,,,,,False
2010-10-25,,,,,False
2010-10-26,,,,,False
2010-10-27,,,,,False
2010-10-28,,,,,False
2010-10-29,,,,,False
2010-11-01,,,,,False
2010-11-02,,,,,False
2010-11-03,,,,,False
2010-11-04,,,,,False
2010-11-05,,,,,False
2010-11-08,,,,,False
2010-11-09,,,,,False
2010-11-10,,,,,False
2010-11-11,,,,,False
2010-11-12,,,,,False
2010-11-15,,,,,False
2010-11-16,,,,,False
2010-11-17,,,,,False
2010-11-18,,,,,False
2010-11-19,,,,,False
2010-11-22,,,,,False
2010-11-23,,,,,False
2010-11-24,,,,,False
2010-11-25,,,,,False
2010-11-26,,,,,False
2010-11-29,,,,,False
2010-11-30,,,,,False
2010-12-01,,,,,False
2010-12-02,,,,,False
2010-12-03,,,,,False
2010-12-06,,,,,False
2010-12-07,,,,,False
2010-12-08,,,,,False
2010-12-09,,,,,False
2010-12-10,,,,,False
2010-12-13,,,,,False
2010-12-14,,,,,False
2010-12-15,,,,,False
2010-12-16,,,,,False
2010-12-17,,,,,False
2010-12-20,,,,,False
2010-12-21,,,,,False
2010-12-22,,,,,False
2010-12-23,,,,,False
2010-12-24,,,,,False
2010-12-27,,,,,False
2010-12-28,,,,,False
2010-12-29,,,,,False
2010-12-30,,,,,False
2010-12-31,,,,,False
2011-01-03,,,,,False
2011-01-04,,,,,False
2011-01-05,,,,,False
2011-01-06,,,,,False
2011-01-07,,,,,False
2011-01-10,,,,,False
2011-01-11,,,,,False
2011-01-12,,,,,False
2011-01-13,,,,,False
2011-01-14,,,,,False
2011-01-17,,,,,False
2011-01-18,,,,,False
2011-01-19,,,,,False
2011-01-20,,,,,False
2011-01-21,,,,,False
2011-01-24,,,,,False
2011-01-25,,,,,False
2011-01-26,,,,,False
2011-01-27,,,,,False
2011-01-28,,,,,False
2011-01-31,,,,,False
2011-02-01,,,,,False
2011-02-02,,,,,False
2011-02-03,,,,,False
2011-02-04,,,,,False
2011-02-07,,,,,False
2011-02-08,,,,,False
2011-02-09,,,,,False
2011-02-10,,,,,False
2011-02-11,,,,,False
2011-02-14,,,,,False
2011-02-15,,,,,False
2011-02-16,,,,,False
2011-02-17,,,,,False
2011-02-18,,,,,False
2011-02-21,,,,,False
2011-02-22,,,,,False
2011-02-23,,,,,False
2011-02-24,,,,,False
2011-02-25,,,,,False
2011-02-28,,,,,False
2011-03-01,,,,,False
2011-03-02,,,,,False
2011-03-03,,,,,False
2011-03-04,,,,,False
2011-03-07,,,,,False
2011-03-08,,,,,False
2011-03-09,,,,,False
2011-03-10,,,,,False
2011-03-11,,,,,False
2011-03-14,,,,,False
2011-03-15,,,,,False
2011-03-16,,,,,False
2011-03-17,,,,,False
2011-03-18,,,,,False
2011-03-21,,,,,False
2011-03-22,,,,,False
2011-03-23,,,,,False
2011-03-24,,,,,False
2011-03-25,,,,,False
2011-03-28,,,,,False
2011-03-29,,,,,False
2011-03-30,,,,,False
2011-03-31,,,,,False
2011-04-01,,,,,False
2011-04-04,,,,,False
2011-04-05,,,,,False
2011-04-06,,,,,False
2011-04-07,,,,,False
2011-04-08,,,,,False
2011-04-11,,,,,False
2011-04-12,,,,,False
2011-04-13,,,,,False
2011-04-14,,,,,False
2011-04-15,,,,,False
2011-04-18,,,,,False
2011-04-19,,,,,False
2011-04-20,,,,,False
2011-04-21,,,,,False
2011-04-22,,,,,False
2011-04-25,,,,,False
2011-04-26,,,,,False
2011-04-27,,,,,False
2011-04-28,,,,,False
2011-04-29,,,,,False
2011-05-02,,,,,False
2011-05-03,,,,,False
2011-05-04,,,,,False
2011-05-05,,,,,False
2011-05-06,,,,,False
2011-05-09,,,,,False
2011-05-10,,,,,False
2011-05-11,,,,,False
2011-05-12,,,,,False
2011-05-13,,,,,False
2011-05-16,,,,,False
2011-05-17,,,,,False
2011-05-18,,,,,False
2011-05-19,,,,,False
2011-05-20,,,,,False
2011-05-23,,,,,False
2011-05-24,,,,,False
2011-05-25,,,,,False
2011-05-26,,,,,False
2011-05-27,,,,,False
2011-05-30,,,,,False
2011-05-31,,,,,False
2011-06-01,,,,,False
2011-06-02,,,,,False
2011-06-03,,,,,False
2011-06-06,,,,,False
2011-06-07,,,,,False
2011-06-08,,,,,False
2011-06-09,,,,,False
2011-06-10,,,,,False
2011-06-13,,,,,False
2011-06-14,,,,,False
2011-06-15,,,,,False
2011-06-16,,,,,False
2011-06-17,,,,,False
2011-06-20,,,,,False
2011-06-21,,,,,False
2011-06-22,,,,,False
2011-06-23,,,,,False
2011-06-24,,,,,False
2011-06-27,,,,,False
2011-06-28,,,,,False
2011-06-29,,,,,False
2011-06-30,,,,,False
2011-07-01,,,,,False
2011-07-04,,,,,False
2011-07-05,,,,,False
2011-07-06,,,,,False
2011-07-07,,,,,False
2011-07-08,,,,,False
2011-07-11,,,,,False
2011-07-12,,,,,False
2011-07-13,,,,,False
2011-07-14,,,,,False
2011-07-15,,,,,False
2011-07-18,,,,,False
2011-07-19,,,,,False
2011-07-20,,,,,False
2011-07-21,,,,,False
2011-07-22,,,,,False
2011-07-25,,,,,False
2011-07-26,,,,,False
2011-07-27,,,,,False
2011-07-28,,,,,False
2011-07-29,,,,,False
2011-08-01,,,,,False
2011-08-02,,,,,False
2011-08-03,,,,,False
2011-08-04,,,,,False
2011-08-05,,,,,False
2011-08-08,,,,,False
2011-08-09,,,,,False
2011-08-10,,,,,False
2011-08-11,,,,,False
2011-08-12,,,,,False
2011-08-15,,,,,False
2011-08-16,,,,,False
2011-08-17,,,,,False
2011-08-18,,,,,False
2011-08-19,,,,,False
2011-08-22,,,,,False
2011-08-23,,,,,False
2011-08-24,,,,,False
2011-08-25,,,,,False
2011-08-26,,,,,False
2011-08-29,,,,,False
2011-08-30,,,,,False
2011-08-31,,,,,False
2011-09-01,,,,,False
2011-09-02,,,,,False
2011-09-05,,,,,False
2011-09-06,,,,,False
2011-09-07,,,,,False
2011-09-08,,,,,False
2011-09-09,,,,,False
2011-09-12,,,,,False
2011-09-13,,,,,False
2011-09-14,,,,,False
2011-09-15,,,,,False
2011-09-16,,,,,False
2011-09-19,,,,,False
2011-09-20,,,,,False
2011-09-21,,,,,False
2011-09-22,,,,,False
2011-09-23,,,,,False
2011-09-26,,,,,False
2011-09-27,,,,,False
2011-09-28,,,,,False
2011-09-29,,,,,False
2011-09-30,,,,,False
2011-10-03,,,,,False
2011-10-04,,,,,False
2011-10-05,,,,,False
2011-10-06,,,,,False
2011-10-07,,,,,False
2011-10-10,,,,,False
2011-10-11,,,,,False
2011-10-12,,,,,False
2011-10-13,,,,,False
2011-10-14,,,,,False
2011-10-17,,,,,False
2011-10-18,,,,,False
2011-10-19,,,,,False
2011-10-20,,,,,False
2011-10-21,,,,,False
2011-10-24,,,,,False
2011-10-25,,,,,False
2011-10-26,,,,,False
2011-10-27,,,,,False
2011-10-28,,,,,False
2011-10-31,,,,,False
2011-11-01,,,,,False
2011-11-02,,,,,False
2011-11-03,,,,,False
2011-11-04,,,,,False
2011-11-07,,,,,False
2011-11-08,,,,,False
2011-11-09,,,,,False
2011-11-10,,,,,False
2011-11-11,,,,,False
2011-11-14,,,,,False
2011-11-15,,,,,False
2011-11-16,,,,,False
2011-11-17,,,,,False
2011-11-18,,,,,False
2011-11-21,,,,,False
2011-11-22,,,,,False
2011-11-23,,,,,False
2011-11-24,,,,,False
2011-11-25,,,,,False
2011-11-28,,,,,False
2011-11-29,,,,,False
2011-11-30,,,,,False
2011-12-01,,,,,False
2011-12-02,,,,,False
2011-12-05,,,,,False
2011-12-06,,,,,False
2011-12-07,,,,,False
2011-12-08,,,,,False
2011-12-09,,,,,False
2011-12-12,,,,,False
2011-12-13,,,,,False
2011-12-14,,,,,False
2011-12-15,,,,,False
2011-12-16,,,,,False
2011-12-19,,,,,False
2011-12-20,,,,,False
2011-12-21,,,,,False
2011-12-22,,,,,False
2011-12-23,,,,,False
2011-12-26,,,,,False
2011-12-27,,,,,False
2011-12-28,,,,,False
2011-12-29,,,,,False
2011-12-30,,,,,False
2012-01-02,,,,,False
2012-01-03,,,,,False
2012-01-04,,,,,False
2012-01-05,,,,,False
2012-01-06,,,,,False
2012-01-09,,,,,False
2012-01-10,,,,,False
2012-01-11,,,,,False
2012-01-12,,,,,False
2012-01-13,,,,,False
2012-01-16,,,,,False
2012-01-17,,,,,False
2012-01-18,,,,,False
2012-01-19,,,,,False
2012-01-20,,,,,False
2012-01-23,,,,,False
2012-01-24,,,,,False
2012-01-25,,,,,False
2012-01-26,,,,,False
2012-01-27,,,,,False
2012-01-30,,,,,False
2012-01-31,,,,,False
2012-02-01,,,,,False
2012-02-02,,,,,False
2012-02-03,,,,,False
2012-02-06,,,,,False
2012-02-07,,,,,False
2012-02-08,,,,,False
2012-02-09,,,,,False
2012-02-10,,,,,False
2012-02-13,,,,,False
2012-02-14,,,,,False
2012-02-15,,,,,False
2012-02-16,,,,,False
2012-02-17,,,,,False
2012-02-20,,,,,False
2012-02-21,,,,,False
2012-02-22,,,,,False
2012-02-23,,,,,False
2012-02-24,,,,,False
2012-02-27,,,,,False
2012-02-28,,,,,False
2012-02-29,,,,,False
2012-03-01,,,,,False
2012-03-02,,,,,False
2012-03-05,,,,,False
2012-03-06,,,,,False
2012-03-07,,,,,False
2012-03-08,,,,,False
2012-03-09,,,,,False
2012-03-12,,,,,False
2012-03-13,,,,,False
2012-03-14,,,,,False
2012-03-15,,,,,False
2012-03-16,,,,,False
2012-03-19,,,,,False
2012-03-20,,,,,False
2012-03-21,,,,,False
2012-03-22,,,,,False
2012-03-23,,,,,False
2012-03-26,,,,,False
2012-03-27,,,,,False
2012-03-28,,,,,False
2012-03-29,,,,,False
2012-03-30,,,,,False
2012-04-02,,,,,False
2012-04-03,,,,,False
2012-04-04,,,,,False
2012-04-05,,,,,False
2012-04-06,,,,,False
2012-04-09,,,,,False
2012-04-10,,,,,False
2012-04-11,,,,,False
2012-04-12,,,,,False
2012-04-13,,,,,False
2012-04-16,,,,,False
2012-04-17,,,,,False
2012-04-18,,,,,False
2012-04-19,,,,,False
2012-04-20,,,,,False
2012-04-23,,,,,False
2012-04-24,,,,,False
2012-04-25,,,,,False
2012-04-26,,,,,False
2012-04-27,,,,,False
2012-04-30,,,,,False
2012-05-01,,,,,False
2012-05-02,,,,,False
2012-05-03,,,,,False
2012-05-04,,,,,False
2012-05-07,,,,,False
2012-05-08,,,,,False
2012-05-09,,,,,False
2012-05-10,,,,,False
2012-05-11,,,,,False
2012-05-14,,,,,False
2012-05-15,,,,,False
2012-05-16,,,,,False
2012-05-17,,,,,False
2012-05-18,,,,,False
2012-05-21,,,,,False
2012-05-22,,,,,False
2012-05-23,,,,,False
2012-05-24,,,,,False
2012-05-25,,,,,False
2012-05-28,,,,,False
2012-05-29,,,,,False
2012-05-30,,,,,False
2012-05-31,,,,,False
2012-06-01,,,,,False
2012-06-04,,,,,False
2012-06-05,,,,,False
2012-06-06,,,,,False
2012-06-07,,,,,False
2012-06-08,,,,,False
2012-06-11,,,,,False
2012-06-12,,,,,False
2012-06-13,,,,,False
2012-06-14,,,,,False
2012-06-15,,,,,False
2012-06-18,,,,,False
2012-06-19,,,,,False
2012-06-20,,,,,False
2012-06-21,,,,,False
2012-06-22,,,,,False
2012-06-25,,,,,False
2012-06-26,,,,,False
2012-06-27,,,,,False
2012-06-28,,,,,False
2012-06-29,,,,,False
2012-07-02,,,,,False
2012-07-03,,,,,False
2012-07-04,,,,,False
2012-07-05,,,,,False
2012-07-06,,,,,False
2012-07-09,,,,,False
2012-07-10,,,,,False
2012-07-11,,,,,False
2012-07-12,,,,,False
2012-07-13,,,,,False
2012-07-16,,,,,False
2012-07-17,,,,,False
2012-07-18,,,,,False
2012-07-19,,,,,False
2012-07-20,,,,,False
2012-07-23,,,,,False
2012-07-24,,,,,False
2012-07-25,,,,,False
2012-07-26,,,,,False
2012-07-27,,,,,False
2012-07-30,,,,,False
2012-07-31,,,,,False
2012-08-01,,,,,False
2012-08-02,,,,,False
2012-08-03,,,,,False
2012-08-06,,,,,False
2012-08-07,,,,,False
2012-08-08,,,,,False
2012-08-09,,,,,False
2012-08-10,,,,,False
2012-08-13,,,,,False
2012-08-14,,,,,False
2012-08-15,,,,,False
2012-08-16,,,,,False
2012-08-17,,,,,False
2012-08-20,,,,,False
2012-08-21,,,,,False
2012-08-22,,,,,False
2012-08-23,,,,,False
2012-08-24,,,,,False
2012-08-27,,,,,False
2012-08-28,,,,,False
2012-08-29,,,,,False
2012-08-30,,,,,False
2012-08-31,,,,,False
2012-09-03,,,,,False
2012-09-04,,,,,False
2012-09-05,,,,,False
2012-09-06,,,,,False
2012-09-07,,,,,False
2012-09-10,,,,,False
2012-09-11,,,,,False
2012-09-12,,,,,False
2012-09-13,,,,,False
2012-09-14,,,,,False
2012-09-17,,,,,False
2012-09-18,,,,,False
2012-09-19,,,,,False
2012-09-20,,,,,False
2012-09-21,,,,,False
2012-09-24,,,,,False
2012-09-25,,,,,False
2012-09-26,,,,,False
2012-09-27,,,,,False
2012-09-28,,,,,False
2012-10-01,,,,,False
2012-10-02,,,,,False
2012-10-03,,,,,False
2012-10-04,,,,,False
2012-10-05,,,,,False
2012-10-08,,,,,False
2012-10-09,,,,,False
2012-10-10,,,,,False
2012-10-11,,,,,False
2012-10-12,,,,,False
2012-10-15,,,,,False
2012-10-16,,,,,False
2012-10-17,,,,,False
2012-10-18,,,,,False
2012-10-19,,,,,False
2012-10-22,,,,,False
2012-10-23,,,,,False
2012-10-24,,,,,False
2012-10-25,,,,,False
2012-10-26,,,,,False
2012-10-29,,,,,False
2012-10-30,,,,,False
2012-10-31,,,,,False
2012-11-01,,,,,False
2012-11-02,,,,,False
2012-11-05,,,,,False
2012-11-06,,,,,False
2012-11-07,,,,,False
2012-11-08,,,,,False
2012-11-09,,,,,False
2012-11-12,,,,,False
2012-11-13,,,,,False
2012-11-14,,,,,False
2012-11-15,,,,,False
2012-11-16,,,,,False
2012-11-19,,,,,False
2012-11-20,,,,,False
2012-11-21,,,,,False
2012-11-22,,,,,False
2012-11-23,,,,,False
2012-11-26,,,,,False
2012-11-27,,,,,False
2012-11-28,,,,,False
2012-11-29,,,,,False
2012-11-30,,,,,False
2012-12-03,,,,,False
2012-12-04,,,,,False
2012-12-05,,,,,False
2012-12-06,,,,,False
2012-12-07,,,,,False
2012-12-10,,,,,False
2012-12-11,,,,,False
2012-12-12,,,,,False
2012-12-13,,,,,False
2012-12-14,,,,,False
2012-12-17,,,,,False
2012-12-18,,,,,False
2012-12-19,,,,,False
2012-12-20,,,,,False
2012-12-21,,,,,False
2012-12-24,,,,,False
2012-12-25,,,,,False
2012-12-26,,,,,False
2012-12-27,,,,,False
2012-12-28,,,,,False
2012-12-31,,,,,False
2013-01-01,,,,,False
2013-01-02,,,,,False
2013-01-03,,,,,False
2013-01-04,,,,,False
2013-01-07,,,,,False
2013-01-08,,,,,False
2013-01-09,,,,,False
2013-01-10,,,,,False
2013-01-11,,,,,False
2013-01-14,,,,,False
2013-01-15,,,,,False
2013-01-16,,,,,False
2013-01-17,,,,,False
2013-01-18,,,,,False
2013-01-21,,,,,False
2013-01-22,,,,,False
2013-01-23,,,,,False
2013-01-24,,,,,False
2013-01-25,,,,,False
2013-01-28,,,,,False
2013-01-29,,,,,False
2013-01-30,,,,,False
2013-01-31,,,,,False
2013-02-01,,,,,False
2013-02-04,,,,,False
2013-02-05,,,,,False
2013-02-06,,,,,False
2013-02-07,,,,,False
2013-02-08,,,,,False
2013-02-11,,,,,False
2013-02-12,,,,,False
2013-02-13,,,,,False
2013-02-14,,,,,False
2013-02-15,,,,,False
2013-02-18,,,,,False
2013-02-19,,,,,False
2013-02-20,,,,,False
2013-02-21,,,,,False
2013-02-22,,,,,False
2013-02-25,,,,,False
2013-02-26,,,,,False
2013-02-27,,,,,False
2013-02-28,,,,,False
2013-03-01,,,,,False
2013-03-04,,,,,False
2013-03-05,,,,,False
2013-03-06,,,,,False
2013-03-07,,,,,False
2013-03-08,,,,,False
2013-03-11,,,,,False
2013-03-12,,,,,False
2013-03-13,,,,,False
2013-03-14,,,,,False
2013-03-15,,,,,False
2013-03-18,,,,,False
2013-03-19,,,,,False
2013-03-20,,,,,False
2013-03-21,,,,,False
2013-03-22,,,,,False
2013-03-25,,,,,False
2013-03-26,,,,,False
2013-03-27,,,,,False
2013-03-28,,,,,False
2013-03-29,,,,,False
2013-04-01,,,,,False
2013-04-02,,,,,False
2013-04-03,,,,,False
2013-04-04,,,,,False
2013-04-05,,,,,False
2013-04-08,,,,,False
2013-04-09,,,,,False
2013-04-10,,,,,False
2013-04-11,,,,,False
2013-04-12,,,,,False
2013-04-15,,,,,False
2013-04-16,,,,,False
2013-04-17,,,,,False
2013-04-18,,,,,False
2013-04-19,,,,,False
2013-04-22,,,,,False
2013-04-23,,,,,False
2013-04-24,,,,,False
2013-04-25,,,,,False
2013-04-26,,,,,False
2013-04-29,,,,,False
2013-04-30,,,,,False
2013-05-01,,,,,False
2013-05-02,,,,,False
2013-05-03,,,,,False
2013-05-06,,,,,False
2013-05-07,,,,,False
2013-05-08,,,,,False
2013-05-09,,,,,False
2013-05-10,,,,,False
2013-05-13,,,,,False
2013-05-14,,,,,False
2013-05-15,,,,,False
2013-05-16,,,,,False
2013-05-17,,,,,False
2013-05-20,,,,,False
2013-05-21,,,,,False
2013-05-22,,,,,False
2013-05-23,,,,,False
2013-05-24,,,,,False
2013-05-27,,,,,False
2013-05-28,,,,,False
2013-05-29,,,,,False
2013-05-30,,,,,False
2013-05-31,,,,,False
2013-06-03,,,,,False
2013-06-04,,,,,False
2013-06-05,,,,,False
2013-06-06,,,,,False
2013-06-07,,,,,False
2013-06-10,,,,,False
2013-06-11,,,,,False
2013-06-12,,,,,False
2013-06-13,,,,,False
2013-06-14,,,,,False
2013-06-17,,,,,False
2013-06-18,,,,,False
2013-06-19,,,,,False
2013-06-20,,,,,False
2013-06-21,,,,,False
2013-06-24,,,,,False
2013-06-25,,,,,False
2013-06-26,,,,,False
2013-06-27,,,,,False
2013-06-28,,,,,False
2013-07-01,,,,,False
2013-07-02,,,,,False
2013-07-03,,,,,False
2013-07-04,,,,,False
2013-07-05,,,,,False
2013-07-08,,,,,False
2013-07-09,,,,,False
2013-07-10,,,,,False
2013-07-11,,,,,False
2013-07-12,,,,,False
2013-07-15,,,,,False
2013-07-16,,,,,False
2013-07-17,,,,,False
2013-07-18,,,,,False
2013-07-19,,,,,False
2013-07-22,,,,,False
2013-07-23,,,,,False
2013-07-24,,,,,False
2013-07-25,,,,,False
2013-07-26,,,,,False
2013-07-29,,,,,False
2013-07-30,,,,,False
2013-07-31,,,,,False
2013-08-01,,,,,False
2013-08-02,,,,,False
2013-08-05,,,,,False
2013-08-06,,,,,False
2013-08-07,,,,,False
2013-08-08,,,,,False
2013-08-09,,,,,False
2013-08-12,,,,,False
2013-08-13,,,,,False
2013-08-14,,,,,False
2013-08-15,,,,,False
2013-08-16,,,,,False
2013-08-19,,,,,False
2013-08-20,,,,,False
2013-08-21,,,,,False
2013-08-22,,,,,False
2013-08-23,,,,,False
2013-08-26,,,,,False
2013-08-27,,,,,False
2013-08-28,,,,,False
2013-08-29,,,,,False
2013-08-30,,,,,False
2013-09-02,,,,,False
2013-09-03,,,,,False
2013-09-04,,,,,False
2013-09-05,,,,,False
2013-09-06,,,,,False
2013-09-09,,,,,False
2013-09-10,,,,,False
2013-09-11,,,,,False
2013-09-12,,,,,False
2013-09-13,,,,,False
2013-09-16,,,,,False
2013-09-17,,,,,False
2013-09-18,,,,,False
2013-09-19,,,,,False
2013-09-20,,,,,False
2013-09-23,,,,,False
2013-09-24,,,,,False
2013-09-25,,,,,False
2013-09-26,,,,,False
2013-09-27,,,,,False
2013-09-30,,,,,False
2013-10-01,,,,,False
2013-10-02,,,,,False
2013-10-03,,,,,False
2013-10-04,,,,,False
2013-10-07,,,,,False
2013-10-08,,,,,False
2013-10-09,,,,,False
2013-10-10,,,,,False
2013-10-11,,,,,False
2013-10-14,,,,,False
2013-10-15,,,,,False
2013-10-16,,,,,False
2013-10-17,,,,,False
2013-10-18,,,,,False
2013-10-21,,,,,False
2013-10-22,,,,,False
2013-10-23,,,,,False
2013-10-24,,,,,False
2013-10-25,,,,,False
2013-10-28,,,,,False
2013-10-29,,,,,False
2013-10-30,,,,,False
2013-10-31,,,,,False
2013-11-01,,,,,False
2013-11-04,0.7194152474403381,0.7194152474403381,1.0,0.0,False
2013-11-05,0.6382393836975098,0.6382393836975098,1.0,0.0,False
2013-11-06,0.7102720141410828,0.7102720141410828,2.0,1.0,False
2013-11-07,0.7410881519317627,0.7410881519317627,1.0,0.0,False
2013-11-08,0.5859770178794861,0.5859770178794861,1.0,0.0,False
2013-11-11,0.44722098112106323,0.44722098112106323,1.0,0.0,False
2013-11-12,0.6085436940193176,0.6085436940193176,0.0,1.0,False
2013-11-13,0.5162834525108337,0.5162834525108337,0.0,1.0,False
2013-11-14,0.4609073996543884,0.4609073996543884,0.0,0.0,False
2013-11-15,0.5256725549697876,0.5256725549697876,0.0,1.0,False
2013-11-18,0.7182596325874329,0.7182596325874329,0.0,1.0,False
2013-11-19,0.595538318157196,0.595538318157196,0.0,1.0,False
2013-11-20,0.40612533688545227,0.40612533688545227,0.0,0.0,False
2013-11-21,0.5983695387840271,0.5983695387840271,0.0,1.0,False
2013-11-22,0.7449800968170166,0.7449800968170166,0.0,1.0,False
2013-11-25,0.6049101948738098,0.6049101948738098,0.0,1.0,False
2013-11-26,0.4509023427963257,0.4509023427963257,0.0,0.0,False
2013-11-27,0.6428610682487488,0.6428610682487488,0.0,1.0,False
2013-11-28,0.5446076989173889,0.5446076989173889,0.0,1.0,False
2013-11-29,0.48374953866004944,0.48374953866004944,0.0,0.0,False
2013-12-02,0.46485355496406555,0.46485355496406555,0.0,0.0,False
2013-12-03,0.6358039379119873,0.6358039379119873,0.0,1.0,False
2013-12-04,0.7143376469612122,0.7143376469612122,0.0,1.0,False
2013-12-05,0.6948899030685425,0.6948899030685425,0.0,1.0,False
2013-12-06,0.6637885570526123,0.6637885570526123,0.0,1.0,False
2013-12-09,0.6653167009353638,0.6653167009353638,0.0,1.0,False
2013-12-10,0.6014812588691711,0.6014812588691711,0.0,1.0,False
2013-12-11,0.7658401131629944,0.7658401131629944,0.0,1.0,False
2013-12-12,0.6493126749992371,0.6493126749992371,0.0,1.0,False
2013-12-13,0.7540361285209656,0.7540361285209656,0.0,1.0,False
2013-12-16,0.6535914540290833,0.6535914540290833,0.0,1.0,False
2013-12-17,0.5129673480987549,0.5129673480987549,0.0,1.0,False
2013-12-18,0.49016955494880676,0.49016955494880676,0.0,0.0,False
2013-12-19,0.5940414071083069,0.5940414071083069,0.0,1.0,False
2013-12-20,0.5628930926322937,0.5628930926322937,0.0,1.0,False
2013-12-23,0.5780936479568481,0.5780936479568481,0.0,1.0,False
2013-12-24,0.6060067415237427,0.6060067415237427,0.0,1.0,False
2013-12-25,0.482063889503479,0.482063889503479,0.0,0.0,False
2013-12-26,0.6470757126808167,0.6470757126808167,0.0,1.0,False
2013-12-27,0.7930051684379578,0.7930051684379578,0.0,1.0,False
2013-12-30,0.6019214987754822,0.6019214987754822,0.0,1.0,False
2013-12-31,0.6313778162002563,0.6313778162002563,0.0,1.0,False
2014-01-01,0.604485034942627,0.604485034942627,0.0,1.0,False
2014-01-02,0.6777682900428772,0.6777682900428772,0.0,1.0,False
2014-01-03,0.5957599878311157,0.5957599878311157,0.0,1.0,False
2014-01-06,0.5793216228485107,0.5793216228485107,0.0,1.0,False
2014-01-07,0.6031047701835632,0.6031047701835632,0.0,1.0,False
2014-01-08,0.43270769715309143,0.43270769715309143,0.0,0.0,False
2014-01-09,0.40670767426490784,0.40670767426490784,0.0,0.0,False
2014-01-10,0.7576294541358948,0.7576294541358948,0.0,1.0,False
2014-01-13,0.5781602263450623,0.5781602263450623,0.0,1.0,False
2014-01-14,0.5105680823326111,0.5105680823326111,0.0,1.0,False
2014-01-15,0.7843299508094788,0.7843299508094788,1.0,0.0,False
2014-01-16,0.7697520852088928,0.7697520852088928,1.0,0.0,False
2014-01-17,0.6960172653198242,0.6960172653198242,1.0,0.0,False
2014-01-20,0.7417576313018799,0.7417576313018799,1.0,0.0,False
2014-01-21,0.7870416045188904,0.7870416045188904,1.0,0.0,False
2014-01-22,0.7715591192245483,0.7715591192245483,1.0,0.0,False
2014-01-23,0.7106053829193115,0.7106053829193115,1.0,0.0,False
2014-01-24,0.7265196442604065,0.7265196442604065,1.0,0.0,False
2014-01-27,0.4402589499950409,0.4402589499950409,1.0,0.0,False
2014-01-28,0.5286045670509338,0.5286045670509338,1.0,0.0,False
2014-01-29,0.8338404297828674,0.8338404297828674,1.0,0.0,False
2014-01-30,0.7955605983734131,0.7955605983734131,1.0,0.0,False
2014-01-31,0.6847191452980042,0.6847191452980042,1.0,0.0,False
2014-02-03,0.7668793797492981,0.7668793797492981,1.0,0.0,False
2014-02-04,0.6229417324066162,0.6229417324066162,1.0,0.0,False
2014-02-05,0.5194727182388306,0.5194727182388306,1.0,0.0,False
2014-02-06,0.5217450261116028,0.5217450261116028,1.0,0.0,False
2014-02-07,0.6738851070404053,0.6738851070404053,1.0,0.0,False
2014-02-10,0.6799141764640808,0.6799141764640808,1.0,0.0,False
2014-02-11,0.3867265582084656,0.3867265582084656,1.0,0.0,False
2014-02-12,0.4694400429725647,0.4694400429725647,1.0,0.0,False
2014-02-13,0.7046253681182861,0.7046253681182861,1.0,0.0,False
2014-02-14,0.5594964623451233,0.5594964623451233,1.0,0.0,False
2014-02-17,0.6801662445068359,0.6801662445068359,1.0,0.0,False
2014-02-18,0.7782037854194641,0.7782037854194641,1.0,0.0,False
2014-02-19,0.6545878052711487,0.6545878052711487,1.0,0.0,False
2014-02-20,0.5264081954956055,0.5264081954956055,1.0,0.0,False
2014-02-21,0.512569010257721,0.512569010257721,1.0,0.0,False
2014-02-24,0.5659759044647217,0.5659759044647217,1.0,0.0,False
2014-02-25,0.5054311156272888,0.5054311156272888,1.0,0.0,False
2014-02-26,0.43199747800827026,0.43199747800827026,1.0,0.0,False
2014-02-27,0.46612176299095154,0.46612176299095154,1.0,0.0,False
2014-02-28,0.4087256193161011,0.4087256193161011,1.0,0.0,False
2014-03-03,0.27881231904029846,0.27881231904029846,1.0,0.0,False
2014-03-04,0.36492156982421875,0.36492156982421875,1.0,0.0,False
2014-03-05,0.7252265214920044,0.7252265214920044,1.0,0.0,False
2014-03-06,0.6329314708709717,0.6329314708709717,1.0,0.0,False
2014-03-07,0.6108059287071228,0.6108059287071228,1.0,0.0,False
2014-03-10,0.5049431920051575,0.5049431920051575,1.0,0.0,False
2014-03-11,0.4397619962692261,0.4397619962692261,1.0,0.0,False
2014-03-12,0.40327027440071106,0.40327027440071106,1.0,0.0,False
2014-03-13,0.5733723640441895,0.5733723640441895,1.0,0.0,False
2014-03-14,0.31442564725875854,0.31442564725875854,1.0,0.0,False
2014-03-17,0.3025430142879486,0.3025430142879486,1.0,0.0,False
2014-03-18,0.43277662992477417,0.43277662992477417,1.0,0.0,False
2014-03-19,0.4570281505584717,0.4570281505584717,1.0,0.0,False
2014-03-20,0.37639936804771423,0.37639936804771423,1.0,0.0,False
2014-03-21,0.5214444398880005,0.5214444398880005,1.0,0.0,False
2014-03-24,0.43238571286201477,0.43238571286201477,1.0,0.0,False
2014-03-25,0.4313005805015564,0.4313005805015564,1.0,0.0,False
2014-03-26,0.5651186108589172,0.5651186108589172,0.0,1.0,False
2014-03-27,0.7605594992637634,0.7605594992637634,0.0,1.0,False
2014-03-28,0.7318102121353149,0.7318102121353149,0.0,1.0,False
2014-03-31,0.7730734348297119,0.7730734348297119,0.0,1.0,False
2014-04-01,0.7503653168678284,0.7503653168678284,0.0,1.0,False
2014-04-02,0.523521900177002,0.523521900177002,0.0,1.0,False
2014-04-03,0.5656803250312805,0.5656803250312805,0.0,1.0,False
2014-04-04,0.7400186061859131,0.7400186061859131,0.0,1.0,False
2014-04-07,0.4534584581851959,0.4534584581851959,0.0,0.0,False
2014-04-08,0.327230304479599,0.327230304479599,0.0,0.0,False
2014-04-09,0.4064347743988037,0.4064347743988037,0.0,0.0,False
2014-04-10,0.4887169301509857,0.4887169301509857,0.0,0.0,False
2014-04-11,0.6021091938018799,0.6021091938018799,0.0,1.0,False
2014-04-14,0.43899381160736084,0.43899381160736084,0.0,0.0,False
2014-04-15,0.3616342544555664,0.3616342544555664,0.0,0.0,False
2014-04-16,0.36647269129753113,0.36647269129753113,0.0,0.0,False
2014-04-17,0.5040638446807861,0.5040638446807861,0.0,1.0,False
2014-04-18,0.4588160812854767,0.4588160812854767,0.0,0.0,False
2014-04-21,0.7577620148658752,0.7577620148658752,0.0,1.0,False
2014-04-22,0.4412088096141815,0.4412088096141815,1.0,0.0,False
2014-04-23,0.5065664052963257,0.5065664052963257,0.0,1.0,False
2014-04-24,0.6294893622398376,0.6294893622398376,0.0,1.0,False
2014-04-25,0.591442883014679,0.591442883014679,0.0,1.0,False
2014-04-28,0.18444807827472687,0.18444807827472687,0.0,0.0,False
2014-04-29,0.20595358312129974,0.20595358312129974,0.0,0.0,False
2014-04-30,0.6008211970329285,0.6008211970329285,1.0,0.0,False
2014-05-01,0.2898363173007965,0.2898363173007965,1.0,0.0,False
2014-05-02,0.36258992552757263,0.36258992552757263,0.0,0.0,False
2014-05-05,0.225694477558136,0.225694477558136,0.0,0.0,False
2014-05-06,0.2953874170780182,0.2953874170780182,0.0,0.0,False
2014-05-07,0.3390671908855438,0.3390671908855438,0.0,0.0,False
2014-05-08,0.366550087928772,0.366550087928772,0.0,0.0,False
2014-05-09,0.286541223526001,0.286541223526001,0.0,0.0,False
2014-05-12,0.2821955382823944,0.2821955382823944,1.0,0.0,False
2014-05-13,0.47256338596343994,0.47256338596343994,1.0,0.0,False
2014-05-14,0.36252540349960327,0.36252540349960327,0.0,0.0,False
2014-05-15,0.4142295718193054,0.4142295718193054,1.0,0.0,False
2014-05-16,0.23083791136741638,0.23083791136741638,0.0,0.0,False
2014-05-19,0.34037625789642334,0.34037625789642334,0.0,0.0,False
2014-05-20,0.745293378829956,0.745293378829956,0.0,1.0,False
2014-05-21,0.6534736752510071,0.6534736752510071,0.0,1.0,False
2014-05-22,0.5945517420768738,0.5945517420768738,0.0,1.0,False
2014-05-23,0.672738790512085,0.672738790512085,0.0,1.0,False
2014-05-26,0.6290423274040222,0.6290423274040222,0.0,1.0,False
2014-05-27,0.6895975470542908,0.6895975470542908,0.0,1.0,False
2014-05-28,0.527955174446106,0.527955174446106,0.0,1.0,False
2014-05-29,0.4931858479976654,0.4931858479976654,0.0,0.0,False
2014-05-30,0.43334171175956726,0.43334171175956726,0.0,0.0,False
2014-06-02,0.5476447939872742,0.5476447939872742,0.0,1.0,False
2014-06-03,0.4821664094924927,0.4821664094924927,0.0,0.0,False
2014-06-04,0.5241349339485168,0.5241349339485168,0.0,1.0,False
2014-06-05,0.4549952745437622,0.4549952745437622,0.0,0.0,False
2014-06-06,0.6381407976150513,0.6381407976150513,0.0,1.0,False
2014-06-09,0.5129839777946472,0.5129839777946472,0.0,1.0,False
2014-06-10,0.5554187297821045,0.5554187297821045,0.0,1.0,False
2014-06-11,0.7093595266342163,0.7093595266342163,0.0,1.0,False
2014-06-12,0.6339664459228516,0.6339664459228516,0.0,1.0,False
2014-06-13,0.6947422623634338,0.6947422623634338,0.0,1.0,False
2014-06-16,0.6417842507362366,0.6417842507362366,0.0,1.0,False
2014-06-17,0.5726773738861084,0.5726773738861084,0.0,1.0,False
2014-06-18,0.6868787407875061,0.6868787407875061,0.0,1.0,False
2014-06-19,0.7231013774871826,0.7231013774871826,0.0,1.0,False
2014-06-20,0.7462952136993408,0.7462952136993408,0.0,1.0,False
2014-06-23,0.5833471417427063,0.5833471417427063,0.0,1.0,False
2014-06-24,0.6641283631324768,0.6641283631324768,0.0,1.0,False
2014-06-25,0.5347280502319336,0.5347280502319336,0.0,1.0,False
2014-06-26,0.5814237594604492,0.5814237594604492,0.0,1.0,False
2014-06-27,0.5126364231109619,0.5126364231109619,0.0,1.0,False
2014-06-30,0.7530482411384583,0.7530482411384583,0.0,1.0,False
2014-07-01,0.526648759841919,0.526648759841919,0.0,1.0,False
2014-07-02,0.48283737897872925,0.48283737897872925,0.0,0.0,False
2014-07-03,0.479831337928772,0.479831337928772,0.0,0.0,False
2014-07-04,0.41800209879875183,0.41800209879875183,0.0,0.0,False
2014-07-07,0.6287557482719421,0.6287557482719421,0.0,1.0,False
2014-07-08,0.6795778274536133,0.6795778274536133,0.0,1.0,False
2014-07-09,0.4518866240978241,0.4518866240978241,0.0,0.0,False
2014-07-10,0.5563299059867859,0.5563299059867859,0.0,1.0,False
2014-07-11,0.6027058959007263,0.6027058959007263,0.0,1.0,False
2014-07-14,0.5752056241035461,0.5752056241035461,0.0,1.0,False
2014-07-15,0.5090903639793396,0.5090903639793396,0.0,1.0,False
2014-07-16,0.5625872611999512,0.5625872611999512,0.0,1.0,False
2014-07-17,0.40635937452316284,0.40635937452316284,0.0,0.0,False
2014-07-18,0.6617158651351929,0.6617158651351929,0.0,1.0,False
2014-07-21,0.34637075662612915,0.34637075662612915,0.0,0.0,False
2014-07-22,0.4395204484462738,0.4395204484462738,0.0,0.0,False
2014-07-23,0.6073349118232727,0.6073349118232727,0.0,1.0,False
2014-07-24,0.5351100564002991,0.5351100564002991,0.0,1.0,False
2014-07-25,0.48133355379104614,0.48133355379104614,0.0,0.0,False
2014-07-28,0.6165708899497986,0.6165708899497986,0.0,1.0,False
2014-07-29,0.4701409339904785,0.4701409339904785,0.0,0.0,False
2014-07-30,0.4454476535320282,0.4454476535320282,0.0,0.0,False
2014-07-31,0.563962459564209,0.563962459564209,0.0,0.9750233299972811,False
2014-08-01,0.6091908812522888,0.6091908812522888,0.0,0.9750233299972811,False
2014-08-04,0.6224629282951355,0.6224629282951355,0.0,0.9750233299972811,False
2014-08-05,0.4704521596431732,0.4704521596431732,0.0,0.0,False
2014-08-06,0.4470868706703186,0.4470868706703186,0.0,0.0,False
2014-08-07,0.44201022386550903,0.44201022386550903,0.0,0.0,False
2014-08-08,0.5260187387466431,0.5260187387466431,0.0,1.0,False
2014-08-11,0.4828336536884308,0.4828336536884308,0.0,0.0,False
2014-08-12,0.645412266254425,0.645412266254425,0.0,1.0,False
2014-08-13,0.39005932211875916,0.39005932211875916,0.0,0.0,False
2014-08-14,0.6654733419418335,0.6654733419418335,0.0,1.0,False
2014-08-15,0.4965692460536957,0.4965692460536957,0.0,0.0,False
2014-08-18,0.5004640817642212,0.5004640817642212,0.0,1.0,False
2014-08-19,0.5475043058395386,0.5475043058395386,0.0,1.0,False
2014-08-20,0.3854687511920929,0.3854687511920929,0.0,0.0,False
2014-08-21,0.39538469910621643,0.39538469910621643,0.0,0.0,False
2014-08-22,0.6783433556556702,0.6783433556556702,0.0,1.0,False
2014-08-25,0.7772049307823181,0.7772049307823181,0.0,1.0,False
2014-08-26,0.6942515969276428,0.6942515969276428,0.0,1.0,False
2014-08-27,0.48817142844200134,0.48817142844200134,0.0,0.0,False
2014-08-28,0.4785614609718323,0.4785614609718323,0.0,0.0,False
2014-08-29,0.7086265087127686,0.7086265087127686,0.0,1.0,False
2014-09-01,0.573980450630188,0.573980450630188,0.0,1.0,False
2014-09-02,0.7806041836738586,0.7806041836738586,0.0,1.0,False
2014-09-03,0.4449779987335205,0.4449779987335205,0.0,0.0,False
2014-09-04,0.3935946822166443,0.3935946822166443,0.0,0.0,False
2014-09-05,0.3854692280292511,0.3854692280292511,0.0,0.0,False
2014-09-08,0.3496837913990021,0.3496837913990021,0.0,0.0,False
2014-09-09,0.4309372901916504,0.4309372901916504,0.0,0.0,False
2014-09-10,0.6150974631309509,0.6150974631309509,0.0,1.0,False
2014-09-11,0.6248655319213867,0.6248655319213867,0.0,1.0,False
2014-09-12,0.5552273392677307,0.5552273392677307,0.0,1.0,False
2014-09-15,0.5959525108337402,0.5959525108337402,1.0,0.0,False
2014-09-16,0.398957759141922,0.398957759141922,1.0,0.0,False
2014-09-17,0.4510565996170044,0.4510565996170044,1.0,0.0,False
2014-09-18,0.4772445857524872,0.4772445857524872,1.0,0.0,False
2014-09-19,0.7528702616691589,0.7528702616691589,1.0,0.0,False
2014-09-22,0.6999098658561707,0.6999098658561707,1.0,0.0,False
2014-09-23,0.579072117805481,0.579072117805481,1.0,0.0,False
2014-09-24,0.41357794404029846,0.41357794404029846,1.0,0.0,False
2014-09-25,0.7973297834396362,0.7973297834396362,1.0,0.0,False
2014-09-26,0.7000532150268555,0.7000532150268555,1.0,0.0,False
2014-09-29,0.6826683878898621,0.6826683878898621,1.0,0.0,False
2014-09-30,0.537363588809967,0.537363588809967,1.0,0.0,False
2014-10-01,0.49350792169570923,0.49350792169570923,2.0,0.0,False
2014-10-02,0.6547131538391113,0.6547131538391113,2.0,0.42147239639701967,False
2014-10-03,0.6172584295272827,0.6172584295272827,2.0,0.42147239639701967,False
2014-10-06,0.4619418978691101,0.4619418978691101,2.0,0.0,False
2014-10-07,0.5802608132362366,0.5802608132362366,2.0,0.39757028210218553,False
2014-10-08,0.6014084815979004,0.6014084815979004,2.0,0.39757028210218553,False
2014-10-09,0.4228045642375946,0.4228045642375946,2.0,0.0,False
2014-10-10,0.44712066650390625,0.44712066650390625,2.0,0.0,False
2014-10-13,0.540297269821167,0.540297269821167,2.0,0.4301041343301849,False
2014-10-14,0.5573732852935791,0.5573732852935791,2.0,0.4301041343301849,False
2014-10-15,0.6662100553512573,0.6662100553512573,2.0,0.4301041343301849,False
2014-10-16,0.6307464241981506,0.6307464241981506,2.0,0.4301041343301849,False
2014-10-17,0.7035338878631592,0.7035338878631592,2.0,0.4301041343301849,False
2014-10-20,0.8035728335380554,0.8035728335380554,2.0,0.4301041343301849,False
2014-10-21,0.6761841177940369,0.6761841177940369,2.0,0.4301041343301849,False
2014-10-22,0.5134614109992981,0.5134614109992981,2.0,0.4301041343301849,False
2014-10-23,0.6190581321716309,0.6190581321716309,2.0,0.4301041343301849,False
2014-10-24,0.7377237677574158,0.7377237677574158,2.0,0.5311295142693653,False
2014-10-27,0.7303704023361206,0.7303704023361206,2.0,0.5311295142693653,False
2014-10-28,0.6442890763282776,0.6442890763282776,2.0,0.5311295142693653,False
2014-10-29,0.177677720785141,0.177677720785141,2.0,0.0,False
2014-10-30,0.1946897953748703,0.1946897953748703,2.0,0.0,False
2014-10-31,0.2221481204032898,0.2221481204032898,1.0,0.0,False
2014-11-03,0.105995312333107,0.105995312333107,1.0,0.0,False
2014-11-04,0.1432633399963379,0.1432633399963379,1.0,0.0,False
2014-11-05,0.36384889483451843,0.36384889483451843,1.0,0.0,False
2014-11-06,0.13940827548503876,0.13940827548503876,1.0,0.0,False
2014-11-07,0.256598562002182,0.256598562002182,2.0,0.0,False
2014-11-10,0.25345519185066223,0.25345519185066223,2.0,0.0,False
2014-11-11,0.21635116636753082,0.21635116636753082,2.0,0.0,False
2014-11-12,0.32359251379966736,0.32359251379966736,2.0,0.0,False
2014-11-13,0.39025333523750305,0.39025333523750305,2.0,0.0,False
2014-11-14,0.4823282063007355,0.4823282063007355,2.0,0.0,False
2014-11-17,0.4905727803707123,0.4905727803707123,2.0,0.0,False
2014-11-18,0.6112561225891113,0.6112561225891113,2.0,0.9071596036062124,False
2014-11-19,0.7064289450645447,0.7064289450645447,2.0,0.9071596036062124,False
2014-11-20,0.6819087862968445,0.6819087862968445,2.0,0.9071596036062124,False
2014-11-21,0.4977878928184509,0.4977878928184509,2.0,0.0,False
2014-11-24,0.5030228495597839,0.5030228495597839,2.0,0.8661241419132714,False
2014-11-25,0.4784550070762634,0.4784550070762634,2.0,0.0,False
2014-11-26,0.30523398518562317,0.30523398518562317,2.0,0.0,False
2014-11-27,0.281773179769516,0.281773179769516,0.0,0.0,False
2014-11-28,0.3057400584220886,0.3057400584220886,0.0,0.0,False
2014-12-01,0.35936781764030457,0.35936781764030457,0.0,0.0,False
2014-12-02,0.23158259689807892,0.23158259689807892,0.0,0.0,False
2014-12-03,0.3176414370536804,0.3176414370536804,0.0,0.0,False
2014-12-04,0.20480330288410187,0.20480330288410187,0.0,0.0,False
2014-12-05,0.27206292748451233,0.27206292748451233,0.0,0.0,False
2014-12-08,0.3643658757209778,0.3643658757209778,0.0,0.0,False
2014-12-09,0.3782048225402832,0.3782048225402832,0.0,0.0,False
2014-12-10,0.32604336738586426,0.32604336738586426,0.0,0.0,False
2014-12-11,0.3316009044647217,0.3316009044647217,0.0,0.0,False
2014-12-12,0.44756707549095154,0.44756707549095154,0.0,0.0,False
2014-12-15,0.3188146948814392,0.3188146948814392,0.0,0.0,False
2014-12-16,0.2913725972175598,0.2913725972175598,0.0,0.0,False
2014-12-17,0.1690792441368103,0.1690792441368103,0.0,0.0,False
2014-12-18,0.3517060875892639,0.3517060875892639,0.0,0.0,False
2014-12-19,0.11072833836078644,0.11072833836078644,0.0,0.0,False
2014-12-22,0.20865963399410248,0.20865963399410248,0.0,0.0,False
2014-12-23,0.4492488503456116,0.4492488503456116,0.0,0.0,False
2014-12-24,0.3365809917449951,0.3365809917449951,0.0,0.0,False
2014-12-25,0.2682977020740509,0.2682977020740509,0.0,0.0,False
2014-12-26,0.28334394097328186,0.28334394097328186,0.0,0.0,False
2014-12-29,0.48655447363853455,0.48655447363853455,0.0,0.0,False
2014-12-30,0.5063718557357788,0.5063718557357788,0.0,0.9443034364437194,False
2014-12-31,0.49728816747665405,0.49728816747665405,0.0,0.0,False
2015-01-01,0.36222735047340393,0.36222735047340393,1.0,0.0,False
2015-01-02,0.2717905342578888,0.2717905342578888,1.0,0.0,False
2015-01-05,0.6061108708381653,0.6061108708381653,1.0,0.0,False
2015-01-06,0.4498087763786316,0.4498087763786316,1.0,0.0,False
2015-01-07,0.5713673830032349,0.5713673830032349,2.0,0.826489890527879,False
2015-01-08,0.602411150932312,0.602411150932312,1.0,0.0,False
2015-01-09,0.4294975697994232,0.4294975697994232,1.0,0.0,False
2015-01-12,0.4387109577655792,0.4387109577655792,0.0,0.0,False
2015-01-13,0.41748741269111633,0.41748741269111633,2.0,0.0,False
2015-01-14,0.4293774366378784,0.4293774366378784,0.0,0.0,False
2015-01-15,0.49926507472991943,0.49926507472991943,0.0,0.0,False
2015-01-16,0.6254591345787048,0.6254591345787048,2.0,0.8455161640656941,False
2015-01-19,0.7722916603088379,0.7722916603088379,2.0,0.8455161640656941,False
2015-01-20,0.6835718750953674,0.6835718750953674,0.0,0.8455161640656941,False
2015-01-21,0.5178421139717102,0.5178421139717102,0.0,0.8455161640656941,False
2015-01-22,0.5730333924293518,0.5730333924293518,2.0,0.8455161640656941,False
2015-01-23,0.5796157121658325,0.5796157121658325,2.0,0.8455161640656941,False
2015-01-26,0.7229851484298706,0.7229851484298706,0.0,0.8455161640656941,False
2015-01-27,0.46685782074928284,0.46685782074928284,0.0,0.0,False
2015-01-28,0.7548151612281799,0.7548151612281799,2.0,0.8336140786986679,False
2015-01-29,0.24764011800289154,0.24764011800289154,0.0,0.0,False
2015-01-30,0.313576340675354,0.313576340675354,1.0,0.0,False
2015-02-02,0.43438172340393066,0.43438172340393066,1.0,0.0,False
2015-02-03,0.35509270429611206,0.35509270429611206,1.0,0.0,False
2015-02-04,0.4391559660434723,0.4391559660434723,1.0,0.0,False
2015-02-05,0.49769479036331177,0.49769479036331177,1.0,0.0,False
2015-02-06,0.6586548089981079,0.6586548089981079,1.0,0.0,False
2015-02-09,0.359607994556427,0.359607994556427,1.0,0.0,False
2015-02-10,0.4735417366027832,0.4735417366027832,1.0,0.0,False
2015-02-11,0.5093444585800171,0.5093444585800171,1.0,0.0,False
2015-02-12,0.5734816193580627,0.5734816193580627,1.0,0.0,False
2015-02-13,0.47782817482948303,0.47782817482948303,1.0,0.0,False
2015-02-16,0.3783445358276367,0.3783445358276367,1.0,0.0,False
2015-02-17,0.5367558598518372,0.5367558598518372,1.0,0.0,False
2015-02-18,0.6961128115653992,0.6961128115653992,1.0,0.0,False
2015-02-19,0.3389444053173065,0.3389444053173065,1.0,0.0,False
2015-02-20,0.3294043242931366,0.3294043242931366,1.0,0.0,False
2015-02-23,0.46115896105766296,0.46115896105766296,1.0,0.0,False
2015-02-24,0.36374610662460327,0.36374610662460327,1.0,0.0,False
2015-02-25,0.628068208694458,0.628068208694458,1.0,0.0,False
2015-02-26,0.5398714542388916,0.5398714542388916,1.0,0.0,False
2015-02-27,0.5173715353012085,0.5173715353012085,1.0,0.0,False
2015-03-02,0.46651554107666016,0.46651554107666016,1.0,0.0,False
2015-03-03,0.7109313011169434,0.7109313011169434,1.0,0.0,False
2015-03-04,0.6308962106704712,0.6308962106704712,1.0,0.0,False
2015-03-05,0.29834723472595215,0.29834723472595215,1.0,0.0,False
2015-03-06,0.3809543550014496,0.3809543550014496,1.0,0.0,False
2015-03-09,0.5207629799842834,0.5207629799842834,0.0,1.0,False
2015-03-10,0.376605361700058,0.376605361700058,0.0,0.0,False
2015-03-11,0.5893999934196472,0.5893999934196472,0.0,0.9522695361021594,False
2015-03-12,0.5853269100189209,0.5853269100189209,1.0,0.0,False
2015-03-13,0.4791998565196991,0.4791998565196991,1.0,0.0,False
2015-03-16,0.30649471282958984,0.30649471282958984,0.0,0.0,False
2015-03-17,0.3169163167476654,0.3169163167476654,0.0,0.0,False
2015-03-18,0.3483654856681824,0.3483654856681824,1.0,0.0,False
2015-03-19,0.5636100172996521,0.5636100172996521,1.0,0.0,False
2015-03-20,0.5269089937210083,0.5269089937210083,0.0,1.0,False
2015-03-23,0.5458219051361084,0.5458219051361084,0.0,1.0,False
2015-03-24,0.4183101952075958,0.4183101952075958,0.0,0.0,False
2015-03-25,0.3097774386405945,0.3097774386405945,0.0,0.0,False
2015-03-26,0.5954645276069641,0.5954645276069641,0.0,0.9298051436891769,False
2015-03-27,0.4752291440963745,0.4752291440963745,0.0,0.0,False
2015-03-30,0.3085370361804962,0.3085370361804962,0.0,0.0,False
2015-03-31,0.3712434470653534,0.3712434470653534,0.0,0.0,False
2015-04-01,0.6215671896934509,0.6215671896934509,0.0,0.90942619165602,False
2015-04-02,0.6664983034133911,0.6664983034133911,0.0,0.90942619165602,False
2015-04-03,0.6649511456489563,0.6649511456489563,0.0,0.90942619165602,False
2015-04-06,0.7365272045135498,0.7365272045135498,0.0,0.90942619165602,False
2015-04-07,0.6758262515068054,0.6758262515068054,0.0,0.90942619165602,False
2015-04-08,0.48388972878456116,0.48388972878456116,0.0,0.0,False
2015-04-09,0.4885375499725342,0.4885375499725342,0.0,0.0,False
2015-04-10,0.5908707976341248,0.5908707976341248,0.0,0.9528025500618518,False
2015-04-13,0.6620970368385315,0.6620970368385315,0.0,0.9528025500618518,False
2015-04-14,0.4492238759994507,0.4492238759994507,0.0,0.0,False
2015-04-15,0.6237332820892334,0.6237332820892334,0.0,0.9531382227734732,False
2015-04-16,0.6077534556388855,0.6077534556388855,0.0,0.9531382227734732,False
2015-04-17,0.6685940623283386,0.6685940623283386,0.0,0.9531382227734732,False
2015-04-20,0.6762462854385376,0.6762462854385376,0.0,0.9531382227734732,False
2015-04-21,0.726382851600647,0.726382851600647,0.0,0.9531382227734732,False
2015-04-22,0.49133962392807007,0.49133962392807007,0.0,0.0,False
2015-04-23,0.8853850364685059,0.8853850364685059,1.0,0.0,False
2015-04-24,0.7421942353248596,0.7421942353248596,1.0,0.0,False
2015-04-27,0.7295154929161072,0.7295154929161072,1.0,0.0,False
2015-04-28,0.641189694404602,0.641189694404602,1.0,0.0,False
2015-04-29,0.5073118805885315,0.5073118805885315,1.0,0.0,False
2015-04-30,0.3784865438938141,0.3784865438938141,1.0,0.0,False
2015-05-01,0.6180455684661865,0.6180455684661865,0.0,1.0,False
2015-05-04,0.5683608651161194,0.5683608651161194,1.0,0.0,False
2015-05-05,0.5683929324150085,0.5683929324150085,0.0,1.0,False
2015-05-06,0.7430987358093262,0.7430987358093262,1.0,0.0,False
2015-05-07,0.6691397428512573,0.6691397428512573,1.0,0.0,False
2015-05-08,0.6862462162971497,0.6862462162971497,1.0,0.0,False
2015-05-11,0.652882993221283,0.652882993221283,1.0,0.0,False
2015-05-12,0.5198337435722351,0.5198337435722351,1.0,0.0,False
2015-05-13,0.318742573261261,0.318742573261261,1.0,0.0,False
2015-05-14,0.7576493620872498,0.7576493620872498,1.0,0.0,False
2015-05-15,0.7250604033470154,0.7250604033470154,2.0,0.555283659090766,False
2015-05-18,0.57770174741745,0.57770174741745,2.0,0.555283659090766,False
2015-05-19,0.47232845425605774,0.47232845425605774,2.0,0.0,False
2015-05-20,0.41870227456092834,0.41870227456092834,2.0,0.0,False
2015-05-21,0.570384681224823,0.570384681224823,2.0,0.6162090160524779,False
2015-05-22,0.5806323289871216,0.5806323289871216,2.0,0.6162090160524779,False
2015-05-25,0.5112308263778687,0.5112308263778687,2.0,0.6162090160524779,False
2015-05-26,0.34157949686050415,0.34157949686050415,2.0,0.0,False
2015-05-27,0.4072927236557007,0.4072927236557007,2.0,0.0,False
2015-05-28,0.40036776661872864,0.40036776661872864,2.0,0.0,False
2015-05-29,0.33503416180610657,0.33503416180610657,2.0,0.0,False
2015-06-01,0.2712981104850769,0.2712981104850769,2.0,0.0,False
2015-06-02,0.34372803568840027,0.34372803568840027,2.0,0.0,False
2015-06-03,0.3237930238246918,0.3237930238246918,2.0,0.0,False
2015-06-04,0.2623588442802429,0.2623588442802429,2.0,0.0,False
2015-06-05,0.39046430587768555,0.39046430587768555,2.0,0.0,False
2015-06-08,0.338949054479599,0.338949054479599,2.0,0.0,False
2015-06-09,0.4445036053657532,0.4445036053657532,2.0,0.0,False
2015-06-10,0.5904827117919922,0.5904827117919922,2.0,0.37849266352424826,False
2015-06-11,0.2422427088022232,0.2422427088022232,2.0,0.0,False
2015-06-12,0.28966614603996277,0.28966614603996277,2.0,0.0,False
2015-06-15,0.14129894971847534,0.14129894971847534,2.0,0.0,False
2015-06-16,0.21623820066452026,0.21623820066452026,2.0,0.0,False
2015-06-17,0.18162868916988373,0.18162868916988373,2.0,0.0,False
2015-06-18,0.3437882959842682,0.3437882959842682,2.0,0.0,False
2015-06-19,0.3367488980293274,0.3367488980293274,2.0,0.0,False
2015-06-22,0.3414090871810913,0.3414090871810913,2.0,0.0,False
2015-06-23,0.42916610836982727,0.42916610836982727,2.0,0.0,False
2015-06-24,0.5052341818809509,0.5052341818809509,2.0,0.5647830209790935,False
2015-06-25,0.39494454860687256,0.39494454860687256,2.0,0.0,False
2015-06-26,0.6449545621871948,0.6449545621871948,2.0,0.5253073372683232,False
2015-06-29,0.46674686670303345,0.46674686670303345,2.0,0.0,False
2015-06-30,0.3192742168903351,0.3192742168903351,2.0,0.0,False
2015-07-01,0.4046981632709503,0.4046981632709503,2.0,0.0,False
2015-07-02,0.3683748245239258,0.3683748245239258,2.0,0.0,False
2015-07-03,0.4766893684864044,0.4766893684864044,2.0,0.0,False
2015-07-06,0.34160348773002625,0.34160348773002625,2.0,0.0,False
2015-07-07,0.2553268373012543,0.2553268373012543,2.0,0.0,False
2015-07-08,0.4192856550216675,0.4192856550216675,2.0,0.0,False
2015-07-09,0.520793616771698,0.520793616771698,2.0,0.9077740590951932,False
2015-07-10,0.5706993341445923,0.5706993341445923,2.0,0.9077740590951932,False
2015-07-13,0.4909779131412506,0.4909779131412506,2.0,0.0,False
2015-07-14,0.5693405270576477,0.5693405270576477,2.0,0.8376902000742126,False
2015-07-15,0.5829567909240723,0.5829567909240723,2.0,0.8376902000742126,False
2015-07-16,0.4695501923561096,0.4695501923561096,2.0,0.0,False
2015-07-17,0.48181259632110596,0.48181259632110596,2.0,0.0,False
2015-07-20,0.5463231801986694,0.5463231801986694,2.0,0.8235918760595655,False
2015-07-21,0.3845992386341095,0.3845992386341095,2.0,0.0,False
2015-07-22,0.3533768951892853,0.3533768951892853,2.0,0.0,False
2015-07-23,0.4748353362083435,0.4748353362083435,0.0,0.0,False
2015-07-24,0.4775480031967163,0.4775480031967163,0.0,0.0,False
2015-07-27,0.720917820930481,0.720917820930481,0.0,1.0,False
2015-07-28,0.6219274997711182,0.6219274997711182,0.0,1.0,False
2015-07-29,0.7134422659873962,0.7134422659873962,2.0,1.0,False
2015-07-30,0.7132518887519836,0.7132518887519836,0.0,1.0,False
2015-07-31,0.7490167617797852,0.7490167617797852,2.0,1.0,False
2015-08-03,0.5133110284805298,0.5133110284805298,1.0,0.0,False
2015-08-04,0.5286837220191956,0.5286837220191956,0.0,0.9238242195925102,False
2015-08-05,0.39317312836647034,0.39317312836647034,1.0,0.0,False
2015-08-06,0.45438337326049805,0.45438337326049805,1.0,0.0,False
2015-08-07,0.5445935130119324,0.5445935130119324,2.0,1.0,False
2015-08-10,0.4951736330986023,0.4951736330986023,1.0,0.0,False
2015-08-11,0.4100542664527893,0.4100542664527893,0.0,0.0,False
2015-08-12,0.5072053074836731,0.5072053074836731,0.0,1.0,False
2015-08-13,0.5156762599945068,0.5156762599945068,0.0,1.0,False
2015-08-14,0.5668231844902039,0.5668231844902039,0.0,1.0,False
2015-08-17,0.3282783031463623,0.3282783031463623,1.0,0.0,False
2015-08-18,0.27714699506759644,0.27714699506759644,1.0,0.0,False
2015-08-19,0.547457754611969,0.547457754611969,1.0,0.0,False
2015-08-20,0.40311598777770996,0.40311598777770996,1.0,0.0,False
2015-08-21,0.6032158136367798,0.6032158136367798,1.0,0.0,False
2015-08-24,0.6738957166671753,0.6738957166671753,1.0,0.0,False
2015-08-25,0.6518071293830872,0.6518071293830872,1.0,0.0,False
2015-08-26,0.49133962392807007,0.49133962392807007,1.0,0.0,False
2015-08-27,0.579979658126831,0.579979658126831,1.0,0.0,False
2015-08-28,0.45706823468208313,0.45706823468208313,1.0,0.0,False
2015-08-31,0.6663606762886047,0.6663606762886047,0.0,0.9679172326950893,False
2015-09-01,0.5761889219284058,0.5761889219284058,0.0,0.9679172326950893,False
2015-09-02,0.4677172601222992,0.4677172601222992,0.0,0.0,False
2015-09-03,0.44216200709342957,0.44216200709342957,0.0,0.0,False
2015-09-04,0.3287665843963623,0.3287665843963623,0.0,0.0,False
2015-09-07,0.5912337899208069,0.5912337899208069,0.0,0.9994253496256092,False
2015-09-08,0.5546253323554993,0.5546253323554993,0.0,0.9994253496256092,False
2015-09-09,0.5129806995391846,0.5129806995391846,0.0,0.9994253496256092,False
2015-09-10,0.5193379521369934,0.5193379521369934,0.0,0.9994253496256092,False
2015-09-11,0.5677467584609985,0.5677467584609985,0.0,0.9994253496256092,False
2015-09-14,0.5503804087638855,0.5503804087638855,0.0,0.9994253496256092,False
2015-09-15,0.4462320804595947,0.4462320804595947,0.0,0.0,False
2015-09-16,0.3932824730873108,0.3932824730873108,0.0,0.0,False
2015-09-17,0.5821729302406311,0.5821729302406311,0.0,1.0,False
2015-09-18,0.6529895663261414,0.6529895663261414,0.0,1.0,False
2015-09-21,0.6937153339385986,0.6937153339385986,0.0,1.0,False
2015-09-22,0.6173005104064941,0.6173005104064941,0.0,1.0,False
2015-09-23,0.652174711227417,0.652174711227417,0.0,1.0,False
2015-09-24,0.5675598978996277,0.5675598978996277,0.0,1.0,False
2015-09-25,0.6007754802703857,0.6007754802703857,0.0,1.0,False
2015-09-28,0.6529589891433716,0.6529589891433716,0.0,1.0,False
2015-09-29,0.41393402218818665,0.41393402218818665,0.0,0.0,False
2015-09-30,0.49561184644699097,0.49561184644699097,0.0,0.0,False
2015-10-01,0.6170563101768494,0.6170563101768494,0.0,1.0,False
2015-10-02,0.5416662096977234,0.5416662096977234,0.0,1.0,False
2015-10-05,0.6039140224456787,0.6039140224456787,0.0,1.0,False
2015-10-06,0.6348456740379333,0.6348456740379333,0.0,1.0,False
2015-10-07,0.611473023891449,0.611473023891449,0.0,1.0,False
2015-10-08,0.6074914932250977,0.6074914932250977,0.0,1.0,False
2015-10-09,0.6850736737251282,0.6850736737251282,0.0,1.0,False
2015-10-12,0.3588676154613495,0.3588676154613495,0.0,0.0,False
2015-10-13,0.3273334503173828,0.3273334503173828,0.0,0.0,False
2015-10-14,0.28338468074798584,0.28338468074798584,0.0,0.0,False
2015-10-15,0.4018270671367645,0.4018270671367645,0.0,0.0,False
2015-10-16,0.6363237500190735,0.6363237500190735,0.0,1.0,False
2015-10-19,0.3563443124294281,0.3563443124294281,0.0,0.0,False
2015-10-20,0.4460127651691437,0.4460127651691437,0.0,0.0,False
2015-10-21,0.494949609041214,0.494949609041214,0.0,0.0,False
2015-10-22,0.44379544258117676,0.44379544258117676,0.0,0.0,False
2015-10-23,0.18014070391654968,0.18014070391654968,0.0,0.0,False
2015-10-26,0.18046006560325623,0.18046006560325623,0.0,0.0,False
2015-10-27,0.1280767172574997,0.1280767172574997,0.0,0.0,False
2015-10-28,0.12001339346170425,0.12001339346170425,0.0,0.0,False
2015-10-29,0.19912657141685486,0.19912657141685486,0.0,0.0,False
2015-10-30,0.22672149538993835,0.22672149538993835,0.0,0.0,False
2015-11-02,0.3694569766521454,0.3694569766521454,0.0,0.0,False
2015-11-03,0.3005622923374176,0.3005622923374176,0.0,0.0,False
2015-11-04,0.29333579540252686,0.29333579540252686,0.0,0.0,False
2015-11-05,0.41848546266555786,0.41848546266555786,0.0,0.0,False
2015-11-06,0.48606032133102417,0.48606032133102417,0.0,0.0,False
2015-11-09,0.6650303602218628,0.6650303602218628,0.0,1.0,False
2015-11-10,0.5965415835380554,0.5965415835380554,0.0,1.0,False
2015-11-11,0.6580281257629395,0.6580281257629395,0.0,1.0,False
2015-11-12,0.5276099443435669,0.5276099443435669,0.0,1.0,False
2015-11-13,0.4835917055606842,0.4835917055606842,0.0,0.0,False
2015-11-16,0.6797594428062439,0.6797594428062439,0.0,1.0,False
2015-11-17,0.5464920401573181,0.5464920401573181,0.0,1.0,False
2015-11-18,0.6023078560829163,0.6023078560829163,0.0,1.0,False
2015-11-19,0.6048614382743835,0.6048614382743835,0.0,1.0,False
2015-11-20,0.6086617708206177,0.6086617708206177,0.0,1.0,False
2015-11-23,0.6055908203125,0.6055908203125,0.0,1.0,False
2015-11-24,0.8008958697319031,0.8008958697319031,0.0,1.0,False
2015-11-25,0.5433116555213928,0.5433116555213928,0.0,1.0,False
2015-11-26,0.5847460031509399,0.5847460031509399,0.0,1.0,False
2015-11-27,0.5104697346687317,0.5104697346687317,0.0,1.0,False
2015-11-30,0.5205435752868652,0.5205435752868652,0.0,1.0,False
2015-12-01,0.46240583062171936,0.46240583062171936,0.0,0.0,False
2015-12-02,0.46285280585289,0.46285280585289,0.0,0.0,False
2015-12-03,0.390565425157547,0.390565425157547,0.0,0.0,False
2015-12-04,0.41753846406936646,0.41753846406936646,0.0,0.0,False
2015-12-07,0.4955807328224182,0.4955807328224182,0.0,0.0,False
2015-12-08,0.5371074676513672,0.5371074676513672,0.0,1.0,False
2015-12-09,0.5663504004478455,0.5663504004478455,0.0,1.0,False
2015-12-10,0.4341338276863098,0.4341338276863098,0.0,0.0,False
2015-12-11,0.5683978199958801,0.5683978199958801,0.0,1.0,False
2015-12-14,0.4159354269504547,0.4159354269504547,0.0,0.0,False
2015-12-15,0.5270193815231323,0.5270193815231323,0.0,1.0,False
2015-12-16,0.6691632866859436,0.6691632866859436,0.0,1.0,False
2015-12-17,0.4564002752304077,0.4564002752304077,0.0,0.0,False
2015-12-18,0.4105178117752075,0.4105178117752075,0.0,0.0,False
2015-12-21,0.5410207509994507,0.5410207509994507,0.0,0.9475367438474929,False
2015-12-22,0.4744964838027954,0.4744964838027954,0.0,0.0,False
2015-12-23,0.4865439832210541,0.4865439832210541,0.0,0.0,False
2015-12-24,0.584239661693573,0.584239661693573,0.0,0.9562112371934098,False
2015-12-25,0.6860023140907288,0.6860023140907288,0.0,0.9562112371934098,False
2015-12-28,0.37149176001548767,0.37149176001548767,1.0,0.0,False
2015-12-29,0.3762303590774536,0.3762303590774536,1.0,0.0,False
2015-12-30,0.35664135217666626,0.35664135217666626,1.0,0.0,False
2015-12-31,0.40515047311782837,0.40515047311782837,1.0,0.0,False
2016-01-01,0.4554014801979065,0.4554014801979065,1.0,0.0,False
2016-01-04,0.45536962151527405,0.45536962151527405,1.0,0.0,False
2016-01-05,0.5753929018974304,0.5753929018974304,1.0,0.0,False
2016-01-06,0.6637119650840759,0.6637119650840759,1.0,0.0,False
2016-01-07,0.6337418556213379,0.6337418556213379,1.0,0.0,False
2016-01-08,0.525294303894043,0.525294303894043,1.0,0.0,False
2016-01-11,0.5327479839324951,0.5327479839324951,1.0,0.0,False
2016-01-12,0.7379496097564697,0.7379496097564697,1.0,0.0,False
2016-01-13,0.7340389490127563,0.7340389490127563,0.0,0.9439990334697482,False
2016-01-14,0.677010178565979,0.677010178565979,0.0,0.9439990334697482,False
2016-01-15,0.628526508808136,0.628526508808136,0.0,0.9439990334697482,False
2016-01-18,0.5589959025382996,0.5589959025382996,0.0,0.9439990334697482,False
2016-01-19,0.6527040004730225,0.6527040004730225,0.0,0.9439990334697482,False
2016-01-20,0.581178605556488,0.581178605556488,0.0,0.9439990334697482,False
2016-01-21,0.5463131070137024,0.5463131070137024,0.0,0.9439990334697482,False
2016-01-22,0.7351049780845642,0.7351049780845642,1.0,0.0,False
2016-01-25,0.7503470182418823,0.7503470182418823,0.0,1.0,False
2016-01-26,0.8893582224845886,0.8893582224845886,0.0,1.0,False
2016-01-27,0.9064674973487854,0.9064674973487854,0.0,1.0,False
2016-01-28,0.9351453185081482,0.9351453185081482,0.0,1.0,False
2016-01-29,0.8015017509460449,0.8015017509460449,0.0,1.0,False
2016-02-01,0.7924631834030151,0.7924631834030151,0.0,1.0,False
2016-02-02,0.7459810972213745,0.7459810972213745,0.0,1.0,False
2016-02-03,0.787053644657135,0.787053644657135,0.0,1.0,False
2016-02-04,0.8173912167549133,0.8173912167549133,0.0,1.0,False
2016-02-05,0.5951123237609863,0.5951123237609863,0.0,1.0,False
2016-02-08,0.6764518022537231,0.6764518022537231,0.0,1.0,False
2016-02-09,0.7188051342964172,0.7188051342964172,0.0,1.0,False
2016-02-10,0.6927034854888916,0.6927034854888916,0.0,1.0,False
2016-02-11,0.5267142057418823,0.5267142057418823,0.0,1.0,False
2016-02-12,0.5626620650291443,0.5626620650291443,0.0,1.0,False
2016-02-15,0.6206867694854736,0.6206867694854736,0.0,1.0,False
2016-02-16,0.586564838886261,0.586564838886261,0.0,1.0,False
2016-02-17,0.528370201587677,0.528370201587677,0.0,1.0,False
2016-02-18,0.589989960193634,0.589989960193634,0.0,1.0,False
2016-02-19,0.7107109427452087,0.7107109427452087,0.0,1.0,False
2016-02-22,0.6429621577262878,0.6429621577262878,0.0,1.0,False
2016-02-23,0.6253343820571899,0.6253343820571899,0.0,1.0,False
2016-02-24,0.7475950121879578,0.7475950121879578,0.0,1.0,False
2016-02-25,0.47348451614379883,0.47348451614379883,0.0,0.0,False
2016-02-26,0.35736632347106934,0.35736632347106934,0.0,0.0,False
2016-02-29,0.3504793047904968,0.3504793047904968,0.0,0.0,False
2016-03-01,0.34262290596961975,0.34262290596961975,0.0,0.0,False
2016-03-02,0.521833598613739,0.521833598613739,0.0,1.0,False
2016-03-03,0.5004755854606628,0.5004755854606628,0.0,1.0,False
2016-03-04,0.6041012406349182,0.6041012406349182,0.0,1.0,False
2016-03-07,0.5593940019607544,0.5593940019607544,0.0,1.0,False
2016-03-08,0.5135438442230225,0.5135438442230225,0.0,1.0,False
2016-03-09,0.5265955924987793,0.5265955924987793,0.0,1.0,False
2016-03-10,0.3603229522705078,0.3603229522705078,0.0,0.0,False
2016-03-11,0.422224760055542,0.422224760055542,0.0,0.0,False
2016-03-14,0.4841528832912445,0.4841528832912445,0.0,0.0,False
2016-03-15,0.6102743744850159,0.6102743744850159,0.0,1.0,False
2016-03-16,0.5534486770629883,0.5534486770629883,0.0,1.0,False
2016-03-17,0.6517069935798645,0.6517069935798645,0.0,1.0,False
2016-03-18,0.6692063212394714,0.6692063212394714,0.0,1.0,False
2016-03-21,0.7704833149909973,0.7704833149909973,0.0,1.0,False
2016-03-22,0.7778107523918152,0.7778107523918152,0.0,1.0,False
2016-03-23,0.7637411952018738,0.7637411952018738,0.0,1.0,False
2016-03-24,0.7650929689407349,0.7650929689407349,0.0,1.0,False
2016-03-25,0.6842000484466553,0.6842000484466553,0.0,1.0,False
2016-03-28,0.5822687149047852,0.5822687149047852,0.0,1.0,False
2016-03-29,0.6181814074516296,0.6181814074516296,0.0,1.0,False
2016-03-30,0.5776224732398987,0.5776224732398987,0.0,1.0,False
2016-03-31,0.6456102728843689,0.6456102728843689,0.0,1.0,False
2016-04-01,0.6362297534942627,0.6362297534942627,0.0,1.0,False
2016-04-04,0.62114417552948,0.62114417552948,0.0,1.0,False
2016-04-05,0.6183180809020996,0.6183180809020996,0.0,1.0,False
2016-04-06,0.5785967707633972,0.5785967707633972,0.0,1.0,False
2016-04-07,0.6790961027145386,0.6790961027145386,0.0,1.0,False
2016-04-08,0.6346633434295654,0.6346633434295654,0.0,1.0,False
2016-04-11,0.5474840998649597,0.5474840998649597,0.0,1.0,False
2016-04-12,0.6482943296432495,0.6482943296432495,0.0,1.0,False
2016-04-13,0.7002338171005249,0.7002338171005249,0.0,1.0,False
2016-04-14,0.726035475730896,0.726035475730896,0.0,1.0,False
2016-04-15,0.7386116981506348,0.7386116981506348,0.0,1.0,False
2016-04-18,0.7016810178756714,0.7016810178756714,0.0,1.0,False
2016-04-19,0.730314314365387,0.730314314365387,0.0,1.0,False
2016-04-20,0.6803492307662964,0.6803492307662964,0.0,1.0,False
2016-04-21,0.4157000780105591,0.4157000780105591,0.0,0.0,False
2016-04-22,0.7274942398071289,0.7274942398071289,0.0,1.0,False
2016-04-25,0.42724958062171936,0.42724958062171936,0.0,0.0,False
2016-04-26,0.5049974918365479,0.5049974918365479,0.0,1.0,False
2016-04-27,0.4936748445034027,0.4936748445034027,0.0,0.0,False
2016-04-28,0.4690776765346527,0.4690776765346527,0.0,0.0,False
2016-04-29,0.4122398793697357,0.4122398793697357,0.0,0.0,False
2016-05-02,0.5456107258796692,0.5456107258796692,0.0,1.0,False
2016-05-03,0.396514356136322,0.396514356136322,0.0,0.0,False
2016-05-04,0.4408054053783417,0.4408054053783417,0.0,0.0,False
2016-05-05,0.5939966440200806,0.5939966440200806,0.0,1.0,False
2016-05-06,0.6657745242118835,0.6657745242118835,0.0,1.0,False
2016-05-09,0.4674732983112335,0.4674732983112335,0.0,0.0,False
2016-05-10,0.5222270488739014,0.5222270488739014,0.0,1.0,False
2016-05-11,0.4968871474266052,0.4968871474266052,0.0,0.0,False
2016-05-12,0.540810763835907,0.540810763835907,0.0,1.0,False
2016-05-13,0.6307196021080017,0.6307196021080017,0.0,1.0,False
2016-05-16,0.7037752270698547,0.7037752270698547,0.0,1.0,False
2016-05-17,0.6147320866584778,0.6147320866584778,0.0,1.0,False
2016-05-18,0.6469313502311707,0.6469313502311707,0.0,1.0,False
2016-05-19,0.6926711797714233,0.6926711797714233,0.0,1.0,False
2016-05-20,0.7554265856742859,0.7554265856742859,0.0,1.0,False
2016-05-23,0.6321648955345154,0.6321648955345154,0.0,1.0,False
2016-05-24,0.7794575691223145,0.7794575691223145,0.0,1.0,False
2016-05-25,0.8068251609802246,0.8068251609802246,0.0,1.0,False
2016-05-26,0.5820491909980774,0.5820491909980774,0.0,1.0,False
2016-05-27,0.5185303092002869,0.5185303092002869,0.0,1.0,False
2016-05-30,0.6106228828430176,0.6106228828430176,0.0,1.0,False
2016-05-31,0.660252034664154,0.660252034664154,0.0,1.0,False
2016-06-01,0.7498014569282532,0.7498014569282532,0.0,1.0,False
2016-06-02,0.6791139245033264,0.6791139245033264,0.0,1.0,False
2016-06-03,0.7055235505104065,0.7055235505104065,0.0,1.0,False
2016-06-06,0.8045413494110107,0.8045413494110107,0.0,1.0,False
2016-06-07,0.6379128098487854,0.6379128098487854,0.0,1.0,False
2016-06-08,0.737102210521698,0.737102210521698,0.0,1.0,False
2016-06-09,0.7138875722885132,0.7138875722885132,0.0,1.0,False
2016-06-10,0.6478767395019531,0.6478767395019531,0.0,1.0,False
2016-06-13,0.6485423445701599,0.6485423445701599,0.0,1.0,False
2016-06-14,0.6101119518280029,0.6101119518280029,0.0,1.0,False
2016-06-15,0.7361963987350464,0.7361963987350464,0.0,1.0,False
2016-06-16,0.7391355633735657,0.7391355633735657,0.0,1.0,False
2016-06-17,0.539157509803772,0.539157509803772,0.0,1.0,False
2016-06-20,0.6003328561782837,0.6003328561782837,0.0,1.0,False
2016-06-21,0.6331567764282227,0.6331567764282227,0.0,1.0,False
2016-06-22,0.5775123834609985,0.5775123834609985,0.0,1.0,False
2016-06-23,0.6531358361244202,0.6531358361244202,0.0,1.0,False
2016-06-24,0.6405289173126221,0.6405289173126221,0.0,1.0,False
2016-06-27,0.6112512350082397,0.6112512350082397,0.0,1.0,False
2016-06-28,0.4219713509082794,0.4219713509082794,0.0,0.0,False
2016-06-29,0.37347525358200073,0.37347525358200073,0.0,0.0,False
2016-06-30,0.4130987524986267,0.4130987524986267,0.0,0.0,False
2016-07-01,0.44712600111961365,0.44712600111961365,0.0,0.0,False
2016-07-04,0.5845966935157776,0.5845966935157776,0.0,1.0,False
2016-07-05,0.4978885054588318,0.4978885054588318,0.0,0.0,False
2016-07-06,0.6730890870094299,0.6730890870094299,0.0,1.0,False
2016-07-07,0.6805132627487183,0.6805132627487183,0.0,1.0,False
2016-07-08,0.5426865220069885,0.5426865220069885,0.0,1.0,False
2016-07-11,0.5491498112678528,0.5491498112678528,0.0,1.0,False
2016-07-12,0.36652764678001404,0.36652764678001404,0.0,0.0,False
2016-07-13,0.21737709641456604,0.21737709641456604,0.0,0.0,False
2016-07-14,0.2940131425857544,0.2940131425857544,0.0,0.0,False
2016-07-15,0.2959687113761902,0.2959687113761902,0.0,0.0,False
2016-07-18,0.5915109515190125,0.5915109515190125,0.0,1.0,False
2016-07-19,0.6180726289749146,0.6180726289749146,0.0,1.0,False
2016-07-20,0.5105755925178528,0.5105755925178528,0.0,1.0,False
2016-07-21,0.42080098390579224,0.42080098390579224,0.0,0.0,False
2016-07-22,0.5560286045074463,0.5560286045074463,0.0,1.0,False
2016-07-25,0.5722018480300903,0.5722018480300903,0.0,1.0,False
2016-07-26,0.5228705406188965,0.5228705406188965,0.0,1.0,False
2016-07-27,0.4064006209373474,0.4064006209373474,1.0,0.0,False
2016-07-28,0.6123852729797363,0.6123852729797363,1.0,0.0,False
2016-07-29,0.5407902002334595,0.5407902002334595,1.0,0.0,False
2016-08-01,0.5735500454902649,0.5735500454902649,1.0,0.0,False
2016-08-02,0.48351556062698364,0.48351556062698364,1.0,0.0,False
2016-08-03,0.7029498219490051,0.7029498219490051,1.0,0.0,False
2016-08-04,0.6381086111068726,0.6381086111068726,1.0,0.0,False
2016-08-05,0.6646155118942261,0.6646155118942261,1.0,0.0,False
2016-08-08,0.5521292090415955,0.5521292090415955,0.0,1.0,False
2016-08-09,0.5841608047485352,0.5841608047485352,0.0,1.0,False
2016-08-10,0.5479193925857544,0.5479193925857544,0.0,1.0,False
2016-08-11,0.4925443232059479,0.4925443232059479,0.0,0.0,False
2016-08-12,0.49605903029441833,0.49605903029441833,0.0,0.0,False
2016-08-15,0.6165977120399475,0.6165977120399475,0.0,1.0,False
2016-08-16,0.7150914669036865,0.7150914669036865,0.0,1.0,False
2016-08-17,0.48948410153388977,0.48948410153388977,0.0,0.0,False
2016-08-18,0.6297882199287415,0.6297882199287415,0.0,1.0,False
2016-08-19,0.4564613699913025,0.4564613699913025,0.0,0.0,False
2016-08-22,0.5170108675956726,0.5170108675956726,0.0,1.0,False
2016-08-23,0.5884796380996704,0.5884796380996704,0.0,1.0,False
2016-08-24,0.49865052103996277,0.49865052103996277,0.0,0.0,False
2016-08-25,0.3543739914894104,0.3543739914894104,0.0,0.0,False
2016-08-26,0.40179821848869324,0.40179821848869324,0.0,0.0,False
2016-08-29,0.5383297801017761,0.5383297801017761,0.0,0.8970237752821988,False
2016-08-30,0.4216424226760864,0.4216424226760864,0.0,0.0,False
2016-08-31,0.5405137538909912,0.5405137538909912,1.0,0.0,False
2016-09-01,0.4359356164932251,0.4359356164932251,0.0,0.0,False
2016-09-02,0.5858071446418762,0.5858071446418762,0.0,0.962690637047864,False
2016-09-05,0.6599526405334473,0.6599526405334473,0.0,0.962690637047864,False
2016-09-06,0.5805870294570923,0.5805870294570923,0.0,0.962690637047864,False
2016-09-07,0.5286521315574646,0.5286521315574646,0.0,0.962690637047864,False
2016-09-08,0.6499369144439697,0.6499369144439697,0.0,0.962690637047864,False
2016-09-09,0.7565789222717285,0.7565789222717285,0.0,0.962690637047864,False
2016-09-12,0.7861854434013367,0.7861854434013367,0.0,0.962690637047864,False
2016-09-13,0.7383337020874023,0.7383337020874023,0.0,0.962690637047864,False
2016-09-14,0.7884896993637085,0.7884896993637085,0.0,0.962690637047864,False
2016-09-15,0.6580381989479065,0.6580381989479065,0.0,0.962690637047864,False
2016-09-16,0.6369270086288452,0.6369270086288452,0.0,0.962690637047864,False
2016-09-19,0.6316935420036316,0.6316935420036316,0.0,0.962690637047864,False
2016-09-20,0.6912173628807068,0.6912173628807068,0.0,0.962690637047864,False
2016-09-21,0.4492001533508301,0.4492001533508301,0.0,0.0,False
2016-09-22,0.52592533826828,0.52592533826828,0.0,1.0,False
2016-09-23,0.7323925495147705,0.7323925495147705,0.0,1.0,False
2016-09-26,0.6931507587432861,0.6931507587432861,0.0,1.0,False
2016-09-27,0.5040328502655029,0.5040328502655029,0.0,1.0,False
2016-09-28,0.605925977230072,0.605925977230072,0.0,1.0,False
2016-09-29,0.6761789917945862,0.6761789917945862,0.0,1.0,False
2016-09-30,0.5617859363555908,0.5617859363555908,0.0,1.0,False
2016-10-03,0.5453596115112305,0.5453596115112305,0.0,1.0,False
2016-10-04,0.4492475390434265,0.4492475390434265,0.0,0.0,False
2016-10-05,0.508052408695221,0.508052408695221,0.0,1.0,False
2016-10-06,0.46762484312057495,0.46762484312057495,0.0,0.0,False
2016-10-07,0.4985838830471039,0.4985838830471039,0.0,0.0,False
2016-10-10,0.47518694400787354,0.47518694400787354,0.0,0.0,False
2016-10-11,0.46771204471588135,0.46771204471588135,0.0,0.0,False
2016-10-12,0.4062921702861786,0.4062921702861786,0.0,0.0,False
2016-10-13,0.7124903798103333,0.7124903798103333,0.0,1.0,False
2016-10-14,0.4164332151412964,0.4164332151412964,0.0,0.0,False
2016-10-17,0.5729852318763733,0.5729852318763733,0.0,1.0,False
2016-10-18,0.6642783284187317,0.6642783284187317,0.0,1.0,False
2016-10-19,0.5572605729103088,0.5572605729103088,0.0,1.0,False
2016-10-20,0.4891526401042938,0.4891526401042938,0.0,0.0,False
2016-10-21,0.7165293097496033,0.7165293097496033,0.0,1.0,False
2016-10-24,0.6521291136741638,0.6521291136741638,0.0,1.0,False
2016-10-25,0.5639798641204834,0.5639798641204834,0.0,1.0,False
2016-10-26,0.6077415347099304,0.6077415347099304,0.0,1.0,False
2016-10-27,0.5451604723930359,0.5451604723930359,0.0,1.0,False
2016-10-28,0.6857220530509949,0.6857220530509949,0.0,1.0,False
2016-10-31,0.7308453917503357,0.7308453917503357,0.0,1.0,False
2016-11-01,0.7028286457061768,0.7028286457061768,0.0,1.0,False
2016-11-02,0.5513443350791931,0.5513443350791931,0.0,1.0,False
2016-11-03,0.4713919460773468,0.4713919460773468,0.0,0.0,False
2016-11-04,0.4180506765842438,0.4180506765842438,0.0,0.0,False
2016-11-07,0.2836931347846985,0.2836931347846985,0.0,0.0,False
2016-11-08,0.3392062187194824,0.3392062187194824,0.0,0.0,False
2016-11-09,0.7285609841346741,0.7285609841346741,0.0,1.0,False
2016-11-10,0.6255543231964111,0.6255543231964111,0.0,1.0,False
2016-11-11,0.7073595523834229,0.7073595523834229,0.0,1.0,False
2016-11-14,0.5186076164245605,0.5186076164245605,0.0,1.0,False
2016-11-15,0.7066713571548462,0.7066713571548462,0.0,1.0,False
2016-11-16,0.5477664470672607,0.5477664470672607,0.0,1.0,False
2016-11-17,0.43601828813552856,0.43601828813552856,0.0,0.0,False
2016-11-18,0.6966241598129272,0.6966241598129272,1.0,0.0,False
2016-11-21,0.4264459013938904,0.4264459013938904,1.0,0.0,False
2016-11-22,0.5676586031913757,0.5676586031913757,1.0,0.0,False
2016-11-23,0.5286746621131897,0.5286746621131897,1.0,0.0,False
2016-11-24,0.40982601046562195,0.40982601046562195,1.0,0.0,False
2016-11-25,0.6794902086257935,0.6794902086257935,1.0,0.0,False
2016-11-28,0.500217616558075,0.500217616558075,1.0,0.0,False
2016-11-29,0.48803532123565674,0.48803532123565674,1.0,0.0,False
2016-11-30,0.46125587821006775,0.46125587821006775,1.0,0.0,False
2016-12-01,0.47933632135391235,0.47933632135391235,1.0,0.0,False
2016-12-02,0.46485769748687744,0.46485769748687744,1.0,0.0,False
2016-12-05,0.4379090368747711,0.4379090368747711,1.0,0.0,False
2016-12-06,0.586025059223175,0.586025059223175,1.0,0.0,False
2016-12-07,0.6087357997894287,0.6087357997894287,1.0,0.0,False
2016-12-08,0.4643479883670807,0.4643479883670807,1.0,0.0,False
2016-12-09,0.47934234142303467,0.47934234142303467,1.0,0.0,False
2016-12-12,0.7013428807258606,0.7013428807258606,1.0,0.0,False
2016-12-13,0.5762260556221008,0.5762260556221008,1.0,0.0,False
2016-12-14,0.7756721377372742,0.7756721377372742,1.0,0.0,False
2016-12-15,0.7906626462936401,0.7906626462936401,2.0,0.6427404786930969,False
2016-12-16,0.6866956353187561,0.6866956353187561,2.0,0.6427404786930969,False
2016-12-19,0.7634000182151794,0.7634000182151794,2.0,0.7668447529135805,False
2016-12-20,0.8144950270652771,0.8144950270652771,1.0,0.0,False
2016-12-21,0.739764392375946,0.739764392375946,2.0,0.7084125965591614,False
2016-12-22,0.7654988765716553,0.7654988765716553,2.0,0.7084125965591614,False
2016-12-23,0.8197582960128784,0.8197582960128784,2.0,0.7084125965591614,False
2016-12-26,0.8211924433708191,0.8211924433708191,2.0,0.7084125965591614,False
2016-12-27,0.7002387642860413,0.7002387642860413,2.0,0.8132271207314694,False
2016-12-28,0.6693506836891174,0.6693506836891174,2.0,0.8132271207314694,False
2016-12-29,0.5216557383537292,0.5216557383537292,2.0,0.8132271207314694,False
2016-12-30,0.5838421583175659,0.5838421583175659,2.0,0.8132271207314694,False
2017-01-02,0.6346274018287659,0.6346274018287659,2.0,0.8132271207314694,False
2017-01-03,0.6632583737373352,0.6632583737373352,2.0,0.8132271207314694,False
2017-01-04,0.7249731421470642,0.7249731421470642,2.0,0.8132271207314694,False
2017-01-05,0.6385168433189392,0.6385168433189392,0.0,0.8132271207314694,False
2017-01-06,0.6748026609420776,0.6748026609420776,1.0,0.0,False
2017-01-09,0.6622393131256104,0.6622393131256104,1.0,0.0,False
2017-01-10,0.5679404735565186,0.5679404735565186,1.0,0.0,False
2017-01-11,0.5988132953643799,0.5988132953643799,0.0,0.9182267032449296,False
2017-01-12,0.48681017756462097,0.48681017756462097,1.0,0.0,False
2017-01-13,0.460828959941864,0.460828959941864,1.0,0.0,False
2017-01-16,0.442244291305542,0.442244291305542,1.0,0.0,False
2017-01-17,0.5433376431465149,0.5433376431465149,1.0,0.0,False
2017-01-18,0.4266699552536011,0.4266699552536011,1.0,0.0,False
2017-01-19,0.31354567408561707,0.31354567408561707,1.0,0.0,False
2017-01-20,0.35725292563438416,0.35725292563438416,1.0,0.0,False
2017-01-23,0.2841850817203522,0.2841850817203522,1.0,0.0,False
2017-01-24,0.4909272789955139,0.4909272789955139,1.0,0.0,False
2017-01-25,0.39088329672813416,0.39088329672813416,1.0,0.0,False
2017-01-26,0.5396831631660461,0.5396831631660461,1.0,0.0,False
2017-01-27,0.5279893279075623,0.5279893279075623,1.0,0.0,False
2017-01-30,0.6342907547950745,0.6342907547950745,1.0,0.0,False
2017-01-31,0.518848180770874,0.518848180770874,1.0,0.0,False
2017-02-01,0.612417995929718,0.612417995929718,1.0,0.0,False
2017-02-02,0.6057984232902527,0.6057984232902527,1.0,0.0,False
2017-02-03,0.6937868595123291,0.6937868595123291,1.0,0.0,False
2017-02-06,0.6389496922492981,0.6389496922492981,1.0,0.0,False
2017-02-07,0.47073549032211304,0.47073549032211304,1.0,0.0,False
2017-02-08,0.5517176985740662,0.5517176985740662,1.0,0.0,False
2017-02-09,0.7404463291168213,0.7404463291168213,1.0,0.0,False
2017-02-10,0.6323529481887817,0.6323529481887817,1.0,0.0,False
2017-02-13,0.7002720832824707,0.7002720832824707,0.0,1.0,False
2017-02-14,0.7246854901313782,0.7246854901313782,1.0,0.0,False
2017-02-15,0.6835975050926208,0.6835975050926208,1.0,0.0,False
2017-02-16,0.6042570471763611,0.6042570471763611,1.0,0.0,False
2017-02-17,0.6424652338027954,0.6424652338027954,1.0,0.0,False
2017-02-20,0.6716672778129578,0.6716672778129578,1.0,0.0,False
2017-02-21,0.5201669335365295,0.5201669335365295,0.0,1.0,False
2017-02-22,0.6711761951446533,0.6711761951446533,1.0,0.0,False
2017-02-23,0.7554948329925537,0.7554948329925537,0.0,1.0,False
2017-02-24,0.7798304557800293,0.7798304557800293,0.0,1.0,False
2017-02-27,0.4796999990940094,0.4796999990940094,1.0,0.0,False
2017-02-28,0.3702632188796997,0.3702632188796997,1.0,0.0,False
2017-03-01,0.460537314414978,0.460537314414978,1.0,0.0,False
2017-03-02,0.5468473434448242,0.5468473434448242,1.0,0.0,False
2017-03-03,0.6583631634712219,0.6583631634712219,1.0,0.0,False
2017-03-06,0.6967259049415588,0.6967259049415588,1.0,0.0,False
2017-03-07,0.7006357908248901,0.7006357908248901,1.0,0.0,False
2017-03-08,0.7716261148452759,0.7716261148452759,1.0,0.0,False
2017-03-09,0.8064089417457581,0.8064089417457581,1.0,0.0,False
2017-03-10,0.6421113610267639,0.6421113610267639,1.0,0.0,False
2017-03-13,0.39842039346694946,0.39842039346694946,1.0,0.0,False
2017-03-14,0.48277413845062256,0.48277413845062256,1.0,0.0,False
2017-03-15,0.5621308088302612,0.5621308088302612,1.0,0.0,False
2017-03-16,0.8060436844825745,0.8060436844825745,1.0,0.0,False
2017-03-17,0.7927877902984619,0.7927877902984619,1.0,0.0,False
2017-03-20,0.4510001540184021,0.4510001540184021,1.0,0.0,False
2017-03-21,0.47890394926071167,0.47890394926071167,1.0,0.0,False
2017-03-22,0.15073828399181366,0.15073828399181366,1.0,0.0,False
2017-03-23,0.13672718405723572,0.13672718405723572,1.0,0.0,False
2017-03-24,0.2593715786933899,0.2593715786933899,1.0,0.0,False
2017-03-27,0.17330121994018555,0.17330121994018555,1.0,0.0,False
2017-03-28,0.18256889283657074,0.18256889283657074,1.0,0.0,False
2017-03-29,0.3078812062740326,0.3078812062740326,1.0,0.0,False
2017-03-30,0.33394375443458557,0.33394375443458557,1.0,0.0,False
2017-03-31,0.21168483793735504,0.21168483793735504,1.0,0.0,False
2017-04-03,0.1544087827205658,0.1544087827205658,1.0,0.0,False
2017-04-04,0.17865332961082458,0.17865332961082458,1.0,0.0,False
2017-04-05,0.2574608623981476,0.2574608623981476,1.0,0.0,False
2017-04-06,0.2788907587528229,0.2788907587528229,1.0,0.0,False
2017-04-07,0.3904414772987366,0.3904414772987366,1.0,0.0,False
2017-04-10,0.3715917766094208,0.3715917766094208,1.0,0.0,False
2017-04-11,0.4440212845802307,0.4440212845802307,1.0,0.0,False
2017-04-12,0.44610536098480225,0.44610536098480225,1.0,0.0,False
2017-04-13,0.454285204410553,0.454285204410553,1.0,0.0,False
2017-04-14,0.34258130192756653,0.34258130192756653,1.0,0.0,False
2017-04-17,0.7640296220779419,0.7640296220779419,1.0,0.0,False
2017-04-18,0.8523024916648865,0.8523024916648865,1.0,0.0,False
2017-04-19,0.8704266548156738,0.8704266548156738,1.0,0.0,False
2017-04-20,0.6876004934310913,0.6876004934310913,2.0,0.4261172978336129,False
2017-04-21,0.4968995749950409,0.4968995749950409,2.0,0.0,False
2017-04-24,0.6800441741943359,0.6800441741943359,2.0,0.41953974798763083,False
2017-04-25,0.7079550623893738,0.7079550623893738,2.0,0.41953974798763083,False
2017-04-26,0.6376135945320129,0.6376135945320129,2.0,0.41953974798763083,False
2017-04-27,0.3912889063358307,0.3912889063358307,2.0,0.0,False
2017-04-28,0.46319499611854553,0.46319499611854553,2.0,0.0,False
2017-05-01,0.4374516010284424,0.4374516010284424,2.0,0.0,False
2017-05-02,0.7521995902061462,0.7521995902061462,2.0,0.42798885681960774,False
2017-05-03,0.6940372586250305,0.6940372586250305,2.0,0.42798885681960774,False
2017-05-04,0.6991502046585083,0.6991502046585083,2.0,0.42798885681960774,False
2017-05-05,0.7453344464302063,0.7453344464302063,2.0,0.42798885681960774,False
2017-05-08,0.7132007479667664,0.7132007479667664,2.0,0.42798885681960774,False
2017-05-09,0.6686664819717407,0.6686664819717407,2.0,0.42798885681960774,False
2017-05-10,0.4220321476459503,0.4220321476459503,2.0,0.0,False
2017-05-11,0.485810250043869,0.485810250043869,2.0,0.0,False
2017-05-12,0.4732755124568939,0.4732755124568939,2.0,0.0,False
2017-05-15,0.4696718454360962,0.4696718454360962,2.0,0.0,False
2017-05-16,0.5623767971992493,0.5623767971992493,2.0,0.5323054740006281,False
2017-05-17,0.8009185791015625,0.8009185791015625,2.0,0.5323054740006281,False
2017-05-18,0.6292616724967957,0.6292616724967957,0.0,1.0,False
2017-05-19,0.7570041418075562,0.7570041418075562,0.0,1.0,False
2017-05-22,0.6503195762634277,0.6503195762634277,2.0,1.0,False
2017-05-23,0.6491332650184631,0.6491332650184631,0.0,1.0,False
2017-05-24,0.764872670173645,0.764872670173645,0.0,1.0,False
2017-05-25,0.8069548010826111,0.8069548010826111,0.0,1.0,False
2017-05-26,0.80326908826828,0.80326908826828,0.0,1.0,False
2017-05-29,0.6598203778266907,0.6598203778266907,0.0,1.0,False
2017-05-30,0.5239481925964355,0.5239481925964355,0.0,1.0,False
2017-05-31,0.6618278622627258,0.6618278622627258,0.0,1.0,False
2017-06-01,0.5972158312797546,0.5972158312797546,0.0,1.0,False
2017-06-02,0.4694688320159912,0.4694688320159912,0.0,0.0,False
2017-06-05,0.41124406456947327,0.41124406456947327,0.0,0.0,False
2017-06-06,0.6521839499473572,0.6521839499473572,0.0,1.0,False
2017-06-07,0.6721946001052856,0.6721946001052856,0.0,1.0,False
2017-06-08,0.6121877431869507,0.6121877431869507,0.0,1.0,False
2017-06-09,0.5717536807060242,0.5717536807060242,0.0,1.0,False
2017-06-12,0.5438448190689087,0.5438448190689087,0.0,1.0,False
2017-06-13,0.49089315533638,0.49089315533638,0.0,0.0,False
2017-06-14,0.6100397706031799,0.6100397706031799,0.0,1.0,False
2017-06-15,0.5322715640068054,0.5322715640068054,0.0,1.0,False
2017-06-16,0.6468726396560669,0.6468726396560669,0.0,1.0,False
2017-06-19,0.6009498834609985,0.6009498834609985,0.0,1.0,False
2017-06-20,0.6184086799621582,0.6184086799621582,0.0,1.0,False
2017-06-21,0.6474312543869019,0.6474312543869019,0.0,1.0,False
2017-06-22,0.7115569114685059,0.7115569114685059,0.0,1.0,False
2017-06-23,0.6996097564697266,0.6996097564697266,0.0,1.0,False
2017-06-26,0.6259586215019226,0.6259586215019226,0.0,1.0,False
2017-06-27,0.6091439127922058,0.6091439127922058,0.0,1.0,False
2017-06-28,0.5314061045646667,0.5314061045646667,0.0,1.0,False
2017-06-29,0.5026887655258179,0.5026887655258179,0.0,1.0,False
2017-06-30,0.519486665725708,0.519486665725708,0.0,1.0,False
2017-07-03,0.5929879546165466,0.5929879546165466,0.0,1.0,False
2017-07-04,0.5566035509109497,0.5566035509109497,0.0,1.0,False
2017-07-05,0.5539860725402832,0.5539860725402832,0.0,1.0,False
2017-07-06,0.4285085201263428,0.4285085201263428,0.0,0.0,False
2017-07-07,0.6569591760635376,0.6569591760635376,0.0,1.0,False
2017-07-10,0.612888753414154,0.612888753414154,0.0,1.0,False
2017-07-11,0.6890236735343933,0.6890236735343933,0.0,1.0,False
2017-07-12,0.5803698897361755,0.5803698897361755,0.0,1.0,False
2017-07-13,0.7237343788146973,0.7237343788146973,0.0,1.0,False
2017-07-14,0.7391399145126343,0.7391399145126343,0.0,1.0,False
2017-07-17,0.7238025665283203,0.7238025665283203,0.0,1.0,False
2017-07-18,0.7245039343833923,0.7245039343833923,0.0,1.0,False
2017-07-19,0.7372957468032837,0.7372957468032837,0.0,1.0,False
2017-07-20,0.8155357241630554,0.8155357241630554,0.0,1.0,False
2017-07-21,0.7855571508407593,0.7855571508407593,0.0,1.0,False
2017-07-24,0.6916207671165466,0.6916207671165466,0.0,1.0,False
2017-07-25,0.5341806411743164,0.5341806411743164,1.0,0.0,False
2017-07-26,0.45713716745376587,0.45713716745376587,1.0,0.0,False
2017-07-27,0.5975986123085022,0.5975986123085022,1.0,0.0,False
2017-07-28,0.5867502093315125,0.5867502093315125,1.0,0.0,False
2017-07-31,0.8141905665397644,0.8141905665397644,2.0,0.6046097138761203,False
2017-08-01,0.7620914578437805,0.7620914578437805,2.0,0.6046097138761203,False
2017-08-02,0.8789336681365967,0.8789336681365967,2.0,0.6046097138761203,False
2017-08-03,0.8722884654998779,0.8722884654998779,2.0,0.6046097138761203,False
2017-08-04,0.8819586038589478,0.8819586038589478,2.0,0.6046097138761203,False
2017-08-07,0.838935136795044,0.838935136795044,2.0,0.6046097138761203,False
2017-08-08,0.6970575451850891,0.6970575451850891,2.0,0.6046097138761203,False
2017-08-09,0.5578128099441528,0.5578128099441528,2.0,0.6046097138761203,False
2017-08-10,0.5031009912490845,0.5031009912490845,2.0,0.6046097138761203,False
2017-08-11,0.5380179286003113,0.5380179286003113,2.0,0.6046097138761203,False
2017-08-14,0.4557782709598541,0.4557782709598541,2.0,0.0,False
2017-08-15,0.4258132576942444,0.4258132576942444,2.0,0.0,False
2017-08-16,0.5542103052139282,0.5542103052139282,2.0,0.5375464983261254,False
2017-08-17,0.4711286723613739,0.4711286723613739,2.0,0.0,False
2017-08-18,0.6567023992538452,0.6567023992538452,2.0,0.5189959175625578,False
2017-08-21,0.660473644733429,0.660473644733429,2.0,0.5189959175625578,False
2017-08-22,0.730567455291748,0.730567455291748,1.0,0.0,False
2017-08-23,0.5040385127067566,0.5040385127067566,1.0,0.0,False
2017-08-24,0.5143160820007324,0.5143160820007324,1.0,0.0,False
2017-08-25,0.6810284852981567,0.6810284852981567,1.0,0.0,False
2017-08-28,0.6349161267280579,0.6349161267280579,1.0,0.0,False
2017-08-29,0.6637538075447083,0.6637538075447083,1.0,0.0,False
2017-08-30,0.5968723893165588,0.5968723893165588,0.0,1.0,False
2017-08-31,0.6086878180503845,0.6086878180503845,0.0,1.0,False
2017-09-01,0.5065405368804932,0.5065405368804932,0.0,1.0,False
2017-09-04,0.6041973233222961,0.6041973233222961,0.0,1.0,True
2017-09-05,0.5822709202766418,0.5822709202766418,0.0,1.0,True
2017-09-06,0.6504428386688232,0.6504428386688232,0.0,1.0,True
2017-09-07,0.6096466779708862,0.6096466779708862,0.0,1.0,True
2017-09-08,0.5239169001579285,0.5239169001579285,0.0,1.0,True
2017-09-11,0.3286019265651703,0.3286019265651703,0.0,0.0,True
2017-09-12,0.5680668354034424,0.5680668354034424,0.0,0.9870688527855722,True
2017-09-13,0.5164400339126587,0.5164400339126587,0.0,0.9870688527855722,True
2017-09-14,0.5430551767349243,0.5430551767349243,0.0,0.9870688527855722,True
2017-09-15,0.4481305778026581,0.4481305778026581,0.0,0.0,True
2017-09-18,0.5549591183662415,0.5549591183662415,0.0,1.0,True
2017-09-19,0.5274603962898254,0.5274603962898254,0.0,1.0,True
2017-09-20,0.5821794867515564,0.5821794867515564,0.0,1.0,True
2017-09-21,0.6505473852157593,0.6505473852157593,0.0,1.0,True
2017-09-22,0.535759687423706,0.535759687423706,0.0,1.0,True
2017-09-25,0.5855416655540466,0.5855416655540466,0.0,1.0,True
2017-09-26,0.6173505187034607,0.6173505187034607,0.0,1.0,True
2017-09-27,0.5207483768463135,0.5207483768463135,0.0,1.0,True
2017-09-28,0.42901405692100525,0.42901405692100525,0.0,0.0,True
2017-09-29,0.5590163469314575,0.5590163469314575,0.0,1.0,True
2017-10-02,0.5993726253509521,0.5993726253509521,0.0,1.0,True
2017-10-03,0.6804648041725159,0.6804648041725159,0.0,1.0,True
2017-10-04,0.6846247315406799,0.6846247315406799,0.0,1.0,True
2017-10-05,0.609510064125061,0.609510064125061,0.0,1.0,True
2017-10-06,0.6705156564712524,0.6705156564712524,0.0,1.0,True
2017-10-09,0.661460280418396,0.661460280418396,0.0,1.0,True
2017-10-10,0.7379342317581177,0.7379342317581177,0.0,1.0,True
2017-10-11,0.7436615824699402,0.7436615824699402,0.0,1.0,True
2017-10-12,0.6522624492645264,0.6522624492645264,0.0,1.0,True
2017-10-13,0.5747738480567932,0.5747738480567932,0.0,1.0,True
2017-10-16,0.521956741809845,0.521956741809845,0.0,1.0,True
2017-10-17,0.7033811807632446,0.7033811807632446,0.0,1.0,True
2017-10-18,0.5519893765449524,0.5519893765449524,0.0,1.0,True
2017-10-19,0.4650369882583618,0.4650369882583618,0.0,0.0,True
2017-10-20,0.5275859236717224,0.5275859236717224,0.0,1.0,True
2017-10-23,0.5282922387123108,0.5282922387123108,0.0,1.0,True
2017-10-24,0.6265566349029541,0.6265566349029541,0.0,1.0,True
2017-10-25,0.6372492909431458,0.6372492909431458,0.0,1.0,True
2017-10-26,0.6276921033859253,0.6276921033859253,0.0,1.0,True
2017-10-27,0.639542818069458,0.639542818069458,0.0,1.0,True
2017-10-30,0.6557472944259644,0.6557472944259644,0.0,1.0,True
2017-10-31,0.7597505450248718,0.7597505450248718,0.0,1.0,True
2017-11-01,0.7085147500038147,0.7085147500038147,0.0,1.0,True
2017-11-02,0.5957333445549011,0.5957333445549011,0.0,1.0,True
2017-11-03,0.48180174827575684,0.48180174827575684,0.0,0.0,True
2017-11-06,0.5290597677230835,0.5290597677230835,0.0,1.0,True
2017-11-07,0.6147831082344055,0.6147831082344055,0.0,1.0,True
2017-11-08,0.6701350212097168,0.6701350212097168,0.0,1.0,True
2017-11-09,0.6700249314308167,0.6700249314308167,0.0,1.0,True
2017-11-10,0.7161155939102173,0.7161155939102173,0.0,1.0,True
2017-11-13,0.7044588327407837,0.7044588327407837,0.0,1.0,True
2017-11-14,0.6390170454978943,0.6390170454978943,0.0,1.0,True
2017-11-15,0.7438113689422607,0.7438113689422607,0.0,1.0,True
2017-11-16,0.7709683179855347,0.7709683179855347,0.0,1.0,True
2017-11-17,0.6819641590118408,0.6819641590118408,0.0,1.0,True
2017-11-20,0.7332043051719666,0.7332043051719666,0.0,1.0,True
2017-11-21,0.6708992123603821,0.6708992123603821,0.0,1.0,True
2017-11-22,0.7385379672050476,0.7385379672050476,0.0,1.0,True
2017-11-23,0.814647376537323,0.814647376537323,0.0,1.0,True
2017-11-24,0.7912790775299072,0.7912790775299072,1.0,0.0,True
2017-11-27,0.7441501617431641,0.7441501617431641,1.0,0.0,True
2017-11-28,0.6880109906196594,0.6880109906196594,1.0,0.0,True
2017-11-29,0.6674519181251526,0.6674519181251526,1.0,0.0,True
2017-11-30,0.6183444261550903,0.6183444261550903,2.0,0.795103255626705,True
2017-12-01,0.41977015137672424,0.41977015137672424,1.0,0.0,True
2017-12-04,0.6501240730285645,0.6501240730285645,1.0,0.0,True
2017-12-05,0.5059912800788879,0.5059912800788879,1.0,0.0,True
2017-12-06,0.5480818152427673,0.5480818152427673,1.0,0.0,True
2017-12-07,0.3905337154865265,0.3905337154865265,1.0,0.0,True
2017-12-08,0.5032132863998413,0.5032132863998413,1.0,0.0,True
2017-12-11,0.6052548885345459,0.6052548885345459,2.0,0.5507147337663444,True
2017-12-12,0.6150164604187012,0.6150164604187012,2.0,0.5507147337663444,True
2017-12-13,0.5404224395751953,0.5404224395751953,2.0,0.5507147337663444,True
2017-12-14,0.5679582357406616,0.5679582357406616,2.0,0.5507147337663444,True
2017-12-15,0.6940404176712036,0.6940404176712036,2.0,0.5507147337663444,True
2017-12-18,0.7814329266548157,0.7814329266548157,2.0,0.5507147337663444,True
2017-12-19,0.757983386516571,0.757983386516571,2.0,0.5507147337663444,True
2017-12-20,0.6699362397193909,0.6699362397193909,2.0,0.5507147337663444,True
2017-12-21,0.684380054473877,0.684380054473877,2.0,0.5507147337663444,True
2017-12-22,0.7474070191383362,0.7474070191383362,2.0,0.5507147337663444,True
2017-12-25,0.7544482946395874,0.7544482946395874,2.0,0.5507147337663444,True
2017-12-26,0.577154815196991,0.577154815196991,2.0,0.5507147337663444,True
2017-12-27,0.5961364507675171,0.5961364507675171,2.0,0.5507147337663444,True
2017-12-28,0.5552117824554443,0.5552117824554443,2.0,0.5507147337663444,True
2017-12-29,0.5473574995994568,0.5473574995994568,2.0,0.6562226097806193,True
2018-01-01,0.4704141318798065,0.4704141318798065,2.0,0.0,True
2018-01-02,0.3861263394355774,0.3861263394355774,2.0,0.0,True
2018-01-03,0.40838345885276794,0.40838345885276794,2.0,0.0,True
2018-01-04,0.5376625657081604,0.5376625657081604,1.0,0.0,True
2018-01-05,0.45507892966270447,0.45507892966270447,1.0,0.0,True
2018-01-08,0.5207458734512329,0.5207458734512329,0.0,1.0,True
2018-01-09,0.6188754439353943,0.6188754439353943,0.0,1.0,True
2018-01-10,0.6318398118019104,0.6318398118019104,0.0,1.0,True
2018-01-11,0.6766489744186401,0.6766489744186401,0.0,1.0,True
2018-01-12,0.6112281084060669,0.6112281084060669,0.0,1.0,True
2018-01-15,0.6581380367279053,0.6581380367279053,0.0,1.0,True
2018-01-16,0.5969873070716858,0.5969873070716858,0.0,1.0,True
2018-01-17,0.5237336158752441,0.5237336158752441,0.0,1.0,True
2018-01-18,0.465312659740448,0.465312659740448,1.0,0.0,True
2018-01-19,0.47185373306274414,0.47185373306274414,0.0,0.0,True
2018-01-22,0.5560131072998047,0.5560131072998047,0.0,1.0,True
2018-01-23,0.5601151585578918,0.5601151585578918,0.0,1.0,True
2018-01-24,0.5979347825050354,0.5979347825050354,0.0,1.0,True
2018-01-25,0.4729633331298828,0.4729633331298828,0.0,0.0,True
2018-01-26,0.6808980107307434,0.6808980107307434,0.0,1.0,True
2018-01-29,0.672779381275177,0.672779381275177,0.0,1.0,True
2018-01-30,0.657841682434082,0.657841682434082,0.0,1.0,True
2018-01-31,0.8084413409233093,0.8084413409233093,0.0,1.0,True
2018-02-01,0.7967042922973633,0.7967042922973633,0.0,1.0,True
2018-02-02,0.7672173976898193,0.7672173976898193,0.0,1.0,True
2018-02-05,0.6503422856330872,0.6503422856330872,0.0,1.0,True
2018-02-06,0.6309603452682495,0.6309603452682495,0.0,1.0,True
2018-02-07,0.6995566487312317,0.6995566487312317,0.0,1.0,True
2018-02-08,0.7568883299827576,0.7568883299827576,0.0,1.0,True
2018-02-09,0.7135978937149048,0.7135978937149048,0.0,1.0,True
2018-02-12,0.6308072209358215,0.6308072209358215,0.0,1.0,True
2018-02-13,0.6845028400421143,0.6845028400421143,0.0,1.0,True
2018-02-14,0.6755473613739014,0.6755473613739014,0.0,1.0,True
2018-02-15,0.6503320932388306,0.6503320932388306,0.0,1.0,True
2018-02-16,0.6049180626869202,0.6049180626869202,0.0,1.0,True
2018-02-19,0.537266731262207,0.537266731262207,0.0,1.0,True
2018-02-20,0.5428690314292908,0.5428690314292908,0.0,1.0,True
2018-02-21,0.7070382237434387,0.7070382237434387,0.0,1.0,True
2018-02-22,0.7771496772766113,0.7771496772766113,0.0,1.0,True
2018-02-23,0.5790812373161316,0.5790812373161316,0.0,1.0,True
2018-02-26,0.6700569987297058,0.6700569987297058,0.0,1.0,True
2018-02-27,0.7075068354606628,0.7075068354606628,0.0,1.0,True
2018-02-28,0.7874599695205688,0.7874599695205688,0.0,1.0,True
2018-03-01,0.7592452764511108,0.7592452764511108,0.0,1.0,True
2018-03-02,0.7335019707679749,0.7335019707679749,0.0,1.0,True
2018-03-05,0.7060748338699341,0.7060748338699341,0.0,1.0,True
2018-03-06,0.7053709626197815,0.7053709626197815,0.0,1.0,True
2018-03-07,0.7564988136291504,0.7564988136291504,0.0,1.0,True
2018-03-08,0.5950781106948853,0.5950781106948853,0.0,1.0,True
2018-03-09,0.5622178912162781,0.5622178912162781,0.0,1.0,True
2018-03-12,0.586499810218811,0.586499810218811,0.0,1.0,True
2018-03-13,0.5708789825439453,0.5708789825439453,0.0,1.0,True
2018-03-14,0.5659470558166504,0.5659470558166504,0.0,1.0,True
2018-03-15,0.6331132054328918,0.6331132054328918,0.0,1.0,True
2018-03-16,0.6150916814804077,0.6150916814804077,0.0,1.0,True
2018-03-19,0.6729209423065186,0.6729209423065186,0.0,1.0,True
2018-03-20,0.5857099294662476,0.5857099294662476,1.0,0.0,True
2018-03-21,0.6056866645812988,0.6056866645812988,1.0,0.0,True
2018-03-22,0.561058521270752,0.561058521270752,0.0,0.9689841426691711,True
2018-03-23,0.7090555429458618,0.7090555429458618,0.0,0.9689841426691711,True
2018-03-26,0.6009265780448914,0.6009265780448914,0.0,0.9689841426691711,True
2018-03-27,0.698021650314331,0.698021650314331,0.0,0.9689841426691711,True
2018-03-28,0.6827302575111389,0.6827302575111389,0.0,0.9689841426691711,True
2018-03-29,0.48274850845336914,0.48274850845336914,0.0,0.0,True
2018-03-30,0.4151802957057953,0.4151802957057953,1.0,0.0,True
2018-04-02,0.43931761384010315,0.43931761384010315,1.0,0.0,True
2018-04-03,0.5721354484558105,0.5721354484558105,0.0,1.0,True
2018-04-04,0.5065624713897705,0.5065624713897705,1.0,0.0,True
2018-04-05,0.6179639101028442,0.6179639101028442,0.0,1.0,True
2018-04-06,0.6753425598144531,0.6753425598144531,0.0,1.0,True
2018-04-09,0.5299426913261414,0.5299426913261414,0.0,1.0,True
2018-04-10,0.5976082682609558,0.5976082682609558,0.0,1.0,True
2018-04-11,0.5105478167533875,0.5105478167533875,0.0,1.0,True
2018-04-12,0.4891757071018219,0.4891757071018219,0.0,0.0,True
2018-04-13,0.6263656616210938,0.6263656616210938,0.0,1.0,True
2018-04-16,0.6063519716262817,0.6063519716262817,0.0,1.0,True
2018-04-17,0.6448497176170349,0.6448497176170349,0.0,1.0,True
2018-04-18,0.5339003801345825,0.5339003801345825,0.0,1.0,True
2018-04-19,0.5077122449874878,0.5077122449874878,0.0,1.0,True
2018-04-20,0.46752774715423584,0.46752774715423584,0.0,0.0,True
2018-04-23,0.47166624665260315,0.47166624665260315,0.0,0.0,True
2018-04-24,0.6204708814620972,0.6204708814620972,0.0,1.0,True
2018-04-25,0.5988205671310425,0.5988205671310425,0.0,1.0,True
2018-04-26,0.6973119378089905,0.6973119378089905,0.0,1.0,True
2018-04-27,0.6902149319648743,0.6902149319648743,0.0,1.0,True
2018-04-30,0.6727546453475952,0.6727546453475952,0.0,1.0,True
2018-05-01,0.619398295879364,0.619398295879364,0.0,1.0,True
2018-05-02,0.5823999643325806,0.5823999643325806,0.0,1.0,True
2018-05-03,0.6842953562736511,0.6842953562736511,0.0,1.0,True
2018-05-04,0.6817772388458252,0.6817772388458252,0.0,1.0,True
2018-05-07,0.6647253036499023,0.6647253036499023,0.0,1.0,True
2018-05-08,0.6060829758644104,0.6060829758644104,0.0,1.0,True
2018-05-09,0.7567850351333618,0.7567850351333618,0.0,1.0,True
2018-05-10,0.6671820282936096,0.6671820282936096,0.0,1.0,True
2018-05-11,0.7737392783164978,0.7737392783164978,0.0,1.0,True
2018-05-14,0.702367901802063,0.702367901802063,0.0,1.0,True
2018-05-15,0.7364619374275208,0.7364619374275208,0.0,1.0,True
2018-05-16,0.6459590196609497,0.6459590196609497,0.0,1.0,True
2018-05-17,0.6148337721824646,0.6148337721824646,0.0,1.0,True
2018-05-18,0.6214718222618103,0.6214718222618103,0.0,1.0,True
2018-05-21,0.2648218870162964,0.2648218870162964,0.0,0.0,True
2018-05-22,0.36103951930999756,0.36103951930999756,0.0,0.0,True
2018-05-23,0.6497819423675537,0.6497819423675537,0.0,1.0,True
2018-05-24,0.5976880788803101,0.5976880788803101,0.0,1.0,True
2018-05-25,0.5052140355110168,0.5052140355110168,0.0,1.0,True
2018-05-28,0.5433436036109924,0.5433436036109924,0.0,1.0,True
2018-05-29,0.6359848976135254,0.6359848976135254,0.0,1.0,True
2018-05-30,0.46684929728507996,0.46684929728507996,0.0,0.0,True
2018-05-31,0.49656054377555847,0.49656054377555847,0.0,0.0,True
2018-06-01,0.5709241628646851,0.5709241628646851,0.0,1.0,True
2018-06-04,0.5703495740890503,0.5703495740890503,0.0,1.0,True
2018-06-05,0.6100595593452454,0.6100595593452454,0.0,1.0,True
2018-06-06,0.5907038450241089,0.5907038450241089,0.0,1.0,True
2018-06-07,0.5120718479156494,0.5120718479156494,0.0,1.0,True
2018-06-08,0.5296840071678162,0.5296840071678162,0.0,1.0,True
2018-06-11,0.5057938098907471,0.5057938098907471,0.0,1.0,True
2018-06-12,0.4228212535381317,0.4228212535381317,0.0,0.0,True
2018-06-13,0.35750943422317505,0.35750943422317505,0.0,0.0,True
2018-06-14,0.6836725473403931,0.6836725473403931,0.0,1.0,True
2018-06-15,0.5886199474334717,0.5886199474334717,0.0,1.0,True
2018-06-18,0.5966473817825317,0.5966473817825317,0.0,1.0,True
2018-06-19,0.6774952411651611,0.6774952411651611,0.0,1.0,True
2018-06-20,0.4625192880630493,0.4625192880630493,0.0,0.0,True
2018-06-21,0.5594879984855652,0.5594879984855652,0.0,1.0,True
2018-06-22,0.5539248585700989,0.5539248585700989,0.0,1.0,True
2018-06-25,0.6557258367538452,0.6557258367538452,0.0,1.0,True
2018-06-26,0.714593768119812,0.714593768119812,0.0,1.0,True
2018-06-27,0.7091266512870789,0.7091266512870789,0.0,1.0,True
2018-06-28,0.6093209981918335,0.6093209981918335,0.0,1.0,True
2018-06-29,0.5771239995956421,0.5771239995956421,0.0,1.0,True
2018-07-02,0.6288561820983887,0.6288561820983887,0.0,1.0,True
2018-07-03,0.6404479742050171,0.6404479742050171,0.0,1.0,True
2018-07-04,0.4866611957550049,0.4866611957550049,0.0,0.0,True
2018-07-05,0.5921512842178345,0.5921512842178345,0.0,1.0,True
2018-07-06,0.6962307095527649,0.6962307095527649,0.0,1.0,True
2018-07-09,0.7019011974334717,0.7019011974334717,0.0,1.0,True
2018-07-10,0.6727842688560486,0.6727842688560486,0.0,1.0,True
2018-07-11,0.6459882259368896,0.6459882259368896,0.0,1.0,True
2018-07-12,0.524300754070282,0.524300754070282,0.0,1.0,True
2018-07-13,0.6035465598106384,0.6035465598106384,0.0,1.0,True
2018-07-16,0.5643053650856018,0.5643053650856018,0.0,1.0,True
2018-07-17,0.7079979777336121,0.7079979777336121,0.0,1.0,True
2018-07-18,0.7212444543838501,0.7212444543838501,0.0,1.0,True
2018-07-19,0.4927985370159149,0.4927985370159149,0.0,0.0,True
2018-07-20,0.5053551197052002,0.5053551197052002,0.0,1.0,True
2018-07-23,0.623780369758606,0.623780369758606,0.0,1.0,True
2018-07-24,0.6016120910644531,0.6016120910644531,0.0,1.0,True
2018-07-25,0.40746432542800903,0.40746432542800903,0.0,0.0,True
2018-07-26,0.6456074714660645,0.6456074714660645,0.0,1.0,True
2018-07-27,0.6257652044296265,0.6257652044296265,0.0,1.0,True
2018-07-30,0.5644974112510681,0.5644974112510681,0.0,1.0,True
2018-07-31,0.5470035076141357,0.5470035076141357,0.0,1.0,True
2018-08-01,0.6676530241966248,0.6676530241966248,0.0,1.0,True
2018-08-02,0.7035995721817017,0.7035995721817017,0.0,1.0,True
2018-08-03,0.6935634613037109,0.6935634613037109,0.0,1.0,True
2018-08-06,0.6464264988899231,0.6464264988899231,0.0,1.0,True
2018-08-07,0.5618987083435059,0.5618987083435059,0.0,1.0,True
2018-08-08,0.5204124450683594,0.5204124450683594,0.0,1.0,True
2018-08-09,0.511110246181488,0.511110246181488,0.0,1.0,True
2018-08-10,0.5736335515975952,0.5736335515975952,0.0,1.0,True
2018-08-13,0.5705417990684509,0.5705417990684509,0.0,1.0,True
2018-08-14,0.5596821308135986,0.5596821308135986,0.0,1.0,True
2018-08-15,0.6120248436927795,0.6120248436927795,0.0,1.0,True
2018-08-16,0.5035739541053772,0.5035739541053772,0.0,1.0,True
2018-08-17,0.5259484052658081,0.5259484052658081,0.0,1.0,True
2018-08-20,0.6504326462745667,0.6504326462745667,0.0,1.0,True
2018-08-21,0.6247308254241943,0.6247308254241943,0.0,1.0,True
2018-08-22,0.6732280254364014,0.6732280254364014,0.0,1.0,True
2018-08-23,0.5577186346054077,0.5577186346054077,0.0,1.0,True
2018-08-24,0.6272960305213928,0.6272960305213928,0.0,1.0,True
2018-08-27,0.7308229804039001,0.7308229804039001,0.0,1.0,True
2018-08-28,0.7436676025390625,0.7436676025390625,0.0,1.0,True
2018-08-29,0.6652076840400696,0.6652076840400696,0.0,1.0,True
2018-08-30,0.6384927034378052,0.6384927034378052,0.0,1.0,True
2018-08-31,0.7037345767021179,0.7037345767021179,0.0,1.0,True
2018-09-03,0.6675356030464172,0.6675356030464172,0.0,1.0,True
2018-09-04,0.5991920232772827,0.5991920232772827,0.0,1.0,True
2018-09-05,0.5567594766616821,0.5567594766616821,0.0,1.0,True
2018-09-06,0.4539732336997986,0.4539732336997986,0.0,0.0,True
2018-09-07,0.5768297910690308,0.5768297910690308,0.0,1.0,True
2018-09-10,0.576635479927063,0.576635479927063,0.0,1.0,True
2018-09-11,0.50771564245224,0.50771564245224,0.0,1.0,True
2018-09-12,0.6612544059753418,0.6612544059753418,0.0,1.0,True
2018-09-13,0.7268801331520081,0.7268801331520081,0.0,1.0,True
2018-09-14,0.6899583339691162,0.6899583339691162,0.0,1.0,True
2018-09-17,0.6002193689346313,0.6002193689346313,0.0,1.0,True
2018-09-18,0.4609861969947815,0.4609861969947815,0.0,0.0,True
2018-09-19,0.5713692903518677,0.5713692903518677,0.0,1.0,True
2018-09-20,0.5204535722732544,0.5204535722732544,0.0,1.0,True
2018-09-21,0.5121859312057495,0.5121859312057495,0.0,1.0,True
2018-09-24,0.5556474924087524,0.5556474924087524,0.0,1.0,True
2018-09-25,0.5332100987434387,0.5332100987434387,0.0,1.0,True
2018-09-26,0.5049451589584351,0.5049451589584351,0.0,1.0,True
2018-09-27,0.4449007511138916,0.4449007511138916,0.0,0.0,True
2018-09-28,0.6211274862289429,0.6211274862289429,0.0,1.0,True
2018-10-01,0.5156846642494202,0.5156846642494202,0.0,1.0,True
2018-10-02,0.5328878164291382,0.5328878164291382,0.0,1.0,True
2018-10-03,0.7231111526489258,0.7231111526489258,0.0,1.0,True
2018-10-04,0.7013297080993652,0.7013297080993652,1.0,0.0,True
2018-10-05,0.6082579493522644,0.6082579493522644,0.0,0.9182977405680768,True
2018-10-08,0.6831176280975342,0.6831176280975342,0.0,0.9182977405680768,True
2018-10-09,0.6469742059707642,0.6469742059707642,0.0,0.9182977405680768,True
2018-10-10,0.5606836676597595,0.5606836676597595,1.0,0.0,True
2018-10-11,0.6028932929039001,0.6028932929039001,1.0,0.0,True
2018-10-12,0.4801182150840759,0.4801182150840759,2.0,0.0,True
2018-10-15,0.5439672470092773,0.5439672470092773,2.0,0.8625301613022675,True
2018-10-16,0.5223683714866638,0.5223683714866638,2.0,0.8625301613022675,True
2018-10-17,0.4916022717952728,0.4916022717952728,1.0,0.0,True
2018-10-18,0.49472111463546753,0.49472111463546753,2.0,0.0,True
2018-10-19,0.5462819337844849,0.5462819337844849,2.0,0.5805842469415233,True
2018-10-22,0.5638955235481262,0.5638955235481262,2.0,0.5805842469415233,True
2018-10-23,0.5433068871498108,0.5433068871498108,2.0,0.5805842469415233,True
2018-10-24,0.6195804476737976,0.6195804476737976,2.0,0.4564333386100667,True
2018-10-25,0.5371331572532654,0.5371331572532654,2.0,0.4564333386100667,True
2018-10-26,0.727582573890686,0.727582573890686,2.0,0.4564333386100667,True
2018-10-29,0.6320338249206543,0.6320338249206543,2.0,0.4564333386100667,True
2018-10-30,0.6486572027206421,0.6486572027206421,2.0,0.4564333386100667,True
2018-10-31,0.6082945466041565,0.6082945466041565,2.0,0.4564333386100667,True
2018-11-01,0.4490430951118469,0.4490430951118469,2.0,0.0,True
2018-11-02,0.5755781531333923,0.5755781531333923,2.0,0.346558628985566,True
2018-11-05,0.6493913531303406,0.6493913531303406,2.0,0.346558628985566,True
2018-11-06,0.8374110460281372,0.8374110460281372,2.0,0.346558628985566,True
2018-11-07,0.647026777267456,0.647026777267456,2.0,0.346558628985566,True
2018-11-08,0.7669201493263245,0.7669201493263245,2.0,0.346558628985566,True
2018-11-09,0.825577437877655,0.825577437877655,2.0,0.346558628985566,True
2018-11-12,0.6055725812911987,0.6055725812911987,2.0,0.346558628985566,True
2018-11-13,0.853547215461731,0.853547215461731,2.0,0.346558628985566,True
2018-11-14,0.8610010147094727,0.8610010147094727,2.0,0.346558628985566,True
2018-11-15,0.850768506526947,0.850768506526947,2.0,0.346558628985566,True
2018-11-16,0.9019505381584167,0.9019505381584167,2.0,0.346558628985566,True
2018-11-19,0.9269967675209045,0.9269967675209045,2.0,0.346558628985566,True
2018-11-20,0.8418059349060059,0.8418059349060059,2.0,0.346558628985566,True
2018-11-21,0.7410789728164673,0.7410789728164673,2.0,0.346558628985566,True
2018-11-22,0.7747042775154114,0.7747042775154114,2.0,0.346558628985566,True
2018-11-23,0.7245171666145325,0.7245171666145325,2.0,0.346558628985566,True
2018-11-26,0.684404730796814,0.684404730796814,2.0,0.346558628985566,True
2018-11-27,0.8420034646987915,0.8420034646987915,2.0,0.346558628985566,True
2018-11-28,0.8319688439369202,0.8319688439369202,2.0,0.346558628985566,True
2018-11-29,0.7182046175003052,0.7182046175003052,2.0,0.346558628985566,True
2018-11-30,0.7190883159637451,0.7190883159637451,2.0,0.346558628985566,True
2018-12-03,0.8772100806236267,0.8772100806236267,2.0,0.346558628985566,True
2018-12-04,0.6228246688842773,0.6228246688842773,2.0,0.346558628985566,True
2018-12-05,0.7228091359138489,0.7228091359138489,2.0,0.346558628985566,True
2018-12-06,0.8020159602165222,0.8020159602165222,2.0,0.346558628985566,True
2018-12-07,0.8387547731399536,0.8387547731399536,2.0,0.346558628985566,True
2018-12-10,0.6690816879272461,0.6690816879272461,2.0,0.46411586969359436,True
2018-12-11,0.6380466222763062,0.6380466222763062,1.0,0.0,True
2018-12-12,0.6843476891517639,0.6843476891517639,1.0,0.0,True
2018-12-13,0.6451319456100464,0.6451319456100464,2.0,1.0,True
2018-12-14,0.5320475697517395,0.5320475697517395,2.0,1.0,True
2018-12-17,0.5505563616752625,0.5505563616752625,2.0,1.0,True
2018-12-18,0.48420363664627075,0.48420363664627075,2.0,0.0,True
2018-12-19,0.5084294080734253,0.5084294080734253,2.0,1.0,True
2018-12-20,0.4962814748287201,0.4962814748287201,2.0,0.0,True
2018-12-21,0.46645110845565796,0.46645110845565796,0.0,0.0,True
2018-12-24,0.4209131896495819,0.4209131896495819,0.0,0.0,True
2018-12-25,0.31956037878990173,0.31956037878990173,2.0,0.0,True
2018-12-26,0.2890709936618805,0.2890709936618805,0.0,0.0,True
2018-12-27,0.6242182850837708,0.6242182850837708,0.0,1.0,True
2018-12-28,0.7394773960113525,0.7394773960113525,0.0,1.0,True
2018-12-31,0.6884291172027588,0.6884291172027588,0.0,1.0,True
2019-01-01,0.6438739895820618,0.6438739895820618,0.0,1.0,True
2019-01-02,0.6821199655532837,0.6821199655532837,0.0,1.0,True
2019-01-03,0.7643327116966248,0.7643327116966248,0.0,1.0,True
2019-01-04,0.49725982546806335,0.49725982546806335,0.0,0.0,True
2019-01-07,0.6908198595046997,0.6908198595046997,0.0,1.0,True
2019-01-08,0.6603736877441406,0.6603736877441406,0.0,1.0,True
2019-01-09,0.6844024658203125,0.6844024658203125,0.0,1.0,True
2019-01-10,0.6850298047065735,0.6850298047065735,0.0,1.0,True
2019-01-11,0.7137581706047058,0.7137581706047058,0.0,1.0,True
2019-01-14,0.7880750894546509,0.7880750894546509,0.0,1.0,True
2019-01-15,0.7259954810142517,0.7259954810142517,0.0,1.0,True
2019-01-16,0.6648746728897095,0.6648746728897095,0.0,1.0,True
2019-01-17,0.5047230124473572,0.5047230124473572,0.0,1.0,True
2019-01-18,0.481172651052475,0.481172651052475,0.0,0.0,True
2019-01-21,0.5487521886825562,0.5487521886825562,0.0,1.0,True
2019-01-22,0.5918391942977905,0.5918391942977905,0.0,1.0,True
2019-01-23,0.6066882610321045,0.6066882610321045,0.0,1.0,True
2019-01-24,0.6187901496887207,0.6187901496887207,0.0,1.0,True
2019-01-25,0.49943581223487854,0.49943581223487854,0.0,0.0,True
2019-01-28,0.5564128756523132,0.5564128756523132,0.0,1.0,True
2019-01-29,0.5231730937957764,0.5231730937957764,0.0,1.0,True
2019-01-30,0.7384110689163208,0.7384110689163208,1.0,0.0,True
2019-01-31,0.7312768697738647,0.7312768697738647,1.0,0.0,True
2019-02-01,0.6224775910377502,0.6224775910377502,1.0,0.0,True
2019-02-04,0.4758335053920746,0.4758335053920746,1.0,0.0,True
2019-02-05,0.5142753720283508,0.5142753720283508,1.0,0.0,True
2019-02-06,0.8375363945960999,0.8375363945960999,2.0,0.466925028817806,True
2019-02-07,0.6709374785423279,0.6709374785423279,2.0,0.466925028817806,True
2019-02-08,0.4768817722797394,0.4768817722797394,2.0,0.0,True
2019-02-11,0.4560275077819824,0.4560275077819824,2.0,0.0,True
2019-02-12,0.6710411906242371,0.6710411906242371,2.0,0.4064753415924665,True
2019-02-13,0.7120442986488342,0.7120442986488342,2.0,0.4064753415924665,True
2019-02-14,0.7493583559989929,0.7493583559989929,2.0,0.4064753415924665,True
2019-02-15,0.6967498660087585,0.6967498660087585,2.0,0.4064753415924665,True
2019-02-18,0.7202884554862976,0.7202884554862976,2.0,0.4064753415924665,True
2019-02-19,0.7691631317138672,0.7691631317138672,2.0,0.4064753415924665,True
2019-02-20,0.5783880949020386,0.5783880949020386,2.0,0.4064753415924665,True
2019-02-21,0.6679171323776245,0.6679171323776245,2.0,0.4064753415924665,True
2019-02-22,0.7519993185997009,0.7519993185997009,2.0,0.4064753415924665,True
2019-02-25,0.709911584854126,0.709911584854126,2.0,0.4064753415924665,True
2019-02-26,0.5501571297645569,0.5501571297645569,2.0,0.4064753415924665,True
2019-02-27,0.4861556589603424,0.4861556589603424,2.0,0.0,True
2019-02-28,0.49250099062919617,0.49250099062919617,2.0,0.0,True
2019-03-01,0.597489595413208,0.597489595413208,2.0,0.4383914584859078,True
2019-03-04,0.6334882974624634,0.6334882974624634,2.0,0.4383914584859078,True
2019-03-05,0.4681554436683655,0.4681554436683655,2.0,0.0,True
2019-03-06,0.47466808557510376,0.47466808557510376,2.0,0.0,True
2019-03-07,0.5311207175254822,0.5311207175254822,1.0,0.0,True
2019-03-08,0.5502458810806274,0.5502458810806274,1.0,0.0,True
2019-03-11,0.5230453014373779,0.5230453014373779,1.0,0.0,True
2019-03-12,0.7407700419425964,0.7407700419425964,2.0,0.571919850790806,True
2019-03-13,0.6462371349334717,0.6462371349334717,1.0,0.0,True
2019-03-14,0.6441430449485779,0.6441430449485779,1.0,0.0,True
2019-03-15,0.6619095802307129,0.6619095802307129,1.0,0.0,True
2019-03-18,0.6813124418258667,0.6813124418258667,1.0,0.0,True
2019-03-19,0.5794283747673035,0.5794283747673035,1.0,0.0,True
2019-03-20,0.5240730047225952,0.5240730047225952,1.0,0.0,True
2019-03-21,0.41155004501342773,0.41155004501342773,1.0,0.0,True
2019-03-22,0.48107367753982544,0.48107367753982544,1.0,0.0,True
2019-03-25,0.543856143951416,0.543856143951416,1.0,0.0,True
2019-03-26,0.6151520013809204,0.6151520013809204,1.0,0.0,True
2019-03-27,0.6843635439872742,0.6843635439872742,1.0,0.0,True
2019-03-28,0.6816563606262207,0.6816563606262207,1.0,0.0,True
2019-03-29,0.7821699976921082,0.7821699976921082,1.0,0.0,True
2019-04-01,0.6457298398017883,0.6457298398017883,1.0,0.0,True
2019-04-02,0.7343785762786865,0.7343785762786865,1.0,0.0,True
2019-04-03,0.6652712821960449,0.6652712821960449,1.0,0.0,True
2019-04-04,0.5089910626411438,0.5089910626411438,1.0,0.0,True
2019-04-05,0.6123250126838684,0.6123250126838684,1.0,0.0,True
2019-04-08,0.590151309967041,0.590151309967041,1.0,0.0,True
2019-04-09,0.6378628015518188,0.6378628015518188,0.0,1.0,True
2019-04-10,0.6472862362861633,0.6472862362861633,0.0,1.0,True
2019-04-11,0.6410194039344788,0.6410194039344788,0.0,1.0,True
2019-04-12,0.38141149282455444,0.38141149282455444,0.0,0.0,True
2019-04-15,0.4781029522418976,0.4781029522418976,0.0,0.0,True
2019-04-16,0.4164941608905792,0.4164941608905792,0.0,0.0,True
2019-04-17,0.4533195197582245,0.4533195197582245,0.0,0.0,True
2019-04-18,0.6440368294715881,0.6440368294715881,0.0,1.0,True
2019-04-19,0.7136542797088623,0.7136542797088623,0.0,1.0,True
2019-04-22,0.5590054392814636,0.5590054392814636,0.0,1.0,True
2019-04-23,0.6809309124946594,0.6809309124946594,0.0,1.0,True
2019-04-24,0.6569838523864746,0.6569838523864746,0.0,1.0,True
2019-04-25,0.7128346562385559,0.7128346562385559,0.0,1.0,True
2019-04-26,0.6558012366294861,0.6558012366294861,0.0,1.0,True
2019-04-29,0.6677068471908569,0.6677068471908569,0.0,1.0,True
2019-04-30,0.6622366309165955,0.6622366309165955,0.0,1.0,True
2019-05-01,0.6084392666816711,0.6084392666816711,0.0,1.0,True
2019-05-02,0.6620030999183655,0.6620030999183655,0.0,1.0,True
2019-05-03,0.7380024194717407,0.7380024194717407,1.0,0.0,True
2019-05-06,0.6383973360061646,0.6383973360061646,1.0,0.0,True
2019-05-07,0.7107011675834656,0.7107011675834656,1.0,0.0,True
2019-05-08,0.5609312653541565,0.5609312653541565,1.0,0.0,True
2019-05-09,0.4055050313472748,0.4055050313472748,0.0,0.0,True
2019-05-10,0.3757796287536621,0.3757796287536621,0.0,0.0,True
2019-05-13,0.5095909237861633,0.5095909237861633,0.0,0.9948255913481123,True
2019-05-14,0.5512284636497498,0.5512284636497498,0.0,0.9948255913481123,True
2019-05-15,0.4815824627876282,0.4815824627876282,0.0,0.0,True
2019-05-16,0.5862263441085815,0.5862263441085815,0.0,0.913843643192116,True
2019-05-17,0.5002467632293701,0.5002467632293701,1.0,0.0,True
2019-05-20,0.3486461639404297,0.3486461639404297,1.0,0.0,True
2019-05-21,0.463728129863739,0.463728129863739,1.0,0.0,True
2019-05-22,0.43084654211997986,0.43084654211997986,1.0,0.0,True
2019-05-23,0.4153890907764435,0.4153890907764435,1.0,0.0,True
2019-05-24,0.3743078112602234,0.3743078112602234,1.0,0.0,True
2019-05-27,0.39862558245658875,0.39862558245658875,1.0,0.0,True
2019-05-28,0.4750779867172241,0.4750779867172241,1.0,0.0,True
2019-05-29,0.5300374627113342,0.5300374627113342,1.0,0.0,True
2019-05-30,0.4417693614959717,0.4417693614959717,1.0,0.0,True
2019-05-31,0.5880126953125,0.5880126953125,1.0,0.0,True
2019-06-03,0.6110674738883972,0.6110674738883972,1.0,0.0,True
2019-06-04,0.6117861866950989,0.6117861866950989,1.0,0.0,True
2019-06-05,0.5185192227363586,0.5185192227363586,1.0,0.0,True
2019-06-06,0.5220252871513367,0.5220252871513367,1.0,0.0,True
2019-06-07,0.598552942276001,0.598552942276001,1.0,0.0,True
2019-06-10,0.5655218362808228,0.5655218362808228,1.0,0.0,True
2019-06-11,0.5481467843055725,0.5481467843055725,1.0,0.0,True
2019-06-12,0.5608875751495361,0.5608875751495361,1.0,0.0,True
2019-06-13,0.5329545140266418,0.5329545140266418,1.0,0.0,True
2019-06-14,0.5125189423561096,0.5125189423561096,1.0,0.0,True
2019-06-17,0.46791553497314453,0.46791553497314453,1.0,0.0,True
2019-06-18,0.5046089887619019,0.5046089887619019,1.0,0.0,True
2019-06-19,0.5604650378227234,0.5604650378227234,0.0,1.0,True
2019-06-20,0.6012614369392395,0.6012614369392395,0.0,1.0,True
2019-06-21,0.5787181258201599,0.5787181258201599,0.0,1.0,True
2019-06-24,0.5814934968948364,0.5814934968948364,1.0,0.0,True
2019-06-25,0.5823564529418945,0.5823564529418945,1.0,0.0,True
2019-06-26,0.6027837991714478,0.6027837991714478,1.0,0.0,True
2019-06-27,0.5371710658073425,0.5371710658073425,1.0,0.0,True
2019-06-28,0.5171672105789185,0.5171672105789185,1.0,0.0,True
2019-07-01,0.3671700060367584,0.3671700060367584,1.0,0.0,True
2019-07-02,0.41453060507774353,0.41453060507774353,1.0,0.0,True
2019-07-03,0.46056169271469116,0.46056169271469116,1.0,0.0,True
2019-07-04,0.4585934579372406,0.4585934579372406,1.0,0.0,True
2019-07-05,0.49734172224998474,0.49734172224998474,1.0,0.0,True
2019-07-08,0.5098105072975159,0.5098105072975159,1.0,0.0,True
2019-07-09,0.7197137475013733,0.7197137475013733,1.0,0.0,True
2019-07-10,0.6762151122093201,0.6762151122093201,1.0,0.0,True
2019-07-11,0.6500869989395142,0.6500869989395142,1.0,0.0,True
2019-07-12,0.6379483938217163,0.6379483938217163,1.0,0.0,True
2019-07-15,0.6673194169998169,0.6673194169998169,1.0,0.0,True
2019-07-16,0.5646848082542419,0.5646848082542419,2.0,0.7524815575664253,True
2019-07-17,0.6662179231643677,0.6662179231643677,1.0,0.0,True
2019-07-18,0.6800563931465149,0.6800563931465149,1.0,0.0,True
2019-07-19,0.776593804359436,0.776593804359436,1.0,0.0,True
2019-07-22,0.8056076765060425,0.8056076765060425,1.0,0.0,True
2019-07-23,0.764388382434845,0.764388382434845,1.0,0.0,True
2019-07-24,0.6376485228538513,0.6376485228538513,1.0,0.0,True
2019-07-25,0.7775494456291199,0.7775494456291199,1.0,0.0,True
2019-07-26,0.641632080078125,0.641632080078125,2.0,0.6359192665752617,True
2019-07-29,0.6156434416770935,0.6156434416770935,2.0,0.6359192665752617,True
2019-07-30,0.4221619963645935,0.4221619963645935,2.0,0.0,True
2019-07-31,0.5238038301467896,0.5238038301467896,2.0,0.6063183586074606,True
2019-08-01,0.48052695393562317,0.48052695393562317,2.0,0.0,True
2019-08-02,0.35616761445999146,0.35616761445999146,2.0,0.0,True
2019-08-05,0.4526067078113556,0.4526067078113556,2.0,0.0,True
2019-08-06,0.5169324278831482,0.5169324278831482,1.0,0.0,True
2019-08-07,0.3087623417377472,0.3087623417377472,1.0,0.0,True
2019-08-08,0.5178646445274353,0.5178646445274353,1.0,0.0,True
2019-08-09,0.4868510961532593,0.4868510961532593,1.0,0.0,True
2019-08-12,0.41888588666915894,0.41888588666915894,1.0,0.0,True
2019-08-13,0.5252360105514526,0.5252360105514526,1.0,0.0,True
2019-08-14,0.3681301474571228,0.3681301474571228,1.0,0.0,True
2019-08-15,0.339908242225647,0.339908242225647,1.0,0.0,True
2019-08-16,0.5498936772346497,0.5498936772346497,1.0,0.0,True
2019-08-19,0.6699969172477722,0.6699969172477722,1.0,0.0,True
2019-08-20,0.4959217607975006,0.4959217607975006,1.0,0.0,True
2019-08-21,0.5005666613578796,0.5005666613578796,1.0,0.0,True
2019-08-22,0.49055275321006775,0.49055275321006775,1.0,0.0,True
2019-08-23,0.4941975474357605,0.4941975474357605,1.0,0.0,True
2019-08-26,0.46293172240257263,0.46293172240257263,1.0,0.0,True
2019-08-27,0.5020033121109009,0.5020033121109009,1.0,0.0,True
2019-08-28,0.54044508934021,0.54044508934021,1.0,0.0,True
2019-08-29,0.5855727791786194,0.5855727791786194,1.0,0.0,True
2019-08-30,0.4487258195877075,0.4487258195877075,1.0,0.0,True
2019-09-02,0.433297336101532,0.433297336101532,1.0,0.0,True
2019-09-03,0.43800362944602966,0.43800362944602966,1.0,0.0,True
2019-09-04,0.4799911677837372,0.4799911677837372,1.0,0.0,True
2019-09-05,0.5259326100349426,0.5259326100349426,1.0,0.0,True
2019-09-06,0.4720156788825989,0.4720156788825989,1.0,0.0,True
2019-09-09,0.6144487261772156,0.6144487261772156,1.0,0.0,True
2019-09-10,0.5405566692352295,0.5405566692352295,1.0,0.0,True
2019-09-11,0.470651239156723,0.470651239156723,1.0,0.0,True
2019-09-12,0.5178565979003906,0.5178565979003906,1.0,0.0,True
2019-09-13,0.5758935213088989,0.5758935213088989,1.0,0.0,True
2019-09-16,0.5136074423789978,0.5136074423789978,1.0,0.0,True
2019-09-17,0.5807023048400879,0.5807023048400879,0.0,1.0,True
2019-09-18,0.561197817325592,0.561197817325592,0.0,1.0,True
2019-09-19,0.5351549983024597,0.5351549983024597,0.0,1.0,True
2019-09-20,0.5419697761535645,0.5419697761535645,0.0,1.0,True
2019-09-23,0.5649420022964478,0.5649420022964478,0.0,1.0,True
2019-09-24,0.6316757798194885,0.6316757798194885,0.0,1.0,True
2019-09-25,0.40167537331581116,0.40167537331581116,0.0,0.0,True
2019-09-26,0.49273011088371277,0.49273011088371277,0.0,0.0,True
2019-09-27,0.6483452320098877,0.6483452320098877,0.0,1.0,True
2019-09-30,0.6101696491241455,0.6101696491241455,0.0,1.0,True
2019-10-01,0.666837751865387,0.666837751865387,0.0,1.0,True
2019-10-02,0.6671172976493835,0.6671172976493835,0.0,1.0,True
2019-10-03,0.5934237837791443,0.5934237837791443,0.0,1.0,True
2019-10-04,0.6268336176872253,0.6268336176872253,0.0,1.0,True
2019-10-07,0.692599892616272,0.692599892616272,0.0,1.0,True
2019-10-08,0.7317561507225037,0.7317561507225037,0.0,1.0,True
2019-10-09,0.7264271974563599,0.7264271974563599,0.0,1.0,True
2019-10-10,0.8064214587211609,0.8064214587211609,0.0,1.0,True
2019-10-11,0.8099771738052368,0.8099771738052368,0.0,1.0,True
2019-10-14,0.8003917336463928,0.8003917336463928,0.0,1.0,True
2019-10-15,0.7193850874900818,0.7193850874900818,0.0,1.0,True
2019-10-16,0.8316952586174011,0.8316952586174011,0.0,1.0,True
2019-10-17,0.742106556892395,0.742106556892395,0.0,1.0,True
2019-10-18,0.6206023693084717,0.6206023693084717,0.0,1.0,True
2019-10-21,0.6972134709358215,0.6972134709358215,0.0,1.0,True
2019-10-22,0.782975435256958,0.782975435256958,0.0,1.0,True
2019-10-23,0.7390406727790833,0.7390406727790833,0.0,1.0,True
2019-10-24,0.6674692630767822,0.6674692630767822,0.0,1.0,True
2019-10-25,0.6882278919219971,0.6882278919219971,0.0,1.0,True
2019-10-28,0.5953718423843384,0.5953718423843384,0.0,1.0,True
2019-10-29,0.5391650199890137,0.5391650199890137,0.0,1.0,True
2019-10-30,0.515381932258606,0.515381932258606,0.0,1.0,True
2019-10-31,0.4495478570461273,0.4495478570461273,0.0,0.0,True
2019-11-01,0.39067113399505615,0.39067113399505615,0.0,0.0,True
2019-11-04,0.5894048810005188,0.5894048810005188,0.0,1.0,True
2019-11-05,0.5216109752655029,0.5216109752655029,0.0,1.0,True
2019-11-06,0.7049174308776855,0.7049174308776855,0.0,1.0,True
2019-11-07,0.6421003341674805,0.6421003341674805,0.0,1.0,True
2019-11-08,0.5513812303543091,0.5513812303543091,0.0,1.0,True
2019-11-11,0.617046594619751,0.617046594619751,0.0,1.0,True
2019-11-12,0.530439019203186,0.530439019203186,0.0,1.0,True
2019-11-13,0.5751473903656006,0.5751473903656006,0.0,1.0,True
2019-11-14,0.5227985382080078,0.5227985382080078,0.0,1.0,True
2019-11-15,0.6190862059593201,0.6190862059593201,0.0,1.0,True
2019-11-18,0.4888346493244171,0.4888346493244171,0.0,0.0,True
2019-11-19,0.5673150420188904,0.5673150420188904,0.0,1.0,True
2019-11-20,0.5113211870193481,0.5113211870193481,0.0,1.0,True
2019-11-21,0.5319445133209229,0.5319445133209229,1.0,0.0,True
2019-11-22,0.4982397258281708,0.4982397258281708,1.0,0.0,True
2019-11-25,0.5790325403213501,0.5790325403213501,1.0,0.0,True
2019-11-26,0.545952558517456,0.545952558517456,1.0,0.0,True
2019-11-27,0.6669601202011108,0.6669601202011108,1.0,0.0,True
2019-11-28,0.5715344548225403,0.5715344548225403,1.0,0.0,True
2019-11-29,0.6583309173583984,0.6583309173583984,1.0,0.0,True
2019-12-02,0.6457483172416687,0.6457483172416687,1.0,0.0,True
2019-12-03,0.6672767400741577,0.6672767400741577,1.0,0.0,True
2019-12-04,0.5601619482040405,0.5601619482040405,1.0,0.0,True
2019-12-05,0.5536353588104248,0.5536353588104248,1.0,0.0,True
2019-12-06,0.529859185218811,0.529859185218811,1.0,0.0,True
2019-12-09,0.47197309136390686,0.47197309136390686,1.0,0.0,True
2019-12-10,0.4535832107067108,0.4535832107067108,1.0,0.0,True
2019-12-11,0.42643991112709045,0.42643991112709045,1.0,0.0,True
2019-12-12,0.4669671356678009,0.4669671356678009,1.0,0.0,True
2019-12-13,0.5207129120826721,0.5207129120826721,1.0,0.0,True
2019-12-16,0.5081533789634705,0.5081533789634705,1.0,0.0,True
2019-12-17,0.5291515588760376,0.5291515588760376,1.0,0.0,True
2019-12-18,0.5768442153930664,0.5768442153930664,0.0,1.0,True
2019-12-19,0.6934449672698975,0.6934449672698975,0.0,1.0,True
2019-12-20,0.7538030743598938,0.7538030743598938,0.0,1.0,True
2019-12-23,0.8208475708961487,0.8208475708961487,0.0,1.0,True
2019-12-24,0.5944914221763611,0.5944914221763611,0.0,1.0,True
2019-12-25,0.5597993731498718,0.5597993731498718,0.0,1.0,True
2019-12-26,0.5305237770080566,0.5305237770080566,0.0,1.0,True
2019-12-27,0.5433812737464905,0.5433812737464905,0.0,1.0,True
2019-12-30,0.6237165927886963,0.6237165927886963,0.0,1.0,True
2019-12-31,0.5497463345527649,0.5497463345527649,0.0,1.0,True
2020-01-01,0.6002824902534485,0.6002824902534485,1.0,0.0,True
2020-01-02,0.6034262180328369,0.6034262180328369,1.0,0.0,True
2020-01-03,0.7016923427581787,0.7016923427581787,1.0,0.0,True
2020-01-06,0.743699848651886,0.743699848651886,1.0,0.0,True
2020-01-07,0.6965892314910889,0.6965892314910889,1.0,0.0,True
2020-01-08,0.618351399898529,0.618351399898529,1.0,0.0,True
2020-01-09,0.6874397993087769,0.6874397993087769,1.0,0.0,True
2020-01-10,0.6436154246330261,0.6436154246330261,1.0,0.0,True
2020-01-13,0.6762904524803162,0.6762904524803162,1.0,0.0,True
2020-01-14,0.6691561937332153,0.6691561937332153,1.0,0.0,True
2020-01-15,0.7272810339927673,0.7272810339927673,1.0,0.0,True
2020-01-16,0.8146142959594727,0.8146142959594727,1.0,0.0,True
2020-01-17,0.6663599610328674,0.6663599610328674,1.0,0.0,True
2020-01-20,0.6471326947212219,0.6471326947212219,1.0,0.0,True
2020-01-21,0.7438944578170776,0.7438944578170776,1.0,0.0,True
2020-01-22,0.7291229963302612,0.7291229963302612,1.0,0.0,True
2020-01-23,0.6669782400131226,0.6669782400131226,1.0,0.0,True
2020-01-24,0.7139821648597717,0.7139821648597717,1.0,0.0,True
2020-01-27,0.7058110237121582,0.7058110237121582,1.0,0.0,True
2020-01-28,0.7387604713439941,0.7387604713439941,0.0,0.9825443068225541,True
2020-01-29,0.6062131524085999,0.6062131524085999,0.0,0.9825443068225541,True
2020-01-30,0.5790700316429138,0.5790700316429138,0.0,0.9825443068225541,True
2020-01-31,0.6926249265670776,0.6926249265670776,0.0,0.9825443068225541,True
2020-02-03,0.7299405336380005,0.7299405336380005,0.0,0.9825443068225541,True
2020-02-04,0.5399612784385681,0.5399612784385681,0.0,0.9825443068225541,True
2020-02-05,0.6708945631980896,0.6708945631980896,0.0,0.9825443068225541,True
2020-02-06,0.6202370524406433,0.6202370524406433,0.0,0.9825443068225541,True
2020-02-07,0.6186299324035645,0.6186299324035645,0.0,0.9825443068225541,True
2020-02-10,0.6449586749076843,0.6449586749076843,0.0,0.9825443068225541,True
2020-02-11,0.6439772844314575,0.6439772844314575,0.0,0.9825443068225541,True
2020-02-12,0.5807719230651855,0.5807719230651855,0.0,0.9825443068225541,True
2020-02-13,0.6112452745437622,0.6112452745437622,0.0,0.9825443068225541,True
2020-02-14,0.6105599999427795,0.6105599999427795,0.0,0.9825443068225541,True
2020-02-17,0.6713584661483765,0.6713584661483765,0.0,0.9825443068225541,True
2020-02-18,0.6280033588409424,0.6280033588409424,0.0,0.9825443068225541,True
2020-02-19,0.6579480171203613,0.6579480171203613,0.0,0.9825443068225541,True
2020-02-20,0.7033970952033997,0.7033970952033997,0.0,0.9825443068225541,True
2020-02-21,0.7236143946647644,0.7236143946647644,0.0,0.9825443068225541,True
2020-02-24,0.7130969166755676,0.7130969166755676,0.0,0.9825443068225541,True
2020-02-25,0.7251957058906555,0.7251957058906555,0.0,0.9825443068225541,True
2020-02-26,0.7129665613174438,0.7129665613174438,0.0,0.9825443068225541,True
2020-02-27,0.7410993576049805,0.7410993576049805,0.0,0.9825443068225541,True
2020-02-28,0.7163055539131165,0.7163055539131165,0.0,0.9825443068225541,True
2020-03-02,0.8001901507377625,0.8001901507377625,0.0,0.9825443068225541,True
2020-03-03,0.7906540632247925,0.7906540632247925,0.0,0.9825443068225541,True
2020-03-04,0.7337098121643066,0.7337098121643066,0.0,0.9825443068225541,True
2020-03-05,0.6359468102455139,0.6359468102455139,1.0,0.0,True
2020-03-06,0.544929563999176,0.544929563999176,1.0,0.0,True
2020-03-09,0.22966709733009338,0.22966709733009338,1.0,0.0,True
2020-03-10,0.4947755038738251,0.4947755038738251,1.0,0.0,True
2020-03-11,0.5339440703392029,0.5339440703392029,1.0,0.0,True
2020-03-12,0.6357777714729309,0.6357777714729309,1.0,0.0,True
2020-03-13,0.5628408193588257,0.5628408193588257,1.0,0.0,True
2020-03-16,0.6659824252128601,0.6659824252128601,1.0,0.0,True
2020-03-17,0.392947793006897,0.392947793006897,1.0,0.0,True
2020-03-18,0.47838929295539856,0.47838929295539856,1.0,0.0,True
2020-03-19,0.5678811073303223,0.5678811073303223,1.0,0.0,True
2020-03-20,0.570732593536377,0.570732593536377,1.0,0.0,True
2020-03-23,0.6560841202735901,0.6560841202735901,1.0,0.0,True
2020-03-24,0.6667261719703674,0.6667261719703674,1.0,0.0,True
2020-03-25,0.6232168078422546,0.6232168078422546,2.0,0.5067064954187263,True
2020-03-26,0.6515665650367737,0.6515665650367737,1.0,0.0,True
2020-03-27,0.5537524223327637,0.5537524223327637,1.0,0.0,True
2020-03-30,0.7089803814888,0.7089803814888,2.0,0.47815096084779685,True
2020-03-31,0.8219058513641357,0.8219058513641357,2.0,0.3600914416617829,True
2020-04-01,0.8972827792167664,0.8972827792167664,2.0,0.3600914416617829,True
2020-04-02,0.8456786870956421,0.8456786870956421,2.0,0.3600914416617829,True
2020-04-03,0.8700445294380188,0.8700445294380188,2.0,0.3600914416617829,True
2020-04-06,0.8785476088523865,0.8785476088523865,2.0,0.3600914416617829,True
2020-04-07,0.85659259557724,0.85659259557724,2.0,0.3600914416617829,True
2020-04-08,0.8170335292816162,0.8170335292816162,2.0,0.3600914416617829,True
2020-04-09,0.7650758028030396,0.7650758028030396,2.0,0.3600914416617829,True
2020-04-10,0.8423711061477661,0.8423711061477661,2.0,0.3600914416617829,True
2020-04-13,0.7971628904342651,0.7971628904342651,2.0,0.3600914416617829,True
2020-04-14,0.8433972597122192,0.8433972597122192,2.0,0.3600914416617829,True
2020-04-15,0.8423556685447693,0.8423556685447693,2.0,0.3600914416617829,True
2020-04-16,0.8066737055778503,0.8066737055778503,2.0,0.3600914416617829,True
2020-04-17,0.7933415770530701,0.7933415770530701,2.0,0.3600914416617829,True
2020-04-20,0.7959230542182922,0.7959230542182922,2.0,0.3600914416617829,True
2020-04-21,0.8007346987724304,0.8007346987724304,2.0,0.3600914416617829,True
2020-04-22,0.7187207341194153,0.7187207341194153,2.0,0.3600914416617829,True
2020-04-23,0.7827495336532593,0.7827495336532593,2.0,0.3600914416617829,True
2020-04-24,0.778077244758606,0.778077244758606,2.0,0.3600914416617829,True
2020-04-27,0.66839200258255,0.66839200258255,2.0,0.3600914416617829,True
2020-04-28,0.6576805114746094,0.6576805114746094,2.0,0.47595503316072674,True
2020-04-29,0.6609987616539001,0.6609987616539001,2.0,0.47595503316072674,True
2020-04-30,0.5701256990432739,0.5701256990432739,2.0,0.47595503316072674,True
2020-05-01,0.3036230802536011,0.3036230802536011,2.0,0.0,True
2020-05-04,0.41313692927360535,0.41313692927360535,2.0,0.0,True
2020-05-05,0.34504759311676025,0.34504759311676025,2.0,0.0,True
2020-05-06,0.33419743180274963,0.33419743180274963,2.0,0.0,True
2020-05-07,0.5210137367248535,0.5210137367248535,2.0,0.553038384552627,True
2020-05-08,0.5809054970741272,0.5809054970741272,2.0,0.553038384552627,True
2020-05-11,0.4182805120944977,0.4182805120944977,2.0,0.0,True
2020-05-12,0.43191924691200256,0.43191924691200256,2.0,0.0,True
2020-05-13,0.568845808506012,0.568845808506012,1.0,0.0,True
2020-05-14,0.6520105004310608,0.6520105004310608,1.0,0.0,True
2020-05-15,0.6542749404907227,0.6542749404907227,1.0,0.0,True
2020-05-18,0.6093798279762268,0.6093798279762268,1.0,0.0,True
2020-05-19,0.5220203995704651,0.5220203995704651,1.0,0.0,True
2020-05-20,0.5047317743301392,0.5047317743301392,1.0,0.0,True
2020-05-21,0.5368151664733887,0.5368151664733887,1.0,0.0,True
2020-05-22,0.2940009832382202,0.2940009832382202,2.0,0.0,True
2020-05-25,0.3888796865940094,0.3888796865940094,2.0,0.0,True
2020-05-26,0.3987591564655304,0.3987591564655304,2.0,0.0,True
2020-05-27,0.39419782161712646,0.39419782161712646,2.0,0.0,True
2020-05-28,0.4702887535095215,0.4702887535095215,2.0,0.0,True
2020-05-29,0.5163278579711914,0.5163278579711914,2.0,0.46427406308796604,True
2020-06-01,0.4479292333126068,0.4479292333126068,2.0,0.0,True
2020-06-02,0.3339996337890625,0.3339996337890625,2.0,0.0,True
2020-06-03,0.4256465435028076,0.4256465435028076,2.0,0.0,True
2020-06-04,0.40475961565971375,0.40475961565971375,2.0,0.0,True
2020-06-05,0.46034201979637146,0.46034201979637146,2.0,0.0,True
2020-06-08,0.365712970495224,0.365712970495224,2.0,0.0,True
2020-06-09,0.5996492505073547,0.5996492505073547,2.0,0.4412636410525329,True
2020-06-10,0.5680925846099854,0.5680925846099854,2.0,0.4412636410525329,True
2020-06-11,0.6072775721549988,0.6072775721549988,2.0,0.4412636410525329,True
2020-06-12,0.43007510900497437,0.43007510900497437,2.0,0.0,True
2020-06-15,0.5228554606437683,0.5228554606437683,2.0,0.44337098567386407,True
2020-06-16,0.6036977767944336,0.6036977767944336,2.0,0.44337098567386407,True
2020-06-17,0.5670316219329834,0.5670316219329834,2.0,0.44337098567386407,True
2020-06-18,0.5920664072036743,0.5920664072036743,2.0,0.44337098567386407,True
2020-06-19,0.44884806871414185,0.44884806871414185,1.0,0.0,True
2020-06-22,0.5651867985725403,0.5651867985725403,1.0,0.0,True
2020-06-23,0.5402628183364868,0.5402628183364868,1.0,0.0,True
2020-06-24,0.7097331881523132,0.7097331881523132,2.0,0.4527342823128363,True
2020-06-25,0.7972571849822998,0.7972571849822998,2.0,0.4527342823128363,True
2020-06-26,0.7297876477241516,0.7297876477241516,2.0,0.4527342823128363,True
2020-06-29,0.7617159485816956,0.7617159485816956,2.0,0.4527342823128363,True
2020-06-30,0.8652916550636292,0.8652916550636292,2.0,0.4527342823128363,True
2020-07-01,0.8462758660316467,0.8462758660316467,2.0,0.4527342823128363,True
2020-07-02,0.7915230393409729,0.7915230393409729,2.0,0.4527342823128363,True
2020-07-03,0.8759855031967163,0.8759855031967163,2.0,0.4527342823128363,True
2020-07-06,0.8669768571853638,0.8669768571853638,2.0,0.4527342823128363,True
2020-07-07,0.7811836004257202,0.7811836004257202,2.0,0.4527342823128363,True
2020-07-08,0.7614441514015198,0.7614441514015198,2.0,0.4527342823128363,True
2020-07-09,0.6934182047843933,0.6934182047843933,2.0,0.4527342823128363,True
2020-07-10,0.6696680784225464,0.6696680784225464,2.0,0.4527342823128363,True
2020-07-13,0.5613362789154053,0.5613362789154053,2.0,0.4527342823128363,True
2020-07-14,0.5756931304931641,0.5756931304931641,2.0,0.4527342823128363,True
2020-07-15,0.7655029296875,0.7655029296875,2.0,0.4527342823128363,True
2020-07-16,0.7181351780891418,0.7181351780891418,2.0,0.4527342823128363,True
2020-07-17,0.7396989464759827,0.7396989464759827,2.0,0.4527342823128363,True
2020-07-20,0.8013208508491516,0.8013208508491516,2.0,0.4527342823128363,True
2020-07-21,0.5731826424598694,0.5731826424598694,2.0,0.4527342823128363,True
2020-07-22,0.3444315493106842,0.3444315493106842,1.0,0.0,True
2020-07-23,0.33011895418167114,0.33011895418167114,1.0,0.0,True
2020-07-24,0.30904367566108704,0.30904367566108704,1.0,0.0,True
2020-07-27,0.42298978567123413,0.42298978567123413,1.0,0.0,True
2020-07-28,0.5547584295272827,0.5547584295272827,0.0,1.0,True
2020-07-29,0.5696749091148376,0.5696749091148376,0.0,1.0,True
2020-07-30,0.5937491059303284,0.5937491059303284,0.0,1.0,True
2020-07-31,0.33701959252357483,0.33701959252357483,0.0,0.0,True
2020-08-03,0.22751601040363312,0.22751601040363312,1.0,0.0,True
2020-08-04,0.3165147602558136,0.3165147602558136,1.0,0.0,True
2020-08-05,0.3282514810562134,0.3282514810562134,1.0,0.0,True
2020-08-06,0.32335206866264343,0.32335206866264343,1.0,0.0,True
2020-08-07,0.42473599314689636,0.42473599314689636,1.0,0.0,True
2020-08-10,0.5522517561912537,0.5522517561912537,1.0,0.0,True
2020-08-11,0.6398469805717468,0.6398469805717468,1.0,0.0,True
2020-08-12,0.6606782674789429,0.6606782674789429,1.0,0.0,True
2020-08-13,0.6989847421646118,0.6989847421646118,1.0,0.0,True
2020-08-14,0.6179993152618408,0.6179993152618408,1.0,0.0,True
2020-08-17,0.5690085887908936,0.5690085887908936,0.0,1.0,True
2020-08-18,0.5486140251159668,0.5486140251159668,0.0,1.0,True
2020-08-19,0.5086187124252319,0.5086187124252319,0.0,1.0,True
2020-08-20,0.6325504183769226,0.6325504183769226,0.0,1.0,True
2020-08-21,0.6040880084037781,0.6040880084037781,0.0,1.0,True
2020-08-24,0.5811679363250732,0.5811679363250732,0.0,1.0,True
2020-08-25,0.5154168009757996,0.5154168009757996,0.0,1.0,True
2020-08-26,0.4896336793899536,0.4896336793899536,0.0,0.0,True
2020-08-27,0.5613692402839661,0.5613692402839661,0.0,1.0,True
2020-08-28,0.6193261742591858,0.6193261742591858,0.0,1.0,True
2020-08-31,0.5819572806358337,0.5819572806358337,0.0,1.0,True
2020-09-01,0.5844138264656067,0.5844138264656067,0.0,1.0,True
2020-09-02,0.5732502937316895,0.5732502937316895,0.0,1.0,True
2020-09-03,0.5136795043945312,0.5136795043945312,0.0,1.0,True
2020-09-04,0.6020522117614746,0.6020522117614746,0.0,1.0,True
2020-09-07,0.5845521688461304,0.5845521688461304,0.0,1.0,True
2020-09-08,0.5406443476676941,0.5406443476676941,0.0,1.0,True
2020-09-09,0.5870822668075562,0.5870822668075562,0.0,1.0,True
2020-09-10,0.6811427474021912,0.6811427474021912,0.0,1.0,True
2020-09-11,0.5673139691352844,0.5673139691352844,0.0,1.0,True
2020-09-14,0.6380786299705505,0.6380786299705505,0.0,1.0,True
2020-09-15,0.5907526016235352,0.5907526016235352,0.0,1.0,True
2020-09-16,0.5212783813476562,0.5212783813476562,0.0,1.0,True
2020-09-17,0.6087750792503357,0.6087750792503357,0.0,1.0,True
2020-09-18,0.532854437828064,0.532854437828064,0.0,1.0,True
2020-09-21,0.6235322952270508,0.6235322952270508,0.0,1.0,True
2020-09-22,0.5082815885543823,0.5082815885543823,0.0,1.0,True
2020-09-23,0.6706847548484802,0.6706847548484802,0.0,1.0,True
2020-09-24,0.6364803910255432,0.6364803910255432,0.0,1.0,True
2020-09-25,0.7004743218421936,0.7004743218421936,0.0,1.0,True
2020-09-28,0.68022620677948,0.68022620677948,0.0,1.0,True
2020-09-29,0.5841884613037109,0.5841884613037109,0.0,1.0,True
2020-09-30,0.4943842887878418,0.4943842887878418,0.0,0.0,True
2020-10-01,0.38565418124198914,0.38565418124198914,0.0,0.0,True
2020-10-02,0.5088279247283936,0.5088279247283936,0.0,1.0,True
2020-10-05,0.5970618724822998,0.5970618724822998,0.0,1.0,True
2020-10-06,0.5959380865097046,0.5959380865097046,0.0,1.0,True
2020-10-07,0.5376596450805664,0.5376596450805664,0.0,1.0,True
2020-10-08,0.6688254475593567,0.6688254475593567,0.0,1.0,True
2020-10-09,0.5949458479881287,0.5949458479881287,0.0,1.0,True
2020-10-12,0.5690144300460815,0.5690144300460815,1.0,0.0,True
2020-10-13,0.3688246011734009,0.3688246011734009,1.0,0.0,True
2020-10-14,0.5702787041664124,0.5702787041664124,1.0,0.0,True
2020-10-15,0.4153744876384735,0.4153744876384735,0.0,0.0,True
2020-10-16,0.5280409455299377,0.5280409455299377,0.0,0.9713224872973225,True
2020-10-19,0.5711749196052551,0.5711749196052551,0.0,0.9713224872973225,True
2020-10-20,0.5373296141624451,0.5373296141624451,0.0,0.9713224872973225,True
2020-10-21,0.5079023838043213,0.5079023838043213,0.0,0.9713224872973225,True
2020-10-22,0.5068396925926208,0.5068396925926208,0.0,0.9713224872973225,True
2020-10-23,0.5837380886077881,0.5837380886077881,0.0,0.9713224872973225,True
2020-10-26,0.5906941890716553,0.5906941890716553,0.0,0.9713224872973225,True
2020-10-27,0.4261358976364136,0.4261358976364136,0.0,0.0,True
2020-10-28,0.4053876996040344,0.4053876996040344,0.0,0.0,True
2020-10-29,0.5413482785224915,0.5413482785224915,0.0,1.0,True
2020-10-30,0.5281595587730408,0.5281595587730408,0.0,1.0,True
2020-11-02,0.47501203417778015,0.47501203417778015,0.0,0.0,True
2020-11-03,0.5681682825088501,0.5681682825088501,0.0,0.9371307306122945,True
2020-11-04,0.5977635383605957,0.5977635383605957,0.0,0.9371307306122945,True
2020-11-05,0.5878931879997253,0.5878931879997253,0.0,0.9371307306122945,True
2020-11-06,0.5483750104904175,0.5483750104904175,0.0,0.9371307306122945,True
2020-11-09,0.569674551486969,0.569674551486969,0.0,0.9371307306122945,True
2020-11-10,0.49035415053367615,0.49035415053367615,0.0,0.0,True
2020-11-11,0.4177840054035187,0.4177840054035187,0.0,0.0,True
2020-11-12,0.49159151315689087,0.49159151315689087,0.0,0.0,True
2020-11-13,0.45411646366119385,0.45411646366119385,0.0,0.0,True
2020-11-16,0.5460450053215027,0.5460450053215027,0.0,1.0,True
2020-11-17,0.6644694805145264,0.6644694805145264,0.0,1.0,True
2020-11-18,0.5803560018539429,0.5803560018539429,0.0,1.0,True
2020-11-19,0.4833035469055176,0.4833035469055176,0.0,0.0,True
2020-11-20,0.5775701403617859,0.5775701403617859,0.0,1.0,True
2020-11-23,0.6750062704086304,0.6750062704086304,0.0,1.0,True
2020-11-24,0.5509786009788513,0.5509786009788513,0.0,1.0,True
2020-11-25,0.6033613085746765,0.6033613085746765,0.0,1.0,True
2020-11-26,0.7540934681892395,0.7540934681892395,0.0,1.0,True
2020-11-27,0.6058779954910278,0.6058779954910278,0.0,1.0,True
2020-11-30,0.6535951495170593,0.6535951495170593,0.0,1.0,True
2020-12-01,0.6954777836799622,0.6954777836799622,0.0,1.0,True
2020-12-02,0.7208786606788635,0.7208786606788635,0.0,1.0,True
2020-12-03,0.7110002040863037,0.7110002040863037,0.0,1.0,True
2020-12-04,0.5334335565567017,0.5334335565567017,0.0,1.0,True
2020-12-07,0.6030544638633728,0.6030544638633728,0.0,1.0,True
2020-12-08,0.5980062484741211,0.5980062484741211,0.0,1.0,True
2020-12-09,0.609974205493927,0.609974205493927,0.0,1.0,True
2020-12-10,0.6022765636444092,0.6022765636444092,0.0,1.0,True
2020-12-11,0.6209779381752014,0.6209779381752014,0.0,1.0,True
2020-12-14,0.47840532660484314,0.47840532660484314,0.0,0.0,True
2020-12-15,0.5505950450897217,0.5505950450897217,0.0,1.0,True
2020-12-16,0.5414249897003174,0.5414249897003174,0.0,1.0,True
2020-12-17,0.5341656804084778,0.5341656804084778,0.0,1.0,True
2020-12-18,0.5564935803413391,0.5564935803413391,0.0,1.0,True
2020-12-21,0.5872748494148254,0.5872748494148254,0.0,1.0,True
2020-12-22,0.708325207233429,0.708325207233429,0.0,1.0,True
2020-12-23,0.6858118772506714,0.6858118772506714,0.0,1.0,True
2020-12-24,0.5703123211860657,0.5703123211860657,0.0,1.0,True
2020-12-25,0.5113610029220581,0.5113610029220581,0.0,1.0,True
2020-12-28,0.541155219078064,0.541155219078064,0.0,1.0,True
2020-12-29,0.4982699751853943,0.4982699751853943,0.0,0.0,True
2020-12-30,0.4898158013820648,0.4898158013820648,0.0,0.0,True
2020-12-31,0.4344728887081146,0.4344728887081146,0.0,0.0,True
2021-01-01,0.39890459179878235,0.39890459179878235,0.0,0.0,True
2021-01-04,0.551551103591919,0.551551103591919,0.0,1.0,True
2021-01-05,0.6523762941360474,0.6523762941360474,0.0,1.0,True
2021-01-06,0.6219062805175781,0.6219062805175781,0.0,1.0,True
2021-01-07,0.7057583928108215,0.7057583928108215,0.0,1.0,True
2021-01-08,0.7045225501060486,0.7045225501060486,0.0,1.0,True
2021-01-11,0.7014321684837341,0.7014321684837341,0.0,1.0,True
2021-01-12,0.7148643732070923,0.7148643732070923,0.0,1.0,True
2021-01-13,0.7006692290306091,0.7006692290306091,0.0,1.0,True
2021-01-14,0.7193018794059753,0.7193018794059753,0.0,1.0,True
2021-01-15,0.7390005588531494,0.7390005588531494,0.0,1.0,True
2021-01-18,0.6210444569587708,0.6210444569587708,0.0,1.0,True
2021-01-19,0.7076729536056519,0.7076729536056519,0.0,1.0,True
2021-01-20,0.7084219455718994,0.7084219455718994,0.0,1.0,True
2021-01-21,0.7425222396850586,0.7425222396850586,0.0,1.0,True
2021-01-22,0.679020881652832,0.679020881652832,0.0,1.0,True
2021-01-25,0.606377124786377,0.606377124786377,0.0,1.0,True
2021-01-26,0.6896554231643677,0.6896554231643677,0.0,1.0,True
2021-01-27,0.5645369291305542,0.5645369291305542,0.0,1.0,True
2021-01-28,0.7106838822364807,0.7106838822364807,0.0,1.0,True
2021-01-29,0.6987030506134033,0.6987030506134033,0.0,1.0,True
2021-02-01,0.7211976647377014,0.7211976647377014,0.0,1.0,True
2021-02-02,0.6540470123291016,0.6540470123291016,0.0,1.0,True
2021-02-03,0.7306850552558899,0.7306850552558899,0.0,1.0,True
2021-02-04,0.7528144121170044,0.7528144121170044,0.0,1.0,True
2021-02-05,0.7585303783416748,0.7585303783416748,0.0,1.0,True
2021-02-08,0.7910506725311279,0.7910506725311279,0.0,1.0,True
2021-02-09,0.7370293140411377,0.7370293140411377,0.0,1.0,True
2021-02-10,0.7841466665267944,0.7841466665267944,0.0,1.0,True
2021-02-11,0.7829999923706055,0.7829999923706055,0.0,1.0,True
2021-02-12,0.7996428608894348,0.7996428608894348,0.0,1.0,True
2021-02-15,0.719325065612793,0.719325065612793,0.0,1.0,True
2021-02-16,0.7105000019073486,0.7105000019073486,0.0,1.0,True
2021-02-17,0.7182990312576294,0.7182990312576294,0.0,1.0,True
2021-02-18,0.6533330082893372,0.6533330082893372,0.0,1.0,True
2021-02-19,0.5742610692977905,0.5742610692977905,0.0,1.0,True
2021-02-22,0.6238123178482056,0.6238123178482056,0.0,1.0,True
2021-02-23,0.6837256550788879,0.6837256550788879,0.0,1.0,True
2021-02-24,0.6540266871452332,0.6540266871452332,0.0,1.0,True
2021-02-25,0.7855277061462402,0.7855277061462402,0.0,1.0,True
2021-02-26,0.725365936756134,0.725365936756134,0.0,1.0,True
2021-03-01,0.7082021236419678,0.7082021236419678,0.0,1.0,True
2021-03-02,0.5638076663017273,0.5638076663017273,0.0,1.0,True
2021-03-03,0.540967583656311,0.540967583656311,0.0,1.0,True
2021-03-04,0.5445517301559448,0.5445517301559448,0.0,1.0,True
2021-03-05,0.498118132352829,0.498118132352829,0.0,0.0,True
2021-03-08,0.6302996873855591,0.6302996873855591,0.0,1.0,True
2021-03-09,0.58437579870224,0.58437579870224,0.0,1.0,True
2021-03-10,0.5539042353630066,0.5539042353630066,0.0,1.0,True
2021-03-11,0.5333387851715088,0.5333387851715088,0.0,1.0,True
2021-03-12,0.6511819362640381,0.6511819362640381,0.0,1.0,True
2021-03-15,0.5778278112411499,0.5778278112411499,0.0,1.0,True
2021-03-16,0.5565255880355835,0.5565255880355835,0.0,1.0,True
2021-03-17,0.5102680325508118,0.5102680325508118,0.0,1.0,True
2021-03-18,0.5145307183265686,0.5145307183265686,0.0,1.0,True
2021-03-19,0.5537744164466858,0.5537744164466858,0.0,1.0,True
2021-03-22,0.5411773324012756,0.5411773324012756,0.0,1.0,True
2021-03-23,0.49016720056533813,0.49016720056533813,0.0,0.0,True
2021-03-24,0.3313637375831604,0.3313637375831604,0.0,0.0,True
2021-03-25,0.34959104657173157,0.34959104657173157,0.0,0.0,True
2021-03-26,0.4042109549045563,0.4042109549045563,0.0,0.0,True
2021-03-29,0.45006710290908813,0.45006710290908813,0.0,0.0,True
2021-03-30,0.5102689862251282,0.5102689862251282,0.0,1.0,True
2021-03-31,0.5189379453659058,0.5189379453659058,0.0,1.0,True
2021-04-01,0.5880882143974304,0.5880882143974304,0.0,1.0,True
2021-04-02,0.5622590780258179,0.5622590780258179,0.0,1.0,True
2021-04-05,0.6139146089553833,0.6139146089553833,0.0,1.0,True
2021-04-06,0.6518024802207947,0.6518024802207947,0.0,1.0,True
2021-04-07,0.6250796914100647,0.6250796914100647,0.0,1.0,True
2021-04-08,0.594201922416687,0.594201922416687,0.0,1.0,True
2021-04-09,0.616787850856781,0.616787850856781,0.0,1.0,True
2021-04-12,0.5673091411590576,0.5673091411590576,0.0,1.0,True
2021-04-13,0.46473586559295654,0.46473586559295654,0.0,0.0,True
2021-04-14,0.5958254337310791,0.5958254337310791,0.0,1.0,True
2021-04-15,0.6022207140922546,0.6022207140922546,0.0,1.0,True
2021-04-16,0.6759850978851318,0.6759850978851318,0.0,1.0,True
2021-04-19,0.5940713882446289,0.5940713882446289,0.0,1.0,True
2021-04-20,0.6306872963905334,0.6306872963905334,0.0,1.0,True
2021-04-21,0.7427393794059753,0.7427393794059753,0.0,1.0,True
2021-04-22,0.711600124835968,0.711600124835968,0.0,1.0,True
2021-04-23,0.7426339387893677,0.7426339387893677,0.0,1.0,True
2021-04-26,0.6712929606437683,0.6712929606437683,0.0,1.0,True
2021-04-27,0.7454618811607361,0.7454618811607361,0.0,1.0,True
2021-04-28,0.6708803176879883,0.6708803176879883,0.0,1.0,True
2021-04-29,0.6778589487075806,0.6778589487075806,0.0,1.0,True
2021-04-30,0.6052486896514893,0.6052486896514893,0.0,1.0,True
2021-05-03,0.5525361895561218,0.5525361895561218,0.0,1.0,True
2021-05-04,0.4804675579071045,0.4804675579071045,0.0,0.0,True
2021-05-05,0.48452329635620117,0.48452329635620117,0.0,0.0,True
2021-05-06,0.5006213188171387,0.5006213188171387,0.0,1.0,True
2021-05-07,0.5574629902839661,0.5574629902839661,0.0,1.0,True
2021-05-10,0.4134986698627472,0.4134986698627472,0.0,0.0,True
2021-05-11,0.49900099635124207,0.49900099635124207,0.0,0.0,True
2021-05-12,0.5552591681480408,0.5552591681480408,0.0,1.0,True
2021-05-13,0.5249066948890686,0.5249066948890686,0.0,1.0,True
2021-05-14,0.624018669128418,0.624018669128418,0.0,1.0,True
2021-05-17,0.609483003616333,0.609483003616333,0.0,1.0,True
2021-05-18,0.5717611312866211,0.5717611312866211,0.0,1.0,True
2021-05-19,0.5698777437210083,0.5698777437210083,0.0,1.0,True
2021-05-20,0.5221737623214722,0.5221737623214722,0.0,1.0,True
2021-05-21,0.6687363982200623,0.6687363982200623,0.0,1.0,True
2021-05-24,0.5682836174964905,0.5682836174964905,0.0,1.0,True
2021-05-25,0.5587287545204163,0.5587287545204163,0.0,1.0,True
2021-05-26,0.5342959761619568,0.5342959761619568,0.0,1.0,True
2021-05-27,0.6677309274673462,0.6677309274673462,0.0,1.0,True
2021-05-28,0.710879385471344,0.710879385471344,0.0,1.0,True
2021-05-31,0.6038752198219299,0.6038752198219299,0.0,1.0,True
2021-06-01,0.6903164386749268,0.6903164386749268,0.0,1.0,True
2021-06-02,0.43955591320991516,0.43955591320991516,1.0,0.0,True
2021-06-03,0.4244404137134552,0.4244404137134552,1.0,0.0,True
2021-06-04,0.5891682505607605,0.5891682505607605,1.0,0.0,True
2021-06-07,0.558263897895813,0.558263897895813,1.0,0.0,True
2021-06-08,0.5442239046096802,0.5442239046096802,1.0,0.0,True
2021-06-09,0.5191327929496765,0.5191327929496765,1.0,0.0,True
2021-06-10,0.6554661989212036,0.6554661989212036,1.0,0.0,True
2021-06-11,0.6106269955635071,0.6106269955635071,1.0,0.0,True
2021-06-14,0.539077877998352,0.539077877998352,1.0,0.0,True
2021-06-15,0.5481586456298828,0.5481586456298828,1.0,0.0,True
2021-06-16,0.5809990763664246,0.5809990763664246,1.0,0.0,True
2021-06-17,0.4129194915294647,0.4129194915294647,1.0,0.0,True
2021-06-18,0.4773752689361572,0.4773752689361572,1.0,0.0,True
2021-06-21,0.5679877996444702,0.5679877996444702,1.0,0.0,True
2021-06-22,0.5699460506439209,0.5699460506439209,1.0,0.0,True
2021-06-23,0.5807765126228333,0.5807765126228333,1.0,0.0,True
2021-06-24,0.6439974904060364,0.6439974904060364,1.0,0.0,True
2021-06-25,0.616210401058197,0.616210401058197,1.0,0.0,True
2021-06-28,0.6343034505844116,0.6343034505844116,1.0,0.0,True
2021-06-29,0.6153846979141235,0.6153846979141235,1.0,0.0,True
2021-06-30,0.5761652588844299,0.5761652588844299,1.0,0.0,True
2021-07-01,0.5246537327766418,0.5246537327766418,1.0,0.0,True
2021-07-02,0.6623761653900146,0.6623761653900146,1.0,0.0,True
2021-07-05,0.6437878012657166,0.6437878012657166,1.0,0.0,True
2021-07-06,0.5423358082771301,0.5423358082771301,1.0,0.0,True
2021-07-07,0.5614251494407654,0.5614251494407654,1.0,0.0,True
2021-07-08,0.45600253343582153,0.45600253343582153,1.0,0.0,True
2021-07-09,0.4757508337497711,0.4757508337497711,1.0,0.0,True
2021-07-12,0.5243090391159058,0.5243090391159058,1.0,0.0,True
2021-07-13,0.6144658327102661,0.6144658327102661,1.0,0.0,True
2021-07-14,0.4926813840866089,0.4926813840866089,1.0,0.0,True
2021-07-15,0.4730367064476013,0.4730367064476013,1.0,0.0,True
2021-07-16,0.43870601058006287,0.43870601058006287,1.0,0.0,True
2021-07-19,0.5921664237976074,0.5921664237976074,1.0,0.0,True
2021-07-20,0.4977019429206848,0.4977019429206848,1.0,0.0,True
2021-07-21,0.41547614336013794,0.41547614336013794,1.0,0.0,True
2021-07-22,0.4236140847206116,0.4236140847206116,1.0,0.0,True
2021-07-23,0.445760577917099,0.445760577917099,1.0,0.0,True
2021-07-26,0.4677056670188904,0.4677056670188904,1.0,0.0,True
2021-07-27,0.6539268493652344,0.6539268493652344,1.0,0.0,True
2021-07-28,0.5518776178359985,0.5518776178359985,1.0,0.0,True
2021-07-29,0.7127953767776489,0.7127953767776489,1.0,0.0,True
2021-07-30,0.6775445342063904,0.6775445342063904,1.0,0.0,True
2021-08-02,0.5778492093086243,0.5778492093086243,1.0,0.0,True
2021-08-03,0.4094497859477997,0.4094497859477997,0.0,0.0,True
2021-08-04,0.47525522112846375,0.47525522112846375,0.0,0.0,True
2021-08-05,0.4361911714076996,0.4361911714076996,0.0,0.0,True
2021-08-06,0.5030105113983154,0.5030105113983154,0.0,1.0,True
2021-08-09,0.5889151692390442,0.5889151692390442,0.0,1.0,True
2021-08-10,0.611793041229248,0.611793041229248,0.0,1.0,True
2021-08-11,0.5818994641304016,0.5818994641304016,0.0,1.0,True
2021-08-12,0.4756303131580353,0.4756303131580353,0.0,0.0,True
2021-08-13,0.6160024404525757,0.6160024404525757,0.0,1.0,True
2021-08-16,0.6466160416603088,0.6466160416603088,0.0,1.0,True
2021-08-17,0.6629176139831543,0.6629176139831543,0.0,1.0,True
2021-08-18,0.5092343688011169,0.5092343688011169,0.0,1.0,True
2021-08-19,0.6065617203712463,0.6065617203712463,0.0,1.0,True
2021-08-20,0.5739358067512512,0.5739358067512512,0.0,1.0,True
2021-08-23,0.5662935376167297,0.5662935376167297,0.0,1.0,True
2021-08-24,0.6538570523262024,0.6538570523262024,1.0,0.0,True
2021-08-25,0.3719296157360077,0.3719296157360077,0.0,0.0,True
2021-08-26,0.6275681257247925,0.6275681257247925,0.0,1.0,True
2021-08-27,0.6901318430900574,0.6901318430900574,0.0,1.0,True
2021-08-30,0.5516320466995239,0.5516320466995239,0.0,1.0,True
2021-08-31,0.6198347210884094,0.6198347210884094,0.0,1.0,True
2021-09-01,0.627227783203125,0.627227783203125,1.0,0.0,True
2021-09-02,0.614489734172821,0.614489734172821,1.0,0.0,True
2021-09-03,0.6080846786499023,0.6080846786499023,1.0,0.0,True
2021-09-06,0.7254020571708679,0.7254020571708679,1.0,0.0,True
2021-09-07,0.6640807390213013,0.6640807390213013,1.0,0.0,True
2021-09-08,0.6830662488937378,0.6830662488937378,1.0,0.0,True
2021-09-09,0.6009609699249268,0.6009609699249268,1.0,0.0,True
2021-09-10,0.42519786953926086,0.42519786953926086,1.0,0.0,True
2021-09-13,0.42453986406326294,0.42453986406326294,0.0,0.0,True
2021-09-14,0.6028321981430054,0.6028321981430054,1.0,0.0,True
2021-09-15,0.4670281708240509,0.4670281708240509,1.0,0.0,True
2021-09-16,0.537491500377655,0.537491500377655,1.0,0.0,True
2021-09-17,0.5045500993728638,0.5045500993728638,1.0,0.0,True
2021-09-20,0.5148608684539795,0.5148608684539795,1.0,0.0,True
2021-09-21,0.5979465842247009,0.5979465842247009,1.0,0.0,True
2021-09-22,0.5502498745918274,0.5502498745918274,0.0,0.9076787595812059,True
2021-09-23,0.49208319187164307,0.49208319187164307,1.0,0.0,True
2021-09-24,0.5469578504562378,0.5469578504562378,1.0,0.0,True
2021-09-27,0.4633661210536957,0.4633661210536957,1.0,0.0,True
2021-09-28,0.553662121295929,0.553662121295929,1.0,0.0,True
2021-09-29,0.6094248294830322,0.6094248294830322,0.0,1.0,True
2021-09-30,0.6398963332176208,0.6398963332176208,0.0,1.0,True
2021-10-01,0.5993571281433105,0.5993571281433105,0.0,1.0,True
2021-10-04,0.6219993829727173,0.6219993829727173,0.0,1.0,True
2021-10-05,0.4905732274055481,0.4905732274055481,0.0,0.0,True
2021-10-06,0.43619003891944885,0.43619003891944885,1.0,0.0,True
2021-10-07,0.37480753660202026,0.37480753660202026,1.0,0.0,True
2021-10-08,0.4608134925365448,0.4608134925365448,1.0,0.0,True
2021-10-11,0.5909918546676636,0.5909918546676636,1.0,0.0,True
2021-10-12,0.5798191428184509,0.5798191428184509,1.0,0.0,True
2021-10-13,0.5331502556800842,0.5331502556800842,0.0,1.0,True
2021-10-14,0.5617133378982544,0.5617133378982544,0.0,1.0,True
2021-10-15,0.5217790007591248,0.5217790007591248,0.0,1.0,True
2021-10-18,0.6836816072463989,0.6836816072463989,0.0,1.0,True
2021-10-19,0.6369472146034241,0.6369472146034241,0.0,1.0,True
2021-10-20,0.5300231575965881,0.5300231575965881,0.0,1.0,True
2021-10-21,0.5388172268867493,0.5388172268867493,0.0,1.0,True
2021-10-22,0.5832311511039734,0.5832311511039734,0.0,1.0,True
2021-10-25,0.5548317432403564,0.5548317432403564,0.0,1.0,True
2021-10-26,0.40180593729019165,0.40180593729019165,0.0,0.0,True
2021-10-27,0.4372211992740631,0.4372211992740631,0.0,0.0,True
2021-10-28,0.388776957988739,0.388776957988739,0.0,0.0,True
2021-10-29,0.5016847252845764,0.5016847252845764,0.0,0.9911924526430823,True
2021-11-01,0.44490787386894226,0.44490787386894226,0.0,0.0,True
2021-11-02,0.6049174666404724,0.6049174666404724,0.0,1.0,True
2021-11-03,0.47108888626098633,0.47108888626098633,0.0,0.0,True
2021-11-04,0.5049089193344116,0.5049089193344116,0.0,1.0,True
2021-11-05,0.4014130234718323,0.4014130234718323,0.0,0.0,True
2021-11-08,0.4712567627429962,0.4712567627429962,0.0,0.0,True
2021-11-09,0.5473713278770447,0.5473713278770447,0.0,1.0,True
2021-11-10,0.587149977684021,0.587149977684021,0.0,1.0,True
2021-11-11,0.5653436183929443,0.5653436183929443,0.0,1.0,True
2021-11-12,0.5718470811843872,0.5718470811843872,0.0,1.0,True
2021-11-15,0.5697211027145386,0.5697211027145386,0.0,1.0,True
2021-11-16,0.6837478876113892,0.6837478876113892,0.0,1.0,True
2021-11-17,0.5171488523483276,0.5171488523483276,0.0,1.0,True
2021-11-18,0.5930524468421936,0.5930524468421936,0.0,1.0,True
2021-11-19,0.5234822034835815,0.5234822034835815,0.0,1.0,True
2021-11-22,0.6508633494377136,0.6508633494377136,0.0,1.0,True
2021-11-23,0.6230791211128235,0.6230791211128235,0.0,1.0,True
2021-11-24,0.6158566474914551,0.6158566474914551,0.0,1.0,True
2021-11-25,0.6433685421943665,0.6433685421943665,0.0,1.0,True
2021-11-26,0.5599263310432434,0.5599263310432434,0.0,1.0,True
2021-11-29,0.4539431035518646,0.4539431035518646,0.0,0.0,True
2021-11-30,0.6075947284698486,0.6075947284698486,0.0,1.0,True
2021-12-01,0.6798795461654663,0.6798795461654663,0.0,1.0,True
2021-12-02,0.6555847525596619,0.6555847525596619,0.0,1.0,True
2021-12-03,0.6248460412025452,0.6248460412025452,0.0,1.0,True
2021-12-06,0.6388360261917114,0.6388360261917114,0.0,1.0,True
2021-12-07,0.5879881381988525,0.5879881381988525,0.0,1.0,True
2021-12-08,0.6765125393867493,0.6765125393867493,0.0,1.0,True
2021-12-09,0.7248767614364624,0.7248767614364624,0.0,1.0,True
2021-12-10,0.6346120238304138,0.6346120238304138,0.0,1.0,True
2021-12-13,0.6704607605934143,0.6704607605934143,0.0,1.0,True
2021-12-14,0.6349710822105408,0.6349710822105408,0.0,1.0,True
2021-12-15,0.7100604176521301,0.7100604176521301,0.0,1.0,True
2021-12-16,0.7113979458808899,0.7113979458808899,0.0,1.0,True
2021-12-17,0.7109350562095642,0.7109350562095642,0.0,1.0,True
2021-12-20,0.7526774406433105,0.7526774406433105,0.0,1.0,True
2021-12-21,0.7230777740478516,0.7230777740478516,0.0,1.0,True
2021-12-22,0.6867921352386475,0.6867921352386475,0.0,1.0,True
2021-12-23,0.7545356750488281,0.7545356750488281,0.0,1.0,True
2021-12-24,0.7133922576904297,0.7133922576904297,0.0,1.0,True
2021-12-27,0.7274879813194275,0.7274879813194275,0.0,1.0,True
2021-12-28,0.7601296305656433,0.7601296305656433,0.0,1.0,True
2021-12-29,0.8084926605224609,0.8084926605224609,0.0,1.0,True
2021-12-30,0.7629714608192444,0.7629714608192444,0.0,1.0,True
2021-12-31,0.7659891843795776,0.7659891843795776,0.0,1.0,True
2022-01-03,0.6997256875038147,0.6997256875038147,0.0,1.0,True
2022-01-04,0.6805188059806824,0.6805188059806824,0.0,1.0,True
2022-01-05,0.639577329158783,0.639577329158783,0.0,1.0,True
2022-01-06,0.5419377684593201,0.5419377684593201,0.0,1.0,True
2022-01-07,0.5736656785011292,0.5736656785011292,0.0,1.0,True
2022-01-10,0.48307883739471436,0.48307883739471436,0.0,0.0,True
2022-01-11,0.5824471712112427,0.5824471712112427,0.0,1.0,True
2022-01-12,0.4906323254108429,0.4906323254108429,0.0,0.0,True
2022-01-13,0.5776219367980957,0.5776219367980957,0.0,1.0,True
2022-01-14,0.6055133938789368,0.6055133938789368,0.0,1.0,True
2022-01-17,0.5850154757499695,0.5850154757499695,0.0,1.0,True
2022-01-18,0.6130878925323486,0.6130878925323486,0.0,1.0,True
2022-01-19,0.5403409600257874,0.5403409600257874,0.0,1.0,True
2022-01-20,0.605443000793457,0.605443000793457,0.0,1.0,True
2022-01-21,0.5107371807098389,0.5107371807098389,0.0,1.0,True
2022-01-24,0.6435192227363586,0.6435192227363586,0.0,1.0,True
2022-01-25,0.584879457950592,0.584879457950592,0.0,1.0,True
2022-01-26,0.5684475302696228,0.5684475302696228,0.0,1.0,True
2022-01-27,0.6598126292228699,0.6598126292228699,0.0,1.0,True
2022-01-28,0.6153713464736938,0.6153713464736938,0.0,1.0,True
2022-01-31,0.6011065244674683,0.6011065244674683,0.0,1.0,True
2022-02-01,0.41698652505874634,0.41698652505874634,0.0,0.0,True
2022-02-02,0.5205599069595337,0.5205599069595337,0.0,1.0,True
2022-02-03,0.47864916920661926,0.47864916920661926,0.0,0.0,True
2022-02-04,0.4155459702014923,0.4155459702014923,0.0,0.0,True
2022-02-07,0.3455212116241455,0.3455212116241455,0.0,0.0,True
2022-02-08,0.5376259088516235,0.5376259088516235,0.0,1.0,True
2022-02-09,0.5189241170883179,0.5189241170883179,0.0,1.0,True
2022-02-10,0.6109666228294373,0.6109666228294373,0.0,1.0,True
2022-02-11,0.64859938621521,0.64859938621521,0.0,1.0,True
2022-02-14,0.6182597875595093,0.6182597875595093,0.0,1.0,True
2022-02-15,0.5999497771263123,0.5999497771263123,0.0,1.0,True
2022-02-16,0.5752620697021484,0.5752620697021484,0.0,1.0,True
2022-02-17,0.5914561152458191,0.5914561152458191,0.0,1.0,True
2022-02-18,0.5826212167739868,0.5826212167739868,0.0,1.0,True
2022-02-21,0.5942198038101196,0.5942198038101196,0.0,1.0,True
2022-02-22,0.5743696093559265,0.5743696093559265,0.0,1.0,True
2022-02-23,0.6330860257148743,0.6330860257148743,0.0,1.0,True
2022-02-24,0.6423932909965515,0.6423932909965515,0.0,1.0,True
2022-02-25,0.6649566888809204,0.6649566888809204,0.0,1.0,True
2022-02-28,0.5567675828933716,0.5567675828933716,0.0,1.0,True
2022-03-01,0.5687035918235779,0.5687035918235779,0.0,1.0,True
2022-03-02,0.3860507607460022,0.3860507607460022,0.0,0.0,True
2022-03-03,0.5385052561759949,0.5385052561759949,0.0,1.0,True
2022-03-04,0.5241974592208862,0.5241974592208862,0.0,1.0,True
2022-03-07,0.5168936252593994,0.5168936252593994,0.0,1.0,True
2022-03-08,0.3960999548435211,0.3960999548435211,0.0,0.0,True
2022-03-09,0.5207152366638184,0.5207152366638184,0.0,1.0,True
2022-03-10,0.4971430003643036,0.4971430003643036,0.0,0.0,True
2022-03-11,0.517797589302063,0.517797589302063,0.0,1.0,True
2022-03-14,0.4915158748626709,0.4915158748626709,1.0,0.0,True
2022-03-15,0.483181357383728,0.483181357383728,1.0,0.0,True
2022-03-16,0.5307259559631348,0.5307259559631348,1.0,0.0,True
2022-03-17,0.5742455124855042,0.5742455124855042,1.0,0.0,True
2022-03-18,0.5225772261619568,0.5225772261619568,1.0,0.0,True
2022-03-21,0.44945985078811646,0.44945985078811646,1.0,0.0,True
2022-03-22,0.5331127643585205,0.5331127643585205,1.0,0.0,True
2022-03-23,0.5904634594917297,0.5904634594917297,1.0,0.0,True
2022-03-24,0.49465012550354004,0.49465012550354004,1.0,0.0,True
2022-03-25,0.5604912042617798,0.5604912042617798,1.0,0.0,True
2022-03-28,0.6434845924377441,0.6434845924377441,1.0,0.0,True
2022-03-29,0.5411859750747681,0.5411859750747681,1.0,0.0,True
2022-03-30,0.5129952430725098,0.5129952430725098,1.0,0.0,True
2022-03-31,0.5154526233673096,0.5154526233673096,1.0,0.0,True
2022-04-01,0.5710769295692444,0.5710769295692444,1.0,0.0,True
2022-04-04,0.45803555846214294,0.45803555846214294,1.0,0.0,True
2022-04-05,0.4649745523929596,0.4649745523929596,1.0,0.0,True
2022-04-06,0.5109884738922119,0.5109884738922119,1.0,0.0,True
2022-04-07,0.4460516571998596,0.4460516571998596,1.0,0.0,True
2022-04-08,0.494342565536499,0.494342565536499,0.0,0.0,True
2022-04-11,0.45551007986068726,0.45551007986068726,0.0,0.0,True
2022-04-12,0.49646228551864624,0.49646228551864624,0.0,0.0,True
2022-04-13,0.4588894248008728,0.4588894248008728,0.0,0.0,True
2022-04-14,0.5404353737831116,0.5404353737831116,0.0,1.0,True
2022-04-15,0.5921742916107178,0.5921742916107178,0.0,1.0,True
2022-04-18,0.6782166957855225,0.6782166957855225,0.0,1.0,True
2022-04-19,0.6496871113777161,0.6496871113777161,0.0,1.0,True
2022-04-20,0.6469761729240417,0.6469761729240417,0.0,1.0,True
2022-04-21,0.6063104271888733,0.6063104271888733,0.0,1.0,True
2022-04-22,0.5302976965904236,0.5302976965904236,0.0,1.0,True
2022-04-25,0.642066478729248,0.642066478729248,0.0,1.0,True
2022-04-26,0.44979989528656006,0.44979989528656006,0.0,0.0,True
2022-04-27,0.6114541292190552,0.6114541292190552,0.0,1.0,True
2022-04-28,0.5552046895027161,0.5552046895027161,0.0,1.0,True
2022-04-29,0.5020917057991028,0.5020917057991028,0.0,1.0,True
2022-05-02,0.5782216787338257,0.5782216787338257,0.0,1.0,True
2022-05-03,0.5624094605445862,0.5624094605445862,0.0,1.0,True
2022-05-04,0.5042956471443176,0.5042956471443176,0.0,1.0,True
2022-05-05,0.5558831691741943,0.5558831691741943,0.0,1.0,True
2022-05-06,0.5940463542938232,0.5940463542938232,0.0,1.0,True
2022-05-09,0.5973005890846252,0.5973005890846252,0.0,1.0,True
2022-05-10,0.6212453246116638,0.6212453246116638,0.0,1.0,True
2022-05-11,0.6223994493484497,0.6223994493484497,0.0,1.0,True
2022-05-12,0.5059647560119629,0.5059647560119629,0.0,1.0,True
2022-05-13,0.5918999314308167,0.5918999314308167,0.0,1.0,True
2022-05-16,0.5609014630317688,0.5609014630317688,0.0,1.0,True
2022-05-17,0.5527312159538269,0.5527312159538269,0.0,1.0,True
2022-05-18,0.5315238833427429,0.5315238833427429,0.0,1.0,True
2022-05-19,0.6374539136886597,0.6374539136886597,0.0,1.0,True
2022-05-20,0.6446686387062073,0.6446686387062073,0.0,1.0,True
2022-05-23,0.6089003086090088,0.6089003086090088,0.0,1.0,True
2022-05-24,0.6061077117919922,0.6061077117919922,0.0,1.0,True
2022-05-25,0.6447384357452393,0.6447384357452393,1.0,0.0,True
2022-05-26,0.6755983829498291,0.6755983829498291,0.0,0.9947366371883921,True
2022-05-27,0.6858837604522705,0.6858837604522705,0.0,0.9947366371883921,True
2022-05-30,0.7237544655799866,0.7237544655799866,0.0,0.9947366371883921,True
2022-05-31,0.5313177704811096,0.5313177704811096,0.0,0.9947366371883921,True
2022-06-01,0.5616481304168701,0.5616481304168701,0.0,0.9947366371883921,True
2022-06-02,0.44060638546943665,0.44060638546943665,0.0,0.0,True
2022-06-03,0.44599857926368713,0.44599857926368713,0.0,0.0,True
2022-06-06,0.49270743131637573,0.49270743131637573,0.0,0.0,True
2022-06-07,0.5027437210083008,0.5027437210083008,0.0,1.0,True
2022-06-08,0.4672493636608124,0.4672493636608124,0.0,0.0,True
2022-06-09,0.5007001757621765,0.5007001757621765,0.0,1.0,True
2022-06-10,0.45551714301109314,0.45551714301109314,0.0,0.0,True
2022-06-13,0.527615487575531,0.527615487575531,0.0,1.0,True
2022-06-14,0.4958268702030182,0.4958268702030182,0.0,0.0,True
2022-06-15,0.523683488368988,0.523683488368988,0.0,1.0,True
2022-06-16,0.5590015649795532,0.5590015649795532,0.0,1.0,True
2022-06-17,0.45687156915664673,0.45687156915664673,0.0,0.0,True
2022-06-20,0.589045524597168,0.589045524597168,0.0,1.0,True
2022-06-21,0.5844193696975708,0.5844193696975708,0.0,1.0,True
2022-06-22,0.7229331135749817,0.7229331135749817,0.0,1.0,True
2022-06-23,0.4068666398525238,0.4068666398525238,0.0,0.0,True
2022-06-24,0.5040566921234131,0.5040566921234131,0.0,1.0,True
2022-06-27,0.5508226752281189,0.5508226752281189,0.0,1.0,True
2022-06-28,0.5574666261672974,0.5574666261672974,0.0,1.0,True
2022-06-29,0.622164785861969,0.622164785861969,0.0,1.0,True
2022-06-30,0.5445005893707275,0.5445005893707275,0.0,1.0,True
2022-07-01,0.5206403732299805,0.5206403732299805,0.0,1.0,True
2022-07-04,0.44074082374572754,0.44074082374572754,0.0,0.0,True
2022-07-05,0.454967737197876,0.454967737197876,0.0,0.0,True
2022-07-06,0.6457927823066711,0.6457927823066711,1.0,0.0,True
2022-07-07,0.6462268829345703,0.6462268829345703,1.0,0.0,True
2022-07-08,0.48611417412757874,0.48611417412757874,1.0,0.0,True
2022-07-11,0.5572885274887085,0.5572885274887085,1.0,0.0,True
2022-07-12,0.5709213614463806,0.5709213614463806,1.0,0.0,True
2022-07-13,0.6392518281936646,0.6392518281936646,1.0,0.0,True
2022-07-14,0.42298218607902527,0.42298218607902527,1.0,0.0,True
2022-07-15,0.5730151534080505,0.5730151534080505,1.0,0.0,True
2022-07-18,0.4997957646846771,0.4997957646846771,1.0,0.0,True
2022-07-19,0.764804482460022,0.764804482460022,2.0,0.4906044185889695,True
2022-07-20,0.735069990158081,0.735069990158081,2.0,0.4906044185889695,True
2022-07-21,0.7556390762329102,0.7556390762329102,2.0,0.4906044185889695,True
2022-07-22,0.49285656213760376,0.49285656213760376,2.0,0.0,True
2022-07-25,0.6423175930976868,0.6423175930976868,2.0,0.3920826600214617,True
2022-07-26,0.5755840539932251,0.5755840539932251,2.0,0.3920826600214617,True
2022-07-27,0.6415311098098755,0.6415311098098755,2.0,0.3920826600214617,True
2022-07-28,0.6020324230194092,0.6020324230194092,2.0,0.3920826600214617,True
2022-07-29,0.6519690752029419,0.6519690752029419,2.0,0.3920826600214617,True
2022-08-01,0.716341495513916,0.716341495513916,2.0,0.3920826600214617,True
2022-08-02,0.6652804017066956,0.6652804017066956,2.0,0.3920826600214617,True
2022-08-03,0.6365222334861755,0.6365222334861755,2.0,0.3920826600214617,True
2022-08-04,0.7606195211410522,0.7606195211410522,2.0,0.3920826600214617,True
2022-08-05,0.7190999984741211,0.7190999984741211,2.0,0.3920826600214617,True
2022-08-08,0.7333378791809082,0.7333378791809082,2.0,0.3920826600214617,True
2022-08-09,0.7258797883987427,0.7258797883987427,2.0,0.3920826600214617,True
2022-08-10,0.7826090455055237,0.7826090455055237,2.0,0.3920826600214617,True
2022-08-11,0.769046425819397,0.769046425819397,2.0,0.3920826600214617,True
2022-08-12,0.5863120555877686,0.5863120555877686,2.0,0.3920826600214617,True
2022-08-15,0.4273378551006317,0.4273378551006317,2.0,0.0,True
2022-08-16,0.5179013013839722,0.5179013013839722,2.0,0.3962142329627284,True
2022-08-17,0.589118242263794,0.589118242263794,2.0,0.3962142329627284,True
2022-08-18,0.6049559116363525,0.6049559116363525,2.0,0.3962142329627284,True
2022-08-19,0.6046804189682007,0.6046804189682007,2.0,0.3962142329627284,True
2022-08-22,0.46126672625541687,0.46126672625541687,2.0,0.0,True
2022-08-23,0.5466464757919312,0.5466464757919312,2.0,0.5098216035727582,True
2022-08-24,0.6262220144271851,0.6262220144271851,2.0,0.5098216035727582,True
2022-08-25,0.5681673288345337,0.5681673288345337,2.0,0.5098216035727582,True
2022-08-26,0.4539012610912323,0.4539012610912323,1.0,0.0,True
2022-08-29,0.6501404643058777,0.6501404643058777,1.0,0.0,True
2022-08-30,0.6897962689399719,0.6897962689399719,1.0,0.0,True
2022-08-31,0.6100780963897705,0.6100780963897705,1.0,0.0,True
2022-09-01,0.5637250542640686,0.5637250542640686,1.0,0.0,True
2022-09-02,0.564172089099884,0.564172089099884,2.0,0.6948569982106271,True
2022-09-05,0.537800133228302,0.537800133228302,1.0,0.0,True
2022-09-06,0.6415425539016724,0.6415425539016724,1.0,0.0,True
2022-09-07,0.6366203427314758,0.6366203427314758,1.0,0.0,True
2022-09-08,0.7052024006843567,0.7052024006843567,0.0,0.9084176614704657,True
2022-09-09,0.6509292721748352,0.6509292721748352,0.0,0.9084176614704657,True
2022-09-12,0.45972248911857605,0.45972248911857605,0.0,0.0,True
2022-09-13,0.5800989866256714,0.5800989866256714,0.0,1.0,True
2022-09-14,0.7121737599372864,0.7121737599372864,0.0,1.0,True
2022-09-15,0.7335203886032104,0.7335203886032104,0.0,1.0,True
2022-09-16,0.6771131157875061,0.6771131157875061,0.0,1.0,True
2022-09-19,0.6688178777694702,0.6688178777694702,2.0,1.0,True
2022-09-20,0.7204334139823914,0.7204334139823914,0.0,1.0,True
2022-09-21,0.636565625667572,0.636565625667572,2.0,1.0,True
2022-09-22,0.5943635106086731,0.5943635106086731,0.0,1.0,True
2022-09-23,0.6075396537780762,0.6075396537780762,0.0,1.0,True
2022-09-26,0.5715320706367493,0.5715320706367493,0.0,1.0,True
2022-09-27,0.6225759983062744,0.6225759983062744,0.0,1.0,True
2022-09-28,0.6311414241790771,0.6311414241790771,0.0,1.0,True
2022-09-29,0.5588573217391968,0.5588573217391968,0.0,1.0,True
2022-09-30,0.5923680663108826,0.5923680663108826,0.0,1.0,True
2022-10-03,0.5770326256752014,0.5770326256752014,0.0,1.0,True
2022-10-04,0.5405744314193726,0.5405744314193726,0.0,1.0,True
2022-10-05,0.391763299703598,0.391763299703598,0.0,0.0,True
2022-10-06,0.6385878920555115,0.6385878920555115,0.0,1.0,True
2022-10-07,0.6794600486755371,0.6794600486755371,0.0,1.0,True
2022-10-10,0.36644354462623596,0.36644354462623596,0.0,0.0,True
2022-10-11,0.2359887808561325,0.2359887808561325,0.0,0.0,True
2022-10-12,0.3960184156894684,0.3960184156894684,0.0,0.0,True
2022-10-13,0.6369775533676147,0.6369775533676147,0.0,1.0,True
2022-10-14,0.6093025207519531,0.6093025207519531,0.0,1.0,True
2022-10-17,0.6992474794387817,0.6992474794387817,0.0,1.0,True
2022-10-18,0.7176305651664734,0.7176305651664734,0.0,1.0,True
2022-10-19,0.610442578792572,0.610442578792572,0.0,1.0,True
2022-10-20,0.5564174056053162,0.5564174056053162,0.0,1.0,True
2022-10-21,0.4459332525730133,0.4459332525730133,0.0,0.0,True
2022-10-24,0.3582444190979004,0.3582444190979004,0.0,0.0,True
2022-10-25,0.5655182600021362,0.5655182600021362,0.0,1.0,True
2022-10-26,0.5644675493240356,0.5644675493240356,0.0,1.0,True
2022-10-27,0.6068705320358276,0.6068705320358276,0.0,1.0,True
2022-10-28,0.6513253450393677,0.6513253450393677,0.0,1.0,True
2022-10-31,0.6794169545173645,0.6794169545173645,0.0,1.0,True
2022-11-01,0.4084363579750061,0.4084363579750061,0.0,0.0,True
2022-11-02,0.5311548709869385,0.5311548709869385,0.0,1.0,True
2022-11-03,0.5542161464691162,0.5542161464691162,0.0,1.0,True
2022-11-04,0.6380361318588257,0.6380361318588257,0.0,1.0,True
2022-11-07,0.6754934787750244,0.6754934787750244,0.0,1.0,True
2022-11-08,0.6434075832366943,0.6434075832366943,0.0,1.0,True
2022-11-09,0.6179230213165283,0.6179230213165283,0.0,1.0,True
2022-11-10,0.5711093544960022,0.5711093544960022,1.0,0.0,True
2022-11-11,0.5808643102645874,0.5808643102645874,0.0,1.0,True
2022-11-14,0.6197061538696289,0.6197061538696289,0.0,1.0,True
2022-11-15,0.5961363315582275,0.5961363315582275,0.0,1.0,True
2022-11-16,0.5773332118988037,0.5773332118988037,0.0,1.0,True
2022-11-17,0.7119468450546265,0.7119468450546265,1.0,0.0,True
2022-11-18,0.6325419545173645,0.6325419545173645,0.0,0.9580451328937524,True
2022-11-21,0.5793980956077576,0.5793980956077576,0.0,0.9580451328937524,True
2022-11-22,0.6493371725082397,0.6493371725082397,0.0,0.9580451328937524,True
2022-11-23,0.591619610786438,0.591619610786438,0.0,0.9580451328937524,True
2022-11-24,0.4464254677295685,0.4464254677295685,0.0,0.0,True
2022-11-25,0.4471905529499054,0.4471905529499054,0.0,0.0,True
2022-11-28,0.4747390151023865,0.4747390151023865,0.0,0.0,True
2022-11-29,0.4384304881095886,0.4384304881095886,0.0,0.0,True
2022-11-30,0.5168848633766174,0.5168848633766174,0.0,0.9505078021780037,True
2022-12-01,0.5575509071350098,0.5575509071350098,0.0,0.9505078021780037,True
2022-12-02,0.497987300157547,0.497987300157547,0.0,0.0,True
2022-12-05,0.4713824987411499,0.4713824987411499,0.0,0.0,True
2022-12-06,0.40857911109924316,0.40857911109924316,0.0,0.0,True
2022-12-07,0.42840540409088135,0.42840540409088135,0.0,0.0,True
2022-12-08,0.37883588671684265,0.37883588671684265,0.0,0.0,True
2022-12-09,0.42586037516593933,0.42586037516593933,1.0,0.0,True
2022-12-12,0.5349200367927551,0.5349200367927551,1.0,0.0,True
2022-12-13,0.5739809274673462,0.5739809274673462,1.0,0.0,True
2022-12-14,0.526716947555542,0.526716947555542,1.0,0.0,True
2022-12-15,0.5773963332176208,0.5773963332176208,1.0,0.0,True
2022-12-16,0.5352627038955688,0.5352627038955688,1.0,0.0,True
2022-12-19,0.6005898118019104,0.6005898118019104,1.0,0.0,True
2022-12-20,0.5862981677055359,0.5862981677055359,1.0,0.0,True
2022-12-21,0.6624447107315063,0.6624447107315063,1.0,0.0,True
2022-12-22,0.623785138130188,0.623785138130188,1.0,0.0,True
2022-12-23,0.6438047289848328,0.6438047289848328,1.0,0.0,True
2022-12-26,0.513997495174408,0.513997495174408,1.0,0.0,True
2022-12-27,0.5301979184150696,0.5301979184150696,1.0,0.0,True
2022-12-28,0.6124438643455505,0.6124438643455505,1.0,0.0,True
2022-12-29,0.5894175171852112,0.5894175171852112,1.0,0.0,True
2022-12-30,0.5841474533081055,0.5841474533081055,1.0,0.0,True
2023-01-02,0.34214845299720764,0.34214845299720764,1.0,0.0,True
2023-01-03,0.3120565116405487,0.3120565116405487,1.0,0.0,True
2023-01-04,0.3639097213745117,0.3639097213745117,1.0,0.0,True
2023-01-05,0.5712998509407043,0.5712998509407043,1.0,0.0,True
2023-01-06,0.4842608869075775,0.4842608869075775,1.0,0.0,True
2023-01-09,0.5538852214813232,0.5538852214813232,1.0,0.0,True
2023-01-10,0.5921687483787537,0.5921687483787537,1.0,0.0,True
2023-01-11,0.5523974299430847,0.5523974299430847,1.0,0.0,True
2023-01-12,0.5382785797119141,0.5382785797119141,1.0,0.0,True
2023-01-13,0.6988188624382019,0.6988188624382019,1.0,0.0,True
2023-01-16,0.7159698605537415,0.7159698605537415,1.0,0.0,True
2023-01-17,0.7245466709136963,0.7245466709136963,1.0,0.0,True
2023-01-18,0.7624067068099976,0.7624067068099976,1.0,0.0,True
2023-01-19,0.7120449542999268,0.7120449542999268,1.0,0.0,True
2023-01-20,0.7963911890983582,0.7963911890983582,1.0,0.0,True
2023-01-23,0.8352048397064209,0.8352048397064209,1.0,0.0,True
2023-01-24,0.7994014024734497,0.7994014024734497,1.0,0.0,True
2023-01-25,0.7587262392044067,0.7587262392044067,1.0,0.0,True
2023-01-26,0.7788351774215698,0.7788351774215698,1.0,0.0,True
2023-01-27,0.7035539746284485,0.7035539746284485,1.0,0.0,True
2023-01-30,0.7588193416595459,0.7588193416595459,0.0,0.9850922003366775,True
2023-01-31,0.6603780388832092,0.6603780388832092,0.0,0.9850922003366775,True
2023-02-01,0.4152497351169586,0.4152497351169586,1.0,0.0,True
2023-02-02,0.46042123436927795,0.46042123436927795,1.0,0.0,True
2023-02-03,0.4451616406440735,0.4451616406440735,2.0,0.0,True
2023-02-06,0.43451988697052,0.43451988697052,2.0,0.0,True
2023-02-07,0.4597666561603546,0.4597666561603546,2.0,0.0,True
2023-02-08,0.5217607021331787,0.5217607021331787,0.0,0.9143689811067026,True
2023-02-09,0.46176013350486755,0.46176013350486755,1.0,0.0,True
2023-02-10,0.5850299000740051,0.5850299000740051,1.0,0.0,True
2023-02-13,0.582075297832489,0.582075297832489,1.0,0.0,True
2023-02-14,0.5919398665428162,0.5919398665428162,1.0,0.0,True
2023-02-15,0.5841268301010132,0.5841268301010132,1.0,0.0,True
2023-02-16,0.5513619780540466,0.5513619780540466,1.0,0.0,True
2023-02-17,0.6027390956878662,0.6027390956878662,1.0,0.0,True
2023-02-20,0.5481281876564026,0.5481281876564026,1.0,0.0,True
2023-02-21,0.6327077746391296,0.6327077746391296,1.0,0.0,True
2023-02-22,0.5603920221328735,0.5603920221328735,1.0,0.0,True
2023-02-23,0.625790536403656,0.625790536403656,1.0,0.0,True
2023-02-24,0.6969925165176392,0.6969925165176392,1.0,0.0,True
2023-02-27,0.6173306703567505,0.6173306703567505,1.0,0.0,True
2023-02-28,0.6208820343017578,0.6208820343017578,1.0,0.0,True
2023-03-01,0.5934734344482422,0.5934734344482422,1.0,0.0,True
2023-03-02,0.38490384817123413,0.38490384817123413,1.0,0.0,True
2023-03-03,0.3994891345500946,0.3994891345500946,1.0,0.0,True
2023-03-06,0.6690005660057068,0.6690005660057068,1.0,0.0,True
2023-03-07,0.4164603650569916,0.4164603650569916,1.0,0.0,True
2023-03-08,0.3959841728210449,0.3959841728210449,1.0,0.0,True
2023-03-09,0.491379052400589,0.491379052400589,0.0,0.0,True
2023-03-10,0.5755783915519714,0.5755783915519714,0.0,0.932201500082324,True
2023-03-13,0.4658550024032593,0.4658550024032593,0.0,0.0,True
2023-03-14,0.4790051281452179,0.4790051281452179,0.0,0.0,True
2023-03-15,0.4920147955417633,0.4920147955417633,0.0,0.0,True
2023-03-16,0.5023611187934875,0.5023611187934875,0.0,1.0,True
2023-03-17,0.5043634176254272,0.5043634176254272,0.0,1.0,True
2023-03-20,0.5137398838996887,0.5137398838996887,0.0,1.0,True
2023-03-21,0.40355348587036133,0.40355348587036133,0.0,0.0,True
2023-03-22,0.5413353443145752,0.5413353443145752,0.0,1.0,True
2023-03-23,0.6167012453079224,0.6167012453079224,0.0,1.0,True
2023-03-24,0.6015681624412537,0.6015681624412537,0.0,1.0,True
2023-03-27,0.7028008103370667,0.7028008103370667,0.0,1.0,True
2023-03-28,0.6667032837867737,0.6667032837867737,0.0,1.0,True
2023-03-29,0.6329684257507324,0.6329684257507324,0.0,1.0,True
2023-03-30,0.6560723185539246,0.6560723185539246,0.0,1.0,True
2023-03-31,0.5994341969490051,0.5994341969490051,0.0,1.0,True
2023-04-03,0.4731955826282501,0.4731955826282501,0.0,0.0,True
2023-04-04,0.6447059512138367,0.6447059512138367,0.0,1.0,True
2023-04-05,0.5876680016517639,0.5876680016517639,0.0,1.0,True
2023-04-06,0.5959464907646179,0.5959464907646179,0.0,1.0,True
2023-04-07,0.5740200281143188,0.5740200281143188,0.0,1.0,True
2023-04-10,0.6311149597167969,0.6311149597167969,0.0,1.0,True
2023-04-11,0.6798732280731201,0.6798732280731201,0.0,1.0,True
2023-04-12,0.7325455546379089,0.7325455546379089,0.0,1.0,True
2023-04-13,0.7035651206970215,0.7035651206970215,0.0,1.0,True
2023-04-14,0.6869547963142395,0.6869547963142395,0.0,1.0,True
2023-04-17,0.6701571941375732,0.6701571941375732,0.0,1.0,True
2023-04-18,0.7131277918815613,0.7131277918815613,0.0,1.0,True
2023-04-19,0.622600257396698,0.622600257396698,0.0,1.0,True
2023-04-20,0.7017984390258789,0.7017984390258789,0.0,1.0,True
2023-04-21,0.6953440308570862,0.6953440308570862,0.0,1.0,True
2023-04-24,0.6722601652145386,0.6722601652145386,0.0,1.0,True
2023-04-25,0.6406170725822449,0.6406170725822449,0.0,1.0,True
2023-04-26,0.6410766243934631,0.6410766243934631,0.0,1.0,True
2023-04-27,0.5685898661613464,0.5685898661613464,0.0,1.0,True
2023-04-28,0.6655172109603882,0.6655172109603882,0.0,1.0,True
2023-05-01,0.7311395406723022,0.7311395406723022,0.0,1.0,True
2023-05-02,0.7247605323791504,0.7247605323791504,0.0,1.0,True
2023-05-03,0.6973363757133484,0.6973363757133484,0.0,1.0,True
2023-05-04,0.6302476525306702,0.6302476525306702,0.0,1.0,True
2023-05-05,0.6497878432273865,0.6497878432273865,0.0,1.0,True
2023-05-08,0.6370437741279602,0.6370437741279602,0.0,1.0,True
2023-05-09,0.6614240407943726,0.6614240407943726,0.0,1.0,True
2023-05-10,0.6243563294410706,0.6243563294410706,0.0,1.0,True
2023-05-11,0.4219309389591217,0.4219309389591217,0.0,0.0,True
2023-05-12,0.5302314162254333,0.5302314162254333,0.0,1.0,True
2023-05-15,0.5656985640525818,0.5656985640525818,0.0,1.0,True
2023-05-16,0.6882095336914062,0.6882095336914062,0.0,1.0,True
2023-05-17,0.7083261609077454,0.7083261609077454,1.0,0.0,True
2023-05-18,0.5390218496322632,0.5390218496322632,1.0,0.0,True
2023-05-19,0.4762779474258423,0.4762779474258423,2.0,0.0,True
2023-05-22,0.5502581596374512,0.5502581596374512,2.0,0.5253749275934522,True
2023-05-23,0.5814781785011292,0.5814781785011292,2.0,0.5253749275934522,True
2023-05-24,0.6109475493431091,0.6109475493431091,2.0,0.5253749275934522,True
2023-05-25,0.5090838074684143,0.5090838074684143,2.0,0.5253749275934522,True
2023-05-26,0.5319206714630127,0.5319206714630127,2.0,0.5253749275934522,True
2023-05-29,0.4352216422557831,0.4352216422557831,2.0,0.0,True
2023-05-30,0.4684460759162903,0.4684460759162903,2.0,0.0,True
2023-05-31,0.48902592062950134,0.48902592062950134,2.0,0.0,True
2023-06-01,0.56687331199646,0.56687331199646,2.0,0.43006058546612136,True
2023-06-02,0.7305706143379211,0.7305706143379211,2.0,0.43006058546612136,True
