Date,Open,High,Low,Close,Volume,Dividends,Stock Splits,Capital Gains
1993-01-29,24.07064514784182,24.07064514784182,23.95089069436997,24.053537368774414,1003200,0.0,0.0,0.0
1993-02-01,24.070628028804975,24.224597930908207,24.070628028804975,24.224597930908203,480500,0.0,0.0,0.0
1993-02-02,24.20749170331572,24.293030543256766,24.156168399351092,24.275922775268555,201300,0.0,0.0,0.0
1993-02-03,24.310140273228516,24.54964904439333,24.293032503859603,24.532541275024414,529400,0.0,0.0,0.0
1993-02-04,24.618098440435194,24.686529568831123,24.344373926851482,24.63520622253418,531500,0.0,0.0,0.0
1993-02-05,24.618085861206055,24.669409181278063,24.48122367434737,24.618085861206055,492100,0.0,0.0,0.0
1993-02-08,24.618085861206055,24.703624727992736,24.583870314491385,24.618085861206055,596100,0.0,0.0,0.0
1993-02-09,24.53254125767275,24.53254125767275,24.395679102818228,24.447002410888672,122100,0.0,0.0,0.0
1993-02-10,24.447019940902102,24.498343285774535,24.378588814405525,24.48123550415039,379600,0.0,0.0,0.0
1993-02-11,24.51542477614359,24.703610172192143,24.51542477614359,24.600963592529297,19500,0.0,0.0,0.0
1993-02-12,24.566752566769978,24.566752566769978,24.41278266906738,24.412782669067383,42500,0.0,0.0,0.0
1993-02-16,24.344367757450325,24.344367757450325,23.762703313491567,23.796918869018555,374800,0.0,0.0,0.0
1993-02-17,23.796902458959345,23.83111799089171,23.69425586316225,23.779794692993164,210900,0.0,0.0,0.0
1993-02-18,24.053529367247787,24.053529367247787,23.437649525696635,23.762697219848633,378100,0.0,0.0,0.0
1993-02-19,23.762693416097413,23.84823226928711,23.728477874821536,23.84823226928711,34900,0.0,0.0,0.0
1993-02-22,23.91666908073289,23.967992404940475,23.84823798178945,23.93377685546875,513600,0.0,0.0,0.0
1993-02-23,24.002193408633165,24.0193011730014,23.79690023621435,23.916654586791992,373700,0.0,0.0,0.0
1993-02-24,23.933765893602104,24.224597930908207,23.933765893602104,24.224597930908203,26300,0.0,0.0,0.0
1993-02-25,24.20749170331572,24.293030543256766,24.156168399351092,24.275922775268555,44500,0.0,0.0,0.0
1993-02-26,24.32724647065605,24.32724647065605,24.19038432454828,24.310138702392578,66200,0.0,0.0,0.0
1993-03-01,24.395678677017113,24.395678677017113,24.20749321737673,24.241708755493164,66500,0.0,0.0,0.0
1993-03-02,24.25880832698647,24.600963592529297,24.224592800432184,24.600963592529297,182400,0.0,0.0,0.0
1993-03-03,24.63518982778956,24.720728681358274,24.600974286362074,24.70362091064453,280100,0.0,0.0,0.0
1993-03-04,24.737836819173232,24.737836819173232,24.566759109497067,24.56675910949707,89500,0.0,0.0,0.0
1993-03-05,24.600987285209104,24.703633963728752,24.48123282693618,24.498340606689453,40000,0.0,0.0,0.0
1993-03-08,24.54966036348395,25.045785903930664,24.54966036348395,25.045785903930664,50800,0.0,0.0,0.0
1993-03-09,24.99445877441239,25.01156654906976,24.90891990112556,24.960243225097656,169300,0.0,0.0,0.0
1993-03-10,24.96024093549653,25.011564254760742,24.8575942969681,25.011564254760742,194400,0.0,0.0,0.0
1993-03-11,25.028675091119464,25.09710619184706,24.908920664846164,24.94313621520996,70900,0.0,0.0,0.0
1993-03-12,24.73784868236391,24.75495646153567,24.5325553323028,24.686525344848633,643600,0.0,0.0,0.0
1993-03-15,24.66940651992272,24.806268692016605,24.66940651992272,24.8062686920166,310800,0.0,0.0,0.0
1993-03-16,24.806268692016605,24.874699778063547,24.806268692016605,24.8062686920166,30800,0.0,0.0,0.0
1993-03-17,24.772054287065327,24.772054287065327,24.61808433638605,24.652299880981445,21800,0.0,0.0,0.0
1993-03-18,24.7549453774814,24.90891532108702,24.7549453774814,24.8062686920166,59300,0.0,0.0,0.0
1993-03-19,24.906248317668208,24.906248317668208,24.768739700317383,24.768739700317383,66900,0.213,0.0,0.0
1993-03-22,24.528084649127926,24.682781749227544,24.51089608245019,24.631216049194336,183400,0.0,0.0,0.0
1993-03-23,24.699981237852477,24.71716981213073,24.64841551501771,24.68279266357422,55200,0.0,0.0,0.0
1993-03-24,24.64841551501771,24.78592410924375,24.528095495069927,24.68279266357422,37200,0.0,0.0,0.0
1993-03-25,24.699983382967513,24.889057716448825,24.665606231425457,24.837491989135742,110100,0.0,0.0,0.0
1993-03-26,24.820297878321128,24.837486450259025,24.682789302817962,24.69997787475586,101500,0.0,0.0,0.0
1993-03-29,24.717161557943722,24.923424380402224,24.717161557943722,24.803104400634766,87100,0.0,0.0,0.0
1993-03-30,24.837494792819598,24.871871948242188,24.803117637397012,24.871871948242188,56000,0.0,0.0,0.0
1993-03-31,24.940635379089528,25.00938971507599,24.85469245910645,24.854692459106445,111600,0.0,0.0,0.0
1993-04-01,24.889059740499356,24.889059740499356,24.717173968810826,24.768739700317383,129500,0.0,0.0,0.0
1993-04-02,24.562465072945447,24.562465072945447,24.253070831298828,24.253070831298828,59400,0.0,0.0,0.0
1993-04-05,24.442150210123643,24.442150210123643,24.30464162947597,24.373395919799805,172200,0.0,0.0,0.0
1993-04-06,24.424955981792788,24.424955981792788,24.235881727183553,24.304636001586914,129700,0.0,0.0,0.0
1993-04-07,24.33901542034512,24.390581130981445,24.2874497097088,24.390581130981445,28000,0.0,0.0,0.0
1993-04-08,24.4937212263604,24.4937212263604,24.253081158171593,24.356212615966797,180800,0.0,0.0,0.0
1993-04-12,24.596846443128488,24.717166446693756,24.562469299252694,24.69997787475586,348500,0.0,0.0,0.0
1993-04-13,24.68280777931213,24.837505042552944,24.665619194507595,24.751562118530273,146100,0.0,0.0,0.0
1993-04-14,24.768738351378886,24.785926927611627,24.699984046447927,24.717172622680664,119600,0.0,0.0,0.0
1993-04-15,24.699984046447927,24.768738351378886,24.614041165284224,24.717172622680664,148600,0.0,0.0,0.0
1993-04-16,24.734361198913405,24.768738351378886,24.682795470215186,24.717172622680664,47900,0.0,0.0,0.0
1993-04-19,24.71716608281908,24.785920369558493,24.596846081025106,24.61403465270996,157000,0.0,0.0,0.0
1993-04-20,24.57966197499058,24.61403912460595,24.33902192768298,24.49371910095215,279500,0.0,0.0,0.0
1993-04-21,24.54527672221152,24.54527672221152,24.407768169145907,24.47652244567871,67900,0.0,0.0,0.0
1993-04-22,24.37339620468118,24.579659078063532,24.167133331298828,24.167133331298828,97700,0.0,0.0,0.0
1993-04-23,24.115568711417062,24.18432300567627,24.029625843593053,24.064002990722656,106000,0.0,0.0,0.0
1993-04-26,24.0811826981942,24.167125534376193,23.806165622411825,23.874919891357422,62600,0.0,0.0,0.0
1993-04-27,23.84055520598365,24.132761001586914,23.84055520598365,24.132761001586914,156800,0.0,0.0,0.0
1993-04-28,24.098374864359055,24.14994057376924,24.04680915494887,24.081186294555664,85900,0.0,0.0,0.0
1993-04-29,24.132762347711427,24.184328079223633,23.99525373034555,24.184328079223633,85000,0.0,0.0,0.0
1993-04-30,24.270264218765593,24.356207080730062,24.218698501586914,24.218698501586914,88500,0.0,0.0,0.0
1993-05-03,24.253075911733095,24.373395919799805,24.149944476247338,24.373395919799805,80500,0.0,0.0,0.0
1993-05-04,24.42497151951847,24.545291576264862,24.39059436044807,24.459348678588867,149100,0.0,0.0,0.0
1993-05-05,24.459339046946084,24.614036201845956,24.459339046946084,24.528093338012695,109000,0.0,0.0,0.0
1993-05-06,24.49371965625618,24.510908231453552,24.42496535546669,24.442153930664062,54700,0.0,0.0,0.0
1993-05-07,24.45933541182988,24.45933541182988,24.35620399055723,24.390581130981445,68000,0.0,0.0,0.0
1993-05-10,24.42496535546669,24.579662532243045,24.42496535546669,24.442153930664062,113900,0.0,0.0,0.0
1993-05-11,24.442150925387857,24.5452823638916,24.373396633052025,24.5452823638916,42600,0.0,0.0,0.0
1993-05-12,24.442142414344474,24.52808524983795,24.442142414344474,24.510896682739258,31000,0.0,0.0,0.0
1993-05-13,24.40777279790874,24.40777279790874,24.20150992919402,24.218698501586914,129100,0.0,0.0,0.0
1993-05-14,24.218707591295242,24.287461906671524,24.1843304336071,24.201519012451172,63500,0.0,0.0,0.0
1993-05-17,24.270269843423446,24.28745841979981,24.16713838516527,24.287458419799805,34000,0.0,0.0,0.0
1993-05-18,24.304631265634853,24.321819830886366,24.184311308874285,24.270254135131836,105200,0.0,0.0,0.0
1993-05-19,24.270270962420643,24.768739700317383,24.115573767900965,24.768739700317383,50200,0.0,0.0,0.0
1993-05-20,24.768737686051626,24.83749198913574,24.717171958738543,24.837491989135742,98200,0.0,0.0,0.0
1993-05-21,24.854674656297906,24.889051799667612,24.596846081025106,24.61403465270996,221400,0.0,0.0,0.0
1993-05-24,24.665606893982446,24.803115503844367,24.665606893982446,24.717172622680664,30500,0.0,0.0,0.0
1993-05-25,24.820305431823943,24.820305431823943,24.768739700317383,24.768739700317383,191800,0.0,0.0,0.0
1993-05-26,24.837496341132727,25.09532502287459,24.820307762349938,25.078136444091797,102400,0.0,0.0,0.0
1993-05-27,25.11250368928975,25.11250368928975,24.957806541306446,24.992183685302734,53800,0.0,0.0,0.0
1993-05-28,24.97500341450995,24.97500341450995,24.75155190426313,24.871871948242188,79100,0.0,0.0,0.0
1993-06-01,24.957824863692327,25.19846504832848,24.92344769445859,25.11252212524414,28300,0.0,0.0,0.0
1993-06-02,25.043759286526218,25.164079338005752,24.940627813829472,25.078136444091797,20300,0.0,0.0,0.0
1993-06-03,25.026560829299026,25.026560829299026,24.9406179693083,24.992183685302734,21600,0.0,0.0,0.0
1993-06-04,24.9234214003453,24.9234214003453,24.803101434964326,24.906232833862305,32000,0.0,0.0,0.0
1993-06-07,24.95781156693139,24.95781156693139,24.820302963256836,24.820302963256836,121400,0.0,0.0,0.0
1993-06-08,24.751544688482706,24.751544688482706,24.596847534179688,24.596847534179688,104500,0.0,0.0,0.0
1993-06-09,24.682792663574222,24.78592410924375,24.64841551501771,24.68279266357422,43300,0.0,0.0,0.0
1993-06-10,24.66560073088007,24.717166446693756,24.61403501506638,24.69997787475586,17900,0.0,0.0,0.0
1993-06-11,24.785915832096556,24.83748153771118,24.699972989405513,24.803104400634766,647400,0.0,0.0,0.0
1993-06-14,24.837494008992795,24.85468258616165,24.768739700317383,24.768739700317383,64200,0.0,0.0,0.0
1993-06-15,24.803115503844367,24.820304080077108,24.717172622680668,24.717172622680664,142400,0.0,0.0,0.0
1993-06-16,24.717173968810826,24.768739700317383,24.648419660135414,24.768739700317383,330900,0.0,0.0,0.0
1993-06-17,24.820315291113218,24.85469245910645,24.76874953912337,24.854692459106445,37400,0.0,0.0,0.0
1993-06-18,24.840408175179128,24.840408175179128,24.649993896484375,24.649993896484375,58500,0.318,0.0,0.0
1993-06-21,24.71923757551764,24.71923757551764,24.6673064041405,24.701927185058594,29300,0.0,0.0,0.0
1993-06-22,24.736548672203256,24.736548672203256,24.68461749934349,24.71923828125,137500,0.0,0.0,0.0
1993-06-23,24.719250202515944,24.719250202515944,24.49421501159668,24.49421501159668,227600,0.0,0.0,0.0
1993-06-24,24.5634470624405,24.82310295104981,24.5634470624405,24.823102951049805,243700,0.0,0.0,0.0
1993-06-25,24.805782318115234,24.87502385982665,24.78847193268738,24.805782318115234,44800,0.0,0.0,0.0
1993-06-28,24.926958735685172,25.082752227783203,24.892337959663386,25.082752227783203,439900,0.0,0.0,0.0
1993-06-29,25.048147530893015,25.048147530893015,24.926974737032438,24.96159553527832,207500,0.0,0.0,0.0
1993-06-30,24.996216333524195,25.048147530893015,24.926974737032438,24.96159553527832,437600,0.0,0.0,0.0
1993-07-01,24.99620970300242,24.99620970300242,24.8577265467531,24.89234733581543,605700,0.0,0.0,0.0
1993-07-02,24.80579738350181,24.823107779442847,24.66731421597354,24.75386619567871,285400,0.0,0.0,0.0
1993-07-06,24.719250202515944,24.78849179972187,24.459594212993718,24.49421501159668,246400,0.0,0.0,0.0
1993-07-07,24.476888383753792,24.598061098524852,24.476888383753792,24.563440322875977,343700,0.0,0.0,0.0
1993-07-08,24.580758151277017,24.89234522643405,24.546137365148457,24.84041404724121,248200,0.0,0.0,0.0
1993-07-09,24.840422558072046,24.909664154052734,24.78849136108653,24.909664154052734,378200,0.0,0.0,0.0
1993-07-12,24.875036941284264,24.909657730346595,24.840416152221934,24.89234733581543,373700,0.0,0.0,0.0
1993-07-13,24.909653207703272,24.978894773256304,24.73654929382069,24.875032424926758,389600,0.0,0.0,0.0
1993-07-14,24.89235393878656,25.030837131770074,24.875043539663622,24.96159553527832,617300,0.0,0.0,0.0
1993-07-15,24.94427711120223,24.94427711120223,24.80579396277085,24.857725143432617,443800,0.0,0.0,0.0
1993-07-16,24.87503271662323,24.89234310821448,24.753859975484495,24.788480758666992,216400,0.0,0.0,0.0
1993-07-19,24.788480053574453,24.788480053574453,24.701928098080128,24.771169662475586,188200,0.0,0.0,0.0
1993-07-20,24.753862081919813,24.84041404724121,24.632689330469855,24.84041404724121,68500,0.0,0.0,0.0
1993-07-21,24.805792558475854,24.82310295104981,24.73655098818004,24.823102951049805,142700,0.0,0.0,0.0
1993-07-22,24.788477008262376,24.823097786206876,24.649993896484375,24.649993896484375,632400,0.0,0.0,0.0
1993-07-23,24.701928098080128,24.77116966247559,24.684617706981264,24.771169662475586,286200,0.0,0.0,0.0
1993-07-26,24.840422558072046,24.961595351038252,24.840422558072046,24.909664154052734,121300,0.0,0.0,0.0
1993-07-27,24.92696812487776,24.944278519408925,24.805795363159604,24.89234733581543,92800,0.0,0.0,0.0
1993-07-28,24.84041404724121,24.89234522643405,24.80579326111265,24.84041404724121,30800,0.0,0.0,0.0
1993-07-29,24.89233752678272,25.04813101617148,24.857716751362993,24.97888946533203,331000,0.0,0.0,0.0
1993-07-30,24.978897191755447,24.978897191755447,24.80579326111265,24.84041404724121,75300,0.0,0.0,0.0
1993-08-02,24.875043356062392,24.996216149028594,24.875043356062392,24.909664154052734,41300,0.0,0.0,0.0
1993-08-03,24.96159986919827,25.030841477711995,24.840427054299248,24.926979064941406,81600,0.0,0.0,0.0
1993-08-04,24.926979064941406,24.9789102713267,24.857737456427678,24.926979064941406,434000,0.0,0.0,0.0
1993-08-05,24.92696359909153,24.92696359909153,24.84041164215024,24.875032424926758,36800,0.0,0.0,0.0
1993-08-06,24.94428495204308,24.961595351038252,24.875043356062392,24.909664154052734,402300,0.0,0.0,0.0
1993-08-09,24.978901801804632,25.11738497187701,24.926970613027493,25.04814338684082,828200,0.0,0.0,0.0
1993-08-10,25.030845642089847,25.048156047098207,24.996224832073125,25.030845642089844,604900,0.0,0.0,0.0
1993-08-11,25.013535237081484,25.10008726212329,25.013535237081484,25.030845642089844,542200,0.0,0.0,0.0
1993-08-12,25.10007872826183,25.10007872826183,24.875043539663622,24.96159553527832,303700,0.0,0.0,0.0
1993-08-13,24.97889970346171,25.013520493071496,24.97889970346171,24.9962100982666,103500,0.0,0.0,0.0
1993-08-16,25.01350519742519,25.203919423841576,25.01350519742519,25.13467788696289,241800,0.0,0.0,0.0
1993-08-17,25.117384344400733,25.221246719360348,25.117384344400733,25.22124671936035,369300,0.0,0.0,0.0
1993-08-18,25.307777641739047,25.411639930282437,25.29046726031515,25.359708786010742,414300,0.0,0.0,0.0
1993-08-19,25.37701916743464,25.37701916743464,25.325088023162944,25.359708786010742,28500,0.0,0.0,0.0
1993-08-20,25.307791669567155,25.377033233642578,25.2904812785483,25.377033233642578,80700,0.0,0.0,0.0
1993-08-23,25.273178293537132,25.342419877902987,25.273178293537132,25.325109481811523,15600,0.0,0.0,0.0
1993-08-24,25.325101695083298,25.602067947387695,25.325101695083298,25.602067947387695,273400,0.0,0.0,0.0
1993-08-25,25.602072464453208,25.723245221215326,25.567451676806886,25.619382858276367,242300,0.0,0.0,0.0
1993-08-26,25.636680603027344,25.775163685285428,25.532818291333783,25.636680603027344,120000,0.0,0.0,0.0
1993-08-27,25.567451676806886,25.619382858276367,25.567451676806886,25.619382858276367,25700,0.0,0.0,0.0
1993-08-30,25.636697452129297,25.75787022874301,25.636697452129297,25.723249435424805,183500,0.0,0.0,0.0
1993-08-31,25.70592091707575,25.79247283935547,25.671300148163866,25.79247283935547,66500,0.0,0.0,0.0
1993-09-01,25.705925206984244,25.80978753105287,25.705925206984244,25.757856369018555,136500,0.0,0.0,0.0
1993-09-02,25.77518043338007,25.80980122644035,25.65400765766908,25.67131805419922,472400,0.0,0.0,0.0
1993-09-03,25.654002642053158,25.723244214636296,25.61938185576159,25.688623428344727,630500,0.0,0.0,0.0
1993-09-07,25.688620190769235,25.723240972697493,25.480895499199672,25.51551628112793,196400,0.0,0.0,0.0
1993-09-08,25.515528053714757,25.515528053714757,25.255872069450362,25.42897605895996,269900,0.0,0.0,0.0
1993-09-09,25.325108161439065,25.4982121133286,25.325108161439065,25.48090171813965,239200,0.0,0.0,0.0
1993-09-10,25.55014287775213,25.72324682678839,25.515522087944877,25.705936431884766,106500,0.0,0.0,0.0
1993-09-13,25.79249102206121,25.79249102206121,25.723249435424805,25.723249435424805,66900,0.0,0.0,0.0
1993-09-14,25.654003645922685,25.654003645922685,25.532830889160568,25.619382858276367,184500,0.0,0.0,0.0
1993-09-15,25.515519496886878,25.70593382149051,25.428967531157955,25.688623428344727,101000,0.0,0.0,0.0
1993-09-16,25.654007974916286,25.671318371660494,25.567455991195246,25.584766387939453,54300,0.0,0.0,0.0
1993-09-17,25.569987022535212,25.587405269825766,25.50031403337299,25.5351505279541,200900,0.286,0.0,0.0
1993-09-20,25.56998921096571,25.622243957309642,25.326133728027344,25.326133728027344,57800,0.0,0.0,0.0
1993-09-21,25.36096427290912,25.395800762294982,24.97776288966461,25.239036560058594,318200,0.0,0.0,0.0
1993-09-22,25.326133250211054,25.482897486285264,25.291296753305673,25.448060989379883,439700,0.0,0.0,0.0
1993-09-23,25.517735069020414,25.60482631498977,25.482898570632674,25.5874080657959,88500,0.0,0.0,0.0
1993-09-24,25.552550015758733,25.56996825026164,25.482877077747123,25.51771354675293,53500,0.0,0.0,0.0
1993-09-27,25.709324122602116,25.796415328979496,25.709324122602116,25.796415328979492,274600,0.0,0.0,0.0
1993-09-28,25.813847961219302,25.813847961219302,25.726756706289414,25.74417495727539,158300,0.0,0.0,0.0
1993-09-29,25.744169024165114,25.813842012051893,25.62224129536325,25.65707778930664,221000,0.0,0.0,0.0
1993-09-30,25.65707307543073,25.709327806745254,25.552563612801684,25.60481834411621,99300,0.0,0.0,0.0
1993-10-01,25.56998710141605,25.76158782220323,25.535150606727473,25.72675132751465,22700,0.0,0.0,0.0
1993-10-04,25.7615909576416,25.7615909576416,25.691917959784558,25.7615909576416,1038500,0.0,0.0,0.0
1993-10-05,25.813842564236094,25.813842564236094,25.639660090793207,25.72675132751465,436500,0.0,0.0,0.0
1993-10-06,25.744168005015467,25.84867748270836,25.709331512451172,25.709331512451172,209200,0.0,0.0,0.0
1993-10-07,25.744159789189048,25.744159789189048,25.622232104125228,25.639650344848633,59400,0.0,0.0,0.0
1993-10-08,25.70933028056793,25.72674852601547,25.48289308974992,25.67449378967285,54400,0.0,0.0,0.0
1993-10-11,25.72675132751465,25.779006069547517,25.72675132751465,25.72675132751465,467100,0.0,0.0,0.0
1993-10-12,25.7615909576416,25.77900920710586,25.744172708177338,25.7615909576416,26200,0.0,0.0,0.0
1993-10-13,25.77900920710586,25.77900920710586,25.726754458713078,25.7615909576416,139100,0.0,0.0,0.0
1993-10-14,25.866105362315363,26.09254264831543,25.79643235123842,26.09254264831543,108100,0.0,0.0,0.0
1993-10-15,26.21446575301577,26.284138751694883,26.14479275433666,26.231884002685547,1502500,0.0,0.0,0.0
1993-10-18,26.214470945884006,26.214470945884006,26.127379680283063,26.162216186523438,722400,0.0,0.0,0.0
1993-10-19,26.12736047633457,26.179615197287237,25.97059631347656,25.970596313476562,880100,0.0,0.0,0.0
1993-10-20,26.057707871515642,26.057707871515642,25.953198347966783,26.00545310974121,230400,0.0,0.0,0.0
1993-10-21,26.02285103442923,26.02285103442923,25.93575983284145,25.970596313476562,56200,0.0,0.0,0.0
1993-10-22,26.005440893198923,26.1099503676525,25.848676681518555,25.848676681518555,390700,0.0,0.0,0.0
1993-10-25,25.86610690239937,25.95319817143102,25.796433887174054,25.91836166381836,114500,0.0,0.0,0.0
1993-10-26,25.900941848754883,25.918360101511276,25.813850584972922,25.900941848754883,186200,0.0,0.0,0.0
1993-10-27,25.86610690239937,25.93577991762469,25.86610690239937,25.91836166381836,118400,0.0,0.0,0.0
1993-10-28,25.953181116003602,26.179618266680144,25.953181116003602,26.10994529724121,129600,0.0,0.0,0.0
1993-10-29,26.092527054881476,26.127363539600942,26.07510881252174,26.10994529724121,80700,0.0,0.0,0.0
1993-11-01,26.07512077742708,26.197048529893337,26.07512077742708,26.179630279541016,36400,0.0,0.0,0.0
1993-11-02,26.14479793340325,26.197052692763815,26.005451908441742,26.162216186523438,262100,0.0,0.0,0.0
1993-11-03,26.144794923264033,26.144794923264033,25.70933864539488,25.831266403198242,479100,0.0,0.0,0.0
1993-11-04,25.831254604160176,25.831254604160176,25.535144470464477,25.552562713623047,130400,0.0,0.0,0.0
1993-11-05,25.48289308974992,25.67449378967285,25.378383617064685,25.67449378967285,363200,0.0,0.0,0.0
1993-11-08,25.691913266169024,25.779004497579766,25.62224028104043,25.709331512451172,367600,0.0,0.0,0.0
1993-11-09,25.88351555361325,25.90093380095754,25.70933308017036,25.72675132751465,246900,0.0,0.0,0.0
1993-11-10,25.726760871948734,25.91836166381836,25.657087856723418,25.91836166381836,46500,0.0,0.0,0.0
1993-11-11,25.918349664487607,25.98802264745666,25.83125843577629,25.848676681518555,88900,0.0,0.0,0.0
1993-11-12,25.900923352206334,26.05768751506434,25.883505111888777,25.970596313476562,108200,0.0,0.0,0.0
1993-11-15,26.02286093027,26.02286093027,25.88351495473977,25.953187942504883,243300,0.0,0.0,0.0
1993-11-16,26.0054479240973,26.092539176354826,25.90093842138827,26.07512092590332,492600,0.0,0.0,0.0
1993-11-17,26.09254961033008,26.09254961033008,25.866112263911997,25.9357852935791,39600,0.0,0.0,0.0
1993-11-18,25.900938719932476,25.953193471889303,25.79642921601883,25.86610221862793,240800,0.0,0.0,0.0
1993-11-19,25.779006278466596,25.8486792684084,25.761588030981148,25.8138427734375,106000,0.0,0.0,0.0
1993-11-22,25.744169024165114,25.761587271136808,25.569986554448164,25.65707778930664,165300,0.0,0.0,0.0
1993-11-23,25.796415328979496,25.81383357025497,25.65706939877569,25.796415328979492,89700,0.0,0.0,0.0
1993-11-24,25.8661053432421,25.918360101511276,25.831268837729315,25.900941848754883,77200,0.0,0.0,0.0
1993-11-26,25.97061642523735,25.97061642523735,25.90094341001203,25.91836166381836,1019800,0.0,0.0,0.0
1993-11-29,25.988025248292,26.040279990748353,25.813842773437496,25.8138427734375,517500,0.0,0.0,0.0
1993-11-30,25.79642990096871,25.953194161001605,25.779011649853945,25.831266403198242,230000,0.0,0.0,0.0
1993-12-01,25.970611722541577,25.98802997319385,25.86610221862793,25.86610221862793,379200,0.0,0.0,0.0
1993-12-02,25.918367036162323,25.953203550995877,25.866112263911997,25.9357852935791,352000,0.0,0.0,0.0
1993-12-03,25.918363049357232,26.04029083251953,25.918363049357232,26.04029083251953,306000,0.0,0.0,0.0
1993-12-06,26.07511228561401,26.16220350901286,26.07511228561401,26.12736701965332,99500,0.0,0.0,0.0
1993-12-07,26.127363539600942,26.144781781960678,26.07510881252174,26.10994529724121,88800,0.0,0.0,0.0
1993-12-08,26.109945297241207,26.109945297241207,26.07510881252174,26.10994529724121,146700,0.0,0.0,0.0
1993-12-09,26.109948889797472,26.14478537931021,25.988021176502887,26.022857666015625,416500,0.0,0.0,0.0
1993-12-10,26.040269274746787,26.040269274746787,25.91834159252389,25.970596313476562,412900,0.0,0.0,0.0
1993-12-13,25.9706028175354,26.12736701965332,25.935766328175863,26.12736701965332,273200,0.0,0.0,0.0
1993-12-14,26.14480438258041,26.14480438258041,25.9357852935791,25.9357852935791,41900,0.0,0.0,0.0
1993-12-15,25.97061485978045,25.988033112536844,25.900941848754883,25.900941848754883,82600,0.0,0.0,0.0
1993-12-16,26.005442004421123,26.005442004421123,25.95318726496147,25.98802375793457,78200,0.0,0.0,0.0
1993-12-17,26.04316052174408,26.148385412741025,26.025623039911256,26.130847930908203,104700,0.317,0.0,0.0
1993-12-20,26.11330972088566,26.183459646260772,26.09577223954188,26.165922164916992,68800,0.0,0.0,0.0
1993-12-21,26.130849983199937,26.130849983199937,26.04316256714893,26.078237533569336,205700,0.0,0.0,0.0
1993-12-22,26.148389518141506,26.271151910245457,26.095777064382673,26.25361442565918,410300,0.0,0.0,0.0
1993-12-23,26.236080169677734,26.288692629911047,26.201005196188863,26.236080169677734,533800,0.0,0.0,0.0
1993-12-27,26.23608481630366,26.376384735107422,26.23608481630366,26.376384735107422,447100,0.0,0.0,0.0
1993-12-28,26.358829960256674,26.446517352007362,26.341292481906535,26.428979873657227,880600,0.0,0.0,0.0
1993-12-29,26.446537187645998,26.464074679149743,26.376387221631024,26.393924713134766,266700,0.0,0.0,0.0
1993-12-30,26.376383734989993,26.376383734989993,26.236083821506003,26.2886962890625,219900,0.0,0.0,0.0
1993-12-31,26.341304070353107,26.37637904248407,26.13085423756733,26.148391723632812,312900,0.0,0.0,0.0
1994-01-03,26.14838746641014,26.18346243283054,26.04316256714893,26.078237533569336,960900,0.0,0.0,0.0
1994-01-04,26.11331791759575,26.183467864990234,26.07824294389851,26.183467864990234,164300,0.0,0.0,0.0
1994-01-05,26.2185426829333,26.253617656422172,26.11331776246668,26.236080169677734,710900,0.0,0.0,0.0
1994-01-06,26.27115514316661,26.288692629911047,26.201005196188863,26.236080169677734,201000,0.0,0.0,0.0
1994-01-07,26.2886997641123,26.41146220463851,26.218549798097328,26.393924713134766,775500,0.0,0.0,0.0
1994-01-10,26.428993025971963,26.709592819213867,26.358843077661486,26.709592819213867,593700,0.0,0.0,0.0
1994-01-11,26.69204975931268,26.69204975931268,26.569287375399945,26.65697479248047,295200,0.0,0.0,0.0
1994-01-12,26.67451698756454,26.67451698756454,26.4816046359122,26.569292068481445,158400,0.0,0.0,0.0
1994-01-13,26.499128341674805,26.551740773855496,26.464053386887677,26.499128341674805,244300,0.0,0.0,0.0
1994-01-14,26.58682500428091,26.656974938329146,26.58682500428091,26.60436248779297,137200,0.0,0.0,0.0
1994-01-17,26.60436248779297,26.639437454817088,26.551750037256795,26.60436248779297,17700,0.0,0.0,0.0
1994-01-18,26.639446258544922,26.67452123716052,26.58683379062153,26.639446258544922,166400,0.0,0.0,0.0
1994-01-19,26.604367041509143,26.63944201453684,26.516679608939896,26.569292068481445,200800,0.0,0.0,0.0
1994-01-20,26.604371279929328,26.65698374785272,26.58683379062153,26.639446258544922,281100,0.0,0.0,0.0
1994-01-21,26.674517573656065,26.674517573656065,26.569292652260973,26.586830139160156,85600,0.0,0.0,0.0
1994-01-24,26.56930253363603,26.692064987586825,26.48161506652832,26.48161506652832,373800,0.0,0.0,0.0
1994-01-25,26.499152559949863,26.516690053371406,26.429002586263696,26.48161506652832,310400,0.0,0.0,0.0
1994-01-26,26.481611662528316,26.5692991183645,26.44653668019384,26.551761627197266,145100,0.0,0.0,0.0
1994-01-27,26.60435943204071,26.832346691511066,26.56928446904527,26.797271728515625,344500,0.0,0.0,0.0
1994-01-28,26.90249897730257,26.955111426410728,26.86742401123047,26.86742401123047,356500,0.0,0.0,0.0
1994-01-31,26.972643945561703,27.112943784030165,26.937568985944587,27.060331344604492,313800,0.0,0.0,0.0
1994-02-01,27.025247809941295,27.025247809941295,26.884948015989618,26.92002296447754,303600,0.0,0.0,0.0
1994-02-02,27.00770677486284,27.095394134521484,26.99016930293111,27.095394134521484,307600,0.0,0.0,0.0
1994-02-03,27.04280046430769,27.04280046430769,26.884963107512117,26.9726505279541,466100,0.0,0.0,0.0
1994-02-04,26.97264903684655,27.007724003084324,26.358837127685547,26.358837127685547,1403200,0.0,0.0,0.0
1994-02-07,26.28870263889136,26.551765040214487,26.28870263889136,26.48161506652832,516400,0.0,0.0,0.0
1994-02-08,26.534203296461932,26.534203296461932,26.393903477313422,26.499128341674805,188200,0.0,0.0,0.0
1994-02-09,26.516675070232676,26.62189997130503,26.48160010320856,26.60436248779297,144600,0.0,0.0,0.0
1994-02-10,26.586834613313066,26.604372103163538,26.376384735107422,26.376384735107422,883900,0.0,0.0,0.0
1994-02-11,26.393909903059267,26.534209756364564,26.27114753141713,26.464059829711914,519400,0.0,0.0,0.0
1994-02-14,26.411440954706986,26.586815728642623,26.37636599991986,26.499128341674805,2742100,0.0,0.0,0.0
1994-02-15,26.551758812005932,26.65698374785272,26.51668383339034,26.639446258544922,374700,0.0,0.0,0.0
1994-02-16,26.67451109905017,26.67451109905017,26.56928620319593,26.621898651123047,287600,0.0,0.0,0.0
1994-02-17,26.744659536322512,26.762197017985674,26.393909903059267,26.464059829711914,342400,0.0,0.0,0.0
1994-02-18,26.48160925547282,26.49914674504598,26.23608440144857,26.30623435974121,313300,0.0,0.0,0.0
1994-02-22,26.376379716829103,26.569292068481445,26.376379716829103,26.569292068481445,154500,0.0,0.0,0.0
1994-02-23,26.604353206036187,26.62189068342975,26.411440954706986,26.499128341674805,391700,0.0,0.0,0.0
1994-02-24,26.411454014615035,26.411454014615035,26.13085423756733,26.148391723632812,770800,0.0,0.0,0.0
1994-02-25,26.1834593685033,26.271146774291992,26.130846925030085,26.271146774291992,531300,0.0,0.0,0.0
1994-02-28,26.341296698922946,26.4114466235539,26.271146774291992,26.271146774291992,333000,0.0,0.0,0.0
1994-03-01,26.27114705297966,26.323759497010997,26.025622314166768,26.165922164916992,423600,0.0,0.0,0.0
1994-03-02,25.832714942564447,26.20100212097168,25.762565003820214,26.20100212097168,581500,0.0,0.0,0.0
1994-03-03,26.16592289457385,26.16592289457385,26.060698003576903,26.130847930908203,223200,0.0,0.0,0.0
1994-03-04,26.130852182227446,26.271152059715913,26.04316475879715,26.20100212097168,595800,0.0,0.0,0.0
1994-03-07,26.288682801745704,26.376370202685482,26.288682801745704,26.34129524230957,539800,0.0,0.0,0.0
1994-03-08,26.358842576888794,26.358842576888794,26.201005196188863,26.236080169677734,880300,0.0,0.0,0.0
1994-03-09,26.271149712091116,26.37637461080443,26.148387330258913,26.358837127685547,2500100,0.0,0.0,0.0
1994-03-10,26.341304070353107,26.341304070353107,26.060704293305406,26.148391723632812,207400,0.0,0.0,0.0
1994-03-11,26.183471353949507,26.323771267433496,26.043171440465517,26.2886962890625,576600,0.0,0.0,0.0
1994-03-14,26.3939109156721,26.3939109156721,26.288686021656133,26.323760986328125,345900,0.0,0.0,0.0
1994-03-15,26.376384318033853,26.428996786753334,26.28869687016805,26.30623435974121,748600,0.0,0.0,0.0
1994-03-16,26.341289739760143,26.516664505004886,26.253602357137773,26.516664505004883,455500,0.0,0.0,0.0
1994-03-17,26.428977122382516,26.551739458053834,26.428977122382516,26.516664505004883,133000,0.0,0.0,0.0
1994-03-18,26.387422309109,26.54617017059428,26.369783657832855,26.510892868041992,365500,0.271,0.0,0.0
1994-03-21,26.422707107879866,26.493261733001038,26.369791139038984,26.440345764160156,324800,0.0,0.0,0.0
1994-03-22,26.440338262937424,26.56380882187042,26.387422309109,26.510892868041992,435700,0.0,0.0,0.0
1994-03-23,26.493244171142578,26.563798749494488,26.4756055265546,26.493244171142578,698500,0.0,0.0,0.0
1994-03-24,26.387424098834835,26.440340056252285,26.052289701857656,26.17576026916504,1200500,0.0,0.0,0.0
1994-03-25,26.19339559516128,26.26395019609101,25.928815841674805,25.928815841674805,100900,0.0,0.0,0.0
1994-03-28,25.964086532592773,25.999363824077275,25.734784137943517,25.964086532592773,1117200,0.0,0.0,0.0
1994-03-29,25.96410244566983,25.981741102222593,25.45258140563965,25.45258140563965,338400,0.0,0.0,0.0
1994-03-30,25.470221454462198,25.54077608452996,25.099809646606445,25.099809646606445,1123900,0.0,0.0,0.0
1994-03-31,25.09979643551052,25.223266973141282,24.570636988521542,25.170351028442383,788800,0.0,0.0,0.0
1994-04-04,24.464812810225844,24.852863193661292,24.464812810225844,24.78230857849121,2627300,0.0,0.0,0.0
1994-04-05,25.029230289379424,25.293809890747074,25.029230289379424,25.29380989074707,1179000,0.0,0.0,0.0
1994-04-06,25.329087170929427,25.3467258110206,25.117423489835307,25.29380989074707,516500,0.0,0.0,0.0
1994-04-07,25.27618245793911,25.47020758497144,25.13507327464287,25.41729164123535,666100,0.0,0.0,0.0
1994-04-08,25.364383457423923,25.364383457423923,25.0998036577985,25.22327423095703,242400,0.0,0.0,0.0
1994-04-11,25.29382235758152,25.434931547860913,25.232087086834284,25.329099655151367,203300,0.0,0.0,0.0
1994-04-12,25.35554513106619,25.399641731294132,25.240893970473543,25.29380989074707,1409200,0.0,0.0,0.0
1994-04-13,25.285011568280048,25.34674685986636,24.976335110348483,25.161540985107422,364100,0.0,0.0,0.0
1994-04-14,25.117435083743487,25.30264089018963,25.064519139044588,25.170351028442383,419900,0.0,0.0,0.0
1994-04-15,25.1615317043259,25.276182917840178,25.126254407859967,25.170351028442383,387300,0.0,0.0,0.0
1994-04-18,25.1968137105306,25.26736831665039,24.92341461181641,25.002788543701172,369100,0.0,0.0,0.0
1994-04-19,24.976329678504893,25.135077536630984,24.82640114583025,25.03806495666504,472200,0.0,0.0,0.0
1994-04-20,25.06452407890718,25.12625935988971,24.879318235959587,25.011608123779297,508000,0.0,0.0,0.0
1994-04-21,25.117428816103157,25.382008473576153,25.02923559694549,25.346731185913086,200300,0.0,0.0,0.0
1994-04-22,25.40846757613089,25.4261062207516,25.249719774544513,25.320274353027344,301800,0.0,0.0,0.0
1994-04-25,25.31145890718162,25.602496587995905,25.31145890718162,25.584857940673828,394600,0.0,0.0,0.0
1994-04-26,25.549589410496218,25.59368604392821,25.505492777064223,25.558408737182617,399000,0.0,0.0,0.0
1994-04-28,25.50548934538745,25.5407666473866,25.293825533392532,25.373199462890625,287000,0.0,0.0,0.0
1994-04-29,25.329110809770295,25.48785871874518,25.293833496664764,25.45258140563965,481900,0.0,0.0,0.0
1994-05-02,25.45256695471519,25.805339885480475,25.36437372202387,25.61131477355957,275000,0.0,0.0,0.0
1994-05-03,25.62013523531798,25.62895455897902,25.434929438436164,25.584857940673828,183400,0.0,0.0,0.0
1994-05-04,25.637778339465022,25.637778339465022,25.443753185193184,25.5407657623291,401900,0.0,0.0,0.0
1994-05-05,25.56724757145714,25.61134423853451,25.505512237548828,25.505512237548828,659800,0.0,0.0,0.0
1994-05-06,25.38201546269422,25.38201546269422,25.1703516784327,25.258544921875,216300,0.0,0.0,0.0
1994-05-09,25.18799348933968,25.258548092951276,24.993968329407792,25.03806495666504,499300,0.0,0.0,0.0
1994-05-10,25.16153158903205,25.31146009832527,25.14389294087991,25.232086181640625,583400,0.0,0.0,0.0
1994-05-11,25.205633036295573,25.24091033935547,24.93223393758138,25.002788543701172,210600,0.0,0.0,0.0
1994-05-12,25.161553343039476,25.188011338142566,25.06454069432814,25.12627601623535,305200,0.0,0.0,0.0
1994-05-13,25.196830669843596,25.196830669843596,25.00280537242093,25.12627601623535,321300,0.0,0.0,0.0
1994-05-16,25.179176969695508,25.258550907603478,25.126261011090193,25.135080337524414,450400,0.0,0.0,0.0
1994-05-17,25.152738900929897,25.505512237548828,25.117461567268002,25.505512237548828,470200,0.0,0.0,0.0
1994-05-18,25.523110572718036,25.787690157093135,25.408459419488825,25.690677642822266,824800,0.0,0.0,0.0
1994-05-19,25.637782398246035,25.884723542776783,25.637782398246035,25.81416893005371,531000,0.0,0.0,0.0
1994-05-20,25.770069502999263,25.787708154267573,25.68187624665772,25.717153549194336,370400,0.0,0.0,0.0
1994-05-23,25.69068857322072,25.69950789645217,25.593676017674742,25.673049926757812,262700,0.0,0.0,0.0
1994-05-24,25.743613304767223,25.875903198419678,25.743613304767223,25.77889060974121,549600,0.0,0.0,0.0
1994-05-25,25.681868668669768,25.86707445233806,25.593675438351532,25.849435806274414,738200,0.0,0.0,0.0
1994-05-26,25.840622713002496,25.92881596458271,25.814164737528433,25.867080688476562,369600,0.0,0.0,0.0
1994-05-27,25.822973412453965,25.89352798461914,25.778876804850732,25.89352798461914,162000,0.0,0.0,0.0
1994-05-31,25.814170195331027,25.911182792580306,25.770073560217718,25.858266830444336,160000,0.0,0.0,0.0
1994-06-01,25.796534808665662,25.972921371459957,25.71716085540823,25.97292137145996,200500,0.0,0.0,0.0
1994-06-02,25.990551628278762,25.990551628278762,25.902358375383347,25.946455001831055,55100,0.0,0.0,0.0
1994-06-03,25.96410175721844,26.18458495828178,25.88472780483564,26.096391677856445,550400,0.0,0.0,0.0
1994-06-06,26.149303569755013,26.22867750976439,26.06992962974564,26.087568283081055,99300,0.0,0.0,0.0
1994-06-07,26.043463009632188,26.087559628341353,25.981727743439357,26.052282333374023,120600,0.0,0.0,0.0
1994-06-08,26.114011382405668,26.114011382405668,25.84061241149902,25.840612411499023,131900,0.0,0.0,0.0
1994-06-09,25.955269629018126,25.981727600097656,25.90235368685907,25.981727600097656,80500,0.0,0.0,0.0
1994-06-10,26.008200194624795,26.07875482384046,26.008200194624795,26.02583885192871,83100,0.0,0.0,0.0
1994-06-13,25.99055683374808,26.069930777251216,25.981737506692177,26.061111450195312,109700,0.0,0.0,0.0
1994-06-14,26.14048549070544,26.272775397034923,26.14048549070544,26.26395606994629,161000,0.0,0.0,0.0
1994-06-15,26.272770432146192,26.281589757568195,26.14048055081615,26.158119201660156,142800,0.0,0.0,0.0
1994-06-16,26.158116919516235,26.228671516736778,26.13165894555853,26.21103286743164,44000,0.0,0.0,0.0
1994-06-17,26.224515565409646,26.251148451901262,26.029207731137806,26.06471824645996,403800,0.305,0.0,0.0
1994-06-20,25.878297316991187,25.92268547705464,25.81615389290236,25.84278678894043,137400,0.0,0.0,0.0
1994-06-21,25.825025561776165,25.825025561776165,25.514308513078273,25.620840072631836,139200,0.0,0.0,0.0
1994-06-22,25.69187105183442,25.807280285999536,25.66523815164247,25.718503952026367,279900,0.0,0.0,0.0
1994-06-23,25.762914073467254,25.79842463731766,25.532095408439638,25.56760597229004,922500,0.0,0.0,0.0
1994-06-24,25.44330046227638,25.44330046227638,24.999418737533247,25.034929275512695,353800,0.0,0.0,0.0
1994-06-27,25.132591866499542,25.46994209289551,25.00830494098524,25.469942092895508,371200,0.0,0.0,0.0
1994-06-28,25.47880466681646,25.47880466681646,25.14145463986906,25.345640182495117,5382300,0.0,0.0,0.0
1994-06-29,25.381160375126246,25.576468359824663,25.354527468121915,25.425548553466797,311800,0.0,0.0,0.0
1994-06-30,25.469934580783484,25.478812215701847,25.176972628477504,25.265748977661133,271900,0.0,0.0,0.0
1994-07-01,25.39001936999478,25.39001936999478,25.21246678698782,25.318998336791992,406900,0.0,0.0,0.0
1994-07-05,25.372265031040858,25.48767421417715,25.292366365792653,25.452163696289062,112000,0.0,0.0,0.0
1994-07-06,25.354499760933205,25.461031272533763,25.26572350126607,25.416643142700195,174800,0.0,0.0,0.0
1994-07-07,25.416675065413763,25.52320671081543,25.390042154063348,25.52320671081543,66700,0.0,0.0,0.0
1994-07-08,25.36339490581239,25.558702811982453,25.35451727371375,25.514314651489258,148400,0.0,0.0,0.0
1994-07-11,25.532080181484115,25.576468359824663,25.301261654113258,25.425548553466797,124000,0.0,0.0,0.0
1994-07-12,25.434420946751676,25.469931482104908,25.292378805338753,25.4610538482666,257300,0.0,0.0,0.0
1994-07-13,25.469934940172163,25.585344195739342,25.469934940172163,25.50544548034668,532700,0.0,0.0,0.0
1994-07-14,25.629725614526713,25.833911166703405,25.611970349120043,25.7806453704834,494200,0.0,0.0,0.0
1994-07-15,25.762894989906613,25.842793699385993,25.754017355520016,25.789527893066406,49100,0.0,0.0,0.0
1994-07-18,25.789529443196823,25.89606106223929,25.789529443196823,25.83391761779785,72300,0.0,0.0,0.0
1994-07-19,25.878299330220077,25.887176962923412,25.7806453704834,25.7806453704834,609500,0.0,0.0,0.0
1994-07-20,25.798388503241895,25.798388503241895,25.603080675619278,25.665224075317383,185300,0.0,0.0,0.0
1994-07-21,25.66523815164247,25.736259218821,25.61197235125857,25.718503952026367,86300,0.0,0.0,0.0
1994-07-22,25.78065276195229,25.7984080324495,25.70963167996344,25.762897491455078,151600,0.0,0.0,0.0
1994-07-25,25.771773696684132,25.825039505220165,25.745140792416116,25.79840660095215,120900,0.0,0.0,0.0
1994-07-26,25.78952383592627,25.807279101906254,25.74513567097631,25.77176856994629,489600,0.0,0.0,0.0
1994-07-27,25.771768569946286,25.771768569946286,25.665236974066385,25.77176856994629,83200,0.0,0.0,0.0
1994-07-28,25.77177500601854,25.89606189891701,25.77177500601854,25.825040817260742,828200,0.0,0.0,0.0
1994-07-29,26.002586503674824,26.162383894274395,25.993708870863735,26.08248519897461,459100,0.0,0.0,0.0
1994-08-01,26.10023645850701,26.224523298785616,26.073603564161594,26.206768035888672,486300,0.0,0.0,0.0
1994-08-02,26.295550576082263,26.348816377384253,26.15350843927696,26.242284774780273,505500,0.0,0.0,0.0
1994-08-03,26.233408214838715,26.26891875049332,26.18902004527046,26.251163482666016,144100,0.0,0.0,0.0
1994-08-04,26.23340328372255,26.26003618045729,26.091361167803914,26.100238800048828,231700,0.0,0.0,0.0
1994-08-05,25.967065482416253,26.046964145439073,25.940432594741978,26.01145362854004,138400,0.0,0.0,0.0
1994-08-08,26.038090247055848,26.100233660533306,26.011457355565508,26.07360076904297,328600,0.0,0.0,0.0
1994-08-09,25.975954088201984,26.117996215820316,25.975954088201984,26.117996215820312,105900,0.0,0.0,0.0
1994-08-10,26.135751860528487,26.242283457786076,26.10024132810929,26.21565055847168,840300,0.0,0.0,0.0
1994-08-11,26.153506747724897,26.26891597641479,25.984831721178132,26.117996215820312,876200,0.0,0.0,0.0
1994-08-12,26.1623937873776,26.331068874571415,26.1623937873776,26.32219123840332,184100,0.0,0.0,0.0
1994-08-15,26.34880779436243,26.410951208971774,26.313297271728516,26.313297271728516,325900,0.0,0.0,0.0
1994-08-16,26.33106174437045,26.52636968718102,26.22453013920105,26.499736785888672,1089500,0.0,0.0,0.0
1994-08-17,26.535231790085426,26.55298704722165,26.464210761540535,26.481966018676758,133700,0.0,0.0,0.0
1994-08-18,26.39319801330566,26.45534143277863,26.366565119245816,26.393198013305664,620000,0.0,0.0,0.0
1994-08-19,26.402086854342137,26.428719759709665,26.313310503117044,26.37545394897461,103200,0.0,0.0,0.0
1994-08-22,26.38432263171255,26.38432263171255,26.295546310609883,26.348812103271484,79700,0.0,0.0,0.0
1994-08-23,26.4642262508322,26.624023658586307,26.428715715775734,26.499736785888672,268600,0.0,0.0,0.0
1994-08-24,26.526362170357555,26.7838134765625,26.51748453910911,26.7838134765625,254700,0.0,0.0,0.0
1994-08-25,26.75717959747872,26.819323013929402,26.641770395498888,26.712791442871094,147400,0.0,0.0,0.0
1994-08-26,26.774924077025247,27.147784425577985,26.774924077025247,27.094518661499023,339500,0.0,0.0,0.0
1994-08-29,27.16555664812932,27.263210609936323,27.06790268632232,27.076780319213867,350300,0.0,0.0,0.0
1994-08-30,27.067888440143992,27.192175235211888,27.03237792726745,27.14778709411621,36000,0.0,0.0,0.0
1994-08-31,27.1034132178885,27.20994481258705,27.041269787647686,27.076780319213867,356200,0.0,0.0,0.0
1994-09-01,26.988000869750973,27.005756133481075,26.890346919235427,26.988000869750977,294600,0.0,0.0,0.0
1994-09-02,27.112287073352764,27.112287073352764,26.828202860403422,26.872591018676758,99600,0.0,0.0,0.0
1994-09-06,26.854833019614375,26.90809880411609,26.774934342861805,26.881465911865234,229800,0.0,0.0,0.0
1994-09-07,26.943619480605953,26.943619480605953,26.828210237361183,26.854843139648438,27900,0.0,0.0,0.0
1994-09-08,26.90810218296553,27.023511397211173,26.899224551100477,26.988000869750977,284800,0.0,0.0,0.0
1994-09-09,26.7216756305796,26.774941429178764,26.597388767181556,26.703920364379883,488400,0.0,0.0,0.0
1994-09-12,26.70392214071357,26.739432675475157,26.579635269048012,26.6240234375,129400,0.0,0.0,0.0
1994-09-13,26.6772874650803,26.774941429178764,26.624021666481138,26.703920364379883,389200,0.0,0.0,0.0
1994-09-14,26.615152941158705,26.76607275436741,26.615152941158705,26.730562210083008,423500,0.0,0.0,0.0
1994-09-15,26.80157263515894,27.067901611328125,26.80157263515894,27.067901611328125,779800,0.0,0.0,0.0
1994-09-16,26.866333494633288,26.946718136073347,26.777017226366556,26.87526512145996,571300,0.288,0.0,0.0
1994-09-19,26.937797521056726,27.053908717268175,26.875276107712097,26.902070999145508,167300,0.0,0.0,0.0
1994-09-20,26.7591640620869,26.785958952669763,26.39296722412109,26.392967224121094,355600,0.0,0.0,0.0
1994-09-21,26.473351895869683,26.473351895869683,26.142881578681028,26.392967224121094,397500,0.0,0.0,0.0
1994-09-22,26.455466071171546,26.455466071171546,26.303628487373466,26.33042335510254,266400,0.0,0.0,0.0
1994-09-23,26.33936727899041,26.392957039476656,26.196461251027085,26.241119384765625,176600,0.0,0.0,0.0
1994-09-26,26.339370763063677,26.392960530638575,26.285780995488775,26.375097274780273,223000,0.0,0.0,0.0
1994-09-27,26.375103937250525,26.446556978733085,26.294719265582643,26.357240676879883,479500,0.0,0.0,0.0
1994-09-28,26.50013882470917,26.59838672732858,26.482275569687456,26.562660217285156,324000,0.0,0.0,0.0
1994-09-29,26.56264713721809,26.56264713721809,26.3482881825129,26.428672790527344,195900,0.0,0.0,0.0
1994-09-30,26.419762114703957,26.544804937423987,26.39296722412109,26.392967224121094,5200,0.0,0.0,0.0
1994-10-03,26.41080795828976,26.437602826018832,26.28576524222075,26.33042335510254,72600,0.0,0.0,0.0
1994-10-04,26.464408731329208,26.464408731329208,25.919579526938023,25.937442779541016,84200,0.0,0.0,0.0
1994-10-05,25.89277942414538,25.946369171142578,25.723078558654258,25.946369171142578,461900,0.0,0.0,0.0
1994-10-06,25.964228001088728,25.982091247047506,25.821322033418475,25.86598014831543,345200,0.0,0.0,0.0
1994-10-07,25.865997891444113,26.05356210267351,25.83920300412563,25.98210906982422,188700,0.0,0.0,0.0
1994-10-10,26.098223802994706,26.30365130041732,26.089292172671986,26.25899314880371,213600,0.0,0.0,0.0
1994-10-11,26.37509330028503,26.72342673703109,26.37509330028503,26.651973724365234,461400,0.0,0.0,0.0
1994-10-12,26.68770790100098,26.72343441760205,26.6251864969491,26.687707901000977,162400,0.0,0.0,0.0
1994-10-13,26.99136702707404,27.053888393450453,26.75021318533645,26.777008056640625,1564500,0.0,0.0,0.0
1994-10-14,26.866347805442544,26.90207433177957,26.68771517375742,26.893142700195312,72800,0.0,0.0,0.0
1994-10-17,26.866321999142055,26.90204849116219,26.81273226111185,26.839527130126953,282300,0.0,0.0,0.0
1994-10-18,26.81273455171286,26.81273455171286,26.687691818960037,26.777008056640625,132100,0.0,0.0,0.0
1994-10-19,26.67878023720041,27.000318934401353,26.669848606722606,26.902070999145508,136700,0.0,0.0,0.0
1994-10-20,26.902063191255785,26.902063191255785,26.643045982575035,26.723430633544922,290300,0.0,0.0,0.0
1994-10-21,26.651977503219705,26.687704014618124,26.50013982977643,26.61625099182129,87800,0.0,0.0,0.0
1994-10-24,26.62518960917258,26.732369171504036,26.384035593926804,26.392967224121094,149600,0.0,0.0,0.0
1994-10-25,26.303648568231402,26.47334952673612,26.294716938836416,26.41975975036621,91800,0.0,0.0,0.0
1994-10-26,26.518003463745117,26.54479834767615,26.392960672066963,26.518003463745117,201000,0.0,0.0,0.0
1994-10-27,26.616256287315835,26.67877769470215,26.553734879929525,26.67877769470215,210300,0.0,0.0,0.0
1994-10-28,26.73235809013492,27.26825567964648,26.73235809013492,27.2414608001709,192100,0.0,0.0,0.0
1994-10-31,27.17894168839952,27.20573657011664,27.134283552204316,27.14321517944336,36300,0.0,0.0,0.0
1994-11-01,27.027091213232666,27.027091213232666,26.83059550712192,26.839527130126953,435200,0.0,0.0,0.0
1994-11-02,26.759160934203123,27.00031492126036,26.68770790100098,26.687707901000977,115600,0.0,0.0,0.0
1994-11-03,26.77702431481942,26.87527223592116,26.74129779805515,26.83061408996582,87000,0.0,0.0,0.0
1994-11-04,26.95565902298257,26.95565902298257,26.48228263854981,26.482282638549805,124400,0.0,0.0,0.0
1994-11-07,26.544796962263447,26.634113237372006,26.4733439421766,26.562660217285156,115000,0.0,0.0,0.0
1994-11-08,26.651983826885154,26.857411316167443,26.607325677041175,26.768095016479492,308300,0.0,0.0,0.0
1994-11-09,27.053913464631975,27.053913464631975,26.580536966241255,26.812759399414062,318500,0.0,0.0,0.0
1994-11-10,26.83061054975784,26.884200317833255,26.60731984944361,26.62518310546875,172100,0.0,0.0,0.0
1994-11-11,26.58945123884413,26.616246117485893,26.45547684563531,26.52692985534668,302200,0.0,0.0,0.0
1994-11-14,26.643033700119744,26.785939680408685,26.643033700119744,26.777008056640625,181400,0.0,0.0,0.0
1994-11-15,26.750229305052855,26.91993025890795,26.482280430544815,26.687707901000977,316900,0.0,0.0,0.0
1994-11-16,26.732349937800333,26.777008056640625,26.643033700119744,26.777008056640625,106900,0.0,0.0,0.0
1994-11-17,26.794894098675115,26.794894098675115,26.491218632223465,26.598398208618164,104700,0.0,0.0,0.0
1994-11-18,26.60731835483944,26.651976492393718,26.446549059644035,26.562660217285156,269300,0.0,0.0,0.0
1994-11-21,26.544786090436187,26.62517070511113,26.294700622558594,26.294700622558594,283100,0.0,0.0,0.0
1994-11-22,26.196471340126458,26.294719272189667,25.723094940185543,25.723094940185547,483600,0.0,0.0,0.0
1994-11-23,25.74093742660396,25.87491177129482,25.49978360616041,25.86598014831543,601600,0.0,0.0,0.0
1994-11-25,25.883857833233076,26.026763880621527,25.883857833233076,25.991037368774414,77300,0.0,0.0,0.0
1994-11-28,25.982106329845806,26.116080752309774,25.91958493269595,26.107149124145508,79900,0.0,0.0,0.0
1994-11-29,26.09821319580078,26.151802955956427,26.008896928874698,26.09821319580078,105500,0.0,0.0,0.0
1994-11-30,26.232187555455603,26.267914062170558,26.062486648559567,26.06248664855957,218800,0.0,0.0,0.0
1994-12-01,26.089282677882515,26.089282677882515,25.749880849139092,25.803470611572266,439000,0.0,0.0,0.0
1994-12-02,25.74988629494184,26.04463005065918,25.74988629494184,26.04463005065918,318500,0.0,0.0,0.0
1994-12-05,26.098215552052636,26.187531827042548,26.008899277062724,26.071420669555664,139200,0.0,0.0,0.0
1994-12-06,25.973168038456702,26.09821080067761,25.928509909092096,26.089279174804688,249900,0.0,0.0,0.0
1994-12-07,25.928503473873796,26.008888086779365,25.87491373193675,25.901708602905273,531900,0.0,0.0,0.0
1994-12-08,26.00889544898753,26.04462195372515,25.58017739213609,25.651630401611328,261500,0.0,0.0,0.0
1994-12-09,25.651643343530843,25.76775454250922,25.54446377524311,25.74989128112793,235900,0.0,0.0,0.0
1994-12-12,25.69630303044388,25.919593811035156,25.69630303044388,25.919593811035156,151100,0.0,0.0,0.0
1994-12-13,25.901722539711198,26.02676533817877,25.901722539711198,26.017833709716797,70900,0.0,0.0,0.0
1994-12-14,25.982103056594973,26.267915121844556,25.982103056594973,26.151803970336914,203300,0.0,0.0,0.0
1994-12-15,26.187527234107,26.312569997162083,26.187527234107,26.23218536376953,130100,0.0,0.0,0.0
1994-12-16,26.31529541093795,26.414326628700632,26.288286897002674,26.360309600830078,266100,0.363,0.0,0.0
1994-12-19,26.36031280142874,26.414329835857895,26.279287249785003,26.396324157714844,1120200,0.0,0.0,0.0
1994-12-20,26.42334172303979,26.441347407348506,26.3153076171875,26.3153076171875,675600,0.0,0.0,0.0
1994-12-21,26.33331982606799,26.657422223927288,26.33331982606799,26.594402313232422,544500,0.0,0.0,0.0
1994-12-22,26.594386528546213,26.621395045670667,26.486352460048394,26.51336097717285,222000,0.0,0.0,0.0
1994-12-23,26.495343414705193,26.603377434744765,26.495343414705193,26.54035758972168,125800,0.0,0.0,0.0
1994-12-27,26.630402588168618,26.738436675747394,26.612396906905488,26.684419631958008,95200,0.0,0.0,0.0
1994-12-28,26.711432413312693,26.711432413312693,26.486361361633282,26.549381256103516,358200,0.0,0.0,0.0
1994-12-29,26.648414118012827,26.648414118012827,26.540380006723588,26.5673885345459,220100,0.0,0.0,0.0
1994-12-30,26.62140536210174,26.648413889692645,26.252288818359375,26.252288818359375,2209500,0.0,0.0,0.0
1995-01-03,26.33329887845817,26.41432441346881,26.324296041234767,26.378313064575195,324300,0.0,0.0,0.0
1995-01-04,26.495357359233108,26.50436019897461,26.360314763110615,26.50436019897461,351800,0.0,0.0,0.0
1995-01-05,26.522365878457606,26.567380077165105,26.477351679750107,26.50436019897461,89800,0.0,0.0,0.0
1995-01-06,26.558386320820247,26.64841474902642,26.450352206972845,26.5313777923584,448400,0.0,0.0,0.0
1995-01-09,26.522357335494736,26.558368682861328,26.50435166181144,26.558368682861328,36800,0.0,0.0,0.0
1995-01-10,26.621401455779417,26.72943555029053,26.58539009094238,26.585390090942383,229800,0.0,0.0,0.0
1995-01-11,26.675429665941472,26.675429665941472,26.396341471663987,26.60340690612793,222400,0.0,0.0,0.0
1995-01-12,26.57638678337789,26.63040382968557,26.52236973707021,26.612398147583008,40300,0.0,0.0,0.0
1995-01-13,26.756436301090773,26.927490234375,26.720424946715145,26.927490234375,170600,0.0,0.0,0.0
1995-01-16,26.918492239549256,27.098549043827177,26.918492239549256,27.08954620361328,105100,0.0,0.0,0.0
1995-01-17,27.035534716761394,27.116560295333105,26.999523348507296,27.098554611206055,89500,0.0,0.0,0.0
1995-01-18,27.0805436728363,27.125557874420135,27.00852095030216,27.07154083251953,84500,0.0,0.0,0.0
1995-01-19,26.981509331157774,27.008517849006783,26.900483777610756,26.918489456176758,139100,0.0,0.0,0.0
1995-01-20,26.88247979411586,26.891482633966536,26.765442876057083,26.819459915161133,78700,0.0,0.0,0.0
1995-01-23,26.63939985405489,26.900482177734375,26.621394176559754,26.900482177734375,53700,0.0,0.0,0.0
1995-01-24,26.891486343852975,26.936500549316406,26.873480661667603,26.936500549316406,32400,0.0,0.0,0.0
1995-01-25,26.801456698099773,27.107553281148277,26.801456698099773,27.008522033691406,15700,0.0,0.0,0.0
1995-01-26,26.99051588771743,27.071541452423716,26.9364988445799,27.03553009033203,9800,0.0,0.0,0.0
1995-01-27,27.215581211324157,27.215581211324157,27.03552443850693,27.143558502197266,91200,0.0,0.0,0.0
1995-01-30,27.089556847787716,27.1075625352904,26.990525566522955,27.02653694152832,26600,0.0,0.0,0.0
1995-01-31,27.080542591603766,27.17957383113423,27.03552839181719,27.134559631347656,127500,0.0,0.0,0.0
1995-02-01,27.170569235329765,27.269600468460524,27.080540841574532,27.12555503845215,380200,0.0,0.0,0.0
1995-02-02,27.1165608198719,27.28761482238769,27.1165608198719,27.287614822387695,131700,0.0,0.0,0.0
1995-02-03,27.45866024734606,27.719742590681484,27.413646050219263,27.674728393554688,405100,0.0,0.0,0.0
1995-02-06,27.66572356278123,27.87278885466017,27.6387150464492,27.791763305664062,405400,0.0,0.0,0.0
1995-02-07,27.836774978464916,27.836774978464916,27.737743760883053,27.82777214050293,702900,0.0,0.0,0.0
1995-02-08,27.79176078865498,27.92680335808479,27.773755112731003,27.82777214050293,521500,0.0,0.0,0.0
1995-02-09,27.78275795069299,27.827772140502926,27.728740922921066,27.82777214050293,390700,0.0,0.0,0.0
1995-02-10,27.791773497499825,27.863796234130856,27.710747918789913,27.86379623413086,148300,0.0,0.0,0.0
1995-02-13,27.845796110094057,27.92682170498279,27.845796110094057,27.872804641723633,79700,0.0,0.0,0.0
1995-02-14,27.962820979702858,27.962820979702858,27.800769860052295,27.908803939819336,170200,0.0,0.0,0.0
1995-02-15,27.908814607387097,28.09787431924359,27.881806077121883,28.06186294555664,431500,0.0,0.0,0.0
1995-02-16,28.025846481323242,28.05285500668269,27.94482090524489,28.025846481323242,99300,0.0,0.0,0.0
1995-02-17,27.998834097627594,28.016839778719316,27.908805692168983,27.917808532714844,49100,0.0,0.0,0.0
1995-02-21,27.917806779799925,27.962820979702858,27.89980109983875,27.908803939819336,168000,0.0,0.0,0.0
1995-02-22,27.935814615934277,28.115871429443363,27.91780893458337,28.11587142944336,386400,0.0,0.0,0.0
1995-02-23,28.22390474017014,28.322935984872494,28.15188201675025,28.160884857177734,402800,0.0,0.0,0.0
1995-02-24,28.196885456844253,28.241899641800902,28.124862760913615,28.23289680480957,307600,0.0,0.0,0.0
1995-02-27,28.15188082894571,28.2329063893744,27.962821187945437,28.007835388183594,280900,0.0,0.0,0.0
1995-02-28,27.980836116169378,28.241918563842773,27.980836116169378,28.241918563842773,493500,0.0,0.0,0.0
1995-03-01,28.21491128372618,28.25092265741313,28.034854415291427,28.06186294555664,242600,0.0,0.0,0.0
1995-03-02,28.05285756735418,28.097871780395508,27.971831983879795,28.097871780395508,488600,0.0,0.0,0.0
1995-03-03,28.007826092150026,28.106857299804688,27.93580339567391,28.106857299804688,290000,0.0,0.0,0.0
1995-03-06,27.917803100678743,28.124868392944336,27.881791745502117,28.124868392944336,85700,0.0,0.0,0.0
1995-03-07,28.025840859566966,28.088860739431073,27.78276418009112,27.908803939819336,180900,0.0,0.0,0.0
1995-03-08,27.9538226219678,28.016842511936808,27.854791366302212,27.980831146240234,155900,0.0,0.0,0.0
1995-03-09,27.971828460693356,27.9988369851163,27.899805728898844,27.97182846069336,63500,0.0,0.0,0.0
1995-03-10,27.998843079629566,28.457988094761756,27.96283170589371,28.38596534729004,192100,0.0,0.0,0.0
1995-03-13,28.36794487060062,28.457973258003353,28.33193351563953,28.35894203186035,261300,0.0,0.0,0.0
1995-03-14,28.439981163017688,28.602032337735736,28.439981163017688,28.566020965576172,223300,0.0,0.0,0.0
1995-03-15,28.52099624792785,28.566010446551477,28.40395933150643,28.511993408203125,278500,0.0,0.0,0.0
1995-03-16,28.484981979877784,28.701050111204292,28.484981979877784,28.68304443359375,20400,0.0,0.0,0.0
1995-03-17,28.639175326045493,28.747794195802935,28.62107218108592,28.71158790588379,89900,0.268,0.0,0.0
1995-03-20,28.747794195802935,28.747794195802935,28.657278471005068,28.71158790588379,91700,0.0,0.0,0.0
1995-03-21,28.711584170759853,28.892615596804998,28.59391374383051,28.639171600341797,104400,0.0,0.0,0.0
1995-03-22,28.693465963688265,28.693465963688265,28.575795598537493,28.666311264038086,74900,0.0,0.0,0.0
1995-03-23,28.63012164517057,28.76589522236866,28.593915357917744,28.684431076049805,220500,0.0,0.0,0.0
1995-03-24,28.774957412358912,29.091762542724613,28.774957412358912,29.09176254272461,134000,0.0,0.0,0.0
1995-03-27,29.13699907291626,29.209411621093746,29.064586524738775,29.20941162109375,132100,0.0,0.0,0.0
1995-03-28,29.13699907291626,29.209411621093746,29.100792798827516,29.20941162109375,121900,0.0,0.0,0.0
1995-03-29,29.182260020209334,29.480961813220162,29.037434908446507,29.200363159179688,246100,0.0,0.0,0.0
1995-03-30,29.26373712113185,29.26373712113185,29.028396210166978,29.146066665649414,298400,0.0,0.0,0.0
1995-03-31,28.919749219803414,29.064574255019956,28.702511666978598,29.02836799621582,541300,0.0,0.0,0.0
1995-04-03,29.019339228937078,29.100803375244137,29.001236085313288,29.10080337524414,193300,0.0,0.0,0.0
1995-04-04,29.109845014084105,29.2908763885498,29.109845014084105,29.290876388549805,66900,0.0,0.0,0.0
1995-04-05,29.22751540748681,29.318031094719657,29.20941227004024,29.290876388549805,107200,0.0,0.0,0.0
1995-04-06,29.363305042529927,29.42666605834303,29.30899560040441,29.399511337280273,352500,0.0,0.0,0.0
1995-04-07,29.462858758464982,29.462858758464982,29.236569520688754,29.372343063354492,361400,0.0,0.0,0.0
1995-04-10,29.327079939570876,29.426647186279293,29.30897680380571,29.426647186279297,285400,0.0,0.0,0.0
1995-04-11,29.49908833974673,29.508139916408208,29.30900522985576,29.32710838317871,250300,0.0,0.0,0.0
1995-04-12,29.37233777898379,29.426647186279293,29.318028371688293,29.426647186279297,150900,0.0,0.0,0.0
1995-04-13,29.48096930386277,29.59863973706824,29.4628661602927,29.589588165283203,243400,0.0,0.0,0.0
1995-04-17,29.698201209435098,29.725355919471156,29.32708683894231,29.4176025390625,178900,0.0,0.0,0.0
1995-04-18,29.44475327409613,29.44475327409613,29.245618760714603,29.318031311035156,329500,0.0,0.0,0.0
1995-04-19,29.318031094719657,29.38139207578265,29.13699972025396,29.290876388549805,223000,0.0,0.0,0.0
1995-04-20,29.37233259265197,29.41759042407362,29.21845596581835,29.33612632751465,207900,0.0,0.0,0.0
1995-04-21,29.345183510995547,29.49000859926696,29.345183510995547,29.48095703125,145000,0.0,0.0,0.0
1995-04-24,29.462857884593728,29.824920654296875,29.462857884593728,29.824920654296875,169000,0.0,0.0,0.0
1995-04-25,29.779686988742338,29.824944871703952,29.725377529188403,29.743480682373047,293200,0.0,0.0,0.0
1995-04-26,29.689135274542036,29.78870249649934,29.61672274948218,29.770599365234375,204400,0.0,0.0,0.0
1995-04-27,29.725356701615723,29.861130255368536,29.70725356111535,29.843027114868164,502200,0.0,0.0,0.0
1995-04-28,29.833954319529358,29.933521521445265,29.643871479508086,29.888263702392578,130800,0.0,0.0,0.0
1995-05-01,29.86112933559979,29.92449032539949,29.80681991577148,29.806819915771484,518700,0.0,0.0,0.0
1995-05-02,29.83395861076586,29.915422696778265,29.77059765497843,29.87016487121582,228400,0.0,0.0,0.0
1995-05-03,29.969743712676618,30.286548614501953,29.969743712676618,30.286548614501953,724700,0.0,0.0,0.0
1995-05-04,30.322749648938338,30.5218841242448,30.196027710106954,30.26844024658203,311400,0.0,0.0,0.0
1995-05-05,30.39517659055972,30.39517659055972,30.168887306830126,30.232248306274414,314900,0.0,0.0,0.0
1995-05-08,30.205091462265724,30.549051149279837,30.177936750133032,30.44948387145996,183100,0.0,0.0,0.0
1995-05-09,30.576213317980052,30.61241960965321,30.377078713777696,30.42233657836914,180600,0.0,0.0,0.0
1995-05-10,30.503788272126467,30.512839841346683,30.31370531850194,30.45853042602539,330300,0.0,0.0,0.0
1995-05-11,30.503785105661734,30.53999137878418,30.404217854575002,30.53999137878418,351700,0.0,0.0,0.0
1995-05-12,30.42232809812537,30.630514217213996,30.41327652773021,30.558101654052734,94600,0.0,0.0,0.0
1995-05-15,30.639565643274562,30.702926635742188,30.576204650806933,30.702926635742188,147200,0.0,0.0,0.0
1995-05-16,30.69387838232145,30.793445666958885,30.639568954337395,30.721033096313477,221600,0.0,0.0,0.0
1995-05-17,30.72103538050591,30.730086952509595,30.576210228446953,30.603364944458008,189200,0.0,0.0,0.0
1995-05-18,30.549051452513076,30.567154594114566,30.15983390808106,30.159833908081055,577800,0.0,0.0,0.0
1995-05-19,30.11460030286271,30.232270818022677,30.069342412416567,30.177961349487305,363900,0.0,0.0,0.0
1995-05-22,30.27748243421873,30.558080926135254,30.259379305707984,30.5128231048584,216000,0.0,0.0,0.0
1995-05-23,30.567160091142245,30.79344940185547,30.476644366856956,30.79344940185547,136800,0.0,0.0,0.0
1995-05-24,30.847744041891662,30.94731129085317,30.585248567356786,30.775331497192383,370800,0.0,0.0,0.0
1995-05-25,30.68481033352099,30.829635397042033,30.539985269999946,30.802480697631836,379900,0.0,0.0,0.0
1995-05-26,30.684824709943303,30.6938762806542,30.33181345221829,30.44948387145996,518600,0.0,0.0,0.0
1995-05-30,30.521886167092372,30.603350276079272,30.340854813788148,30.44042205810547,61500,0.0,0.0,0.0
1995-05-31,30.386101495757796,31.074020385742188,30.386101495757796,31.074020385742188,564500,0.0,0.0,0.0
1995-06-01,30.938267177510486,31.227917426100404,30.847751474826136,30.992576599121094,810100,0.0,0.0,0.0
1995-06-02,30.865858621767046,31.236973050943718,30.757239764447043,31.01973533630371,112900,0.0,0.0,0.0
1995-06-05,31.019719722929246,31.309369863324267,30.992565022267215,31.209802627563477,257200,0.0,0.0,0.0
1995-06-06,31.182672300011802,31.29129118755901,31.155517578125,31.155517578125,165800,0.0,0.0,0.0
1995-06-07,31.09214387207388,31.11024701261075,30.956370318047355,30.992576599121094,41900,0.0,0.0,0.0
1995-06-08,30.983517455272988,31.074033135831776,30.920156478881836,30.920156478881836,141100,0.0,0.0,0.0
1995-06-09,30.856796594334437,30.893002867839083,30.55809483792111,30.739126205444336,304900,0.0,0.0,0.0
1995-06-12,30.838703076766144,31.037837643155594,30.820599934367102,30.911115646362305,378500,0.0,0.0,0.0
1995-06-13,31.055940186576798,31.26412632015047,31.02878547350197,31.246023178100586,120000,0.0,0.0,0.0
1995-06-14,31.20076130120158,31.255070720350755,31.101194032761423,31.21886444091797,389400,0.0,0.0,0.0
1995-06-15,31.264106235107704,31.417982843676562,31.209796843848107,31.35462188720703,274500,0.0,0.0,0.0
1995-06-16,31.292956333458598,31.44773674011231,31.292956333458598,31.447736740112305,325100,0.316,0.0,0.0
1995-06-19,31.538783049672166,31.821029664724083,31.52057359063656,31.802820205688477,134600,0.0,0.0,0.0
1995-06-20,31.711758616871183,31.82101532183887,31.693549166043233,31.720863342285156,287800,0.0,0.0,0.0
1995-06-21,31.82102680206299,31.84834098815918,31.702665328979492,31.702665328979492,158200,0.0,0.0,0.0
1995-06-22,31.83923247828235,32.13968848965877,31.83923247828235,32.12147903442383,297000,0.0,0.0,0.0
1995-06-23,32.04863453209315,32.06684398353184,31.957587274899705,32.0577392578125,315400,0.0,0.0,0.0
1995-06-26,31.966676475193758,32.0213048029782,31.675325393676754,31.675325393676758,132900,0.0,0.0,0.0
1995-06-27,31.666252146118797,31.875660944094857,31.593414303344517,31.611623764038086,127700,0.0,0.0,0.0
1995-06-28,31.61161424696958,31.90296553035179,31.511462243306948,31.77549934387207,212600,0.0,0.0,0.0
1995-06-29,31.775491694769002,31.857434223494767,31.502349932349784,31.720863342285156,89200,0.0,0.0,0.0
1995-06-30,31.784607887268066,31.893864631652832,31.63893222808838,31.702665328979492,714100,0.0,0.0,0.0
1995-07-03,31.739079487681902,31.821022033691406,31.739079487681902,31.821022033691406,9500,0.0,0.0,0.0
1995-07-05,31.912068371897824,32.085058186182,31.839230555357116,31.939382553100586,409300,0.0,0.0,0.0
1995-07-06,31.948493945709323,32.34910202026367,31.884760842939315,32.34910202026367,202500,0.0,0.0,0.0
1995-07-07,32.28536891322672,32.503882408409304,32.26715945529484,32.49477767944336,481700,0.0,0.0,0.0
1995-07-10,32.52208232639284,32.60402486304948,32.45834924232656,32.512977600097656,400400,0.0,0.0,0.0
1995-07-11,32.48565859303557,32.51297276786156,32.312668819137684,32.358192443847656,420500,0.0,0.0,0.0
1995-07-12,32.421940783913634,32.81344414075392,32.358207679311725,32.75881576538086,203400,0.0,0.0,0.0
1995-07-13,32.713273034055916,32.78611082539253,32.64953996663638,32.68595886230469,215600,0.0,0.0,0.0
1995-07-14,32.51297384070127,32.685963620307355,32.485659664973994,32.65864944458008,543700,0.0,0.0,0.0
1995-07-17,32.70417693846438,32.877166738528636,32.67686275950686,32.84074783325195,171500,0.0,0.0,0.0
1995-07-18,32.78611652003039,32.78611652003039,32.53118420607292,32.55849838256836,221200,0.0,0.0,0.0
1995-07-19,32.43105226861308,32.46747119311461,31.58431227395249,32.203433990478516,486600,0.0,0.0,0.0
1995-07-20,32.23983861466529,32.38551424805547,32.06684880001444,32.321781158447266,318900,0.0,0.0,0.0
1995-07-21,32.29446315496437,32.41282459308519,32.157892264824966,32.28535842895508,94000,0.0,0.0,0.0
1995-07-24,32.33089540146233,32.5585136456292,32.33089540146233,32.5220947265625,108400,0.0,0.0,0.0
1995-07-25,32.55851266939927,32.813445095222306,32.45836064496879,32.767921447753906,107400,0.0,0.0,0.0
1995-07-26,32.74971676084966,32.90449718479585,32.731507299208936,32.7406120300293,167800,0.0,0.0,0.0
1995-07-27,32.89536768391983,33.041043267352634,32.89536768391983,33.013729095458984,187700,0.0,0.0,0.0
1995-07-28,33.04103643378714,33.04103643378714,32.77699949342345,32.80431365966797,415600,0.0,0.0,0.0
1995-07-31,32.83164594647084,32.8589601277907,32.649551404338446,32.722389221191406,342500,0.0,0.0,0.0
1995-08-01,32.76792241312323,32.76792241312323,32.48567579050394,32.66777038574219,141000,0.0,0.0,0.0
1995-08-02,32.85895818252137,33.09568107327935,32.54029275265486,32.59492111206055,240400,0.0,0.0,0.0
1995-08-03,32.36728305289052,32.604005798143724,32.312654727062856,32.58579635620117,1193600,0.0,0.0,0.0
1995-08-04,32.649563794957174,32.67687798664286,32.58583068102391,32.622249603271484,240500,0.0,0.0,0.0
1995-08-07,32.6950798034668,32.79523181623152,32.67687034660048,32.6950798034668,193100,0.0,0.0,0.0
1995-08-08,32.71328926033311,32.81344127309784,32.59492779070207,32.6950798034668,951900,0.0,0.0,0.0
1995-08-09,32.80432027322668,32.80432027322668,32.65864469055346,32.68595886230469,107100,0.0,0.0,0.0
1995-08-10,32.72240068445254,32.79523852682193,32.47657296645581,32.61314392089844,280800,0.0,0.0,0.0
1995-08-11,32.585802931788265,32.62222182302245,32.294451801914775,32.43102264404297,257200,0.0,0.0,0.0
1995-08-14,32.51298049773915,32.722389221191406,32.44014268088619,32.722389221191406,254800,0.0,0.0,0.0
1995-08-15,32.71327779603463,32.71327779603463,32.43103131351944,32.65864944458008,44400,0.0,0.0,0.0
1995-08-16,32.63134860647762,32.74971008300781,32.59492969062218,32.74971008300781,374900,0.0,0.0,0.0
1995-08-17,32.767917630932054,32.767917630932054,32.57671833383576,32.6950798034668,353800,0.0,0.0,0.0
1995-08-18,32.85895342767156,32.86805815292167,32.70417309841957,32.73148727416992,85400,0.0,0.0,0.0
1995-08-21,32.86805619754552,33.00462706817244,32.63133335512552,32.640438079833984,266700,0.0,0.0,0.0
1995-08-22,32.6859607781493,32.75879857375521,32.52207573803602,32.70417022705078,220200,0.0,0.0,0.0
1995-08-23,32.731471891741606,32.74968133368416,32.58579635620117,32.58579635620117,176500,0.0,0.0,0.0
1995-08-24,32.5949354115858,32.68598271720475,32.485678644843055,32.622249603271484,167400,0.0,0.0,0.0
1995-08-25,32.67684755052688,32.85894199215701,32.67684755052688,32.80431365966797,195000,0.0,0.0,0.0
1995-08-28,32.89536751239744,32.89536751239744,32.63133051880223,32.68595886230469,293000,0.0,0.0,0.0
1995-08-29,32.722397800285506,32.77702617724759,32.49477956294351,32.767921447753906,1133100,0.0,0.0,0.0
1995-08-30,32.7952242016561,32.877166738528636,32.75880529637941,32.84074783325195,437400,0.0,0.0,0.0
1995-08-31,32.831645971916394,32.92269324305315,32.80433179057536,32.868064880371094,491900,0.0,0.0,0.0
1995-09-01,32.85894878806163,33.068357439246284,32.83163461616798,33.013729095458984,629900,0.0,0.0,0.0
1995-09-05,33.11389448655759,33.34151267796918,33.05926612061881,33.32330322265625,272200,0.0,0.0,0.0
1995-09-06,33.35062027081567,33.42345809832496,33.341515542377,33.38703918457031,214500,0.0,0.0,0.0
1995-09-07,33.423448556903665,33.44165800858272,33.35971547602698,33.40523910522461,258800,0.0,0.0,0.0
1995-09-08,33.53270721435547,33.53270721435547,33.31419378151688,33.53270721435547,107300,0.0,0.0,0.0
1995-09-11,33.58734131169261,33.687493318856774,33.58734131169261,33.62376022338867,260700,0.0,0.0,0.0
1995-09-12,33.63287351047896,33.77854919433594,33.55093093830941,33.77854919433594,139500,0.0,0.0,0.0
1995-09-13,33.742104643178685,33.9788274496338,33.73299991985349,33.93330383300781,239800,0.0,0.0,0.0
1995-09-14,34.051671108011554,34.27018450549612,33.96062385905965,34.24287033081055,457600,0.0,0.0,0.0
1995-09-15,34.215114683263444,34.31580121657428,34.09612150753246,34.233421325683594,431200,0.312,0.0,0.0
1995-09-18,34.114446600086254,34.132753252407205,33.94053340303725,34.10529327392578,307500,0.0,0.0,0.0
1995-09-19,34.16936347015903,34.28835669949524,34.05037024082282,34.270050048828125,549600,0.0,0.0,0.0
1995-09-20,34.32495552196838,34.43479537963867,34.2974955575508,34.43479537963867,290800,0.0,0.0,0.0
1995-09-21,34.38904082401289,34.41650079805389,34.01375451211922,34.15105438232422,508500,0.0,0.0,0.0
1995-09-22,33.87643387642193,34.19680004385634,33.848973919213265,34.160186767578125,449900,0.0,0.0,0.0
1995-09-25,34.19682653553052,34.19682653553052,33.98630003383962,34.10529327392578,130000,0.0,0.0,0.0
1995-09-26,34.20597790814086,34.288357838880295,34.013758069748846,34.09613800048828,466600,0.0,0.0,0.0
1995-09-27,33.94968657004199,34.086986461805445,33.73916006933804,34.06867980957031,654400,0.0,0.0,0.0
1995-09-28,34.096118164062496,34.324951171875,34.068658203125,34.324951171875,456200,0.0,0.0,0.0
1995-09-29,34.29749661832132,34.50802301870066,34.21511672252071,34.26088333129883,606600,0.0,0.0,0.0
1995-10-02,34.26089207006961,34.34327198688249,34.00459899554063,34.086978912353516,293100,0.0,0.0,0.0
1995-10-03,34.08700194379291,34.17853524654208,33.94970198966915,34.12361526489258,839700,0.0,0.0,0.0
1995-10-04,34.14189885689544,34.14189885689544,34.041212291901914,34.086978912353516,248800,0.0,0.0,0.0
1995-10-05,34.12358315096323,34.18765640258789,34.03204993435657,34.18765640258789,268800,0.0,0.0,0.0
1995-10-06,34.20599178173378,34.31583173393629,34.20599178173378,34.215145111083984,75300,0.0,0.0,0.0
1995-10-09,34.0869686146261,34.105275257276276,33.867288902824,33.93136215209961,358200,0.0,0.0,0.0
1995-10-10,33.583528297825865,33.913047790527344,33.54691502085903,33.913047790527344,360800,0.0,0.0,0.0
1995-10-11,34.0320567658809,34.0320567658809,33.903910236907706,34.02290344238281,228100,0.0,0.0,0.0
1995-10-12,34.05035490148208,34.251727968103744,34.05035490148208,34.233421325683594,199800,0.0,0.0,0.0
1995-10-13,34.389009226613965,34.480542389314564,34.34324264526367,34.34324264526367,488100,0.0,0.0,0.0
1995-10-16,34.242589664510305,34.306662941081164,34.17851638793945,34.17851638793945,443600,0.0,0.0,0.0
1995-10-17,34.21511363450376,34.44394665774148,34.15104038799719,34.40733337402344,146000,0.0,0.0,0.0
1995-10-18,34.572091737539765,34.61785834031649,34.3981786469882,34.508018493652344,228100,0.0,0.0,0.0
1995-10-19,34.48971266781768,34.67277908325195,34.44394606395911,34.67277908325195,500600,0.0,0.0,0.0
1995-10-20,34.64533149546995,34.67279146759317,34.46226501464844,34.46226501464844,748400,0.0,0.0,0.0
1995-10-23,34.29751245550948,34.45311899720782,34.29751245550948,34.38904571533203,533000,0.0,0.0,0.0
1995-10-24,34.43481250571241,34.47142580981205,34.34327924546331,34.4256591796875,172200,0.0,0.0,0.0
1995-10-25,34.45309673237736,34.49886333271262,34.141883850097656,34.141883850097656,302700,0.0,0.0,0.0
1995-10-26,34.19682532471496,34.2242853022241,33.55609251616837,33.830692291259766,606800,0.0,0.0,0.0
1995-10-27,33.79407254146326,34.086978912353516,33.63846603192781,34.086978912353516,905800,0.0,0.0,0.0
1995-10-30,34.16937123138851,34.324977797403406,34.16937123138851,34.306671142578125,488700,0.0,0.0,0.0
1995-10-31,34.398173063386544,34.471399615942985,34.160186767578125,34.160186767578125,508200,0.0,0.0,0.0
1995-11-01,34.14188909251788,34.43479537963867,34.114429128100305,34.43479537963867,415700,0.0,0.0,0.0
1995-11-02,34.379868944171115,34.65446853637695,34.379868944171115,34.65446853637695,326000,0.0,0.0,0.0
1995-11-03,34.700252532958984,34.70940585728844,34.59956596533499,34.700252532958984,615000,0.0,0.0,0.0
1995-11-06,34.69111588469506,34.69111588469506,34.57212261121193,34.581275939941406,311200,0.0,0.0,0.0
1995-11-07,34.562964930924544,34.562964930924544,34.34328506907545,34.453125,358200,0.0,0.0,0.0
1995-11-08,34.49887022387046,34.78262320262875,34.49887022387046,34.76431655883789,357200,0.0,0.0,0.0
1995-11-09,34.90163226893166,34.90163226893166,34.72771907378093,34.892478942871094,503700,0.0,0.0,0.0
1995-11-10,34.70024762892035,34.91992738178083,34.6910943058845,34.87416076660156,795600,0.0,0.0,0.0
1995-11-13,34.810098768345505,34.94739865830743,34.74602548636328,34.83755874633789,818500,0.0,0.0,0.0
1995-11-14,34.77349403944321,34.84672066548046,34.608734130859375,34.608734130859375,341800,0.0,0.0,0.0
1995-11-15,34.6453413073072,34.965707739475164,34.62703465404046,34.9565544128418,584700,0.0,0.0,0.0
1995-11-16,34.95653816461563,35.185371224085486,34.947384842236836,35.14875793457031,577700,0.0,0.0,0.0
1995-11-17,35.203674583791575,35.2677478344641,35.15790797616834,35.25859451293945,267000,0.0,0.0,0.0
1995-11-20,35.31352122591532,35.322674549198354,35.06638149727362,35.07553482055664,448800,0.0,0.0,0.0
1995-11-21,35.11212859720324,35.35926818847656,35.10297527900793,35.35926818847656,119200,0.0,0.0,0.0
1995-11-22,35.33183059949932,35.36844389545735,35.24945068359375,35.24945068359375,351600,0.0,0.0,0.0
1995-11-24,35.28606439989115,35.34098434448242,35.25860442759552,35.34098434448242,62400,0.0,0.0,0.0
1995-11-27,35.41421289014298,35.5240527853825,35.35013961791992,35.35013961791992,273000,0.0,0.0,0.0
1995-11-28,35.3226794399972,35.725425720214844,35.240299519043596,35.725425720214844,479000,0.0,0.0,0.0
1995-11-29,35.789480070217145,35.789480070217145,35.6430269548403,35.762020111083984,549200,0.0,0.0,0.0
1995-11-30,35.762029251482254,35.85356247198771,35.64303606482516,35.679649353027344,286200,0.0,0.0,0.0
1995-12-01,35.725425720214844,35.78034566751725,35.64304579926124,35.725425720214844,465200,0.0,0.0,0.0
1995-12-04,35.80779628420564,36.16477584838867,35.76202967341294,36.16477584838867,631700,0.0,0.0,0.0
1995-12-05,36.128152335562355,36.4393652008801,36.10069237685785,36.40275192260742,567700,0.0,0.0,0.0
1995-12-06,36.494291260561866,36.63159107719302,36.32037815949573,36.485137939453125,272800,0.0,0.0,0.0
1995-12-07,36.43940294128649,36.485169586527995,36.26548968936877,36.29294967651367,289700,0.0,0.0,0.0
1995-12-08,36.44854338748063,36.45769671329366,36.18309693890279,36.411930084228516,296900,0.0,0.0,0.0
1995-12-11,36.48515547082779,36.64076200444647,36.41192886677194,36.567535400390625,186500,0.0,0.0,0.0
1995-12-12,36.40276743711433,36.530913965683496,36.40276743711433,36.45768737792969,299400,0.0,0.0,0.0
1995-12-13,36.50344936195724,36.73228241964253,36.50344936195724,36.68651580810547,390700,0.0,0.0,0.0
1995-12-14,36.723122047640985,36.7871952914928,36.32952926397983,36.42106246948242,395000,0.0,0.0,0.0
1995-12-15,36.47125737852708,36.47125737852708,36.30547893589741,36.434417724609375,416700,0.382,0.0,0.0
1995-12-18,36.112057609164836,36.112057609164836,35.72524138381801,35.73445129394531,862300,0.0,0.0,0.0
1995-12-19,35.752885352954124,36.158121559942785,35.706835783978136,36.1120719909668,1022600,0.0,0.0,0.0
1995-12-20,36.22257279035758,36.259412427062756,35.76207733154297,35.76207733154297,1349800,0.0,0.0,0.0
1995-12-21,35.97391880044197,36.05680801426787,35.80814037279016,35.9462890625,857600,0.0,0.0,0.0
1995-12-22,36.13970285804715,36.176542514375434,36.038393803144366,36.075233459472656,332800,0.0,0.0,0.0
1995-12-26,36.22258769884342,36.26863726367795,36.14890839510817,36.25021743774414,432200,0.0,0.0,0.0
1995-12-27,36.34230756347532,36.34230756347532,36.16731926045808,36.231788635253906,151800,0.0,0.0,0.0
1995-12-28,36.158099027444386,36.34229718856229,36.102839579109016,36.19493865966797,256200,0.0,0.0,0.0
1995-12-29,36.23179884526448,36.26863849838625,36.10286005933827,36.24100875854492,339200,0.0,0.0,0.0
1996-01-02,36.19494943904133,36.62781524658203,36.15810979584638,36.62781524658203,514400,0.0,0.0,0.0
1996-01-03,36.747541982407796,36.8396410851206,36.54492395643963,36.729122161865234,610300,0.0,0.0,0.0
1996-01-04,36.77518429719949,36.913332998541335,36.08444079049026,36.37915802001953,1129700,0.0,0.0,0.0
1996-01-05,36.13967972150132,36.39755715070673,36.05679054782815,36.305458068847656,302400,0.0,0.0,0.0
1996-01-08,36.43440504944141,36.48966451109375,36.38835549806446,36.4436149597168,179900,0.0,0.0,0.0
1996-01-09,36.55414145487567,36.581771191425084,35.734459270576366,35.81734848022461,415500,0.0,0.0,0.0
1996-01-10,35.771300788469894,35.84498008978497,35.154236639956125,35.3476448059082,787700,0.0,0.0,0.0
1996-01-11,35.40291021821783,35.559478759765625,35.23713176246135,35.559478759765625,513200,0.0,0.0,0.0
1996-01-12,35.65157768160453,35.660787595756325,35.17266214571111,35.50421905517578,390400,0.0,0.0,0.0
1996-01-15,35.51340063584449,35.63312942429521,35.28315296574695,35.430511474609375,154200,0.0,0.0,0.0
1996-01-16,35.605514379422,35.891021608020566,35.301587329623516,35.8633918762207,454600,0.0,0.0,0.0
1996-01-17,35.78049838082315,36.02916593713775,35.63313982893301,35.75286865234375,407600,0.0,0.0,0.0
1996-01-18,35.891028009299596,35.900237921542164,35.58710090529475,35.87260818481445,425600,0.0,0.0,0.0
1996-01-19,35.87261423229168,36.204171128918766,35.8357745771109,36.1120719909668,169800,0.0,0.0,0.0
1996-01-22,36.08445625947119,36.20418518529384,36.01998683787438,36.12129592895508,288200,0.0,0.0,0.0
1996-01-23,36.102853569781864,36.20416259765625,36.02917427678231,36.20416259765625,362200,0.0,0.0,0.0
1996-01-24,36.25942078522291,36.57255776939806,36.24100096262437,36.498878479003906,1506500,0.0,0.0,0.0
1996-01-25,36.52651404320182,36.5449338687405,36.323895962276346,36.36994552612305,298400,0.0,0.0,0.0
1996-01-26,36.342312028651676,36.70149858950251,36.296262469568234,36.68307876586914,726300,0.0,0.0,0.0
1996-01-29,36.65544838510653,36.83043670654297,36.627818650142885,36.83043670654297,254800,0.0,0.0,0.0
1996-01-30,36.90411226748829,37.21724923207391,36.858062713872755,37.14356994628906,272100,0.0,0.0,0.0
1996-01-31,37.13436547402224,37.539601605187165,37.11594564987838,37.530391693115234,498000,0.0,0.0,0.0
1996-02-01,37.4935450285746,37.66853332519531,37.46591529752923,37.66853332519531,373900,0.0,0.0,0.0
1996-02-02,37.650119196130575,37.7330084017972,37.4290813143529,37.51197052001953,496200,0.0,0.0,0.0
1996-02-05,37.44750996815885,37.8711660081331,37.39225048468395,37.8159065246582,295300,0.0,0.0,0.0
1996-02-06,37.83431643496377,38.21192280639354,37.77905696597404,38.17508316040039,301600,0.0,0.0,0.0
1996-02-07,38.16587039382946,38.3961181640625,38.129030750592165,38.3961181640625,585100,0.0,0.0,0.0
1996-02-08,38.34085670692071,38.84740177511207,38.26717742427469,38.81056213378906,1526600,0.0,0.0,0.0
1996-02-09,38.7921587991341,39.12371571194721,38.61717042848274,38.801368713378906,804600,0.0,0.0,0.0
1996-02-12,38.87504286749203,39.27106912745463,38.83820321540249,39.0960807800293,626500,0.0,0.0,0.0
1996-02-13,38.93030200666476,39.30790843729482,38.90267226783817,39.01319122314453,1045900,0.0,0.0,0.0
1996-02-14,38.985565200991,39.11450399447407,38.65400830346308,38.672428131103516,431400,0.0,0.0,0.0
1996-02-15,38.589532835261295,38.847410381654456,38.38691476309525,38.43296432495117,889500,0.0,0.0,0.0
1996-02-16,38.359283097554446,38.45138221663621,38.15666503557457,38.27639389038086,606100,0.0,0.0,0.0
1996-02-20,37.98168148444026,38.092200441233004,37.65012461406202,37.8987922668457,492300,0.0,0.0,0.0
1996-02-21,37.97247347417383,38.396129496442086,37.97247347417383,38.368499755859375,434000,0.0,0.0,0.0
1996-02-22,38.58033397562788,39.09608921617101,38.552704230598785,38.97636032104492,721400,0.0,0.0,0.0
1996-02-23,39.1973786123556,39.26184798507329,38.50663533323749,38.865821838378906,1430400,0.0,0.0,0.0
1996-02-26,38.755292745736924,38.838181917483986,38.29479734714214,38.31321716308594,1408400,0.0,0.0,0.0
1996-02-27,38.40531696202756,38.41452687017193,38.018500819963975,38.19348907470703,601000,0.0,0.0,0.0
1996-02-28,38.49742809931437,38.74609569708506,38.01851272583008,38.01851272583008,865900,0.0,0.0,0.0
1996-02-29,37.79749369014732,38.28561921782223,37.6501350402832,37.6501350402832,914300,0.0,0.0,0.0
1996-03-01,38.101401648003595,38.24876022338867,37.49354752454016,38.24876022338867,1452600,0.0,0.0,0.0
1996-03-04,38.33164277189738,38.70003914644709,38.202704040804974,38.469791412353516,652600,0.0,0.0,0.0
1996-03-05,38.37771653676621,38.829002380371094,38.35929670641499,38.829002380371094,402000,0.0,0.0,0.0
1996-03-06,38.77373131475656,38.88425026387226,38.488224029541016,38.488224029541016,624700,0.0,0.0,0.0
1996-03-07,38.5618851171221,38.70003373827253,38.45136622020176,38.68161392211914,534200,0.0,0.0,0.0
1996-03-08,37.834324787920856,38.239560983312415,36.54493689349317,37.4290885925293,2289900,0.0,0.0,0.0
1996-03-11,37.281717926300054,37.91720175458926,37.171198999641064,37.861942291259766,1511400,0.0,0.0,0.0
1996-03-12,37.61329124171993,37.751439960776196,37.07911619470236,37.56724166870117,1385300,0.0,0.0,0.0
1996-03-13,37.8158976627087,37.98167607428414,37.6040696923623,37.82510757446289,1019300,0.0,0.0,0.0
1996-03-14,37.88036013793945,38.20270699055989,37.86194031778971,37.99087905883789,725600,0.0,0.0,0.0
1996-03-15,37.92834402757313,38.085607893053314,37.74332771524351,37.96534729003906,869200,0.285,0.0,0.0
1996-03-18,38.31687972296547,38.696163177490234,38.233622379289294,38.696163177490234,917600,0.0,0.0,0.0
1996-03-19,39.03844496137969,39.03844496137969,38.483395980886144,38.61290740966797,858300,0.0,0.0,0.0
1996-03-20,38.79792461912247,38.79792461912247,38.270628075658,38.566654205322266,744300,0.0,0.0,0.0
1996-03-21,38.612910051247226,38.63141168519607,38.34463635898892,38.47414779663086,650800,0.0,0.0,0.0
1996-03-22,38.49265130406661,38.67766765256008,38.44639721694324,38.57590866088867,344500,0.0,0.0,0.0
1996-03-25,38.927437294222656,38.964440561612605,38.40014073391593,38.50189971923828,802400,0.0,0.0,0.0
1996-03-26,38.437140504462135,38.78867151268585,38.40013724043858,38.686912536621094,969400,0.0,0.0,0.0
1996-03-27,38.74242415851607,38.77017661135169,38.298384913146265,38.33538818359375,809600,0.0,0.0,0.0
1996-03-28,38.196604181252994,38.50188098870791,38.187353368905875,38.48337936401367,1001300,0.0,0.0,0.0
1996-03-29,38.59440025661302,38.59440025661302,38.11335787565812,38.29837417602539,457700,0.0,0.0,0.0
1996-04-01,38.48339354069663,38.75166719759091,38.36313293588196,38.74241638183594,773400,0.0,0.0,0.0
1996-04-02,38.78868049843409,38.81643295288086,38.65916904434916,38.81643295288086,638800,0.0,0.0,0.0
1996-04-03,38.67767068064701,38.84418540732763,38.58516249915778,38.81643295288086,288000,0.0,0.0,0.0
1996-04-04,38.81641058054114,38.908918708712115,38.77940732927275,38.788658142089844,934900,0.0,0.0,0.0
1996-04-08,37.81732750910921,38.12260437011719,37.650812857650315,38.12260437011719,2217200,0.0,0.0,0.0
1996-04-09,38.27064325144462,38.27064325144462,37.90061044263201,37.97461700439453,1180900,0.0,0.0,0.0
1996-04-10,37.90983579839979,38.07635045051575,37.15126904987154,37.29928207397461,939500,0.0,0.0,0.0
1996-04-11,37.3918140563889,37.57683045449078,36.78125994265272,37.2530517578125,1276000,0.0,0.0,0.0
1996-04-12,37.5120694290019,37.780343168444816,37.401059605784134,37.72483825683594,411300,0.0,0.0,0.0
1996-04-15,37.91910702894634,38.08562177071776,37.79884638211143,38.03936767578125,484200,0.0,0.0,0.0
1996-04-16,38.11336447034034,38.27987916948261,38.030107120769216,38.150367736816406,429700,0.0,0.0,0.0
1996-04-17,38.113370050663036,38.224379866344584,37.79884223956533,38.057865142822266,525300,0.0,0.0,0.0
1996-04-18,38.150379895700986,38.23363727180703,37.94686186521956,38.11337661743164,818600,0.0,0.0,0.0
1996-04-19,38.29839121746959,38.400150227950796,38.141127292180464,38.20588302612305,885100,0.0,0.0,0.0
1996-04-22,38.557404620323204,38.64991278879807,38.24287684750867,38.50189971923828,828900,0.0,0.0,0.0
1996-04-23,38.437145520969786,38.64991431687407,38.353888166050716,38.622161865234375,225400,0.0,0.0,0.0
1996-04-24,38.816408608509946,38.816408608509946,38.40012205288961,38.48337936401367,699000,0.0,0.0,0.0
1996-04-25,38.56665625826655,38.81642831846641,38.33538583215557,38.65916442871094,475500,0.0,0.0,0.0
1996-04-26,38.760918013345886,38.964435959955345,38.62215577702126,38.74241638183594,563300,0.0,0.0,0.0
1996-04-29,38.57590169824638,38.81642290787574,38.57590169824638,38.74241638183594,219900,0.0,0.0,0.0
1996-04-30,38.7424321765968,38.81643873280807,38.55741578606864,38.71467971801758,184400,0.0,0.0,0.0
1996-05-01,38.70542348880795,38.95519558111145,38.64991857940717,38.79793167114258,561900,0.0,0.0,0.0
1996-05-02,38.492648306545384,38.70541709074403,37.94685012099235,38.131866455078125,1299600,0.0,0.0,0.0
1996-05-03,38.35389864618507,38.474159302818066,37.743344543279086,38.07637405395508,1329300,0.0,0.0,0.0
1996-05-06,38.22438405552727,38.22438405552727,37.70633819223842,38.03936767578125,647500,0.0,0.0,0.0
1996-05-07,38.039378377427695,38.039378377427695,37.75260290814261,37.88211441040039,582100,0.0,0.0,0.0
1996-05-08,37.69709266905502,38.35390090942383,37.3455614981534,38.35390090942383,1694700,0.0,0.0,0.0
1996-05-09,38.22437474395583,38.52040087943661,38.187371477020726,38.326133728027344,593400,0.0,0.0,0.0
1996-05-10,38.705413818359375,38.83492524126976,38.52039749991598,38.705413818359375,925100,0.0,0.0,0.0
1996-05-13,38.79791862105156,39.454726494703124,38.76091536056415,39.288211822509766,867500,0.0,0.0,0.0
1996-05-14,39.4454978051912,39.630514211406926,39.408494523948065,39.52875518798828,632300,0.0,0.0,0.0
1996-05-15,39.53799926664858,39.852527103584954,39.45474189804778,39.48249435424805,466100,0.0,0.0,0.0
1996-05-16,39.26046176042573,39.63049438776245,39.24196012905889,39.565738677978516,514400,0.0,0.0,0.0
1996-05-17,39.66750124909157,39.84326676302178,39.66750124909157,39.77851104736328,427700,0.0,0.0,0.0
1996-05-20,40.05605334138507,40.11155826518376,39.658268054161155,40.04680252075195,788500,0.0,0.0,0.0
1996-05-21,40.11154786850494,40.185554414387795,39.963534776739245,39.99128723144531,352700,0.0,0.0,0.0
1996-05-22,40.03755302673955,40.370582580566406,39.89879071264503,40.370582580566406,1218100,0.0,0.0,0.0
1996-05-23,40.42606775079298,40.518575914982435,39.98202856268358,40.20404815673828,967900,0.0,0.0,0.0
1996-05-24,40.2410598569525,40.45382867918467,40.222558220236664,40.36132049560547,659100,0.0,0.0,0.0
1996-05-28,40.48160064195587,40.48160064195587,39.85254469048124,39.95430374145508,456400,0.0,0.0,0.0
1996-05-29,40.03752413662997,40.07452739368785,39.556481794877485,39.68599319458008,649600,0.0,0.0,0.0
1996-05-30,39.630499678772765,40.09304052469682,39.51948987575099,39.889522552490234,895800,0.0,0.0,0.0
1996-05-31,39.88028125228169,40.04679599655009,39.593505859375,39.593505859375,923500,0.0,0.0,0.0
1996-06-03,39.602750739980166,39.73226218832394,39.491740927114066,39.70450973510742,503100,0.0,0.0,0.0
1996-06-04,39.8895246019412,40.019036045453994,39.81551806279103,39.982032775878906,627100,0.0,0.0,0.0
1996-06-05,40.000531541316874,40.37981502725443,39.91727419074522,40.333560943603516,428000,0.0,0.0,0.0
1996-06-06,40.555597837663186,40.555597837663186,39.96354531448562,40.03755187988281,523300,0.0,0.0,0.0
1996-06-07,39.18647637781507,40.046802700557464,39.18647637781507,40.03755187988281,1422800,0.0,0.0,0.0
1996-06-10,39.98202272538074,40.1022833212692,39.84326049935558,39.908016204833984,548800,0.0,0.0,0.0
1996-06-11,40.0560606051487,40.2780803406045,39.87104415893555,39.87104415893555,688700,0.0,0.0,0.0
1996-06-12,40.000537959213645,40.10229695957243,39.73226423099506,39.797019958496094,1120600,0.0,0.0,0.0
1996-06-13,39.88952814064044,39.94503304992704,39.56574950313524,39.797019958496094,1502000,0.0,0.0,0.0
1996-06-14,39.815524802043214,39.815524802043214,39.50099695741741,39.63050842285156,1468200,0.0,0.0,0.0
1996-06-17,39.64899149990282,39.797004533966856,39.50097846583879,39.60273742675781,1101000,0.0,0.0,0.0
1996-06-18,39.575002640640186,39.68601246571912,39.26972562167311,39.27897644042969,718000,0.0,0.0,0.0
1996-06-19,39.463989434907475,39.66750743011797,39.325227165445774,39.45473861694336,552100,0.0,0.0,0.0
1996-06-20,39.49174242095733,39.6212538742001,39.18646542402793,39.42698669433594,1234400,0.0,0.0,0.0
1996-06-21,39.6172968487075,39.76609420776367,39.50569882941536,39.76609420776367,573300,0.351,0.0,0.0
1996-06-24,39.85908810164081,40.0078854440641,39.784689430429154,39.84048843383789,416500,0.0,0.0,0.0
1996-06-25,39.952107421703836,39.98000693805977,39.74751096842695,39.794010162353516,454400,0.0,0.0,0.0
1996-06-26,39.74749950274299,39.83119802766688,39.51500360017664,39.5243034362793,838200,0.0,0.0,0.0
1996-06-27,39.52432280388948,39.905616270938765,39.375525353333664,39.80331802368164,1090500,0.0,0.0,0.0
1996-06-28,39.97069048987001,40.175286858129,39.859092470819654,39.94279098510742,1060800,0.0,0.0,0.0
1996-07-01,40.045084811533805,40.29618032707292,39.98928580808067,40.28688049316406,471300,0.0,0.0,0.0
1996-07-02,40.249686247336854,40.25898608242173,40.07298938072424,40.13808822631836,389400,0.0,0.0,0.0
1996-07-03,40.119481157808146,40.17528015802763,39.91488482367004,40.05438232421875,308300,0.0,0.0,0.0
1996-07-05,39.35689292545969,39.54288958389758,38.910500945208724,39.03139877319336,842900,0.0,0.0,0.0
1996-07-08,39.05929912220348,39.27319528406316,38.761704462224785,38.8733024597168,942000,0.0,0.0,0.0
1996-07-09,39.049998439037154,39.17089626702179,38.910500945208724,39.03139877319336,716300,0.0,0.0,0.0
1996-07-10,39.02210569449607,39.18950271606445,38.64081247870142,39.18950271606445,1132300,0.0,0.0,0.0
1996-07-11,39.022102379977895,39.09650104991112,38.01772033587932,38.39901351928711,1587400,0.0,0.0,0.0
1996-07-12,38.46412118799112,38.63151823378025,38.13862693229003,38.42692184448242,1312000,0.0,0.0,0.0
1996-07-15,38.519933338117724,38.519933338117724,37.292354583740234,37.292354583740234,1951300,0.0,0.0,0.0
1996-07-16,37.40392605036645,37.794519012603,35.9345525257623,37.38532638549805,4141000,0.0,0.0,0.0
1996-07-17,37.94330495648679,38.09210223082596,37.496913133469306,37.83170700073242,1340500,0.0,0.0,0.0
1996-07-18,37.943327244223035,38.41761883477582,37.69223169628332,38.35251998901367,1432500,0.0,0.0,0.0
1996-07-19,38.25950967502641,38.31530866823257,37.86891672258326,38.07351303100586,1216000,0.0,0.0,0.0
1996-07-22,37.81310573149854,37.94330334100197,37.50621136624043,37.79450607299805,519800,0.0,0.0,0.0
1996-07-23,37.85033411423444,38.05493051485193,37.2458447487737,37.310943603515625,1479800,0.0,0.0,0.0
1996-07-24,36.86453576918265,37.60852236391893,36.67853912049858,37.38532638549805,2463400,0.0,0.0,0.0
1996-07-25,37.757314986731174,37.83171363695133,37.57131836118077,37.720115661621094,1989800,0.0,0.0,0.0
1996-07-26,37.83173004045622,37.98052740541377,37.72943185204791,37.92472839355469,642300,0.0,0.0,0.0
1996-07-29,37.86892291579092,37.924721918122636,37.459730232025,37.506229400634766,1297900,0.0,0.0,0.0
1996-07-30,37.75732898524796,37.90612634085485,37.45973427403418,37.868927001953125,1868200,0.0,0.0,0.0
1996-07-31,37.8968345543514,38.25022834896867,37.80383618734686,38.14793014526367,767100,0.0,0.0,0.0
1996-08-01,38.18512215008267,38.919809108157814,38.12932314060861,38.780311584472656,1168600,0.0,0.0,0.0
1996-08-02,39.282496492627644,39.63589016372609,39.133699157428296,39.61729049682617,1098500,0.0,0.0,0.0
1996-08-05,39.62657263079106,39.635872460087185,39.26387928824216,39.3847770690918,710200,0.0,0.0,0.0
1996-08-06,39.37551287383459,39.58940914121725,39.16161660645192,39.50571060180664,640000,0.0,0.0,0.0
1996-08-07,39.65449325085022,39.72889192486683,39.356898554783804,39.607994079589844,917800,0.0,0.0,0.0
1996-08-08,39.617298768582714,39.617298768582714,39.39410271918224,39.54290008544922,925100,0.0,0.0,0.0
1996-08-09,39.68239970835046,39.738198723642256,39.319706108953774,39.41270446777344,648800,0.0,0.0,0.0
1996-08-12,39.431304967383866,39.793998574395175,39.282507590148455,39.70100021362305,764200,0.0,0.0,0.0
1996-08-13,39.62657263079106,39.654472118679436,39.28247894683441,39.3847770690918,805200,0.0,0.0,0.0
1996-08-14,39.39410573084214,39.56150278068991,39.28250769761029,39.5243034362793,533800,0.0,0.0,0.0
1996-08-15,39.422009698741,39.65450562760831,39.403410024431615,39.44990921020508,632600,0.0,0.0,0.0
1996-08-16,39.56149104199938,39.80328670892274,39.56149104199938,39.78468704223633,475100,0.0,0.0,0.0
1996-08-19,39.794018183021905,39.831217545660856,39.65452057312582,39.80331802368164,436400,0.0,0.0,0.0
1996-08-20,39.81259377983259,39.82189361486642,39.682396089358946,39.775394439697266,645700,0.0,0.0,0.0
1996-08-21,39.67311320490593,39.766111594978376,39.50571610277552,39.63591384887695,266400,0.0,0.0,0.0
1996-08-22,39.728901329732174,40.08229511496855,39.710301656824996,40.007896423339844,584800,0.0,0.0,0.0
1996-08-23,39.93350774413321,39.9986066156304,39.66381241935914,39.794010162353516,757100,0.0,0.0,0.0
1996-08-26,39.70098437429762,39.74748353613212,39.533587391693416,39.59868621826172,784700,0.0,0.0,0.0
1996-08-27,39.71028297149415,39.78468162811522,39.580085322407285,39.74748229980469,389400,0.0,0.0,0.0
1996-08-28,39.84050078980952,39.87770013695219,39.67310372766746,39.682403564453125,227600,0.0,0.0,0.0
1996-08-29,39.63591072759685,39.63591072759685,39.05932075455344,39.29181671142578,680200,0.0,0.0,0.0
1996-08-30,39.282507081888305,39.29180691784519,38.76171626830266,38.88261413574219,1500900,0.0,0.0,0.0
1996-09-03,38.3711261604222,39.18951178866194,38.31532714031495,39.13371276855469,1782000,0.0,0.0,0.0
1996-09-04,39.13369148160204,39.72888070565683,38.97559434396249,39.17089080810547,930200,0.0,0.0,0.0
1996-09-05,38.98490050961495,39.142997672941156,38.69660568237305,38.69660568237305,616600,0.0,0.0,0.0
1996-09-06,38.8361075884923,39.38479780585845,38.77100874914377,39.24530029296875,804900,0.0,0.0,0.0
1996-09-09,39.39410601577937,39.71960028172656,39.32900716258994,39.71030044555664,719200,0.0,0.0,0.0
1996-09-10,39.6545044488737,39.82190151268227,39.50570705882164,39.69170379638672,669900,0.0,0.0,0.0
1996-09-11,39.61729936697499,39.95209344613252,39.52430101165345,39.914894104003906,713500,0.0,0.0,0.0
1996-09-12,40.026488777665506,40.31478365501393,39.97068976914645,40.193885803222656,713300,0.0,0.0,0.0
1996-09-13,40.65887705369113,40.84487374652595,40.54727903799024,40.807674407958984,2008800,0.0,0.0,0.0
1996-09-16,40.86346453390372,41.161059177755554,40.80766553818151,40.95646286010742,1220200,0.0,0.0,0.0
1996-09-17,40.993692626397504,41.05879150307282,40.612399205870666,40.863494873046875,604700,0.0,0.0,0.0
1996-09-18,40.80767623828259,40.91927425898892,40.60307986698764,40.76117706298828,225500,0.0,0.0,0.0
1996-09-19,40.6960849276456,40.9471805156361,40.64028590809215,40.919281005859375,410000,0.0,0.0,0.0
1996-09-20,41.036383335557254,41.148555681804794,40.905515598268465,41.06442642211914,948400,0.352,0.0,0.0
1996-09-23,40.96158061870026,41.12983905118237,40.77462680483125,41.055057525634766,466800,0.0,0.0,0.0
1996-09-24,41.01769131665022,41.42898995337142,40.868128176024335,41.04573440551758,1269800,0.0,0.0,0.0
1996-09-25,41.24204626417616,41.24204626417616,40.98031070311611,41.073787689208984,1353300,0.0,0.0,0.0
1996-09-26,41.12983905118237,41.39157439059898,40.91484216523301,41.055057525634766,773200,0.0,0.0,0.0
1996-09-27,41.1111483864615,41.1111483864615,40.90549916761153,41.09245300292969,407600,0.0,0.0,0.0
1996-09-30,41.14853443256927,41.31679286505138,41.027014453554415,41.055057525634766,578200,0.0,0.0,0.0
1996-10-01,41.10179375824721,41.30744294239127,40.94288302504498,41.27939987182617,561400,0.0,0.0,0.0
1996-10-02,41.42899247348389,41.63464180435407,41.372906292337476,41.55986022949219,609000,0.0,0.0,0.0
1996-10-03,41.57854710715893,41.59724249704525,41.40094090323897,41.5224609375,342200,0.0,0.0,0.0
1996-10-04,41.690721227983964,42.08332443237305,41.57854888387279,42.08332443237305,754100,0.0,0.0,0.0
1996-10-07,42.0646091932623,42.25156301189902,42.027218429534955,42.130043029785156,235100,0.0,0.0,0.0
1996-10-08,42.14875733886909,42.28897276581144,41.88702187524338,41.9618034362793,386200,0.0,0.0,0.0
1996-10-09,42.02724298854874,42.10202455970274,41.58790125801898,41.634639739990234,528800,0.0,0.0,0.0
1996-10-10,41.63464349632993,41.79355434936936,41.50377573500334,41.550514221191406,1562200,0.0,0.0,0.0
1996-10-11,41.70941239929199,42.06462478637695,41.70941239929199,42.06462478637695,331300,0.0,0.0,0.0
1996-10-14,42.064622302506166,42.2889669547862,42.055274608661165,42.12070846557617,201600,0.0,0.0,0.0
1996-10-15,42.55070489501953,42.55070489501953,41.849627815246585,42.06462478637695,776900,0.0,0.0,0.0
1996-10-16,42.176767719577555,42.27024459838867,41.84025095585752,42.27024459838867,590100,0.0,0.0,0.0
1996-10-17,42.40112641228944,42.49460332236944,42.204824901121434,42.38243103027344,792500,0.0,0.0,0.0
1996-10-18,42.401146962800645,42.66288243787966,42.30767000741528,42.60679626464844,695800,0.0,0.0,0.0
1996-10-21,42.64418954631356,42.849838860215115,42.438540232412,42.55071258544922,879200,0.0,0.0,0.0
1996-10-22,42.513337761532945,42.52268546112871,42.232906773660034,42.25160217285156,848900,0.0,0.0,0.0
1996-10-23,42.158096153654625,42.41048386898693,41.98983767676643,42.391788482666016,735900,0.0,0.0,0.0
1996-10-24,42.3918008931591,42.466582460335566,42.00854536137972,42.02724075317383,379300,0.0,0.0,0.0
1996-10-25,42.017886314392086,42.21418789672852,41.95245245361328,42.06462478637695,568300,0.0,0.0,0.0
1996-10-28,42.10202809446877,42.31702512958706,41.76551099602275,41.78420639038086,975400,0.0,0.0,0.0
1996-10-29,41.91505920098614,42.22353309787119,41.70006224255111,42.12070846557617,815900,0.0,0.0,0.0
1996-10-30,42.25157858985114,42.25157858985114,41.93375698098943,41.98049545288086,495400,0.0,0.0,0.0
1996-10-31,42.036566462977426,42.40112641228944,41.989828007937426,42.38243103027344,726300,0.0,0.0,0.0
1996-11-01,42.46657965002782,42.56940429809084,42.03658566721882,42.232887268066406,821300,0.0,0.0,0.0
1996-11-04,42.288980015978645,42.51332473754883,42.19550304865774,42.51332473754883,1608400,0.0,0.0,0.0
1996-11-05,42.65353825564566,42.95266453751738,42.64419055933716,42.75636291503906,764000,0.0,0.0,0.0
1996-11-06,42.83115220857454,43.59766344408373,42.79376141659848,43.5789680480957,1665000,0.0,0.0,0.0
1996-11-07,43.44809696614653,43.85004794926708,43.392010782455294,43.68178939819336,1446300,0.0,0.0,0.0
1996-11-08,43.69113135961909,43.93417145704102,43.522872830634675,43.92482376098633,1355700,0.0,0.0,0.0
1996-11-11,43.82199991272518,43.980910748586176,43.80330452027095,43.87808609008789,655900,0.0,0.0,0.0
1996-11-12,43.99960688811082,44.02764997726832,43.68178521099254,43.74721908569336,719900,0.0,0.0,0.0
1996-11-13,43.7939678590568,44.00896492645452,43.68179547606668,43.94353103637695,481900,0.0,0.0,0.0
1996-11-14,43.78460227727688,44.23329162597656,43.76590688774773,44.23329162597656,558800,0.0,0.0,0.0
1996-11-15,44.34547674872293,44.569821487755256,44.10243661477124,44.289390563964844,2250900,0.0,0.0,0.0
1996-11-18,44.373521970228495,44.4202604597695,44.11178642879888,44.29874038696289,1518200,0.0,0.0,0.0
1996-11-19,44.354788426355874,44.62587143254435,44.289354597275896,44.61652374267578,1029300,0.0,0.0,0.0
1996-11-20,44.60719308571894,44.87827619541841,44.45762999071234,44.691322326660156,730000,0.0,0.0,0.0
1996-11-21,44.747420315368934,44.7754634030953,44.495032525831654,44.62590026855469,653000,0.0,0.0,0.0
1996-11-22,44.69130241506637,45.01847153962761,44.69130241506637,44.97173309326172,965100,0.0,0.0,0.0
1996-11-25,45.01849084612967,45.56065705648589,44.91566622002763,45.541961669921875,2058800,0.0,0.0,0.0
1996-11-26,45.635450366301434,45.878490454282556,45.14937019033919,45.39241027832031,2861800,0.0,0.0,0.0
1996-11-27,45.50458255403431,45.579364119447675,45.25219477076419,45.30828094482422,872000,0.0,0.0,0.0
1996-11-29,45.46717284654419,45.59804053154658,45.38304362047123,45.47652053833008,1073400,0.0,0.0,0.0
1996-12-02,45.42044245145981,45.54196246625071,45.10262087431438,45.49522399902344,1350600,0.0,0.0,0.0
1996-12-03,45.5045587482261,45.81303254417752,44.71935272216797,44.71935272216797,1777800,0.0,0.0,0.0
1996-12-04,44.7941733704822,44.906345757887415,44.326788422960476,44.840911865234375,2365100,0.0,0.0,0.0
1996-12-05,44.77543886688641,44.95304499182813,44.58848505115828,44.71935272216797,1697700,0.0,0.0,0.0
1996-12-06,43.8219945216199,44.71937324902508,43.466782108688676,44.457637786865234,3401800,0.0,0.0,0.0
1996-12-09,44.682005318279245,45.12134721157613,44.61657141927758,45.11199951171875,1864600,0.0,0.0,0.0
1996-12-10,45.20546959252152,45.27090348150987,44.85025705229906,44.896995544433594,1331600,0.0,0.0,0.0
1996-12-11,44.04633797014128,44.64459043832656,43.85938407383338,44.485679626464844,1847900,0.0,0.0,0.0
1996-12-12,44.73807490259154,44.794161080906534,43.635046729063376,43.74721908569336,2540200,0.0,0.0,0.0
1996-12-13,43.709827120651674,44.01830109306004,43.31722388304103,43.85939025878906,1678300,0.0,0.0,0.0
1996-12-16,43.971553110705756,44.0837254400698,43.11156525224808,43.298519134521484,1831100,0.0,0.0,0.0
1996-12-17,43.16766141073227,43.84069554273157,42.99940287773245,43.64439392089844,2023200,0.0,0.0,0.0
1996-12-18,43.89677649683208,44.130468875967686,43.831342630674115,43.99025344848633,1666800,0.0,0.0,0.0
1996-12-19,44.382872130953714,44.943734036568124,44.20526586084249,44.896995544433594,2269300,0.0,0.0,0.0
1996-12-20,45.16458403840195,45.52154206532775,44.93913686350144,44.99549865722656,1543200,0.367,0.0,0.0
1996-12-23,45.14578454172127,45.2115399499177,44.68549668434625,44.88276290893555,1263700,0.0,0.0,0.0
1996-12-24,44.99550951560025,45.21156311035156,44.96732861193703,45.21156311035156,633000,0.0,0.0,0.0
1996-12-26,45.35247164382148,45.58731252847258,45.3148971022773,45.55913162231445,1384300,0.0,0.0,0.0
1996-12-27,45.559116721742434,45.70941483876261,45.39003134009473,45.615478515625,410400,0.0,0.0,0.0
1996-12-30,45.76578567688724,45.76578567688724,45.183380358339,45.22095489501953,694100,0.0,0.0,0.0
1996-12-31,45.25852424211538,45.314886040673436,44.394309997558594,44.394309997558594,1378100,0.0,0.0,0.0
1997-01-02,44.71369040067712,44.71369040067712,43.73675262721695,44.50703048706055,2031900,0.0,0.0,0.0
1997-01-03,44.71370952604614,45.164604075888626,44.53523043340016,45.145816802978516,2123200,0.0,0.0,0.0
1997-01-06,45.14581444882025,45.35247444005497,44.67613265055953,44.75128173828125,1374100,0.0,0.0,0.0
1997-01-07,44.75125856846509,45.371238221176824,44.56338594643123,45.29608917236328,939000,0.0,0.0,0.0
1997-01-08,45.540332593079896,45.55911985900113,44.90156555175782,44.90156555175781,1802200,0.0,0.0,0.0
1997-01-09,45.12699988907303,45.61546866389231,45.05185084679315,45.27729797363281,1415700,0.0,0.0,0.0
1997-01-10,44.63851936227582,45.84090372220245,44.63851936227582,45.76575469970703,2369500,0.0,0.0,0.0
1997-01-13,45.99123010743192,45.99123010743192,45.47458025941133,45.70002746582031,1364600,0.0,0.0,0.0
1997-01-14,46.10395155986828,46.526665052165356,45.991227961922384,46.27303695678711,2111200,0.0,0.0,0.0
1997-01-15,46.12272668573785,46.4139292371142,45.916066810567536,46.160301208496094,1583900,0.0,0.0,0.0
1997-01-16,46.310611959889584,46.470303725268515,45.99122842913173,46.34818649291992,1308400,0.0,0.0,0.0
1997-01-17,46.41395127437078,46.74272850460818,46.35758946347294,46.6300048828125,1604000,0.0,0.0,0.0
1997-01-20,46.74269065319652,46.94935045913911,46.57360535742531,46.68632888793945,1889900,0.0,0.0,0.0
1997-01-21,46.5172649939379,47.22178738378955,46.3575732522382,47.062095642089844,2785800,0.0,0.0,0.0
1997-01-22,47.08086990072195,47.40025329589844,46.81784828116485,47.40025329589844,1201600,0.0,0.0,0.0
1997-01-23,47.53176351835491,47.90750868450791,46.23544269512704,46.742698669433594,2601100,0.0,0.0,0.0
1997-01-24,46.81786297353937,46.83665023797498,46.14152145385742,46.14152145385742,2176000,0.0,0.0,0.0
1997-01-27,46.21666967065639,46.43272320773466,45.91607344515619,46.010009765625,2108500,0.0,0.0,0.0
1997-01-28,46.66756485805449,46.79907570910376,45.69062710740279,46.14152145385742,4376000,0.0,0.0,0.0
1997-01-29,46.216662006993445,46.5924072265625,46.047576658187374,46.5924072265625,1122700,0.0,0.0,0.0
1997-01-30,46.817869617680834,47.21240222681859,46.536060611153864,47.1936149597168,2126300,0.0,0.0,0.0
1997-01-31,47.4566286648826,47.73843762370019,47.11845791430149,47.137245178222656,3208100,0.0,0.0,0.0
1997-02-03,47.32511680992607,47.42844675929272,47.10906327943216,47.27814865112305,755000,0.0,0.0,0.0
1997-02-04,47.34390783083947,47.61632317351692,47.15603518071709,47.56935501098633,654100,0.0,0.0,0.0
1997-02-05,47.6350988294786,47.776003282730855,46.36695875020832,46.67694854736328,2255400,0.0,0.0,0.0
1997-02-06,46.76149894351341,47.01512700126248,46.536051781069794,46.98694610595703,2483100,0.0,0.0,0.0
1997-02-07,47.38148271609575,47.64450442823903,46.76150296604375,47.62571716308594,2321000,0.0,0.0,0.0
1997-02-10,47.644520810095734,47.81360625461106,47.14665811235617,47.17483901977539,1670000,0.0,0.0,0.0
1997-02-11,47.362699827059046,47.71965789794922,46.96816722239096,47.71965789794922,1664300,0.0,0.0,0.0
1997-02-12,47.71964701066106,48.48053114606727,47.65389159155188,48.39598846435547,2675400,0.0,0.0,0.0
1997-02-13,48.58386446693526,49.034758800735126,48.50871541130195,48.922035217285156,1104800,0.0,0.0,0.0
1997-02-14,48.80932617187499,48.978411597412666,48.64024074633732,48.809326171875,1112900,0.0,0.0,0.0
1997-02-18,48.90324228301303,49.26020025588174,48.54628431014432,49.222625732421875,833100,0.0,0.0,0.0
1997-02-19,49.09112615667778,49.297786083093186,48.79052990007355,48.89385986328125,648100,0.0,0.0,0.0
1997-02-20,48.71537131625175,48.912637571099665,48.18932796999064,48.30205154418945,1193900,0.0,0.0,0.0
1997-02-21,48.339622374456,48.555675875158,48.17993065654583,48.32083511352539,1844400,0.0,0.0,0.0
1997-02-24,48.07661379063851,48.9220407623379,48.07661379063851,48.89385986328125,787300,0.0,0.0,0.0
1997-02-25,48.94082826441185,49.01597732892534,48.62144474022951,48.931434631347656,1653900,0.0,0.0,0.0
1997-02-26,48.88444996212933,48.95959900127173,47.869937933706964,48.45234298706055,1597800,0.0,0.0,0.0
1997-02-27,48.58385864389949,48.58385864389949,47.719644607697106,47.72903823852539,1813100,0.0,0.0,0.0
1997-02-28,47.64448509412089,48.02023024470544,47.531761548945525,47.5881233215332,2961200,0.0,0.0,0.0
1997-03-03,47.34387978946461,47.94507191377527,47.306305281695195,47.90749740600586,1210400,0.0,0.0,0.0
1997-03-04,48.039037116318475,48.170547972718246,47.5505682211193,47.64450454711914,1478700,0.0,0.0,0.0
1997-03-05,47.92629971306376,48.45234298706055,47.76660800488617,48.45234298706055,1254800,0.0,0.0,0.0
1997-03-06,48.47115524101555,48.640240666274906,48.02026077365727,48.17055892944336,1528500,0.0,0.0,0.0
1997-03-07,48.3584304502861,48.790537637681815,48.24570683618287,48.602664947509766,1859300,0.0,0.0,0.0
1997-03-10,48.65902227213479,49.10991668701171,48.42418143105306,49.10991668701172,1074900,0.0,0.0,0.0
1997-03-11,49.14748957707332,49.17567047706017,48.84689331054688,48.846893310546875,624600,0.0,0.0,0.0
1997-03-12,48.884472821449926,48.903260090020815,48.27388659289607,48.414791107177734,1055600,0.0,0.0,0.0
1997-03-13,48.24569715380339,48.37720801053105,47.531781074424686,47.663291931152344,2514100,0.0,0.0,0.0
1997-03-14,47.879316525178794,48.114157198737644,47.644475851619944,47.90749740600586,1642700,0.0,0.0,0.0
1997-03-17,47.64451837222652,48.11420013851424,47.156049335287285,48.0390510559082,3013500,0.0,0.0,0.0
1997-03-18,48.095400060535674,48.16115549030594,47.32512216894116,47.52238845825195,1352500,0.0,0.0,0.0
1997-03-19,47.4002530447125,47.79478547195743,46.93057158370663,47.36267852783203,1510000,0.0,0.0,0.0
1997-03-20,47.34391645951705,47.49421460700758,46.81787294330019,47.11846923828125,1808200,0.0,0.0,0.0
1997-03-21,47.48749402110795,47.5252124436823,47.28004269694902,47.33662033081055,2810600,0.299,0.0,0.0
1997-03-24,47.37434621634793,48.02498910825239,47.12917643099262,47.996700286865234,2145600,0.0,0.0,0.0
1997-03-25,47.88352096648443,48.26070506232125,47.39318164189656,47.52519607543945,2125800,0.0,0.0,0.0
1997-03-26,47.71378011111919,48.07210494199321,47.487469691619815,47.73263931274414,1335300,0.0,0.0,0.0
1997-03-27,47.90240900857108,47.90240900857108,45.95990974562508,46.46910858154297,2898500,0.0,0.0,0.0
1997-03-31,46.41253552033534,46.54455004639887,45.412996965854326,45.488433837890625,4270700,0.0,0.0,0.0
1997-04-01,45.41298039885186,45.9787567327246,45.29039552651277,45.78073501586914,3210900,0.0,0.0,0.0
1997-04-02,45.63928536920739,45.8278774575099,44.92263543365785,44.96035385131836,2672700,0.0,0.0,0.0
1997-04-03,44.92264009745458,45.33754273479463,44.77176641114911,45.205528259277344,2284200,0.0,0.0,0.0
1997-04-04,44.96035526434384,45.780730874242735,44.75290396069125,45.77130126953125,3706700,0.0,0.0,0.0
1997-04-07,45.97875878866169,46.242787756275014,45.950469970703125,45.950469970703125,2596200,0.0,0.0,0.0
1997-04-08,45.94104789230235,46.3370914086153,45.77131495673966,46.280513763427734,1822700,0.0,0.0,0.0
1997-04-09,46.469104375032096,46.497393196688975,45.7713134408291,45.90332794189453,2453200,0.0,0.0,0.0
1997-04-10,45.92220044480157,46.19565913328191,45.67703058616402,45.73360824584961,1996500,0.0,0.0,0.0
1997-04-11,45.29983063004086,45.45070433738487,44.28143310546875,44.28143310546875,4221600,0.0,0.0,0.0
1997-04-14,44.49832301050656,44.93208500637079,44.24372357815147,44.87550735473633,3988500,0.0,0.0,0.0
1997-04-15,45.412979327745674,45.64871946129917,44.96035827132296,45.63928985595703,2760400,0.0,0.0,0.0
1997-04-16,45.48843041588278,46.23336947120093,45.41299354952145,46.167362213134766,2273300,0.0,0.0,0.0
1997-04-17,46.16734422866784,46.46909157656763,45.86559688076805,45.97875213623047,1386000,0.0,0.0,0.0
1997-04-18,46.35594036802953,46.45966602792545,46.01647457200653,46.2050666809082,1702100,0.0,0.0,0.0
1997-04-21,46.318230659528744,46.41252673171834,45.54500286757407,45.90332794189453,2809400,0.0,0.0,0.0
1997-04-22,45.93162087138573,46.91230010986328,45.865613614949744,46.91230010986328,3215000,0.0,0.0,0.0
1997-04-23,46.86514987715756,47.09146046006536,46.58226164852281,46.95944595336914,2047700,0.0,0.0,0.0
1997-04-24,47.100901129267406,47.242345276802745,46.39368039159072,46.723716735839844,2689900,0.0,0.0,0.0
1997-04-25,46.50681723940854,46.59168369422498,46.12020338968921,46.18621063232422,1606200,0.0,0.0,0.0
1997-04-28,46.16734800789937,46.959434860976074,46.091911164749206,46.63882827758789,1666500,0.0,0.0,0.0
1997-04-29,47.430912654851284,48.14756262736991,47.251750161721624,48.10984420776367,3197400,0.0,0.0,0.0
1997-04-30,47.82696004533414,48.69448376855392,47.8081008339598,48.336158752441406,3372200,0.0,0.0,0.0
1997-05-01,48.41159746199846,48.60018958300352,47.864680311083795,48.27958297729492,2149500,0.0,0.0,0.0
1997-05-02,48.44931909146898,49.28855408546289,48.31730459803173,49.14710998535156,1448300,0.0,0.0,0.0
1997-05-05,49.27911911125126,50.429531000185946,49.062238181370134,50.316375732421875,3636200,0.0,0.0,0.0
1997-05-06,50.07119329013238,50.37294059432903,49.788305192448014,50.27864456176758,1721100,0.0,0.0,0.0
1997-05-07,50.09008363126977,50.09008363126977,49.128263501301866,49.18484115600586,2327200,0.0,0.0,0.0
1997-05-08,49.07165955298745,50.22207124888761,48.996222720469405,49.5242805480957,2923700,0.0,0.0,0.0
1997-05-09,50.07123240905162,50.165528515283356,49.27914511670504,49.8637809753418,2558200,0.0,0.0,0.0
1997-05-12,50.05233328399204,50.84441994485401,50.014614871570046,50.693546295166016,2357900,0.0,0.0,0.0
1997-05-13,50.65583594076038,50.750131986815404,50.09948926903572,50.48610305786133,1195100,0.0,0.0,0.0
1997-05-14,50.8350170506727,50.995320387690214,50.354107039620146,50.58041763305664,2772000,0.0,0.0,0.0
1997-05-15,50.58044436136882,51.05192501350686,50.401281713556365,50.9199104309082,884100,0.0,0.0,0.0
1997-05-16,50.76900507675899,50.88216036296276,50.090073359536355,50.22208786010742,1934200,0.0,0.0,0.0
1997-05-19,50.278678299915654,50.637003464093596,50.12780454657757,50.37297439575195,1375800,0.0,0.0,0.0
1997-05-20,50.259786747668876,51.10845106423365,49.939180228077745,50.976436614990234,1756400,0.0,0.0,0.0
1997-05-21,51.10845860702973,51.28762110030161,50.48610468303269,50.86328887939453,1208000,0.0,0.0,0.0
1997-05-22,50.91985676969801,50.97643438833101,50.42951740821203,50.693546295166016,907600,0.0,0.0,0.0
1997-05-23,50.919854135650404,51.42905267700691,50.78783969900242,51.16502380371094,644400,0.0,0.0,0.0
1997-05-27,50.91988399690468,51.617674999825226,50.85387673987166,51.37250518798828,1531000,0.0,0.0,0.0
1997-05-28,51.372478156652676,51.57049982355608,51.00472363240351,51.3630485534668,716700,0.0,0.0,0.0
1997-05-29,51.353627562236696,51.44792360990881,50.99530258108263,51.061309814453125,1282700,0.0,0.0,0.0
1997-05-30,50.22204889139998,51.63648887144316,50.165471292198255,51.391319274902344,2143300,0.0,0.0,0.0
1997-06-02,51.50448949794861,51.59878552412574,51.127305393240086,51.16502380371094,1479100,0.0,0.0,0.0
1997-06-03,50.93873028783403,51.56108426765577,50.90101186481453,50.99530792236328,1562100,0.0,0.0,0.0
1997-06-04,51.01414607392996,51.146160499999276,50.74068761992922,50.9387092590332,1063100,0.0,0.0,0.0
1997-06-05,51.05190534883652,51.48566738172283,50.948179645320224,51.127342224121094,1180800,0.0,0.0,0.0
1997-06-06,51.05189023245605,52.16458381343681,51.05189023245605,52.12686538696289,1511100,0.0,0.0,0.0
1997-06-09,52.16458527830713,52.428614271038974,52.10800763700745,52.39089584350586,1823400,0.0,0.0,0.0
1997-06-10,52.40973393227881,52.74919964324715,52.202282664464825,52.551177978515625,1217500,0.0,0.0,0.0
1997-06-11,52.50404943021616,52.74921920126243,52.40032375785044,52.67378234863281,1673800,0.0,0.0,0.0
1997-06-12,53.03209309231242,53.71102458282567,52.8435010116143,53.69216537475586,4273300,0.0,0.0,0.0
1997-06-13,53.74875860901836,54.31453501542908,53.65446254128324,54.14480209350586,2132900,0.0,0.0,0.0
1997-06-16,54.16367721557617,54.3145509682658,53.99394424380034,54.16367721557617,800400,0.0,0.0,0.0
1997-06-17,53.97508626004143,54.4559963577462,53.673338747756084,54.08824157714844,2048100,0.0,0.0,0.0
1997-06-18,53.78646860729989,54.0882159767658,53.69217255434179,53.89962387084961,1971900,0.0,0.0,0.0
1997-06-19,54.078790339350185,54.616277880648,53.937346249534976,54.45597457885742,2029900,0.0,0.0,0.0
1997-06-20,54.48817610462029,54.734300597101196,54.22311895887161,54.270450592041016,1396900,0.35,0.0,0.0
1997-06-23,54.16629041276918,54.46921269400102,52.91673600268782,52.9546012878418,3991500,0.0,0.0,0.0
1997-06-24,53.46581800346428,54.450316068683875,53.31435676266126,54.29885482788086,4895100,0.0,0.0,0.0
1997-06-25,54.21366800083204,54.67751813738534,53.276501398408016,53.92021179199219,4708900,0.0,0.0,0.0
1997-06-26,53.82552232385607,54.29883855955653,53.12501429501939,53.655128479003906,2569900,0.0,0.0,0.0
1997-06-27,53.901264812824806,54.35564849933966,53.730870930381734,53.863399505615234,2617900,0.0,0.0,0.0
1997-06-30,53.86336321199691,54.20415074725735,53.238586064019444,53.50364303588867,2384900,0.0,0.0,0.0
1997-07-01,53.61727069482473,54.26098086559593,53.55100641253946,54.12845230102539,1749000,0.0,0.0,0.0
1997-07-02,54.260974041281784,55.01828002929688,54.052714894577626,55.018280029296875,1961800,0.0,0.0,0.0
1997-07-03,55.66198547114665,55.83237930422159,55.415861045593964,55.77558135986328,2539100,0.0,0.0,0.0
1997-07-07,55.964909400469,56.04063999505691,55.075074914061,55.207603454589844,1158600,0.0,0.0,0.0
1997-07-08,55.28334936908727,55.85132898589296,55.245484061300225,55.785064697265625,3396500,0.0,0.0,0.0
1997-07-09,55.927067926180385,55.96493323960367,54.54498398623077,55.169761657714844,5390300,0.0,0.0,0.0
1997-07-10,55.207600099950014,55.643050992370746,54.81948082627067,55.41585922241211,2072200,0.0,0.0,0.0
1997-07-11,55.491598189668586,55.851318546408166,55.359069637185584,55.605194091796875,2258900,0.0,0.0,0.0
1997-07-14,55.67145179520637,55.92704254481878,55.26439986063846,55.77558135986328,3186400,0.0,0.0,0.0
1997-07-15,55.927057000198545,56.20158046888605,55.415875368849406,56.05958557128906,2983100,0.0,0.0,0.0
1997-07-16,56.41928258260091,57.006194582621255,56.27728774388631,56.797935485839844,2621300,0.0,0.0,0.0
1997-07-17,56.722217118919794,56.835813014351544,56.21103558947693,56.51395797729492,1794800,0.0,0.0,0.0
1997-07-18,56.353021152619725,56.476083352348276,55.16973077061444,55.31172561645508,3961900,0.0,0.0,0.0
1997-07-21,55.30224579478845,55.491572209697,54.94252560646219,55.3211784362793,3810300,0.0,0.0,0.0
1997-07-22,55.54837918746549,56.82633269637957,55.51051389831248,56.78846740722656,4243400,0.0,0.0,0.0
1997-07-23,56.911543745894335,57.2428651083538,56.66541930521016,56.74114990234375,3204300,0.0,0.0,0.0
1997-07-24,56.91154707519369,57.110339904298655,56.154241059555716,57.00621032714844,4152700,0.0,0.0,0.0
1997-07-25,57.290189193466965,57.44165036780527,56.72220978969829,56.96833419799805,2364800,0.0,0.0,0.0
1997-07-28,57.100851857547234,57.29017828943565,56.64646842101502,56.930458068847656,2794700,0.0,0.0,0.0
1997-07-29,56.72220358439222,57.233384991861705,56.59914139370512,57.119789123535156,2737100,0.0,0.0,0.0
1997-07-30,57.252344645635446,57.93392017713111,57.195546684677474,57.8013916015625,4839800,0.0,0.0,0.0
1997-07-31,57.80133907755867,58.17999180653056,57.57414744017554,57.74454116821289,2138700,0.0,0.0,0.0
1997-08-01,57.858155884030154,57.99068438245561,56.83579318189088,57.51736831665039,7077700,0.0,0.0,0.0
1997-08-04,57.422748293911084,57.88659838728425,57.195556411442595,57.66887283325195,2339500,0.0,0.0,0.0
1997-08-05,57.61204757590306,57.97176788610423,57.498451688471114,57.70671081542969,1466700,0.0,0.0,0.0
1997-08-06,57.82029911566355,58.48294170539774,57.593107370611826,58.18001937866211,2478200,0.0,0.0,0.0
1997-08-07,58.46398135325948,58.539711899053856,57.630945349521326,57.74454116821289,3641900,0.0,0.0,0.0
1997-08-08,57.13874603179564,57.40380317044545,55.983854213392874,56.57076644897461,7113100,0.0,0.0,0.0
1997-08-11,56.79793627159144,57.119791243797124,56.11636103633234,56.98726272583008,6355900,0.0,0.0,0.0
1997-08-12,57.08190968839966,57.28070240870752,56.021681846757744,56.0784797668457,6132500,0.0,0.0,0.0
1997-08-13,56.76009625448762,56.85475952375794,55.415877830848984,55.90812683105469,6982300,0.0,0.0,0.0
1997-08-14,56.400360887349855,56.532889429213384,55.56732433849339,56.116371154785156,3462700,0.0,0.0,0.0
1997-08-15,55.813449975135555,55.813449975135555,54.2988380355118,54.39350128173828,4907100,0.0,0.0,0.0
1997-08-18,54.753224825834714,55.605194091796875,54.12844736412913,55.605194091796875,5638900,0.0,0.0,0.0
1997-08-19,55.87021806704721,56.286736127865595,55.453700006228836,56.248870849609375,3802800,0.0,0.0,0.0
1997-08-20,56.305678175362104,57.138714436194626,56.106885431299794,57.10084915161133,3564600,0.0,0.0,0.0
1997-08-21,57.02512309923793,57.10085367440292,55.79450125280683,56.0974235534668,5392600,0.0,0.0,0.0
1997-08-22,55.1318477653797,56.18260928700696,54.86679080496923,56.0784797668457,8087800,0.0,0.0,0.0
1997-08-25,56.211049919167195,56.589703000468425,55.64307029721535,55.870262145996094,3888000,0.0,0.0,0.0
1997-08-26,55.73774922076526,56.078537089642225,54.95204385641004,55.04670715332031,4290000,0.0,0.0,0.0
1997-08-27,55.131870117187496,55.71878219604492,54.772149810791014,55.377994537353516,5484300,0.0,0.0,0.0
1997-08-28,55.2454700996387,55.699853678251216,54.52602943350221,54.53549575805664,4287900,0.0,0.0,0.0
1997-08-29,54.60178504511199,55.19816376526491,54.35566049393776,54.75324630737305,2652300,0.0,0.0,0.0
1997-09-02,54.942547792407865,56.561289293528084,54.885749845000134,56.53289031982422,7294000,0.0,0.0,0.0
1997-09-03,56.523448099592315,56.94943288681082,56.19212659842238,56.2299919128418,2812500,0.0,0.0,0.0
1997-09-04,56.381439612277894,56.779025318073,56.1921130857088,56.589698791503906,2473700,0.0,0.0,0.0
1997-09-05,56.930452637015684,57.214442257752374,56.09741641618805,56.42873764038086,3663300,0.0,0.0,0.0
1997-09-08,56.779025830787674,56.94941970623852,56.53290134402534,56.674896240234375,803500,0.0,0.0,0.0
1997-09-09,56.476078225774245,57.11978813515283,56.286751781839364,56.703269958496094,1885200,0.0,0.0,0.0
1997-09-10,56.419291556430196,56.646483334509774,55.529457092285156,55.529457092285156,3623700,0.0,0.0,0.0
1997-09-11,55.60521533670615,55.68094596705917,54.677515114881636,55.2454948425293,7055900,0.0,0.0,0.0
1997-09-12,55.73771787389334,56.32462998465784,55.094007816925824,56.13530349731445,6708000,0.0,0.0,0.0
1997-09-15,56.13527828293878,56.532863727775776,55.85128867948377,56.04061508178711,2060500,0.0,0.0,0.0
1997-09-16,56.532872081195826,57.72562859195113,56.362478293945074,57.4416389465332,6979000,0.0,0.0,0.0
1997-09-17,57.782426521034715,57.85815709314617,57.252312516254584,57.4416389465332,2220000,0.0,0.0,0.0
1997-09-18,57.555208071591935,58.388243977891285,57.53627543735786,57.68773651123047,5045400,0.0,0.0,0.0
1997-09-19,57.55734853672378,57.98489569488696,57.405331769376865,57.78537368774414,1566400,0.348,0.0,0.0
1997-09-22,58.07038281617249,58.49792981007429,57.89936401861178,58.1083869934082,3259000,0.0,0.0,0.0
1997-09-23,58.10840603681807,58.19391546362176,57.6143515708412,57.842376708984375,1872800,0.0,0.0,0.0
1997-09-24,57.994420959128966,58.440970399672715,57.32934732427657,57.36735153198242,2793100,0.0,0.0,0.0
1997-09-25,57.3103031517268,57.614336590197496,56.93026135363842,56.968265533447266,6327800,0.0,0.0,0.0
1997-09-26,57.42430769667656,57.65233274378447,57.27229099860461,57.44330978393555,3995800,0.0,0.0,0.0
1997-09-29,57.46233374919367,58.108404961982224,57.253310709762076,57.99439239501953,2065000,0.0,0.0,0.0
1997-09-30,57.76636772913649,58.18441381138682,57.38632583618165,57.38632583618164,4137600,0.0,0.0,0.0
1997-10-01,57.918382951325064,58.2604206459195,57.63335153916303,58.14640808105469,3567500,0.0,0.0,0.0
1997-10-02,58.089406178065005,58.48845018517634,57.95639150902789,58.46944808959961,2577500,0.0,0.0,0.0
1997-10-03,59.26752870601324,59.43854754485714,57.975386368081566,58.763973236083984,6499900,0.0,0.0,0.0
1997-10-06,59.1725360344661,59.35305597419874,58.92550874851618,59.153533935546875,2272100,0.0,0.0,0.0
1997-10-07,59.305519275191784,59.89458402928693,59.105997342353106,59.70456314086914,1832800,0.0,0.0,0.0
1997-10-08,59.80907554809864,59.81857659266546,58.82096691314991,59.28651809692383,4439400,0.0,0.0,0.0
1997-10-09,58.84948950344514,59.35304503196994,58.507451785956604,59.0775146484375,3607600,0.0,0.0,0.0
1997-10-10,58.56444884761687,58.97299383471089,58.52644466277092,58.90648651123047,2858100,0.0,0.0,0.0
1997-10-13,59.191537605651995,59.315051247525744,58.811495630655834,58.9635124206543,1760300,0.0,0.0,0.0
1997-10-14,59.26754107057433,59.28654316774348,58.48845508663924,58.98250961303711,2235700,0.0,0.0,0.0
1997-10-15,58.56442551432712,59.02047555077873,58.54542342947497,58.849456787109375,2601700,0.0,0.0,0.0
1997-10-16,59.17251110827829,59.2865236537663,57.76635638059281,57.918373107910156,9488100,0.0,0.0,0.0
1997-10-17,57.775860531345124,57.99438458860889,56.55022560147446,57.32931137084961,8151300,0.0,0.0,0.0
1997-10-20,57.67135572745131,58.22241645763123,57.25330965628032,58.14640808105469,3636400,0.0,0.0,0.0
1997-10-21,58.50746121523491,59.28654725285253,58.39344862436404,59.27704620361328,5225400,0.0,0.0,0.0
1997-10-22,59.19152665730636,59.220029800159,58.697472181194016,58.88749313354492,4485200,0.0,0.0,0.0
1997-10-23,57.72833251953125,58.222386714892615,57.32928874635477,57.72833251953125,8054100,0.0,0.0,0.0
1997-10-24,58.46945467908331,58.46945467908331,56.95878791048172,57.15830993652344,6778700,0.0,0.0,0.0
1997-10-27,56.55974925940182,57.12031119561964,52.806834601672314,53.0158576965332,10840700,0.0,0.0,0.0
1997-10-28,51.30566138406804,56.47423171609267,51.30566138406804,56.07518768310547,19548000,0.0,0.0,0.0
1997-10-29,56.246192302178905,57.00627598193808,55.50511071441371,55.92315673828125,10134400,0.0,0.0,0.0
1997-10-30,55.10608787085962,56.28421802534006,54.57402909141683,54.68804168701172,9772900,0.0,0.0,0.0
1997-10-31,55.828169662776,56.24621586174845,54.99207726483109,55.980186462402344,7072700,0.0,0.0,0.0
1997-11-03,56.6642553958487,57.38633510914255,56.47423441866611,57.15830993652344,5548500,0.0,0.0,0.0
1997-11-04,57.0823015456504,57.424339304579064,56.72126168900348,57.15830993652344,3455700,0.0,0.0,0.0
1997-11-05,57.27231925018898,57.937392632324546,57.06329618723208,57.34832763671875,4774900,0.0,0.0,0.0
1997-11-06,57.177334669840505,57.367355722249414,56.85429888074536,57.12982940673828,3679800,0.0,0.0,0.0
1997-11-07,56.17018842152004,56.70224703985649,55.600125616159545,56.51222610473633,10606800,0.0,0.0,0.0
1997-11-10,56.930272650815475,57.06328730654168,55.94216377970653,56.170188903808594,4347900,0.0,0.0,0.0
1997-11-11,56.36021640327358,56.58824155392742,55.96117238962936,56.1891975402832,3212400,0.0,0.0,0.0
1997-11-12,55.714139005755854,56.37921228856672,54.95405525397201,55.03006362915039,6775300,0.0,0.0,0.0
1997-11-13,55.61914387229676,56.0371900510431,54.783051514804086,55.82816696166992,8589600,0.0,0.0,0.0
1997-11-14,56.132176139836666,56.78774827146306,55.704629097471624,56.588226318359375,5827900,0.0,0.0,0.0
1997-11-17,57.38631555674849,57.956378294067186,57.17729255306497,57.63334274291992,5149900,0.0,0.0,0.0
1997-11-18,57.65235404993575,57.82337289846885,57.091792268632815,57.27231216430664,3433600,0.0,0.0,0.0
1997-11-19,56.96828139296614,57.804373581522015,56.398218537132585,57.55734634399414,4387900,0.0,0.0,0.0
1997-11-20,57.95639366832206,58.69747542342519,57.93739157203736,58.43144607543945,4822700,0.0,0.0,0.0
1997-11-21,58.75446648807181,58.86847903623754,58.165401655882214,58.830474853515625,5436500,0.0,0.0,0.0
1997-11-24,58.37443590666118,58.58345895189988,57.5383437257064,57.7663688659668,4337200,0.0,0.0,0.0
1997-11-25,58.14639819888618,58.2604107443742,57.55733338053145,57.918373107910156,4525000,0.0,0.0,0.0
1997-11-26,58.29841279343994,58.3649201092082,57.95637516948885,58.08938980102539,2681100,0.0,0.0,0.0
1997-11-28,58.22241645763123,58.5264499639374,58.12740598691055,58.14640808105469,1564700,0.0,0.0,0.0
1997-12-01,58.507479628471486,59.6476058959961,58.393467001719024,59.647605895996094,4850900,0.0,0.0,0.0
1997-12-02,59.40053063172561,59.58105047849509,59.1345013838548,59.28651809692383,1974900,0.0,0.0,0.0
1997-12-03,59.3625281563427,59.91358875702578,58.906478004053255,59.45753860473633,3302500,0.0,0.0,0.0
1997-12-04,59.89460148143219,60.02761614208258,59.21052608380162,59.40054702758789,2872500,0.0,0.0,0.0
1997-12-05,59.2105320866019,60.19864109446561,59.05851531616133,60.16063690185547,3458800,0.0,0.0,0.0
1997-12-08,60.179641178676064,60.198643275669646,59.74259294782367,59.989620208740234,2289200,0.0,0.0,0.0
1997-12-09,59.723561922101325,59.95158697557419,59.36252225410262,59.6285514831543,1703000,0.0,0.0,0.0
1997-12-10,59.32452821992135,59.49554703926128,58.65945503359936,59.11550521850586,3558400,0.0,0.0,0.0
1997-12-11,58.56443712023679,58.7354559177975,57.95637028446535,58.1083869934082,5072800,0.0,0.0,0.0
1997-12-12,58.64046199141221,58.678466179352206,57.70935938688233,58.222415924072266,4478400,0.0,0.0,0.0
1997-12-15,58.5264500631847,59.04900765303456,58.2984249330684,58.81148147583008,4674700,0.0,0.0,0.0
1997-12-16,59.115536268965585,59.476576188319605,58.90651315776063,59.172542572021484,2885800,0.0,0.0,0.0
1997-12-17,59.495576702140085,59.51457880265178,58.802000033462946,58.868507385253906,2236300,0.0,0.0,0.0
1997-12-18,58.94451038405358,58.94451038405358,57.8993949517122,58.298439025878906,4658300,0.0,0.0,0.0
1997-12-19,57.710053085141006,58.53039433560747,56.393691543694814,57.862674713134766,8556000,0.38,0.0,0.0
1997-12-22,58.26332344223885,58.54948907800623,57.729147588806406,58.23470687866211,5136800,0.0,0.0,0.0
1997-12-23,58.263324722279854,58.377790979101626,57.09958444459188,57.19497299194336,4436500,0.0,0.0,0.0
1997-12-24,57.65284559263279,57.65284559263279,56.92789253753019,57.02328109741211,2019200,0.0,0.0,0.0
1997-12-26,57.46207118074086,57.46207118074086,57.023283784606384,57.25221633911133,941800,0.0,0.0,0.0
1997-12-29,57.74826566658768,58.435063672533225,57.6528770546508,58.377830505371094,2080000,0.0,0.0,0.0
1997-12-30,58.568568910871235,59.36983272007534,58.51133578164237,59.293521881103516,3616000,0.0,0.0,0.0
1997-12-31,59.14091244100066,59.59877756957615,59.026446158856785,59.25537872314453,4359500,0.0,0.0,0.0
1998-01-02,59.40796340756657,59.61781812737493,58.93102086254757,59.560585021972656,2360900,0.0,0.0,0.0
1998-01-05,59.73231970231425,60.09479625113059,59.08367745706395,59.69416427612305,4191800,0.0,0.0,0.0
1998-01-06,59.36982542200885,59.388903129406664,58.72118337048305,58.74026107788086,3154900,0.0,0.0,0.0
1998-01-07,58.66396220942165,59.04551643517398,58.129786293368376,58.89289474487305,4424200,0.0,0.0,0.0
1998-01-08,58.79754039789337,58.79754039789337,58.225208726272086,58.377830505371094,3831000,0.0,0.0,0.0
1998-01-09,58.14886126456909,58.301482947678196,56.10754625298481,56.35555648803711,10258800,0.0,0.0,0.0
1998-01-12,55.6306079499265,57.500223717790966,55.4970639665076,57.38575744628906,12097900,0.0,0.0,0.0
1998-01-13,57.767268041391844,58.22513278148214,57.51925797384294,58.18697738647461,5224900,0.0,0.0,0.0
1998-01-14,58.41595758034729,58.58765699844759,57.82454847355736,58.4541130065918,3770400,0.0,0.0,0.0
1998-01-15,58.30147693226638,58.45409859962833,57.881767347021004,57.96761703491211,2875400,0.0,0.0,0.0
1998-01-16,58.759349003617906,59.02643695363435,58.39687250002416,58.79750442504883,4374800,0.0,0.0,0.0
1998-01-20,59.02642802290838,59.837230605640634,58.91196177593441,59.751380920410156,5091700,0.0,0.0,0.0
1998-01-21,59.35074216669256,59.636907750909984,58.70210017579975,59.17904281616211,4699400,0.0,0.0,0.0
1998-01-22,58.70209794875024,59.14088516123684,58.53039860473375,58.65440368652344,4543400,0.0,0.0,0.0
1998-01-23,58.91194110087541,59.08364041107873,57.99621144645766,58.56854248046875,6350300,0.0,0.0,0.0
1998-01-26,58.83561576236491,59.055009271206416,58.2442071733139,58.530372619628906,4362900,0.0,0.0,0.0
1998-01-27,58.492254163034886,59.522450420309475,58.39686562069465,59.12181854248047,7044200,0.0,0.0,0.0
1998-01-28,59.46519071300227,59.89443896165243,59.33164681342222,59.655967712402344,4268600,0.0,0.0,0.0
1998-01-29,59.7322945521988,60.78156833066285,59.56059520663195,59.98030471801758,8007700,0.0,0.0,0.0
1998-01-30,60.30462105927464,60.41908728083606,59.82767846943539,60.018455505371094,3649100,0.0,0.0,0.0
1998-02-02,60.99145085070564,61.35392741190783,60.89606228196823,61.010528564453125,5756300,0.0,0.0,0.0
1998-02-03,61.04865899965084,61.544679354023,60.876959646214324,61.46836853027344,2759600,0.0,0.0,0.0
1998-02-04,61.22038279237623,61.754558771867195,61.010527943290484,61.39208221435547,3374000,0.0,0.0,0.0
1998-02-05,61.849925098134506,62.02162445836992,61.067739123728735,61.353904724121094,5076200,0.0,0.0,0.0
1998-02-06,61.65914109946763,62.04069519042969,61.468364053986605,62.04069519042969,5701200,0.0,0.0,0.0
1998-02-09,62.09793659317313,62.11701430026781,61.48744996614347,61.830848693847656,2322200,0.0,0.0,0.0
1998-02-10,61.926232309971,62.55579659408346,61.77361066533768,62.4222526550293,3660400,0.0,0.0,0.0
1998-02-11,62.32689202659609,62.479513739547656,62.088420600109266,62.365047454833984,4073200,0.0,0.0,0.0
1998-02-12,62.09793481237091,62.8419653677265,61.58283673558626,62.632110595703125,5024700,0.0,0.0,0.0
1998-02-13,62.38408902112175,62.58440490329967,62.193311990476126,62.269622802734375,2101300,0.0,0.0,0.0
1998-02-17,62.76567871977643,62.93737814484573,62.36504672794807,62.57490158081055,3055500,0.0,0.0,0.0
1998-02-18,62.460407953175896,63.17582191110018,62.44133024763125,63.1472053527832,3007400,0.0,0.0,0.0
1998-02-19,63.032751965359836,63.12814051252291,62.727508614438,62.813358306884766,3387800,0.0,0.0,0.0
1998-02-20,62.97550318490535,63.31890186934288,62.498560567630996,63.28074645996094,3707000,0.0,0.0,0.0
1998-02-23,63.64319848412866,63.64319848412866,63.08994525989613,63.52873229980469,3227800,0.0,0.0,0.0
1998-02-24,63.43339257321115,63.54785884552371,62.84198349959625,63.03276062011719,3386800,0.0,0.0,0.0
1998-02-25,63.33797214205846,64.02476943034584,63.26166133224875,63.81491470336914,3481800,0.0,0.0,0.0
1998-02-26,63.75771191627602,64.23465470439898,63.605090224076676,64.17742156982422,3187600,0.0,0.0,0.0
1998-02-27,64.08203301219963,64.42543181964815,63.814945050850774,64.17742156982422,3442900,0.0,0.0,0.0
1998-03-02,64.25371616285118,64.55895947003812,63.87216202886751,64.04386138916016,4252300,0.0,0.0,0.0
1998-03-03,63.81493261075133,64.482652383958,63.81493261075133,64.40634155273438,3349200,0.0,0.0,0.0
1998-03-04,64.1583403244428,64.34911742918393,63.75770840448642,63.98664093017578,4404100,0.0,0.0,0.0
1998-03-05,63.185355522529996,63.75768664139349,62.97550077894671,63.39521026611328,7268000,0.0,0.0,0.0
1998-03-06,63.83397457606672,64.67339324951172,63.75766378757173,64.67339324951172,6896300,0.0,0.0,0.0
1998-03-09,64.42542607435607,64.84513569047566,64.25372668594352,64.44450378417969,3362800,0.0,0.0,0.0
1998-03-10,64.8451302559145,65.22668442040944,64.67343088189178,65.05498504638672,5481900,0.0,0.0,0.0
1998-03-11,65.3029963665376,65.51285116058725,65.1885301152378,65.3602294921875,3439600,0.0,0.0,0.0
1998-03-12,65.37932431864184,65.6845677353615,65.01684776128725,65.62733459472656,3191300,0.0,0.0,0.0
1998-03-13,65.83720636826963,65.93259496051576,65.24579709634371,65.37934112548828,2879400,0.0,0.0,0.0
1998-03-16,65.83717958040656,66.16150066208344,65.6464024735378,66.08518981933594,3223600,0.0,0.0,0.0
1998-03-17,66.12335637717942,66.2759780883789,65.72272438528076,66.2759780883789,4581900,0.0,0.0,0.0
1998-03-18,66.08519940694902,66.52398681640625,65.95165541276639,66.52398681640625,1944100,0.0,0.0,0.0
1998-03-19,66.52400213848263,66.77201247051597,66.33322495999543,66.6957015991211,2554800,0.0,0.0,0.0
1998-03-20,67.0786636751802,67.46131435216354,66.65774793049852,67.26998901367188,3123300,0.313,0.0,0.0
1998-03-23,67.17427988606957,67.53779777779138,66.98295467990019,67.11688232421875,4453100,0.0,0.0,0.0
1998-03-24,67.38477458274588,67.84395532947667,67.30824445829073,67.6908950805664,3333600,0.0,0.0,0.0
1998-03-25,68.20747040011359,68.28400052117964,66.84906075119127,67.44216918945312,4597600,0.0,0.0,0.0
1998-03-26,67.26998005676703,67.80569093321455,67.11691980635345,67.4039077758789,3333500,0.0,0.0,0.0
1998-03-27,67.80565306642852,67.82478558704545,66.73423191187999,67.11688232421875,2611300,0.0,0.0,0.0
1998-03-30,67.11688595394781,67.40387377872239,66.7151029992634,67.07862091064453,3108700,0.0,0.0,0.0
1998-03-31,67.44212464489267,68.07349772667465,67.19340191570583,67.30819702148438,5926500,0.0,0.0,0.0
1998-04-01,67.537828889398,68.00657586044339,66.98298553591569,67.853515625,2929000,0.0,0.0,0.0
1998-04-02,67.9204496545938,68.72401553783124,67.80565452841701,68.590087890625,3920900,0.0,0.0,0.0
1998-04-03,68.78141857933872,69.06840641763917,68.47529821848492,68.93447875976562,3787600,0.0,0.0,0.0
1998-04-06,69.33628031469685,69.41281042541948,68.37965393066406,68.37965393066406,4550500,0.0,0.0,0.0
1998-04-07,68.4179092106349,68.53270436031718,67.44215043833557,67.92046356201172,5583700,0.0,0.0,0.0
1998-04-08,68.09266218017925,68.13092723338531,67.19343342983689,67.5378189086914,4854800,0.0,0.0,0.0
1998-04-09,67.69088914516335,68.13093732219522,67.67175661572719,68.07353973388672,4481200,0.0,0.0,0.0
1998-04-13,68.1883149001886,68.1883149001886,67.34648385203812,67.88219451904297,4350200,0.0,0.0,0.0
1998-04-14,68.0352536111387,68.45616912841797,67.90132594654985,68.45616912841797,3279100,0.0,0.0,0.0
1998-04-15,68.55181360404228,68.64747619628906,68.05436812435903,68.64747619628906,3867200,0.0,0.0,0.0
1998-04-16,68.15004583919243,68.26484097536176,67.65260024912533,67.84392547607422,7177900,0.0,0.0,0.0
1998-04-17,67.78653026509677,68.83881904990633,67.6143375548552,68.74315643310547,5688800,0.0,0.0,0.0
1998-04-20,68.57094650438475,68.91533183839114,68.49441643016111,68.72400665283203,3688300,0.0,0.0,0.0
1998-04-21,68.83885092245109,69.27889916347843,68.51359787473523,69.04930877685547,4573200,0.0,0.0,0.0
1998-04-22,69.10668053986717,69.45106599106252,69.06841548973435,69.24060821533203,2386100,0.0,0.0,0.0
1998-04-23,68.95359610659735,69.18318632670811,68.41788559300558,68.5709457397461,5062000,0.0,0.0,0.0
1998-04-24,68.41790115692086,68.8579491789033,67.55693763565088,67.84392547607422,11039700,0.0,0.0,0.0
1998-04-27,66.96384821379448,67.15517349440532,65.89242664237376,66.56206512451172,14510200,0.0,0.0,0.0
1998-04-28,67.21254556949069,67.23167809029043,66.19852196710441,66.46637725830078,6511400,0.0,0.0,0.0
1998-04-29,66.75336730459746,67.32734294780123,66.38984939723508,66.9255599975586,7703100,0.0,0.0,0.0
1998-04-30,67.69086873206804,68.52313351156067,67.59520611373556,68.16918182373047,8684500,0.0,0.0,0.0
1998-05-01,68.41790065082483,68.93447875976562,68.15004533507776,68.93447875976562,4008800,0.0,0.0,0.0
1998-05-04,69.01098313753513,69.37450093060782,68.66659785988733,68.76226043701172,4537200,0.0,0.0,0.0
1998-05-05,68.57096153509387,68.6666241488426,68.03525089810094,68.28397369384766,5146400,0.0,0.0,0.0
1998-05-06,68.64749936351771,68.64749936351771,67.46128281933206,67.48041534423828,5526100,0.0,0.0,0.0
1998-05-07,67.6525901234058,67.69085516306836,66.94468688964844,66.94468688964844,6940400,0.0,0.0,0.0
1998-05-08,67.34644680645388,68.18827739153456,67.34644680645388,68.03521728515625,7951000,0.0,0.0,0.0
1998-05-11,68.30311736457773,68.70490040789878,67.57608138142535,67.80567169189453,6336300,0.0,0.0,0.0
1998-05-12,67.84395139301243,68.5518550031482,67.55696344295738,68.53272247314453,6045200,0.0,0.0,0.0
1998-05-13,68.60922477890011,68.91534513485728,68.32223694519027,68.70488739013672,4441500,0.0,0.0,0.0
1998-05-14,68.28403502580935,68.99193900338148,68.16923978620305,68.36056518554688,4187500,0.0,0.0,0.0
1998-05-15,68.57095236419927,68.7048800055356,67.84391659694492,67.97784423828125,6716100,0.0,0.0,0.0
1998-05-18,67.7865215386668,68.32223212378751,67.24124469309751,67.70999145507812,4847200,0.0,0.0,0.0
1998-05-19,67.958724063399,68.37963958406195,67.82479639773352,68.16918182373047,5918700,0.0,0.0,0.0
1998-05-20,68.62836165503724,68.8770844600318,67.88219324005355,68.81968688964844,5716600,0.0,0.0,0.0
1998-05-21,68.80056953963849,69.04929239948702,68.15006359849619,68.37965393066406,6301500,0.0,0.0,0.0
1998-05-22,68.41788328363654,68.60920846060421,67.92043782352061,68.11176300048828,4862200,0.0,0.0,0.0
1998-05-26,68.62833339637803,68.62833339637803,66.84900944715496,67.02120208740234,6899300,0.0,0.0,0.0
1998-05-27,66.44724410262592,67.2890750097712,65.86370222380931,67.11688232421875,10202600,0.0,0.0,0.0
1998-05-28,67.26995159413298,67.57607196543734,66.77250599076339,67.42301177978516,4907600,0.0,0.0,0.0
1998-05-29,67.72916956185679,67.84396476450401,66.75341033935547,66.75341033935547,4772600,0.0,0.0,0.0
1998-06-01,66.7150858292736,67.48038649837913,66.46636311181432,67.0594711303711,6092200,0.0,0.0,0.0
1998-06-02,67.346472571622,67.55693029840833,66.82989451496468,67.11688232421875,6701100,0.0,0.0,0.0
1998-06-03,67.26998378006635,67.46130910367292,66.04550170898438,66.04550170898438,6445100,0.0,0.0,0.0
1998-06-04,66.27509725351517,67.38478421676687,66.16030205042017,67.26998901367188,6566300,0.0,0.0,0.0
1998-06-05,67.57605478593281,68.5709457397461,67.2699344924518,68.5709457397461,8463200,0.0,0.0,0.0
1998-06-08,68.532718487958,68.85797147910688,68.36052572793801,68.49445343017578,4159900,0.0,0.0,0.0
1998-06-09,68.39876703417956,68.82924878474432,68.20744181170633,68.70488739013672,2725300,0.0,0.0,0.0
1998-06-10,68.3413539852262,69.22144980922408,68.11176377027024,68.26482391357422,6186900,0.0,0.0,0.0
1998-06-11,68.22660088014752,68.49445629582954,66.96385392050374,66.98298645019531,8056600,0.0,0.0,0.0
1998-06-12,67.26995629406137,67.61434173583984,66.27506501781245,67.61434173583984,9779000,0.0,0.0,0.0
1998-06-15,66.61945553873556,67.28909394880327,65.81588944665431,65.83502197265625,10234200,0.0,0.0,0.0
1998-06-16,66.37071650766549,66.86816206234964,65.96893355965138,66.84902954101562,7471500,0.0,0.0,0.0
1998-06-17,67.44213874245813,68.43702986716957,67.30821109105466,68.2457046508789,12057700,0.0,0.0,0.0
1998-06-18,68.07351047319278,68.2265706428908,67.80565517622126,67.93958282470703,3844600,0.0,0.0,0.0
1998-06-19,68.2133942733496,68.31895805176924,67.33049721747619,67.59920501708984,3549100,0.352,0.0,0.0
1998-06-22,67.71437138721545,68.21340020129357,67.59921089165896,67.92549896240234,5438300,0.0,0.0,0.0
1998-06-23,68.23250867241222,68.82750382539247,68.17492849631736,68.73153686523438,5004600,0.0,0.0,0.0
1998-06-24,68.88516412158418,69.82564142499952,68.54927937036442,69.65290069580078,8291900,0.0,0.0,0.0
1998-06-25,69.95994401511125,70.28623181984564,69.28817500536395,69.53768920898438,5854800,0.0,0.0,0.0
1998-06-26,69.59530925278875,69.9215972443214,69.48014878518899,69.82563018798828,4833100,0.0,0.0,0.0
1998-06-29,70.17107840010122,70.43978603073619,69.89277406837215,70.07511138916016,5953400,0.0,0.0,0.0
1998-06-30,69.95996585683933,70.13270651327598,69.44174388752941,69.59529113769531,4284800,0.0,0.0,0.0
1998-07-01,70.05592406511047,70.59333937300721,69.78721641116209,70.40140533447266,3489500,0.0,0.0,0.0
1998-07-02,70.45900822023145,70.55497527038159,70.17110706978104,70.53578186035156,3503900,0.0,0.0,0.0
1998-07-06,70.49739813804626,71.24594116210938,70.36304426193237,71.24594116210938,3144400,0.0,0.0,0.0
1998-07-07,71.23635233828895,71.32272269677537,70.80450054585692,71.1115951538086,4920700,0.0,0.0,0.0
1998-07-08,71.16915709566074,71.82173296978492,71.09238346341083,71.62979888916016,6875000,0.0,0.0,0.0
1998-07-09,71.41866343240709,71.68737111530247,71.01560190806403,71.14995574951172,6942500,0.0,0.0,0.0
1998-07-10,71.26506782902257,71.8216762230548,70.670072649195,71.53377532958984,7849700,0.0,0.0,0.0
1998-07-13,71.59141110759947,71.76415177783228,71.28431658274114,71.55302429199219,6555100,0.0,0.0,0.0
1998-07-14,71.82173070932889,72.57027360020646,71.82173070932889,72.35914611816406,6983600,0.0,0.0,0.0
1998-07-15,72.51270125300651,72.64705511980668,72.18641329077752,72.22480010986328,4977500,0.0,0.0,0.0
1998-07-16,72.28235999334139,72.83896871341757,71.89849191053023,72.72380828857422,6315600,0.0,0.0,0.0
1998-07-17,72.85816525231554,73.0884861119119,72.66623120265191,72.81977844238281,3539500,0.0,0.0,0.0
1998-07-20,72.934938872181,73.23243664915964,72.43591034305555,72.81977844238281,2338400,0.0,0.0,0.0
1998-07-21,73.08849691628386,73.08849691628386,71.41867043736666,71.55302429199219,5518600,0.0,0.0,0.0
1998-07-22,71.45705725297395,71.8505221129487,70.95802865007916,71.55302429199219,10417300,0.0,0.0,0.0
1998-07-23,71.43784952816183,71.61059016377533,69.95995742346854,70.13269805908203,15110900,0.0,0.0,0.0
1998-07-24,70.61252665043008,70.68930025918293,69.32656870381992,70.07511138916016,11540500,0.0,0.0,0.0
1998-07-27,69.78725065885435,70.63176084284488,69.30741532704154,70.57418060302734,9600000,0.0,0.0,0.0
1998-07-28,70.28626071618636,70.42061457337186,68.71240124629907,69.38417053222656,13693000,0.0,0.0,0.0
1998-07-29,69.84480506199925,70.09431934224271,68.94271497188824,69.1154556274414,7462400,0.0,0.0,0.0
1998-07-30,69.78724169855079,70.38223743360444,69.65288782289352,70.15191650390625,6821600,0.0,0.0,0.0
1998-07-31,70.22865941253227,70.32462642457453,68.36689937891225,68.65480041503906,7680500,0.0,0.0,0.0
1998-08-03,68.6548445807087,69.04830958319808,68.19420262657478,68.366943359375,10486500,0.0,0.0,0.0
1998-08-04,68.92353844642639,68.92353844642639,65.7182388305664,65.7182388305664,15091600,0.0,0.0,0.0
1998-08-05,66.29403522549704,66.86983750018288,64.85452953878242,66.62032318115234,21718400,0.0,0.0,0.0
1998-08-06,66.40919736248286,67.25370738674565,66.0637159889208,66.9082260131836,13084400,0.0,0.0,0.0
1998-08-07,67.36886545554879,67.92547431543794,66.6203225060427,67.02338409423828,12083800,0.0,0.0,0.0
1998-08-10,66.79306601599065,67.34967489945724,66.44758464004587,66.63951873779297,6273000,0.0,0.0,0.0
1998-08-11,65.58386113350852,65.98692261545281,64.79693157352202,65.64144134521484,14287100,0.0,0.0,0.0
1998-08-12,66.17886698252858,66.86982963083804,66.0253197273487,66.75466918945312,11158400,0.0,0.0,0.0
1998-08-13,66.83142863441262,67.34965051067027,65.94853210449219,65.94853210449219,9073900,0.0,0.0,0.0
1998-08-14,66.54354868283401,66.77386958972585,64.96968915240645,65.18081665039062,8628500,0.0,0.0,0.0
1998-08-17,65.10403009434472,66.90821017361017,64.79693561276763,66.56272888183594,11290000,0.0,0.0,0.0
1998-08-18,66.94658228009095,67.92544572512668,66.81222847390957,67.79109191894531,7603900,0.0,0.0,0.0
1998-08-19,68.23255135598184,68.23255135598184,67.33046136618405,67.61836242675781,6258600,0.0,0.0,0.0
1998-08-20,67.36884874728392,67.81029704391854,67.04256087585833,67.21530151367188,7402800,0.0,0.0,0.0
1998-08-21,66.44758891894615,66.77387690612758,64.79695557202838,66.67790985107422,16685400,0.0,0.0,0.0
1998-08-24,67.10015106201172,67.52240601720744,66.52434885038119,67.10015106201172,7201700,0.0,0.0,0.0
1998-08-25,67.79109259827496,68.32850782838587,66.72585883859085,67.25367736816406,9688300,0.0,0.0,0.0
1998-08-26,66.50517531569051,67.33049206563992,66.17888729826865,66.8698501586914,9339700,0.0,0.0,0.0
1998-08-27,65.7182368634695,66.06371824884988,63.549381499692615,63.72212219238281,24887800,0.0,0.0,0.0
1998-08-28,64.47063904085356,64.93128070116332,62.74323281469195,63.49177551269531,23735900,0.0,0.0,0.0
1998-08-31,63.72209936380386,63.88524329289794,58.34794640541077,58.962135314941406,22563100,0.0,0.0,0.0
1998-09-01,59.000541820442734,61.76439283610433,57.50345585362603,61.457298278808594,24748500,0.0,0.0,0.0
1998-09-02,61.303720554041014,62.49371137256028,60.67033834418398,61.01581954956055,13843200,0.0,0.0,0.0
1998-09-03,59.96020092719253,61.035031673646685,59.422785553965454,60.53600311279297,17311300,0.0,0.0,0.0
1998-09-04,61.073427578372424,61.303748486901796,58.80860531116691,60.036983489990234,17783800,0.0,0.0,0.0
1998-09-08,61.95629667541356,63.26144790649414,61.30372105987327,63.26144790649414,14746500,0.0,0.0,0.0
1998-09-09,63.107927151580355,63.33824805359342,61.687614922499776,61.72600173950195,12109700,0.0,0.0,0.0
1998-09-10,60.459248063527994,61.015857013954125,59.46119063517769,60.49763488769531,19889300,0.0,0.0,0.0
1998-09-11,60.30570571233542,62.45536804199219,59.57635599334473,62.45536804199219,20379800,0.0,0.0,0.0
1998-09-14,63.184692945221045,64.15395995425314,62.70485779223486,63.530174255371094,10686800,0.0,0.0,0.0
1998-09-15,63.184731693668766,64.06762891660581,62.820056753759985,63.91408157348633,8337900,0.0,0.0,0.0
1998-09-16,64.33629041399274,64.64338487897601,63.357426806858605,64.48983764648438,11024900,0.0,0.0,0.0
1998-09-17,62.80080596138449,63.28064097025815,62.5129049560603,62.64725875854492,12945200,0.0,0.0,0.0
1998-09-18,63.09967751411039,63.11893870993276,62.309968485392886,62.926326751708984,7019200,0.359,0.0,0.0
1998-09-21,61.4046677500329,63.73527151344381,60.98092161123092,62.887779235839844,8834600,0.0,0.0,0.0
1998-09-22,63.79311060297098,63.889416627431984,62.96487879260632,63.40788650512695,7270100,0.0,0.0,0.0
1998-09-23,64.02419830037054,65.9503173828125,63.96641472789728,65.9503173828125,13688500,0.0,0.0,0.0
1998-09-24,65.52660720733826,65.83478642994773,63.63900946885526,64.33241271972656,11129500,0.0,0.0,0.0
1998-09-25,63.561937620313905,64.97763532185726,63.25375852882147,64.25534057617188,10247400,0.0,0.0,0.0
1998-09-28,64.91025862350962,65.52661716236788,64.25537767597274,64.83321380615234,8847800,0.0,0.0,0.0
1998-09-29,64.94874913554735,65.29545064338835,63.716032663223785,64.67909240722656,10618100,0.0,0.0,0.0
1998-09-30,63.79306999412742,64.29386100253544,62.48330889521418,62.71444320678711,7908400,0.0,0.0,0.0
1998-10-01,61.65510607942006,62.58927435335067,60.46091158491083,60.9039192199707,13335600,0.0,0.0,0.0
1998-10-02,60.94243895234508,62.175155795881764,59.92159531629126,62.07884979248047,14351800,0.0,0.0,0.0
1998-10-05,61.38543321876453,61.61656757666387,59.38226878363698,60.82685852050781,12807200,0.0,0.0,0.0
1998-10-06,62.098103808903275,62.425544182585455,60.11420036835829,60.769081115722656,12621000,0.0,0.0,0.0
1998-10-07,60.78833362770817,61.655087434186896,59.016303623351654,59.86379623413086,14348500,0.0,0.0,0.0
1998-10-08,58.28439505560735,59.63267914479853,56.83980496004537,59.536373138427734,20625000,0.0,0.0,0.0
1998-10-09,59.78673902149243,60.88462694811133,57.976187002155996,60.73053741455078,12708500,0.0,0.0,0.0
1998-10-12,62.02105465811765,62.5218457826863,61.443218745153814,61.61656951904297,9508500,0.0,0.0,0.0
1998-10-13,61.366201709474495,61.886254266334454,60.86541035842417,61.40472412109375,6256800,0.0,0.0,0.0
1998-10-14,60.980942742138495,62.75297266389362,60.92315915773344,61.98252487182617,8176900,0.0,0.0,0.0
1998-10-15,61.7128690440055,66.1044215227924,61.597301873511114,65.31471252441406,20541100,0.0,0.0,0.0
1998-10-16,65.41104444467796,65.79626849912248,64.71764114667785,65.33399963378906,16573900,0.0,0.0,0.0
1998-10-19,65.14137053349604,65.83477364976034,65.02580334745198,65.56511688232422,7915900,0.0,0.0,0.0
1998-10-20,66.29701881765205,67.05783585521662,65.39174284890433,65.9503173828125,14611600,0.0,0.0,0.0
1998-10-21,65.87330499539482,66.33557380238004,65.25694658608118,65.7192153930664,9178400,0.0,0.0,0.0
1998-10-22,65.81553038096725,66.85563533869983,65.43030632254776,66.70154571533203,8277500,0.0,0.0,0.0
1998-10-23,66.54746066481441,66.56672186905894,65.81553490352267,65.85405731201172,6237200,0.0,0.0,0.0
1998-10-26,66.39333961566567,66.85560829880346,65.81550376174341,66.33555603027344,5838600,0.0,0.0,0.0
1998-10-27,66.8363321607358,67.16377240475093,65.50730999385084,65.9503173828125,10089700,0.0,0.0,0.0
1998-10-28,65.68066540623771,66.27776236447623,65.35322513881658,65.83475494384766,5650600,0.0,0.0,0.0
1998-10-29,66.00815759444707,67.45274814582832,65.71923948417083,67.43348693847656,9625600,0.0,0.0,0.0
1998-10-30,67.87647565494885,68.3580057035793,67.49125161604448,67.79943084716797,9872800,0.0,0.0,0.0
1998-11-02,68.30021260863575,68.95509338378906,67.91498862325146,68.95509338378906,6501400,0.0,0.0,0.0
1998-11-03,68.78173263755887,68.91656101293354,68.26168033254234,68.45429229736328,6866000,0.0,0.0,0.0
1998-11-04,69.32100841675144,69.70623213676673,68.47351623271781,69.1861801147461,8233600,0.0,0.0,0.0
1998-11-05,68.74319148515484,70.22630320954735,68.49279599921843,70.12999725341797,6841500,0.0,0.0,0.0
1998-11-06,69.937426064649,70.61156815009728,69.84112005244211,70.34191131591797,5224800,0.0,0.0,0.0
1998-11-09,70.22629586675846,70.41890775887794,69.34028116300891,69.84107208251953,6188700,0.0,0.0,0.0
1998-11-10,69.64849853515625,70.2263345296404,69.18622973956893,69.64849853515625,14015200,0.0,0.0,0.0
1998-11-11,70.14923941478432,70.2648065307889,68.9646764757373,69.1861801147461,10922400,0.0,0.0,0.0
1998-11-12,69.22475910505722,69.72555035066976,68.83953506997065,69.10919189453125,5457400,0.0,0.0,0.0
1998-11-13,69.16697437856003,69.78333282470703,69.10919077423374,69.78333282470703,5524600,0.0,0.0,0.0
1998-11-16,70.39969651731727,70.48637193026607,69.58109539502287,70.30339050292969,6023700,0.0,0.0,0.0
1998-11-17,70.052994865522,71.26645064680544,69.64850960509418,70.30339050292969,9058900,0.0,0.0,0.0
1998-11-18,70.45746267231462,70.88120903065003,69.95667152155458,70.72711944580078,4567700,0.0,0.0,0.0
1998-11-19,71.05454978160158,71.43977368933592,70.6500646784805,71.34346771240234,5249300,0.0,0.0,0.0
1998-11-20,71.71906181981454,71.95982676482534,71.4012520924003,71.88278198242188,5562000,0.0,0.0,0.0
1998-11-23,72.4028485143372,73.7318712723817,72.2102365204177,73.5777816772461,7151300,0.0,0.0,0.0
1998-11-24,73.3466434137085,73.75112857959293,73.00957244213815,73.11550903320312,5323700,0.0,0.0,0.0
1998-11-25,73.30812101695761,73.4622106039612,72.86511345432228,73.11550903320312,4393500,0.0,0.0,0.0
1998-11-27,73.63553922246192,73.78962876307915,73.35625193009317,73.65480041503906,4557900,0.0,0.0,0.0
1998-11-30,73.35626074726282,73.57776448852408,71.57460021972656,71.57460021972656,8705400,0.0,0.0,0.0
1998-12-01,71.5746155839164,72.74954872455658,71.01604081213664,72.49915313720703,8950600,0.0,0.0,0.0
1998-12-02,72.24875482507875,72.67250118768918,71.49756809136025,72.28727722167969,7495500,0.0,0.0,0.0
1998-12-03,72.26801163831787,72.92289234079729,70.93898903622727,71.09307861328125,12145300,0.0,0.0,0.0
1998-12-04,71.88277602875496,73.03844766908865,71.80573125273273,72.9614028930664,10339500,0.0,0.0,0.0
1998-12-07,72.76879202862257,73.6355457716845,72.73026964004204,73.30810546875,4290000,0.0,0.0,0.0
1998-12-08,73.05775771816855,73.80894478671813,72.42213789093428,72.980712890625,10102600,0.0,0.0,0.0
1998-12-09,73.15403142995402,73.32738221533306,72.65324027219235,73.11550903320312,5327900,0.0,0.0,0.0
1998-12-10,73.25033362513159,73.25033362513159,71.94057220348841,72.0465087890625,5966600,0.0,0.0,0.0
1998-12-11,71.76721742644254,72.32579211924093,71.22790392994753,72.19096374511719,8198200,0.0,0.0,0.0
1998-12-14,71.59389143723708,71.74798106099223,70.11077880859375,70.11077880859375,9521400,0.0,0.0,0.0
1998-12-15,70.68860130126168,71.95984045272853,70.59229530493845,71.92131805419922,9631500,0.0,0.0,0.0
1998-12-16,72.19097499381955,72.19097499381955,71.34348222441506,71.82501220703125,7260000,0.0,0.0,0.0
1998-12-17,72.24878175978895,73.0962748009595,72.13321452690207,72.97107696533203,6914700,0.0,0.0,0.0
1998-12-18,73.16514630860921,73.66760109044328,72.89459373377547,73.28109741210938,4802400,0.392,0.0,0.0
1998-12-21,73.74490563599744,75.03969302530872,73.5903041566767,74.30533599853516,8580700,0.0,0.0,0.0
1998-12-22,74.45996152422454,74.9624164942816,73.70627906913894,74.6338882446289,5461100,0.0,0.0,0.0
1998-12-23,74.94308899297286,76.19922637939453,74.71118670624885,76.19922637939453,7791000,0.0,0.0,0.0
1998-12-24,76.16055955852833,76.21853511769493,75.7547306443621,75.87068176269531,1507100,0.0,0.0,0.0
1998-12-28,76.21852672915902,76.25717709768294,75.44551935868074,75.67742156982422,4203600,0.0,0.0,0.0
1998-12-29,75.89001807188377,76.9818912628849,75.52283947667985,76.87560272216797,3935800,0.0,0.0,0.0
1998-12-30,76.6436906245174,77.14614547984706,76.0832602089574,76.25718688964844,6810700,0.0,0.0,0.0
1998-12-31,76.25718688964844,76.6436906245174,75.73540684757532,76.25718688964844,6790500,0.0,0.0,0.0
1999-01-04,76.29584428565829,77.43603040846828,75.27160929398153,76.08326721191406,9450400,0.0,0.0,0.0
1999-01-05,76.02524943713385,77.22341046029153,76.02524943713385,76.9528579711914,8031000,0.0,0.0,0.0
1999-01-06,77.80318077128561,79.0013420250908,77.76453040825963,78.80809020996094,7737700,0.0,0.0,0.0
1999-01-07,78.15107056235608,78.67285070706025,77.78389194200871,78.42162322998047,5504900,0.0,0.0,0.0
1999-01-08,79.27191062822735,79.4651624825136,77.89982246279483,79.00135803222656,6224400,0.0,0.0,0.0
1999-01-11,78.96269717114035,78.96269717114035,77.43600772510018,78.24766540527344,7578300,0.0,0.0,0.0
1999-01-12,78.0544313780019,78.0544313780019,76.52774158378003,76.83694458007812,7768800,0.0,0.0,0.0
1999-01-13,74.45994465836638,77.37804786195147,74.44061947158768,76.29583740234375,10810600,0.0,0.0,0.0
1999-01-14,76.45041843934537,76.62434507381305,74.76912763949122,74.9623794555664,11400700,0.0,0.0,0.0
1999-01-15,75.67741860241146,77.16545773223417,75.48416676736956,76.91423034667969,7817700,0.0,0.0,0.0
1999-01-19,77.48431751957787,77.68723193133884,76.37311955041072,77.41667938232422,6535100,0.0,0.0,0.0
1999-01-20,77.97715015609764,79.11733649047429,77.32009362442297,78.03512573242188,6534400,0.0,0.0,0.0
1999-01-21,77.65828525889651,77.82254939344936,75.81272939421451,75.96733093261719,6937500,0.0,0.0,0.0
1999-01-22,75.52283573102002,76.58572108547399,75.31025866012924,75.79338836669922,7522300,0.0,0.0,0.0
1999-01-25,76.23785521513521,76.68233447240976,75.3875470707839,76.5663833618164,5700300,0.0,0.0,0.0
1999-01-26,76.75963275173719,77.95779418945312,76.45042980006856,77.95779418945312,6047000,0.0,0.0,0.0
1999-01-27,78.15101165427042,78.3056130620929,76.77892415984579,77.04947662353516,7399400,0.0,0.0,0.0
1999-01-28,77.4553332712242,78.51821833357883,77.4166829053204,78.34429168701172,5961700,0.0,0.0,0.0
1999-01-29,78.7501151879823,79.3395332280396,77.5519539262265,78.94336700439453,6456800,0.0,0.0,0.0
1999-02-01,79.5811193898757,79.5811193898757,78.47958374023438,78.47958374023438,9426800,0.0,0.0,0.0
1999-02-02,78.58585514280321,78.67281846461377,77.15579162858522,77.9964370727539,9194500,0.0,0.0,0.0
1999-02-03,77.72586491846529,79.11727771660789,77.70653974071331,78.78874969482422,10290700,0.0,0.0,0.0
1999-02-04,78.76946611138453,78.84676686321122,77.16547551098097,77.60995483398438,7761100,0.0,0.0,0.0
1999-02-05,77.70655440515475,77.70655440515475,76.1991902560371,76.7209701538086,7516100,0.0,0.0,0.0
1999-02-08,77.35873245269944,77.35873245269944,76.27652185630895,76.87560272216797,8528400,0.0,0.0,0.0
1999-02-09,76.9142001390641,76.99150084272146,75.14594654290221,75.15560913085938,8985700,0.0,0.0,0.0
1999-02-10,75.52279709868121,76.063902093247,75.0300050500588,75.63874816894531,6936700,0.0,0.0,0.0
1999-02-11,76.10256685529437,77.97710951272543,75.75471357865767,77.3780288696289,9181800,0.0,0.0,0.0
1999-02-12,77.18481196142184,77.60996615850529,75.83204860706542,76.45045471191406,10676600,0.0,0.0,0.0
1999-02-16,77.14615998214768,77.68726531268378,75.98664855957031,75.98664855957031,6915500,0.0,0.0,0.0
1999-02-17,76.17986191557284,77.52296196710311,75.60010649764611,75.90930938720703,7858100,0.0,0.0,0.0
1999-02-18,76.17987185037626,76.91422880885274,75.58079117372439,76.5083999633789,9048900,0.0,0.0,0.0
1999-02-19,76.68234308192908,77.76455356897243,76.29583933655645,76.83694458007812,5312200,0.0,0.0,0.0
1999-02-22,76.9528879617021,78.98203242076255,76.85626203508018,78.88540649414062,10695800,0.0,0.0,0.0
1999-02-23,78.90474680732278,79.46517728917738,78.28634075837977,78.84677124023438,7770700,0.0,0.0,0.0
1999-02-24,79.05928886055709,79.67769444440891,77.30069798147845,77.4552993774414,7271000,0.0,0.0,0.0
1999-02-25,77.01084787479274,77.47465222836742,75.87066217225504,76.7209701538086,11633000,0.0,0.0,0.0
1999-02-26,77.14613833931521,77.20411389417943,75.94797687212144,76.41178131103516,9621300,0.0,0.0,0.0
1999-03-01,76.46976526363801,76.87559419225474,75.67743259348154,76.6243667602539,7607200,0.0,0.0,0.0
1999-03-02,76.99155059115577,77.49400548959203,75.63878740305816,75.94799041748047,9651500,0.0,0.0,0.0
1999-03-03,76.12190332318583,76.41178109669379,75.3102455573636,76.35380554199219,7881400,0.0,0.0,0.0
1999-03-04,76.72099517006124,77.6002912104234,76.22820288370443,77.32007598876953,8256400,0.0,0.0,0.0
1999-03-05,78.84672939492604,79.23323297039136,78.26697403172805,78.87571716308594,10703100,0.0,0.0,0.0
1999-03-08,79.32987235421214,79.64873785819375,78.69214134624893,79.38784790039062,4802200,0.0,0.0,0.0
1999-03-09,79.2332762331425,80.35413721400158,79.00137396124062,79.19462585449219,7893400,0.0,0.0,0.0
1999-03-10,79.44587088900022,79.92900072899658,79.02071662980343,79.89035034179688,3950000,0.0,0.0,0.0
1999-03-11,80.19950328261088,81.12711199527722,79.69704856324994,80.77925872802734,6583700,0.0,0.0,0.0
1999-03-12,81.01118877613602,81.03051396429827,79.909653050888,80.00627899169922,5286500,0.0,0.0,0.0
1999-03-15,80.35411369757983,81.1657714116968,80.08356112620751,81.14644622802734,5394400,0.0,0.0,0.0
1999-03-16,81.08851542918556,81.41704373287864,80.68268634815294,80.83728790283203,4547500,0.0,0.0,0.0
1999-03-17,80.81793094557158,80.97253243948946,80.1608745964206,80.4894027709961,4524100,0.0,0.0,0.0
1999-03-18,80.2574227500728,81.8614116949936,80.23809758206171,81.78411102294922,3506300,0.0,0.0,0.0
1999-03-19,82.02129588667168,82.21501647213854,80.39404296875,80.39404296875,5526700,0.32,0.0,0.0
1999-03-22,80.62652236696273,80.95584742228189,80.22939509437197,80.54903411865234,4603800,0.0,0.0,0.0
1999-03-23,80.16155527463462,80.29715964556803,77.9240831542334,78.22434997558594,9713800,0.0,0.0,0.0
1999-03-24,78.63117776178896,78.83458435614689,77.87566755417384,78.669921875,6280900,0.0,0.0,0.0
1999-03-25,79.38671710040117,80.27783203125,79.19299646326013,80.27783203125,6639600,0.0,0.0,0.0
1999-03-26,79.73540702675173,80.04536001810936,79.17361722991602,79.69666290283203,6159700,0.0,0.0,0.0
1999-03-29,80.06469303373783,81.47885286714282,80.06469303373783,81.30450439453125,5863900,0.0,0.0,0.0
1999-03-30,80.5490166907396,81.34327106407302,80.31655199610545,80.87834167480469,5401400,0.0,0.0,0.0
1999-03-31,81.30451138133316,81.58540616690127,79.54165445121609,79.58039855957031,7413600,0.0,0.0,0.0
1999-04-01,80.39403898354801,80.39403898354801,79.42543610422817,80.18094635009766,7683600,0.0,0.0,0.0
1999-04-05,81.16888232182747,82.19560088102958,80.74269725951716,82.0793685913086,5791100,0.0,0.0,0.0
1999-04-06,81.943843129512,82.43783083632113,81.30456492070022,81.88572692871094,5381300,0.0,0.0,0.0
1999-04-07,82.25371554557552,82.6799006002158,81.44008953217133,82.54429626464844,6248600,0.0,0.0,0.0
1999-04-08,82.56373473484575,83.64857029213138,82.00194489267997,83.5904541015625,5909100,0.0,0.0,0.0
1999-04-09,83.33858582971271,83.99723574096566,82.81554031195301,83.60979461669922,4365800,0.0,0.0,0.0
1999-04-12,82.7380358692923,84.55900879640855,82.58305944996327,84.50089263916016,8213200,0.0,0.0,0.0
1999-04-13,84.46214655659196,84.5977509203296,83.37731164669079,83.9584732055664,10071400,0.0,0.0,0.0
1999-04-14,84.34589672290056,84.34589672290056,82.25371554557552,82.54429626464844,11551700,0.0,0.0,0.0
1999-04-15,82.7187454529168,82.79623373905537,81.2077238732148,82.23444366455078,11150000,0.0,0.0,0.0
1999-04-16,82.38933467887648,82.38933467887648,81.32387185091075,81.5369644165039,6476200,0.0,0.0,0.0
1999-04-19,82.25378253008867,83.39673428922086,79.58043773754223,80.27783203125,12487200,0.0,0.0,0.0
1999-04-20,80.47156001728301,81.32393089854455,79.96788631471937,81.28518676757812,9049600,0.0,0.0,0.0
1999-04-21,81.24640375867389,84.07472396581896,80.83959057819413,83.60979461669922,5772200,0.0,0.0,0.0
1999-04-22,83.76475970723746,84.53964185069017,83.309516447959,84.40403747558594,6897400,0.0,0.0,0.0
1999-04-23,84.22974602549623,84.77216389318572,83.68732815780675,84.19100189208984,4593100,0.0,0.0,0.0
1999-04-26,84.61714627927677,84.81086685226046,83.97786838843058,84.67526245117188,3606500,0.0,0.0,0.0
1999-04-27,85.00458879592424,85.2370534872531,84.21033443388393,85.08207702636719,5147200,0.0,0.0,0.0
1999-04-28,84.57840399068478,85.08207749131643,83.68728933572108,83.91975402832031,5544300,0.0,0.0,0.0
1999-04-29,84.03598971210488,84.34594264788028,82.95115443689099,83.28047943115234,9824300,0.0,0.0,0.0
1999-04-30,83.74541429372934,84.07473930945763,81.51762742262619,82.60246276855469,10991900,0.0,0.0,0.0
1999-05-03,82.7186388554303,84.21028644134789,82.50554634315635,84.1134262084961,10709700,0.0,0.0,0.0
1999-05-04,83.76476975200332,84.19095498200888,82.5249581738053,82.91239929199219,10509300,0.0,0.0,0.0
1999-05-05,83.02865012376243,83.72604429185749,81.73072208869661,83.5710678100586,10032300,0.0,0.0,0.0
1999-05-06,83.33861892566736,83.76480433160988,82.06006270783983,83.05772399902344,13507200,0.0,0.0,0.0
1999-05-07,83.37732586330837,83.76476696862115,82.71867598427666,83.6872787475586,8680700,0.0,0.0,0.0
1999-05-10,83.5904596871632,84.13287750205093,82.7768329648316,83.27082061767578,5580100,0.0,0.0,0.0
1999-05-11,83.8809616496518,84.84956397816971,83.51289276481499,84.1134262084961,7000600,0.0,0.0,0.0
1999-05-12,84.1522118186602,85.06269845666137,81.51761218529515,84.7721176147461,13865800,0.0,0.0,0.0
1999-05-13,85.08208920215176,85.54701865134386,84.81088035678972,85.14020538330078,4485700,0.0,0.0,0.0
1999-05-14,83.4161024122588,84.2297290498145,82.75745227709466,82.93180084228516,8370100,0.0,0.0,0.0
1999-05-17,82.83494238815699,83.36767412708924,82.06005985880098,83.18363952636719,6268100,0.0,0.0,0.0
1999-05-18,83.3966868601277,83.67758162423267,82.21499164561719,83.02861785888672,8218600,0.0,0.0,0.0
1999-05-19,83.35794165644182,83.68726654794996,82.60243161121728,83.629150390625,5052400,0.0,0.0,0.0
1999-05-20,83.76477378644302,84.05535463907869,83.10612385380216,83.12549591064453,4670400,0.0,0.0,0.0
1999-05-21,83.14489269055441,83.49358981740204,82.19566162302479,82.66059112548828,6418200,0.0,0.0,0.0
1999-05-24,82.97055646461799,82.97055646461799,80.82994322872253,81.28518676757812,7952000,0.0,0.0,0.0
1999-05-25,81.44009495520775,82.04062848128089,79.6191223277602,79.96781921386719,15406400,0.0,0.0,0.0
1999-05-26,80.16158411293779,81.20767535075767,79.40607377451232,80.85897827148438,12575900,0.0,0.0,0.0
1999-05-27,80.49091744318596,80.7621263106239,79.34796578755468,79.69666290283203,14515400,0.0,0.0,0.0
1999-05-28,79.96788248483064,81.05271809993494,79.71604564561001,80.71370697021484,8748000,0.0,0.0,0.0
1999-06-01,80.66524973081027,80.68462178886281,79.58041447986757,80.43278503417969,6705300,0.0,0.0,0.0
1999-06-02,80.43278093677627,80.70398973569604,79.35763176963006,80.51026916503906,6981900,0.0,0.0,0.0
1999-06-03,81.01395724612179,81.13018960945912,80.45216748999134,80.95584106445312,6076600,0.0,0.0,0.0
1999-06-04,81.49824884724734,82.67025836834515,81.16892385784796,82.58308410644531,9787200,0.0,0.0,0.0
1999-06-07,82.71870011082865,83.18362957280989,82.38937507525861,82.79618835449219,5299100,0.0,0.0,0.0
1999-06-08,82.67990720925575,82.94142987732626,81.57570038851358,81.98251342773438,4895700,0.0,0.0,0.0
1999-06-09,82.07943127035757,82.50561665811964,81.7113620718358,81.90508270263672,7409700,0.0,0.0,0.0
1999-06-10,81.47887637934498,81.49824843744754,80.33592495129426,81.14955139160156,7040700,0.0,0.0,0.0
1999-06-11,81.34324655362948,81.96315221919656,80.02594701429945,80.47150421142578,12824800,0.0,0.0,0.0
1999-06-14,81.01396360851469,81.05270773266989,80.30688334268237,80.54903411865234,6823500,0.0,0.0,0.0
1999-06-15,80.87833803689942,81.61447620346281,80.63618732421409,81.0914306640625,5700900,0.0,0.0,0.0
1999-06-16,82.06005063170957,82.9899095623805,82.06005063170957,82.6412124633789,7865800,0.0,0.0,0.0
1999-06-17,82.37000065939513,84.03599785053059,82.21502417649882,83.41609191894531,8162800,0.0,0.0,0.0
1999-06-18,83.3570221004069,83.74563292604981,82.92955019219967,83.51246643066406,2875100,0.405,0.0,0.0
1999-06-21,83.60961152362735,84.09537501144764,83.10441749629426,83.7067642211914,4646400,0.0,0.0,0.0
1999-06-22,83.31817629806568,84.05653700219966,83.00728758053559,83.12387084960938,5862400,0.0,0.0,0.0
1999-06-23,82.69634400417694,83.08495464329431,82.15228910941262,82.71577453613281,9629200,0.0,0.0,0.0
1999-06-24,82.61865687263084,82.65751795300366,81.23908851939547,82.09403228759766,9176900,0.0,0.0,0.0
1999-06-25,82.44378506425917,82.7060973664905,81.60827180530015,81.8900146484375,4087000,0.0,0.0,0.0
1999-06-28,82.5020752239272,83.08499144077078,82.3854919805585,82.89068603515625,5028900,0.0,0.0,0.0
1999-06-29,82.6963806861066,84.0565185263386,82.56036690208339,83.66790771484375,6956200,0.0,0.0,0.0
1999-06-30,83.706765905784,85.49437557693817,83.22100240818776,85.18348693847656,16856100,0.0,0.0,0.0
1999-07-01,85.18347640552481,86.1161422055853,84.600560280487,85.8246841430664,9939500,0.0,0.0,0.0
1999-07-02,85.88298199877454,86.73792571097954,85.74696822637829,86.67963409423828,3772800,0.0,0.0,0.0
1999-07-06,86.58245700442738,87.515122609502,86.17441580220724,86.6601791381836,11221100,0.0,0.0,0.0
1999-07-07,86.4659209877079,86.87396241259371,86.12588646696972,86.77680969238281,3230700,0.0,0.0,0.0
1999-07-08,86.46586932702837,87.43739594868038,86.27156400269797,86.84476470947266,7101500,0.0,0.0,0.0
1999-07-09,87.04883724769239,87.41801758423395,86.77680963129336,87.35972595214844,2976800,0.0,0.0,0.0
1999-07-12,87.63173823488728,87.63173823488728,86.73793336597268,86.97109985351562,4436300,0.0,0.0,0.0
1999-07-13,86.6601791381836,87.00021347336705,86.21327686908535,86.6601791381836,6477600,0.0,0.0,0.0
1999-07-14,87.048828125,87.18484191894532,86.2716064453125,87.14598083496094,4382500,0.0,0.0,0.0
1999-07-15,87.53461604288967,87.90379644351451,87.24315783187005,87.69977569580078,3348600,0.0,0.0,0.0
1999-07-16,87.826054364167,88.38954011119374,87.51516567615225,88.1758041381836,2281500,0.0,0.0,0.0
1999-07-19,88.40895528378694,88.44781636303256,87.3985672234008,87.5928726196289,4287000,0.0,0.0,0.0
1999-07-20,87.12657043712755,87.30144535548932,85.5138350789024,85.79557800292969,7060100,0.0,0.0,0.0
1999-07-21,85.86357729403343,86.36877145779104,85.37781367503572,85.69841766357422,4793700,0.0,0.0,0.0
1999-07-22,85.4555005541894,85.80525021539344,84.23137673997523,84.5714111328125,7804100,0.0,0.0,0.0
1999-07-23,84.96978163675269,85.18351765276098,84.01768483817028,84.40629577636719,4603000,0.0,0.0,0.0
1999-07-26,83.86222229287,84.63944400086694,83.70677795127061,83.78450012207031,4333400,0.0,0.0,0.0
1999-07-27,84.56172333184799,85.30979923908055,84.17311247094794,84.48400115966797,5908500,0.0,0.0,0.0
1999-07-28,84.71713563271041,85.37777384635999,84.30909438310333,84.75599670410156,3955500,0.0,0.0,0.0
1999-07-29,83.90108185417567,84.09538727764527,82.89069365213372,83.57076263427734,7760600,0.0,0.0,0.0
1999-07-30,83.82336280305508,84.15368203524143,82.4243637020305,82.54094696044922,5994300,0.0,0.0,0.0
1999-08-02,82.54096217265203,83.78451715830404,82.38551779944554,82.73526763916016,6065500,0.0,0.0,0.0
1999-08-03,83.14332461930942,83.22104682040249,81.68603334881439,82.34667205810547,5445400,0.0,0.0,0.0
1999-08-04,82.52151184082032,83.24044189453126,81.10308227539063,81.21966552734375,6497900,0.0,0.0,0.0
1999-08-05,81.37506895757163,82.03570705321572,80.11208436295793,81.9579849243164,10322000,0.0,0.0,0.0
1999-08-06,81.58884889670324,82.07461246479507,80.52016904690122,81.06422424316406,7537700,0.0,0.0,0.0
1999-08-09,81.2002395805819,81.94831548961572,80.67561491710362,80.88935089111328,5565900,0.0,0.0,0.0
1999-08-10,80.75329709186235,80.92817189307186,78.9656880128317,79.9955062866211,9793300,0.0,0.0,0.0
1999-08-11,80.63675990515485,81.16138460815225,79.97612139026924,80.96707916259766,8003400,0.0,0.0,0.0
1999-08-12,81.25849136863668,81.95799057697502,80.77272802951283,80.91845703125,7036800,0.0,0.0,0.0
1999-08-13,81.84141421278886,82.85180204257638,81.53052564977733,82.79351043701172,5857700,0.0,0.0,0.0
1999-08-16,82.77410888671875,83.29873352050782,82.23005371093751,83.1627197265625,3927000,0.0,0.0,0.0
1999-08-17,83.59018098411454,83.84277799778108,82.77409832457647,83.7067642211914,4808000,0.0,0.0,0.0
1999-08-18,83.44448863152786,83.5513566458423,82.8518569157841,83.10445404052734,4355500,0.0,0.0,0.0
1999-08-19,82.30774845193434,82.84208817866433,81.88027667055036,82.42433166503906,6448100,0.0,0.0,0.0
1999-08-20,82.73522505877037,83.39586330489489,82.50205861896171,83.25984954833984,3663700,0.0,0.0,0.0
1999-08-23,83.82334609541599,84.9017410208438,83.7261933994315,84.85316467285156,5637800,0.0,0.0,0.0
1999-08-24,84.60050859218478,85.78577065560307,84.173037028329,85.16399383544922,9279500,0.0,0.0,0.0
1999-08-25,85.3000838840557,86.29104157838071,84.65887596419833,86.03844451904297,6005300,0.0,0.0,0.0
1999-08-26,85.98013288225447,86.06757030552455,84.8725921875,85.00860595703125,4322300,0.0,0.0,0.0
1999-08-27,85.10574609137751,85.22232930520131,83.97877502441406,83.97877502441406,6247400,0.0,0.0,0.0
1999-08-30,84.15364932609246,84.25080200367972,82.0745820257249,82.42433166503906,4652000,0.0,0.0,0.0
1999-08-31,82.6574887710333,83.16268263752292,81.37507357148272,82.11343383789062,11453700,0.0,0.0,0.0
1999-09-01,82.65753777331423,83.15301666687782,82.26892687640161,83.12387084960938,6863900,0.0,0.0,0.0
1999-09-02,82.15232391267186,82.4923583659528,81.23908852386023,82.14260864257812,10896300,0.0,0.0,0.0
1999-09-03,83.86221318386309,84.87260129451204,83.74562994032667,84.54228210449219,9160800,0.0,0.0,0.0
1999-09-07,84.60058749681801,84.95033728435652,84.07596281551022,84.23140716552734,4560800,0.0,0.0,0.0
1999-09-08,83.84277953889341,84.60057059382198,83.33758550227435,83.82334899902344,6159600,0.0,0.0,0.0
1999-09-09,83.78450012207031,84.09538880526908,83.12386167027292,83.78450012207031,6177800,0.0,0.0,0.0
1999-09-10,84.71716767620799,84.7851745768655,83.90108486831792,84.48400115966797,2934500,0.0,0.0,0.0
1999-09-13,84.01761926737346,84.23135511657354,83.62900863246425,83.91075134277344,2320500,0.0,0.0,0.0
1999-09-14,83.35702514648438,83.66791381835938,82.92955322265625,83.35702514648438,3736000,0.0,0.0,0.0
1999-09-15,84.21195646328476,84.21195646328476,81.99687500578258,82.03573608398438,6984500,0.0,0.0,0.0
1999-09-16,82.38549194119935,82.57979734672104,81.02535410254747,82.3563461303711,15377600,0.0,0.0,0.0
1999-09-17,82.6954574014539,83.51383845962096,82.4031784521085,83.39692687988281,8542300,0.372,0.0,0.0
1999-09-20,83.51384484483418,83.55281537439313,82.98774269578833,83.28002166748047,2803900,0.0,0.0,0.0
1999-09-21,82.46159066661595,82.59798743756734,81.15607871608114,81.52629852294922,9335200,0.0,0.0,0.0
1999-09-22,81.83809990716874,82.20831988293926,80.9028073368011,81.43865203857422,13009100,0.0,0.0,0.0
1999-09-23,82.18887057262431,82.18887057262431,79.57784433821662,79.73372650146484,12204100,0.0,0.0,0.0
1999-09-24,79.65576171875,80.0454670109161,78.75943954676798,79.65576171875,13792900,0.0,0.0,0.0
1999-09-27,80.27931875272915,80.90284744207074,79.98703967960029,80.18189239501953,6970300,0.0,0.0,0.0
1999-09-28,79.7726468443145,80.3182340723655,78.2917672253189,80.02595520019531,11063400,0.0,0.0,0.0
1999-09-29,80.08440028040677,80.51307590234568,79.03219648110215,79.0711669921875,7580300,0.0,0.0,0.0
1999-09-30,79.46091569326457,80.70797273209952,79.16863669978763,80.279296875,7498900,0.0,0.0,0.0
1999-10-01,79.77265530054774,80.16236050475169,78.95427437171945,80.1039047241211,11127100,0.0,0.0,0.0
1999-10-04,80.55203587329639,81.60423953492145,80.27924233139359,81.52629852294922,6341600,0.0,0.0,0.0
1999-10-05,81.50684292624442,82.28625332955538,80.2403010208641,81.4483871459961,11976000,0.0,0.0,0.0
1999-10-06,81.52633413877497,82.81236139813423,81.48736361576408,82.69544982910156,10308200,0.0,0.0,0.0
1999-10-07,82.84163027939638,82.92931399955569,81.9940209845231,82.22784423828125,6535600,0.0,0.0,0.0
1999-10-08,82.149900890532,83.47489929199219,81.8283939254718,83.47489929199219,9674300,0.0,0.0,0.0
1999-10-11,83.29953806183454,83.63078768687575,83.12417061328331,83.33850860595703,4282000,0.0,0.0,0.0
1999-10-12,83.0072146497014,83.12412621963055,81.79912842710011,82.05243682861328,8686100,0.0,0.0,0.0
1999-10-13,81.48738735353348,81.87709269716588,79.9285659790039,79.9285659790039,10469300,0.0,0.0,0.0
1999-10-14,80.11369875703488,80.5521173930639,79.03226612149666,79.90910339355469,10562200,0.0,0.0,0.0
1999-10-15,78.5645751953125,79.03222147623698,77.62928263346355,77.86310577392578,14238700,0.0,0.0,0.0
1999-10-18,77.90209755844211,78.52562610318202,76.96680474133225,78.4281997680664,9758800,0.0,0.0,0.0
1999-10-19,79.30502193180594,79.96752088651883,78.52561139684963,79.1881103515625,14392900,0.0,0.0,0.0
1999-10-20,79.65574225115265,80.72743154269213,79.2660370542292,79.9675064086914,9759400,0.0,0.0,0.0
1999-10-21,79.32448284570562,80.43514251708984,78.9542629552442,80.43514251708984,9105400,0.0,0.0,0.0
1999-10-22,80.90280385215553,81.81861112119486,80.78589228589519,81.11714172363281,8309600,0.0,0.0,0.0
1999-10-25,80.63004384761498,81.35099880710308,80.27930900245862,80.7079849243164,8114300,0.0,0.0,0.0
1999-10-26,81.17562055517816,81.48738482039248,79.69474029541016,79.69474029541016,6256300,0.0,0.0,0.0
1999-10-27,80.04546010276655,81.25354640422019,79.96751905105987,81.13663482666016,5433300,0.0,0.0,0.0
1999-10-28,82.5785512042721,84.08865920765368,82.422669087794,83.90354919433594,10509700,0.0,0.0,0.0
1999-10-29,84.7024460813425,85.85207670448472,84.62450502214641,85.42340087890625,10988600,0.0,0.0,0.0
1999-11-01,85.11165769795988,85.42342201187184,84.527099609375,84.527099609375,4006500,0.0,0.0,0.0
1999-11-02,84.78036318872654,85.57925881978555,83.92301177978516,83.92301177978516,6516900,0.0,0.0,0.0
1999-11-03,84.79987000187386,85.0336931728349,84.25428260296474,84.48810577392578,7222300,0.0,0.0,0.0
1999-11-04,85.26752326460664,85.64748594825834,84.65373739101544,85.1311264038086,7907500,0.0,0.0,0.0
1999-11-05,86.43663285671315,86.73865445483736,85.28700225740158,85.96898651123047,7431500,0.0,0.0,0.0
1999-11-08,85.42338479083517,86.28073628052421,85.26750270180081,86.04691314697266,4649200,0.0,0.0,0.0
1999-11-09,86.35867611990479,86.47558768504906,84.97522259903086,85.23827362060547,4533700,0.0,0.0,0.0
1999-11-10,84.95575172765363,86.29049232245737,84.84858277478618,85.8715591430664,6405600,0.0,0.0,0.0
1999-11-11,86.16383571831327,86.35868835449217,85.71567465510178,86.35868835449219,4794100,0.0,0.0,0.0
1999-11-12,86.82635825605853,87.28426207540713,85.50135997028384,87.13812255859375,11802900,0.0,0.0,0.0
1999-11-15,87.19652719492362,87.44983554208206,86.92373359029146,87.34266662597656,2187500,0.0,0.0,0.0
1999-11-16,87.64472655237249,89.16457730183559,87.35244756209111,88.07340240478516,7544800,0.0,0.0,0.0
1999-11-17,88.69694108281215,89.12561698435474,88.11238303525407,88.30723571777344,9459000,0.0,0.0,0.0
1999-11-18,88.81384401714249,89.16457881141817,88.30722709207761,88.93075561523438,4491000,0.0,0.0,0.0
1999-11-19,88.79438079532824,89.14511567667911,88.54107226990817,88.85283660888672,4832100,0.0,0.0,0.0
1999-11-22,88.813842980949,89.16457777113266,88.22928499730958,88.83332824707031,4155400,0.0,0.0,0.0
1999-11-23,89.06712761018149,89.06712761018149,87.52779199845445,88.05389404296875,5918000,0.0,0.0,0.0
1999-11-24,87.76165801041351,88.8138626135579,87.29401152012713,88.5215835571289,4459700,0.0,0.0,0.0
1999-11-26,88.8332982941955,89.08660666836188,88.07337317169635,88.1902847290039,1693900,0.0,0.0,0.0
1999-11-29,87.83956951132899,88.49232585086527,87.56677581719443,87.8785400390625,7348600,0.0,0.0,0.0
1999-11-30,87.76163264071965,88.73589588051449,86.67045781214942,86.8458251953125,7682000,0.0,0.0,0.0
1999-12-01,86.86531791967191,87.60575804550133,86.67046525497996,87.54730224609375,6980200,0.0,0.0,0.0
1999-12-02,87.68369708441,88.15134346886019,87.52781495625993,88.07340240478516,6698300,0.0,0.0,0.0
1999-12-03,89.18411004768619,90.62602050071848,89.18411004768619,89.69072723388672,10045400,0.0,0.0,0.0
1999-12-06,89.49580637279968,89.61271794219589,88.69691064859224,89.02816009521484,3138900,0.0,0.0,0.0
1999-12-07,89.33995493512603,89.35944020337797,88.15135357175795,88.30723571777344,10714200,0.0,0.0,0.0
1999-12-08,88.13187764756765,88.58003886487785,87.6057753489861,87.74217224121094,4611400,0.0,0.0,0.0
1999-12-09,88.42407702366951,88.67738530954604,86.90422730841031,88.17076873779297,6474700,0.0,0.0,0.0
1999-12-10,88.71644330129749,89.04769292486921,87.83960606243116,88.463134765625,5127300,0.0,0.0,0.0
1999-12-13,88.19031978597113,88.98921574514586,88.0928934494864,88.6189956665039,4210800,0.0,0.0,0.0
1999-12-14,88.30719922406212,88.84304387954793,87.68367089767862,87.76161193847656,5739000,0.0,0.0,0.0
1999-12-15,87.52777119154644,88.66765868368924,87.31343337251103,88.22924041748047,6879100,0.0,0.0,0.0
1999-12-16,88.65796620109779,88.95024521055197,88.01495238029862,88.6189956665039,5854900,0.0,0.0,0.0
1999-12-17,89.38344129845599,89.57877224534947,88.79744845777554,89.1881103515625,4775400,0.348,0.0,0.0
1999-12-20,89.10996245496352,89.5006242807196,88.19190716443671,88.54350280761719,4608700,0.0,0.0,0.0
1999-12-21,88.5044843051186,90.04759934817848,88.34821949063152,89.8913345336914,7981300,0.0,0.0,0.0
1999-12-22,89.77410618815527,90.12570190429688,89.36391118599008,90.12570190429688,5377500,0.0,0.0,0.0
1999-12-23,90.64330795166016,91.56136322021484,90.63354140625,91.56136322021484,5721700,0.0,0.0,0.0
1999-12-27,91.57111118563574,91.74690896734879,90.67258919021356,91.43437957763672,2691000,0.0,0.0,0.0
1999-12-28,91.18047778654322,91.57113964509739,90.93631412494686,91.37580871582031,4084500,0.0,0.0,0.0
1999-12-29,91.45391956132846,91.76644897460938,90.82886073476664,91.76644897460938,3001000,0.0,0.0,0.0
1999-12-30,91.9617746929317,92.2352379141936,91.37578207594191,91.65901184082031,3641300,0.0,0.0,0.0
1999-12-31,91.78601652591786,92.19621153486536,91.41488770829869,91.80554962158203,3172700,0.0,0.0,0.0
2000-01-03,92.66497571918143,92.66497571918143,89.9303432148211,90.90699768066406,8164300,0.0,0.0,0.0
2000-01-04,89.71550177674814,90.04756437857803,87.28363154569978,87.35199737548828,8089800,0.0,0.0,0.0
2000-01-05,87.46917356763568,88.46536111831665,85.78932789393834,87.50823974609375,12177900,0.0,0.0,0.0
2000-01-06,87.27384543721776,88.44583082804878,86.10186004638672,86.10186004638672,6227200,0.0,0.0,0.0
2000-01-07,87.70356801525396,91.10232543945311,87.54730330609539,91.10232543945312,8066500,0.0,0.0,0.0
2000-01-10,91.41488647460938,91.82508147802109,90.65309575398763,91.41488647460938,5741700,0.0,0.0,0.0
2000-01-11,91.14144273447742,91.31724063087911,89.69599336406351,90.32105255126953,7503700,0.0,0.0,0.0
2000-01-12,90.37959133229855,90.37959133229855,89.30527157364791,89.42247009277344,6907700,0.0,0.0,0.0
2000-01-13,90.30148996649118,91.10234678860368,89.55923242404543,90.63355255126953,5158300,0.0,0.0,0.0
2000-01-14,91.59070286881587,92.17669584942249,91.23910708045189,91.86416625976562,7437300,0.0,0.0,0.0
2000-01-18,90.84842204107422,91.64927891135675,90.75075656908855,91.14141845703125,6488500,0.0,0.0,0.0
2000-01-19,90.82887999865474,91.8836669921875,90.63354907392645,91.8836669921875,6157900,0.0,0.0,0.0
2000-01-20,91.86413690339715,91.86413690339715,89.89129449913538,90.47728729248047,5800100,0.0,0.0,0.0
2000-01-21,90.94608472281851,90.94608472281851,90.04756240811713,90.2819595336914,6244800,0.0,0.0,0.0
2000-01-24,91.04374749016533,91.1609460494747,87.13712884651953,87.7231216430664,7896900,0.0,0.0,0.0
2000-01-25,87.8305587818947,88.71931457519531,86.88320370551932,88.71931457519531,9942500,0.0,0.0,0.0
2000-01-26,88.13331947377455,88.4751486162371,87.56685975197946,88.01612091064453,5158100,0.0,0.0,0.0
2000-01-27,88.66071571003306,88.89511284343699,86.33627747044419,87.6645278930664,10922700,0.0,0.0,0.0
2000-01-28,87.15664274185869,87.54730452017272,84.71500662739604,84.92987060546875,11916200,0.0,0.0,0.0
2000-01-31,84.89083084673611,87.30316807857501,84.38297037687528,87.23480224609375,10768700,0.0,0.0,0.0
2000-02-01,87.35198084118625,88.56303245392183,86.59019031059451,88.09423828125,8419900,0.0,0.0,0.0
2000-02-02,88.3090949035293,88.91462065933761,87.74263532551507,88.17236328125,6205900,0.0,0.0,0.0
2000-02-03,88.05519935211622,89.53971469168162,87.50827264806581,89.50064849853516,7997500,0.0,0.0,0.0
2000-02-04,89.50059945672692,90.00845968934912,88.83647453714406,89.12947082519531,4925400,0.0,0.0,0.0
2000-02-07,89.10998880455011,89.24672048399593,88.4067973102573,88.99279022216797,5845800,0.0,0.0,0.0
2000-02-08,89.98895526190452,90.36008401162802,89.7740912489067,90.20381927490234,4936400,0.0,0.0,0.0
2000-02-09,90.30144900680776,90.30144900680776,88.29930785967433,88.30907440185547,8511500,0.0,0.0,0.0
2000-02-10,88.52396760986868,89.10996033455889,88.05517343011651,88.48490142822266,6690600,0.0,0.0,0.0
2000-02-11,88.6607320011065,88.71933129522488,86.27769404029245,86.6878890991211,9849800,0.0,0.0,0.0
2000-02-14,87.37152231893232,87.37152231893232,86.45346697598804,87.19572448730469,8528800,0.0,0.0,0.0
2000-02-15,87.03946580928034,88.27005071636846,86.13117694928673,88.1821517944336,11078300,0.0,0.0,0.0
2000-02-16,87.7426500251825,88.09424568423265,86.75622887062512,86.88319396972656,8845400,0.0,0.0,0.0
2000-02-17,87.7817127499338,87.7817127499338,86.39486326056011,86.43392944335938,7584200,0.0,0.0,0.0
2000-02-18,86.80507328306555,86.80507328306555,84.14857239051449,84.57830047607422,9409200,0.0,0.0,0.0
2000-02-22,84.50013493023197,85.22285915409202,83.46488131227026,84.3634033203125,16415400,0.0,0.0,0.0
2000-02-23,84.7736566399546,85.92610957584338,84.07046501805635,85.35964965820312,12119000,0.0,0.0,0.0
2000-02-24,85.43775358026353,85.6526176153305,83.19144775910891,83.64070892333984,17375000,0.0,0.0,0.0
2000-02-25,84.50015536676771,85.4572768676858,83.21097130430663,83.33793640136719,10559900,0.0,0.0,0.0
2000-02-28,83.36723897914693,85.43774678884459,82.95704403571627,85.08615112304688,13397800,0.0,0.0,0.0
2000-02-29,85.04710651517402,85.90656280517578,84.85177554017362,85.90656280517578,8242500,0.0,0.0,0.0
2000-03-01,86.02374054023966,86.88319662193143,85.76981033428528,86.53160095214844,6868000,0.0,0.0,0.0
2000-03-02,86.6878677977414,86.96133110309707,85.84794478843477,86.59020233154297,7600200,0.0,0.0,0.0
2000-03-03,87.78173580456878,88.58259276228736,87.33247458438518,88.21146392822266,12770300,0.0,0.0,0.0
2000-03-06,88.01612257914807,88.34818518097798,86.72693836027906,87.35199737548828,11967100,0.0,0.0,0.0
2000-03-07,87.50825362879091,87.60591909043018,84.51969050262908,85.6623764038086,20062000,0.0,0.0,0.0
2000-03-08,85.30102429847196,86.1604804626883,84.40250194497305,85.5549545288086,11808500,0.0,0.0,0.0
2000-03-09,85.78933718528172,88.05517578125,85.08614589687778,88.05517578125,5500900,0.0,0.0,0.0
2000-03-10,87.62540039008053,88.75831907546275,87.21520569364904,87.58633422851562,7924600,0.0,0.0,0.0
2000-03-13,85.4377386701685,87.80124264344019,84.81267976814624,86.62925720214844,10540500,0.0,0.0,0.0
2000-03-14,87.0589556384283,87.56681582388917,85.10564723280953,85.39864349365234,8263900,0.0,0.0,0.0
2000-03-15,85.55496403400419,87.78173707050567,85.04710351690737,87.39107513427734,10300800,0.0,0.0,0.0
2000-03-16,88.52397561424593,91.786002076642,88.05518139210517,91.47347259521484,25601400,0.0,0.0,0.0
2000-03-17,91.37305488407942,92.74384653471928,91.13806202968402,92.07803344726562,10272900,0.371,0.0,0.0
2000-03-20,92.03888304776846,92.33262416387836,90.72683939581091,91.60806274414062,12502300,0.0,0.0,0.0
2000-03-21,91.19680354162695,93.84047295930348,90.55057323952825,93.48798370361328,13612600,0.0,0.0,0.0
2000-03-22,93.72294077574401,94.52583266287428,93.17462436502089,94.05584716796875,8260000,0.0,0.0,0.0
2000-03-23,93.46839294902135,96.17081034415332,93.46839294902135,95.66165924072266,11654500,0.0,0.0,0.0
2000-03-24,95.79871789158288,97.60032910295362,95.07415686092291,96.22953796386719,11462900,0.0,0.0,0.0
2000-03-27,96.11204064328794,96.36661613806437,95.13290412491705,95.21123504638672,8798600,0.0,0.0,0.0
2000-03-28,94.78047558331124,95.86731781365707,94.36923798263986,94.66297912597656,6334400,0.0,0.0,0.0
2000-03-29,94.97625907114356,95.55394971910206,93.78171230756836,94.76084899902344,6747500,0.0,0.0,0.0
2000-03-30,94.09505604394798,95.20148074040647,92.19553045887764,93.17466735839844,9491900,0.0,0.0,0.0
2000-03-31,93.76215385379933,95.4462693992101,93.01800977559458,94.23213958740234,9249100,0.0,0.0,0.0
2000-04-03,94.07547036793606,94.78044891357422,93.17466444850953,94.78044891357422,8508200,0.0,0.0,0.0
2000-04-04,95.09381858196782,95.87712845496591,88.60213800949617,94.07551574707031,19585500,0.0,0.0,0.0
2000-04-05,92.66550877366947,94.50628599782944,92.5088468822516,93.48798370361328,8387200,0.0,0.0,0.0
2000-04-06,94.15379628658839,95.0546021578827,93.37048683328898,94.30066680908203,6378500,0.0,0.0,0.0
2000-04-07,94.97628017146874,95.32876945870306,94.31046707335948,94.89794921875,6023600,0.0,0.0,0.0
2000-04-10,95.09378599898277,95.94563519399013,94.19297995368763,94.52588653564453,9624200,0.0,0.0,0.0
2000-04-11,93.99714863228495,95.01545107580137,92.97884618876853,94.25172424316406,9006400,0.0,0.0,0.0
2000-04-12,94.23214026705573,94.72170874308989,91.58847049647125,91.66680145263672,10779200,0.0,0.0,0.0
2000-04-13,92.4108883661042,92.84170835848697,90.10012658877844,90.39386749267578,12225800,0.0,0.0,0.0
2000-04-14,89.37557574580698,89.49307212058235,83.65741884007174,85.22403717041016,29604000,0.0,0.0,0.0
2000-04-17,84.71487437260087,88.20059967041016,84.40155075032588,88.20059967041016,23918200,0.0,0.0,0.0
2000-04-18,88.08314112144039,90.5309829711914,87.59357275149019,90.5309829711914,11069200,0.0,0.0,0.0
2000-04-19,90.55055933789916,90.94221400631567,89.31684713238712,89.68891906738281,6553700,0.0,0.0,0.0
2000-04-20,89.96311193712377,90.19810482855726,89.2189677809177,90.1197738647461,8537600,0.0,0.0,0.0
2000-04-24,88.67064686860687,89.8064457905104,88.04399918755664,89.14063262939453,12893100,0.0,0.0,0.0
2000-04-25,90.62886469949024,92.84171295166016,90.51136833211838,92.84171295166016,14102000,0.0,0.0,0.0
2000-04-26,92.72423955891928,93.21380787760417,91.49052739583334,91.79405975341797,7711100,0.0,0.0,0.0
2000-04-27,89.61061190252435,92.33261257001799,89.61061190252435,91.49055480957031,15595300,0.0,0.0,0.0
2000-04-28,92.11714611755937,92.6556711001769,90.90301706583983,90.92259979248047,8743400,0.0,0.0,0.0
2000-05-01,91.84299501418258,93.0473327952854,91.39259226677827,92.15631866455078,7328300,0.0,0.0,0.0
2000-05-02,91.17719958951342,92.19550164678462,90.31555938720703,90.31555938720703,9411900,0.0,0.0,0.0
2000-05-03,90.2372032151976,90.2372032151976,87.59353515225236,88.20059967041016,12630700,0.0,0.0,0.0
2000-05-04,88.98395149294842,89.20915295469335,88.20064206079219,88.866455078125,5963600,0.0,0.0,0.0
2000-05-05,88.3964457313609,90.23722240365774,88.3181148091355,89.9434814453125,7862400,0.0,0.0,0.0
2000-05-08,89.45394218957802,89.84559692771101,88.88604281928517,89.26790618896484,5064100,0.0,0.0,0.0
2000-05-09,89.64978747766453,89.86519762669343,87.89713217420211,88.55315399169922,5620300,0.0,0.0,0.0
2000-05-10,88.04397478060486,88.33771579966826,86.32069413543287,86.5556869506836,10293900,0.0,0.0,0.0
2000-05-11,87.80893227168612,88.67057210664468,87.18228511898899,88.53349304199219,7091100,0.0,0.0,0.0
2000-05-12,88.8664327508772,89.90431748772085,88.74893636557414,89.49308013916016,5960800,0.0,0.0,0.0
2000-05-15,89.45392166042512,91.24574167617139,88.98393608252448,91.04012298583984,4441300,0.0,0.0,0.0
2000-05-16,91.84299477120892,92.56755571076856,91.05968564736065,91.92132568359375,8192200,0.0,0.0,0.0
2000-05-17,91.29469078564925,91.6080144777493,90.53096428615541,90.96178436279297,5907200,0.0,0.0,0.0
2000-05-18,91.25553011374569,91.68635021299514,89.84557342529297,89.84557342529297,4325600,0.0,0.0,0.0
2000-05-19,89.33645972496012,89.75748863422945,87.9852506673051,88.43565368652344,6518400,0.0,0.0,0.0
2000-05-22,88.5139728156332,88.65105197707334,85.85072053622477,87.76982879638672,10839400,0.0,0.0,0.0
2000-05-23,88.0048325476439,88.23982542494069,86.2032204883686,86.47737884521484,7979200,0.0,0.0,0.0
2000-05-24,86.47736444320272,88.16147978335566,85.5373930905592,87.88732147216797,11081500,0.0,0.0,0.0
2000-05-25,88.16143018073491,88.86640829857286,86.30107125866255,86.37940216064453,8278900,0.0,0.0,0.0
2000-05-26,86.98653007935786,87.53484679305035,86.05634994005811,86.47737884521484,4814000,0.0,0.0,0.0
2000-05-30,87.73067541289748,89.57145297736453,87.39776883208961,89.29729461669922,5362700,0.0,0.0,0.0
2000-05-31,89.33641829208942,90.23722391274617,89.04267732883177,89.49308013916016,6056500,0.0,0.0,0.0
2000-06-01,90.041435710948,91.13806911673596,89.61061544438843,91.05973815917969,8961600,0.0,0.0,0.0
2000-06-02,93.33131552861322,93.42922920415728,92.4207183460533,92.64591979980469,8962200,0.0,0.0,0.0
2000-06-05,92.4109668196919,92.88095266492871,92.03889469221274,92.195556640625,6998100,0.0,0.0,0.0
2000-06-06,91.88223836974902,92.60679992552069,91.43183524048554,91.7843246459961,4858900,0.0,0.0,0.0
2000-06-07,91.88221288891789,92.743853418993,91.49055810252013,92.42073822021484,4919500,0.0,0.0,0.0
2000-06-08,92.43052080321175,92.58718270287821,91.5297148801296,92.0584487915039,5723100,0.0,0.0,0.0
2000-06-09,92.43047847190765,92.7242193992548,91.255514762519,91.86257934570312,3085300,0.0,0.0,0.0
2000-06-12,92.09754969191202,92.09754969191202,90.78550720214844,90.78550720214844,3678900,0.0,0.0,0.0
2000-06-13,90.74635696168828,92.5871333005745,90.62886059963171,92.48921966552734,6558700,0.0,0.0,0.0
2000-06-14,92.90049535621928,93.29215005839558,92.23468236251956,92.64591979980469,6420500,0.0,0.0,0.0
2000-06-15,92.82213022376484,93.21378478167102,92.01923838005717,92.84171295166016,5881200,0.0,0.0,0.0
2000-06-16,93.15843553935457,93.15843553935457,91.62738666196947,92.07884979248047,5567900,0.348,0.0,0.0
2000-06-19,92.00037650764929,93.68845681054194,91.86297462253012,93.25662231445312,5106900,0.0,0.0,0.0
2000-06-20,93.07995093296891,93.51178537424376,92.33405507985782,92.92292022705078,6480000,0.0,0.0,0.0
2000-06-21,92.29483214093787,93.23701673106228,92.26538887249649,92.88369750976562,3115000,0.0,0.0,0.0
2000-06-22,92.68737834553862,92.76589370203632,91.0778135373357,91.47039031982422,7490500,0.0,0.0,0.0
2000-06-23,91.5881991696048,91.78448763760653,90.3712106679941,90.68527221679688,4863300,0.0,0.0,0.0
2000-06-26,91.31340944926217,91.86301724474353,90.99934785184423,91.85320281982422,5201300,0.0,0.0,0.0
2000-06-27,91.69613630296853,92.15741409449582,91.08764219499635,91.17597198486328,4159500,0.0,0.0,0.0
2000-06-28,91.47040239778799,92.32425701244546,91.27411398062536,91.43114471435547,5347700,0.0,0.0,0.0
2000-06-29,90.92077053352821,91.54889330059922,90.14543149292494,90.56745147705078,6345700,0.0,0.0,0.0
2000-06-30,90.41043832261579,91.4507668573745,90.3809950621981,91.25447845458984,7420200,0.0,0.0,0.0
2000-07-03,91.35259518298581,92.60884058300967,91.19556450798282,92.51069641113281,1436600,0.0,0.0,0.0
2000-07-05,91.94153124810089,92.11819089396616,90.68528487750343,90.84231567382812,2748200,0.0,0.0,0.0
2000-07-06,91.03855460871964,92.00036771260649,90.58709131505846,91.54890441894531,5963200,0.0,0.0,0.0
2000-07-07,92.13775192038574,93.45288387152887,91.8629482291021,93.02104949951172,3034800,0.0,0.0,0.0
2000-07-10,92.88367302990747,93.53142476490048,92.6677557849098,92.86404418945312,2816100,0.0,0.0,0.0
2000-07-11,92.628483570922,93.66881195177787,92.4321951971756,93.06031799316406,5431600,0.0,0.0,0.0
2000-07-12,93.76695980350209,94.29693843333139,93.3940118788074,93.66881561279297,5883000,0.0,0.0,0.0
2000-07-13,94.20859634237053,94.45395678705843,93.70806103520718,94.08100891113281,5356000,0.0,0.0,0.0
2000-07-14,94.49326632791315,95.00361633300781,94.01235959234317,95.00361633300781,5341900,0.0,0.0,0.0
2000-07-17,94.83675082550933,95.46487377416219,94.650276825128,94.84656524658203,4208300,0.0,0.0,0.0
2000-07-18,94.6110288712527,94.6110288712527,93.80624626052212,94.07123565673828,4262100,0.0,0.0,0.0
2000-07-19,93.8847423452362,94.1595461070663,93.11921758013811,93.31550598144531,8506800,0.0,0.0,0.0
2000-07-20,93.59035330491443,94.61105346679688,93.4725802093126,94.61105346679688,4538900,0.0,0.0,0.0
2000-07-21,94.06142633141877,94.06142633141877,92.76592254638672,92.76592254638672,5656900,0.0,0.0,0.0
2000-07-24,93.04072163921388,93.50199947856441,92.05927942782978,92.2359390258789,5628500,0.0,0.0,0.0
2000-07-25,92.80519174568524,92.86407828867107,92.19669746816487,92.53038787841797,4757100,0.0,0.0,0.0
2000-07-26,92.31446630155928,92.4322393821056,91.48024031435617,91.62745666503906,12062500,0.0,0.0,0.0
2000-07-27,91.66670421229696,92.0985387931686,90.881550428894,91.31338500976562,7652600,0.0,0.0,0.0
2000-07-28,91.52931913229457,91.64709222146331,88.88923905009565,89.25237274169922,6229500,0.0,0.0,0.0
2000-07-31,89.78233654849178,90.5282326544915,89.23272889143936,89.82159423828125,5265500,0.0,0.0,0.0
2000-08-01,90.21416980468325,90.90117936585904,89.9001082910029,90.37120056152344,3946600,0.0,0.0,0.0
2000-08-02,90.3711913442519,91.33300463179931,90.21416060342783,90.8226547241211,7439800,0.0,0.0,0.0
2000-08-03,89.74305840054406,91.58816940003031,89.58602767718352,91.45076751708984,4607100,0.0,0.0,0.0
2000-08-04,91.9022248656601,92.15739977451392,91.33298853052466,91.94148254394531,3686600,0.0,0.0,0.0
2000-08-07,92.15742767913433,93.23701415886859,91.94151038318748,93.04072570800781,4159800,0.0,0.0,0.0
2000-08-08,92.64814687105927,93.47255834745428,92.64814687105927,93.39404296875,3658700,0.0,0.0,0.0
2000-08-09,93.67865872514506,93.72773083553014,92.56962903044192,92.60888671875,5383800,0.0,0.0,0.0
2000-08-10,92.66776721210906,92.87387006229486,91.88261349711554,92.15741729736328,4193400,0.0,0.0,0.0
2000-08-11,92.09853519118639,92.96220431915148,91.43115450139518,92.5892562866211,5089400,0.0,0.0,0.0
2000-08-14,92.82481367347978,93.9436579068036,92.37335021091052,93.76699829101562,2966700,0.0,0.0,0.0
2000-08-15,93.80626490968793,94.10069763068506,93.31554370802603,93.68849182128906,5564600,0.0,0.0,0.0
2000-08-16,93.7866013433073,94.1791781593111,92.86404582569838,93.35476684570312,5191600,0.0,0.0,0.0
2000-08-17,93.39400510752246,94.49321996376905,93.17808790361688,94.33618927001953,5652200,0.0,0.0,0.0
2000-08-18,94.45398263314074,94.45398263314074,93.72771551813113,94.02214813232422,4626400,0.0,0.0,0.0
2000-08-21,94.2381142302605,94.6699489549149,93.84553720784741,94.53254699707031,2380600,0.0,0.0,0.0
2000-08-22,94.57179202493931,95.04288438869992,94.27735929758894,94.37550354003906,3075300,0.0,0.0,0.0
2000-08-23,94.1006613494892,95.02321685291557,93.76697106101584,94.7484130859375,5483200,0.0,0.0,0.0
2000-08-24,94.94472534072541,95.1606426404459,94.53251958671358,95.0428695678711,4529000,0.0,0.0,0.0
2000-08-25,94.94472979395843,95.23916248920536,94.80732786950986,95.00361633300781,2822200,0.0,0.0,0.0
2000-08-28,95.00360819383494,96.04393696124676,95.00360819383494,95.32748413085938,5518700,0.0,0.0,0.0
2000-08-29,95.1214132908749,95.39621720876022,94.78772281915701,95.3471450805664,3561900,0.0,0.0,0.0
2000-08-30,95.04282774178904,95.16060076253476,94.43433380126953,94.43433380126953,3964800,0.0,0.0,0.0
2000-08-31,94.88587559470152,96.16175104229266,94.7877313295022,95.69065856933594,4863100,0.0,0.0,0.0
2000-09-01,96.25979590494124,96.47571306541317,95.47464259413421,95.78870391845703,3191200,0.0,0.0,0.0
2000-09-05,95.39613357729912,95.60223633502787,94.72875321893942,95.02318572998047,3470800,0.0,0.0,0.0
2000-09-06,94.96431063928219,95.44521713177132,93.9239823085914,93.94361114501953,4322200,0.0,0.0,0.0
2000-09-07,94.37546511646727,94.89562938967575,94.11047576973843,94.7484130859375,4265500,0.0,0.0,0.0
2000-09-08,94.39507953514892,94.5324813976455,93.79639999141384,94.10064697265625,3518200,0.0,0.0,0.0
2000-09-11,94.06141631040938,94.96434309469127,93.39403564376624,93.96327209472656,3937500,0.0,0.0,0.0
2000-09-12,94.061398695615,94.375460126986,93.23698743826613,93.2762451171875,4769100,0.0,0.0,0.0
2000-09-13,92.96216176441652,93.8062016621931,92.74624458126436,93.5215835571289,7691600,0.0,0.0,0.0
2000-09-14,94.13991496681706,94.17917264611933,93.06032878600494,93.9926986694336,3397100,0.0,0.0,0.0
2000-09-15,93.31381118460877,93.35316749468241,91.93634033203125,91.93634033203125,4085700,0.375,0.0,0.0
2000-09-18,92.17246252765766,92.54634740981511,90.8048309850291,91.09016418457031,5109300,0.0,0.0,0.0
2000-09-19,91.38536151158327,92.13313148088562,91.11970639091007,91.91667175292969,6588200,0.0,0.0,0.0
2000-09-20,91.7395784001025,91.95603815179729,90.14564750125902,91.23778533935547,6508100,0.0,0.0,0.0
2000-09-21,90.97209562985874,91.66083094178715,89.81108467546514,89.8504409790039,5972300,0.0,0.0,0.0
2000-09-22,89.81109860051599,91.50341991507435,89.68319059418309,91.4837417602539,7791300,0.0,0.0,0.0
2000-09-25,91.89698624239017,91.97569886443934,90.49983720101764,90.83436584472656,9726300,0.0,0.0,0.0
2000-09-26,90.91307117092994,91.30663424959197,89.67334747314453,89.67334747314453,5302400,0.0,0.0,0.0
2000-09-27,90.40145355404478,90.65726959588251,89.49625832908046,90.14563751220703,7186200,0.0,0.0,0.0
2000-09-28,90.1653000831604,92.14295452627643,89.97835762336337,91.30663299560547,7036400,0.0,0.0,0.0
2000-09-29,91.6018301679115,91.91668071199024,90.44081878662111,90.4408187866211,9333600,0.0,0.0,0.0
2000-10-02,90.85408469363189,91.24764798015401,90.13583169572901,90.5785903930664,5517800,0.0,0.0,0.0
2000-10-03,91.01149471182572,91.77894299155787,89.59466711847405,89.73241424560547,9347200,0.0,0.0,0.0
2000-10-04,89.9685163327848,90.83435507264538,89.26010281835343,90.48014831542969,6148900,0.0,0.0,0.0
2000-10-05,90.3030367546594,91.20823171885952,90.24400230047245,90.79499053955078,4566900,0.0,0.0,0.0
2000-10-06,90.5982048700592,91.08031955713923,88.00068900497497,88.8271713256836,10014900,0.0,0.0,0.0
2000-10-09,88.98463237285614,88.98463237285614,87.76458655084882,88.15814971923828,4508000,0.0,0.0,0.0
2000-10-10,88.21719904417782,88.94529102825871,86.70198059082033,86.70198059082031,6104700,0.0,0.0,0.0
2000-10-11,86.6626125203851,87.29231361045147,85.08835979521916,85.973876953125,10346000,0.0,0.0,0.0
2000-10-12,86.44615172802563,86.64293331629794,83.61249685690437,83.8289566040039,12336900,0.0,0.0,0.0
2000-10-13,83.71090018494678,86.68230261276224,83.67154386139956,86.6232681274414,11778800,0.0,0.0,0.0
2000-10-16,86.52486123266613,87.04633242271973,86.07226359601584,87.01681518554688,5659000,0.0,0.0,0.0
2000-10-17,87.17423347020194,87.25294609636013,84.63575127660012,84.85221099853516,7831700,0.0,0.0,0.0
2000-10-18,83.5141271452664,85.71808149028756,81.95955220547468,84.53739166259766,10897300,0.0,0.0,0.0
2000-10-19,86.1706379034317,87.81376379174787,85.91482189686751,87.72521209716797,8767300,0.0,0.0,0.0
2000-10-20,87.13484599181842,88.90587944693668,87.13484599181842,88.09907531738281,7373500,0.0,0.0,0.0
2000-10-23,88.11876039375642,88.80749568044277,87.48905956021461,88.49264526367188,5290000,0.0,0.0,0.0
2000-10-24,88.76819822893384,89.37822131585402,87.52847389099927,87.90235900878906,5750700,0.0,0.0,0.0
2000-10-25,87.37097801827663,87.88260987153681,85.7180135692822,85.8360824584961,9137600,0.0,0.0,0.0
2000-10-26,86.3477445374791,86.68227317401902,84.39960718351136,86.07225036621094,9345800,0.0,0.0,0.0
2000-10-27,86.82001892322646,87.70553588867188,86.03289273171941,87.70553588867188,9762900,0.0,0.0,0.0
2000-10-30,87.17420914344372,88.84685198253914,86.99710578401009,88.49264526367188,10154100,0.0,0.0,0.0
2000-10-31,88.79767743234804,90.48015974159253,88.19749368460586,90.0177230834961,7752400,0.0,0.0,0.0
2000-11-01,89.57497567161965,90.20467673082261,88.92559645431662,89.71272277832031,6753600,0.0,0.0,0.0
2000-11-02,90.14563906849324,90.61791484619327,89.7422368417078,89.86030578613281,11395100,0.0,0.0,0.0
2000-11-03,90.34243491213076,90.51953835674178,89.65369929419903,89.90951538085938,5187100,0.0,0.0,0.0
2000-11-06,90.14562149893534,90.86387410419864,90.06690888465992,90.5391845703125,4042500,0.0,0.0,0.0
2000-11-07,90.13576916487321,90.67691830842391,89.77172337739364,90.51949310302734,5231300,0.0,0.0,0.0
2000-11-08,90.71631343802541,90.71631343802541,88.51235961914062,88.51235961914062,6123300,0.0,0.0,0.0
2000-11-09,88.15817065282582,88.92561901341962,86.42649230071675,88.17784881591797,10635300,0.0,0.0,0.0
2000-11-10,87.52843004176079,87.82360235530089,85.97385585711619,86.03289031982422,8569500,0.0,0.0,0.0
2000-11-13,85.40320977245733,86.25920968607528,83.76008350148955,85.36385345458984,17285300,0.0,0.0,0.0
2000-11-14,86.56419744945708,87.92199004414054,86.26902514626502,87.60713958740234,7668900,0.0,0.0,0.0
2000-11-15,87.56777895335065,88.22699706457252,86.74129654525161,87.88262939453125,8837700,0.0,0.0,0.0
2000-11-16,87.26275863768949,88.07940188573642,86.46579354019791,86.5051498413086,6684100,0.0,0.0,0.0
2000-11-17,86.46578956809024,87.52840964926386,85.48188208552207,86.04270935058594,6551100,0.0,0.0,0.0
2000-11-20,85.48186979714235,85.87543273359329,84.57667504330522,84.81281280517578,5458500,0.0,0.0,0.0
2000-11-21,84.93089240893983,85.75737467983312,84.07489291408605,85.24574279785156,7684300,0.0,0.0,0.0
2000-11-22,84.596401326916,84.93093001325178,83.19925210751357,83.20909118652344,5736900,0.0,0.0,0.0
2000-11-24,84.1437764509252,84.98993697183019,84.1437764509252,84.91122436523438,3411600,0.0,0.0,0.0
2000-11-27,85.93449071300952,86.07223777849866,85.20639908113836,85.65899658203125,5992000,0.0,0.0,0.0
2000-11-28,85.08836184265793,86.01323534094769,84.15364926459912,84.18316650390625,5336100,0.0,0.0,0.0
2000-11-29,84.61606331675617,85.58029287548199,83.91748884053644,84.02571868896484,6914100,0.0,0.0,0.0
2000-11-30,83.43533918532587,84.06503985842267,81.70366233430967,83.29759216308594,11201600,0.0,0.0,0.0
2000-12-01,83.86827767213674,84.41926588772094,82.49080713317626,83.25825500488281,7587200,0.0,0.0,0.0
2000-12-04,83.04180165825667,84.30120338956672,82.80566383363605,83.9666748046875,6996600,0.0,0.0,0.0
2000-12-05,84.93090676276734,87.05614724709979,84.63573447327671,86.72161865234375,8883400,0.0,0.0,0.0
2000-12-06,86.76100959192851,87.11521648071388,85.02933146897779,85.33434295654297,12888000,0.0,0.0,0.0
2000-12-07,84.93092313725897,85.56062414291057,84.1634750366211,84.1634750366211,6529100,0.0,0.0,0.0
2000-12-08,86.30842099146379,87.82363950864179,84.30124841026696,84.36028289794922,10276300,0.0,0.0,0.0
2000-12-11,86.50519382899897,87.88266506831425,86.0919524572044,87.29232025146484,6405600,0.0,0.0,0.0
2000-12-12,87.01680966861545,87.41037280596785,86.50517759005733,86.91841888427734,5022900,0.0,0.0,0.0
2000-12-13,87.68581979244377,87.78421052380871,85.65897072632579,85.72784423828125,6070500,0.0,0.0,0.0
2000-12-14,85.56063858383452,85.95420177879235,84.39962715870888,84.6357650756836,7678400,0.0,0.0,0.0
2000-12-15,84.08608646160718,84.08608646160718,82.46752798981099,82.72412872314453,9065300,0.411,0.0,0.0
2000-12-18,83.41495898529477,84.30319210274348,83.22744310494448,83.8294677734375,7235400,0.0,0.0,0.0
2000-12-19,83.67154333726415,85.25062412683272,82.1220703125,82.1220703125,9616600,0.0,0.0,0.0
2000-12-20,81.24372604672271,81.44111119260883,79.64490636504523,79.74359893798828,9994300,0.0,0.0,0.0
2000-12-21,79.585693359375,81.39176750183105,79.28961563110352,80.29627990722656,14331500,0.0,0.0,0.0
2000-12-22,81.48060334781474,82.81295332988293,81.38191075655043,82.70439147949219,10182900,0.0,0.0,0.0
2000-12-26,82.64516447533403,83.59261322021484,82.28987119600372,83.59261322021484,4665300,0.0,0.0,0.0
2000-12-27,83.2175876994788,84.47098352939268,82.90177142737451,84.20451354980469,4854100,0.0,0.0,0.0
2000-12-28,83.88869599166053,84.55980555959381,83.75052637473308,84.46111297607422,8358700,0.0,0.0,0.0
2000-12-29,84.6782016981324,84.8163712580128,82.86225891113281,82.86225891113281,8774600,0.0,0.0,0.0
2001-01-02,83.37548828125,83.47418085734049,80.57261912027994,81.3621597290039,8737500,0.0,0.0,0.0
2001-01-03,81.04633623405739,85.9020105432581,80.63182745156465,85.27037811279297,19431600,0.0,0.0,0.0
2001-01-04,85.23091063896116,85.5664654052563,84.00712266776719,84.35254669189453,9219000,0.0,0.0,0.0
2001-01-05,84.30317484980687,84.4018673982145,81.5989990234375,81.5989990234375,12911400,0.0,0.0,0.0
2001-01-08,82.03328193155437,82.23066711425781,80.6515856526302,82.23066711425781,6625300,0.0,0.0,0.0
2001-01-09,82.77345971705394,83.05966817440395,81.7470569734539,82.0135269165039,5702400,0.0,0.0,0.0
2001-01-10,81.48060820118481,83.45446014404297,81.36217708461331,83.45446014404297,8746100,0.0,0.0,0.0
2001-01-11,82.80309906979365,84.31309598965997,82.80309906979365,83.5334243774414,7245100,0.0,0.0,0.0
2001-01-12,83.80979696909586,84.46116844813028,82.92156313404892,83.37554931640625,7244000,0.0,0.0,0.0
2001-01-16,83.37549965265525,84.12556333324258,83.06955262504727,83.90843963623047,8542200,0.0,0.0,0.0
2001-01-17,85.171737492245,85.30003790793437,83.7801714451527,84.29337310791016,7851400,0.0,0.0,0.0
2001-01-18,84.28346879350153,85.71451129643569,83.96765251699192,85.1322250366211,8107000,0.0,0.0,0.0
2001-01-19,86.02046288829091,86.02046288829091,84.55981253176645,84.64863586425781,7782500,0.0,0.0,0.0
2001-01-22,84.79666517309383,85.76385246207931,84.36241781885546,85.21117401123047,7050900,0.0,0.0,0.0
2001-01-23,84.93485990685173,86.31655644263599,84.73747468745398,85.88230895996094,8463100,0.0,0.0,0.0
2001-01-24,86.05993905491397,86.73104867139725,85.80333831919977,86.1388931274414,6199900,0.0,0.0,0.0
2001-01-25,86.05990724675333,86.69153959351848,85.68487554086151,85.92173767089844,10818300,0.0,0.0,0.0
2001-01-26,85.36908084795688,85.98097483784974,84.92496424238948,85.82306671142578,7136800,0.0,0.0,0.0
2001-01-29,85.5861986660736,86.47048025836735,85.50408336180828,86.28099822998047,6705900,0.0,0.0,0.0
2001-01-30,86.09150699006342,87.11474850020672,85.76936826431715,87.03895568847656,7069100,0.0,0.0,0.0
2001-01-31,86.78629368139912,87.60741778364303,86.28099543812245,86.54627990722656,9706900,0.0,0.0,0.0
2001-02-01,86.59683950651863,87.13372147213445,86.05994790295351,87.12108612060547,8239100,0.0,0.0,0.0
2001-02-02,86.78628907756884,87.15895952344337,85.11246705012863,85.14405059814453,8276600,0.0,0.0,0.0
2001-02-05,85.14404589232133,85.86410641273672,85.11246234605102,85.76935577392578,4352900,0.0,0.0,0.0
2001-02-06,85.45986377237769,86.34414525779603,85.40933202493302,85.51670837402344,7106700,0.0,0.0,0.0
2001-02-07,85.09354079643961,85.52304631880877,84.43663752488325,85.07459259033203,5748700,0.0,0.0,0.0
2001-02-08,85.14407160908989,85.52304536496274,84.0702981771947,84.08292388916016,5943300,0.0,0.0,0.0
2001-02-09,84.22819288026187,84.22819288026187,82.90807370643546,83.27442169189453,9913000,0.0,0.0,0.0
2001-02-12,83.18597320911091,84.32291329346558,83.18597320911091,84.2281723022461,5804400,0.0,0.0,0.0
2001-02-13,84.44927105326562,84.74613912647798,83.37549763255713,83.53971862792969,6587600,0.0,0.0,0.0
2001-02-14,83.78605199619577,83.78605199619577,82.52910941857772,83.41339111328125,8400100,0.0,0.0,0.0
2001-02-15,83.9060617912026,84.33557691729035,83.36917993102718,84.22187805175781,5929800,0.0,0.0,0.0
2001-02-16,82.7438821497201,82.92705138859019,81.67010850742821,82.36489868164062,6434900,0.0,0.0,0.0
2001-02-20,82.76910551431595,82.8322726095392,80.91211435286624,81.09528350830078,5760000,0.0,0.0,0.0
2001-02-21,80.78581717142963,81.37954858753055,79.26989784251879,79.34569549560547,10910800,0.0,0.0,0.0
2001-02-22,79.80675744824825,79.92676915334525,77.70342027656133,79.4656753540039,21281600,0.0,0.0,0.0
2001-02-23,79.00456958381551,79.29511986480125,76.93281640184959,78.92877197265625,20173000,0.0,0.0,0.0
2001-02-26,79.45936166465309,80.60893249511719,78.63823757761887,80.60893249511719,11503700,0.0,0.0,0.0
2001-02-27,80.09100503486006,80.74789861144683,79.2761985101449,79.86361694335938,11415000,0.0,0.0,0.0
2001-02-28,80.05940513249296,80.11624973427304,77.86132230318185,78.29083251953125,14825800,0.0,0.0,0.0
2001-03-01,78.35402099899432,78.701416015625,76.90126418334158,78.701416015625,14672000,0.0,0.0,0.0
2001-03-02,77.3749982255069,79.36464200081485,77.24867362538163,78.07611083984375,12564300,0.0,0.0,0.0
2001-03-05,78.4171646308239,78.81509131411876,78.20240710565243,78.78982543945312,5293200,0.0,0.0,0.0
2001-03-06,79.8067691313512,80.6910556363664,79.26356477051216,79.63623046875,6917000,0.0,0.0,0.0
2001-03-07,80.15415727433056,80.24258543005365,79.43409668117219,80.2046890258789,6371700,0.0,0.0,0.0
2001-03-08,79.96465455842682,80.3688988769708,79.6741042556591,80.29310607910156,6055000,0.0,0.0,0.0
2001-03-09,79.64885400238082,79.64885400238082,77.76027425455723,77.91818237304688,10020300,0.0,0.0,0.0
2001-03-12,77.27391115141718,77.3749746559116,74.37472053660073,74.58316040039062,13972900,0.0,0.0,0.0
2001-03-13,75.41692363769863,76.07382203491065,74.2357690938212,75.80853271484375,12888000,0.0,0.0,0.0
2001-03-14,73.93258306358898,75.34743845707558,73.11145891919656,74.31156158447266,19883400,0.0,0.0,0.0
2001-03-15,74.81689094444329,75.07586266301803,74.12841361862758,74.33053588867188,10370300,0.0,0.0,0.0
2001-03-16,74.18228523266309,74.35328783168475,72.71295301088573,72.8396224975586,58514600,0.316,0.0,0.0
2001-03-19,73.31466526007105,74.53699874067412,72.71933040292198,74.32166290283203,10067800,0.0,0.0,0.0
2001-03-20,74.6699726106952,75.02463759645497,72.26963960904703,72.3266372680664,15083900,0.0,0.0,0.0
2001-03-21,72.31400614252018,72.99800735846064,70.87000679683496,71.09800720214844,19004600,0.0,0.0,0.0
2001-03-22,70.94599556658588,71.31333004764046,68.42533168778996,70.3759994506836,28624800,0.0,0.0,0.0
2001-03-23,71.72500327054966,72.61800563060513,70.61666988667803,72.5040054321289,12861700,0.0,0.0,0.0
2001-03-26,73.27662362044106,73.63762322461638,72.68762375763427,73.42862701416016,9943800,0.0,0.0,0.0
2001-03-27,73.22600869836646,75.14500810762216,73.01067283195525,74.92967224121094,12880700,0.0,0.0,0.0
2001-03-28,74.03664256583542,74.0683063226115,72.76997632803482,72.858642578125,10953300,0.0,0.0,0.0
2001-03-29,72.6433250856684,73.78332691934797,71.02199343950139,73.1373291015625,12060300,0.0,0.0,0.0
2001-03-30,73.18164895681218,73.90364837646484,72.51664720252488,73.90364837646484,9183600,0.0,0.0,0.0
2001-04-02,73.65664062856158,74.34063669653425,72.07330789649403,72.3266372680664,10561000,0.0,0.0,0.0
2001-04-03,72.18735856675634,72.29502410821907,69.70468743309816,69.91368865966797,12836000,0.0,0.0,0.0
2001-04-04,70.02763121315093,70.99662995212975,69.22330041087132,70.20496368408203,14884300,0.0,0.0,0.0
2001-04-05,71.75666459232902,73.14366122914885,71.24999602117636,72.86499786376953,21522800,0.0,0.0,0.0
2001-04-06,72.19364177442469,72.45331067576024,70.97130864636455,71.75664520263672,14937800,0.0,0.0,0.0
2001-04-09,72.19999190175983,72.82699047848719,71.42732454864665,72.55465698242188,9034300,0.0,0.0,0.0
2001-04-10,73.11833114885641,74.5749997432887,72.9409985892455,73.87833404541016,17873600,0.0,0.0,0.0
2001-04-11,75.2273390297054,75.36033846130925,73.5553392724709,73.92900848388672,12722300,0.0,0.0,0.0
2001-04-12,73.6566554100407,75.3286547240864,73.44131960265275,75.27165222167969,9233200,0.0,0.0,0.0
2001-04-16,74.9169665577291,75.29696541876993,74.04296869414044,74.47996520996094,7350000,0.0,0.0,0.0
2001-04-17,74.29630852270273,75.784645255553,74.11264133371378,75.53131103515625,10924700,0.0,0.0,0.0
2001-04-18,76.67130894503075,79.79997622582219,76.43697877395748,78.53330993652344,32481600,0.0,0.0,0.0
2001-04-19,78.69164830865768,79.69864575439887,78.26731623398493,79.57831573486328,13809900,0.0,0.0,0.0
2001-04-20,79.10332511503522,79.41999174493372,78.31799322583275,78.84999084472656,7626700,0.0,0.0,0.0
2001-04-23,78.3116112960554,78.46360983376242,77.20961344177339,77.41860961914062,8451800,0.0,0.0,0.0
2001-04-24,77.5960091502344,78.3116790133505,76.69667684587759,77.00067901611328,10044700,0.0,0.0,0.0
2001-04-25,76.899289053288,78.32428825423635,76.60162178042279,78.00762176513672,8249000,0.0,0.0,0.0
2001-04-26,78.36229934400431,79.30596422281151,78.21663061841508,78.35596466064453,10590400,0.0,0.0,0.0
2001-04-27,79.11598520131845,79.69865060786992,78.65998450681764,79.66065216064453,7938700,0.0,0.0,0.0
2001-04-30,80.08496760024114,80.604300542725,78.95763546889434,80.21797180175781,10766900,0.0,0.0,0.0
2001-05-01,79.2109642570472,80.52829815883247,78.91329695086087,80.4649658203125,10578000,0.0,0.0,0.0
2001-05-02,80.69295914046282,80.87029160579341,79.79995729897294,80.31929016113281,9572900,0.0,0.0,0.0
2001-05-03,79.88230213292981,79.89497150081588,78.67263842500572,79.29963684082031,9926200,0.0,0.0,0.0
2001-05-04,78.31163256703823,80.65496291830605,78.17863320642606,80.64862823486328,12145300,0.0,0.0,0.0
2001-05-07,80.34462590771494,80.67395694633571,79.94562785154889,79.95195770263672,7185200,0.0,0.0,0.0
2001-05-08,80.34466066113072,80.49665929609199,79.52132546052066,79.91399383544922,6952600,0.0,0.0,0.0
2001-05-09,79.32498149424043,80.14831656827752,79.20464664275612,79.57831573486328,9507400,0.0,0.0,0.0
2001-05-10,80.59796616921845,80.74996474991998,79.6542964354915,79.81262969970703,6872400,0.0,0.0,0.0
2001-05-11,79.79999001442422,80.11032195597896,78.78665777428171,79.26165771484375,7734400,0.0,0.0,0.0
2001-05-14,79.10329351856123,79.44529392207924,78.82462544933603,79.41996002197266,7914000,0.0,0.0,0.0
2001-05-15,79.51496670390847,80.11663117122951,79.07163066782394,79.78730010986328,9782200,0.0,0.0,0.0
2001-05-16,79.06530491600529,81.82663772442983,78.92597568749984,81.66830444335938,14909000,0.0,0.0,0.0
2001-05-17,81.69997155000712,82.3839724714887,81.42130343415577,81.79496765136719,11824600,0.0,0.0,0.0
2001-05-18,81.75697541323036,82.16864776611328,81.129981768895,82.16864776611328,6683100,0.0,0.0,0.0
2001-05-21,82.23196457285809,83.4986307295462,81.79496320257735,83.3782958984375,11531500,0.0,0.0,0.0
2001-05-22,83.49231562373058,83.65697877417945,83.01098587818171,83.27064514160156,8342700,0.0,0.0,0.0
2001-05-23,82.9982620353362,82.9982620353362,81.85826110839844,81.85826110839844,12330800,0.0,0.0,0.0
2001-05-24,81.99764051585818,82.33330629919703,81.41497520017761,82.0989761352539,7902800,0.0,0.0,0.0
2001-05-25,82.11163294383245,82.14330153176378,81.00330484545712,81.12997436523438,7425000,0.0,0.0,0.0
2001-05-29,81.20599307527627,81.28832949325253,80.36999334780197,80.48399353027344,9003900,0.0,0.0,0.0
2001-05-30,80.1736083362931,80.49027478172965,79.16661135913915,79.35661315917969,10041800,0.0,0.0,0.0
2001-05-31,79.43897942569602,80.28131369848747,79.3313139468441,79.768310546875,9874200,0.0,0.0,0.0
2001-06-01,79.92662801269904,80.49662871721004,79.24263199923348,80.26229858398438,8848300,0.0,0.0,0.0
2001-06-04,80.30663264011636,80.7056307219529,79.85063207119019,80.64862823486328,5623500,0.0,0.0,0.0
2001-06-05,80.74362604437567,81.84562415547725,80.60429200569492,81.57329559326172,9115400,0.0,0.0,0.0
2001-06-06,81.59233372349149,81.59233372349149,80.66133295915992,80.89566802978516,12064900,0.0,0.0,0.0
2001-06-07,80.46495908401936,81.28829391169488,80.43329050143673,81.18695831298828,7355300,0.0,0.0,0.0
2001-06-08,80.87662739951556,80.98429768876123,79.8886294018204,80.43329620361328,8170600,0.0,0.0,0.0
2001-06-11,80.24963005521687,80.42696253581697,79.42629999072386,79.86329650878906,7012200,0.0,0.0,0.0
2001-06-12,79.07795573786885,80.26861999276535,78.55862289103719,79.72395324707031,9364400,0.0,0.0,0.0
2001-06-13,79.9076259128472,80.16729477018413,78.94496184923757,79.03996276855469,7629400,0.0,0.0,0.0
2001-06-14,78.64730608772314,78.72330780070921,77.10830643137948,77.26663970947266,12603000,0.0,0.0,0.0
2001-06-15,76.79410547697502,77.74045441126623,76.47018556417264,77.39112854003906,16821100,0.346,0.0,0.0
2001-06-18,77.26412054891647,77.76587743510997,76.79412232914606,77.01641845703125,11368300,0.0,0.0,0.0
2001-06-19,77.7277543534757,78.05167428854959,76.7814053541171,77.35302734375,7732300,0.0,0.0,0.0
2001-06-20,76.97191825543015,78.03259124789854,76.91475365543862,77.75948333740234,8787200,0.0,0.0,0.0
2001-06-21,77.62614259935955,78.9535714337307,77.58168337633498,78.6423568725586,12259100,0.0,0.0,0.0
2001-06-22,78.43274600591081,78.49625847702099,77.58802093333269,78.02626037597656,12212000,0.0,0.0,0.0
2001-06-25,78.29935593360499,78.40097974780221,77.1688176519567,77.30854797363281,8406800,0.0,0.0,0.0
2001-06-26,76.78771574867118,77.73406422663022,76.57812032700242,77.20055389404297,8005800,0.0,0.0,0.0
2001-06-27,77.23232568148319,77.6388112235681,76.79408633355125,77.15611267089844,10105100,0.0,0.0,0.0
2001-06-28,77.4864015334989,78.71856389539049,77.44194231661062,77.58167266845703,10269300,0.0,0.0,0.0
2001-06-29,77.99451484779102,78.76302697494414,77.65154165253657,77.86748504638672,9824200,0.0,0.0,0.0
2001-07-02,77.99453094992157,78.95993341144637,77.88020652790091,78.8392562866211,8522200,0.0,0.0,0.0
2001-07-03,78.74397739097965,78.8201904296875,78.15330211253548,78.8201904296875,3303100,0.0,0.0,0.0
2001-07-05,78.16593208300691,78.53431092307078,77.27039576705832,77.28309631347656,5517900,0.0,0.0,0.0
2001-07-06,77.04816289977201,77.16248730101101,75.61276245117188,75.61276245117188,11665900,0.0,0.0,0.0
2001-07-09,75.89222657306269,76.5591197936757,75.70803697074393,76.02560424804688,8339300,0.0,0.0,0.0
2001-07-10,76.40031443564637,76.62261049742482,75.07923377466196,75.11099243164062,8630700,0.0,0.0,0.0
2001-07-11,75.00937322263931,75.51112999050245,74.36788610857491,75.18721008300781,15328600,0.0,0.0,0.0
2001-07-12,75.89857545187117,77.14979123672316,75.7778983419539,76.97195434570312,12002800,0.0,0.0,0.0
2001-07-13,76.74962028678581,77.68962110696297,76.60989482245157,77.63880920410156,10433800,0.0,0.0,0.0
2001-07-16,77.34034014209196,77.66426015339718,76.40034362298036,76.66709899902344,6915300,0.0,0.0,0.0
2001-07-17,76.34316827562432,77.45465369887164,76.10817160166627,77.3847885131836,7469800,0.0,0.0,0.0
2001-07-18,76.57179923171185,77.25774552444638,76.2542320420041,76.85761260986328,7709300,0.0,0.0,0.0
2001-07-19,77.6007413494769,78.10885093977963,76.69885143009712,77.53087615966797,10082900,0.0,0.0,0.0
2001-07-20,76.94651985814622,77.44827652648266,76.8004368399966,77.06719207763672,6705800,0.0,0.0,0.0
2001-07-23,77.3594084015131,77.41021549478837,75.54927062988281,75.54927062988281,8065200,0.0,0.0,0.0
2001-07-24,75.58096859888958,75.70799349859519,74.15191667159965,74.81880950927734,12269000,0.0,0.0,0.0
2001-07-25,74.89505710709602,75.88587019610536,74.60289582626363,75.64451599121094,12088500,0.0,0.0,0.0
2001-07-26,75.61907656620264,76.75596736966683,75.30150946509049,76.43840026855469,12898200,0.0,0.0,0.0
2001-07-27,76.74330385346913,77.07357166590718,76.15898126839853,76.73059844970703,8478800,0.0,0.0,0.0
2001-07-30,76.97192198256884,77.07354094370058,76.406652882771,76.75597381591797,8547700,0.0,0.0,0.0
2001-07-31,76.85124371706621,77.91826944349438,76.72421880622299,77.07353973388672,11918100,0.0,0.0,0.0
2001-08-01,77.46733310951029,77.93097844547663,77.20057786040444,77.5562515258789,11940800,0.0,0.0,0.0
2001-08-02,78.26761012496644,78.28031068019402,77.4165275539987,77.87382507324219,11070100,0.0,0.0,0.0
2001-08-03,77.71501261821123,77.71501261821123,76.78771736889452,77.44825744628906,10816300,0.0,0.0,0.0
2001-08-06,77.0735578236849,77.1751816527632,76.27963983035131,76.40666961669922,8550100,0.0,0.0,0.0
2001-08-07,76.38760251780293,76.97827762910302,76.15895862068739,76.70516967773438,8865100,0.0,0.0,0.0
2001-08-08,76.29235226225389,76.95289267505983,75.2189734857328,75.28248596191406,15183800,0.0,0.0,0.0
2001-08-09,75.39045923257753,75.5619482521136,74.8569486066685,75.5047836303711,14118500,0.0,0.0,0.0
2001-08-10,75.45394520446374,76.11448051093748,74.52664500449413,75.7651596069336,11173300,0.0,0.0,0.0
2001-08-13,75.96206994215825,76.12085353520025,75.46031320666262,75.78423309326172,7431600,0.0,0.0,0.0
2001-08-14,76.3050251836427,76.43840278902505,75.45394765052974,75.75245666503906,13178100,0.0,0.0,0.0
2001-08-15,75.72706064299206,75.96840991954627,74.99665526818838,75.09827423095703,8520600,0.0,0.0,0.0
2001-08-16,74.81884029883315,75.4222160892708,74.31073079953418,75.35870361328125,10734700,0.0,0.0,0.0
2001-08-17,74.72358437191507,74.86331475494883,73.68196404745355,74.15196228027344,11604600,0.0,0.0,0.0
2001-08-20,74.18369537842153,74.882342207093,74.02491178801027,74.83788299560547,10417400,0.0,0.0,0.0
2001-08-21,74.81884000823074,75.28883814355743,73.54857111060842,73.56127166748047,14480800,0.0,0.0,0.0
2001-08-22,74.15194113721793,74.5838327226799,73.535859994429,74.32342529296875,11752300,0.0,0.0,0.0
2001-08-23,74.28534287639279,74.64101670484447,73.98682883650264,74.05669403076172,8744100,0.0,0.0,0.0
2001-08-24,74.44411235714873,75.66356940459289,74.14559837408142,75.59370422363281,11687700,0.0,0.0,0.0
2001-08-27,75.56195999883685,75.70803823524848,75.11101503901787,75.14276885986328,7425100,0.0,0.0,0.0
2001-08-28,75.12367924194575,75.25705685460926,74.04395294189453,74.04395294189453,12046600,0.0,0.0,0.0
2001-08-29,74.39329960362426,74.42505826577522,73.14843660923236,73.38343811035156,16180000,0.0,0.0,0.0
2001-08-30,72.94517389999179,73.51044304332069,71.16044805503358,71.97341918945312,17692600,0.0,0.0,0.0
2001-08-31,72.02425943577784,72.89439067403487,71.8527703925078,72.5006103515625,15985400,0.0,0.0,0.0
2001-09-04,72.31004951052083,73.78356110512367,72.00518771615658,72.03694152832031,24473400,0.0,0.0,0.0
2001-09-05,72.21478271484375,72.52600207427813,71.10329746292678,72.21478271484375,21477100,0.0,0.0,0.0
2001-09-06,71.5478530503466,71.96069115976644,70.35379791259766,70.35379791259766,21653000,0.0,0.0,0.0
2001-09-07,69.87751389509705,70.65873166720795,68.99467709607906,69.05184173583984,33133900,0.0,0.0,0.0
2001-09-10,68.40397563483991,70.0870828302433,68.40397563483991,69.89654541015625,23408700,0.0,0.0,0.0
2001-09-17,64.14855440167773,67.57828006159839,63.51342019968092,66.24449920654297,32388700,0.0,0.0,0.0
2001-09-18,66.2635913000254,66.87967261241032,65.64750998764048,66.08575439453125,22029200,0.0,0.0,0.0
2001-09-19,66.11746974618428,66.37152439722543,62.598825670341476,64.7519302368164,42771800,0.0,0.0,0.0
2001-09-20,63.76750110845531,64.66303818228579,62.598851175784,62.694122314453125,36210900,0.0,0.0,0.0
2001-09-21,60.10515883047264,63.10786615683055,59.799153104812625,62.0177116394043,49782100,0.369,0.0,0.0
2001-09-24,63.573241295078844,64.4912679853354,63.15247744075386,64.19800567626953,25549600,0.0,0.0,0.0
2001-09-25,64.22989877611765,65.02679578326551,63.68800978403177,64.86741638183594,25466200,0.0,0.0,0.0
2001-09-26,65.2499406498278,65.28181848283366,64.02590773884407,64.63792419433594,18587500,0.0,0.0,0.0
2001-09-27,64.54864030115333,65.21165901729402,63.75174350731193,65.19890594482422,20536800,0.0,0.0,0.0
2001-09-28,65.65159145018697,69.88470965710475,65.34558073687502,66.58236694335938,21687200,0.0,0.0,0.0
2001-10-01,66.23810527414543,66.50586160254758,65.5559613724303,66.47398376464844,20457400,0.0,0.0,0.0
2001-10-02,66.30184104122807,67.30912017822266,66.07871081819106,67.30912017822266,19833100,0.0,0.0,0.0
2001-10-03,66.68434181084496,68.77539881780946,66.5249624064864,68.43751525878906,32045800,0.0,0.0,0.0
2001-10-04,69.03679263921006,69.47030487179043,68.05501479295823,68.49490356445312,32674100,0.0,0.0,0.0
2001-10-05,68.37376353189373,68.60964679810306,67.2708559287575,68.36101531982422,29796100,0.0,0.0,0.0
2001-10-08,67.74897798608598,68.4056250521656,67.49397489449365,67.91473388671875,12970300,0.0,0.0,0.0
2001-10-09,67.96575615315135,68.05500823385636,67.32186197331644,67.5513687133789,15976300,0.0,0.0,0.0
2001-10-10,67.44938084930187,69.20255468659222,67.27087179112318,69.05592346191406,19987400,0.0,0.0,0.0
2001-10-11,69.45754242284774,70.31819509684998,69.45754242284774,70.12693786621094,23006300,0.0,0.0,0.0
2001-10-12,69.58505916589452,70.0568209104038,68.40565237268427,69.80818939208984,31360500,0.0,0.0,0.0
2001-10-15,69.25354639271715,69.7763107151266,68.89016149621149,69.6806869506836,16873000,0.0,0.0,0.0
2001-10-16,69.99944227163455,70.51583002907587,69.4575483597962,70.12056732177734,15877100,0.0,0.0,0.0
2001-10-17,70.80906214826382,70.86006471099626,68.62875366210938,68.62875366210938,28542300,0.0,0.0,0.0
2001-10-18,68.7371552585872,68.95391379646482,68.05501154352555,68.48214721679688,16510000,0.0,0.0,0.0
2001-10-19,68.21438506546177,68.79452843198617,67.58324398608646,68.43751525878906,21912500,0.0,0.0,0.0
2001-10-22,68.40564279795632,69.85280566004178,68.34826368275222,69.78905487060547,17540600,0.0,0.0,0.0
2001-10-23,70.1014663644063,70.30547189396354,69.09418693427196,69.43207550048828,22062500,0.0,0.0,0.0
2001-10-24,69.47667623972949,69.77630545217453,68.99216145964229,69.2471694946289,16065200,0.0,0.0,0.0
2001-10-25,68.50127653521756,70.50945831036016,68.04863954120592,70.4903335571289,27467900,0.0,0.0,0.0
2001-10-26,70.09505698758169,71.26809188093365,69.9165528408239,70.33094024658203,18623300,0.0,0.0,0.0
2001-10-29,70.2289278702039,70.47755929807725,68.50125122070312,68.50125122070312,18727500,0.0,0.0,0.0
2001-10-30,68.43751379588134,68.66064398443905,67.29635670140244,67.67887115478516,26178600,0.0,0.0,0.0
2001-10-31,68.15065521857619,68.7626717357154,67.44938659667969,67.44938659667969,28124200,0.0,0.0,0.0
2001-11-01,67.9594240503023,69.49584490565375,67.3856568249869,69.17708587646484,29806800,0.0,0.0,0.0
2001-11-02,69.13240839472334,69.73167161650377,68.76902356624413,69.64879608154297,17575900,0.0,0.0,0.0
2001-11-05,70.20342421410142,70.82181206260435,70.09504254971684,70.56043243408203,15929500,0.0,0.0,0.0
2001-11-06,70.35003937681218,71.70795446018938,70.03128069829117,71.65695190429688,23245800,0.0,0.0,0.0
2001-11-07,71.25530699752572,72.1159592498626,71.1724314989184,71.56131744384766,19716000,0.0,0.0,0.0
2001-11-08,71.95660970113518,72.72800537528623,71.33821688152597,71.78447723388672,22563500,0.0,0.0,0.0
2001-11-09,71.56136594655796,72.01400295596258,71.04497813625643,71.86100006103516,15895800,0.0,0.0,0.0
2001-11-12,70.76443932564406,71.81634412623215,70.12692185424186,71.42108154296875,26068800,0.0,0.0,0.0
2001-11-13,72.31997372163774,73.02761840820312,72.15421783962891,73.02761840820312,15296200,0.0,0.0,0.0
2001-11-14,73.42293181975943,73.56956306976326,72.49215631450244,73.0978012084961,17571300,0.0,0.0,0.0
2001-11-15,72.9129000899625,73.4292878633695,72.63239074940859,73.23165893554688,19470200,0.0,0.0,0.0
2001-11-16,73.36550747131996,73.37825567989614,72.29447798765572,72.906494140625,18134900,0.0,0.0,0.0
2001-11-19,73.26353843820466,73.85643013844313,72.96390431840277,73.80542755126953,13625400,0.0,0.0,0.0
2001-11-20,73.5503735012072,73.82450613792719,73.08498372673057,73.1869888305664,16209700,0.0,0.0,0.0
2001-11-21,72.99577984901907,73.10415669543887,72.36463866024422,72.70252227783203,11470200,0.0,0.0,0.0
2001-11-23,72.70250320577448,73.79265765090494,72.67700191968176,73.74803161621094,6717100,0.0,0.0,0.0
2001-11-26,73.79263346192019,74.1687663647784,73.35912146819379,73.90738677978516,13726000,0.0,0.0,0.0
2001-11-27,73.70978345962837,74.52580517394502,72.73437748836514,73.58865356445312,19261400,0.0,0.0,0.0
2001-11-28,73.1487587140461,73.42289144156815,72.19885897332337,72.25623321533203,20195500,0.0,0.0,0.0
2001-11-29,72.46026311289758,73.26353190178091,72.03949910206671,73.23165893554688,16354700,0.0,0.0,0.0
2001-11-30,72.93203834148818,73.25717378604836,72.68977846112476,72.70890808105469,13680300,0.0,0.0,0.0
2001-12-03,72.45391776533664,72.72805068510772,72.04590665645078,72.2754135131836,15220400,0.0,0.0,0.0
2001-12-04,72.62599650288944,73.50577381507371,72.26261170207897,73.49939727783203,17239900,0.0,0.0,0.0
2001-12-05,73.70343180998461,75.22709893316501,73.67155397505626,74.84458923339844,25204000,0.0,0.0,0.0
2001-12-06,74.80630493164062,75.1888193422529,74.54492527251986,74.80630493164062,17972900,0.0,0.0,0.0
2001-12-07,74.52584063819182,74.64696572713319,73.76081626906675,74.30908203125,18857800,0.0,0.0,0.0
2001-12-10,73.85641745396778,74.200677562453,72.9001409961334,72.91926574707031,13862700,0.0,0.0,0.0
2001-12-11,73.25079766134377,73.77356207326942,72.61327984856248,72.77265930175781,20833300,0.0,0.0,0.0
2001-12-12,73.02766230637187,73.17428866931523,72.10963516355413,72.85552978515625,16171500,0.0,0.0,0.0
2001-12-13,72.32637280587913,72.48575221255922,71.42747548141759,71.44022369384766,19026700,0.0,0.0,0.0
2001-12-14,71.61234152141883,72.3518592878585,71.40195958032596,72.12235260009766,16721900,0.0,0.0,0.0
2001-12-17,72.03309680165447,72.9064974771909,71.97572256462789,72.86824798583984,13925900,0.0,0.0,0.0
2001-12-18,73.07865324080096,73.41016517329187,72.89377252150298,73.30178833007812,13663700,0.0,0.0,0.0
2001-12-19,72.73437069140252,73.90102890700693,72.6769964499167,73.81815338134766,20143400,0.0,0.0,0.0
2001-12-20,73.63327380875141,73.8245310109466,73.02763410825447,73.09138488769531,14867900,0.0,0.0,0.0
2001-12-21,73.58587648268431,73.61146548086239,73.0549157518442,73.53469848632812,14037700,0.393,0.0,0.0
2001-12-24,73.45795200234897,73.59229061091598,73.31721492272544,73.39398193359375,5728800,0.0,0.0,0.0
2001-12-26,73.3428032416064,74.34074997056045,73.3428032416064,73.7969970703125,10304800,0.0,0.0,0.0
2001-12-27,73.75858998438535,74.25756317283057,73.72660252128946,74.24476623535156,9407300,0.0,0.0,0.0
2001-12-28,74.39192223941991,74.68618843473237,74.1552276368281,74.20640563964844,10593800,0.0,0.0,0.0
2001-12-31,74.3023364218324,74.45586549441146,73.07409407999747,73.1188735961914,14619500,0.0,0.0,0.0
2002-01-02,73.63704644113855,74.04646060609342,72.80542117323543,73.90572357177734,18651900,0.0,0.0,0.0
2002-01-03,73.9825222181476,74.81414296133418,73.91215367087591,74.7437744140625,15743000,0.0,0.0,0.0
2002-01-04,74.95484141580262,75.47300998591813,74.55822422357262,75.24271392822266,20140700,0.0,0.0,0.0
2002-01-07,75.29393371456658,75.47945036942666,74.56466403993285,74.71179962158203,13106500,0.0,0.0,0.0
2002-01-08,74.71177176747355,74.88449141313356,74.18720947987313,74.53904724121094,12683700,0.0,0.0,0.0
2002-01-09,74.64142213163802,75.34510271302545,73.7842075145777,73.93134307861328,16610300,0.0,0.0,0.0
2002-01-10,74.00811976653542,74.43032621829288,73.75863302672316,74.25760650634766,12823400,0.0,0.0,0.0
2002-01-11,74.34071957764759,74.38549909511119,73.37475583738836,73.52828979492188,13708400,0.0,0.0,0.0
2002-01-14,73.3428247898777,73.46436649090607,72.90142289287708,73.0677490234375,12301100,0.0,0.0,0.0
2002-01-15,73.27882581102386,73.81618018628629,72.86301308886917,73.66265106201172,20219900,0.0,0.0,0.0
2002-01-16,73.11890803420512,73.18287810452533,72.08897379605814,72.17213439941406,17067000,0.0,0.0,0.0
2002-01-17,72.77344255176857,73.08050075190228,72.54314646136724,72.71586608886719,17283400,0.0,0.0,0.0
2002-01-18,72.28726696211943,72.83101976403258,72.07616138283237,72.38322448730469,17028000,0.0,0.0,0.0
2002-01-22,72.76706843594565,72.88221651968381,71.66036713776188,71.88426971435547,11689300,0.0,0.0,0.0
2002-01-23,72.05057236517996,72.63910957521401,71.66034867530408,72.43440246582031,12438900,0.0,0.0,0.0
2002-01-24,72.69669099954035,73.08691474222279,72.49198386244491,72.65830993652344,12142800,0.0,0.0,0.0
2002-01-25,72.36403872588383,73.04213015548945,72.31286072499965,72.63911437988281,12810700,0.0,0.0,0.0
2002-01-28,72.86301423314836,73.04853083150323,72.23609590489389,72.8374252319336,10589200,0.0,0.0,0.0
2002-01-29,72.83102221923154,73.01014033596094,70.40012582267141,70.54725646972656,27720800,0.0,0.0,0.0
2002-01-30,70.61762623911832,72.53675731882392,69.34460398948238,71.56439971923828,34711800,0.0,0.0,0.0
2002-01-31,71.74350402224948,72.47917177057714,71.40445837769371,72.40240478515625,19909200,0.0,0.0,0.0
2002-02-01,72.34483897775884,72.47918244217612,71.75630664468385,72.06336975097656,15838500,0.0,0.0,0.0
2002-02-04,71.79472353496156,71.79472353496156,70.0099303566568,70.27220916748047,24243400,0.0,0.0,0.0
2002-02-05,69.98430133540147,70.68158315534163,69.42775166876348,69.83716583251953,33614000,0.0,0.0,0.0
2002-02-06,70.14423435741064,70.20180594088954,69.12709245719698,69.53650665283203,29486000,0.0,0.0,0.0
2002-02-07,69.54932462031145,70.2785941818217,69.08873229080947,69.10152435302734,23445400,0.0,0.0,0.0
2002-02-08,69.49173602701144,70.84792377410616,69.2806353132858,70.42571258544922,19277800,0.0,0.0,0.0
2002-02-11,70.40013998512836,71.41727730143262,70.25300442787118,71.28933715820312,18792400,0.0,0.0,0.0
2002-02-12,70.98223098586101,71.46201355326052,70.38730040706159,71.06539154052734,13942500,0.0,0.0,0.0
2002-02-13,71.31489235166012,71.99298357437118,71.2317269054475,71.82025909423828,16781100,0.0,0.0,0.0
2002-02-14,71.97382386283937,72.2680900832134,71.38528654148791,71.68595123291016,20453800,0.0,0.0,0.0
2002-02-15,71.74350576683527,71.80107734684955,70.82232144179139,70.93746948242188,18366800,0.0,0.0,0.0
2002-02-19,70.46409474597922,70.55365380290078,69.47894023923944,69.57489776611328,15988100,0.0,0.0,0.0
2002-02-20,69.76041012589667,70.74555969238281,68.97356430989801,70.74555969238281,29242800,0.0,0.0,0.0
2002-02-21,70.32338909680135,70.77118458139293,69.25507352598662,69.2806625366211,26288600,0.0,0.0,0.0
2002-02-22,69.31262089830835,70.32976297272717,69.00556263929353,70.13784790039062,26572900,0.0,0.0,0.0
2002-02-25,70.2018112379718,71.52601144452825,70.1762222387385,71.29571533203125,17458700,0.0,0.0,0.0
2002-02-26,71.39168593361649,71.67316009612898,70.73278494464718,71.14859771728516,22346500,0.0,0.0,0.0
2002-02-27,71.62198422264184,72.19772462648214,70.7839650618654,71.42367553710938,28597900,0.0,0.0,0.0
2002-02-28,71.53881644616803,72.1273488530477,71.02704616503598,71.10381317138672,23755400,0.0,0.0,0.0
2002-03-01,71.46843043829999,72.83101152383853,71.33409187048086,72.7606430053711,26273600,0.0,0.0,0.0
2002-03-04,72.86298498622752,74.19997681896595,72.70305745328172,74.04644775390625,27184600,0.0,0.0,0.0
2002-03-05,73.77781659619836,74.46230666807378,73.5475204149502,73.80979919433594,22718900,0.0,0.0,0.0
2002-03-06,73.63065710702534,74.94206521973938,73.61146657825627,74.6861801147461,20143200,0.0,0.0,0.0
2002-03-07,75.07640401567453,75.16596307058703,73.93132195003328,74.52625274658203,19330800,0.0,0.0,0.0
2002-03-08,75.08918539192378,75.42183744621809,74.51345008670977,74.8396987915039,19930100,0.0,0.0,0.0
2002-03-11,74.77575898128107,75.42186794444046,74.48149274078365,74.9996566772461,15621800,0.0,0.0,0.0
2002-03-12,74.2703897059251,75.00605777321171,74.16803856158997,74.95487976074219,17153600,0.0,0.0,0.0
2002-03-13,74.60939074554535,74.68615771820353,73.97607908306847,74.23196411132812,17175300,0.0,0.0,0.0
2002-03-14,74.23194883799218,74.48143534704784,73.96966539582598,74.12959289550781,11168100,0.0,0.0,0.0
2002-03-15,74.39974147594272,75.02845086637961,74.35483366234008,74.83599090576172,21220100,0.331,0.0,0.0
2002-03-18,75.12468724387941,75.41979644801074,74.48314421891958,74.84882354736328,17548900,0.0,0.0,0.0
2002-03-19,75.25297750622414,75.5352530290693,74.94503478770352,75.34920501708984,17912000,0.0,0.0,0.0
2002-03-20,74.73975726952412,74.79108188269275,73.89933753087205,73.93141174316406,17114500,0.0,0.0,0.0
2002-03-21,73.96989488756395,74.35481963074469,73.21287410498891,73.9634780883789,25846800,0.0,0.0,0.0
2002-03-22,74.0982097517111,74.38049021227027,73.5849734406188,73.8031005859375,15235400,0.0,0.0,0.0
2002-03-25,73.83517725531615,74.00839659627708,72.68681965888854,72.88569641113281,17499600,0.0,0.0,0.0
2002-03-26,72.82794774515523,73.79026209371195,72.79587353695368,73.3091049194336,19947600,0.0,0.0,0.0
2002-03-27,73.15511511314354,73.78382912836074,72.98190073346161,73.50154876708984,19020300,0.0,0.0,0.0
2002-03-28,73.75818729025698,74.27141866859496,73.45666134700922,73.46949005126953,17532900,0.0,0.0,0.0
2002-04-01,73.28342659307688,73.84156562339388,72.8150982568395,73.50154876708984,17711000,0.0,0.0,0.0
2002-04-02,73.12303625675453,73.745328540112,72.98830798775998,73.09737396240234,15669500,0.0,0.0,0.0
2002-04-03,73.14230390949253,73.27061052553681,71.95545058004011,72.58415985107422,25658500,0.0,0.0,0.0
2002-04-04,72.237730741854,72.75096702807672,72.00036299750776,72.28263854980469,23549000,0.0,0.0,0.0
2002-04-05,72.61625030564652,72.89852588399337,71.96829053577449,72.29547882080078,19404900,0.0,0.0,0.0
2002-04-08,71.41657058156157,72.5136085859223,71.35883405771439,72.44945526123047,16470100,0.0,0.0,0.0
2002-04-09,72.6098168168147,72.6098168168147,71.80788828901571,71.94261169433594,15122700,0.0,0.0,0.0
2002-04-10,71.91695315511036,72.8407764337143,71.91053635606907,72.75737762451172,17199300,0.0,0.0,0.0
2002-04-11,72.4237697677931,72.52641897010743,70.89048279395212,70.9482192993164,25453700,0.0,0.0,0.0
2002-04-12,71.22407953280968,71.62825462951554,70.59537032950766,71.48069763183594,14950600,0.0,0.0,0.0
2002-04-15,71.6090162522417,71.76298516914089,70.69802166534443,70.93539428710938,17394900,0.0,0.0,0.0
2002-04-16,71.66034338011417,72.69964468959037,71.64109787533233,72.6226577758789,15040900,0.0,0.0,0.0
2002-04-17,72.74456027964705,72.92419153626957,72.23774072298515,72.46869659423828,12920100,0.0,0.0,0.0
2002-04-18,72.43019102254003,72.78945346357554,71.30749099972036,72.15432739257812,25204800,0.0,0.0,0.0
2002-04-19,72.62263662182883,72.64829891892423,72.21204965746803,72.41734313964844,10499200,0.0,0.0,0.0
2002-04-22,72.09656215248144,72.12864124321804,71.10858587169524,71.21123504638672,13922900,0.0,0.0,0.0
2002-04-23,71.26899190694692,71.51919811812802,70.67877366751571,70.90331268310547,16967000,0.0,0.0,0.0
2002-04-24,70.92896285276576,71.73089126741654,70.1847758291528,70.19119262695312,18902700,0.0,0.0,0.0
2002-04-25,70.0628880545746,70.40290495279119,69.74853345550798,70.22969055175781,25451500,0.0,0.0,0.0
2002-04-26,70.43499818535894,70.57613841171637,68.8311408759954,68.89529418945312,19769800,0.0,0.0,0.0
2002-04-29,69.24171026180049,69.45342054723683,68.40770271621768,68.55525970458984,17724400,0.0,0.0,0.0
2002-04-30,68.65793206580848,69.69723352357448,68.41414747948131,69.19683074951172,19473500,0.0,0.0,0.0
2002-05-01,69.26737396890721,70.08854793503569,68.51677009936004,70.04364013671875,24575600,0.0,0.0,0.0
2002-05-02,69.99235326797798,70.51200652241884,69.14551654711703,69.77423095703125,15666800,0.0,0.0,0.0
2002-05-03,69.67156835730023,69.77421758601756,68.77340718436209,69.01719665527344,18185500,0.0,0.0,0.0
2002-05-06,69.05569867855415,69.28023778394163,67.56090208548333,67.6635513305664,23630400,0.0,0.0,0.0
2002-05-07,68.06769796444476,68.20883817988296,67.29784847334295,67.42615509033203,21910000,0.0,0.0,0.0
2002-05-08,68.67720715970844,70.15917050718504,68.51040454352137,69.93463134765625,27917400,0.0,0.0,0.0
2002-05-09,69.70363314778614,69.9923254787331,69.01718247913607,69.1262435913086,18085600,0.0,0.0,0.0
2002-05-10,69.26739283571771,69.31871744622609,67.74693428785072,67.82392120361328,18958900,0.0,0.0,0.0
2002-05-13,68.14465503619681,69.25452098152186,67.86879152532394,69.20320129394531,14677700,0.0,0.0,0.0
2002-05-14,70.32591367057779,70.80707070334003,69.92815542811134,70.7108383178711,34201200,0.0,0.0,0.0
2002-05-15,70.24895713425518,71.15353509606946,70.11423369422457,70.43500518798828,29535300,0.0,0.0,0.0
2002-05-16,70.37724619368385,70.87765371040443,70.13987848012728,70.80066680908203,28092000,0.0,0.0,0.0
2002-05-17,70.99314105681304,71.3716490258419,70.6338736974445,71.14710998535156,27823700,0.0,0.0,0.0
2002-05-20,70.98032561796485,71.0124047296355,70.24255010080701,70.37727355957031,13833800,0.0,0.0,0.0
2002-05-21,70.64028796780975,70.87766059901996,69.4919256080369,69.73571014404297,16877200,0.0,0.0,0.0
2002-05-22,69.42776732450632,70.00515686272107,69.28662711576678,69.88967895507812,15844200,0.0,0.0,0.0
2002-05-23,70.09497172290526,70.80066786450536,69.59456909330852,70.63386535644531,13879800,0.0,0.0,0.0
2002-05-24,70.55693100546205,70.6980664134437,69.67801496329602,69.72933959960938,11877000,0.0,0.0,0.0
2002-05-28,69.96023758120577,70.01155728039558,68.93376528408713,69.35076904296875,24236900,0.0,0.0,0.0
2002-05-29,69.04283315897698,69.29944634569664,68.72847368445463,68.83753967285156,14773300,0.0,0.0,0.0
2002-05-30,68.35638066286668,68.97226110373668,67.93937690442625,68.64507293701172,18217900,0.0,0.0,0.0
2002-05-31,68.90170227268325,69.64588942489993,68.5488517514274,68.78622436523438,19826300,0.0,0.0,0.0
2002-06-03,68.70280137882106,69.02998950718427,66.80383568514064,66.95780944824219,26056300,0.0,0.0,0.0
2002-06-04,66.81670352359679,67.49032072771894,66.43177870772918,67.12464141845703,25856200,0.0,0.0,0.0
2002-06-05,67.32991345709793,67.79182504631744,66.944988764276,67.75333404541016,19695900,0.0,0.0,0.0
2002-06-06,67.7084337555568,67.74692476073304,66.175146717978,66.3740234375,22998500,0.0,0.0,0.0
2002-06-07,65.29625248855817,66.66915425853017,65.25776147085705,66.29705810546875,24011600,0.0,0.0,0.0
2002-06-10,66.23288608917889,67.0155691921572,66.09174587131936,66.55365753173828,18759900,0.0,0.0,0.0
2002-06-11,66.8038439631509,67.06687883677351,65.26414529799997,65.41169738769531,19990700,0.0,0.0,0.0
2002-06-12,65.25133461616906,65.95703090127608,64.65469946080184,65.80947875976562,31266000,0.0,0.0,0.0
2002-06-13,65.52079581129847,66.07894007691151,65.01397616898939,65.1487045288086,21043900,0.0,0.0,0.0
2002-06-14,64.35314512780195,65.15507348357491,63.191954434909036,65.05242919921875,39267500,0.0,0.0,0.0
2002-06-17,65.38607231999075,66.93860546492478,65.34116449826408,66.79747009277344,17647200,0.0,0.0,0.0
2002-06-18,66.55367334766399,67.38126445348739,66.48310322196382,67.3427734375,21628500,0.0,0.0,0.0
2002-06-19,66.39964886328194,66.99628358508306,65.59130394142022,65.77093505859375,21540700,0.0,0.0,0.0
2002-06-20,65.60417155490573,66.11099098095801,64.77016391313194,64.93054962158203,25691000,0.0,0.0,0.0
2002-06-21,64.68139649132732,64.97753845218054,63.529015108523026,63.915287017822266,31190700,0.353,0.0,0.0
2002-06-24,63.48396662147686,64.823047505748,62.60841411343151,64.25007629394531,37169700,0.0,0.0,0.0
2002-06-25,64.57196683255881,64.95179956239379,62.795109793915465,62.8079833984375,33355000,0.0,0.0,0.0
2002-06-26,61.28863501573554,63.18781316331282,61.282200670134,62.91098403930664,37913600,0.0,0.0,0.0
2002-06-27,63.41314045996893,64.0504894304287,62.17062898342178,64.0118637084961,31616400,0.0,0.0,0.0
2002-06-28,63.88958009275314,64.7007551142424,63.65781580089907,63.709320068359375,28184200,0.0,0.0,0.0
2002-07-01,63.850915826828135,64.2500662912625,62.37664021429756,62.46677017211914,20270200,0.0,0.0,0.0
2002-07-02,62.35733100784853,62.57621665775256,61.01181099572302,61.14057159423828,34213900,0.0,0.0,0.0
2002-07-03,60.91528304891493,61.70070106598542,60.33587228901248,61.48825454711914,30565800,0.0,0.0,0.0
2002-07-05,62.30582871778092,64.07624648111066,62.228577267969435,63.93461227416992,19013500,0.0,0.0,0.0
2002-07-08,63.7221486652894,64.18567197411346,62.80796582513449,63.13629913330078,19118600,0.0,0.0,0.0
2002-07-09,62.917426100439044,63.310132403343594,61.166321322803206,61.5461540222168,28620400,0.0,0.0,0.0
2002-07-10,61.80367130230498,61.84873628282766,59.25427045049063,59.3057746887207,50522500,0.0,0.0,0.0
2002-07-11,59.07401460345212,60.097635622385155,58.146957898218545,59.78861999511719,59476500,0.0,0.0,0.0
2002-07-12,60.08478241619927,60.44530240764442,58.91952188090716,59.13197326660156,39018600,0.0,0.0,0.0
2002-07-15,58.99675315662351,59.48603358796712,56.582547287888765,59.44740295410156,77317200,0.0,0.0,0.0
2002-07-16,58.66199268977685,59.47316242552339,57.85725730070805,58.30146789550781,53282400,0.0,0.0,0.0
2002-07-17,59.52465969106911,60.06544436321815,57.77999416150354,58.41734313964844,48880600,0.0,0.0,0.0
2002-07-18,58.3915984328419,58.64911474218614,56.49242486089389,56.52461624145508,32656700,0.0,0.0,0.0
2002-07-19,55.855088599948864,56.36368207671636,54.271369565418844,54.53532028198242,77572600,0.0,0.0,0.0
2002-07-22,54.14258247089211,55.307842363180384,52.43654288984457,52.91938400268555,78134000,0.0,0.0,0.0
2002-07-23,53.14472442743738,53.58893500024296,51.34211528048976,51.47087097167969,74484100,0.0,0.0,0.0
2002-07-24,50.29917336654895,54.79925669553444,50.00947062355977,54.54174041748047,107022800,0.0,0.0,0.0
2002-07-25,54.25204105745797,55.26922780984751,52.53312737459055,54.07822036743164,87176600,0.0,0.0,0.0
2002-07-26,54.49667568705814,55.3207238512374,53.94945666350608,55.108272552490234,41206800,0.0,0.0,0.0
2002-07-29,56.331464951739854,58.15982099940791,56.20270928225003,57.79286193847656,53492900,0.0,0.0,0.0
2002-07-30,57.503188188999154,58.84226943769212,57.116916074261376,58.54612731933594,47532200,0.0,0.0,0.0
2002-07-31,58.2563908841322,58.93880969315483,57.45809491825099,58.6877326965332,44669900,0.0,0.0,0.0
2002-08-01,58.507479672193064,58.81006096287592,56.86582243355913,57.15552520751953,66571900,0.0,0.0,0.0
2002-08-02,56.97525932161418,57.23921485801523,55.12115095597547,55.87438201904297,51772900,0.0,0.0,0.0
2002-08-05,55.68125027534942,55.96451870715463,53.78851595948434,53.930145263671875,47191300,0.0,0.0,0.0
2002-08-06,54.870073249598235,56.588986652578924,54.79281689343533,55.74562072753906,64730000,0.0,0.0,0.0
2002-08-07,56.569666765913865,56.975251534040915,55.21770771539608,56.717735290527344,43289400,0.0,0.0,0.0
2002-08-08,56.92377486913309,58.64912815097261,56.52462916452326,58.55255889892578,48339800,0.0,0.0,0.0
2002-08-09,58.00533642635209,59.18990968890162,57.52249510497005,58.771446228027344,41879200,0.0,0.0,0.0
2002-08-12,57.93450576138596,58.758553971343716,57.6512422590347,58.34009552001953,25841700,0.0,0.0,0.0
2002-08-13,58.03754089152814,59.00966301293058,57.07185803114237,57.277870178222656,49690500,0.0,0.0,0.0
2002-08-14,57.31002254875176,59.63409830905309,56.666234358346166,59.370147705078125,57423600,0.0,0.0,0.0
2002-08-15,59.76930360084419,60.50966113049694,59.35727948049596,60.19420623779297,45551500,0.0,0.0,0.0
2002-08-16,59.756430229052235,60.56760486802728,59.22852401581466,60.013946533203125,36517300,0.0,0.0,0.0
2002-08-19,60.168457050940845,61.642732923851845,59.93669285797662,61.41740798950195,33669900,0.0,0.0,0.0
2002-08-20,61.044018245020396,61.41741671022816,60.27147409992204,60.767189025878906,30508300,0.0,0.0,0.0
2002-08-21,61.198518994230255,61.66204739221816,60.23927572777576,61.64273452758789,39628900,0.0,0.0,0.0
2002-08-22,61.47533410106515,62.54402487517904,61.20494423474026,62.2414436340332,38399800,0.0,0.0,0.0
2002-08-23,61.81011428749831,61.900244253979004,60.612667690866445,60.90237045288086,33716400,0.0,0.0,0.0
2002-08-26,61.10191519559555,61.571877637026226,60.19417185070638,61.327239990234375,33830100,0.0,0.0,0.0
2002-08-27,61.61053591327945,61.96462142898813,60.194203673874185,60.61910629272461,35335700,0.0,0.0,0.0
2002-08-28,60.05255886774961,60.187753792143916,59.09975514010008,59.29288864135742,38970600,0.0,0.0,0.0
2002-08-29,58.75856685787248,59.904514369863335,58.46242477445322,59.31866455078125,42965700,0.0,0.0,0.0
2002-08-30,59.022524756336196,60.123402406430415,58.842264777848165,59.0869026184082,30366700,0.0,0.0,0.0
2002-09-03,58.41092955218563,58.584750276466174,56.74995413476624,56.83364486694336,76586400,0.0,0.0,0.0
2002-09-04,57.046075032852144,58.10188732933448,56.69198954427572,57.644798278808594,51099500,0.0,0.0,0.0
2002-09-05,56.968826008763834,57.57398859012955,56.331476959021956,57.15552520751953,67250900,0.0,0.0,0.0
2002-09-06,57.78001281950209,58.30791914684394,57.51605719997315,57.94095993041992,38622200,0.0,0.0,0.0
2002-09-09,57.36152422495356,58.81004758877418,57.16839072347248,58.36583709716797,33998400,0.0,0.0,0.0
2002-09-10,58.67487283847004,59.086897010686414,58.30147439748784,59.03539276123047,41416600,0.0,0.0,0.0
2002-09-11,59.53109765557875,60.08475591926258,58.64910602349769,58.668418884277344,27711200,0.0,0.0,0.0
2002-09-12,58.423787399600315,58.4817259881586,57.29071863232791,57.58686065673828,43601700,0.0,0.0,0.0
2002-09-13,57.09758675857326,57.87657002389806,56.81431833055878,57.72849655151367,41131000,0.0,0.0,0.0
2002-09-16,57.49673782709312,57.87013626098633,56.94951869423057,57.87013626098633,28167600,0.0,0.0,0.0
2002-09-17,58.5139207665709,58.70705922974802,56.49242580863501,56.54393005371094,47609700,0.0,0.0,0.0
2002-09-18,56.01603619629468,56.97527964210724,55.54606845165097,55.9774055480957,54719400,0.0,0.0,0.0
2002-09-19,55.35938427423279,55.88085641727209,54.52889633178711,54.52889633178711,48510500,0.0,0.0,0.0
2002-09-20,54.915574481545065,55.09664247672599,54.352971058480435,54.54697036743164,46325600,0.378,0.0,0.0
2002-09-23,54.09431999035862,54.35945395549779,53.47351309593376,54.10078811645508,46893800,0.0,0.0,0.0
2002-09-24,53.31183877338739,54.09431420032835,52.93029831428902,53.22776794433594,69507000,0.0,0.0,0.0
2002-09-25,53.91323238429838,54.818572360203035,53.053154473456125,54.54697036743164,59294400,0.0,0.0,0.0
2002-09-26,54.98025654331256,55.59460019725397,54.6116523244414,55.43939971923828,53638000,0.0,0.0,0.0
2002-09-27,54.96730009234564,55.374703011004215,53.51228332519531,53.51228332519531,64648300,0.0,0.0,0.0
2002-09-30,53.027284296571985,53.544625629055965,52.31594366470595,52.891483306884766,73096400,0.0,0.0,0.0
2002-10-01,53.305366970339804,55.46525693530043,52.68456018519422,55.432926177978516,67198100,0.0,0.0,0.0
2002-10-02,54.7668522969167,55.31005638288937,53.415300339464956,53.770973205566406,56749100,0.0,0.0,0.0
2002-10-03,53.76450887699485,54.70865290290049,52.994964767128074,53.22776794433594,55547000,0.0,0.0,0.0
2002-10-04,53.544618519949275,53.62221625590642,51.462327087078855,52.25127029418945,68483700,0.0,0.0,0.0
2002-10-07,51.772740582660276,52.50994885726038,50.79626598526295,51.17133331298828,53188000,0.0,0.0,0.0
2002-10-08,51.61107224729488,52.58108365863599,50.5699262710901,51.97321319580078,79531000,0.0,0.0,0.0
2002-10-09,51.14546276259276,51.539934439751605,50.29832109544812,50.50525665283203,79956400,0.0,0.0,0.0
2002-10-10,50.40180656321307,52.42589574936314,49.83919803397089,52.141357421875,76749000,0.0,0.0,0.0
2002-10-11,53.09195058255533,54.792706878113286,52.91088259680754,54.424102783203125,82308300,0.0,0.0,0.0
2002-10-14,53.803309434457326,54.87032320753975,53.699844093445385,54.72805404663086,40631900,0.0,0.0,0.0
2002-10-15,56.254192041431544,57.37294067303482,56.16365804046169,57.36000442504883,82320300,0.0,0.0,0.0
2002-10-16,56.52580584874737,56.778008444066025,55.562257539726204,55.96966552734375,62977800,0.0,0.0,0.0
2002-10-17,57.469944393189714,57.74801452781067,56.810333872119934,57.08193588256836,68534100,0.0,0.0,0.0
2002-10-18,56.680995240858735,57.62513899120675,56.21538902233474,57.32120132446289,47448700,0.0,0.0,0.0
2002-10-21,56.98494748027126,58.52403071066157,56.62927460190627,58.31062698364258,45859100,0.0,0.0,0.0
2002-10-22,57.58633371921548,58.207140297026065,57.24359228318783,57.89026641845703,40966800,0.0,0.0,0.0
2002-10-23,57.40524265406902,58.37525355006277,56.700370437837556,58.329986572265625,54905800,0.0,0.0,0.0
2002-10-24,58.68568777057109,58.78268989412854,56.972000033499285,57.14013671875,54987400,0.0,0.0,0.0
2002-10-25,57.043106831691794,58.452856197885275,56.86850704125436,58.329986572265625,43672100,0.0,0.0,0.0
2002-10-28,58.94439641704558,59.034930475009794,57.45704272122874,57.948516845703125,39416100,0.0,0.0,0.0
2002-10-29,57.60572601749489,57.870859814568945,56.26064279867245,57.27592086791992,59508200,0.0,0.0,0.0
2002-10-30,57.3470902637037,58.17483276800186,57.05608873550761,57.832096099853516,41688600,0.0,0.0,0.0
2002-10-31,57.980804349282856,58.39467539411026,57.03019259722451,57.24359130859375,41620600,0.0,0.0,0.0
2002-11-01,57.13366518002729,58.73095126010851,56.93966587824049,58.37527847290039,51878900,0.0,0.0,0.0
2002-11-04,59.36469100302943,60.101899164906776,58.782683261091414,58.93141555786133,49080600,0.0,0.0,0.0
2002-11-05,58.74388371900699,59.53929517966946,58.74388371900699,59.39702606201172,37270800,0.0,0.0,0.0
2002-11-06,59.80444415452143,60.185979640680195,58.711562959026665,60.16658020019531,65013100,0.0,0.0,0.0
2002-11-07,59.50695990032463,59.63629770531798,58.3429492577812,58.69215393066406,51572000,0.0,0.0,0.0
2002-11-08,58.54342541589164,59.2159673009199,57.89028297107122,57.9743537902832,37905400,0.0,0.0,0.0
2002-11-11,57.88381664178996,57.91614739580559,56.77800420629701,57.07547378540039,33505100,0.0,0.0,0.0
2002-11-12,57.33413790400957,58.15541198097329,57.14660179080908,57.52813720703125,37724500,0.0,0.0,0.0
2002-11-13,57.11428641873111,58.03256294064519,56.55167787904516,57.586360931396484,63891500,0.0,0.0,0.0
2002-11-14,58.24597533544475,58.84738285205138,58.03903968100672,58.67278289794922,31896800,0.0,0.0,0.0
2002-11-15,58.20067702945438,59.20302399623244,58.16834134650057,59.106021881103516,39152100,0.0,0.0,0.0
2002-11-18,59.591026386861756,59.591026386861756,58.42701089497261,58.51108169555664,28934800,0.0,0.0,0.0
2002-11-19,58.21361132264853,58.91202066685293,58.04547957713223,58.4334831237793,32806600,0.0,0.0,0.0
2002-11-20,58.187740838028155,59.765622372487236,58.16833646964322,59.73329162597656,36688400,0.0,0.0,0.0
2002-11-21,59.88203024374212,60.91024479261438,59.77209681326794,60.84557342529297,55128200,0.0,0.0,0.0
2002-11-22,60.451088646624875,60.961956773018784,60.31528276279432,60.41228485107422,32513800,0.0,0.0,0.0
2002-11-25,60.41876752865525,60.95550827054812,59.99196021089012,60.45110321044922,33846400,0.0,0.0,0.0
2002-11-26,60.18599465659471,60.431729186934525,59.2483186185036,59.300048828125,42284700,0.0,0.0,0.0
2002-11-27,59.83031178667649,61.20773138103145,59.7721134603576,60.96846008300781,37764000,0.0,0.0,0.0
2002-11-29,61.30473647617499,61.40173369137538,60.63865768481542,60.77446365356445,19385700,0.0,0.0,0.0
2002-12-02,61.73801009810206,62.11308246056901,60.282992595802014,60.871463775634766,49911900,0.0,0.0,0.0
2002-12-03,60.30234059622316,60.399342667038205,59.72033310506316,60.05660629272461,34407700,0.0,0.0,0.0
2002-12-04,59.34531441272942,60.23126021981534,59.12544745937458,59.78505325317383,64040800,0.0,0.0,0.0
2002-12-05,59.9661057498655,60.01137275030041,58.912023558157884,59.12542724609375,36724900,0.0,0.0,0.0
2002-12-06,58.27830121616354,59.60398083306496,58.1877671909599,59.51344680786133,49824100,0.0,0.0,0.0
2002-12-09,58.89262054399938,59.14482309307068,57.864410910667594,57.877342224121094,36789600,0.0,0.0,0.0
2002-12-10,58.21363865794268,58.9120483300983,58.04550683347695,58.653377532958984,33319900,0.0,0.0,0.0
2002-12-11,58.472278837546874,59.2482908226257,58.30414710111909,58.705081939697266,39201000,0.0,0.0,0.0
2002-12-12,58.976709132835644,59.164245319410504,58.330034668950454,58.698638916015625,34465600,0.0,0.0,0.0
2002-12-13,58.14250445103282,58.511108704659065,57.72862824774356,57.773895263671875,36862200,0.0,0.0,0.0
2002-12-16,58.0843037425731,59.35825330464545,57.98083838749193,59.26771926879883,37098400,0.0,0.0,0.0
2002-12-17,59.08661663094864,59.32588289982701,58.67920877424087,58.750343322753906,32353900,0.0,0.0,0.0
2002-12-18,58.407603192412694,58.45933830333715,57.767397229350664,58.07133483886719,35612600,0.0,0.0,0.0
2002-12-19,57.78038131298971,58.65339113882943,57.295375305996956,57.65751647949219,39264200,0.0,0.0,0.0
2002-12-20,57.9668065127277,58.49968504721859,57.90182229300503,58.48019027709961,31176900,0.436,0.0,0.0
2002-12-23,58.220227798724764,58.792100628678945,58.038270064821674,58.499664306640625,22599300,0.0,0.0,0.0
2002-12-24,58.2202675218534,58.395730426388326,57.99932011078547,58.06430435180664,10937000,0.0,0.0,0.0
2002-12-26,58.29172353339989,58.883091244556766,57.732850406056365,58.09027099609375,17485600,0.0,0.0,0.0
2002-12-27,57.810840350671995,58.02529272664849,56.78407287597656,56.78407287597656,22205700,0.0,0.0,0.0
2002-12-30,57.05051235449432,57.492411949059985,56.680096882430284,57.25846481323242,29968000,0.0,0.0,0.0
2002-12-31,57.18046919441168,57.46640562647353,56.60860128826468,57.3364372253418,34036600,0.0,0.0,0.0
2003-01-02,57.73935728894479,59.33149788654896,57.53790472730452,59.182029724121094,44516300,0.0,0.0,0.0
2003-01-03,59.07805162671572,59.38347792231631,58.811609909176376,59.363983154296875,32222600,0.0,0.0,0.0
2003-01-06,59.29249396137297,60.7546609334972,59.2470045205593,60.410240173339844,40984500,0.0,0.0,0.0
2003-01-07,60.371273097031356,60.676704438096536,59.916373561707815,60.260799407958984,38640400,0.0,0.0,0.0
2003-01-08,59.91633966408754,60.04631301121011,59.16901398953176,59.38996124267578,38702200,0.0,0.0,0.0
2003-01-09,59.66944508113974,60.55324471084354,59.40300818461531,60.31279754638672,34804900,0.0,0.0,0.0
2003-01-10,59.75389121758033,60.852142717230485,59.656417381024646,60.47522735595703,37768900,0.0,0.0,0.0
2003-01-13,60.78717552271481,60.995128028873765,60.07233909266708,60.45574951171875,31649900,0.0,0.0,0.0
2003-01-14,60.23478707778757,60.975618005564165,60.05282930015509,60.650691986083984,30733000,0.0,0.0,0.0
2003-01-15,60.78713725681464,60.806632017310775,59.727880620060624,60.04630661010742,33511800,0.0,0.0,0.0
2003-01-16,60.11133158309942,60.39076824175083,59.428984754910445,59.799400329589844,44812100,0.0,0.0,0.0
2003-01-17,59.13002812707018,59.981337561414044,58.584154863500345,58.91558074951172,35618300,0.0,0.0,0.0
2003-01-21,59.05206024937113,59.08454987855957,57.80434048866086,57.999298095703125,36826200,0.0,0.0,0.0
2003-01-22,57.687349715040035,58.35670132204559,57.18696594453498,57.29743957519531,42286500,0.0,0.0,0.0
2003-01-23,57.67437495898695,58.0837800048096,57.15449128602454,57.648380279541016,55919800,0.0,0.0,0.0
2003-01-24,57.57039260563212,57.62888187018642,55.997751783301446,56.134220123291016,68633900,0.0,0.0,0.0
2003-01-27,55.71183076521739,56.407172414379474,54.912510385200264,55.36740493774414,57884400,0.0,0.0,0.0
2003-01-28,55.64683629116575,56.1472252093894,55.321910225090555,55.77680969238281,46929100,0.0,0.0,0.0
2003-01-29,55.51034945962072,56.65409021970131,55.087944722740936,56.199195861816406,53712200,0.0,0.0,0.0
2003-01-30,56.40068295587518,56.45916728433485,54.847536321258886,54.86703109741211,49845900,0.0,0.0,0.0
2003-01-31,54.68506207196626,56.023755979478004,54.68506207196626,55.92627716064453,55317000,0.0,0.0,0.0
2003-02-03,55.978272956337534,56.413672778106914,55.83530466668687,56.03676223754883,39696000,0.0,0.0,0.0
2003-02-04,55.43884743194306,55.72478376903004,54.7825007788662,55.484336853027344,43633400,0.0,0.0,0.0
2003-02-05,55.724848522572444,56.2382325616448,54.89953807873511,55.13998031616211,55270600,0.0,0.0,0.0
2003-02-06,54.82800143027844,55.16592220498103,54.360107313016336,54.87998580932617,53638000,0.0,0.0,0.0
2003-02-07,55.178957722080014,55.23094213476456,53.91824275236842,54.21067428588867,43165000,0.0,0.0,0.0
2003-02-10,54.236642255393946,54.67204186478139,53.71026377114873,54.59406280517578,45455900,0.0,0.0,0.0
2003-02-11,54.828037244136404,55.15945832870237,53.82726416361214,54.2171745300293,46861000,0.0,0.0,0.0
2003-02-12,54.04170227029512,54.340633637213834,53.346355773228865,53.35285568237305,35873600,0.0,0.0,0.0
2003-02-13,53.38537041364917,53.71679649336554,52.63803923537808,53.51533889770508,57934100,0.0,0.0,0.0
2003-02-14,53.52829643933593,54.717521507229904,53.17087595353592,54.68503189086914,59580900,0.0,0.0,0.0
2003-02-18,54.93196886021148,55.757283377597304,54.840990009819016,55.64680480957031,39492700,0.0,0.0,0.0
2003-02-19,55.44539481362605,55.54287364455374,54.769547865967844,55.35441589355469,31432000,0.0,0.0,0.0
2003-02-20,55.37389671780945,55.51036506353605,54.620070861703724,54.80202865600586,29280100,0.0,0.0,0.0
2003-02-21,54.8345321005932,55.718331573840146,54.236669209273,55.35441589355469,60955800,0.0,0.0,0.0
2003-02-24,55.19193061578534,55.23742005751361,54.32112635673046,54.45759963989258,30628600,0.0,0.0,0.0
2003-02-25,53.90523868233876,54.90601167783772,53.43084934686195,54.89301681518555,56770600,0.0,0.0,0.0
2003-02-26,54.600584375411295,54.932010414252844,53.98972662610989,54.09370040893555,37787200,0.0,0.0,0.0
2003-02-27,54.392657985334516,55.07500516526496,54.04174196146462,54.808563232421875,51126000,0.0,0.0,0.0
2003-02-28,54.89300679308974,55.38689576934131,54.691554231898614,55.17244338989258,43666800,0.0,0.0,0.0
2003-03-03,55.40639167192868,55.74431258386802,54.405618838677974,54.646060943603516,42923100,0.0,0.0,0.0
2003-03-04,54.55507758701448,54.59407208141979,53.71027289722375,53.7752571105957,31440500,0.0,0.0,0.0
2003-03-05,53.684278782512436,54.28864139335864,53.52181576839225,54.23015213012695,43974700,0.0,0.0,0.0
2003-03-06,53.85324114142865,54.275641007335174,53.593299329963166,53.7752571105957,41217700,0.0,0.0,0.0
2003-03-07,53.034444131639034,54.58109074879197,52.91747052476331,54.14569091796875,63538000,0.0,0.0,0.0
2003-03-10,53.67778775992593,53.846750710816046,52.70300951383292,52.845977783203125,41014100,0.0,0.0,0.0
2003-03-11,52.94994259889246,53.28786345391953,52.30009060555198,52.326080322265625,48102700,0.0,0.0,0.0
2003-03-12,52.23510995667797,52.70300426144881,51.585257857380256,52.67700958251953,62459800,0.0,0.0,0.0
2003-03-13,53.404845567979024,54.52909187810352,52.982440713031274,54.49659729003906,72117800,0.0,0.0,0.0
2003-03-14,54.71754373853932,55.08795922978536,54.16517045622196,54.672054290771484,63951800,0.0,0.0,0.0
2003-03-17,54.2366855926906,56.50466928467276,54.08072239088166,56.394195556640625,88217500,0.0,0.0,0.0
2003-03-18,56.63460323872265,56.76457165655782,56.06923020938723,56.725582122802734,50792300,0.0,0.0,0.0
2003-03-19,56.71912231207056,57.29099565397648,56.32921182494069,57.1610221862793,49630800,0.0,0.0,0.0
2003-03-20,56.75160992107556,57.57042035569556,56.114752402835336,57.284488677978516,67321600,0.0,0.0,0.0
2003-03-21,57.93955431494986,58.64422076265761,57.37190150349259,58.5072021484375,71165300,0.354,0.0,0.0
2003-03-24,57.430635721754044,57.50893422536011,56.3410076809167,56.56285095214844,65398900,0.0,0.0,0.0
2003-03-25,56.595450111261215,57.587210868577294,56.39971139350573,57.10437774658203,61040100,0.0,0.0,0.0
2003-03-26,57.130471352401095,57.31968891131683,56.63459600279619,56.81728744506836,45740800,0.0,0.0,0.0
2003-03-27,56.37361038198123,57.19572691269732,56.1060943369032,56.86296463012695,53120200,0.0,0.0,0.0
2003-03-28,56.419286169620726,56.94778719205455,56.27574145291794,56.57587814331055,32583000,0.0,0.0,0.0
2003-03-31,55.688562927506,56.49762795739514,55.06871564245696,55.29055404663086,61119500,0.0,0.0,0.0
2003-04-01,55.623233696314806,56.36705132052679,55.40139562290271,56.13868713378906,53574000,0.0,0.0,0.0
2003-04-02,57.11744108189046,57.919979438800944,57.091341585523544,57.49587631225586,50431200,0.0,0.0,0.0
2003-04-03,57.98519790579191,58.06349137268519,57.18918113926267,57.2218017578125,48755500,0.0,0.0,0.0
2003-04-04,57.698137693743966,57.80253069492203,57.169636613725274,57.561119079589844,36250100,0.0,0.0,0.0
2003-04-07,58.944352688909284,59.27711499806003,57.39799632714906,57.4501953125,69776200,0.0,0.0,0.0
2003-04-08,57.613314414841874,57.84167875728062,57.2283531136143,57.541542053222656,39712700,0.0,0.0,0.0
2003-04-09,57.652441899198735,58.1352699158557,56.615008550282894,56.78465270996094,55647300,0.0,0.0,0.0
2003-04-10,56.823808657826554,57.176144287511576,55.92339870061047,57.09785079956055,41812400,0.0,0.0,0.0
2003-04-11,57.521963078127804,57.87429375618015,56.673747056821014,56.86296463012695,47730100,0.0,0.0,0.0
2003-04-14,57.071761994874194,58.070043976878004,56.76509916840883,58.037418365478516,36711700,0.0,0.0,0.0
2003-04-15,57.965649982451176,58.578975677490234,57.69161274857107,58.578975677490234,49709800,0.0,0.0,0.0
2003-04-16,58.663783375140824,58.76165023191486,57.43713233857771,57.5806770324707,51788000,0.0,0.0,0.0
2003-04-17,57.613313189394525,58.53982277499283,57.541540829301915,58.4354248046875,37403100,0.0,0.0,0.0
2003-04-21,58.631174500337,58.8269182256739,58.109194551418426,58.49415588378906,32052700,0.0,0.0,0.0
2003-04-22,58.13530279698526,59.7403846612421,57.99828415981375,59.596839904785156,59763600,0.0,0.0,0.0
2003-04-23,59.77951835347474,60.255820380152066,59.53157567517846,60.144901275634766,44227100,0.0,0.0,0.0
2003-04-24,59.72080147452235,60.07966330673554,59.34889238385124,59.60988235473633,49692400,0.0,0.0,0.0
2003-04-25,59.57071510744594,59.68163418907278,58.73554649234048,58.8725700378418,43917200,0.0,0.0,0.0
2003-04-28,59.00958636155644,60.15141269221833,58.9182406533409,59.89042282104492,46432900,0.0,0.0,0.0
2003-04-29,60.11880127908623,60.549435414843344,59.635973139151304,60.09922790527344,52017100,0.0,0.0,0.0
2003-04-30,59.9687271118164,60.399356209887856,59.64249098559297,59.968727111816406,48709100,0.0,0.0,0.0
2003-05-01,59.975251234884404,60.50375717068597,59.04874178501429,59.96220397949219,50240400,0.0,0.0,0.0
2003-05-02,59.74036380274842,60.98658831871103,59.69469093963804,60.81694412231445,50201500,0.0,0.0,0.0
2003-05-05,60.98658662761563,61.18885144750032,60.35368770065808,60.69949722290039,35437800,0.0,0.0,0.0
2003-05-06,60.70598354377899,61.58029346248339,60.679884071553666,61.27363586425781,44401000,0.0,0.0,0.0
2003-05-07,60.95397584308882,61.42375680941217,60.66036522812163,60.93440246582031,41413100,0.0,0.0,0.0
2003-05-08,60.36674067623012,60.89524667389386,60.2101487033519,60.321067810058594,40570700,0.0,0.0,0.0
2003-05-09,60.569008638438945,61.20190760598383,60.425463926875906,61.15623474121094,33608100,0.0,0.0,0.0
2003-05-12,61.00619803892069,62.063205615194256,60.86265324705952,61.90660858154297,35662300,0.0,0.0,0.0
2003-05-13,61.67820526992082,62.102313257402365,61.50203994051973,61.795650482177734,39253600,0.0,0.0,0.0
2003-05-14,62.043556756949506,62.14142854728408,61.27364461716487,61.66512680053711,32195100,0.0,0.0,0.0
2003-05-15,61.91310734066853,62.20019679751506,61.495525391420585,62.0566520690918,43879200,0.0,0.0,0.0
2003-05-16,61.91307548009797,62.278458253170975,61.502019860390845,61.900028228759766,38905000,0.0,0.0,0.0
2003-05-19,61.430281075891564,61.60644644396707,60.2427814370269,60.45157241821289,41606000,0.0,0.0,0.0
2003-05-20,60.56248903816208,60.699507647224934,59.75994578168599,60.327598571777344,55404600,0.0,0.0,0.0
2003-05-21,60.09923670409221,60.601638291393954,59.96874420758959,60.45157241821289,49333800,0.0,0.0,0.0
2003-05-22,60.647322216985884,61.36504601247682,60.47115681680119,61.051856994628906,38421800,0.0,0.0,0.0
2003-05-23,61.02575615116809,61.319371782304465,60.77129225763217,61.17582702636719,26155900,0.0,0.0,0.0
2003-05-27,60.875700006802205,62.532976150942694,60.72562910756033,62.24589157104492,43719200,0.0,0.0,0.0
2003-05-28,62.539472808237235,62.944007451201976,62.26543562008479,62.422027587890625,37727100,0.0,0.0,0.0
2003-05-29,62.559086150656015,63.172412135202435,62.0371109318262,62.258949279785156,50844200,0.0,0.0,0.0
2003-05-30,62.57210528812196,63.348544073156,62.350262079562626,63.257198333740234,52529500,0.0,0.0,0.0
2003-06-02,63.63564517539638,64.23591870942462,63.07451840029205,63.5181999206543,50305500,0.0,0.0,0.0
2003-06-03,63.38766583539408,63.83786820168333,63.19192221320426,63.77914810180664,38254500,0.0,0.0,0.0
2003-06-04,63.720479289657725,64.82315464681832,63.6617541645469,64.69918823242188,49360700,0.0,0.0,0.0
2003-06-05,64.32074495386445,65.01889038085938,64.11847507903587,65.01889038085938,46262400,0.0,0.0,0.0
2003-06-06,65.50823006527739,66.16070246636986,64.67958732822711,64.76441192626953,60356800,0.0,0.0,0.0
2003-06-09,64.44469881275107,64.6600159063299,63.792226391944574,64.10541534423828,37808500,0.0,0.0,0.0
2003-06-10,64.24240470129494,64.76438439143493,64.06623941820388,64.75785827636719,29965900,0.0,0.0,0.0
2003-06-11,64.69917491885965,65.501713299119,64.4055593096669,65.4429931640625,37610200,0.0,0.0,0.0
2003-06-12,65.73657887061908,65.83445070324095,64.99928702374173,65.64523315429688,36442000,0.0,0.0,0.0
2003-06-13,65.64524969537688,65.73659543471611,64.56214310325548,64.96015167236328,48628300,0.0,0.0,0.0
2003-06-16,65.22113911076644,66.35643966863708,65.11674611754475,66.3303451538086,36326300,0.0,0.0,0.0
2003-06-17,66.5978562435392,66.66962860424066,66.04978182869449,66.3303451538086,36801800,0.0,0.0,0.0
2003-06-18,66.08893022792822,66.64353077430282,65.89971263390031,66.27162170410156,35521000,0.0,0.0,0.0
2003-06-19,66.31729145799758,66.37601655999157,65.1428391978093,65.26028442382812,43551700,0.0,0.0,0.0
2003-06-20,65.73827351199995,65.8103050913778,65.10308867345785,65.1161880493164,41545000,0.36,0.0,0.0
2003-06-23,65.12276894241658,65.26028748563631,64.12088095806415,64.44829559326172,34237500,0.0,0.0,0.0
2003-06-24,64.3173328994267,64.88703117755328,64.18636404541127,64.51377868652344,36213600,0.0,0.0,0.0
2003-06-25,64.52032300207495,65.11621999730261,63.86549377441406,63.86549377441406,47743400,0.0,0.0,0.0
2003-06-26,64.02923745350381,64.81503597064453,63.49227738163667,64.6971664428711,33477300,0.0,0.0,0.0
2003-06-27,64.66439556581106,64.95252206627706,63.898246457882415,63.95063400268555,54208800,0.0,0.0,0.0
2003-06-30,64.3173325547092,64.61200373175043,63.826210595673174,63.93098068237305,33349000,0.0,0.0,0.0
2003-07-01,63.6821516031098,64.72987751975478,63.1451917585823,64.52033233642578,51322800,0.0,0.0,0.0
2003-07-02,64.67747672000606,65.34540528969919,64.54651288074673,65.33230590820312,34662100,0.0,0.0,0.0
2003-07-03,64.8739394143606,65.38470547580458,64.10779032219465,64.65784454345703,30792800,0.0,0.0,0.0
2003-07-07,65.25373176565256,66.07226827802666,65.25373176565256,65.94129943847656,31391100,0.0,0.0,0.0
2003-07-08,65.81033717699432,66.32765286476535,65.59424233350444,66.23597717285156,30952500,0.0,0.0,0.0
2003-07-09,66.08538680702948,66.39970714083017,65.5025889969812,65.86274719238281,36528500,0.0,0.0,0.0
2003-07-10,65.3781624875215,65.50913136026392,64.58581954224854,65.0245590209961,49777700,0.0,0.0,0.0
2003-07-11,65.08348700851181,65.77760450280144,65.08348700851181,65.64009094238281,39976300,0.0,0.0,0.0
2003-07-14,66.26870298067664,66.72708634865486,65.77758115523898,65.9609375,42114900,0.0,0.0,0.0
2003-07-15,66.38660052191368,66.43898807116535,65.45019431183441,65.81690216064453,42573600,0.0,0.0,0.0
2003-07-16,66.01334736272199,66.0526405222713,64.97872075235375,65.43054962158203,39894200,0.0,0.0,0.0
2003-07-17,64.92633437336869,65.40435702559186,64.27805468256864,64.50069427490234,52253500,0.0,0.0,0.0
2003-07-18,64.84118605982879,65.35195703931215,64.47448330158981,65.16205596923828,35698100,0.0,0.0,0.0
2003-07-21,65.12276984654511,65.14896361723868,64.075043998557,64.35662078857422,34786000,0.0,0.0,0.0
2003-07-22,64.62509973839975,65.09657759379179,64.12087842240246,64.93941497802734,49968300,0.0,0.0,0.0
2003-07-23,64.9656083025227,65.1227659212605,64.35661690946934,64.9852523803711,37275400,0.0,0.0,0.0
2003-07-24,65.47638463998426,65.70557391095697,64.41556430121017,64.494140625,40896200,0.0,0.0,0.0
2003-07-25,64.60544806984959,65.6728178144357,64.19945218741832,65.63352966308594,43241100,0.0,0.0,0.0
2003-07-28,65.72523793846354,66.12468432842918,65.26685429629757,65.39127349853516,34382800,0.0,0.0,0.0
2003-07-29,65.57459140354518,65.65317270095264,64.6185414335295,65.09001922607422,53472100,0.0,0.0,0.0
2003-07-30,65.22099042197307,65.31921580583361,64.78225603613997,64.93286895751953,28363300,0.0,0.0,0.0
2003-07-31,65.46984805205477,66.07883961660647,64.93943282102457,65.08349609375,54937200,0.0,0.0,0.0
2003-08-01,64.95249372244409,65.17513319677559,64.33040314026377,64.50720977783203,49321000,0.0,0.0,0.0
2003-08-04,64.37624097297608,64.82807460681822,63.5184165339532,64.50720977783203,55214100,0.0,0.0,0.0
2003-08-05,64.4417319308712,64.67092110886337,63.086230943997386,63.13861846923828,61415600,0.0,0.0,0.0
2003-08-06,63.31543950099678,64.2125523437802,63.13863281213181,63.505340576171875,50096900,0.0,0.0,0.0
2003-08-07,63.629776792597184,64.21912429989162,63.361299314578325,64.17328643798828,43427400,0.0,0.0,0.0
2003-08-08,64.38281455926779,64.53342749176807,64.01611176145968,64.35662078857422,27357300,0.0,0.0,0.0
2003-08-11,64.34355485601887,64.85432112054362,64.06852264008367,64.59893798828125,34631400,0.0,0.0,0.0
2003-08-12,64.63820369474271,65.21445171667379,64.44830258620885,65.18826293945312,43285600,0.0,0.0,0.0
2003-08-13,65.36502142538178,65.3846654932787,64.52029153417764,64.85425567626953,36152000,0.0,0.0,0.0
2003-08-14,64.89356862950409,65.31920858185909,64.46792867714909,65.03108215332031,35525100,0.0,0.0,0.0
2003-08-15,65.06387375326227,65.34545069969907,64.90671603774867,65.234130859375,12567000,0.0,0.0,0.0
2003-08-18,65.43707555946848,65.8758098802139,65.31265642530643,65.79723358154297,22873800,0.0,0.0,0.0
2003-08-19,65.93477699753078,66.09848435525952,65.48294309149479,66.04609680175781,37437700,0.0,0.0,0.0
2003-08-20,65.67282543893981,66.06572198590239,65.58769943581562,65.77759552001953,21295300,0.0,0.0,0.0
2003-08-21,66.17050086555494,66.47826643112906,65.74486083357243,65.98714447021484,46494200,0.0,0.0,0.0
2003-08-22,66.62886989905141,66.6747077423872,65.30611713711144,65.33230590820312,52040300,0.0,0.0,0.0
2003-08-25,65.2930400016451,66.02645074084869,65.01146315494614,65.43710327148438,23473000,0.0,0.0,0.0
2003-08-26,65.15553104807654,65.7383288658153,64.71679651039945,65.55497741699219,45065800,0.0,0.0,0.0
2003-08-27,65.51566798571032,65.71866345303381,65.2013477497717,65.57460021972656,18919500,0.0,0.0,0.0
2003-08-28,65.74484430925371,66.13774078004424,65.26027216181039,65.98058319091797,27402400,0.0,0.0,0.0
2003-08-29,65.88236339097621,66.45206656912694,65.79723739716292,66.42587280273438,28706600,0.0,0.0,0.0
2003-09-02,66.55684011971057,67.36882693654734,66.17049328610167,67.31644439697266,49419100,0.0,0.0,0.0
2003-09-03,67.46707921008398,67.90581375410426,67.3033718432747,67.68317413330078,44912400,0.0,0.0,0.0
2003-09-04,67.5129037438273,67.80757994347724,67.29026416697972,67.71590423583984,28381000,0.0,0.0,0.0
2003-09-05,67.40812933953255,67.80757560983137,67.05452092012288,67.33609771728516,31637300,0.0,0.0,0.0
2003-09-08,67.47363260117442,68.02368698573939,67.40160095615482,67.8927230834961,32632800,0.0,0.0,0.0
2003-09-09,67.6896991967557,67.74863142930639,67.237865430065,67.4474105834961,35053200,0.0,0.0,0.0
2003-09-10,67.13964807414855,67.31645478484174,66.49791815076512,66.76639556884766,45904900,0.0,0.0,0.0
2003-09-11,66.85806976377833,67.29025949487654,66.68781274886531,66.96284484863281,38396300,0.0,0.0,0.0
2003-09-12,66.7336615615295,67.21168419004862,66.36695372770566,67.08726501464844,42524800,0.0,0.0,0.0
2003-09-15,67.13310882819594,67.20514046287899,66.75985626481655,66.85153198242188,21312800,0.0,0.0,0.0
2003-09-16,66.94319858522357,67.86650525961394,66.90390543170955,67.82721710205078,37892600,0.0,0.0,0.0
2003-09-17,67.76176838907845,67.96476396392545,67.48019146463587,67.69628143310547,31885800,0.0,0.0,0.0
2003-09-18,67.70931678909719,68.56059145619805,67.55870392713051,68.49510955810547,30243600,0.0,0.0,0.0
2003-09-19,68.54115622276076,68.75808062847973,67.9692709905754,68.1467514038086,34331600,0.4,0.0,0.0
2003-09-22,67.60772233958784,67.68003046629826,67.06870131373753,67.4105224609375,36677400,0.0,0.0,0.0
2003-09-23,67.43681893313374,67.89696206247915,67.28563284494672,67.6668930053711,32489200,0.0,0.0,0.0
2003-09-24,67.78522750679507,67.85096081884015,66.43767204178482,66.4639663696289,41694700,0.0,0.0,0.0
2003-09-25,66.66116639359821,66.97011343888713,65.8657768267146,65.91836547851562,52673100,0.0,0.0,0.0
2003-09-26,66.02354062421506,66.16815690437637,65.63570559877064,65.7014389038086,42914700,0.0,0.0,0.0
2003-09-29,65.93151772477417,66.38508107267036,65.5962713253578,66.34564208984375,36771600,0.0,0.0,0.0
2003-09-30,66.04983494925618,66.23389020941433,65.24130075341323,65.7014389038086,70764500,0.0,0.0,0.0
2003-10-01,65.89207895851845,67.16732633255158,65.86578462950297,67.10159301757812,65797600,0.0,0.0,0.0
2003-10-02,67.00298662944229,67.41711100323772,66.80578168089389,67.34480285644531,44591500,0.0,0.0,0.0
2003-10-03,68.14676279814154,68.54774251874119,67.7589327489456,67.96270751953125,48806900,0.0,0.0,0.0
2003-10-06,68.02185605695936,68.35709737710287,67.83779580368187,68.27164459228516,20226500,0.0,0.0,0.0
2003-10-07,67.87724858761337,68.56745582008641,67.64717951012234,68.53459167480469,42602900,0.0,0.0,0.0
2003-10-08,68.580602391117,68.6200413697247,67.97584798186122,68.36367797851562,30920800,0.0,0.0,0.0
2003-10-09,68.9421266288421,69.16562583918478,68.25191954203828,68.54772186279297,40066500,0.0,0.0,0.0
2003-10-10,68.54113742220797,68.75806176842548,68.30449860784921,68.73834228515625,22682800,0.0,0.0,0.0
2003-10-13,68.83041018616255,69.21167046970065,68.69894354397124,68.95530700683594,23825600,0.0,0.0,0.0
2003-10-14,68.88954696668306,69.30367124258393,68.60031444788494,69.19849395751953,38484400,0.0,0.0,0.0
2003-10-15,69.58635575601875,69.60607525078885,68.78439620116188,69.01446533203125,39021700,0.0,0.0,0.0
2003-10-16,68.81067232845417,69.50088455359506,68.79095283890094,69.29053497314453,32772200,0.0,0.0,0.0
2003-10-17,69.32997620849063,69.43514849457378,68.35053641281188,68.53459167480469,32790300,0.0,0.0,0.0
2003-10-20,68.65949006759249,69.04732513427734,68.32424867171211,69.04732513427734,27657000,0.0,0.0,0.0
2003-10-21,68.9027141540212,69.20509142477877,68.5740425533981,68.92900848388672,26729100,0.0,0.0,0.0
2003-10-22,68.3834218821694,68.48859921617986,67.83125592400846,68.06132507324219,33914500,0.0,0.0,0.0
2003-10-23,67.63401657878813,68.3307985097502,67.60114742482138,67.93639373779297,45830500,0.0,0.0,0.0
2003-10-24,67.59460094842446,68.08760833740234,67.16732687495087,68.08760833740234,51723600,0.0,0.0,0.0
2003-10-27,68.19276864913412,68.48200120465503,67.8838166039422,68.1204605102539,32460200,0.0,0.0,0.0
2003-10-28,68.35054299954925,69.11963328204689,68.24536568820074,69.04732513427734,34956200,0.0,0.0,0.0
2003-10-29,68.86984539912491,69.30369432180059,68.2782405265754,69.13935852050781,30955400,0.0,0.0,0.0
2003-10-30,69.54032948083245,69.65865144340214,68.88956119426418,69.28396606445312,39123100,0.0,0.0,0.0
2003-10-31,69.28397214551231,69.50746641935449,69.1656501725575,69.2182388305664,25761600,0.0,0.0,0.0
2003-11-03,69.51403775510225,70.07935326240617,69.48774342742182,69.67179870605469,37589300,0.0,0.0,0.0
2003-11-04,69.67180838968098,69.85586369389553,69.40230026997563,69.52062225341797,31421600,0.0,0.0,0.0
2003-11-05,69.34308929142037,69.65861603626884,68.95525945382008,69.57315826416016,33558800,0.0,0.0,0.0
2003-11-06,69.41544572418947,69.96761665829679,69.08677410142803,69.94132232666016,28392300,0.0,0.0,0.0
2003-11-07,70.09905958168005,70.1516482271587,69.39570274757318,69.4219970703125,31723200,0.0,0.0,0.0
2003-11-10,69.50746911056184,69.57320242805284,69.02761137926007,69.13935852050781,25530800,0.0,0.0,0.0
2003-11-11,69.08020015950774,69.237966151371,68.88957502915224,69.11964416503906,26558600,0.0,0.0,0.0
2003-11-12,69.17219511904734,69.98729890545445,69.1261813169549,69.89527130126953,28000000,0.0,0.0,0.0
2003-11-13,69.68496989317349,70.03336106602961,69.5337787161122,69.9150390625,29714800,0.0,0.0,0.0
2003-11-14,69.94129112598372,70.30282674066238,69.21164004773881,69.3233871459961,49158500,0.0,0.0,0.0
2003-11-17,68.96186907717676,69.1130551861959,68.38997875773867,68.97501373291016,44382100,0.0,0.0,0.0
2003-11-18,69.17876494378498,69.31680635007567,68.16645628252496,68.25848388671875,41155000,0.0,0.0,0.0
2003-11-19,68.38339156352218,69.02758991089439,68.31108343223154,68.83695983886719,29827000,0.0,0.0,0.0
2003-11-20,68.36363320917127,69.17873666242988,68.19929755241846,68.2190170288086,53578700,0.0,0.0,0.0
2003-11-21,68.52143610226591,68.58059958288436,68.11388663299596,68.50171661376953,30016000,0.0,0.0,0.0
2003-11-24,68.81726957196196,69.53377133973156,68.81069473492676,69.40887451171875,28906400,0.0,0.0,0.0
2003-11-25,69.50089309882715,69.95445645970665,69.31683280506407,69.67179870605469,37580000,0.0,0.0,0.0
2003-11-26,69.95443396190231,69.97415344753817,69.27737154105189,69.92156982421875,33053600,0.0,0.0,0.0
2003-11-28,69.86244260495774,70.11223625964361,69.80985393922057,69.97418975830078,10507500,0.0,0.0,0.0
2003-12-01,70.23708773555533,70.78268354520412,70.20422359969147,70.73009490966797,38699000,0.0,0.0,0.0
2003-12-02,70.585514604255,70.84187806409672,70.38173980672205,70.55265045166016,35352000,0.0,0.0,0.0
2003-12-03,70.76296116599678,71.04561880153064,70.38170109664821,70.44086456298828,39078600,0.0,0.0,0.0
2003-12-04,70.4474372625716,70.80897786297218,70.29625120431558,70.73009490966797,36089500,0.0,0.0,0.0
2003-12-05,70.4145917613647,70.86158525145854,70.08592022497598,70.23710632324219,28824400,0.0,0.0,0.0
2003-12-08,70.1647998460283,70.75640962856745,70.12536086556895,70.71039581298828,32482900,0.0,0.0,0.0
2003-12-09,70.9273152581074,70.94703474695318,70.0333283194836,70.164794921875,43596100,0.0,0.0,0.0
2003-12-10,70.18454585091315,70.3225923649323,69.65209935304262,70.15825653076172,36915400,0.0,0.0,0.0
2003-12-11,70.12537299934324,71.05879914267672,70.11879816308578,70.94705200195312,45304000,0.0,0.0,0.0
2003-12-12,70.97331303133679,71.1244990884077,70.5920529493808,71.0850601196289,34142200,0.0,0.0,0.0
2003-12-15,71.7621230602053,71.80156704442157,70.65121697149208,70.73009490966797,38693400,0.0,0.0,0.0
2003-12-16,70.78267878951705,71.32169972972645,70.67750152551132,71.09820556640625,32894200,0.0,0.0,0.0
2003-12-17,71.03246858356358,71.32170104980469,70.86156304908299,71.32170104980469,23198800,0.0,0.0,0.0
2003-12-18,71.35459749934115,72.13026257956018,71.24942019314807,72.12368774414062,29353100,0.0,0.0,0.0
2003-12-19,72.1870932623175,72.2333245007212,71.71156907369267,71.92291259765625,41465100,0.516,0.0,0.0
2003-12-22,71.85024279722705,72.42483520507812,71.8436368967711,72.42483520507812,27611300,0.0,0.0,0.0
2003-12-23,72.305949477687,72.61635623532293,72.23990055508435,72.47106170654297,24741200,0.0,0.0,0.0
2003-12-24,72.33236568676051,72.57012770825025,72.27292770080084,72.3984146118164,8055800,0.0,0.0,0.0
2003-12-26,72.45789221980095,72.70226027518878,72.4050550663936,72.45128631591797,8308400,0.0,0.0,0.0
2003-12-29,72.71541005982597,73.48813392724819,72.5040666506466,73.41548919677734,22483700,0.0,0.0,0.0
2003-12-30,73.36926791466433,73.4881489215103,73.21076158514484,73.4287109375,19559500,0.0,0.0,0.0
2003-12-31,73.45516378236742,73.6532955270338,73.2041898514312,73.49478912353516,31501800,0.0,0.0,0.0
2004-01-02,73.79856392141629,74.09576897083953,73.13151411295036,73.46173858642578,38072300,0.0,0.0,0.0
2004-01-05,73.76553523916284,74.31370396682478,73.699486321697,74.26087188720703,27959800,0.0,0.0,0.0
2004-01-06,74.07595194031276,74.45240761632178,73.97027769639607,74.33352661132812,20472800,0.0,0.0,0.0
2004-01-07,74.22786012159064,74.67035972686045,73.89763563309212,74.58450317382812,30170400,0.0,0.0,0.0
2004-01-08,74.79585730192223,74.90153157193475,74.4788395307112,74.8817138671875,36438400,0.0,0.0,0.0
2004-01-09,74.51848929398155,74.96098907745488,74.14863429151363,74.22789001464844,54084300,0.0,0.0,0.0
2004-01-12,74.33353190359205,74.79584415657928,74.20804498971309,74.77603149414062,31564100,0.0,0.0,0.0
2004-01-13,74.69020147246242,74.7826690009663,73.81180782053937,74.34016418457031,54239700,0.0,0.0,0.0
2004-01-14,74.47219922769423,75.06660408465324,74.4127562225864,74.96092987060547,30112800,0.0,0.0,0.0
2004-01-15,75.0071498997119,75.33076831405602,74.35330717392435,75.14584350585938,38408700,0.0,0.0,0.0
2004-01-16,75.31762827245105,75.49594734149726,75.04684167857886,75.443115234375,31922700,0.0,0.0,0.0
2004-01-20,75.64125880819438,75.72051453951939,75.17234040188522,75.42330932617188,29863000,0.0,0.0,0.0
2004-01-21,75.3770334191771,76.14976248501831,75.10625198218945,76.01766967773438,30725000,0.0,0.0,0.0
2004-01-22,76.04409215686545,76.20259849494678,75.6742423550671,75.81954193115234,29888500,0.0,0.0,0.0
2004-01-23,75.95165112085026,76.19601911669508,75.25817750812907,75.5751953125,44245300,0.0,0.0,0.0
2004-01-26,75.54876309047569,76.5658551872243,75.542157189396,76.52622985839844,30460600,0.0,0.0,0.0
2004-01-27,76.44697567488507,76.9423124503163,75.72048274535119,75.74029541015625,35322800,0.0,0.0,0.0
2004-01-28,75.9384301311511,76.13656181279732,74.591113532887,74.87510681152344,52621300,0.0,0.0,0.0
2004-01-29,75.00057836138394,75.19210915442274,74.34012943593653,74.94774627685547,60117100,0.0,0.0,0.0
2004-01-30,74.974159799707,75.10625260809174,74.6901665602116,74.94774627685547,30984400,0.0,0.0,0.0
2004-02-02,75.09306872435901,75.7403111289988,74.71001203470209,75.27139282226562,38832400,0.0,0.0,0.0
2004-02-03,75.11942495628513,75.3836054132045,74.92129339271293,75.14584350585938,25093500,0.0,0.0,0.0
2004-02-04,74.75622489982469,75.11286796914673,74.49204428860546,74.53166961669922,39332600,0.0,0.0,0.0
2004-02-05,74.7430202580775,74.9873882286596,74.48544552314098,74.74962615966797,37226800,0.0,0.0,0.0
2004-02-06,74.90811730661294,75.7534911406794,74.76281773410298,75.58837890625,37216000,0.0,0.0,0.0
2004-02-09,75.73367430870336,75.86576711226887,75.48270554016672,75.60819244384766,24851300,0.0,0.0,0.0
2004-02-10,75.47609865399086,76.0440851048373,75.4628918932195,75.85255432128906,27908100,0.0,0.0,0.0
2004-02-11,75.8525614059342,76.8696534003808,75.40345591538409,76.65830993652344,42965700,0.0,0.0,0.0
2004-02-12,76.59224856698631,76.79038018479045,76.33467393666378,76.38090515136719,27814700,0.0,0.0,0.0
2004-02-13,76.4932022628879,76.74417106656284,75.78652204105161,76.03749084472656,44739900,0.0,0.0,0.0
2004-02-17,76.51302934746612,76.89609104539946,76.46019220868355,76.72437286376953,23984300,0.0,0.0,0.0
2004-02-18,76.74420378734675,77.00838450527718,76.18282291101214,76.38756561279297,28618000,0.0,0.0,0.0
2004-02-19,76.8300467910265,76.86967212551932,75.99127359286491,76.10355377197266,51146200,0.0,0.0,0.0
2004-02-20,76.26866423788648,76.32149633634546,75.50254086372374,75.87239074707031,46728800,0.0,0.0,0.0
2004-02-23,76.09692558420127,76.12334414573516,75.40345220070645,75.68083953857422,36357000,0.0,0.0,0.0
2004-02-24,75.46951138917025,75.9450355155584,74.65055597084978,75.54876708984375,43953000,0.0,0.0,0.0
2004-02-25,75.59498956187716,75.99125794167028,75.5025271078863,75.86577606201172,31213600,0.0,0.0,0.0
2004-02-26,75.69407602703849,76.14318164194357,75.5157519382291,75.91202545166016,29683000,0.0,0.0,0.0
2004-02-27,76.07710863110239,76.44035249434499,75.70725382931752,75.96482849121094,39312000,0.0,0.0,0.0
2004-03-01,76.23565851792131,76.83666472617998,76.1167774492024,76.71778869628906,33130800,0.0,0.0,0.0
2004-03-02,76.57246746926633,77.25272921120438,76.10354923005491,76.26866149902344,38556400,0.0,0.0,0.0
2004-03-03,76.11677225311468,76.52625258159962,75.89882280220361,76.4073715209961,31346200,0.0,0.0,0.0
2004-03-04,76.42715737048108,76.67812617086967,76.29506455015087,76.60547637939453,21060000,0.0,0.0,0.0
2004-03-05,76.22901436997407,77.23950042770512,76.13655192278465,76.86304473876953,55905600,0.0,0.0,0.0
2004-03-08,76.83666536761764,77.02159539514595,75.89222775230235,75.92524719238281,39281600,0.0,0.0,0.0
2004-03-09,76.01769026548665,76.0903400694621,75.44970363740225,75.62142181396484,39746100,0.0,0.0,0.0
2004-03-10,75.76673929770676,75.79975873714164,74.34016648906214,74.35337829589844,67671800,0.0,0.0,0.0
2004-03-11,74.2344653685998,74.80905274867948,73.37587969053315,73.38909149169922,89134800,0.0,0.0,0.0
2004-03-12,73.791997437226,74.43923488502267,73.69292904126547,74.35337829589844,54012200,0.0,0.0,0.0
2004-03-15,74.14862066618792,74.20145780523526,73.24380859443002,73.44194030761719,57677200,0.0,0.0,0.0
2004-03-16,73.82500573087997,74.00993068804556,73.20418191282934,73.83161163330078,59832600,0.0,0.0,0.0
2004-03-17,74.08917890844224,74.80246513294553,74.03634177207311,74.65716552734375,41607300,0.0,0.0,0.0
2004-03-18,74.43260348107482,74.80905922568917,73.9240599463182,74.67697143554688,60014300,0.0,0.0,0.0
2004-03-19,74.50134142847676,74.6073810928497,73.59335246792251,73.60660552978516,48636200,0.395,0.0,0.0
2004-03-22,73.26197906565518,73.28186118907331,72.30759668965524,72.672119140625,62752100,0.0,0.0,0.0
2004-03-23,73.06978050539826,73.16919618405083,72.47992055028216,72.54619598388672,54080200,0.0,0.0,0.0
2004-03-24,72.62575523937839,72.99690184410088,72.1419347955138,72.60587310791016,51584300,0.0,0.0,0.0
2004-03-25,72.95712184981939,73.76569539846786,72.76491952624785,73.56686401367188,49873600,0.0,0.0,0.0
2004-03-26,73.5403300264327,74.0904256382021,73.43429036217665,73.58672332763672,37409500,0.0,0.0,0.0
2004-03-29,73.98437525065897,74.72004401089623,73.95124007033156,74.6206283569336,44113600,0.0,0.0,0.0
2004-03-30,74.42843144114129,74.93875771719635,74.37540908463185,74.87248229980469,39059900,0.0,0.0,0.0
2004-03-31,74.88574419696023,75.15748001376728,74.48145752972927,74.95864868164062,48517600,0.0,0.0,0.0
2004-04-01,74.93871708783425,75.4689302524835,74.92546403413738,75.4092788696289,45103800,0.0,0.0,0.0
2004-04-02,76.09197781450196,76.1118599371155,75.48886485043032,75.97930908203125,50987700,0.0,0.0,0.0
2004-04-05,75.86002818860987,76.46977034821057,75.84677512274557,76.39686584472656,30251800,0.0,0.0,0.0
2004-04-06,76.10524090834761,76.33720744815251,75.96606098446468,76.1516342163086,28420900,0.0,0.0,0.0
2004-04-07,76.18477118843748,76.20465836930771,75.62805147986596,75.97268676757812,45890500,0.0,0.0,0.0
2004-04-08,76.48959868025922,76.48959868025922,75.3827789137275,75.80032348632812,46929700,0.0,0.0,0.0
2004-04-12,75.93954026709423,76.27092244135473,75.93291120779162,76.09860229492188,23085200,0.0,0.0,0.0
2004-04-13,76.39022418322216,76.41673536531512,74.90562832496246,75.03155517578125,56210300,0.0,0.0,0.0
2004-04-14,74.63389301058021,75.31653947429051,74.59412876810875,75.15084838867188,62322300,0.0,0.0,0.0
2004-04-15,75.19061309936902,75.40932654730534,74.46820238868867,74.86585998535156,61602500,0.0,0.0,0.0
2004-04-16,75.14421214694461,75.58826805689141,74.87911048048643,75.44245910644531,47059200,0.0,0.0,0.0
2004-04-19,75.25688591732852,75.54849876173056,75.07130767172156,75.44245910644531,28277600,0.0,0.0,0.0
2004-04-20,75.608140157977,75.76720214807388,74.08378049537275,74.17656707763672,53299400,0.0,0.0,0.0
2004-04-21,74.36216781326752,74.85924114104736,74.14345939197783,74.67366790771484,50177300,0.0,0.0,0.0
2004-04-22,74.54773454843354,75.99918500216641,74.52122336828214,75.7208251953125,62071500,0.0,0.0,0.0
2004-04-23,75.83349593249096,75.93291159657626,75.41595621112153,75.79373168945312,29395700,0.0,0.0,0.0
2004-04-26,75.88654502124538,76.17816305687188,75.29005588314234,75.68771362304688,35515200,0.0,0.0,0.0
2004-04-27,75.70756635815849,76.29742616618098,75.5286171699102,75.75395965576172,43485500,0.0,0.0,0.0
2004-04-28,75.4822289178232,75.56176245752657,74.56098690634407,74.7730712890625,50165800,0.0,0.0,0.0
2004-04-29,74.70681864546174,75.10447635224222,73.67290759653406,74.11695861816406,69687600,0.0,0.0,0.0
2004-04-30,74.342280919474,74.48146083554377,73.5005723632928,73.54033660888672,48681400,0.0,0.0,0.0
2004-05-03,73.81206986786822,74.42181187603734,73.79881174880448,74.32902526855469,33758000,0.0,0.0,0.0
2004-05-04,74.39530551892683,75.06469899331111,74.00427694153333,74.26937866210938,51185100,0.0,0.0,0.0
2004-05-05,74.50136239410372,74.86587984754809,74.33567126349482,74.74658203125,34405000,0.0,0.0,0.0
2004-05-06,74.2428480968059,74.62062351214448,73.56683079543313,74.10366821289062,54997000,0.0,0.0,0.0
2004-05-07,73.71264792934791,74.3820413033698,72.8775634765625,72.8775634765625,60950000,0.0,0.0,0.0
2004-05-10,72.53290282796948,72.73835807552786,71.81711640510404,72.12861633300781,75279400,0.0,0.0,0.0
2004-05-11,72.54621622846875,72.93724999189216,72.46005864638903,72.73841857910156,48300600,0.0,0.0,0.0
2004-05-12,72.61907794097851,73.2619600660609,71.61830251771141,73.20230865478516,90830500,0.0,0.0,0.0
2004-05-13,72.74502794459426,73.44092758795168,72.6588653293513,72.8974609375,57393700,0.0,0.0,0.0
2004-05-14,72.87092110293497,73.39450542293945,72.42024124878489,72.93057250976562,54123100,0.0,0.0,0.0
2004-05-17,72.16841438349928,72.57270106794043,71.8502903063433,72.3075942993164,55020400,0.0,0.0,0.0
2004-05-18,72.56607440707336,72.86432142781894,72.46003473001292,72.672119140625,30193100,0.0,0.0,0.0
2004-05-19,73.23545993548355,73.6861398911923,72.34072908331649,72.42025756835938,54804100,0.0,0.0,0.0
2004-05-20,72.53954790995249,72.8179127485147,72.26781718645076,72.6522216796875,38082900,0.0,0.0,0.0
2004-05-21,72.88421247113925,73.26861709257233,72.55283022297111,72.77816772460938,47480400,0.0,0.0,0.0
2004-05-24,73.25532027694973,73.40775825544449,72.69197176392755,73.08300018310547,40961500,0.0,0.0,0.0
2004-05-25,72.83779959023211,74.21635058581151,72.63896827215203,74.13018798828125,48668000,0.0,0.0,0.0
2004-05-26,74.00428756119574,74.42182738186231,73.9048718734679,74.38868713378906,35977000,0.0,0.0,0.0
2004-05-27,74.58749993167854,74.9122530446438,74.26937082148453,74.80621337890625,45306900,0.0,0.0,0.0
2004-05-28,74.71341827102842,74.81282886618874,74.46819367115606,74.79957580566406,23367200,0.0,0.0,0.0
2004-06-01,74.53445087995824,74.79955753410408,74.14342248387197,74.70014190673828,41044700,0.0,0.0,0.0
2004-06-02,74.91223259055404,75.21047949801937,74.53445721962271,74.97850799560547,39774200,0.0,0.0,0.0
2004-06-03,74.76644437378513,75.01829806182205,74.27600017277797,74.28925323486328,38688300,0.0,0.0,0.0
2004-06-04,74.87909698486328,75.27675446937005,74.70014783011723,74.87909698486328,32739500,0.0,0.0,0.0
2004-06-07,75.17736493615075,76.09197797372433,75.17073587643536,76.01907348632812,31643800,0.0,0.0,0.0
2004-06-08,75.80039930607813,76.1649168511553,75.66784333437376,76.12515258789062,32846500,0.0,0.0,0.0
2004-06-09,75.89314572200209,76.01906750774509,75.36956128846671,75.41595458984375,36737600,0.0,0.0,0.0
2004-06-10,75.5816388082753,75.78709411621094,75.50873433323552,75.78709411621094,21711000,0.0,0.0,0.0
2004-06-14,75.43584274272705,75.4557248654083,74.80621859419591,75.0381851196289,34633000,0.0,0.0,0.0
2004-06-15,75.488838541657,75.85335579434553,75.23036092478159,75.56836700439453,37445000,0.0,0.0,0.0
2004-06-16,75.55511474609375,75.68766555638592,75.3562834741662,75.55511474609375,26633400,0.0,0.0,0.0
2004-06-17,75.45571216717215,75.60152111761825,75.11107696688242,75.44245910644531,28402400,0.0,0.0,0.0
2004-06-18,75.34536467054276,75.97729230771115,75.28550056620497,75.58483123779297,31799800,0.414,0.0,0.0
2004-06-21,75.66467369510055,75.92409502748768,75.25225782248344,75.29882049560547,25284000,0.0,0.0,0.0
2004-06-22,75.25223083220614,75.75111861170222,74.94624693644242,75.67794799804688,37334000,0.0,0.0,0.0
2004-06-23,75.57152492856538,76.38969808485773,75.44513839428072,76.329833984375,35580000,0.0,0.0,0.0
2004-06-24,76.20343491838211,76.44955468810684,76.00388287464033,76.0903549194336,35272100,0.0,0.0,0.0
2004-06-25,76.1036544397366,76.45620091873343,75.61806820219047,75.72449493408203,32837900,0.0,0.0,0.0
2004-06-28,76.17685734271586,76.23672653217741,75.43850788899276,75.4651107788086,40824500,0.0,0.0,0.0
2004-06-29,75.5182887784521,75.94400585098957,75.44511818083338,75.7777099609375,28418100,0.0,0.0,0.0
2004-06-30,75.87747265612857,76.356405531402,75.59809683720134,76.18345642089844,52230600,0.0,0.0,0.0
2004-07-01,75.99724358236476,76.09702216004482,74.88638793573509,75.1258544921875,57734700,0.0,0.0,0.0
2004-07-02,75.27218555875119,75.35865760775027,74.89967925740832,75.08592987060547,34615100,0.0,0.0,0.0
2004-07-06,74.74668140659203,74.79989223652633,74.25444189885253,74.4273910522461,38698200,0.0,0.0,0.0
2004-07-07,74.37417628123046,74.87971723542371,74.33426688943429,74.64690399169922,29839800,0.0,0.0,0.0
2004-07-08,74.37417406253891,74.71341910753048,73.96841167488869,74.12805938720703,45291100,0.0,0.0,0.0
2004-07-09,74.31434588554268,74.46068715507306,74.08818072128199,74.32099914550781,27412900,0.0,0.0,0.0
2004-07-12,74.18129121764635,74.52718961731459,73.83539789292747,74.35424041748047,35691300,0.0,0.0,0.0
2004-07-13,74.44731904484166,74.51383636461193,74.23446057660912,74.40740966796875,26752000,0.0,0.0,0.0
2004-07-14,74.00835316317588,74.76000905207276,73.91522783446122,74.1812973022461,54089400,0.0,0.0,0.0
2004-07-15,74.32760825672231,74.44069331687938,73.63581675758346,73.70233917236328,38403500,0.0,0.0,0.0
2004-07-16,74.21454495835262,74.28106231314088,73.46288920684245,73.64248657226562,40871200,0.0,0.0,0.0
2004-07-19,73.66910967856954,73.80879767483513,73.16356854331076,73.32986450195312,39592800,0.0,0.0,0.0
2004-07-20,73.52272386595635,74.43402699402097,73.3364733171424,74.26107788085938,46679800,0.0,0.0,0.0
2004-07-21,74.38084105922889,74.54048372608915,72.8043538647685,72.89083099365234,56241100,0.0,0.0,0.0
2004-07-22,72.74449972835602,73.4296382205158,72.3520386530235,73.09039306640625,72477100,0.0,0.0,0.0
2004-07-23,72.91747850554917,72.97734263498994,72.29885712656984,72.47845458984375,49610500,0.0,0.0,0.0
2004-07-26,72.63143530121908,72.79107802422536,71.97955281360493,72.33875274658203,49679100,0.0,0.0,0.0
2004-07-27,72.53825359955793,73.24334639706746,72.48503770825053,73.01718139648438,51295100,0.0,0.0,0.0
2004-07-28,72.87086167842968,73.4163119995005,72.23228098917558,73.23670959472656,65862300,0.0,0.0,0.0
2004-07-29,73.52936934680244,73.74888107395797,73.17016972280602,73.54932403564453,52200500,0.0,0.0,0.0
2004-07-30,73.38306484234202,73.76887260244628,73.23672361782324,73.72895812988281,41581700,0.0,0.0,0.0
2004-08-02,73.29653759035784,74.07480070743466,73.20341234942276,73.88189697265625,38263100,0.0,0.0,0.0
2004-08-03,73.78878539930021,73.87525740334391,73.27659647928668,73.30985260009766,40948800,0.0,0.0,0.0
2004-08-04,73.09704021063085,73.66909862855051,72.9307442769321,73.3032455444336,40763200,0.0,0.0,0.0
2004-08-05,73.36313904203332,73.42300316203638,72.01946461029988,72.10594177246094,50772000,0.0,0.0,0.0
2004-08-06,71.59373270421516,71.81324458275589,70.92190070012356,71.07489013671875,74729000,0.0,0.0,0.0
2004-08-09,71.18798406320302,71.49397314601866,71.08821053070966,71.1746826171875,37476300,0.0,0.0,0.0
2004-08-10,71.38085925444707,72.11256536422691,71.34760311533356,72.09260559082031,55870600,0.0,0.0,0.0
2004-08-11,71.62696819311809,72.05933853568548,71.241160498215,71.94625854492188,52933200,0.0,0.0,0.0
2004-08-12,71.62696526375244,71.80656259027026,70.92852050240454,71.16133880615234,50015900,0.0,0.0,0.0
2004-08-13,71.24117910192159,71.40747504056984,70.90193396609335,71.3010482788086,41634700,0.0,0.0,0.0
2004-08-16,71.26779774516858,72.26557352663906,71.24118978200202,72.03941345214844,45731900,0.0,0.0,0.0
2004-08-17,72.33872046490619,72.69126698023766,72.19237925289347,72.44515228271484,40701600,0.0,0.0,0.0
2004-08-18,72.18571878815115,73.2832726937126,72.1657640930415,73.19014739990234,43165400,0.0,0.0,0.0
2004-08-19,73.04380463306605,73.18349257078007,72.62474081992393,72.97728729248047,39881600,0.0,0.0,0.0
2004-08-20,72.9107751327295,73.58926017483003,72.84425778741739,73.48948669433594,44870900,0.0,0.0,0.0
2004-08-23,73.53606391157118,73.6824000702688,73.20347204417365,73.3032455444336,33745100,0.0,0.0,0.0
2004-08-24,73.59589605686202,73.65576520597233,73.07040052554683,73.40299224853516,30453100,0.0,0.0,0.0
2004-08-25,73.389704499774,74.01497360464084,73.10367536166171,73.90189361572266,38551400,0.0,0.0,0.0
2004-08-26,73.8087683219138,74.04158155643593,73.7355977232143,73.90189361572266,26629500,0.0,0.0,0.0
2004-08-27,73.9684467638088,74.25447604037991,73.8686732399645,74.1347427368164,24902900,0.0,0.0,0.0
2004-08-30,73.98173689167719,74.06155569306738,73.46954256632712,73.52275848388672,26726500,0.0,0.0,0.0
2004-08-31,73.60923106992864,73.94182292169963,73.2367247449799,73.90856170654297,44125300,0.0,0.0,0.0
2004-09-01,73.80213610236065,74.2611145204978,73.4895039982861,74.04825592041016,52778300,0.0,0.0,0.0
2004-09-02,73.99504178762652,74.96620949115122,73.99504178762652,74.88639068603516,42736600,0.0,0.0,0.0
2004-09-03,74.7201018154855,75.0460404754465,74.50724319010997,74.58041381835938,30480500,0.0,0.0,0.0
2004-09-07,74.85975043434773,75.25220625674304,74.71340925482838,75.0726089477539,37338800,0.0,0.0,0.0
2004-09-08,74.91299864605699,75.20567605639835,74.70678822462507,74.88639068603516,32963100,0.0,0.0,0.0
2004-09-09,74.87968828329791,75.08589349444664,74.5204886711721,74.81982421875,34314800,0.0,0.0,0.0
2004-09-10,74.8464885693702,75.34537648353445,74.55381111069337,75.2056884765625,27900600,0.0,0.0,0.0
2004-09-13,75.37193549697282,75.65796458499419,75.17238350587813,75.4517593383789,44398100,0.0,0.0,0.0
2004-09-14,75.36526232885491,75.6246833837292,75.29209176722931,75.60472869873047,28048900,0.0,0.0,0.0
2004-09-15,75.36532198229332,75.40523138388004,74.95290622441628,75.03273010253906,38295000,0.0,0.0,0.0
2004-09-16,75.06599196008686,75.41189038333509,75.03273581454935,75.25889587402344,23911700,0.0,0.0,0.0
2004-09-17,75.44523334575136,75.71909631871478,75.27156936375196,75.57882690429688,33683000,0.469,0.0,0.0
2004-09-20,75.25819934895382,75.47194392351727,74.9976983079569,75.1246109008789,37149400,0.0,0.0,0.0
2004-09-21,75.3116349010492,75.79256145592196,75.17136550522339,75.451904296875,40920800,0.0,0.0,0.0
2004-09-22,75.14469260893277,75.15804942312332,74.45670201641865,74.51013946533203,49042100,0.0,0.0,0.0
2004-09-23,74.54349170188215,74.61028592704135,74.10932159423828,74.10932159423828,44068700,0.0,0.0,0.0
2004-09-24,74.2562900807261,74.63034700589377,74.22957136492313,74.44999694824219,34981100,0.0,0.0,0.0
2004-09-27,74.20951322498563,74.27630744811513,73.86218020706868,73.9757308959961,39355100,0.0,0.0,0.0
2004-09-28,74.08262611662768,74.48339666176513,73.74864981300081,74.32976531982422,41662900,0.0,0.0,0.0
2004-09-29,74.28301095494466,74.7105002280657,74.14274151495877,74.70381927490234,33325700,0.0,0.0,0.0
2004-09-30,74.51009071785079,74.7973104477551,74.3163839143272,74.65036010742188,43536700,0.0,0.0,0.0
2004-10-01,74.98435760637113,75.91281127929688,74.95095793914265,75.91281127929688,62824300,0.0,0.0,0.0
2004-10-04,76.21338772418426,76.44049424945158,76.01300500949702,76.03971862792969,33082400,0.0,0.0,0.0
2004-10-05,76.04638091965778,76.25344963225145,75.83931730313658,76.07978057861328,36910600,0.0,0.0,0.0
2004-10-06,75.99293758004748,76.60077667236328,75.93282431390043,76.60077667236328,42297800,0.0,0.0,0.0
2004-10-07,76.40044747186738,76.4138093830762,75.71913778642107,75.77925109863281,39388800,0.0,0.0,0.0
2004-10-08,75.57881818641653,75.99294542995582,75.04445420601876,75.15132904052734,51872600,0.0,0.0,0.0
2004-10-11,75.33169028579762,75.49199747624297,75.23817733336502,75.45860290527344,20229100,0.0,0.0,0.0
2004-10-12,74.9442930076773,75.36510648199092,74.7706289699707,75.16471862792969,41754700,0.0,0.0,0.0
2004-10-13,75.47863567767237,75.52539215079791,74.35647522658617,74.50342559814453,54212600,0.0,0.0,0.0
2004-10-14,74.59693869826218,74.76392683063686,73.86219193502824,73.90226745605469,64082200,0.0,0.0,0.0
2004-10-15,74.15609395996091,74.63702063793053,73.8555173342668,74.31640625,63482200,0.0,0.0,0.0
2004-10-18,74.06924082348043,74.7438741706934,73.94232823743091,74.596923828125,43535100,0.0,0.0,0.0
2004-10-19,74.82404124045472,74.96431575830924,73.86886890502547,73.96906280517578,55851900,0.0,0.0,0.0
2004-10-20,73.72861532794792,74.02251613926357,73.3078069721706,73.82212829589844,57118500,0.0,0.0,0.0
2004-10-21,74.00247814154191,74.35649224710966,73.61506436349343,74.30305480957031,53218300,0.0,0.0,0.0
2004-10-22,74.26964764042587,74.30972316374815,73.38126950224203,73.46810150146484,48752400,0.0,0.0,0.0
2004-10-25,73.30779617030231,73.55494046122611,73.04061411720946,73.38127136230469,43990900,0.0,0.0,0.0
2004-10-26,73.56161008737871,74.5435011190883,73.39462195534846,74.50342559814453,54337400,0.0,0.0,0.0
2004-10-27,74.39656196254305,75.54544129947232,74.2228979482252,75.39849090576172,73896000,0.0,0.0,0.0
2004-10-28,75.33167151527701,75.85267357646072,75.13796470605469,75.62557220458984,54413300,0.0,0.0,0.0
2004-10-29,75.55881893332774,75.90615213033459,75.41186850902959,75.61225128173828,48820200,0.0,0.0,0.0
2004-11-01,75.85270762695588,76.039733569176,75.61224424522294,75.8193130493164,36720900,0.0,0.0,0.0
2004-11-02,75.92613642680448,76.52729451371366,75.62555993138568,75.84598541259766,56210000,0.0,0.0,0.0
2004-11-03,76.83458781011561,77.0550133941784,76.30690463739282,76.80119323730469,76960200,0.0,0.0,0.0
2004-11-04,76.66757492510517,77.93000454137392,76.60078070495696,77.849853515625,55350300,0.0,0.0,0.0
2004-11-05,78.18383716752385,78.57792667122663,77.80978032609615,78.33746337890625,63287200,0.0,0.0,0.0
2004-11-08,78.13709073347634,78.30407886924999,77.96342164537118,78.22392272949219,33863800,0.0,0.0,0.0
2004-11-09,78.20385260521584,78.48439133416169,77.99010808372311,78.07025909423828,44658100,0.0,0.0,0.0
2004-11-10,78.19053015833465,78.51783060332072,77.99014743486913,78.13041687011719,45265400,0.0,0.0,0.0
2004-11-11,78.2706988740912,78.89857605313716,78.21726143415648,78.72490692138672,37863200,0.0,0.0,0.0
2004-11-12,78.79837128037313,79.48636166258501,78.60466440933038,79.3460922241211,55583700,0.0,0.0,0.0
2004-11-15,79.38695188507984,79.56783129868529,79.20607247147439,79.5410385131836,35297900,0.351,0.0,0.0
2004-11-16,79.29316542782165,79.32666407799469,78.87111003599382,78.97159576416016,40028700,0.0,0.0,0.0
2004-11-17,79.29983616287835,79.81568144651712,79.09885456027004,79.44052124023438,54494000,0.0,0.0,0.0
2004-11-18,79.4070291444525,79.58791362393649,79.2060526364618,79.54771423339844,31854300,0.0,0.0,0.0
2004-11-19,79.52091842880456,79.53431992972698,78.47582624855657,78.66340637207031,54276500,0.0,0.0,0.0
2004-11-22,78.49594101418555,79.13237956035549,78.40215093136912,79.03858947753906,37560200,0.0,0.0,0.0
2004-11-23,79.0051158986329,79.22619478307085,78.62995544832202,79.1592025756836,41968800,0.0,0.0,0.0
2004-11-24,79.2328484082003,79.4472264248599,79.08546767457659,79.34674072265625,29724800,0.0,0.0,0.0
2004-11-26,79.39364482323217,79.70851368923805,79.25295971290147,79.28645324707031,15487700,0.0,0.0,0.0
2004-11-29,79.58123357299971,79.72861945056671,78.70362417080227,78.92469787597656,61460800,0.0,0.0,0.0
2004-11-30,79.05197967548443,79.21276193183077,78.81080373537702,78.97828674316406,53685200,0.0,0.0,0.0
2004-12-01,79.15914212797361,80.0568482660453,79.11894274529617,79.87596893310547,49898300,0.0,0.0,0.0
2004-12-02,79.78889131347472,80.30474175842369,79.72859989353717,79.94297790527344,60163500,0.0,0.0,0.0
2004-12-03,79.92961385445494,80.48565883988971,79.78222794398525,79.88941955566406,49067900,0.0,0.0,0.0
2004-12-06,79.86261749267578,80.15068854508517,79.61474073696353,79.86261749267578,33030500,0.0,0.0,0.0
2004-12-07,80.0501547460031,80.13724915702437,79.07875561500343,79.11894989013672,52047200,0.0,0.0,0.0
2004-12-08,79.19266834139458,79.60132730762213,79.05868397362451,79.58123016357422,43895100,0.0,0.0,0.0
2004-12-09,79.1457902382399,80.03010054381666,78.87112069218095,79.86261749267578,60922800,0.0,0.0,0.0
2004-12-10,79.66830336242464,80.09705938589717,79.62140833208154,79.94297790527344,47828600,0.0,0.0,0.0
2004-12-13,80.23106576174898,80.65982187566381,79.95639116096001,80.63972473144531,38541000,0.0,0.0,0.0
2004-12-14,80.51243782282535,81.03498402902065,80.51243782282535,80.92109680175781,41500700,0.0,0.0,0.0
2004-12-15,80.86078106795826,81.13545560977373,80.5995080268618,80.98136901855469,46699200,0.0,0.0,0.0
2004-12-16,80.87421020763372,81.22257267775773,80.41865613982438,80.93450164794922,51641800,0.0,0.0,0.0
2004-12-17,80.40815114508861,80.75143198527462,80.20622516610744,80.39469146728516,70761900,0.568,0.0,0.0
2004-12-20,80.60332219353616,80.96679499336125,80.21292491202182,80.41485595703125,47187400,0.0,0.0,0.0
2004-12-21,80.50233369822172,81.09466185571384,80.4081006068604,81.0340805053711,33094200,0.0,0.0,0.0
2004-12-22,81.02740085137421,81.49857175022848,80.97355700362883,81.22933197021484,31500700,0.0,0.0,0.0
2004-12-23,81.35720025309344,81.63316723066099,81.21585056185343,81.28988647460938,25646100,0.0,0.0,0.0
2004-12-27,81.5793261856408,81.68702413341956,81.03411944714301,81.12162017822266,29944100,0.0,0.0,0.0
2004-12-28,81.20239170089164,81.66683010279078,81.1754672145896,81.56586456298828,23422900,0.0,0.0,0.0
2004-12-29,81.49856830947732,81.7139590973304,81.4110624318573,81.6870346069336,22650600,0.0,0.0,0.0
2004-12-30,81.71393501771485,81.8283602166912,81.47161981087085,81.53219604492188,21076900,0.0,0.0,0.0
2004-12-31,81.6466400678019,81.88895531527162,81.31009168357406,81.35720825195312,28648800,0.0,0.0,0.0
2005-01-03,81.8216240506206,81.95624645674484,80.70428632404779,80.97352600097656,55748000,0.0,0.0,0.0
2005-01-04,81.08119996011075,81.13504891005446,79.7215473536022,79.98405456542969,69167600,0.0,0.0,0.0
2005-01-05,79.9235095640253,80.26679035690063,79.42541938879894,79.4321517944336,65667300,0.0,0.0,0.0
2005-01-06,79.7215733307295,80.19947136273552,79.60041572153641,79.83599853515625,47814700,0.0,0.0,0.0
2005-01-07,80.07829796968501,80.2533045118737,79.51289419312128,79.7215576171875,55847700,0.0,0.0,0.0
2005-01-10,79.65427961030255,80.40814993902748,79.65427961030255,80.09852600097656,56563300,0.0,0.0,0.0
2005-01-11,79.85618603716705,79.92349467501204,79.41867218819482,79.54656219482422,63099700,0.0,0.0,0.0
2005-01-12,79.69466443383824,79.99082354231797,79.10233594623638,79.80908966064453,72720500,0.0,0.0,0.0
2005-01-13,79.85616521332378,79.91674656631056,79.08883564428133,79.16960906982422,55537500,0.0,0.0,0.0
2005-01-14,79.40518030051493,79.7821126277834,79.26383067778924,79.5869140625,42032500,0.0,0.0,0.0
2005-01-18,79.45905996600219,80.51582147953596,79.39174619411918,80.41485595703125,57391700,0.0,0.0,0.0
2005-01-19,80.38793265371399,80.4485088869129,79.56675392377404,79.573486328125,54378900,0.0,0.0,0.0
2005-01-20,79.35135919662747,79.56001750309456,78.94750225639585,79.08885192871094,72049300,0.0,0.0,0.0
2005-01-21,79.28407729224239,79.425427012212,78.51674730650944,78.604248046875,63160400,0.0,0.0,0.0
2005-01-24,78.8128924532477,78.9811666331909,78.32826712868041,78.44942474365234,58441900,0.0,0.0,0.0
2005-01-25,78.69172888966361,79.06866135634195,78.56383888761786,78.6715316772461,68245000,0.0,0.0,0.0
2005-01-26,78.96770361763419,79.15616986954632,78.77923736572207,78.9071273803711,57195100,0.0,0.0,0.0
2005-01-27,78.88020627194048,79.2571387918945,78.73885657695772,79.041748046875,55878800,0.0,0.0,0.0
2005-01-28,79.08213220677852,79.12252150200248,78.489808941805,79.041748046875,60738900,0.0,0.0,0.0
2005-01-31,79.39177958829333,79.59371071824006,79.23023776552913,79.53313446044922,52532700,0.0,0.0,0.0
2005-02-01,79.5936567017662,80.15232799819583,79.49269120531336,80.03790283203125,49841200,0.0,0.0,0.0
2005-02-02,80.13886276219732,80.49560306380283,80.031169999127,80.28021240234375,52468900,0.0,0.0,0.0
2005-02-03,80.13889525501118,80.20620903645617,79.80907929427693,80.07158660888672,48837100,0.0,0.0,0.0
2005-02-04,80.09851843292253,81.06104705311755,80.0850587565927,80.92642974853516,50024600,0.0,0.0,0.0
2005-02-07,80.93986792321552,81.12160174965632,80.74466928870079,80.81871032714844,45412000,0.0,0.0,0.0
2005-02-08,80.88603937956277,81.20912809573858,80.81873072816141,80.9129638671875,39263500,0.0,0.0,0.0
2005-02-09,81.05430481425483,81.10142137867486,80.26678289381131,80.30716705322266,55279400,0.0,0.0,0.0
2005-02-10,80.54275193210985,80.78506201463665,80.27351223057764,80.59659576416016,45858600,0.0,0.0,0.0
2005-02-11,80.5696732085844,81.47162546000388,80.4081314379273,81.28988647460938,53133000,0.0,0.0,0.0
2005-02-14,81.23606437692865,81.3504896144549,81.09471464786887,81.22933197021484,32432100,0.0,0.0,0.0
2005-02-15,81.31007805141482,81.73412709573185,81.22930460402684,81.53219604492188,43852700,0.0,0.0,0.0
2005-02-16,81.39759329475869,81.75433376424564,81.22258669517838,81.5860595703125,55523000,0.0,0.0,0.0
2005-02-17,81.59952654208912,81.66683519438033,80.91969734270974,80.92642974853516,58124000,0.0,0.0,0.0
2005-02-18,80.93311501167872,81.09466185571384,80.70426468560646,81.0340805053711,47723300,0.0,0.0,0.0
2005-02-22,80.70431261926039,81.08797761491135,79.81582499063072,79.82928466796875,80697600,0.0,0.0,0.0
2005-02-23,80.05138208903338,80.48216351967352,79.84272377787575,80.4013900756836,68292600,0.0,0.0,0.0
2005-02-24,80.2600393676969,80.98698494829534,80.08503794428294,80.93313598632812,68563600,0.0,0.0,0.0
2005-02-25,80.95335135098813,81.89568791521658,80.89277510283887,81.73414611816406,60899900,0.0,0.0,0.0
2005-02-28,81.54568431895552,81.6466498734138,80.79854640541417,81.19567108154297,69381300,0.0,0.0,0.0
2005-03-01,81.32353049426177,81.7946960571657,81.29660601419305,81.59950256347656,47294400,0.0,0.0,0.0
2005-03-02,81.2831608245511,82.0706827494309,81.20911977499964,81.55912780761719,64226500,0.0,0.0,0.0
2005-03-03,81.88896822318476,82.05051003518766,81.24279070452998,81.59280395507812,61230800,0.0,0.0,0.0
2005-03-04,82.15146299642224,82.67647765641769,81.97645639798348,82.60916900634766,56168500,0.0,0.0,0.0
2005-03-07,82.56205066192467,82.95917528352064,82.38704406725016,82.64955139160156,43442400,0.0,0.0,0.0
2005-03-08,82.56879340740079,82.7909166112741,82.19186079621338,82.3399429321289,44362000,0.0,0.0,0.0
2005-03-09,82.09760382888267,82.31299456355606,81.41777473634593,81.42450714111328,73263600,0.0,0.0,0.0
2005-03-10,81.57929958189422,81.78123060046747,81.04082542456409,81.6062240600586,65149000,0.0,0.0,0.0
2005-03-11,81.65332800155073,81.92930000862198,80.87927119898534,81.0340805053711,57976500,0.0,0.0,0.0
2005-03-14,81.18216199137603,81.55236708728515,80.96003893383056,81.53890228271484,36336400,0.0,0.0,0.0
2005-03-15,81.72736149779789,81.7542859693252,80.82541481056327,80.86579895019531,62438500,0.0,0.0,0.0
2005-03-16,80.56966000379632,80.87928895518023,80.0311858114179,80.17926788330078,74874200,0.0,0.0,0.0
2005-03-17,80.30714817190109,80.59657989538056,80.08503021204132,80.34080505371094,62584200,0.0,0.0,0.0
2005-03-18,80.487466874866,80.7712767022295,79.83875648853862,80.102294921875,60232000,0.467,0.0,0.0
2005-03-21,80.21714899041056,80.26445061615654,79.5751976187881,79.80494689941406,61244300,0.0,0.0,0.0
2005-03-22,79.98738050047227,80.36579341556251,78.9940414428711,78.9940414428711,92472400,0.0,0.0,0.0
2005-03-23,79.027871669889,79.54819488850558,78.89272559402336,79.06166076660156,70817300,0.0,0.0,0.0
2005-03-24,79.3725097270057,79.73065150797737,79.10221238960484,79.1562728881836,51932500,0.0,0.0,0.0
2005-03-28,79.34545766969956,79.69684565838992,79.27112579345703,79.27112579345703,46765500,0.0,0.0,0.0
2005-03-29,79.15625890841162,79.66982324322346,78.55485014554316,78.74405670166016,71160300,0.0,0.0,0.0
2005-03-30,78.91298617990873,79.87253659139017,78.90622733039362,79.85902404785156,62002100,0.0,0.0,0.0
2005-03-31,79.86575733398239,80.04820496855979,79.64952061813622,79.71033477783203,64575400,0.0,0.0,0.0
2005-04-01,80.16310528331843,80.40637231103337,79.00083578539233,79.35221862792969,95255300,0.0,0.0,0.0
2005-04-04,79.30493325100038,79.64280361926282,78.88597213837758,79.48738098144531,71581200,0.0,0.0,0.0
2005-04-05,79.58871996601184,79.99416325886108,79.51438809418217,79.86577606201172,46853900,0.0,0.0,0.0
2005-04-06,80.04149825825655,80.3793686690647,79.8590505048372,80.14286041259766,53268200,0.0,0.0,0.0
2005-04-07,80.01443380672444,80.58881219148876,79.95361448183672,80.5752944946289,46734600,0.0,0.0,0.0
2005-04-08,80.52795762356502,80.55498784996414,79.73734283447266,79.73734283447266,63772900,0.0,0.0,0.0
2005-04-11,79.93336136608518,80.02120579379363,79.62252128862606,79.79821014404297,44945000,0.0,0.0,0.0
2005-04-12,79.66304765416155,80.45366280702036,79.10894064675311,80.21039581298828,86144800,0.0,0.0,0.0
2005-04-13,80.11578779352877,80.27796921690566,79.14947872340987,79.26435852050781,65949000,0.0,0.0,0.0
2005-04-14,79.33195218109275,79.39952521400627,78.2304916381836,78.2304916381836,96119800,0.0,0.0,0.0
2005-04-15,78.21019753628264,78.52103752182904,77.10198362068571,77.13577270507812,128677300,0.0,0.0,0.0
2005-04-18,77.1155120165979,77.6831315936176,77.00739105593253,77.3722915649414,100035200,0.0,0.0,0.0
2005-04-19,77.77774529302893,78.068313969443,77.5952975917884,77.98722839355469,64930100,0.0,0.0,0.0
2005-04-20,77.96691967939036,78.13585476678715,76.73031875781805,76.89925384521484,107735900,0.0,0.0,0.0
2005-04-21,77.56827285710077,78.5278233802024,77.2912167051602,78.3926773071289,86952200,0.0,0.0,0.0
2005-04-22,78.21018101036066,78.72374508276378,77.21684194280715,78.09530639648438,88845800,0.0,0.0,0.0
2005-04-25,78.29129548525268,78.72376899691663,78.19669222679437,78.60889434814453,52284100,0.0,0.0,0.0
2005-04-26,78.35889367806368,78.9062420143387,77.81154534178866,77.84532928466797,72626000,0.0,0.0,0.0
2005-04-27,77.6155100879823,78.4331550091758,77.33170047675571,78.14934539794922,84131900,0.0,0.0,0.0
2005-04-28,77.8926208263894,78.16967696172536,77.1695785522461,77.1695785522461,72481500,0.0,0.0,0.0
2005-04-29,77.75747613375906,78.2980707141794,77.01416245230008,78.21697998046875,103993800,0.0,0.0,0.0
2005-05-02,78.43317816476183,78.6629325527425,78.06151892927372,78.65617370605469,56026400,0.0,0.0,0.0
2005-05-03,78.43320203784312,78.96027881915366,78.1764224959329,78.79134368896484,86000300,0.0,0.0,0.0
2005-05-04,78.82514239241607,79.56845602481923,78.57511651326129,79.39952087402344,81055700,0.0,0.0,0.0
2005-05-05,79.51440247898819,79.73739813481892,78.88596345696018,79.37249755859375,96906700,0.0,0.0,0.0
2005-05-06,79.690045740199,79.73058850434946,79.1021498825732,79.12242126464844,67415400,0.0,0.0,0.0
2005-05-09,79.20355101667799,79.79144716429164,79.09543520711756,79.61575317382812,43750500,0.0,0.0,0.0
2005-05-10,79.30490792827632,79.39951118874278,78.64943879826517,78.79134368896484,74613500,0.0,0.0,0.0
2005-05-11,79.0143304004861,79.33192923435547,78.284529482934,79.22380828857422,91647400,0.0,0.0,0.0
2005-05-12,79.27786275261168,79.46031039042589,78.35209655761719,78.35209655761719,95086800,0.0,0.0,0.0
2005-05-13,78.58861648979514,78.8048532278303,77.57500581360082,78.19668579101562,85267000,0.0,0.0,0.0
2005-05-16,78.18317968264859,78.9535234982916,78.15615459744292,78.92649841308594,49207000,0.0,0.0,0.0
2005-05-17,78.66293726738587,79.53463778924956,78.49400217849156,79.45355224609375,61071800,0.0,0.0,0.0
2005-05-18,79.79818071792242,80.467167420481,79.74412540453078,80.27120208740234,77944900,0.0,0.0,0.0
2005-05-19,80.4266246483105,80.69016816213568,80.21038791440783,80.60907745361328,61768100,0.0,0.0,0.0
2005-05-20,80.64284493677349,80.67663401397316,80.23740178782406,80.49418640136719,46345500,0.0,0.0,0.0
2005-05-23,80.55502131218816,81.11588714310211,80.54150877111981,80.94019317626953,51047900,0.0,0.0,0.0
2005-05-24,80.71042616331411,80.97396447793697,80.54824477316963,80.75096893310547,50654100,0.0,0.0,0.0
2005-05-25,80.64964523169319,81.00103325539753,80.29826236348082,80.69019317626953,47608800,0.0,0.0,0.0
2005-05-26,80.94696378352367,81.23077358660345,80.83208912353777,81.1226577758789,43256200,0.0,0.0,0.0
2005-05-27,81.12940489311012,81.25779724121094,80.95371607048806,81.25779724121094,24596100,0.0,0.0,0.0
2005-05-31,81.14291577960867,81.20372994645227,80.68341205999167,80.73747253417969,43377200,0.0,0.0,0.0
2005-06-01,80.76452206257736,81.71056002526373,80.71722042221765,81.42675018310547,69611000,0.0,0.0,0.0
2005-06-02,81.24431336335435,81.65651048146631,81.1564637655578,81.60245513916016,39704500,0.0,0.0,0.0
2005-06-03,81.46051327543755,81.6902625537055,80.9064063128902,81.19021606445312,60999400,0.0,0.0,0.0
2005-06-06,81.0550711768763,81.22400630242667,80.78477910038839,81.11589050292969,36046400,0.0,0.0,0.0
2005-06-07,81.35237544254937,81.93351252111769,81.09559598093361,81.17668151855469,66501300,0.0,0.0,0.0
2005-06-08,81.37942078264068,81.48753657137156,80.86585660857045,81.02803802490234,46881200,0.0,0.0,0.0
2005-06-09,80.91319429811004,81.48081919729748,80.71047517057305,81.41324615478516,56653300,0.0,0.0,0.0
2005-06-10,81.46728129935798,81.52810063138654,80.81857097217132,81.22401428222656,36465300,0.0,0.0,0.0
2005-06-13,81.04834604079873,81.81869007229618,80.960496445045,81.48081970214844,49383200,0.0,0.0,0.0
2005-06-14,81.39293448265394,81.89973981605898,81.34563285775575,81.66999053955078,33857100,0.0,0.0,0.0
2005-06-15,81.87270808269716,81.92676339569546,81.24426931411789,81.82540130615234,53195600,0.0,0.0,0.0
2005-06-16,81.80516522627757,82.19709605873945,81.71056194333742,82.03491973876953,46564500,0.0,0.0,0.0
2005-06-17,82.46098397944483,82.70523282212358,82.24387447220806,82.33885955810547,51529400,0.488,0.0,0.0
2005-06-20,82.14891063923108,82.66454261713181,82.05392552875986,82.36602020263672,41019400,0.0,0.0,0.0
2005-06-21,82.43382824007764,82.5355994336583,82.11494758246391,82.4134750366211,39879800,0.0,0.0,0.0
2005-06-22,82.55596274425834,82.73236582297494,82.1420969689801,82.48133087158203,46310100,0.0,0.0,0.0
2005-06-23,82.31174499943367,82.50171522841167,81.30082903734328,81.32118225097656,62185600,0.0,0.0,0.0
2005-06-24,81.33470737536507,81.42291149067357,80.6291003343863,80.72409057617188,58572500,0.0,0.0,0.0
2005-06-27,80.71729212745146,81.01581953129585,80.56802842552926,80.83941650390625,48183800,0.0,0.0,0.0
2005-06-28,81.00907050884946,81.57898107579872,80.98871729950119,81.5179214477539,41174200,0.0,0.0,0.0
2005-06-29,81.6672003916056,81.68755360473546,81.25333447029742,81.30082702636719,42316500,0.0,0.0,0.0
2005-06-30,81.56539407138598,81.63323981140765,80.7037371265865,80.85978698730469,62288800,0.0,0.0,0.0
2005-07-01,81.04296560377485,81.28043344247742,80.88013480331128,81.09724426269531,49737500,0.0,0.0,0.0
2005-07-05,80.90730499184284,81.85716118004686,80.86659857027546,81.74860382080078,51549000,0.0,0.0,0.0
2005-07-06,81.68073458429944,81.85713765422601,81.0158390670581,81.0633316040039,52363600,0.0,0.0,0.0
2005-07-07,80.25595593204777,81.38220977783203,80.23560272644602,81.38220977783203,103268800,0.0,0.0,0.0
2005-07-08,81.39581384578392,82.3117446899414,81.22619683107696,82.3117446899414,64491200,0.0,0.0,0.0
2005-07-11,82.31849508949344,82.84091299046281,82.30492283547966,82.73236083984375,49688300,0.0,0.0,0.0
2005-07-12,82.7663117746554,83.2005308905405,82.52884900445264,82.94950103759766,51871100,0.0,0.0,0.0
2005-07-13,82.95627723383025,83.12589422800585,82.76630702856156,83.06483459472656,41182300,0.0,0.0,0.0
2005-07-14,83.4379725805994,83.75006714841246,83.10551963063239,83.3904800415039,63638800,0.0,0.0,0.0
2005-07-15,83.3090667742938,83.47868373445573,83.01732539576331,83.34298706054688,56075900,0.0,0.0,0.0
2005-07-18,83.11231504018386,83.20051400084046,82.80700656565794,83.01054382324219,56598400,0.0,0.0,0.0
2005-07-19,83.25476457587985,83.52615267070101,83.05122738698701,83.465087890625,59165700,0.0,0.0,0.0
2005-07-20,83.17335930442289,83.94681730456085,82.97660821131645,83.75006103515625,69477000,0.0,0.0,0.0
2005-07-21,83.82471870056067,83.8654251218283,83.09197205994485,83.26158905029297,101110900,0.0,0.0,0.0
2005-07-22,83.37012561485822,83.83148394923165,83.20050865628416,83.81791687011719,52607100,0.0,0.0,0.0
2005-07-25,83.7297157131596,84.09608377890173,83.34977021606252,83.58045196533203,57301600,0.0,0.0,0.0
2005-07-26,83.60758613658273,83.81112336317169,83.41761081161538,83.68221282958984,42758800,0.0,0.0,0.0
2005-07-27,83.79076966532048,84.05537168173869,83.48546123908358,83.9875259399414,43181600,0.0,0.0,0.0
2005-07-28,84.10288068581076,84.56423906718297,83.88577116377085,84.5167465209961,47880700,0.0,0.0,0.0
2005-07-29,84.4081676787128,84.55742622221265,83.79075959705895,83.9535903930664,62358100,0.0,0.0,0.0
2005-08-01,84.01467966349054,84.15715729856049,83.75685855367894,83.8925552368164,40418200,0.0,0.0,0.0
2005-08-02,84.04182176755783,84.53710044249603,83.95361762653918,84.39462280273438,45147400,0.0,0.0,0.0
2005-08-03,84.29959627889622,84.63204394161889,84.21139735752398,84.61847686767578,36837200,0.0,0.0,0.0
2005-08-04,84.28603764781846,84.34031112532423,83.83824651838883,83.94001770019531,50855600,0.0,0.0,0.0
2005-08-05,83.75686660125952,84.1164589639,83.22766242692401,83.3701400756836,53595500,0.0,0.0,0.0
2005-08-08,83.55329174579215,83.72969478333843,83.03086875898516,83.21405792236328,47616000,0.0,0.0,0.0
2005-08-09,83.49222991459949,83.85181695192608,83.36332457702616,83.71612548828125,47170000,0.0,0.0,0.0
2005-08-10,84.00790869056762,84.46926714386726,83.32944068137994,83.67546081542969,72863700,0.0,0.0,0.0
2005-08-11,83.6346990247316,84.15033585163796,83.45830117513752,84.00785827636719,58570200,0.0,0.0,0.0
2005-08-12,83.83823792975397,83.91965590211794,83.28189472600889,83.49221801757812,54776900,0.0,0.0,0.0
2005-08-15,83.60077875040828,84.04178372698752,83.33617679972014,84.00785827636719,36208500,0.0,0.0,0.0
2005-08-16,83.75007561990336,83.80434911557485,82.8341398533723,82.91555786132812,71942100,0.0,0.0,0.0
2005-08-17,82.90198674875316,83.36334508546211,82.79342941009278,82.90876770019531,62275100,0.0,0.0,0.0
2005-08-18,82.80700008708924,83.15301495080104,82.66451728873884,82.90198516845703,53388600,0.0,0.0,0.0
2005-08-19,83.20049397615489,83.32940449834145,82.9087526518312,83.0919418334961,39842100,0.0,0.0,0.0
2005-08-22,83.16657369620432,83.6075787459445,82.69164319021574,83.0919418334961,69912000,0.0,0.0,0.0
2005-08-23,83.11231618598173,83.18694806768123,82.19638557347768,82.9359130859375,55168600,0.0,0.0,0.0
2005-08-24,82.732370834972,83.26836105470963,82.15566902457277,82.19638061523438,79104600,0.0,0.0,0.0
2005-08-25,82.33207272948606,82.54918223487512,82.23708764439702,82.49490356445312,35631100,0.0,0.0,0.0
2005-08-26,82.42032167727916,82.42710263254473,81.87754503053387,81.93182373046875,61956800,0.0,0.0,0.0
2005-08-29,81.69428358050169,82.62378084986052,81.67392520506515,82.5627212524414,56179200,0.0,0.0,0.0
2005-08-30,82.26422390435152,82.29814936617178,81.6807411598745,82.12853240966797,74160200,0.0,0.0,0.0
2005-08-31,82.22351796015388,83.22086649829234,81.91820433092647,83.16658782958984,102945200,0.0,0.0,0.0
2005-09-01,83.12589825602467,83.55333641489139,82.18961426627394,83.10554504394531,74578700,0.0,0.0,0.0
2005-09-02,83.34976560584673,83.37011881100678,82.80020836133183,82.95625305175781,47653400,0.0,0.0,0.0
2005-09-06,83.2208432167831,83.99429591237002,83.21405709101906,83.92644500732422,57251300,0.0,0.0,0.0
2005-09-07,83.87898673227787,84.21822069084676,83.7636484286763,84.06896209716797,41749700,0.0,0.0,0.0
2005-09-08,83.899336453925,84.13001303730705,83.66186856640962,83.79077911376953,39068700,0.0,0.0,0.0
2005-09-09,84.01466856059963,84.63207156431037,83.99431535489357,84.5370864868164,43093900,0.0,0.0,0.0
2005-09-12,84.43530789672192,84.58457162724214,84.31318349686886,84.36746215820312,33017600,0.0,0.0,0.0
2005-09-13,84.21822863036843,84.41498496604316,83.80436274779396,83.89935302734375,58427500,0.0,0.0,0.0
2005-09-14,83.95365777014365,84.07578225923477,83.46515981377918,83.59407043457031,57694600,0.0,0.0,0.0
2005-09-15,83.85185950393624,83.89257110472748,83.38372009338822,83.55333709716797,73156900,0.0,0.0,0.0
2005-09-16,84.01116897391348,84.31096197946633,83.71818578329837,84.1474380493164,75424100,0.522,0.0,0.0
2005-09-19,84.127021620331,84.18153134499501,83.56149492319233,83.86810302734375,53355300,0.0,0.0,0.0
2005-09-20,83.94304764556472,84.22240606923222,83.03684821858594,83.15949249267578,84480300,0.0,0.0,0.0
2005-09-21,82.98231209743454,83.03682180154031,82.29414137851089,82.38272094726562,94469100,0.0,0.0,0.0
2005-09-22,82.40996141727697,82.8937284893906,82.06247378857238,82.67568969726562,84597200,0.0,0.0,0.0
2005-09-23,82.607599278356,83.0504817142371,82.37594073553636,82.7438735961914,59368100,0.0,0.0,0.0
2005-09-26,83.13904170782034,83.28894083228361,82.49857071920376,82.83924865722656,70415400,0.0,0.0,0.0
2005-09-27,82.79837209373557,83.11861021940464,82.4576941214635,82.81881713867188,66150800,0.0,0.0,0.0
2005-09-28,83.07771243421536,83.20717169895282,82.58032041574944,82.90055847167969,58620500,0.0,0.0,0.0
2005-09-29,82.81882109748648,83.7113957640385,82.49858295650974,83.57512664794922,66607700,0.0,0.0,0.0
2005-09-30,83.5478315089552,83.83399963378906,82.94823521121066,83.83399963378906,47824200,0.0,0.0,0.0
2005-10-03,83.77953693905143,84.03845035940365,83.43204390774486,83.53424835205078,50994800,0.0,0.0,0.0
2005-10-04,83.66373082683705,83.8272548640039,82.55312206031167,82.59400177001953,60776300,0.0,0.0,0.0
2005-10-05,82.61441875880851,82.65529845720167,81.46974041879434,81.5106201171875,106052100,0.0,0.0,0.0
2005-10-06,81.6128238505362,81.93987702983426,80.51584023431505,81.21763610839844,140941800,0.0,0.0,0.0
2005-10-07,81.55829065978742,81.79676935862622,81.16991804515347,81.4969711303711,75661400,0.0,0.0,0.0
2005-10-10,81.5446575828207,81.56509742389213,80.60438850521163,80.80879211425781,52677000,0.0,0.0,0.0
2005-10-11,81.07456620040742,81.34710969794796,80.61805883106955,80.69300842285156,75629800,0.0,0.0,0.0
2005-10-12,80.66571719264611,81.16991905690607,79.9979913829053,80.05931091308594,100510400,0.0,0.0,0.0
2005-10-13,80.03205941212182,80.45450192052375,79.63687176216513,80.0116195678711,99052900,0.0,0.0,0.0
2005-10-14,80.48178649012425,80.95191867644633,80.10022352936366,80.85652923583984,88651000,0.0,0.0,0.0
2005-10-17,80.94508473569739,81.26531764896704,80.70660600691537,81.15630340576172,68109300,0.0,0.0,0.0
2005-10-18,81.04048725739956,81.05411209062933,80.26374180495382,80.2773666381836,74996900,0.0,0.0,0.0
2005-10-19,80.05929516699699,81.62641536449208,79.80038187104773,81.61278533935547,116563800,0.0,0.0,0.0
2005-10-20,81.41519230593444,81.6332259251304,79.92302683638434,80.17512512207031,131966700,0.0,0.0,0.0
2005-10-21,80.5976058864226,80.93146888755224,80.06614901163101,80.48858642578125,96579500,0.0,0.0,0.0
2005-10-24,80.69977702880233,81.82400986230844,80.6793371879505,81.73543548583984,71308400,0.0,0.0,0.0
2005-10-25,81.57192993164062,81.92623271563997,81.04047315647507,81.57192993164062,76594500,0.0,0.0,0.0
2005-10-26,81.42883972125682,82.13063542047244,81.21080605549729,81.33345031738281,80855800,0.0,0.0,0.0
2005-10-27,81.21763788210467,81.33347235962918,80.35231799864157,80.46814727783203,66623100,0.0,0.0,0.0
2005-10-28,80.69299000836291,81.72864882467334,80.4681412843283,81.62644958496094,72322000,0.0,0.0,0.0
2005-10-31,81.96029964869433,82.64847054487217,81.85128021240234,81.85128021240234,77698900,0.0,0.0,0.0
2005-11-01,82.1579052466528,82.37593895213543,81.91261667819316,82.0965805053711,66365100,0.0,0.0,0.0
2005-11-02,81.87854965120836,82.95509338378906,81.85129478728223,82.95509338378906,74012300,0.0,0.0,0.0
2005-11-03,83.22763544433714,83.57512845571488,82.95509200792978,83.30939483642578,84897600,0.0,0.0,0.0
2005-11-04,83.39797992178275,83.43885962051299,82.81882833032375,83.20038604736328,59156000,0.0,0.0,0.0
2005-11-07,83.37751678298632,83.54785574456103,83.0232088318447,83.2821273803711,46765400,0.0,0.0,0.0
2005-11-08,83.07771854714842,83.41158145630172,82.9823291445332,83.2821273803711,42152800,0.0,0.0,0.0
2005-11-09,83.1799327544749,83.77270908359492,83.03003361891203,83.39115142822266,57666800,0.0,0.0,0.0
2005-11-10,83.35708853546713,84.16108880401995,82.95509100035753,84.03844451904297,79048100,0.0,0.0,0.0
2005-11-11,84.0452342259886,84.37909710187168,83.41838815746017,84.32459259033203,34867000,0.0,0.0,0.0
2005-11-14,84.3450434215628,84.50175235994705,84.0656850208208,84.27690887451172,45092200,0.0,0.0,0.0
2005-11-15,84.18153792588095,84.54946560029198,83.71140061098458,83.9703140258789,69592500,0.0,0.0,0.0
2005-11-16,84.05885801020162,84.18150224913904,83.79312969222578,84.14061737060547,51133000,0.0,0.0,0.0
2005-11-17,84.27010090198542,84.93101698010642,83.90216807916548,84.92420196533203,55717500,0.0,0.0,0.0
2005-11-18,85.21036193849802,85.36026105899211,84.71297507322149,85.258056640625,72437200,0.0,0.0,0.0
2005-11-21,85.27171216917333,85.78954423164598,85.155882886274,85.68733978271484,50021200,0.0,0.0,0.0
2005-11-22,85.55108289088125,86.20518421971062,85.45569343865624,86.05529022216797,66438800,0.0,0.0,0.0
2005-11-23,86.02117086432519,86.81154609776323,85.99391600817225,86.55262756347656,50854700,0.0,0.0,0.0
2005-11-25,86.5185664691516,86.6820904144978,86.4027320261294,86.62076568603516,15270000,0.0,0.0,0.0
2005-11-28,86.70254917749955,86.71617400994631,85.87810905862946,86.007568359375,54498500,0.0,0.0,0.0
2005-11-29,86.29371029238143,86.5185589466404,85.91214752197266,85.91214752197266,51738900,0.0,0.0,0.0
2005-11-30,85.95983880359675,86.2051220765457,85.36705746494705,85.44882202148438,56007200,0.0,0.0,0.0
2005-12-01,85.86447905483215,86.55265005611639,85.83722938993006,86.32099151611328,65468200,0.0,0.0,0.0
2005-12-02,86.37547533298573,86.58669917283146,86.19151154817287,86.42998504638672,46699400,0.0,0.0,0.0
2005-12-05,86.32776155096217,86.34820658771754,85.9734588888376,86.24600219726562,59273400,0.0,0.0,0.0
2005-12-06,86.5662600261427,87.03639201259344,86.280086627652,86.4095458984375,57935200,0.0,0.0,0.0
2005-12-07,86.37550476247979,86.44364452661351,85.6328291580965,85.9053726196289,66816500,0.0,0.0,0.0
2005-12-08,86.00075211274503,86.40956465863218,85.49655014609536,85.8508529663086,62608600,0.0,0.0,0.0
2005-12-09,85.95987720717294,86.38231460884917,85.72821345931779,86.0757064819336,50744500,0.0,0.0,0.0
2005-12-12,86.33458650678392,86.43679090900721,85.82356969399932,86.15743255615234,48389900,0.0,0.0,0.0
2005-12-13,86.13700193623873,87.00913655835235,86.04842755060707,86.743408203125,88630900,0.0,0.0,0.0
2005-12-14,86.66168424793658,87.2749005808644,86.62761436351414,87.08412170410156,64375000,0.0,0.0,0.0
2005-12-15,87.10454659705519,87.2135660498176,86.6548543502443,86.8320083618164,55900300,0.0,0.0,0.0
2005-12-16,87.18269747951007,87.23749615566925,86.55252838134766,86.55252838134766,46238300,0.672,0.0,0.0
2005-12-19,86.8059929472387,86.90188804475726,86.09362563289311,86.1073226928711,48733000,0.0,0.0,0.0
2005-12-20,86.21004709907541,86.71007066294062,85.94976121828869,86.18949890136719,46603200,0.0,0.0,0.0
2005-12-21,86.45663786583252,86.82652111055957,86.1689526396747,86.32649230957031,51806900,0.0,0.0,0.0
2005-12-22,86.5182809744654,86.77857208251953,86.36074130727539,86.77857208251953,32247900,0.0,0.0,0.0
2005-12-23,86.84020462303978,86.89500329353906,86.59361583168183,86.82650756835938,27977300,0.0,0.0,0.0
2005-12-27,86.96352522211096,87.02517505147088,85.8812746701518,85.94292449951172,44499500,0.0,0.0,0.0
2005-12-28,86.1278534482972,86.29909540573227,85.96346263240866,86.13470458984375,30764300,0.0,0.0,0.0
2005-12-29,86.11416128464039,86.27855210987063,85.66207998289458,85.75112915039062,32788900,0.0,0.0,0.0
2005-12-30,85.48398063785413,85.6620684971877,85.18259314376743,85.28533935546875,44645600,0.0,0.0,0.0
2006-01-03,85.7511029871536,86.99089277888328,85.20312676905719,86.785400390625,73256700,0.0,0.0,0.0
2006-01-04,86.89502360052234,87.32655147330047,86.78542623391134,87.1964111328125,51899600,0.0,0.0,0.0
2006-01-05,87.09363529817708,87.3950175021139,86.90869111137047,87.25117492675781,47307500,0.0,0.0,0.0
2006-01-06,87.68956397852243,88.07314420116961,87.23748280821232,87.97724914550781,62885900,0.0,0.0,0.0
2006-01-09,87.96354997316706,88.40192887907605,87.93615586420043,88.20329284667969,43527400,0.0,0.0,0.0
2006-01-10,87.94302093180492,88.34714945068852,87.85397176765844,88.29235076904297,44960800,0.0,0.0,0.0
2006-01-11,88.37452987216724,88.66221503337162,88.17588339900283,88.57316589355469,49598900,0.0,0.0,0.0
2006-01-12,88.41564421135253,88.55263567996346,87.97726524073009,88.2238540649414,40509200,0.0,0.0,0.0
2006-01-13,88.06629567237374,88.29232579904065,87.81285053496758,88.14163208007812,44856700,0.0,0.0,0.0
2006-01-17,87.81287496955973,87.96356873045391,87.54573793011636,87.90192413330078,52066600,0.0,0.0,0.0
2006-01-18,87.38820621262776,88.29235840856168,87.10052094793149,87.55259704589844,75067600,0.0,0.0,0.0
2006-01-19,87.76492492787764,88.20330388866637,87.54573022159384,87.88821411132812,81530400,0.0,0.0,0.0
2006-01-20,87.8676822117876,87.88823041284063,86.28540802001953,86.28540802001953,114957800,0.0,0.0,0.0
2006-01-23,86.44977770222607,86.86760844103955,86.39497902889893,86.59362030029297,67017400,0.0,0.0,0.0
2006-01-24,86.73747167563901,87.09365786242009,86.59362906301617,86.68267822265625,53008800,0.0,0.0,0.0
2006-01-25,87.01829670735926,87.11419176670657,86.196332336811,86.75801086425781,87747700,0.0,0.0,0.0
2006-01-26,87.16211805852996,87.44980316647478,86.82648543259434,87.23746490478516,71294000,0.0,0.0,0.0
2006-01-27,87.44295863364783,88.12792617340361,87.29911085151804,88.04572296142578,65771200,0.0,0.0,0.0
2006-01-30,87.97724914550781,88.23068383866173,87.91560456367749,87.97724914550781,33709600,0.0,0.0,0.0
2006-01-31,87.89506018306037,88.04574346125727,87.32653051259078,87.33338165283203,72937000,0.0,0.0,0.0
2006-02-01,87.55259220801531,87.97041779743006,87.48409646676159,87.94302368164062,63561000,0.0,0.0,0.0
2006-02-02,87.74437349823289,87.77176760961977,86.85391332737152,86.92240905761719,83626900,0.0,0.0,0.0
2006-02-03,86.70323409588492,87.94302426625632,86.40184656129692,86.49089050292969,86040400,0.0,0.0,0.0
2006-02-06,86.60733443893767,86.85392327678103,86.42239019761021,86.71692657470703,45511900,0.0,0.0,0.0
2006-02-07,86.56625031855994,86.75804574024345,85.89498463328574,85.94978332519531,71208100,0.0,0.0,0.0
2006-02-08,86.20317047694803,87.74435278606832,86.0319285788111,86.73059844970703,59422200,0.0,0.0,0.0
2006-02-09,86.93607588638105,87.40185400634945,86.5593468880707,86.58674621582031,62023300,0.0,0.0,0.0
2006-02-10,86.60045064935834,87.07992586113264,85.92918012698645,86.74429321289062,64508700,0.0,0.0,0.0
2006-02-13,86.71688649027165,86.8470319906104,86.2716565596436,86.58674621582031,52308700,0.0,0.0,0.0
2006-02-14,86.62101445562405,87.69641353236968,86.4497725311366,87.50462341308594,90964400,0.0,0.0,0.0
2006-02-15,87.45668526916913,87.89506945072236,87.15529777744172,87.8128662109375,85471300,0.0,0.0,0.0
2006-02-16,87.90879543548698,88.50472473539996,87.79919804104519,88.47047424316406,61017900,0.0,0.0,0.0
2006-02-17,88.39507837364079,88.47042523410754,88.07314273817167,88.23068237304688,40342600,0.0,0.0,0.0
2006-02-21,88.43614343302178,88.63477938473595,87.87446513546222,88.01146697998047,46456300,0.0,0.0,0.0
2006-02-22,88.20330012147534,88.80606463445379,88.12109688424042,88.54578399658203,42326700,0.0,0.0,0.0
2006-02-23,88.5457720531494,88.79920674197491,87.8676503092659,88.4156265258789,43423200,0.0,0.0,0.0
2006-02-24,88.43618544382394,88.6896201633826,88.19644255380264,88.64167785644531,36777400,0.0,0.0,0.0
2006-02-27,88.63481936553444,89.07319829112326,88.55262658316717,88.6759262084961,35858600,0.0,0.0,0.0
2006-02-28,88.49784710215852,88.98417889077686,87.76493691296669,87.83342742919922,74394800,0.0,0.0,0.0
2006-03-01,88.08683268545498,88.69645339778228,88.01833174852024,88.61425018310547,48641600,0.0,0.0,0.0
2006-03-02,88.29230932818986,88.64849536581661,88.09367334576385,88.6073989868164,60642300,0.0,0.0,0.0
2006-03-03,88.13478181464514,89.09374274722026,88.1210795358405,88.19642639160156,73402500,0.0,0.0,0.0
2006-03-06,88.45676290426134,88.48415702417718,87.5731535990856,87.79234313964844,57478400,0.0,0.0,0.0
2006-03-07,87.57997234724134,87.71696379971256,87.26488782584637,87.65531921386719,61780800,0.0,0.0,0.0
2006-03-08,87.47040533738011,87.97728538425423,87.11422430190578,87.84029388427734,66692400,0.0,0.0,0.0
2006-03-09,87.86764683963267,88.1416297112319,87.25117492675781,87.25117492675781,56313600,0.0,0.0,0.0
2006-03-10,87.47720177428688,88.25121319430302,87.29226284238479,88.07997131347656,60490800,0.0,0.0,0.0
2006-03-13,88.25123830956187,88.47043299625194,88.03889998919207,88.24439239501953,45479100,0.0,0.0,0.0
2006-03-14,88.16222753945661,89.20337127569088,88.09372656522328,89.16912078857422,69877300,0.0,0.0,0.0
2006-03-15,89.14856778456407,89.63489959114892,88.94308577649508,89.56639862060547,53398900,0.0,0.0,0.0
2006-03-16,89.73762523252937,90.05271501059441,89.62118196396459,89.75132751464844,65526400,0.0,0.0,0.0
2006-03-17,89.86754613890038,90.01883915206426,89.66124702398832,89.82628631591797,47286800,0.519,0.0,0.0
2006-03-20,89.84004328913127,90.01883935356948,89.54434089486705,89.68187713623047,45538500,0.0,0.0,0.0
2006-03-21,89.65434903904078,90.08072495940239,89.02167403679229,89.11795043945312,87102700,0.0,0.0,0.0
2006-03-22,89.06295591709886,89.75064767599548,89.02169609050001,89.6612548828125,51605700,0.0,0.0,0.0
2006-03-23,89.5787278782205,89.66813116788278,89.16611910441648,89.47557830810547,46704200,0.0,0.0,0.0
2006-03-24,89.39305664208055,89.7919191264637,89.2211337001918,89.54434967041016,43209200,0.0,0.0,0.0
2006-03-27,89.42053127997757,89.5924541672333,89.22110534783066,89.41365814208984,32523000,0.0,0.0,0.0
2006-03-28,89.35179598088796,89.76441528336414,88.74663429549292,88.86354064941406,82079900,0.0,0.0,0.0
2006-03-29,88.99421237762502,89.74379403932058,88.91168221314823,89.42057800292969,61505700,0.0,0.0,0.0
2006-03-30,89.47558819285935,90.07387675230983,89.09048243076043,89.26240539550781,70571700,0.0,0.0,0.0
2006-03-31,89.41365256705494,89.56494553787392,88.96664679205718,89.28298950195312,62925600,0.0,0.0,0.0
2006-04-03,89.44807947883264,89.9982245365568,89.04921696664158,89.2142562866211,61624700,0.0,0.0,0.0
2006-04-04,89.21421843819454,89.9019099619464,88.95977593227512,89.78500366210938,54809300,0.0,0.0,0.0
2006-04-05,89.81938713134384,90.28013917661274,89.66122102466099,90.0944595336914,50607200,0.0,0.0,0.0
2006-04-06,89.98443792915985,90.2320072915259,89.53055901593218,89.99818420410156,57906200,0.0,0.0,0.0
2006-04-07,90.12884348486921,90.36265606913598,88.95289693301385,89.08354949951172,80180900,0.0,0.0,0.0
2006-04-10,89.22109985351562,89.45491244738335,88.89100037510745,89.22109985351562,41496500,0.0,0.0,0.0
2006-04-11,89.29671061664176,89.44111989900352,88.19640044879628,88.464599609375,72799400,0.0,0.0,0.0
2006-04-12,88.55406845455279,88.80163790112438,88.44403525755583,88.62971496582031,43033700,0.0,0.0,0.0
2006-04-13,88.43024911882698,88.88412803570873,88.23769633469648,88.51277923583984,51051800,0.0,0.0,0.0
2006-04-17,88.59530749345852,88.92539651365924,88.03827899270082,88.47840118408203,64167700,0.0,0.0,0.0
2006-04-18,88.6640921752264,90.046359306666,88.6640921752264,89.88130950927734,92531800,0.0,0.0,0.0
2006-04-19,89.91567880230797,90.13574515625702,89.56495985571063,90.05321502685547,87269000,0.0,0.0,0.0
2006-04-20,90.08759868816077,90.67901387790829,89.8125262482814,90.177001953125,86005500,0.0,0.0,0.0
2006-04-21,90.56210180556553,90.63086466449084,89.82626681101677,90.19074249267578,72342600,0.0,0.0,0.0
2006-04-24,90.0119619174824,90.13575187414023,89.66124294474572,90.02571868896484,52546400,0.0,0.0,0.0
2006-04-25,90.11511006086222,90.17012665258947,89.3448987633647,89.65435791015625,84359800,0.0,0.0,0.0
2006-04-26,89.74379169692486,90.1839140870457,89.60625541751439,89.67501831054688,67262400,0.0,0.0,0.0
2006-04-27,89.33114327921601,90.52085741744338,89.11796054154003,90.10823822021484,124478600,0.0,0.0,0.0
2006-04-28,89.94319941929467,90.60338811676112,89.88819331340387,90.41083526611328,55854400,0.0,0.0,0.0
2006-05-01,90.41085367007847,90.63779325311123,89.62001219345909,89.67501831054688,64990300,0.0,0.0,0.0
2006-05-02,90.09449253429447,90.40396221696516,89.90882331670412,90.34894561767578,49063500,0.0,0.0,0.0
2006-05-03,90.19077423755994,90.3076910762313,89.70939208228722,90.01197814941406,60821300,0.0,0.0,0.0
2006-05-04,90.14260651388817,90.51395532096821,90.06696002627224,90.33515930175781,42921400,0.0,0.0,0.0
2006-05-05,90.80968812479838,91.32545688299298,90.67215188794827,91.13290405273438,62588200,0.0,0.0,0.0
2006-05-08,91.12599192927843,91.30479842528696,91.02284240722656,91.02284240722656,30016700,0.0,0.0,0.0
2006-05-09,91.06411631171764,91.3048125582143,90.98846981939074,91.20165252685547,29864000,0.0,0.0,0.0
2006-05-10,91.05727276311991,91.29108545416682,90.69967009288442,91.15354919433594,64378200,0.0,0.0,0.0
2006-05-11,91.12601226900385,91.15352580991814,89.7575126687454,90.05321502685547,80626900,0.0,0.0,0.0
2006-05-12,89.64746177127923,89.89503112386456,88.84286399871168,88.87725067138672,91726500,0.0,0.0,0.0
2006-05-15,88.56779514567056,89.2211105500071,88.44401569643263,89.05606079101562,84029300,0.0,0.0,0.0
2006-05-16,89.23485124796846,89.39990099664168,88.71908258837246,88.9253921508789,62137600,0.0,0.0,0.0
2006-05-17,88.48529473815437,88.78100764226306,87.1786793856027,87.23369598388672,144789500,0.0,0.0,0.0
2006-05-18,87.57750112278582,87.85257873960177,86.72476523265861,86.79353332519531,87906300,0.0,0.0,0.0
2006-05-19,87.24745821802101,87.67382376473138,86.5116282215959,87.40562438964844,124309400,0.0,0.0,0.0
2006-05-22,86.84171835537698,87.45376362841652,86.30531959893084,86.73856353759766,110852800,0.0,0.0,0.0
2006-05-23,87.46059992404943,87.77005898178503,86.07833862304688,86.07833862304688,92006500,0.0,0.0,0.0
2006-05-24,86.4290544152735,87.26116037055978,85.79637959340327,86.76602172851562,168405000,0.0,0.0,0.0
2006-05-25,87.28181815513179,87.83885192871094,86.94485073424508,87.83885192871094,78977900,0.0,0.0,0.0
2006-05-26,88.03140510610683,88.28585815429688,87.68756452478111,88.28585815429688,62989700,0.0,0.0,0.0
2006-05-30,88.00390370559678,88.02453361619571,86.6835369605549,86.7179183959961,72419900,0.0,0.0,0.0
2006-05-31,87.07551590541287,87.68756103515625,86.78668143392022,87.68756103515625,86926200,0.0,0.0,0.0
2006-06-01,87.59815244129653,88.67095488448346,87.52250594701187,88.52653503417969,73721700,0.0,0.0,0.0
2006-06-02,88.88415743214216,89.00793690858914,88.24460915047965,88.71223449707031,91702600,0.0,0.0,0.0
2006-06-05,88.60906606571096,88.61593920404678,87.17866104461862,87.41935729980469,86105100,0.0,0.0,0.0
2006-06-06,87.48123150771312,87.5981377987313,86.48408097216111,87.2061538696289,130498600,0.0,0.0,0.0
2006-06-07,87.27495773011039,87.78384812816606,86.5047411234999,86.5528793334961,108599400,0.0,0.0,0.0
2006-06-08,86.36032755338915,86.9930026772956,85.1843753404745,86.47723388671875,204957200,0.0,0.0,0.0
2006-06-09,86.8967107915411,87.30932470123741,86.16088099113699,86.20214080810547,94972200,0.0,0.0,0.0
2006-06-12,86.56661286713344,86.6009995442715,85.14996991310618,85.26687622070312,95815900,0.0,0.0,0.0
2006-06-13,85.09496079982628,85.85142054324939,84.276611328125,84.276611328125,185688800,0.0,0.0,0.0
2006-06-14,84.47602979860152,85.01930676759004,84.13218401417868,84.9299087524414,163566400,0.0,0.0,0.0
2006-06-15,85.2393718040241,86.89671108003377,85.17748207836591,86.7316665649414,134057000,0.0,0.0,0.0
2006-06-16,86.54171508064468,86.7282101910784,85.9684069039772,86.09964752197266,94253500,0.555,0.0,0.0
2006-06-19,86.61771230467367,86.67297207741548,85.33986036172584,85.42274475097656,95804400,0.0,0.0,0.0
2006-06-20,85.65759034949481,86.21017222990625,85.45727763926736,85.71284484863281,65494700,0.0,0.0,0.0
2006-06-21,85.65068749686839,86.82492868525162,85.6230576104537,86.34832763671875,75008200,0.0,0.0,0.0
2006-06-22,86.30685583874823,86.38283668750104,85.67829322708299,85.96839904785156,74566100,0.0,0.0,0.0
2006-06-23,85.87860136960624,86.54861139883467,85.67137992577015,85.95458221435547,54107000,0.0,0.0,0.0
2006-06-26,86.0236761987083,86.38285415373257,85.82336349057228,86.33450317382812,37899600,0.0,0.0,0.0
2006-06-27,86.34831189936652,86.54171579915865,85.49180138619994,85.58850860595703,69780200,0.0,0.0,0.0
2006-06-28,85.78190864847305,86.18252873580197,85.40891317141994,86.16871643066406,62368100,0.0,0.0,0.0
2006-06-29,86.47951931253962,87.96459202029774,86.45879822566428,87.90933227539062,110634800,0.0,0.0,0.0
2006-06-30,88.09585898483209,88.17874862702118,87.6952336190429,87.91626739501953,54227800,0.0,0.0,0.0
2006-07-03,88.01987160535337,88.42049167158359,87.93698196930893,88.27544403076172,23914000,0.0,0.0,0.0
2006-07-05,87.92322491586931,88.03373923018194,87.39135863928179,87.7712631225586,69653400,0.0,0.0,0.0
2006-07-06,87.86103798014017,88.31001447481441,87.7781535791843,88.02681732177734,50100300,0.0,0.0,0.0
2006-07-07,87.85408597643097,88.10965309815678,87.23242696301983,87.45346069335938,81626500,0.0,0.0,0.0
2006-07-10,87.68142361665794,88.01988044223005,87.3153369096304,87.61925506591797,60964100,0.0,0.0,0.0
2006-07-11,87.45348587813459,88.00607299804688,86.99069719537832,88.00607299804688,73640800,0.0,0.0,0.0
2006-07-12,87.82647657460195,87.99915938136687,86.83873070911227,87.0666732788086,82561300,0.0,0.0,0.0
2006-07-13,86.65222337413505,86.81109386235062,85.65066528320312,85.65066528320312,102405700,0.0,0.0,0.0
2006-07-14,85.7404534675248,85.83025188734253,84.84250615836972,85.31910705566406,103242500,0.0,0.0,0.0
2006-07-17,85.31913318312202,85.71975862689698,85.06356595888022,85.1948013305664,81159000,0.0,0.0,0.0
2006-07-18,85.45034465479638,85.68519597161416,84.53857980392173,85.62993621826172,122771000,0.0,0.0,0.0
2006-07-19,85.77501034649558,87.21173267006614,85.45727459087426,86.8180160522461,133565300,0.0,0.0,0.0
2006-07-20,87.11503542358064,87.23936727118732,86.1065683351538,86.22399139404297,112259800,0.0,0.0,0.0
2006-07-21,86.44496906960396,86.47259893667034,85.5262957516155,85.6160888671875,101560000,0.0,0.0,0.0
2006-07-24,85.95460066256233,87.25317354904507,85.95460066256233,87.17719268798828,92884000,0.0,0.0,0.0
2006-07-25,87.01832439410764,87.93008942493478,86.8387327951968,87.48802185058594,95480700,0.0,0.0,0.0
2006-07-26,87.43965133730015,88.03368053150511,87.15645431393843,87.60543060302734,84525800,0.0,0.0,0.0
2006-07-27,87.98532580464563,88.19945602959778,87.1702628941486,87.52253723144531,87257100,0.0,0.0,0.0
2006-07-28,87.75048369322614,88.51028688490054,87.62615187859866,88.39977264404297,82137000,0.0,0.0,0.0
2006-07-31,88.17874695615151,88.38596315290638,88.03368876760406,88.30998229980469,49593100,0.0,0.0,0.0
2006-08-01,87.95770125901727,87.98533113713275,87.44656168853196,87.87481689453125,65225600,0.0,0.0,0.0
2006-08-02,88.12352919610646,88.73137631062475,88.10280809354121,88.4688949584961,64770900,0.0,0.0,0.0
2006-08-03,87.95772895831223,88.7935185423928,87.8264935832611,88.70372009277344,63693800,0.0,0.0,0.0
2006-08-04,89.15961246081447,89.40136213263037,88.05444324895434,88.55176544189453,96294200,0.0,0.0,0.0
2006-08-07,88.34453582763672,88.46886767454737,87.99917017175844,88.34453582763672,45377300,0.0,0.0,0.0
2006-08-08,88.47576519915258,88.73134293419908,87.68833197868744,88.00607299804688,90901300,0.0,0.0,0.0
2006-08-09,88.53793083106875,88.82804724500026,87.45348819698359,87.70906066894531,78910600,0.0,0.0,0.0
2006-08-10,87.43276102282316,88.06823249448729,87.22553954430344,87.97843933105469,69322300,0.0,0.0,0.0
2006-08-11,87.84028873091137,87.86100982451012,87.30151921789955,87.72977447509766,47482200,0.0,0.0,0.0
2006-08-14,88.15805193200598,88.52414402248013,87.66763324119981,87.79887390136719,57839000,0.0,0.0,0.0
2006-08-15,88.5862584485028,89.01450833300949,88.3445036314652,88.84873962402344,68143000,0.0,0.0,0.0
2006-08-16,89.32538173646074,89.71909311867255,89.13196726517258,89.58785247802734,71737600,0.0,0.0,0.0
2006-08-17,89.50496129830958,90.05063437673283,89.4427980121075,89.81578826904297,70992800,0.0,0.0,0.0
2006-08-18,89.92631706073267,90.27168273925781,89.51187403061287,90.27168273925781,58288400,0.0,0.0,0.0
2006-08-21,89.9193700423625,89.9884473686373,89.65689938990272,89.88484191894531,42133600,0.0,0.0,0.0
2006-08-22,89.78814943095661,90.15423611133785,89.57401391286753,89.87793731689453,60839900,0.0,0.0,0.0
2006-08-23,89.91937063230407,90.09896746590877,89.23555358041014,89.62926483154297,66592100,0.0,0.0,0.0
2006-08-24,89.78816322588003,89.86414408856037,89.38062375892753,89.55330657958984,57983000,0.0,0.0,0.0
2006-08-25,89.54642579385977,89.96777240483034,89.48426249217368,89.66384887695312,41756000,0.0,0.0,0.0
2006-08-28,89.55330958721461,90.36147449001247,89.54640606845652,90.09207916259766,52681500,0.0,0.0,0.0
2006-08-29,90.13350781016067,90.36835386186304,89.66380516703543,90.19567108154297,61817800,0.0,0.0,0.0
2006-08-30,90.39600898590278,90.51343205139466,90.17498043313101,90.25096130371094,50052200,0.0,0.0,0.0
2006-08-31,90.38220269332786,90.47890466216184,90.19570227496087,90.23714447021484,37510300,0.0,0.0,0.0
2006-09-01,90.58246743039936,90.88639077189302,90.37524601213376,90.77587127685547,48794500,0.0,0.0,0.0
2006-09-05,90.83805835684522,91.07291498030578,90.62393336639398,90.94857788085938,52348300,0.0,0.0,0.0
2006-09-06,90.5617512084085,90.59628986992837,90.02298181580147,90.14730834960938,53795600,0.0,0.0,0.0
2006-09-07,89.83652327869484,90.18880303451515,89.34610989195718,89.73291778564453,86269400,0.0,0.0,0.0
2006-09-08,89.85032783424474,90.11280909822614,89.6776450110408,89.98847198486328,45096300,0.0,0.0,0.0
2006-09-11,89.69835044703771,90.271658584753,89.4358692288805,90.07825469970703,68496600,0.0,0.0,0.0
2006-09-12,90.18184238270472,91.06597726569443,90.05060179949669,90.96237182617188,69875600,0.0,0.0,0.0
2006-09-13,90.92785060960846,91.48734116979873,90.84496624209027,91.32847595214844,62898400,0.0,0.0,0.0
2006-09-14,91.14888311125186,91.34228698141658,91.00382493876809,91.33537292480469,57805400,0.0,0.0,0.0
2006-09-15,91.79258700082552,91.84808979859453,91.35550908469223,91.54977416992188,76703100,0.579,0.0,0.0
2006-09-18,91.43181345214109,91.84807909385546,91.3346862138844,91.67463684082031,64154100,0.0,0.0,0.0
2006-09-19,91.66076067482929,91.66770514020375,90.93231166362978,91.44569396972656,92089100,0.0,0.0,0.0
2006-09-20,91.75093645913401,92.11169924900956,91.61911867517526,91.93131256103516,75204100,0.0,0.0,0.0
2006-09-21,92.00073586366274,92.09786313014972,91.17514880548438,91.48734283447266,88932500,0.0,0.0,0.0
2006-09-22,91.34855238694068,91.35548626515121,90.88372848106863,91.20980072021484,65966800,0.0,0.0,0.0
2006-09-25,91.3902032501235,92.16723186336704,90.91844532965125,91.91053009033203,92299100,0.0,0.0,0.0
2006-09-26,91.92438852042865,92.68753862182044,91.85500738900234,92.67366027832031,73962700,0.0,0.0,0.0
2006-09-27,92.61122572230586,92.94423187137774,92.45859569854903,92.78466796875,82432200,0.0,0.0,0.0
2006-09-28,92.78469820720392,92.95814051017277,92.46555971186689,92.75000762939453,58597500,0.0,0.0,0.0
2006-09-29,92.82629029859866,92.92341753095086,92.60427914689402,92.67366027832031,47966600,0.0,0.0,0.0
2006-10-02,92.64591004678145,92.8471089902924,92.23658886663861,92.3267822265625,51687400,0.0,0.0,0.0
2006-10-03,92.19498477143541,92.87487559536127,92.02847635929793,92.52105712890625,73108100,0.0,0.0,0.0
2006-10-04,92.43082329221357,93.65879715231092,92.32676219647347,93.6032943725586,80890500,0.0,0.0,0.0
2006-10-05,93.60327719773323,93.94322769156302,93.48533778217698,93.78365325927734,60505900,0.0,0.0,0.0
2006-10-06,93.624116524085,93.72818821693865,93.24254148910278,93.66574096679688,64983600,0.0,0.0,0.0
2006-10-09,93.5548079660078,93.86700207926405,93.40911173391171,93.72130584716797,41176800,0.0,0.0,0.0
2006-10-10,93.7282061575995,93.9710189819207,93.5478194232213,93.84614562988281,56403700,0.0,0.0,0.0
2006-10-11,93.54780971536488,93.95713088600218,93.17317911205232,93.7351303100586,104071800,0.0,0.0,0.0
2006-10-12,93.97103007135041,94.62317477182081,93.93633949633188,94.54685974121094,59158600,0.0,0.0,0.0
2006-10-13,94.46358533055808,94.84516038060525,94.38032585577321,94.78965759277344,53944000,0.0,0.0,0.0
2006-10-16,94.71334793294892,95.08104466029008,94.64396679772138,94.93534851074219,42273000,0.0,0.0,0.0
2006-10-17,94.67864836853245,94.8382122611034,94.12363109767718,94.63702392578125,90500600,0.0,0.0,0.0
2006-10-18,95.07410343186584,95.30304848262112,94.42196943447007,94.76190948486328,86848600,0.0,0.0,0.0
2006-10-19,94.6231766297067,94.96312733383955,94.51217102189874,94.91455841064453,64063200,0.0,0.0,0.0
2006-10-20,94.93534851074219,95.01166352506252,94.58153012766154,94.93534851074219,48094500,0.0,0.0,0.0
2006-10-23,94.7410889605501,95.6013662953459,94.62314950584069,95.37242126464844,66219900,0.0,0.0,0.0
2006-10-24,95.24057198406005,95.69151743159641,95.19894755334235,95.6568374633789,53234900,0.0,0.0,0.0
2006-10-25,95.55977915993309,96.02460328152898,95.40020461237026,95.98297882080078,78105400,0.0,0.0,0.0
2006-10-26,96.19802398542525,96.43390293395795,95.7262555022837,96.2812728881836,66843700,0.0,0.0,0.0
2006-10-27,96.16332479800528,96.26045203787977,95.48343411888384,95.67768859863281,80238000,0.0,0.0,0.0
2006-10-30,95.50426862954117,95.87889933188781,95.323881866197,95.60832977294922,49717800,0.0,0.0,0.0
2006-10-31,95.78869408173192,95.92050130379162,95.21979840158669,95.59442901611328,71274100,0.0,0.0,0.0
2006-11-01,95.89276035416744,95.95519702893144,94.85210676379756,94.94923400878906,83005600,0.0,0.0,0.0
2006-11-02,94.70642478394741,95.05330936601077,94.60236364375935,94.89374542236328,60693100,0.0,0.0,0.0
2006-11-03,95.23365463087227,95.31690350675153,94.08892965716865,94.7271957397461,71346400,0.0,0.0,0.0
2006-11-06,95.01862103006341,95.93439074150761,95.01167656394267,95.79563903808594,63303300,0.0,0.0,0.0
2006-11-07,95.87887461530596,96.42001359368311,95.74012293117141,96.16332244873047,63318900,0.0,0.0,0.0
2006-11-08,95.74012001398127,96.46857956608518,94.9492237938305,96.37145233154297,87517800,0.0,0.0,0.0
2006-11-09,96.44081974404408,96.5310130967857,95.67073577160401,95.864990234375,95916300,0.0,0.0,0.0
2006-11-10,95.83723508675128,95.97598674905045,95.54585342010105,95.9066162109375,48991500,0.0,0.0,0.0
2006-11-13,95.86503354517525,96.4616755464067,95.78872908739636,96.14254760742188,59398200,0.0,0.0,0.0
2006-11-14,96.41307570009033,96.94728077714339,95.82336783447954,96.86402130126953,96704000,0.0,0.0,0.0
2006-11-15,96.82936940216764,97.43987908120421,96.80161270680196,97.14156341552734,76509600,0.0,0.0,0.0
2006-11-16,97.43296662921152,97.59946449371385,96.77388788137006,97.39134216308594,76728800,0.0,0.0,0.0
2006-11-17,97.07904064452512,97.42592496427727,96.94028903383811,97.41899108886719,56353800,0.0,0.0,0.0
2006-11-20,97.33582712573023,97.641087287099,97.08606977425384,97.47457885742188,69174200,0.0,0.0,0.0
2006-11-21,97.46763990297175,97.59251327917127,97.32887759242384,97.57170104980469,51367900,0.0,0.0,0.0
2006-11-22,97.64800595170743,97.93245383829982,97.47456366760139,97.76594543457031,45505300,0.0,0.0,0.0
2006-11-24,97.29419887864321,97.71045405751967,97.2664421817379,97.37051391601562,30998000,0.0,0.0,0.0
2006-11-27,97.32192023931223,97.3704891535058,96.00376329564307,96.03150939941406,84545100,0.0,0.0,0.0
2006-11-28,95.90663777951805,96.54490403849343,95.8164444150069,96.4477767944336,106652900,0.0,0.0,0.0
2006-11-29,96.7599739047552,97.49536743175699,96.48940438847953,97.45374298095703,90034900,0.0,0.0,0.0
2006-11-30,97.43291703132526,97.85611653164027,96.96114862120098,97.49535369873047,83994300,0.0,0.0,0.0
2006-12-01,97.49537832836008,97.58557170589111,96.4131001422962,97.28031158447266,126080000,0.0,0.0,0.0
2006-12-04,97.30112874437839,98.20303080717463,97.28725039649846,98.02264404296875,87813200,0.0,0.0,0.0
2006-12-05,98.20992190044645,98.48743580675043,98.00178911723673,98.44580078125,73374400,0.0,0.0,0.0
2006-12-06,98.42504655921351,98.56380888716876,98.16835530743909,98.36260986328125,53253200,0.0,0.0,0.0
2006-12-07,98.5359943685824,98.72331493254329,97.89772826160898,97.93241882324219,62857400,0.0,0.0,0.0
2006-12-08,97.9116198805018,98.44581437501347,97.668796502215,98.11280822753906,79625500,0.0,0.0,0.0
2006-12-11,98.11282233826523,98.57764635302844,98.05731954135791,98.39727020263672,39779400,0.0,0.0,0.0
2006-12-12,98.30012588838409,98.42499922018887,97.74510860174522,98.32093811035156,77451600,0.0,0.0,0.0
2006-12-13,98.67474501365551,98.75106001403405,98.20992113355823,98.42498779296875,55520200,0.0,0.0,0.0
2006-12-14,98.41810614365545,99.37551109537581,98.40422779456539,99.29225158691406,64755200,0.0,0.0,0.0
2006-12-15,99.5105848989599,99.6849935243889,99.23153535629662,99.3012924194336,70857400,0.793,0.0,0.0
2006-12-18,99.44083006493608,99.67803391647311,98.88970342105391,99.02922821044922,48954600,0.0,0.0,0.0
2006-12-19,98.75016125622845,99.45476823798518,98.49901242148376,99.21757507324219,65023600,0.0,0.0,0.0
2006-12-20,99.25944209202122,99.52454662522214,99.07107778448065,99.16177368164062,41469600,0.0,0.0,0.0
2006-12-21,99.25243413289631,99.36404752985781,98.58968368163966,98.79896545410156,48698400,0.0,0.0,0.0
2006-12-22,98.81292598769829,98.81989849877228,98.13621983659449,98.19203186035156,62069100,0.0,0.0,0.0
2006-12-26,98.23389854636564,98.79200819756748,98.21297036588798,98.77108001708984,32696900,0.0,0.0,0.0
2006-12-27,98.97340569157188,99.48268655430454,98.94550499466912,99.41989135742188,39727100,0.0,0.0,0.0
2006-12-28,99.35012657042552,99.55243588115502,99.05712137296011,99.21060180664062,37288800,0.0,0.0,0.0
2006-12-29,99.10592624711843,99.44078772811203,98.66641323483933,98.79896545410156,45461200,0.0,0.0,0.0
2007-01-03,99.23846373120526,99.66402101378091,98.06644339922488,98.62454223632812,94807600,0.0,0.0,0.0
2007-01-04,98.52694710546743,99.09901267725476,98.09441699171859,98.83390808105469,69620600,0.0,0.0,0.0
2007-01-05,98.59671538811811,98.64554428265706,97.93396453895741,98.04557800292969,76645300,0.0,0.0,0.0
2007-01-08,98.24091728021774,98.65251917207743,97.8432604170224,98.49903869628906,71655000,0.0,0.0,0.0
2007-01-09,98.58271627724001,98.78503621635228,97.94786641252482,98.41529083251953,75680100,0.0,0.0,0.0
2007-01-10,98.07347133901253,98.76413341110423,97.87813450661348,98.74319458007812,72428000,0.0,0.0,0.0
2007-01-11,98.77109093910529,99.49662611435735,98.71527890330783,99.17572021484375,54476800,0.0,0.0,0.0
2007-01-12,99.16876172687252,99.92919158935547,99.14086102456177,99.92919158935547,55370600,0.0,0.0,0.0
2007-01-16,99.81058880471231,100.06871020410293,99.57338494696647,99.73384857177734,44871300,0.0,0.0,0.0
2007-01-17,99.65708396465537,100.08264139865537,99.57336059325657,99.77568054199219,50241400,0.0,0.0,0.0
2007-01-18,99.88033193617404,99.94311648752222,99.2803658292676,99.4408187866211,68177300,0.0,0.0,0.0
2007-01-19,99.44084481357989,99.83152918491413,99.3850434055928,99.63619232177734,56973000,0.0,0.0,0.0
2007-01-22,99.81056257303734,99.83149075424126,99.01524910706264,99.32919311523438,60253600,0.0,0.0,0.0
2007-01-23,99.24546385339454,99.81752915915666,99.10593910529957,99.6221923828125,54064400,0.0,0.0,0.0
2007-01-24,99.74082815518115,100.44543532930078,99.69897177880614,100.42450714111328,55834700,0.0,0.0,0.0
2007-01-25,100.36168746272786,100.40354382445847,99.0710595357333,99.24546813964844,73583800,0.0,0.0,0.0
2007-01-26,99.46177662137501,99.51757802541998,98.77111448939452,99.15481567382812,67255600,0.0,0.0,0.0
2007-01-29,99.19665216974361,99.62220964445645,98.88271877087037,99.09898376464844,66114600,0.0,0.0,0.0
2007-01-30,99.30826889794945,99.66405863767388,99.10594894482728,99.61521911621094,70407600,0.0,0.0,0.0
2007-01-31,99.50358038395645,100.55003179997206,99.3431168357283,100.28492736816406,91868600,0.0,0.0,0.0
2007-02-01,100.56404731290462,100.9198478565882,100.3966217818175,100.88496398925781,69312400,0.0,0.0,0.0
2007-02-02,100.96864017097866,101.12212061557265,100.72447447825759,101.02445220947266,49607000,0.0,0.0,0.0
2007-02-05,100.94770135222566,101.11513745006805,100.69655252799046,101.05235290527344,45705300,0.0,0.0,0.0
2007-02-06,101.13611143533232,101.17796781748513,100.6896256172665,101.0802993774414,57081300,0.0,0.0,0.0
2007-02-07,101.24070975200381,101.4081458551589,100.8570193138245,101.30350494384766,55669700,0.0,0.0,0.0
2007-02-08,101.00349289120855,101.24068599789949,100.64770323117213,101.17092895507812,70641000,0.0,0.0,0.0
2007-02-09,101.1988582148763,101.38722250927901,100.03380988478835,100.41751098632812,79084400,0.0,0.0,0.0
2007-02-12,100.41748245527505,100.4872394979714,99.8942567323068,100.07563781738281,65657000,0.0,0.0,0.0
2007-02-13,100.29892074897259,101.08724054016005,100.29193759073858,100.91981506347656,64081800,0.0,0.0,0.0
2007-02-14,101.0174982100465,101.78488992859857,101.00354253660088,101.58258056640625,66039400,0.0,0.0,0.0
2007-02-15,101.62444537904987,101.81978224326714,101.45700921898049,101.71514129638672,38715200,0.0,0.0,0.0
2007-02-16,101.46393524177262,101.68717268442681,101.3174273535818,101.66624450683594,39841800,0.0,0.0,0.0
2007-02-20,101.54771428352782,101.99420010553733,101.15704051990221,101.88257598876953,56911800,0.0,0.0,0.0
2007-02-21,101.58255401056732,101.9034705455633,101.4011728834304,101.8406753540039,63971600,0.0,0.0,0.0
2007-02-22,101.88951864651783,102.14763999950702,101.27559689340033,101.7639389038086,79067400,0.0,0.0,0.0
2007-02-23,101.67330165867996,101.70817488334168,101.17797625674636,101.36634063720703,71966200,0.0,0.0,0.0
2007-02-26,101.73602260407944,101.81973532300754,100.98257619855913,101.27558135986328,69192800,0.0,0.0,0.0
2007-02-27,100.37567327710329,100.59891082172942,96.97121289981308,97.32003021240234,274466500,0.0,0.0,0.0
2007-02-28,97.94088619888808,99.05012226315917,97.52928448624239,98.3176040649414,177536300,0.0,0.0,0.0
2007-03-01,97.20838896611642,98.54087341991819,96.30844514224839,98.02462005615234,212828600,0.0,0.0,0.0
2007-03-02,97.70369032263424,98.12924769094349,96.73397902698599,96.74095153808594,162574000,0.0,0.0,0.0
2007-03-05,96.22472516420822,97.3758285203711,95.8061508351965,95.82010650634766,143750400,0.0,0.0,0.0
2007-03-06,96.81768851658016,97.75251593549066,96.07819785251499,97.45951080322266,143333300,0.0,0.0,0.0
2007-03-07,97.38279036452205,97.98973957493396,97.25023811575328,97.36186218261719,115144900,0.0,0.0,0.0
2007-03-08,98.04556892421574,98.4781096454023,97.71769043251521,98.18510437011719,117891600,0.0,0.0,0.0
2007-03-09,98.58272760404958,98.6594678233824,97.72464016609707,98.21298217773438,107765100,0.0,0.0,0.0
2007-03-12,97.96187066933328,98.60369336423042,97.78048946590415,98.35952758789062,80366900,0.0,0.0,0.0
2007-03-13,97.79437376770645,98.20598610632618,96.30143675023933,96.44794464111328,190605200,0.0,0.0,0.0
2007-03-14,96.57353324506144,97.22233882867332,95.40151246119844,97.1665267944336,231853800,0.0,0.0,0.0
2007-03-15,96.95027026381031,97.6618604560582,96.831673672612,97.29908752441406,132435900,0.0,0.0,0.0
2007-03-16,97.5729696343965,97.79710333245107,96.73948981159087,97.02665710449219,121531600,0.551,0.0,0.0
2007-03-19,97.53791751474299,98.28735231473284,97.46087291555972,98.19629669189453,96161200,0.0,0.0,0.0
2007-03-20,98.11226914960965,98.79165963788117,98.02822436748338,98.73562622070312,82147400,0.0,0.0,0.0
2007-03-21,98.82667925693985,100.61269495377799,98.6305676456221,100.36054992675781,152368700,0.0,0.0,0.0
2007-03-22,100.49359271719727,100.6336708636972,100.01031402758659,100.2834701538086,118942200,0.0,0.0,0.0
2007-03-23,100.3535507864786,100.72476281794205,100.26249514911844,100.43059539794922,74416800,0.0,0.0,0.0
2007-03-26,100.50763085983597,100.61268682624072,99.5200620265098,100.2975082397461,113787500,0.0,0.0,0.0
2007-03-27,100.24146487162135,100.26948691806614,99.7301747404372,100.05936431884766,99864600,0.0,0.0,0.0
2007-03-28,99.55507844974949,99.78621224966706,98.9387216499693,99.3309555053711,152907900,0.0,0.0,0.0
2007-03-29,99.83527390779743,99.88430716665904,98.88973783297985,99.43605041503906,139432700,0.0,0.0,0.0
2007-03-30,99.62510091910781,100.04533535490651,98.4484209868611,99.45700073242188,128194100,0.0,0.0,0.0
2007-04-02,99.56912231445312,99.77924499161752,99.09284353372827,99.56912231445312,79416400,0.0,0.0,0.0
2007-04-03,100.13638854513563,100.84379010841079,100.09436617129631,100.64067840576172,82417800,0.0,0.0,0.0
2007-04-04,100.64072551751497,100.82282611848898,100.26951345846037,100.75279235839844,63995200,0.0,0.0,0.0
2007-04-05,100.62663746951817,101.16594937710094,100.58461510817193,101.02587127685547,46822800,0.0,0.0,0.0
2007-04-09,101.31304814310683,101.41811475500728,100.96284747799098,101.16596984863281,50967400,0.0,0.0,0.0
2007-04-10,101.0889531257523,101.4531649102538,101.04693074432502,101.28506469726562,56620000,0.0,0.0,0.0
2007-04-11,101.43215717638037,101.46016853586016,100.53563336383536,100.87183380126953,106365700,0.0,0.0,0.0
2007-04-12,100.67573826285646,101.5022070901774,100.39557118702473,101.32010650634766,115534400,0.0,0.0,0.0
2007-04-13,101.48817060516662,101.78234863281249,101.10995850677384,101.7823486328125,84287000,0.0,0.0,0.0
2007-04-16,102.1395327091825,102.86094526275492,102.13253254292684,102.7488784790039,83064600,0.0,0.0,0.0
2007-04-17,102.93799657113074,103.23916404896667,102.71386298897407,103.02204132080078,108424100,0.0,0.0,0.0
2007-04-18,102.67889497849038,103.44933044725309,102.65788378216934,103.14816284179688,88345300,0.0,0.0,0.0
2007-04-19,102.64385685767445,103.23919180669955,102.51077884339817,103.12012481689453,102947700,0.0,0.0,0.0
2007-04-20,103.81353258201216,104.09368896484375,102.98705308428134,104.09368896484375,124114100,0.0,0.0,0.0
2007-04-23,103.91859222885194,104.1707372572299,103.63843583611256,103.70146942138672,77270800,0.0,0.0,0.0
2007-04-24,103.82049092743144,103.93955787653334,103.18313381015378,103.74344635009766,114471000,0.0,0.0,0.0
2007-04-25,104.17072086450759,104.82209987168093,103.67344174255685,104.6960220336914,108418800,0.0,0.0,0.0
2007-04-26,104.70304548296355,104.92016828237728,104.42988926962354,104.81510162353516,88741600,0.0,0.0,0.0
2007-04-27,104.42288538923175,104.87815290006621,104.24778496674503,104.73106384277344,108191100,0.0,0.0,0.0
2007-04-30,104.80810296431474,104.87814740455183,103.80653373006717,103.86255645751953,100874100,0.0,0.0,0.0
2007-05-01,103.95359986363422,104.68902365048659,103.42829868549394,104.12870025634766,134342700,0.0,0.0,0.0
2007-05-02,104.2898033606659,105.02522724437706,104.1847473861134,104.7380599975586,87129800,0.0,0.0,0.0
2007-05-03,105.03921053448377,105.34037804019849,104.87111033230539,105.30536651611328,86569700,0.0,0.0,0.0
2007-05-04,105.58555335809129,105.84469856000197,105.21434132232895,105.70462036132812,96409000,0.0,0.0,0.0
2007-05-07,105.67656339839345,105.90068628210908,105.62753017201,105.7255859375,63461400,0.0,0.0,0.0
2007-05-08,105.46643567848626,105.70456957053717,105.15125721109224,105.58550262451172,80584000,0.0,0.0,0.0
2007-05-09,105.50851455400253,107.03539585926268,105.31940309737739,105.87272644042969,102070100,0.0,0.0,0.0
2007-05-10,105.57152503071813,105.77464746969628,104.54894472942875,104.76606750488281,153617800,0.0,0.0,0.0
2007-05-11,104.88515136554834,105.71162021636339,104.86414017017381,105.66259765625,113408900,0.0,0.0,0.0
2007-05-14,105.66259134212048,105.97076977223944,104.913156460942,105.43145751953125,108027500,0.0,0.0,0.0
2007-05-15,105.55050232374093,106.22289245602241,105.19330141153806,105.45945739746094,180673300,0.0,0.0,0.0
2007-05-16,105.62053154897144,106.20186598404122,105.32636424820306,106.18085479736328,114166500,0.0,0.0,0.0
2007-05-17,106.02678230374224,106.43301645550233,105.83767090663628,105.97074890136719,101132800,0.0,0.0,0.0
2007-05-18,106.46807156101215,106.89531707763672,106.3279933413759,106.89531707763672,99182000,0.0,0.0,0.0
2007-05-21,106.86733175550977,107.32258875210862,106.81129831654155,106.83930969238281,174664600,0.0,0.0,0.0
2007-05-22,106.95131482659964,107.27350424284327,106.72719188740021,106.75520324707031,82148800,0.0,0.0,0.0
2007-05-23,107.12640409296284,107.51162704393099,106.71316978523267,106.76920318603516,133786600,0.0,0.0,0.0
2007-05-24,106.83225693421232,107.30853558736065,105.57854275218212,105.80266571044922,187593000,0.0,0.0,0.0
2007-05-25,106.11081088054547,106.47502259679747,105.88667730522822,106.24388885498047,83309200,0.0,0.0,0.0
2007-05-29,106.41899730201479,106.81122040139314,106.07579674641977,106.62911987304688,82020000,0.0,0.0,0.0
2007-05-30,106.08283134642905,107.53965727385248,105.9987758868344,107.49763488769531,129013600,0.0,0.0,0.0
2007-05-31,107.63077730038503,107.78486660001057,107.24555405132118,107.3856430053711,114866700,0.0,0.0,0.0
2007-06-01,107.77779901811365,108.1420001464528,107.51864316503847,107.91787719726562,107771700,0.0,0.0,0.0
2007-06-04,107.53962810935995,108.13497358454444,107.49760573459915,107.9318618774414,78008800,0.0,0.0,0.0
2007-06-05,107.67971613540206,107.79177223816612,107.06335947745183,107.5046157836914,126917900,0.0,0.0,0.0
2007-06-06,107.0634117999925,107.12644539246666,106.28596543096333,106.3489990234375,164096800,0.0,0.0,0.0
2007-06-07,106.15289113117612,106.81127050853827,104.40188669660992,104.4299087524414,232414600,0.0,0.0,0.0
2007-06-08,104.76607018524398,105.89371716263128,104.42286956176783,105.78865051269531,175886000,0.0,0.0,0.0
2007-06-11,105.71159307947272,106.42600560065624,105.55050372719364,105.97074890136719,102015600,0.0,0.0,0.0
2007-06-12,105.52951429199398,106.13886030161068,104.74506787158802,104.81510162353516,233898000,0.0,0.0,0.0
2007-06-13,105.41041461331693,106.5100499820335,104.8641023560175,106.38397216796875,193208200,0.0,0.0,0.0
2007-06-14,106.50303884481426,107.24546264443859,106.48202765707225,107.06336212158203,146396500,0.0,0.0,0.0
2007-06-15,107.7217649587462,108.08754645436353,107.57404199961651,107.67253112792969,154030800,0.656,0.0,0.0
2007-06-18,107.89060876517556,107.89763910415397,107.38414529183899,107.54592895507812,88537500,0.0,0.0,0.0
2007-06-19,107.30674616637663,107.89058617962392,107.17309462037139,107.8132095336914,110851700,0.0,0.0,0.0
2007-06-20,108.03131187604012,108.03131187604012,106.1883537679269,106.3149642944336,177119700,0.0,0.0,0.0
2007-06-21,106.27274872652146,106.99727083490245,105.68890854274343,106.90582275390625,205262000,0.0,0.0,0.0
2007-06-22,106.58225144030916,106.75810652286424,105.40754077684244,105.89993286132812,204964700,0.0,0.0,0.0
2007-06-25,105.68188332965372,106.39233406003447,104.82370959460117,105.39347839355469,232014400,0.0,0.0,0.0
2007-06-26,105.66074148791493,105.83659651881375,104.30313506803964,104.31016540527344,198445700,0.0,0.0,0.0
2007-06-27,104.19765432421433,105.91400160403128,104.1484097503356,105.7944107055664,213638000,0.0,0.0,0.0
2007-06-28,105.78034973144531,106.50487179261887,105.28091658830189,105.78034973144531,157705000,0.0,0.0,0.0
2007-06-29,106.1461296732178,106.67369495138159,104.91514402416895,105.81552124023438,199701800,0.0,0.0,0.0
2007-07-02,106.12495733318369,106.86355037801647,106.05462178288374,106.77210235595703,103357000,0.0,0.0,0.0
2007-07-03,107.04644680985545,107.27154635420705,106.91280603040087,107.15899658203125,54048400,0.0,0.0,0.0
2007-07-05,107.2012621320711,107.31381196941248,106.65963616488425,107.0465087890625,89279000,0.0,0.0,0.0
2007-07-06,107.18716152053531,107.7428586937043,106.8706138792725,107.60920715332031,81109000,0.0,0.0,0.0
2007-07-09,107.73587568866185,107.87655762806338,107.35602264559934,107.69367218017578,72348100,0.0,0.0,0.0
2007-07-10,107.12389220699781,107.34899189585688,106.05470088494899,106.16020965576172,180362600,0.0,0.0,0.0
2007-07-11,106.04063470647036,106.95508345425641,105.8788510054553,106.91287994384766,175607600,0.0,0.0,0.0
2007-07-12,107.18010178070689,108.85424481249103,107.15900003941023,108.60101318359375,133882500,0.0,0.0,0.0
2007-07-13,108.72770286392597,109.35374662792603,108.60108160303635,108.9246597290039,111794300,0.0,0.0,0.0
2007-07-16,109.02311806327057,109.4029603092277,108.73471315923632,108.91056823730469,98378700,0.0,0.0,0.0
2007-07-17,108.98085849841694,109.36774165591343,108.80500349349468,108.854248046875,126201300,0.0,0.0,0.0
2007-07-18,108.4885238750056,108.88947864979323,107.83434806352264,108.6573486328125,237887400,0.0,0.0,0.0
2007-07-19,109.17085172753032,109.40298176410435,108.85431467160001,109.07941436767578,145212700,0.0,0.0,0.0
2007-07-20,108.9527444041498,109.02309071106521,107.5037006417438,107.97499084472656,245502500,0.0,0.0,0.0
2007-07-23,108.45328469125606,108.83313748176226,107.83428242278237,108.30557250976562,121183900,0.0,0.0,0.0
2007-07-24,107.70768639580757,108.52365631900959,106.04761446699696,106.4274673461914,256732400,0.0,0.0,0.0
2007-07-25,106.93391259170065,107.19417455992013,105.68885617255305,106.6455078125,265214500,0.0,0.0,0.0
2007-07-26,105.64670593238709,106.07579278272874,102.97370640894776,104.12028503417969,467592500,0.0,0.0,0.0
2007-07-27,104.25392566887304,104.71817490188813,102.03111498147501,102.07331848144531,422987600,0.0,0.0,0.0
2007-07-30,102.65012167567517,103.97255530589075,102.19993310226977,103.67008972167969,283017500,0.0,0.0,0.0
2007-07-31,104.33835390319979,105.13322242554717,102.02409467265254,102.50242614746094,316976700,0.0,0.0,0.0
2007-08-01,102.12256322963206,103.40982378294797,101.25735918778932,103.00183868408203,467670000,0.0,0.0,0.0
2007-08-02,103.23395554348463,103.93737581745225,102.1788251325332,103.82483673095703,294758400,0.0,0.0,0.0
2007-08-03,103.59974763659636,103.81077588693532,100.72979133867756,101.15184783935547,359398200,0.0,0.0,0.0
2007-08-06,101.44026605799122,103.28322417036043,100.25851414114618,102.84710693359375,324980000,0.0,0.0,0.0
2007-08-07,102.65715189976989,104.80961612431726,102.15771880496379,103.94441223144531,232568700,0.0,0.0,0.0
2007-08-08,104.3946227270749,105.92807402631554,103.64195775725696,105.39347839355469,274930600,0.0,0.0,0.0
2007-08-09,103.70521296503644,104.77441444787164,102.19989448525742,102.2702407836914,357622100,0.0,0.0,0.0
2007-08-10,101.56686962264484,103.05108707400002,100.67352272253751,101.7919692993164,411018400,0.0,0.0,0.0
2007-08-13,103.05106921846273,103.32540269353318,102.01001022759819,102.15772247314453,181917200,0.0,0.0,0.0
2007-08-14,102.48838705180181,102.74161891635498,100.3921965100461,100.59618377685547,264134500,0.0,0.0,0.0
2007-08-15,100.39219383691977,101.61614960522796,98.91500621080115,99.21044158935547,323834000,0.0,0.0,0.0
2007-08-16,98.33111433818729,100.54689461782091,96.36857651718637,99.95602416992188,546743700,0.0,0.0,0.0
2007-08-17,102.3476666844164,102.56572528785239,99.45660845389399,101.7919692993164,388218100,0.0,0.0,0.0
2007-08-20,102.1155105217892,102.32653873130046,100.79307709330328,101.7426986694336,187320400,0.0,0.0,0.0
2007-08-21,101.71459701535909,102.67827955599452,101.39101889951955,101.94671630859375,157066400,0.0,0.0,0.0
2007-08-22,102.70635913714254,103.26206699543137,102.2280386481561,103.15654754638672,173156700,0.0,0.0,0.0
2007-08-23,103.64195414806531,103.86001274418544,102.4250399202492,103.06515502929688,203915300,0.0,0.0,0.0
2007-08-24,103.03700129722509,104.33833312988281,102.89631938558848,104.33833312988281,128901900,0.0,0.0,0.0
2007-08-27,104.00067645105551,104.33831512739569,103.21283856180841,103.36759185791016,113024300,0.0,0.0,0.0
2007-08-28,102.81188199971763,102.87518723124326,100.91264992057779,101.09553527832031,219790700,0.0,0.0,0.0
2007-08-29,101.55278757645179,103.21990102388364,101.2643934042597,103.07920837402344,207654200,0.0,0.0,0.0
2007-08-30,102.3124785514586,103.53643371429108,102.21400014065657,102.80487060546875,191817300,0.0,0.0,0.0
2007-08-31,103.86002119604686,104.45793284912688,103.28322203033997,103.81781768798828,185477500,0.0,0.0,0.0
2007-09-04,103.71932717080979,105.49897977550772,103.6841540070787,104.86590576171875,120062000,0.0,0.0,0.0
2007-09-05,104.24687808179547,104.35942789691039,103.40277593511581,103.9584732055664,166261800,0.0,0.0,0.0
2007-09-06,104.07107158666487,104.53533174066052,103.48723122330905,104.19769287109375,127878400,0.0,0.0,0.0
2007-09-07,103.03700562449245,103.3254105321319,102.17883197412388,102.74861145019531,235447600,0.0,0.0,0.0
2007-09-10,103.06516326658719,103.20584520435911,101.5246708246266,102.5516586303711,192305900,0.0,0.0,0.0
2007-09-11,102.86822946315962,103.8952174990856,102.79085277004084,103.74750518798828,162081900,0.0,0.0,0.0
2007-09-12,103.6068233875322,104.41576357950436,103.38876470216452,104.01480865478516,149554600,0.0,0.0,0.0
2007-09-13,104.49311371965729,105.12618785389056,104.24691226004178,104.74634552001953,154079000,0.0,0.0,0.0
2007-09-14,104.0780670387885,104.87292463885392,103.92331372195989,104.73927307128906,121911000,0.0,0.0,0.0
2007-09-17,104.32427171294175,104.56343205896962,103.845951020886,104.17655944824219,109870800,0.0,0.0,0.0
2007-09-18,104.6900201908432,107.2715708034904,104.19762824201968,107.24343872070312,263759500,0.0,0.0,0.0
2007-09-19,107.91174482803339,108.60109393407788,107.41935260943018,107.87657165527344,193779900,0.0,0.0,0.0
2007-09-20,107.86243726009991,107.92574249409755,106.99723352878163,107.11681365966797,175186800,0.0,0.0,0.0
2007-09-21,107.92892628947716,108.21868862472746,107.24337075514909,107.40592193603516,141457500,0.719,0.0,0.0
2007-09-24,107.72398357646068,108.00669306465623,106.97482230520495,107.20805358886719,139450200,0.0,0.0,0.0
2007-09-25,106.58608921192203,107.1868373575799,106.34579426736401,106.99600982666016,142289900,0.0,0.0,0.0
2007-09-26,107.60382797933892,107.97134489416591,106.99601610585192,107.5614242553711,135547000,0.0,0.0,0.0
2007-09-27,108.07028334337016,108.20456898320364,107.5614171209816,108.19749450683594,102713300,0.0,0.0,0.0
2007-09-28,108.02785599113588,108.26815088129301,107.41296981610269,107.83702850341797,133372100,0.0,0.0,0.0
2007-10-01,107.85116523261348,109.37068907078131,107.78048519091534,109.05265045166016,148162300,0.0,0.0,0.0
2007-10-02,109.27179095163105,109.30005651003297,108.70638272520813,108.9042739868164,112978800,0.0,0.0,0.0
2007-10-03,108.70635963624336,109.13041841205775,108.14095152991173,108.6851577758789,119055900,0.0,0.0,0.0
2007-10-04,108.91834951554087,109.02435877890976,108.55083276209749,108.85474395751953,76864400,0.0,0.0,0.0
2007-10-05,109.56855579000302,110.32479108718752,109.28585725483111,110.14810180664062,134579700,0.0,0.0,0.0
2007-10-08,109.82299725372711,109.89367728509909,109.38481125514512,109.5615005493164,71280400,0.0,0.0,0.0
2007-10-09,109.9714522595165,110.6075295856012,109.5685953778709,110.59339141845703,94054300,0.0,0.0,0.0
2007-10-10,110.28242313707457,110.56513257579954,109.83717329550916,110.4096450805664,101711100,0.0,0.0,0.0
2007-10-11,110.91142973613852,111.3284247836298,109.2222800404391,109.87957000732422,233529100,0.0,0.0,0.0
2007-10-12,109.87249793337692,110.50151151807228,109.73821231682494,110.48737335205078,124546700,0.0,0.0,0.0
2007-10-15,110.44498751864779,110.50859309965055,108.79824139902405,109.5544662475586,161151900,0.0,0.0,0.0
2007-10-16,109.13041841205775,109.20816216148162,108.46606469593777,108.6851577758789,166525700,0.0,0.0,0.0
2007-10-17,109.53327922160908,109.61102298145126,107.75932169972799,109.01734924316406,216687300,0.0,0.0,0.0
2007-10-18,108.45188776015569,108.97489195880416,108.19039105296085,108.62151336669922,148367500,0.0,0.0,0.0
2007-10-19,108.19744247447868,110.5933486259195,105.77327078394823,105.78033447265625,297169900,0.0,0.0,0.0
2007-10-22,105.20789367842852,106.55072825475118,105.06654437317258,106.3952407836914,261989800,0.0,0.0,0.0
2007-10-23,107.04542018663392,107.39172421542688,106.19023946979125,107.25743865966797,180085100,0.0,0.0,0.0
2007-10-24,106.86877649360925,107.24335700132487,105.19375435279912,107.0595932006836,326694200,0.0,0.0,0.0
2007-10-25,107.17969454729491,107.63201859512704,105.92874242416516,107.31398010253906,237374500,0.0,0.0,0.0
2007-10-26,108.17628484614758,108.57206726074219,107.35644368205192,108.57206726074219,176484000,0.0,0.0,0.0
2007-10-29,108.79117314150113,109.15162635631309,108.52261263382813,108.93253326416016,106841000,0.0,0.0,0.0
2007-10-30,108.45191209295884,108.6639414526455,108.04199154003426,108.17627716064453,132981600,0.0,0.0,0.0
2007-10-31,108.82648459054614,109.73820753463572,108.02078171060627,109.30001068115234,220954400,0.0,0.0,0.0
2007-11-01,108.33884510815585,108.4236633357229,106.43060214397167,106.7415771484375,333040800,0.0,0.0,0.0
2007-11-02,107.09491787714161,107.42709462457675,105.45524677752857,106.86168670654297,331228200,0.0,0.0,0.0
2007-11-05,105.75917707262929,106.83345134192916,105.28565090798853,106.0489501953125,226841000,0.0,0.0,0.0
2007-11-06,106.62139676051149,107.50484330307695,105.942905070747,107.47657775878906,177800500,0.0,0.0,0.0
2007-11-07,106.32456350392327,106.81222773689704,104.28203546188436,104.53646850585938,306639700,0.0,0.0,0.0
2007-11-08,104.59301088244287,104.88277316326214,102.52928097552481,104.00640106201172,374509900,0.0,0.0,0.0
2007-11-09,102.96746161070942,104.27495600354642,102.40205367509317,102.57874298095703,277745100,0.0,0.0,0.0
2007-11-12,102.62823801140196,103.6176939729737,101.56102752685547,101.56102752685547,243087800,0.0,0.0,0.0
2007-11-13,102.74130678366724,104.8191750021655,102.63529750078905,104.65662384033203,191117400,0.0,0.0,0.0
2007-11-14,105.46235093431281,105.58956210294677,103.73786097551991,104.36687469482422,230558800,0.0,0.0,0.0
2007-11-15,103.58941243473863,104.23962779258649,102.14055795558679,102.86144256591797,263111100,0.0,0.0,0.0
2007-11-16,103.4056561493004,103.51873990258312,102.17590538119677,103.03813934326172,308770600,0.0,0.0,0.0
2007-11-19,102.67771359219196,102.7342554779636,101.20059322329197,101.60343933105469,267746000,0.0,0.0,0.0
2007-11-20,101.78717105943406,102.85437050816721,100.43726227098912,102.22535705566406,414767500,0.0,0.0,0.0
2007-11-21,101.1228130255442,101.70942274666866,100.12628286854032,100.13334655761719,259012400,0.0,0.0,0.0
2007-11-23,101.11577578867279,102.01334982785987,100.85426824480342,101.86493682861328,77688400,0.0,0.0,0.0
2007-11-26,102.07691256542064,102.39496185601098,99.41244632962258,99.61740112304688,214232000,0.0,0.0,0.0
2007-11-27,100.17578030282337,101.22884174340092,99.61743601492743,100.76239013671875,293897900,0.0,0.0,0.0
2007-11-28,101.90729352282167,104.22545561933826,101.8719535159818,103.98516082763672,258596900,0.0,0.0,0.0
2007-11-29,103.62476355235422,104.4022009836667,103.25725747960813,104.02054595947266,199409900,0.0,0.0,0.0
2007-11-30,105.33508107509189,105.9216908047285,104.12653238566352,105.06652069091797,222908000,0.0,0.0,0.0
2007-12-03,104.73440038678382,104.9181534627586,104.09831213746045,104.37394714355469,146430400,0.0,0.0,0.0
2007-12-04,103.65303889019127,104.27497804500007,103.40566949598961,103.44100952148438,136533900,0.0,0.0,0.0
2007-12-05,104.55058896119046,105.44817363801819,104.47991971070384,105.17253875732422,171130000,0.0,0.0,0.0
2007-12-06,105.04535539481668,106.8687907736697,105.0029516764674,106.67796325683594,154457400,0.0,0.0,0.0
2007-12-07,107.01720355889316,107.07374544465854,106.40232807562035,106.6567611694336,148980100,0.0,0.0,0.0
2007-12-10,106.91825739587283,107.60381292883362,106.62142058535301,107.4836654663086,123914300,0.0,0.0,0.0
2007-12-11,107.52604868437089,108.05611662729719,104.47992663116939,104.53646850585938,250346400,0.0,0.0,0.0
2007-12-12,106.76275807234263,107.2645605100988,104.03467441033801,105.5683364868164,322435600,0.0,0.0,0.0
2007-12-13,104.82623447225528,105.58245907848121,104.1053390990912,105.34922790527344,237551300,0.0,0.0,0.0
2007-12-14,104.55059752292073,105.37751301697858,103.96399848038202,104.01346588134766,159152900,0.0,0.0,0.0
2007-12-17,103.61772161122505,103.8014746861696,102.38089593722773,102.5293197631836,177269400,0.0,0.0,0.0
2007-12-18,103.25724069585236,103.5258011231662,101.74478058062593,103.10175323486328,245569300,0.0,0.0,0.0
2007-12-19,103.14415694526757,103.8155741899422,102.4373996805027,103.10175323486328,198917200,0.0,0.0,0.0
2007-12-20,103.78026445513186,103.79440262414577,102.60704446502932,103.75199890136719,214813800,0.0,0.0,0.0
2007-12-21,104.70760350036063,105.45363937510027,104.5086620459629,105.24759674072266,146084400,0.775,0.0,0.0
2007-12-24,105.73786696621872,106.20679427810559,105.49628586685509,106.02916717529297,45601400,0.0,0.0,0.0
2007-12-26,105.61705154566722,106.34887420716514,105.5104796402048,106.25651550292969,67093100,0.0,0.0,0.0
2007-12-27,105.8799516659807,105.88705284616037,104.67208970415238,104.92076110839844,122981700,0.0,0.0,0.0
2007-12-28,105.538898417026,105.5886392020881,104.37366523531529,104.65787506103516,116398100,0.0,0.0,0.0
2007-12-31,104.51575945042094,104.87811472564772,103.77682485900463,103.88340759277344,108126800,0.0,0.0,0.0
2008-01-02,104.11078618638724,104.43762479302549,102.22794342210342,102.97396850585938,204935600,0.0,0.0,0.0
2008-01-03,102.95976006610974,103.37185617993318,102.36293569774321,102.92423248291016,125133300,0.0,0.0,0.0
2008-01-04,101.8442241301967,101.9152792737787,100.11769472438016,100.40189361572266,232330900,0.0,0.0,0.0
2008-01-07,100.75716965023068,101.05558180374422,99.54220665674666,100.31665802001953,234991000,0.0,0.0,0.0
2008-01-08,100.94901084291259,101.53162195522516,98.36276131364562,98.69670104980469,326365700,0.0,0.0,0.0
2008-01-09,98.82455937718635,100.03242086094447,97.83695364828215,99.7340087890625,301824900,0.0,0.0,0.0
2008-01-10,99.24379934404108,101.46059272849858,99.02354349413113,100.3877182006836,335701200,0.0,0.0,0.0
2008-01-11,100.02532895335302,100.82109455211862,98.7606254089606,99.57770538330078,267076600,0.0,0.0,0.0
2008-01-14,100.2953500817855,100.7927037029159,99.75535685756176,100.38060760498047,170365500,0.0,0.0,0.0
2008-01-15,99.32194891356816,100.52982167763354,97.97908868149776,98.17092895507812,239940100,0.0,0.0,0.0
2008-01-16,97.59542081843577,98.8459115272997,96.82807055112279,97.32542419433594,378802600,0.0,0.0,0.0
2008-01-17,97.91514562138045,97.96488640555344,94.44786170004903,94.80311584472656,397892600,0.0,0.0,0.0
2008-01-18,95.73387954299616,95.93282097328097,93.14763010779882,93.8297119140625,348561500,0.0,0.0,0.0
2008-01-22,90.3837617072966,94.0926105420266,89.524047300378,92.87764739990234,435923700,0.0,0.0,0.0
2008-01-23,90.29848380847444,95.34309632442611,90.12085675990565,95.10862731933594,511913000,0.0,0.0,0.0
2008-01-24,95.54912532799301,96.24543106513173,94.71783216001452,95.91149139404297,259949300,0.0,0.0,0.0
2008-01-25,96.99151996145623,97.16914710207669,94.21343972169244,94.52605438232422,269603900,0.0,0.0,0.0
2008-01-28,94.6823427078193,96.28809858334537,93.8297348210917,96.08915710449219,217934600,0.0,0.0,0.0
2008-01-29,96.70017621830287,96.9488475984798,95.83335529443893,96.56517791748047,168968300,0.0,0.0,0.0
2008-01-30,96.33073754460108,98.43383649830002,95.6344422949371,95.85469818115234,334939200,0.0,0.0,0.0
2008-01-31,94.78183456026186,98.43384800913462,94.6397350210703,97.60255432128906,343680800,0.0,0.0,0.0
2008-02-01,98.00752671164153,99.194074393637,97.70911449594483,99.17276000976562,206843600,0.0,0.0,0.0
2008-02-04,98.9098548400971,98.97379797843196,97.79435172216716,97.92224884033203,124694300,0.0,0.0,0.0
2008-02-05,96.58650975070812,96.80676561122067,94.97365271187806,95.30049133300781,286882500,0.0,0.0,0.0
2008-02-06,95.62022676062142,96.09626611247235,94.0784247531793,94.53314971923828,250792900,0.0,0.0,0.0
2008-02-07,93.64496563971484,95.76937782695262,93.59522487098043,95.15834045410156,297368100,0.0,0.0,0.0
2008-02-08,94.5615427525444,95.36442056437762,93.85814650603176,94.5473403930664,221643500,0.0,0.0,0.0
2008-02-11,94.56868376969143,95.37155098619776,93.8155356680983,95.03050994873047,188576300,0.0,0.0,0.0
2008-02-12,95.85464944561369,96.84935643939312,95.1938712814299,95.91149139404297,256654400,0.0,0.0,0.0
2008-02-13,96.63623012775392,97.38226601219337,96.018091375088,96.89201354980469,181967800,0.0,0.0,0.0
2008-02-14,97.30414065168732,97.33966824635455,95.76943963066077,96.03943634033203,215207200,0.0,0.0,0.0
2008-02-15,95.56336442525208,96.07493125826828,95.14416713865427,96.0180892944336,154110300,0.0,0.0,0.0
2008-02-19,97.14069371225168,97.26147881987103,95.64152079539402,96.2880859375,145190000,0.0,0.0,0.0
2008-02-20,95.20101267427277,97.0199122192409,95.03758795655558,96.5722885131836,220085700,0.0,0.0,0.0
2008-02-21,97.09804386985876,97.34671521103135,95.25783041090797,95.7693862915039,201051200,0.0,0.0,0.0
2008-02-22,95.89728962162987,96.5225402873502,94.39811693286455,96.35911560058594,205491000,0.0,0.0,0.0
2008-02-25,96.3022658148579,97.80143838172255,95.7622835465938,97.57408142089844,190107000,0.0,0.0,0.0
2008-02-26,97.1620047276219,98.72512073409986,96.98437766230631,98.30592346191406,212420700,0.0,0.0,0.0
2008-02-27,97.73755133276079,98.86015610747218,97.63097939020898,98.20648956298828,168395800,0.0,0.0,0.0
2008-02-28,97.51015647299705,98.02172328210074,97.01990404414805,97.24726104736328,170831100,0.0,0.0,0.0
2008-02-29,96.34494241433383,96.40177354524816,94.34130354242666,95.08023834228516,252715200,0.0,0.0,0.0
2008-03-03,94.59707607150824,95.07311533879111,93.95762292835128,94.85285949707031,189483500,0.0,0.0,0.0
2008-03-04,93.95050057897824,94.78179391029917,93.06947730894335,94.49049377441406,282513100,0.0,0.0,0.0
2008-03-05,94.79601504803227,95.75520557913806,94.02866479144689,95.08732604980469,270681400,0.0,0.0,0.0
2008-03-06,94.48341478998998,94.65394072840975,92.7568843846733,93.1192398071289,247911700,0.0,0.0,0.0
2008-03-07,92.20264004326752,93.60234188080406,91.35713366164467,92.1600112915039,326434600,0.0,0.0,0.0
2008-03-10,92.25240111508174,92.31634426431265,90.6537573353271,90.945068359375,235683600,0.0,0.0,0.0
2008-03-11,92.87765028664575,94.29866695462809,91.62004749986227,94.21340942382812,341440600,0.0,0.0,0.0
2008-03-12,94.31290266512627,95.04472555647027,93.19029792852592,93.3323974609375,229161100,0.0,0.0,0.0
2008-03-13,92.08898934093119,94.24182881300676,91.37137979740507,93.53842163085938,351504200,0.0,0.0,0.0
2008-03-14,94.33418265349796,94.36259821301866,90.78874261066944,92.08897399902344,484687800,0.0,0.0,0.0
2008-03-17,89.92904414830633,91.84030797694967,89.5737899634081,91.1582260131836,405311100,0.0,0.0,0.0
2008-03-18,92.8065990906073,94.98786497328003,92.3518741710416,94.94523620605469,334416600,0.0,0.0,0.0
2008-03-19,95.30758868599983,95.66994403795155,92.39450014341773,92.59345245361328,345971600,0.0,0.0,0.0
2008-03-20,92.85902359424871,94.90113707309659,92.29493731673158,94.3084945678711,245320700,0.642,0.0,0.0
2008-03-24,95.18677118544798,96.97183556412689,95.13679504833249,96.19355010986328,208977300,0.0,0.0,0.0
2008-03-25,96.2935056584198,96.78618513117057,95.51522026575111,96.28636932373047,192947200,0.0,0.0,0.0
2008-03-26,96.00793314057063,96.45776207618273,95.04399375894093,95.1082534790039,196934300,0.0,0.0,0.0
2008-03-27,95.8222649888277,95.99363511168703,94.5084600657484,94.808349609375,225153200,0.0,0.0,0.0
2008-03-28,94.95829341495217,95.22247946990947,93.58021797939972,93.90152740478516,180896100,0.0,0.0,0.0
2008-03-31,93.74449041678047,94.77268983769405,93.6016873628035,94.23003387451172,166692100,0.0,0.0,0.0
2008-04-01,95.40099792901374,97.70729846270152,95.32959098319532,97.54307556152344,254547300,0.0,0.0,0.0
2008-04-02,97.85727432049241,98.29996699403486,97.09326120178079,97.60736083984375,210910800,0.0,0.0,0.0
2008-04-03,97.07895932626641,98.13571453325302,96.9004528638282,97.85009765625,175884800,0.0,0.0,0.0
2008-04-04,97.90724203402745,98.50703215681166,97.19321603110677,97.7430191040039,204446800,0.0,0.0,0.0
2008-04-07,98.44276996432248,98.942596925297,97.63592792066201,97.79301452636719,154245500,0.0,0.0,0.0
2008-04-08,97.24317630780179,97.76441209577796,97.07180619202083,97.6930160522461,148937300,0.0,0.0,0.0
2008-04-09,97.54309205594247,97.6787587388364,96.31496646734873,96.98615264892578,195610600,0.0,0.0,0.0
2008-04-10,96.69338339746695,97.58591574779267,96.32208688908376,97.1218032836914,192967800,0.0,0.0,0.0
2008-04-11,96.02934744600509,96.47917635537934,94.97258126692101,95.23677825927734,222973300,0.0,0.0,0.0
2008-04-14,95.10113532105984,95.3510379119102,94.64415906575023,94.91548156738281,160522000,0.0,0.0,0.0
2008-04-15,95.37959178004567,95.45813507370544,94.48705930444468,95.13682556152344,172389200,0.0,0.0,0.0
2008-04-16,96.065015568274,97.75726393327096,96.05074289839584,97.71442413330078,189268900,0.0,0.0,0.0
2008-04-17,97.12182335010357,98.00007231363206,96.8647735442937,97.85726928710938,179665700,0.0,0.0,0.0
2008-04-18,99.20674492605318,99.64943742904315,98.72120172375578,98.87828826904297,218530600,0.0,0.0,0.0
2008-04-21,98.69979018973658,99.23530957720881,98.42846777546612,98.92828369140625,118587400,0.0,0.0,0.0
2008-04-22,98.67124329580523,98.75692291946206,97.75014376081083,98.49273681640625,162166000,0.0,0.0,0.0
2008-04-23,98.59982602902609,99.09250560384328,97.90722008981493,98.33563995361328,193309000,0.0,0.0,0.0
2008-04-24,98.5927213121864,99.77800720634366,97.8501280961374,98.76409149169922,229381300,0.0,0.0,0.0
2008-04-25,99.5352027712401,99.88507937279377,98.47131118874968,99.67801666259766,190788100,0.0,0.0,0.0
2008-04-28,99.87795412067318,100.14214023769746,99.52094114299868,99.69944763183594,105610200,0.0,0.0,0.0
2008-04-29,99.52807083649508,99.77083703026722,98.97113150011393,99.30672454833984,125514100,0.0,0.0,0.0
2008-04-30,99.45665239334537,100.38488814509364,98.72120666503906,98.72120666503906,208395900,0.0,0.0,0.0
2008-05-01,98.80694202311712,100.76336669921875,98.7283987108899,100.76336669921875,187279500,0.0,0.0,0.0
2008-05-02,101.63445960690356,101.655879515581,100.36349418123825,101.04181671142578,181585500,0.0,0.0,0.0
2008-05-05,100.71330750324849,101.11316007396431,100.2563315802639,100.55622100830078,118504500,0.0,0.0,0.0
2008-05-06,99.97786656456772,101.5344371273488,99.74223681150009,101.42733764648438,179339800,0.0,0.0,0.0
2008-05-07,101.31310998436444,101.42020948536434,99.34240289979094,99.6208724975586,199267300,0.0,0.0,0.0
2008-05-08,99.77792852195729,100.19206462448099,99.23526216236401,99.3637924194336,178321200,0.0,0.0,0.0
2008-05-09,98.96397024824564,99.5280457794312,98.85685985195636,99.17816925048828,152588200,0.0,0.0,0.0
2008-05-12,99.42806978011419,100.36344161973815,99.05677339887035,100.29204559326172,147865900,0.0,0.0,0.0
2008-05-13,100.53484421504402,100.59910392820917,99.77083130795805,100.30635070800781,159132200,0.0,0.0,0.0
2008-05-14,100.72760709810952,101.53444870131423,100.29205100100177,100.51339721679688,181910800,0.0,0.0,0.0
2008-05-15,100.70622366551642,101.84153330184873,100.5562843046995,101.77012634277344,166927000,0.0,0.0,0.0
2008-05-16,102.0057180085277,102.0128543436921,101.11318583040996,101.8629150390625,204236800,0.0,0.0,0.0
2008-05-19,101.97005591643367,103.0339586266861,101.60590656226958,102.14142608642578,165664400,0.0,0.0,0.0
2008-05-20,101.5844512651302,101.63442740448542,100.6776354694742,101.31311798095703,178552100,0.0,0.0,0.0
2008-05-21,101.25599087820973,101.47733711969927,99.24958024384527,99.59945678710938,252724800,0.0,0.0,0.0
2008-05-22,99.55661564019982,100.08499867343919,99.2495897648532,99.61373901367188,170820400,0.0,0.0,0.0
2008-05-23,99.28526692135279,99.72082299536739,98.19280856926422,98.27848815917969,181376400,0.0,0.0,0.0
2008-05-27,98.39274288680976,99.24957154122569,98.19995289863674,99.00680541992188,168322900,0.0,0.0,0.0
2008-05-28,99.37097930252584,99.96362208372837,98.5355703396751,99.46380615234375,181288100,0.0,0.0,0.0
2008-05-29,99.34242401868106,100.62766188457609,99.30672054570168,99.963623046875,173927200,0.0,0.0,0.0
2008-05-30,100.29922638074191,100.49201643849081,99.92079349767606,100.21354675292969,117362000,0.0,0.0,0.0
2008-06-02,99.84221884294435,99.86363874316862,98.53555045342443,99.17816925048828,181069900,0.0,0.0,0.0
2008-06-03,99.46380673149925,99.69228934638969,97.98576793811615,98.5998306274414,271965700,0.0,0.0,0.0
2008-06-04,98.32141024505925,99.36389334060088,98.15005092180769,98.5499038696289,246637700,0.0,0.0,0.0
2008-06-05,98.94967644088295,100.59907395843197,98.764033693099,100.5205307006836,237867100,0.0,0.0,0.0
2008-06-06,99.6422985530083,99.8208049958137,97.26459142742014,97.31456756591797,384276300,0.0,0.0,0.0
2008-06-09,97.72159445885565,98.17857064276785,96.68625898383897,97.55022430419922,228263900,0.0,0.0,0.0
2008-06-10,96.87189196434493,97.89295466070722,96.64340934320454,97.06468200683594,260234900,0.0,0.0,0.0
2008-06-11,97.0860988482121,97.29316155756008,95.62947996562488,95.63662719726562,283890100,0.0,0.0,0.0
2008-06-12,96.10789625615635,97.01470135896271,95.33674693053422,96.00078582763672,252791800,0.0,0.0,0.0
2008-06-13,96.51490288553549,97.47884244121143,95.97938333130958,97.21464538574219,244726900,0.0,0.0,0.0
2008-06-16,96.78624176499211,97.77159039189634,96.72198202968454,97.27177429199219,185832500,0.0,0.0,0.0
2008-06-17,97.87150698449166,97.9071995530133,96.65765459006793,96.80046844482422,191707700,0.0,0.0,0.0
2008-06-18,96.17215962014967,96.76480248253237,95.47241722036055,95.85798645019531,265893000,0.0,0.0,0.0
2008-06-19,95.7865572113514,96.56485361773782,95.32244479699919,95.9793472290039,304204900,0.0,0.0,0.0
2008-06-20,95.32560094485002,95.50500022889995,94.16309708809877,94.42143249511719,289275700,0.669,0.0,0.0
2008-06-23,94.78742498221249,94.88788816649415,94.2348829434963,94.32816314697266,165096400,0.0,0.0,0.0
2008-06-24,94.04112312528436,95.03858287882875,93.42398904361669,94.14158630371094,267300600,0.0,0.0,0.0
2008-06-25,94.52194381613535,95.72750236335737,94.17750008116748,94.5865249633789,287853900,0.0,0.0,0.0
2008-06-26,93.69664904859937,94.30659995160507,91.90982850992269,92.01746368408203,297775000,0.0,0.0,0.0
2008-06-27,92.05336511983967,92.46957279704826,91.16354615205354,91.51516723632812,303423400,0.0,0.0,0.0
2008-06-30,91.77353289262426,92.50548532124307,91.35015304603466,91.83811950683594,258842600,0.0,0.0,0.0
2008-07-01,90.79039302879362,92.18971081814709,90.36701331946784,92.12512969970703,388622000,0.0,0.0,0.0
2008-07-02,92.41934872670474,92.684867165656,90.38137508265814,90.54642486572266,288064600,0.0,0.0,0.0
2008-07-03,91.21378947891172,91.21378947891172,89.6924812947176,90.63970947265625,239352500,0.0,0.0,0.0
2008-07-07,90.98418564667385,91.37886097794434,88.9246788968044,89.71403503417969,372427300,0.0,0.0,0.0
2008-07-08,89.6924891304221,91.41472382481349,89.12558658029813,91.30708312988281,375973700,0.0,0.0,0.0
2008-07-09,91.49366902098404,91.66589086501128,89.26194065628943,89.54898071289062,336729400,0.0,0.0,0.0
2008-07-10,89.29062070978071,90.26655334954717,88.68066417863473,89.91493225097656,436475700,0.0,0.0,0.0
2008-07-11,88.96053205225289,90.34549496520617,87.89848571220699,88.86724090576172,481124600,0.0,0.0,0.0
2008-07-14,89.8862275279014,90.05844932433357,87.83389908140809,88.06352996826172,322720800,0.0,0.0,0.0
2008-07-15,87.40338604937857,88.61612221747981,86.12605777835127,86.82212829589844,502502500,0.0,0.0,0.0
2008-07-16,87.1521757880376,89.39108097257339,86.90101786865826,88.9533462524414,371642900,0.0,0.0,0.0
2008-07-17,89.80010083308771,90.60381155761182,89.0466216866694,89.84315490722656,375490600,0.0,0.0,0.0
2008-07-18,90.53925572728726,90.71865506358203,89.80730884413121,90.40291595458984,267030100,0.0,0.0,0.0
2008-07-21,90.7832190395107,90.99132287471281,89.83599099900941,90.453125,222863000,0.0,0.0,0.0
2008-07-22,89.8072985166825,91.70893235769415,89.59201714795188,91.47930145263672,296904200,0.0,0.0,0.0
2008-07-23,91.77353800524533,92.67770685590894,91.52955749866966,91.9744644165039,311698400,0.0,0.0,0.0
2008-07-24,92.09644741504724,92.14668448873863,89.81449294565273,90.0656509399414,248634500,0.0,0.0,0.0
2008-07-25,90.33830990167289,90.76886712113807,89.82163904838181,90.04409790039062,219131000,0.0,0.0,0.0
2008-07-28,90.0656486955455,90.4603239696401,88.56586732445219,88.72373962402344,205201300,0.0,0.0,0.0
2008-07-29,88.96771643132845,90.68994558633679,88.72373050030806,90.6181869506836,261505600,0.0,0.0,0.0
2008-07-30,91.21377096517158,92.2829946229303,90.61816403766811,92.23275756835938,354710000,0.0,0.0,0.0
2008-07-31,91.42190104817846,92.26149408617299,90.86934803749973,91.01287078857422,277402100,0.0,0.0,0.0
2008-08-01,91.22095132013081,91.33576401676669,90.02973742789709,90.53205871582031,248690900,0.0,0.0,0.0
2008-08-04,90.44596901785164,90.51772765658927,89.52744530241019,89.69248962402344,188239600,0.0,0.0,0.0
2008-08-05,90.43161346187821,92.25431134399582,89.6781395474102,92.11079406738281,251577600,0.0,0.0,0.0
2008-08-06,91.86682347516864,92.78534728380589,91.47932021686847,92.51982879638672,209555400,0.0,0.0,0.0
2008-08-07,91.82375938321832,92.16820853190197,90.80477242539747,91.14204406738281,246312500,0.0,0.0,0.0
2008-08-08,90.83344205484529,93.23738576536023,90.68991935022632,92.83553314208984,260811700,0.0,0.0,0.0
2008-08-11,92.90732504765198,94.371218749226,92.73509775054549,93.79714965820312,249425800,0.0,0.0,0.0
2008-08-12,93.48854993195827,93.78993940199729,92.37627222965011,92.8211898803711,213200800,0.0,0.0,0.0
2008-08-13,92.41932063025168,93.03645454044383,91.61561542615479,92.26145935058594,256393200,0.0,0.0,0.0
2008-08-14,91.7376368205634,93.48857599627637,91.67305569104921,92.95755004882812,239555300,0.0,0.0,0.0
2008-08-15,93.23739492991135,93.64643057215712,92.78531615912752,93.40962219238281,181000800,0.0,0.0,0.0
2008-08-18,93.59617925595043,93.63206129887367,91.60844328401714,92.13228607177734,172275100,0.0,0.0,0.0
2008-08-19,91.43622965933999,91.62998396023872,90.79756861901673,91.1276626586914,194673700,0.0,0.0,0.0
2008-08-20,91.41472591863484,91.81657868242496,90.66124651169507,91.55107116699219,225498200,0.0,0.0,0.0
2008-08-21,90.95542139807517,92.16816210199535,90.84778075115865,91.70890045166016,180609800,0.0,0.0,0.0
2008-08-22,92.33325663361558,93.0364990234375,91.7089503961989,93.0364990234375,167715300,0.0,0.0,0.0
2008-08-25,92.42655909070086,93.03651038864535,90.95548204326266,91.14923095703125,171936900,0.0,0.0,0.0
2008-08-26,91.14919805160434,91.7591600790175,90.83345899223062,91.41471099853516,159117200,0.0,0.0,0.0
2008-08-27,91.52952102681996,92.4480445264738,91.35012173470533,92.30452728271484,171032800,0.0,0.0,0.0
2008-08-28,92.77096463651542,93.53161591244071,92.64897442713723,93.42398071289062,167537100,0.0,0.0,0.0
2008-08-29,93.09385444597736,93.38807183979343,92.21838524221215,92.4193115234375,189195800,0.0,0.0,0.0
2008-09-02,93.30916726070856,93.79713907260658,91.50799667428267,91.84526824951172,252364900,0.0,0.0,0.0
2008-09-03,91.76636505126953,92.2112774660148,91.08464962569577,91.76636505126953,251947000,0.0,0.0,0.0
2008-09-04,91.11333909749953,91.29991594696544,88.95336947722795,89.00360107421875,340042500,0.0,0.0,0.0
2008-09-05,88.4725945959712,89.66380357433698,87.54689318320149,89.28347778320312,289503400,0.0,0.0,0.0
2008-09-08,91.88113639876453,92.02466459182361,89.28343815941926,91.1276626586914,364075300,0.0,0.0,0.0
2008-09-09,91.2066080831418,91.39318489844192,88.12094323691723,88.42233276367188,377326800,0.0,0.0,0.0
2008-09-10,88.90307994235853,89.62785434789261,87.9415027195249,88.78108978271484,298916600,0.0,0.0,0.0
2008-09-11,87.63299619914004,90.23069527554524,87.25984248633945,90.0656509399414,375369400,0.0,0.0,0.0
2008-09-12,89.1901626495607,90.56794805235812,88.86006857231753,90.4818344116211,297851200,0.0,0.0,0.0
2008-09-15,87.28137791650371,90.16612279896538,86.03275985721729,86.17627716064453,483607000,0.0,0.0,0.0
2008-09-16,84.10239425853071,87.77649409479577,83.95887700059941,87.61862182617188,581744300,0.0,0.0,0.0
2008-09-17,85.8533505692491,87.43924013064078,83.24129652991769,83.67903137207031,624095600,0.0,0.0,0.0
2008-09-18,84.71237431719508,87.3961870303743,81.66258540113526,86.16191864013672,776114700,0.0,0.0,0.0
2008-09-19,91.44586929126957,92.38414799697357,89.01357141896233,89.58375549316406,501087800,0.691,0.0,0.0
2008-09-22,89.82191614708165,90.0384436651182,86.86995698988963,87.55561828613281,249966500,0.0,0.0,0.0
2008-09-23,87.22359181763942,88.06803901667952,85.36869229605765,85.56356811523438,327470400,0.0,0.0,0.0
2008-09-24,86.14096362802978,86.61010278609218,85.01503405389764,85.83782958984375,311818400,0.0,0.0,0.0
2008-09-25,86.17706447227155,87.98866089735694,85.48418422152892,87.1802978515625,328253000,0.0,0.0,0.0
2008-09-26,85.76565277685413,87.69272617872254,85.53469273063605,87.22358703613281,285917400,0.0,0.0,0.0
2008-09-29,85.98944000180481,86.13378804334853,80.09273384969434,80.3886489868164,459562300,0.0,0.0,0.0
2008-09-30,81.92594975113525,84.30051097582093,79.77512955305835,83.71588897705078,328154400,0.0,0.0,0.0
2008-10-01,83.19621935704717,84.22110976502366,82.24350844041649,83.76640319824219,332783000,0.0,0.0,0.0
2008-10-02,82.96525544412854,83.08073821969467,80.15764516480856,80.72782897949219,365337800,0.0,0.0,0.0
2008-10-03,81.45679263057703,83.32612448835269,79.16162495360543,79.63797760009766,461798000,0.0,0.0,0.0
2008-10-06,77.33561153300057,77.67483534360925,72.6370115412411,75.58175659179688,610637500,0.0,0.0,0.0
2008-10-07,77.11185274815088,77.46551460447623,71.92246824601769,72.19673156738281,540012100,0.0,0.0,0.0
2008-10-08,70.38514323158728,73.74850496772214,69.87270076875772,70.3779296875,725414800,0.0,0.0,0.0
2008-10-09,71.92970821915044,72.62258852719144,65.13802857952781,65.46281433105469,534485200,0.0,0.0,0.0
2008-10-10,62.619135385717584,67.80130919979064,60.32396635928357,63.87498092651367,871026300,0.0,0.0,0.0
2008-10-13,67.75076565727596,73.14945983886719,64.92149766486445,73.14945983886719,455584000,0.0,0.0,0.0
2008-10-14,75.56730861113559,76.16636311298168,70.08922253338427,72.06681823730469,546268300,0.0,0.0,0.0
2008-10-15,70.34183572658281,70.58723387390302,64.74826675467556,64.97200775146484,484627500,0.0,0.0,0.0
2008-10-16,65.88863461507997,68.40032444588662,62.46031813701104,67.67857360839844,708811200,0.0,0.0,0.0
2008-10-17,66.3938769089275,71.15743269179474,66.14848419741959,67.2744140625,476649000,0.0,0.0,0.0
2008-10-20,68.81896504428889,71.52553162054454,67.90955713284033,71.31622314453125,321294200,0.0,0.0,0.0
2008-10-21,69.98817846415383,71.1935010217656,68.72511451890846,69.1870346069336,356502000,0.0,0.0,0.0
2008-10-22,67.26718283192615,69.18704290200826,63.17485648025319,65.41950225830078,516168000,0.0,0.0,0.0
2008-10-23,65.1668703225363,66.72584894623587,61.93342481533162,66.17732238769531,634666400,0.0,0.0,0.0
2008-10-24,60.670403244456814,64.89986565664606,60.62709993516242,62.821224212646484,545812600,0.0,0.0,0.0
2008-10-27,62.04891639687869,64.60391485835984,60.41053901729844,60.59097671508789,397288600,0.0,0.0,0.0
2008-10-28,63.0377403320442,68.01782417354494,61.00962144196515,67.67138671875,639939500,0.0,0.0,0.0
2008-10-29,67.67859992502882,70.13255482800642,66.47327687930236,67.18059539794922,531270100,0.0,0.0,0.0
2008-10-30,69.12930222171936,69.67783446262793,67.05066155491359,69.5046157836914,414582100,0.0,0.0,0.0
2008-10-31,68.62409681325,71.14300664359386,68.19104724885213,69.88716125488281,411394000,0.0,0.0,0.0
2008-11-03,69.85106187294537,70.5078579352347,69.25200721302672,70.08924102783203,205419400,0.0,0.0,0.0
2008-11-04,71.49661010302357,72.79576333891639,69.80049735531676,72.47097778320312,346793400,0.0,0.0,0.0
2008-11-05,71.59770639339155,72.68755208824203,68.56635399818653,69.42523956298828,387844100,0.0,0.0,0.0
2008-11-06,68.17659520852908,68.88391357414659,65.00088987448078,65.57829284667969,477721900,0.0,0.0,0.0
2008-11-07,66.1484840214916,67.84459786685836,65.3184692228796,67.7435531616211,380391000,0.0,0.0,0.0
2008-11-10,68.7178922919645,68.94885232529968,65.62158073140999,66.85577392578125,301773000,0.0,0.0,0.0
2008-11-11,65.50610217657771,66.50211626822687,63.983207593930324,64.79156494140625,418498200,0.0,0.0,0.0
2008-11-12,63.68008862827212,64.19974468587009,61.43544273723686,61.94066619873047,454330600,0.0,0.0,0.0
2008-11-13,62.164428662461766,66.20623977395037,59.24855316358482,65.80205535888672,753141900,0.0,0.0,0.0
2008-11-14,64.53174818768152,66.44438359560617,62.44588309904662,62.518062591552734,540352300,0.0,0.0,0.0
2008-11-17,62.344851327435904,63.91826877639943,61.4643197056599,61.68806076049805,415254900,0.0,0.0,0.0
2008-11-18,61.45708773803644,62.951111820042556,59.84036732958337,62.850067138671875,523811800,0.0,0.0,0.0
2008-11-19,62.00563277120765,62.698513089623475,58.404091216718065,58.82270812988281,558327600,0.0,0.0,0.0
2008-11-20,57.83389067494867,59.5516611344073,54.16740072912935,54.45609664916992,814180400,0.0,0.0,0.0
2008-11-21,55.906803546706016,58.38962749409798,53.65493958233746,57.39360809326172,718536500,0.0,0.0,0.0
2008-11-24,59.12581909093726,62.78509510958495,57.99988970259063,61.37046432495117,523305300,0.0,0.0,0.0
2008-11-25,63.008843224060236,63.16041022209217,60.49714816940792,61.825172424316406,454112400,0.0,0.0,0.0
2008-11-26,60.84359007261739,64.37295077900369,60.80028128343564,64.21416473388672,370134200,0.0,0.0,0.0
2008-11-28,63.968841603284396,65.05146899105887,63.86058326972907,65.02259826660156,118308100,0.0,0.0,0.0
2008-12-01,63.16043020350373,63.18930090367019,59.082536039252304,59.26297378540039,369927100,0.0,0.0,0.0
2008-12-02,60.24455649809728,61.702491086685704,59.212452353883,61.543704986572266,469508400,0.0,0.0,0.0
2008-12-03,60.19403379114587,63.391390903684936,60.00637699153334,63.02329635620117,519863500,0.0,0.0,0.0
2008-12-04,62.11391089717895,63.55019985132552,60.439448215168284,61.56538391113281,444173800,0.0,0.0,0.0
2008-12-05,60.374472418885354,63.817222275571176,59.35680086292951,63.463565826416016,471905300,0.0,0.0,0.0
2008-12-08,65.2029707029508,66.67534313289445,63.571817707693825,65.67932891845703,412859300,0.0,0.0,0.0
2008-12-09,65.224650922792,66.49492893369697,64.2214173030371,64.59672546386719,370790000,0.0,0.0,0.0
2008-12-10,65.18853906946966,65.93916064324303,64.23582813093466,65.03697204589844,396187400,0.0,0.0,0.0
2008-12-11,64.62558758972341,65.67934342789363,63.05938918339309,63.470787048339844,365061000,0.0,0.0,0.0
2008-12-12,61.74579531029671,64.28635620407266,61.49317807529842,64.2286148071289,415060400,0.0,0.0,0.0
2008-12-15,64.25026613616475,64.34409728236436,62.27988915729032,63.33364486694336,256694200,0.0,0.0,0.0
2008-12-16,66.31446075439453,66.41550542470371,63.64398502790055,66.31446075439453,377699500,0.0,0.0,0.0
2008-12-17,65.56386301076586,66.71145004841719,65.00089807047497,65.67212677001953,281819800,0.0,0.0,0.0
2008-12-18,65.96803963773569,66.1629099764065,63.6656522855913,64.44514465332031,374673300,0.0,0.0,0.0
2008-12-19,64.83006055470882,65.93603104533324,64.09517277947249,64.16793823242188,301451300,0.719,0.0,0.0
2008-12-22,64.45169634263802,64.51717857928031,62.203378513780294,63.345726013183594,243759500,0.0,0.0,0.0
2008-12-23,63.68771746336605,63.97876264239462,62.4289549745632,62.690895080566406,221625200,0.0,0.0,0.0
2008-12-24,62.901857871335245,63.20745817168143,62.57443571887628,63.05466079711914,62061600,0.0,0.0,0.0
2008-12-26,63.47669594560393,63.520356321192644,62.93826609061647,63.41849136352539,74767700,0.0,0.0,0.0
2008-12-29,63.47665248357518,63.54214022650732,62.28337332402557,63.23654556274414,127795900,0.0,0.0,0.0
2008-12-30,63.67313350093282,64.793653230018,63.214735786039476,64.73544311523438,168256300,0.0,0.0,0.0
2008-12-31,64.8154907891616,66.19067304683162,64.66269337733415,65.65951538085938,193987200,0.0,0.0,0.0
2009-01-02,65.80503646444822,67.98786600960712,65.37574376726455,67.63861083984375,227566300,0.0,0.0,0.0
2009-01-05,67.39849581278234,68.14793859246207,66.8600660988497,67.5585708618164,240349700,0.0,0.0,0.0
2009-01-06,68.13338166555589,68.72274383095053,67.43487691921572,68.00968933105469,328260900,0.0,0.0,0.0
2009-01-07,66.94011947529421,67.12929962815399,65.6304192650707,65.97239685058594,280899200,0.0,0.0,0.0
2009-01-08,65.60129782468938,66.27796956404896,65.2447650497656,66.24159240722656,263834400,0.0,0.0,0.0
2009-01-09,66.3289271228737,66.44534183072328,62.10878710227392,64.82276916503906,330953600,0.0,0.0,0.0
2009-01-12,64.64085287354666,64.69179088943406,62.87276636393503,63.26567077636719,277858500,0.0,0.0,0.0
2009-01-13,63.10563217500134,63.94237942538915,62.719994123776715,63.38212203979492,356432300,0.0,0.0,0.0
2009-01-14,62.23975675973779,62.39255418547376,60.508047050173246,61.38845443725586,435491600,0.0,0.0,0.0
2009-01-15,61.20656744124368,62.02876490726263,59.46030198170333,61.41029739379883,532647300,0.0,0.0,0.0
2009-01-16,62.47258158063904,62.56716886181399,60.427999697658244,61.8904914855957,399237200,0.0,0.0,0.0
2009-01-20,61.28659031537092,61.8905023725238,58.24518041377265,58.62353515625,419855200,0.0,0.0,0.0
2009-01-21,59.62037796044583,61.29387798855055,58.550790142904475,61.155635833740234,364360700,0.0,0.0,0.0
2009-01-22,59.96962320468715,61.14835356699487,59.06011057824664,60.20973587036133,427940300,0.0,0.0,0.0
2009-01-23,58.863632224661096,61.11194377692923,58.623519665325055,60.471649169921875,386800600,0.0,0.0,0.0
2009-01-26,60.82091815719535,62.10879098539925,60.25338323678977,60.88640594482422,317978800,0.0,0.0,0.0
2009-01-27,61.213814873163265,61.9559800311649,60.6099029147071,61.504859924316406,273789700,0.0,0.0,0.0
2009-01-28,62.86547579058928,63.993267433867395,62.62536327028099,63.58580780029297,330007000,0.0,0.0,0.0
2009-01-29,62.654486431368504,63.65858605483556,61.46120668711278,61.51941680908203,294392500,0.0,0.0,0.0
2009-01-30,61.832287551614435,62.137882356598155,59.81680515660191,60.26792526245117,383383600,0.0,0.0,0.0
2009-02-02,59.35112640058325,60.52257852866331,59.161946313424124,60.08601379394531,288233300,0.0,0.0,0.0
2009-02-03,60.464364874207746,61.381154649252636,59.824070337553394,60.93003463745117,278385800,0.0,0.0,0.0
2009-02-04,61.337523134258866,62.11606558572989,60.42073301109836,60.63174057006836,322989300,0.0,0.0,0.0
2009-02-05,60.17332615769243,62.057838361129456,56.55711023982945,61.533958435058594,417679400,0.0,0.0,0.0
2009-02-06,61.74497124969183,63.549440537871156,61.61400125690281,63.287506103515625,366101700,0.0,0.0,0.0
2009-02-09,63.272959576648404,63.84049444040047,62.807289660173716,63.37482452392578,240075200,0.0,0.0,0.0
2009-02-10,62.77089318466534,63.323878170984734,59.9914240512498,60.471649169921875,536212800,0.0,0.0,0.0
2009-02-11,60.719039632946455,61.155609982996566,59.955052622803954,60.828182220458984,324442500,0.0,0.0,0.0
2009-02-12,59.7877325009776,60.988290515505284,58.972812579339895,60.87187576293945,469302200,0.0,0.0,0.0
2009-02-13,60.79180385964722,61.29385087034578,60.202436119193926,60.21699142456055,293998400,0.0,0.0,0.0
2009-02-17,58.3252133348759,60.36251776208626,57.60487552357928,57.641258239746094,478910100,0.0,0.0,0.0
2009-02-18,58.05601028277541,58.165152907527066,56.95731748239785,57.50302505493164,362964800,0.0,0.0,0.0
2009-02-19,58.09238175735608,58.317944640039094,56.76813173331364,56.884552001953125,316867500,0.0,0.0,0.0
2009-02-20,55.829518722949395,57.00096573639509,55.13100822560609,56.331565856933594,477176600,0.0,0.0,0.0
2009-02-23,56.95001837656169,56.95001837656169,54.27241400714744,54.31607437133789,379641400,0.0,0.0,0.0
2009-02-24,54.78174627508472,56.7171855895351,54.352453576929854,56.375213623046875,426260900,0.0,0.0,0.0
2009-02-25,56.127821993586466,57.05916169030448,55.0291295929789,55.93136978149414,461985800,0.0,0.0,0.0
2009-02-26,56.62258979486554,57.96866670481254,54.956362822644216,55.0218505859375,363353900,0.0,0.0,0.0
2009-02-27,53.85040066568747,55.07278530210008,53.70487538086334,53.79219055175781,470510900,0.0,0.0,0.0
2009-03-02,52.76628034021925,53.78493555823936,51.201923115686725,51.36927032470703,426452600,0.0,0.0,0.0
2009-03-03,52.104151170643384,52.16963340432988,50.67075862023151,50.9836311340332,443761000,0.0,0.0,0.0
2009-03-04,51.82766986455767,53.02094998443712,50.983639483985876,52.19147491455078,462753100,0.0,0.0,0.0
2009-03-05,51.005448323173184,52.191455907003665,49.601161119576545,50.0595588684082,485549400,0.0,0.0,0.0
2009-03-06,50.49613635466105,51.260123542754336,48.82263109293003,50.146881103515625,490470000,0.0,0.0,0.0
2009-03-09,49.441109156907466,50.93271223572958,49.28103958148139,49.55752944946289,379905300,0.0,0.0,0.0
2009-03-10,50.57616489273805,52.657129617483434,50.47429995246851,52.51160430908203,406227900,0.0,0.0,0.0
2009-03-11,53.11550130395008,53.661208509127654,52.264199396166056,52.85356140136719,356648300,0.0,0.0,0.0
2009-03-12,52.83905492683515,55.11647286320365,52.36610718476062,54.9345703125,409702700,0.0,0.0,0.0
2009-03-13,55.305652672411895,56.011435452260706,54.37431250770532,55.36385726928711,337474700,0.0,0.0,0.0
2009-03-16,55.99684559602335,56.73173299658157,55.16009327474084,55.196475982666016,360644900,0.0,0.0,0.0
2009-03-17,55.349294404419574,57.015522028560575,54.89817419027749,56.884552001953125,356814300,0.0,0.0,0.0
2009-03-18,56.61533223559799,58.863650018739264,56.076902390777654,58.157867431640625,473273200,0.0,0.0,0.0
2009-03-19,58.88548056751536,58.936413048100555,57.255635637564936,57.437538146972656,428520400,0.0,0.0,0.0
2009-03-20,57.716713844396544,57.826637598974415,56.08252819009001,56.21443557739258,371078200,0.561,0.0,0.0
2009-03-23,57.702061792282684,60.30356675815436,57.38694997042461,60.25226974487305,419933300,0.0,0.0,0.0
2009-03-24,59.53410831845117,60.354866154311644,58.999154528961974,59.06510543823242,330271000,0.0,0.0,0.0
2009-03-25,59.52677691815505,60.60401410841395,57.936558455387335,59.687992095947266,441775100,0.0,0.0,0.0
2009-03-26,60.27425253093755,61.04371331026771,59.592731883545284,60.904476165771484,422025200,0.0,0.0,0.0
2009-03-27,60.12770131814396,60.47945072297029,59.58541213335641,59.805259704589844,322332300,0.0,0.0,0.0
2009-03-30,58.478863681679705,58.5301607049233,57.13047599920269,57.73871612548828,324108500,0.0,0.0,0.0
2009-03-31,58.30297213020334,59.41685812133617,57.92923914338777,58.273658752441406,364238300,0.0,0.0,0.0
2009-04-01,57.548200538221835,59.666044254204074,57.40163916469093,59.40222930908203,377018300,0.0,0.0,0.0
2009-04-02,60.88249958765389,62.00370984278936,59.453501630536444,61.13898468017578,476230700,0.0,0.0,0.0
2009-04-03,61.1829652421394,61.76189205723928,60.58205478447168,61.74723815917969,284646300,0.0,0.0,0.0
2009-04-06,61.073034678746076,61.76188522139974,60.30357931925067,61.26356887817383,264866600,0.0,0.0,0.0
2009-04-07,60.27426522344501,60.56739346734298,59.73198160635532,59.83457565307617,258947800,0.0,0.0,0.0
2009-04-08,60.13503635509367,60.77991969892759,59.75397349906571,60.479461669921875,230402800,0.0,0.0,0.0
2009-04-09,62.04767916346217,62.890420716058514,61.798523805644685,62.88309097290039,269653500,0.0,0.0,0.0
2009-04-13,62.230902868070515,63.418070034136484,61.981747433131886,62.897769927978516,224847500,0.0,0.0,0.0
2009-04-14,62.311472260605925,62.8464315053283,61.61529785936077,61.81315612792969,276598800,0.0,0.0,0.0
2009-04-15,61.43941899660232,62.597272035172836,61.27087409573244,62.472694396972656,250726100,0.0,0.0,0.0
2009-04-16,62.97104598033663,63.86508476413885,62.12097448394856,63.38875198364258,335202900,0.0,0.0,0.0
2009-04-17,63.630554447513056,64.23146466435236,63.124908507274064,63.813758850097656,262649000,0.0,0.0,0.0
2009-04-20,62.68523056917936,63.79178692943746,61.073028175838324,61.13898468017578,293690100,0.0,0.0,0.0
2009-04-21,60.6919556568259,62.38476258643411,60.64065864656367,62.333465576171875,114090900,0.0,0.0,0.0
2009-04-22,61.76920341543903,63.271476316961206,61.60798262998815,61.95240783691406,340395200,0.0,0.0,0.0
2009-04-23,62.0769837146993,62.5972835857961,61.28553929488091,62.560646057128906,324903700,0.0,0.0,0.0
2009-04-24,63.04429895182051,63.98230461083462,62.795143644687585,63.505977630615234,287703000,0.0,0.0,0.0
2009-04-27,62.78782713663078,63.76247611844946,62.685233095487334,62.90507507324219,289581600,0.0,0.0,0.0
2009-04-28,62.26750967388434,63.454670556336346,62.113618655453685,62.70719909667969,247926300,0.0,0.0,0.0
2009-04-29,63.40340856992343,64.75179654766858,63.24219331225245,64.04096221923828,311505700,0.0,0.0,0.0
2009-04-30,64.89099170917831,65.23541123696926,63.696495608769574,64.06290435791016,301419800,0.0,0.0,0.0
2009-05-01,64.07759048721996,64.64185773554267,63.54996077447574,64.40735626220703,236110300,0.0,0.0,0.0
2009-05-04,64.89104872020044,66.64248363256601,64.76646538691317,66.5985107421875,287120000,0.0,0.0,0.0
2009-05-05,66.37128448486328,66.63509924697964,65.8363252197512,66.37128448486328,243036300,0.0,0.0,0.0
2009-05-06,67.18472460906787,67.56578733971538,66.40060992113965,67.52182006835938,291941000,0.0,0.0,0.0
2009-05-07,68.15937569817596,68.26196972868235,66.15878092139081,66.58381652832031,317728000,0.0,0.0,0.0
2009-05-08,67.44123264261637,68.31328776117206,67.00887275117059,68.13741302490234,299081700,0.0,0.0,0.0
2009-05-11,67.19937725233649,67.49983517689321,66.71572050355292,66.8622817993164,247923600,0.0,0.0,0.0
2009-05-12,67.14811623657872,67.29468320186909,65.84370099576373,66.66445922851562,282431300,0.0,0.0,0.0
2009-05-13,65.76310602594238,65.96097007787004,64.8544129913068,64.98632049560547,269619100,0.0,0.0,0.0
2009-05-14,65.01558328416372,66.04152911995453,64.85436250541666,65.543212890625,260098700,0.0,0.0,0.0
2009-05-15,65.4919404104788,65.95361369358938,64.59790164141256,65.0082778930664,271502700,0.0,0.0,0.0
2009-05-18,65.62383866594979,66.93557765667232,64.90567473523134,66.85497283935547,241447400,0.0,0.0,0.0
2009-05-19,66.81833557051657,67.39726237571558,66.54719093791749,66.77436828613281,206102200,0.0,0.0,0.0
2009-05-20,67.38256972677846,68.0054691007781,66.25403564928386,66.32731628417969,285722200,0.0,0.0,0.0
2009-05-21,65.55788402747527,65.80704500315463,64.67850484603909,65.37467956542969,258988400,0.0,0.0,0.0
2009-05-22,65.55788476114918,65.95360707451104,64.98628772772314,65.23544311523438,166811900,0.0,0.0,0.0
2009-05-26,64.75176443844065,67.09677855302897,64.72245106313896,66.90625,236318500,0.0,0.0,0.0
2009-05-27,67.00883636779882,67.23600801175779,65.6091522094547,65.71174621582031,246015800,0.0,0.0,0.0
2009-05-28,66.29071202632117,66.9355898187232,65.29407915290882,66.6278076171875,289095000,0.0,0.0,0.0
2009-05-29,66.994196675468,68.6650202337639,66.45191311150221,67.80762481689453,258641500,0.0,0.0,0.0
2009-06-01,68.64302888923511,69.7422553795372,68.46715421625419,69.44912719726562,276246800,0.0,0.0,0.0
2009-06-02,69.17800095233132,69.88883510789186,69.05342326903573,69.50776672363281,230874500,0.0,0.0,0.0
2009-06-03,68.91418594324256,68.98013686097146,67.97618006250225,68.62838745117188,235310500,0.0,0.0,0.0
2009-06-04,68.88484674545344,69.37583314106548,68.37187671883697,69.27323913574219,210102300,0.0,0.0,0.0
2009-06-05,69.97675524478575,70.10866264431509,68.738297228546,69.28791046142578,284257900,0.0,0.0,0.0
2009-06-08,68.76762153140305,69.69097354988635,68.18137063009392,69.00212860107422,238565100,0.0,0.0,0.0
2009-06-09,69.39052496532689,69.72029076600519,68.89953274990918,69.3538818359375,225125500,0.0,0.0,0.0
2009-06-10,69.9694459692447,69.97677012175265,68.29129253716404,69.1780014038086,296100400,0.0,0.0,0.0
2009-06-11,69.30991172420283,70.4311221098891,69.29525223666285,69.48578643798828,275414200,0.0,0.0,0.0
2009-06-12,69.17799899755977,69.72028258496005,68.88487076971025,69.67631530761719,184361800,0.0,0.0,0.0
2009-06-15,68.85558171262448,68.8995490054998,67.71238737020354,68.07879638671875,224190500,0.0,0.0,0.0
2009-06-16,68.32063257691523,68.36459987294226,67.11148161754718,67.15544891357422,227319000,0.0,0.0,0.0
2009-06-17,67.12609981048664,67.66105918838836,66.56183264479648,67.08946228027344,223445200,0.0,0.0,0.0
2009-06-18,67.19206704847396,67.9102253741224,66.86962542171804,67.58045959472656,211725100,0.0,0.0,0.0
2009-06-19,68.2275016459557,68.31593291505803,67.44632315948117,67.82954406738281,215655600,0.518,0.0,0.0
2009-06-22,67.1662963148482,67.20314643349536,65.77344729257327,65.7955551147461,251913600,0.0,0.0,0.0
2009-06-23,65.93556671677568,66.23771626857905,65.47865119309081,65.84712982177734,188309800,0.0,0.0,0.0
2009-06-24,66.44408315828224,67.12208262988786,66.03138318303368,66.41460418701172,211577700,0.0,0.0,0.0
2009-06-25,66.08296182931736,67.92535513752318,66.00926722149676,67.8590316772461,279411000,0.0,0.0,0.0
2009-06-26,67.63057263491667,67.97694348441003,67.26209396482386,67.68215942382812,167579000,0.0,0.0,0.0
2009-06-29,67.88114632070386,68.40438539812536,67.50529647373902,68.31594848632812,168481300,0.0,0.0,0.0
2009-06-30,68.33066662590849,68.58122935361095,67.26207540399194,67.7632064819336,228888200,0.0,0.0,0.0
2009-07-01,68.05060130000045,68.70649815086747,67.95479892168899,68.0432357788086,173041100,0.0,0.0,0.0
2009-07-02,67.15891776453651,68.06537773148563,66.14928984633133,66.1861343383789,212309900,0.0,0.0,0.0
2009-07-06,65.54498064845812,66.27456676315985,65.33863351480815,66.17876434326172,174499600,0.0,0.0,0.0
2009-07-07,66.1124344485822,66.19350019616206,64.8522382214829,64.89645385742188,197088900,0.0,0.0,0.0
2009-07-08,65.28706666000653,65.4418326933519,64.11530685424805,64.85226440429688,248050500,0.0,0.0,0.0
2009-07-09,65.30179448245174,65.5155127992901,64.78592656079962,64.97753143310547,163777600,0.0,0.0,0.0
2009-07-10,64.63116628262858,65.21336334433441,64.37323229897136,64.8227767944336,173520300,0.0,0.0,0.0
2009-07-13,65.08068727145587,66.45142808669246,64.5500771981337,66.39984130859375,217413500,0.0,0.0,0.0
2009-07-14,66.60620838214096,66.83466900150563,66.12719056589822,66.77571105957031,181487400,0.0,0.0,0.0
2009-07-15,67.66002373054505,68.91285406627757,66.82726430330602,68.7286148071289,220877900,0.0,0.0,0.0
2009-07-16,68.5370144035036,69.64982126544069,68.40436189265988,68.61808013916016,231174500,0.0,0.0,0.0
2009-07-17,69.3182099607868,69.5098204555484,68.93499459380226,69.36979675292969,138561700,0.0,0.0,0.0
2009-07-20,69.7751067441002,70.22465107832133,69.41399929650093,70.10673522949219,164179400,0.0,0.0,0.0
2009-07-21,70.65211212608867,70.67421994978542,69.58352045958657,70.43102264404297,217718300,0.0,0.0,0.0
2009-07-22,69.98145969436494,70.84369832633557,69.92987291183348,70.41626739501953,196068100,0.0,0.0,0.0
2009-07-23,70.46048773107316,72.28077315724275,70.40152979780774,71.97125244140625,258795500,0.0,0.0,0.0
2009-07-24,71.63224564484867,72.32498728994794,71.25640147881799,72.26602935791016,154003100,0.0,0.0,0.0
2009-07-27,72.13336555965546,72.51658643552953,71.73540801434176,72.479736328125,159259400,0.0,0.0,0.0
2009-07-28,71.97125004598824,72.49448903559346,71.52907118375258,72.1407470703125,186685200,0.0,0.0,0.0
2009-07-29,71.80914492485493,72.28816283067842,71.470145129139,71.96390533447266,194399300,0.0,0.0,0.0
2009-07-30,72.83350732341025,73.57046478545618,72.6640046332224,72.71559143066406,225575400,0.0,0.0,0.0
2009-07-31,72.70086108183708,73.30516602840036,72.50187940114712,72.81877136230469,207358000,0.0,0.0,0.0
2009-08-03,73.58517372185645,74.08630483204112,73.1872161676624,74.01998138427734,175776900,0.0,0.0,0.0
2009-08-04,73.68836222508243,74.31477483424298,73.53360185970428,74.21160125732422,176714600,0.0,0.0,0.0
2009-08-05,74.2631784614878,74.32950753668283,73.38620317085946,73.99787902832031,184726400,0.0,0.0,0.0
2009-08-06,74.33689048219706,74.44742958750442,73.26829894307254,73.61466979980469,193203800,0.0,0.0,0.0
2009-08-07,74.38844283190583,75.19172327877556,73.98311422497609,74.58004760742188,220640900,0.0,0.0,0.0
2009-08-10,74.24106131164969,74.59480321563598,73.8946905534335,74.42530059814453,130898700,0.0,0.0,0.0
2009-08-11,74.09370653229401,74.14529333156223,73.29779109569341,73.49677276611328,157301000,0.0,0.0,0.0
2009-08-12,73.371470069894,74.84538473178846,73.33462557686957,74.2853012084961,219052400,0.0,0.0,0.0
2009-08-13,74.62428250969498,74.88221638743316,73.88732536042197,74.85273742675781,176449500,0.0,0.0,0.0
2009-08-14,74.81587618608725,74.87483409866375,73.47461459892008,74.27790069580078,199616100,0.0,0.0,0.0
2009-08-17,72.84822155867403,72.92191615767,72.30287477905884,72.45026397705078,237667500,0.0,0.0,0.0
2009-08-18,72.61242156606257,73.28305558979535,72.47976899117802,73.02511596679688,173461500,0.0,0.0,0.0
2009-08-19,72.45026394505811,73.9168128903566,72.37656934609468,73.66624450683594,192812800,0.0,0.0,0.0
2009-08-20,73.76203804225575,74.59480321563598,73.59991219307122,74.42530059814453,174131300,0.0,0.0,0.0
2009-08-21,75.03703424718752,76.0024470537339,74.88964495333994,75.88453674316406,224605000,0.0,0.0,0.0
2009-08-24,76.19402048864654,76.60671480826133,75.6044523555925,75.87712860107422,191279000,0.0,0.0,0.0
2009-08-25,76.17928123864411,76.83517281264807,75.86238936179087,76.02452087402344,215310600,0.0,0.0,0.0
2009-08-26,75.78867077152084,76.37823874181399,75.53073689296892,76.03186798095703,194620700,0.0,0.0,0.0
2009-08-27,75.9876900315847,76.43723456678102,75.12545108605984,76.20140838623047,196230100,0.0,0.0,0.0
2009-08-28,76.81307911036821,76.90151040781159,75.66342164075097,76.18666076660156,147024400,0.0,0.0,0.0
2009-08-31,75.44232826867284,75.5970886422378,75.01489164309045,75.50865173339844,176051600,0.0,0.0,0.0
2009-09-01,75.13280751773661,76.08348327433545,73.68837163390441,73.84313201904297,321276800,0.0,0.0,0.0
2009-09-02,73.53361611900333,74.0200107524011,73.37885572361476,73.56309509277344,171805000,0.0,0.0,0.0
2009-09-03,73.99052718281244,74.26319783380553,73.39358784048964,74.17476654052734,143572300,0.0,0.0,0.0
2009-09-04,74.32214190788004,75.23596737729932,74.10105809340364,75.21385955810547,142687900,0.0,0.0,0.0
2009-09-08,75.90661951867963,75.94346964124811,75.45707501153285,75.8624038696289,132909100,0.0,0.0,0.0
2009-09-09,75.99504327822646,76.70252165321104,75.7592171532316,76.44458770751953,154612500,0.0,0.0,0.0
2009-09-10,76.49616765376291,77.27734056870334,76.06873108340245,77.22575378417969,162902400,0.0,0.0,0.0
2009-09-11,77.37315294485492,77.60161355359823,76.84991388521716,77.21102142333984,152360100,0.0,0.0,0.0
2009-09-14,76.5551344078396,77.71952847540919,76.01715864237468,77.58687591552734,149593800,0.0,0.0,0.0
2009-09-15,77.7121359573355,78.19853041733116,77.203639303066,77.91111755371094,196795900,0.0,0.0,0.0
2009-09-16,78.19118957644592,79.10501530156165,77.91851890004226,79.09027862548828,206406300,0.0,0.0,0.0
2009-09-17,78.97970896926839,79.635600487214,78.53753573349594,78.97234344482422,229170900,0.0,0.0,0.0
2009-09-18,79.34112936016787,79.34853562030075,78.75615909473706,79.0227279663086,153799100,0.508,0.0,0.0
2009-09-21,78.40812431951298,79.23004391865209,78.2378199120922,78.82278442382812,151892000,0.0,0.0,0.0
2009-09-22,79.28925897876451,79.50399522551584,78.93383210327163,79.28185272216797,143126700,0.0,0.0,0.0
2009-09-23,79.46698110687196,79.99271241503563,78.48215786161411,78.62284851074219,225947400,0.0,0.0,0.0
2009-09-24,78.79315596049398,78.96346033608422,77.41588584364095,77.75650024414062,228636800,0.0,0.0,0.0
2009-09-25,77.58616771413327,78.01564013122595,77.07524343692585,77.34181213378906,204059000,0.0,0.0,0.0
2009-09-28,77.63800585226667,78.8968038233512,77.62319898994899,78.72649383544922,118285800,0.0,0.0,0.0
2009-09-29,78.86721069962698,79.24484513225836,78.32666683137057,78.48957061767578,133733900,0.0,0.0,0.0
2009-09-30,78.756121988154,78.83016760663197,77.46771014881801,78.18595886230469,254383000,0.0,0.0,0.0
2009-10-01,76.2681542837379,78.2896330917159,76.23112864814448,76.24594116210938,281840600,0.0,0.0,0.0
2009-10-02,75.54250512787544,76.3422115241225,75.52029200286631,75.8905258178711,224748800,0.0,0.0,0.0
2009-10-05,76.19411740104817,77.2455800404018,75.97197486064638,77.0234375,149875000,0.0,0.0,0.0
2009-10-06,77.57878940031446,78.57101894030157,77.53436315127549,78.12673950195312,202491100,0.0,0.0,0.0
2009-10-07,77.94899349177791,78.422897781252,77.80090228522297,78.34144592285156,159200300,0.0,0.0,0.0
2009-10-08,78.89682741255548,79.35591372279808,78.37849668737496,78.94125366210938,183305800,0.0,0.0,0.0
2009-10-09,78.96343932801278,79.42253112792969,78.75610936976568,79.42253112792969,135008300,0.0,0.0,0.0
2009-10-12,79.79277451882773,80.03712448545359,79.43734765478905,79.73353576660156,118031000,0.0,0.0,0.0
2009-10-13,79.5188080625327,79.75575744755382,79.05231554964331,79.57064056396484,157692700,0.0,0.0,0.0
2009-10-14,80.50364042738026,81.02196550086106,79.54103026312211,80.94051361083984,191421600,0.0,0.0,0.0
2009-10-15,80.54807441703049,81.23670959472656,80.51105442212132,81.23670959472656,173873600,0.0,0.0,0.0
2009-10-16,80.56286198298402,80.91087694408166,80.14079575636248,80.62950134277344,192069400,0.0,0.0,0.0
2009-10-19,80.76278386230281,81.54767754488104,80.51102764310538,81.2959213256836,159530400,0.0,0.0,0.0
2009-10-20,81.41441480904625,81.44403419258309,80.47402339136048,80.86647033691406,180921100,0.0,0.0,0.0
2009-10-21,80.74057734677511,81.68096859153569,80.08156171989373,80.14080047607422,225379300,0.0,0.0,0.0
2009-10-22,80.11118967232076,81.21448479000449,79.60026523188739,80.955322265625,238444000,0.0,0.0,0.0
2009-10-23,81.22189266508813,81.27372517099622,79.69652557105705,80.02973937988281,240033200,0.0,0.0,0.0
2009-10-26,80.11855842731971,80.940477570232,78.94121814922848,79.16336059570312,242028200,0.0,0.0,0.0
2009-10-27,79.25224568184366,79.51881446762893,78.60804249062878,78.8005599975586,253266300,0.0,0.0,0.0
2009-10-28,78.60060636640024,78.84496193540697,77.26776294392472,77.31219482421875,248821400,0.0,0.0,0.0
2009-10-29,77.88978894946628,79.12636849035565,77.7046720487588,78.97087097167969,198110600,0.0,0.0,0.0
2009-10-30,78.71169281896286,78.94864217886929,76.59395544322236,76.68280792236328,325608100,0.0,0.0,0.0
2009-11-02,77.10489192373079,78.05269523120273,76.32740430539634,77.2455825805664,254222900,0.0,0.0,0.0
2009-11-03,76.81608589996956,77.60098517943406,76.66799468084231,77.48991394042969,228362600,0.0,0.0,0.0
2009-11-04,78.12675163929197,78.73393495087137,77.4899489406452,77.68987274169922,247996700,0.0,0.0,0.0
2009-11-05,78.23779742176414,79.14116301086531,78.07489367066306,79.11894989013672,180015300,0.0,0.0,0.0
2009-11-06,78.68209073270764,79.52622336594956,78.52659321072302,79.3262939453125,170954100,0.0,0.0,0.0
2009-11-09,79.93345918759881,81.17744473299265,79.87422608491784,81.13301849365234,159495700,0.0,0.0,0.0
2009-11-10,80.94050477108284,81.39959667839817,80.6887485198357,81.14783477783203,171899800,0.0,0.0,0.0
2009-11-11,81.6809565868413,82.05859654034153,81.17003792550112,81.56248474121094,169466200,0.0,0.0,0.0
2009-11-12,81.45141622780562,81.87348243137697,80.52583195248964,80.73316192626953,157144500,0.0,0.0,0.0
2009-11-13,80.94051040979292,81.5180742257784,80.52585036740733,81.17005920410156,150963000,0.0,0.0,0.0
2009-11-16,81.73280741859918,82.70282376586718,81.68838117268372,82.34739685058594,210922200,0.0,0.0,0.0
2009-11-17,82.13265429574012,82.48067492696832,81.82165929948808,82.44364929199219,147134100,0.0,0.0,0.0
2009-11-18,82.38442983556946,82.51030797643541,81.87350536469987,82.39183044433594,156486800,0.0,0.0,0.0
2009-11-19,81.82907784428428,82.42144854762512,80.80722891841104,81.31815338134766,208734600,0.0,0.0,0.0
2009-11-20,80.89610400294661,81.27374414806539,80.71839331966987,81.02938842773438,134196000,0.0,0.0,0.0
2009-11-23,81.9846091229153,82.73988391668804,81.89575093863301,82.05865478515625,148010200,0.0,0.0,0.0
2009-11-24,82.19189264598255,82.3399838865181,81.45883140148977,82.18448638916016,138420100,0.0,0.0,0.0
2009-11-25,82.31778433735627,82.56214000891443,82.05862179903077,82.47328186035156,109564800,0.0,0.0,0.0
2009-11-27,80.26667293060619,81.68836908267961,80.18522105893672,81.13301849365234,126001800,0.0,0.0,0.0
2009-11-30,81.06636811814418,81.59949986573314,80.05933206828021,81.406982421875,160874800,0.0,0.0,0.0
2009-12-01,82.13268874392361,82.68063899493482,81.99200370050924,82.41407012939453,159613700,0.0,0.0,0.0
2009-12-02,82.39924254545922,82.93978643768436,82.1326737286523,82.37702941894531,132315100,0.0,0.0,0.0
2009-12-03,82.59916235239471,83.06565490275787,81.66617160234897,81.7328109741211,167324900,0.0,0.0,0.0
2009-12-04,82.8138633748277,83.21371641045958,81.48102557203886,82.19927978515625,274907800,0.0,0.0,0.0
2009-12-07,82.12527108203649,82.58435741678844,81.81427037059687,82.07343292236328,127973800,0.0,0.0,0.0
2009-12-08,81.48104468478908,82.02158279820638,80.9108815440233,81.16264343261719,169863700,0.0,0.0,0.0
2009-12-09,81.1404532362483,81.58473273358123,80.72578747599329,81.46625518798828,155063400,0.0,0.0,0.0
2009-12-10,81.969757361936,82.28075803338696,81.78464047028815,81.92533111572266,138014600,0.0,0.0,0.0
2009-12-11,82.2733383178711,82.45845517923803,81.9031045951372,82.2733383178711,124854000,0.0,0.0,0.0
2009-12-14,82.83612823486328,82.93238700745583,82.28817803891039,82.83612823486328,107141500,0.0,0.0,0.0
2009-12-15,82.53250931343692,82.87312369559423,82.1918949312796,82.45105743408203,120408800,0.0,0.0,0.0
2009-12-16,82.7842857612507,83.02863579295101,82.39183316022446,82.57695007324219,155358200,0.0,0.0,0.0
2009-12-17,81.98453929401649,82.1400367470768,81.51064068012298,81.58468627929688,183390100,0.0,0.0,0.0
2009-12-18,82.03885666253126,82.11330663184977,81.35396011078866,82.04630279541016,174591200,0.59,0.0,0.0
2009-12-21,82.4557197710631,83.15550261063147,82.4557197710631,82.88005828857422,118039600,0.0,0.0,0.0
2009-12-22,83.05872582989286,83.35650854173647,82.95450273270752,83.17784118652344,91707500,0.0,0.0,0.0
2009-12-23,83.37883110448692,83.4607214822717,83.00660417991332,83.34160614013672,111783100,0.0,0.0,0.0
2009-12-24,83.5203212773747,83.82554455600577,83.37887315718214,83.73621368408203,39677500,0.0,0.0,0.0
2009-12-28,84.04884262133378,84.11584074301345,83.61705801584618,83.91484069824219,87508500,0.0,0.0,0.0
2009-12-29,84.13073825935417,84.14562483852491,83.78829014110126,83.79573059082031,80572500,0.0,0.0,0.0
2009-12-30,83.55005881434893,83.86272807094423,83.5053877207409,83.76594543457031,73138400,0.0,0.0,0.0
2009-12-31,83.95207939312752,83.97441778525089,82.92473486506181,82.96195983886719,90637900,0.0,0.0,0.0
2010-01-04,83.65432031761914,84.41366110089209,83.01408925262625,84.3689956665039,118944600,0.0,0.0,0.0
2010-01-05,84.31683327451685,84.62950248623,84.01160451089352,84.59227752685547,111579900,0.0,0.0,0.0
2010-01-06,84.51042263821236,84.86031695618865,84.44342449888946,84.65187072753906,116074400,0.0,0.0,0.0
2010-01-07,84.49552599058522,85.11342415171399,84.25730094625924,85.00920104980469,131091100,0.0,0.0,0.0
2010-01-08,84.78586244133251,85.32931634013295,84.61464120837329,85.2920913696289,126402800,0.0,0.0,0.0
2010-01-11,85.67175921535063,85.70897850383191,85.04641496369827,85.41120147705078,106375700,0.0,0.0,0.0
2010-01-12,84.84543349125168,85.02410088241076,84.28709292411234,84.61465454101562,163333500,0.0,0.0,0.0
2010-01-13,84.83053429911118,85.56754787693785,84.39875527905939,85.3293228149414,161822000,0.0,0.0,0.0
2010-01-14,85.23255037011283,85.7164466827064,85.18043880904794,85.56011199951172,115718800,0.0,0.0,0.0
2010-01-15,85.41120446575296,85.49308917517017,84.27218514750105,84.59974670410156,212283100,0.0,0.0,0.0
2010-01-19,84.584828040662,85.70894899309619,84.56248965958538,85.6568374633789,139172700,0.0,0.0,0.0
2010-01-20,85.07620238992251,85.20275820705233,84.10841559572991,84.7858657836914,216490200,0.0,0.0,0.0
2010-01-21,84.80819874584756,85.06875651121888,83.05128684258194,83.15550994873047,344859600,0.0,0.0,0.0
2010-01-22,82.78328845275091,83.1852943230897,81.21248994595315,81.30182647705078,345942400,0.0,0.0,0.0
2010-01-25,82.04625810566766,82.19515228346835,81.4506984336613,81.71869659423828,186937500,0.0,0.0,0.0
2010-01-26,81.39861445413882,82.23985128300338,81.17528161582874,81.37628173828125,211168800,0.0,0.0,0.0
2010-01-27,81.27203202156029,81.94948780618196,80.64669346320113,81.76337432861328,271863600,0.0,0.0,0.0
2010-01-28,82.03140380326572,82.07606923431362,80.33404926663334,80.82538604736328,316104000,0.0,0.0,0.0
2010-01-29,81.1752726564481,81.74105934124266,79.82036647319833,79.9469223022461,310677600,0.0,0.0,0.0
2010-02-01,80.51270481266296,81.19760115995298,80.02880855521958,81.19015502929688,187865000,0.0,0.0,0.0
2010-02-02,81.33905895158212,82.3291786171411,81.05616275022166,82.17284393310547,216327900,0.0,0.0,0.0
2010-02-03,81.80059361628746,82.2472705062384,81.52514930451466,81.76337432861328,172730700,0.0,0.0,0.0
2010-02-04,81.13059888777863,81.16781817969492,79.22479279804065,79.23968505859375,356715700,0.0,0.0,0.0
2010-02-05,79.3290305727186,79.56725566802243,77.85501457044316,79.40348052978516,493585800,0.0,0.0,0.0
2010-02-08,79.46302314436058,79.90225398421389,78.77068065557053,78.83023834228516,224166900,0.0,0.0,0.0
2010-02-09,79.75336208632616,80.51270841468222,79.11313113486274,79.82036590576172,337820500,0.0,0.0,0.0
2010-02-10,79.6937879301857,80.10323414506531,78.99399948475178,79.66400909423828,240511500,0.0,0.0,0.0
2010-02-11,79.55978731601353,80.58713161429117,79.09822387084006,80.49779510498047,223591600,0.0,0.0,0.0
2010-02-12,79.6491376220434,80.47548207610177,79.29180285688683,80.43081665039062,304622100,0.0,0.0,0.0
2010-02-16,81.04124043332436,81.77824809873304,80.26700780633946,81.69635772705078,159317500,0.0,0.0,0.0
2010-02-17,82.09092891393537,82.19515768511155,81.69636925636539,82.08348846435547,168845100,0.0,0.0,0.0
2010-02-18,81.9494998716517,82.73861931521101,81.91972102928844,82.56739807128906,193708600,0.0,0.0,0.0
2010-02-19,82.35151095689967,83.05874004883354,82.15795130910567,82.7386245727539,222684900,0.0,0.0,0.0
2010-02-22,83.04384612765027,83.06617883893483,82.50783833788762,82.75350952148438,132346900,0.0,0.0,0.0
2010-02-23,82.53021454154451,82.78332630913395,81.53264270050451,81.74853515625,207497000,0.0,0.0,0.0
2010-02-24,81.99419808295565,82.63442925044606,81.78575178279331,82.50042724609375,176350700,0.0,0.0,0.0
2010-02-25,81.32414827092279,82.4482753307691,81.10081549276497,82.38871765136719,259634700,0.0,0.0,0.0
2010-02-26,82.46318201948758,82.72374551047642,81.97184524394105,82.44084930419922,173589300,0.0,0.0,0.0
2010-03-01,82.78327625535346,83.37884168211887,82.760943545803,83.29695129394531,147709700,0.0,0.0,0.0
2010-03-02,83.65430198109858,83.92974633909631,83.37885194336731,83.52774047851562,160992400,0.0,0.0,0.0
2010-03-03,83.74360758399797,84.10094791225302,83.39371338417561,83.60216522216797,150785000,0.0,0.0,0.0
2010-03-04,83.71385282108648,83.97441627356638,83.40118349379074,83.85530090332031,135770400,0.0,0.0,0.0
2010-03-05,84.3987233842233,85.12083874819943,84.19771769178341,85.05384063720703,176118800,0.0,0.0,0.0
2010-03-08,85.0613385391033,85.25489254182344,84.91989042349375,85.06877899169922,114631200,0.0,0.0,0.0
2010-03-09,84.81565295669091,85.60477245834814,84.77098752972431,85.21021270751953,154556700,0.0,0.0,0.0
2010-03-10,85.24747171444828,85.82069908171295,85.17302741320738,85.58992004394531,186088800,0.0,0.0,0.0
2010-03-11,85.38887929782818,85.9695582416414,85.12832151006612,85.94721984863281,160791100,0.0,0.0,0.0
2010-03-12,86.31946236477846,86.33435462945525,85.71645627926898,85.95468139648438,162074800,0.0,0.0,0.0
2010-03-15,85.80577612318274,86.03655506313096,85.31443371973127,85.97699737548828,146816800,0.0,0.0,0.0
2010-03-16,86.21524156350519,86.7438033791352,85.97701643984469,86.66191864013672,168673000,0.0,0.0,0.0
2010-03-17,86.92246358489689,87.45847145353866,86.669346233712,87.17557525634766,177468100,0.0,0.0,0.0
2010-03-18,87.18301670914781,87.30212640704616,86.78101082923993,87.13090515136719,196509100,0.0,0.0,0.0
2010-03-19,86.68987274169922,87.6765986566677,86.35348540740691,86.68987274169922,226641100,0.48,0.0,0.0
2010-03-22,86.19649599552886,87.3103044704581,86.14416984391708,87.1533203125,184477800,0.0,0.0,0.0
2010-03-23,87.28038464822109,87.84102431324773,86.99632356794311,87.76627349853516,182941600,0.0,0.0,0.0
2010-03-24,87.43740645988743,87.78126494069843,86.39835422133642,87.34022521972656,196072600,0.0,0.0,0.0
2010-03-25,87.9307396299693,88.33440094946151,87.09352122194635,87.19817352294922,223396300,0.0,0.0,0.0
2010-03-26,87.36264018881404,87.77377265275013,86.80200034452751,87.14585876464844,205808500,0.0,0.0,0.0
2010-03-29,87.58687603880682,87.85598356910901,87.22806980048546,87.69900512695312,134513500,0.0,0.0,0.0
2010-03-30,87.80364604009047,88.08023032791587,87.39251370767724,87.75879669189453,145772500,0.0,0.0,0.0
2010-03-31,87.422430081886,87.84851609956688,87.16827611136051,87.45980834960938,161078700,0.0,0.0,0.0
2010-04-01,88.05780792236328,88.39418944874193,87.53454079973659,88.05780792236328,161215200,0.0,0.0,0.0
2010-04-05,88.3942149712282,88.83524890884969,88.14753207232631,88.77545166015625,105847600,0.0,0.0,0.0
2010-04-06,88.52129214688676,89.14173494122309,88.42411662732893,88.98475646972656,110384200,0.0,0.0,0.0
2010-04-07,88.80532032244597,89.22392942424067,88.06527189918866,88.47640991210938,184576300,0.0,0.0,0.0
2010-04-08,88.16996242902589,88.93243585596282,87.90833162689019,88.78292846679688,158704000,0.0,0.0,0.0
2010-04-09,88.96979182563958,89.40335461863964,88.80534228292619,89.36598205566406,133006500,0.0,0.0,0.0
2010-04-12,89.47809413699446,89.73973056036408,89.3734418488954,89.50799560546875,110279000,0.0,0.0,0.0
2010-04-13,89.41832364492831,89.73228060311858,88.95485929965432,89.57530212402344,125043600,0.0,0.0,0.0
2010-04-14,89.90419645143173,90.5919189453125,89.76217157922235,90.5919189453125,161609000,0.0,0.0,0.0
2010-04-15,90.44241354521851,90.87597637179445,90.41251207064882,90.66667175292969,144615300,0.0,0.0,0.0
2010-04-16,90.34522508937602,90.66665876605497,88.76795817626791,89.22394561767578,366786700,0.0,0.0,0.0
2010-04-19,88.96232091502897,89.65003766889697,88.55865959346575,89.56033325195312,217947800,0.0,0.0,0.0
2010-04-20,90.12096240981488,90.434924980573,89.6051777567333,90.36016845703125,157708000,0.0,0.0,0.0
2010-04-21,90.41250016893362,90.62181046336833,89.69488198309602,90.19572448730469,192910100,0.0,0.0,0.0
2010-04-22,89.56033792262792,90.57696522185225,89.04455318188951,90.46483612060547,115360300,0.0,0.0,0.0
2010-04-23,90.40502049731771,91.09273714724328,90.17328554768486,91.05535888671875,177335500,0.0,0.0,0.0
2010-04-26,91.08527719584927,91.28711071500513,90.62181861713546,90.71151733398438,143457300,0.0,0.0,0.0
2010-04-27,90.18825565008409,90.70404038042739,88.39420717566172,88.5661392211914,355853300,0.0,0.0,0.0
2010-04-28,88.99224489063302,89.4631803666466,88.4091745877423,89.23892211914062,300674100,0.0,0.0,0.0
2010-04-29,89.77712112323123,90.53211767003488,89.75469644315876,90.3452377319336,193775000,0.0,0.0,0.0
2010-04-30,90.36016281526352,90.45734400855135,88.79037287197312,88.81279754638672,270000900,0.0,0.0,0.0
2010-05-03,89.23888671271139,90.21066446217581,89.1043329582182,89.96398162841797,182747900,0.0,0.0,0.0
2010-05-04,88.9623346296934,88.97728251659376,87.40001525335919,87.84852600097656,360353400,0.0,0.0,0.0
2010-05-05,87.1308539426756,88.0577820464505,86.68982026199438,87.32521057128906,328973200,0.0,0.0,0.0
2010-05-06,86.9066541355836,87.4598171944689,78.48957953349773,84.42488861083984,647356600,0.0,0.0,0.0
2010-05-07,84.20062736487232,85.04532266116081,81.78614167490133,83.16905212402344,637558800,0.0,0.0,0.0
2010-05-10,86.57024984846275,87.19816932739016,85.89748671813523,86.8318862915039,396159600,0.0,0.0,0.0
2010-05-11,86.01707337119328,87.72889380478519,85.89747321023358,86.58518981933594,317849800,0.0,0.0,0.0
2010-05-12,86.92906089559686,87.92326340013541,86.77955354352959,87.79618072509766,235607100,0.0,0.0,0.0
2010-05-13,87.55701394189867,87.96815221561224,86.63009075576477,86.70484161376953,234452500,0.0,0.0,0.0
2010-05-14,86.0544768387423,86.21145530399383,84.37255737846051,85.13502502441406,345601400,0.0,0.0,0.0
2010-05-17,85.36677347560693,85.60597962438382,83.55029982288333,85.17989349365234,325739800,0.0,0.0,0.0
2010-05-18,85.87507084865807,86.12923054118512,83.74464060200836,84.02122497558594,360556800,0.0,0.0,0.0
2010-05-19,83.55029488409086,84.29781476772212,82.49629481379533,83.5428237915039,394742700,0.0,0.0,0.0
2010-05-20,81.76370875834627,82.14494543031537,80.33594899175317,80.38827514648438,530418300,0.0,0.0,0.0
2010-05-21,79.16979142963208,81.76367925313279,78.75865343144783,81.56185150146484,500909400,0.0,0.0,0.0
2010-05-24,81.1208702520004,81.7712147240565,80.44062999782406,80.515380859375,269823000,0.0,0.0,0.0
2010-05-25,78.57177978644945,80.63493532634841,78.02608800953678,80.5975570678711,396505200,0.0,0.0,0.0
2010-05-26,81.09094141399031,81.83098433698659,79.87248062521473,80.11168670654297,349719300,0.0,0.0,0.0
2010-05-27,81.6216522360361,82.82515903134403,81.31516651778409,82.79525756835938,300870500,0.0,0.0,0.0
2010-05-28,82.70559617919903,82.76539913626074,81.36753495634393,81.7562484741211,297933500,0.0,0.0,0.0
2010-06-01,80.9937258729245,82.18975577264816,80.26116005445894,80.3807601928711,277909400,0.0,0.0,0.0
2010-06-02,80.79191223297082,82.48130226581611,80.36582632866963,82.47383117675781,240243700,0.0,0.0,0.0
2010-06-03,82.7130394458912,83.01951949613024,81.91319375457064,82.75788879394531,226618300,0.0,0.0,0.0
2010-06-04,81.18812830410424,81.72634348831433,79.58095954656683,79.85006713867188,398475600,0.0,0.0,0.0
2010-06-07,80.13412370682366,80.44060957543415,78.79606822633139,78.85586547851562,264609100,0.0,0.0,0.0
2010-06-08,78.91563325096268,79.85750941621447,78.22791668089619,79.70053100585938,357774300,0.0,0.0,0.0
2010-06-09,80.1640043293774,80.94142543675936,78.93807258011569,79.27445983886719,268023300,0.0,0.0,0.0
2010-06-10,80.62748799636188,81.68896476878558,79.26700215622238,81.59178924560547,317890600,0.0,0.0,0.0
2010-06-11,80.87416558653021,82.04029460049915,80.82183943085528,81.98796844482422,214128200,0.0,0.0,0.0
2010-06-14,82.61586872656927,83.06438507645008,81.77865037345266,81.86087799072266,207196100,0.0,0.0,0.0
2010-06-15,82.43645629913122,83.79694167243153,82.2944257575,83.7221908569336,238268700,0.0,0.0,0.0
2010-06-16,83.28866037370014,84.0361802241978,83.12420509409084,83.69232177734375,216374000,0.0,0.0,0.0
2010-06-17,83.93151846095105,83.96889673052127,83.01207234200551,83.82686614990234,263185800,0.0,0.0,0.0
2010-06-18,83.9928157914225,84.21813511393218,83.64732157937102,83.91770935058594,174006600,0.531,0.0,0.0
2010-06-21,84.96173049562648,85.02181222863253,83.21172180734995,83.6773910522461,213140700,0.0,0.0,0.0
2010-06-22,83.67739319539034,84.04541888934774,82.17524095690425,82.29541015625,239355400,0.0,0.0,0.0
2010-06-23,82.3479849197961,82.64090414668668,81.47673960475788,82.04004669189453,254639900,0.0,0.0,0.0
2010-06-24,81.63448071804348,81.73963093626115,80.47031022030293,80.68061065673828,268523600,0.0,0.0,0.0
2010-06-25,80.92092639921093,81.43165830692962,80.19238176449771,81.01856994628906,238726500,0.0,0.0,0.0
2010-06-28,81.13872917599483,81.35654187627853,80.47027207834165,80.76319122314453,169218600,0.0,0.0,0.0
2010-06-29,79.62911498812878,80.74822291592425,77.77396114989183,78.26966857910156,373649500,0.0,0.0,0.0
2010-06-30,78.0518205761666,78.77285288577778,77.27070080819064,77.52606964111328,284101700,0.0,0.0,0.0
2010-07-01,77.47350701239179,77.72887015614461,75.95632996098573,77.18058776855469,382924800,0.0,0.0,0.0
2010-07-02,77.44346898358388,77.67630077654124,76.32436702775615,76.7599868774414,233385200,0.0,0.0,0.0
2010-07-06,77.84151722961872,78.38980523831299,76.51962184734961,77.26319122314453,256935300,0.0,0.0,0.0
2010-07-07,77.45847648154796,79.7943236215665,77.37585765175264,79.69668579101562,253769400,0.0,0.0,0.0
2010-07-08,80.36516134930068,80.57546178926142,79.54649096084528,80.48533630371094,210842100,0.0,0.0,0.0
2010-07-09,80.4627567688783,81.09366348630007,80.3125438853396,81.08615112304688,144999900,0.0,0.0,0.0
2010-07-12,80.8158080217647,81.29649639110808,80.47782598184611,81.1387710571289,131283600,0.0,0.0,0.0
2010-07-13,81.97998655794844,82.68599444595557,81.8147488404602,82.363037109375,213025900,0.0,0.0,0.0
2010-07-14,82.10013800793399,82.6784698938336,81.76215600830922,82.35550689697266,184426800,0.0,0.0,0.0
2010-07-15,82.32547664414349,82.66345869912169,81.24392489980107,82.3780517578125,232337900,0.0,0.0,0.0
2010-07-16,81.93491218451996,82.02504340491753,79.95207117783363,80.10980224609375,282693400,0.0,0.0,0.0
2010-07-19,80.40269013723017,80.83830987331672,79.77929566611223,80.58294677734375,186709000,0.0,0.0,0.0
2010-07-20,79.51645123110376,81.53684261423477,79.47889512339283,81.47676086425781,258162400,0.0,0.0,0.0
2010-07-21,81.89736887785122,81.91990025233153,80.087272057826,80.4177474975586,264527000,0.0,0.0,0.0
2010-07-22,81.37160677920772,82.57333349049128,81.364100141699,82.21281433105469,274781300,0.0,0.0,0.0
2010-07-23,82.04754436330275,83.04647686394979,81.81471262640584,82.92630767822266,222020800,0.0,0.0,0.0
2010-07-26,83.06902946125282,83.87268079397579,82.83619766484222,83.7900619506836,184445700,0.0,0.0,0.0
2010-07-27,84.24822588726231,84.33835710475513,83.45208685530967,83.78256225585938,204855600,0.0,0.0,0.0
2010-07-28,83.60980124132229,83.8651701256549,82.96387525950384,83.24177551269531,163056200,0.0,0.0,0.0
2010-07-29,83.76001744004404,83.98534259789646,82.1752518894407,82.83619689941406,220149100,0.0,0.0,0.0
2010-07-30,81.99496924219385,83.26428957311383,81.85226869233244,82.82115173339844,220070600,0.0,0.0,0.0
2010-08-02,84.11299065943379,84.82651622144319,83.77500878760348,84.69132232666016,188263200,0.0,0.0,0.0
2010-08-03,84.48104035826839,84.69884737976777,84.00785875849644,84.28575897216797,146657300,0.0,0.0,0.0
2010-08-04,84.51859237126395,84.95421788326313,84.24069788243294,84.84906768798828,158171700,0.0,0.0,0.0
2010-08-05,84.30829711032875,84.80401011557616,84.18061554119153,84.75894165039062,140473800,0.0,0.0,0.0
2010-08-06,83.92524389585543,84.54863844961403,83.30936170775524,84.41344451904297,239728300,0.0,0.0,0.0
2010-08-09,84.81153774015648,85.00681919027163,84.3608930885703,84.8641128540039,120800400,0.0,0.0,0.0
2010-08-10,84.14306168363933,84.85658747714847,83.64735439544158,84.40593719482422,242916300,0.0,0.0,0.0
2010-08-11,83.10657244877899,83.13661618071255,81.95742692103636,82.09262084960938,273406900,0.0,0.0,0.0
2010-08-12,80.85336493796812,81.88233580283678,80.81580883082013,81.58941650390625,239542600,0.0,0.0,0.0
2010-08-13,81.33406394011006,81.83728375220761,81.25144507779456,81.34908294677734,158698500,0.0,0.0,0.0
2010-08-16,80.79327136588354,81.57439134754522,80.50035208904254,81.31151580810547,147895300,0.0,0.0,0.0
2010-08-17,82.00999135553394,82.91128027532143,81.77715389588893,82.31041717529297,172270300,0.0,0.0,0.0
2010-08-18,82.272886165757,82.90378741196223,81.79971023110308,82.46065521240234,182922100,0.0,0.0,0.0
2010-08-19,82.0325375441945,82.23532558220592,80.6881105558591,81.02609252929688,265847600,0.0,0.0,0.0
2010-08-20,80.78572258347484,81.07113509500388,80.17735293353877,80.76319122314453,209714200,0.0,0.0,0.0
2010-08-23,81.14629592795585,81.54436550794323,80.4177508942771,80.45530700683594,163490300,0.0,0.0,0.0
2010-08-24,79.57652087933684,79.90699624011131,78.84046941430216,79.26107025146484,280677800,0.0,0.0,0.0
2010-08-25,78.82543081321825,79.86942608625463,78.32972358952563,79.56900024414062,272234800,0.0,0.0,0.0
2010-08-26,79.94455286054003,80.04970307051258,78.77287008758539,79.03575134277344,224439500,0.0,0.0,0.0
2010-08-27,79.53144975481845,80.34261333831768,78.3447481119499,80.25999450683594,272649000,0.0,0.0,0.0
2010-08-30,80.04969508668707,80.29755158415504,79.08831855981792,79.0958251953125,167238600,0.0,0.0,0.0
2010-08-31,78.80290596385257,79.59905055599916,78.47994299964596,79.0958251953125,273933100,0.0,0.0,0.0
2010-09-01,80.16237973613978,81.57440118269959,80.10980462191303,81.46173858642578,256828100,0.0,0.0,0.0
2010-09-02,81.65702201988428,82.23534829041543,81.48427193737051,82.22032928466797,156112200,0.0,0.0,0.0
2010-09-03,83.02394399687383,83.36192591400963,82.58080616502914,83.28681945800781,212197300,0.0,0.0,0.0
2010-09-07,82.8962647158643,83.00141490319378,82.28038259139656,82.34797668457031,141973700,0.0,0.0,0.0
2010-09-08,82.51321356735195,83.25677723666382,82.47565747354356,82.92630767822266,149924400,0.0,0.0,0.0
2010-09-09,83.85766778318734,83.8801991547395,83.08406013185788,83.30937957763672,147017900,0.0,0.0,0.0
2010-09-10,83.45960017284504,83.82762595384702,83.2718310986236,83.72998809814453,127819000,0.0,0.0,0.0
2010-09-13,84.55614284150747,84.83403731184613,84.2181551818245,84.66129302978516,178503500,0.0,0.0,0.0
2010-09-14,84.49607917530209,85.0894301078084,84.18062852164266,84.6087417602539,209823600,0.0,0.0,0.0
2010-09-15,84.36087454144574,85.02933186922434,84.10551139611746,84.93169403076172,168608400,0.0,0.0,0.0
2010-09-16,84.66882028035627,84.961739532093,84.38340766463376,84.90916442871094,199962900,0.0,0.0,0.0
2010-09-17,85.3561625733803,85.43922370133761,84.70677871531373,84.94085693359375,195836900,0.602,0.0,0.0
2010-09-20,85.23537383557371,86.42842884981593,84.96353837002651,86.23965454101562,214555200,0.0,0.0,0.0
2010-09-21,86.30758691832528,86.71533421695935,85.71105961419602,86.06595611572266,268389100,0.0,0.0,0.0
2010-09-22,85.93005276923381,86.41331445508591,85.40148133969113,85.64311218261719,191322400,0.0,0.0,0.0
2010-09-23,84.94088796620258,85.83190295087174,84.70680966240354,84.94844055175781,202354300,0.0,0.0,0.0
2010-09-24,85.89230261067888,86.76066550354511,85.8167940462849,86.70025634765625,209671800,0.0,0.0,0.0
2010-09-27,86.73044524050118,86.82860578036772,86.20187962439962,86.2849349975586,128761800,0.0,0.0,0.0
2010-09-28,86.39825412937496,86.86641665093882,85.46193484718397,86.58702850341797,209207500,0.0,0.0,0.0
2010-09-29,86.36803525017783,86.76824169612885,86.09619973565127,86.43599700927734,179665800,0.0,0.0,0.0
2010-09-30,86.87393882671354,87.43270916520794,85.77149179861543,86.17924499511719,287106700,0.0,0.0,0.0
2010-10-01,86.8285988979705,86.9267651909891,86.02819795390748,86.54166412353516,174638700,0.0,0.0,0.0
2010-10-04,86.36045044624237,86.72289379893157,85.46188312610612,85.89228820800781,166153200,0.0,0.0,0.0
2010-10-05,86.68514880564453,87.83289385517112,86.58698249630235,87.62146759033203,229634100,0.0,0.0,0.0
2010-10-06,87.60640004946389,87.84048416687568,87.25905592790976,87.61395263671875,148626600,0.0,0.0,0.0
2010-10-07,87.96883429513255,87.99148629208554,86.97965868861786,87.50822448730469,164860000,0.0,0.0,0.0
2010-10-08,87.62901984602334,88.24064664714963,87.29677528198752,87.99901580810547,177760100,0.0,0.0,0.0
2010-10-11,88.13492595845248,88.32370021529943,87.78002943383092,88.08206939697266,103098300,0.0,0.0,0.0
2010-10-12,87.79512877638442,88.61063494800028,87.3269723067381,88.3539047241211,182210000,0.0,0.0,0.0
2010-10-13,88.84476311284222,89.5167993399612,88.6333310010287,89.04108428955078,194347200,0.0,0.0,0.0
2010-10-14,88.95798552467645,89.10900839787044,88.13493246927001,88.6937026977539,217764300,0.0,0.0,0.0
2010-10-15,89.31290439454489,89.3657609731381,88.16515907612016,88.87494659423828,243705000,0.0,0.0,0.0
2010-10-18,88.90515113995765,89.60739183294226,88.5804590827511,89.31290435791016,141204800,0.0,0.0,0.0
2010-10-19,88.48982288573805,88.9881839303965,87.60635498136502,88.1424789428711,280604700,0.0,0.0,0.0
2010-10-20,88.30107051406787,89.43371634103772,88.24821393924667,89.00331115722656,200051800,0.0,0.0,0.0
2010-10-21,89.40354079607353,89.92455412825059,88.50497297135574,89.19966125488281,221585500,0.0,0.0,0.0
2010-10-22,89.33554096746147,89.50166326034109,89.1014626970951,89.3657455444336,108212400,0.0,0.0,0.0
2010-10-25,89.96227235445421,90.43043465287847,89.56207179398001,89.6300277709961,151145700,0.0,0.0,0.0
2010-10-26,89.17697925790333,89.73574957967203,89.00331012590371,89.6451416015625,158982900,0.0,0.0,0.0
2010-10-27,89.01840882966306,89.4865711696113,88.5426996655552,89.3884048461914,190024000,0.0,0.0,0.0
2010-10-28,89.90186453964299,89.93962170139235,88.97309827432254,89.40350341796875,168576000,0.0,0.0,0.0
2010-10-29,89.31288872709558,89.64513331193274,89.15431901913257,89.4714584350586,144305500,0.0,0.0,0.0
2010-11-01,89.90941635549191,90.42288264184958,88.98819692165014,89.50166320800781,174074800,0.0,0.0,0.0
2010-11-02,90.17369151122756,90.42287492914696,89.93206067713608,90.2114486694336,158345900,0.0,0.0,0.0
2010-11-03,90.37001701319758,90.6267472501733,89.4412450879892,90.57389068603516,226702800,0.0,0.0,0.0
2010-11-04,91.57817098274681,92.36347262046941,90.58899567259371,92.31816864013672,215039400,0.0,0.0,0.0
2010-11-05,92.37857912105736,92.81653683435057,92.25776657724803,92.66551971435547,180654100,0.0,0.0,0.0
2010-11-08,92.37860131775098,92.64288998264638,92.07656700518807,92.49186706542969,156107100,0.0,0.0,0.0
2010-11-09,92.74102889275758,92.83918944531555,91.457366081438,91.82736206054688,186621600,0.0,0.0,0.0
2010-11-10,91.80472440404458,92.24268218864643,91.11003632146324,92.19737243652344,221387400,0.0,0.0,0.0
2010-11-11,91.40453197201877,91.98595436776559,91.1251438924891,91.85003662109375,158017600,0.0,0.0,0.0
2010-11-12,91.23084238606673,91.63104297554672,90.3473800552221,90.76268005371094,239068800,0.0,0.0,0.0
2010-11-15,91.04960592408106,91.40450246811011,90.59654883505965,90.6343002319336,163940800,0.0,0.0,0.0
2010-11-16,90.07554011906103,90.22655724536514,88.79187150173962,89.22228240966797,299566200,0.0,0.0,0.0
2010-11-17,89.26001791235525,89.63756642180313,88.99573510792835,89.26757049560547,172308900,0.0,0.0,0.0
2010-11-18,90.12838669700419,90.90613575701768,90.12083411324609,90.5814437866211,197723700,0.0,0.0,0.0
2010-11-19,90.53616285830961,90.86840173612569,90.04534848586424,90.83065032958984,156852900,0.0,0.0,0.0
2010-11-22,90.37760117670335,90.79290125120787,89.68290725551877,90.7551498413086,181361000,0.0,0.0,0.0
2010-11-23,89.68290746576939,89.87168179851456,89.09393246935409,89.44127655029297,222309000,0.0,0.0,0.0
2010-11-24,90.0075828627119,90.7853378086258,89.99248345370304,90.76268005371094,140046100,0.0,0.0,0.0
2010-11-26,89.97736364728806,90.46817210142618,89.70552825927734,89.70552825927734,76007800,0.0,0.0,0.0
2010-11-29,89.47900437556903,90.21900205205117,88.90512897917066,89.97737121582031,223642300,0.0,0.0,0.0
2010-11-30,89.08636304183442,89.98492472029147,88.9579921498257,89.4714584350586,233930700,0.0,0.0,0.0
2010-12-01,90.76267312961325,91.54797483965532,90.75512630615174,91.37430572509766,221037200,0.0,0.0,0.0
2010-12-02,91.51777562944477,92.6126699936294,91.46491905744512,92.54470825195312,191213600,0.0,0.0,0.0
2010-12-03,92.2275766050745,92.89961268905559,92.20492460958174,92.79389953613281,151288900,0.0,0.0,0.0
2010-12-06,92.5975657955739,92.90715840691631,92.49940523538291,92.69573211669922,103050500,0.0,0.0,0.0
2010-12-07,93.58673919940651,93.63959576754036,92.69572436448335,92.74858093261719,206581000,0.0,0.0,0.0
2010-12-08,92.86182276676662,93.16385692930697,92.43141774812102,93.08834838867188,138019200,0.0,0.0,0.0
2010-12-09,93.60935241459454,93.64710379851837,92.99017326111526,93.4507827758789,123705100,0.0,0.0,0.0
2010-12-10,93.73776317046199,94.08510718086097,93.42817632331837,93.99449920654297,117571700,0.0,0.0,0.0
2010-12-13,94.42491820095532,94.53817818544583,94.02471179899342,94.05491638183594,133812700,0.0,0.0,0.0
2010-12-14,94.19836386294726,94.56081300821272,93.85101988590695,94.13795471191406,147249600,0.0,0.0,0.0
2010-12-15,93.96427841120553,94.33427435132788,93.54897273080972,93.7075424194336,160823100,0.0,0.0,0.0
2010-12-16,93.76795901532577,94.31918243846782,93.44326702874812,94.251220703125,185035200,0.0,0.0,0.0
2010-12-17,94.18519216465037,94.47363602189614,93.98783279325522,94.35218811035156,141075300,0.653,0.0,0.0
2010-12-20,94.61028133751533,94.80764073560245,94.10929922388752,94.57991790771484,119085500,0.0,0.0,0.0
2010-12-21,94.87593697774008,95.24029227832318,94.78485249601758,95.1795654296875,94965500,0.0,0.0,0.0
2010-12-22,95.24786897926596,95.50594935684389,95.19473444322168,95.4755859375,78878100,0.0,0.0,0.0
2010-12-23,95.369337424913,95.47560651991081,95.10366468741847,95.33897399902344,70053700,0.0,0.0,0.0
2010-12-27,94.98221908720276,95.46802236041911,94.91390571654662,95.37693786621094,58126000,0.0,0.0,0.0
2010-12-28,95.56672251345695,95.6046724626073,95.26309396408976,95.51358795166016,55309100,0.0,0.0,0.0
2010-12-29,95.6273885328605,95.79437862708363,95.5666617033816,95.58184051513672,58033100,0.0,0.0,0.0
2010-12-30,95.49078819024261,95.74127631146924,95.28583651960219,95.43006134033203,76616900,0.0,0.0,0.0
2010-12-31,95.28583913678247,95.54392536037562,95.13402779906744,95.45283508300781,91218900,0.0,0.0,0.0
2011-01-03,96.18154237092659,96.85711268600885,95.41488177616314,96.43962860107422,138725200,0.0,0.0,0.0
2011-01-04,96.65215494957143,96.68251837241031,95.78681766797055,96.38648223876953,137409700,0.0,0.0,0.0
2011-01-05,96.08286354256352,96.94820091189291,95.99177326481202,96.8874740600586,133975300,0.0,0.0,0.0
2011-01-06,96.92543857868847,97.0317076834185,96.40927187375753,96.69771575927734,122519000,0.0,0.0,0.0
2011-01-07,96.82675714710906,96.98616080611282,95.75647378201762,96.50794982910156,156034600,0.0,0.0,0.0
2011-01-10,96.08285380161134,96.52311474592918,95.79440418025722,96.38648223876953,122401700,0.0,0.0,0.0
2011-01-11,96.73566542461644,96.96338243851083,96.36371779016206,96.72807312011719,110287000,0.0,0.0,0.0
2011-01-12,97.32014637595921,97.70726701754047,96.75083939168724,97.60099792480469,107929200,0.0,0.0,0.0
2011-01-13,97.63893922721412,97.68448146273415,97.19867831308592,97.44157409667969,129048400,0.0,0.0,0.0
2011-01-14,97.30494823147362,98.17028546121863,97.2366348776029,98.14751434326172,117677900,0.0,0.0,0.0
2011-01-18,98.05639934754826,98.40557572620564,97.94254377975705,98.31449127197266,114401300,0.0,0.0,0.0
2011-01-19,98.23103935127175,98.32971036210057,97.09243681006765,97.35051727294922,151958400,0.0,0.0,0.0
2011-01-20,97.13037578659808,97.4643618896039,96.50034772837117,97.22146606445312,175745700,0.0,0.0,0.0
2011-01-21,97.82870626352141,98.04883092935515,97.33530501964603,97.44157409667969,151462900,0.0,0.0,0.0
2011-01-24,97.38086487153699,98.10957551906473,97.35809374965763,97.99571990966797,113715500,0.0,0.0,0.0
2011-01-25,97.73763783527794,98.13235662545222,97.24424803440809,98.04885864257812,167552200,0.0,0.0,0.0
2011-01-26,98.29176376097213,98.71684017923613,98.09439857930407,98.42839050292969,141281500,0.0,0.0,0.0
2011-01-27,98.4511817039786,98.83831405006792,98.2765991928308,98.67131805419922,123302700,0.0,0.0,0.0
2011-01-28,98.78515570751482,98.9445651590769,96.78880800959178,96.94821166992188,295637300,0.0,0.0,0.0
2011-01-31,97.21388222959442,97.7528142335823,96.97097481528895,97.6769027709961,149249200,0.0,0.0,0.0
2011-02-01,98.26897891183359,99.41516777830883,98.20825206306864,99.24058532714844,167194300,0.0,0.0,0.0
2011-02-02,98.98250970055825,99.31650163279205,98.92938093813778,99.05083465576172,118323600,0.0,0.0,0.0
2011-02-03,98.87621636427126,99.42274637719126,98.35246905247898,99.27093505859375,145886700,0.0,0.0,0.0
2011-02-04,99.30890775409654,99.58975932061787,98.85346213801473,99.55180358886719,134634800,0.0,0.0,0.0
2011-02-07,99.77194245618745,100.50064156175223,99.7643443601635,100.17424774169922,112439100,0.0,0.0,0.0
2011-02-08,100.26537655768816,100.68286663734042,99.99211137668563,100.6297378540039,99072800,0.0,0.0,0.0
2011-02-09,100.3564276636711,100.67523496811256,99.90098203877567,100.40196990966797,146436700,0.0,0.0,0.0
2011-02-10,99.89338843994197,100.55377412498292,99.66566564364636,100.4399185180664,162708500,0.0,0.0,0.0
2011-02-11,100.04521879332559,101.1686367974715,100.02244766761392,101.03959655761719,137710300,0.0,0.0,0.0
2011-02-14,100.97883282406701,101.36595340227898,100.86497723708129,101.28245544433594,101690700,0.0,0.0,0.0
2011-02-15,100.9712669188989,101.12307826001542,100.43992143375965,100.96366882324219,119575400,0.0,0.0,0.0
2011-02-16,101.30525930074394,101.72273759518458,101.1003076189071,101.6012954711914,130183500,0.0,0.0,0.0
2011-02-17,101.3052408522458,102.04152630520308,101.21414479776155,101.90489959716797,109810500,0.0,0.0,0.0
2011-02-18,101.99600082451843,102.23890823309877,101.76069151149545,102.1174545288086,130002400,0.0,0.0,0.0
2011-02-22,101.04714012450987,102.14020002395112,99.794682412835,100.06794738769531,233116400,0.0,0.0,0.0
2011-02-23,100.00724157741541,100.25014897612272,98.83828157290776,99.453125,227584000,0.0,0.0,0.0
2011-02-24,99.34685962416005,99.77193600533302,98.45115303600613,99.38480377197266,260431400,0.0,0.0,0.0
2011-02-25,99.80228191534313,100.50822135164972,99.74155507052934,100.44749450683594,141686900,0.0,0.0,0.0
2011-02-28,100.8194639258344,101.19899810128332,100.48547199824513,101.0699462890625,141585500,0.0,0.0,0.0
2011-03-01,101.38875513886697,101.47983962555755,99.35444613723003,99.38480377197266,258565500,0.0,0.0,0.0
2011-03-02,99.24817457979604,100.06038317418016,98.94455191005123,99.59735107421875,200277400,0.0,0.0,0.0
2011-03-03,100.50063471107107,101.42669893071755,100.49304819802772,101.3128433227539,176480100,0.0,0.0,0.0
2011-03-04,101.23694412691417,101.43430931457802,99.89340146032784,100.55378723144531,277202300,0.0,0.0,0.0
2011-03-07,100.84980155220696,101.0775243287826,99.24058067400571,99.76432800292969,216790400,0.0,0.0,0.0
2011-03-08,99.92376479764822,100.95609829615562,99.49110182783207,100.63729095458984,174615000,0.0,0.0,0.0
2011-03-09,100.43990561387858,100.80425509166359,99.89337560597052,100.49303436279297,153806000,0.0,0.0,0.0
2011-03-10,99.43792641585918,99.5745531215823,98.53463347537637,98.63331604003906,301291800,0.0,0.0,0.0
2011-03-11,98.31454117956152,99.67326850225712,98.29177005444393,99.3165054321289,225621800,0.0,0.0,0.0
2011-03-14,98.6712775252832,99.04321352311064,97.96533809044313,98.7168197631836,234974100,0.0,0.0,0.0
2011-03-15,96.09047254111051,98.17032426889327,96.02215916023485,97.5858383178711,359585400,0.0,0.0,0.0
2011-03-16,97.27458773889049,97.59340658378768,95.09606565435139,95.77922821044922,468670300,0.0,0.0,0.0
2011-03-17,97.16075931124797,97.45679553647582,96.47759656409426,97.0468978881836,254303700,0.0,0.0,0.0
2011-03-18,98.22321490761125,98.25371605646022,97.2092727312009,97.39986419677734,230435400,0.553,0.0,0.0
2011-03-21,98.61201771764043,99.11517028857712,98.49765587164411,98.90933990478516,153992600,0.0,0.0,0.0
2011-03-22,98.8940769535978,99.02367772328208,98.47477350298567,98.56625366210938,129538600,0.0,0.0,0.0
2011-03-23,98.29181512597053,99.1075521000664,97.82678316435316,98.84835052490234,148603100,0.0,0.0,0.0
2011-03-24,99.41247258401576,99.93850672511898,98.85594893641472,99.79365539550781,159129800,0.0,0.0,0.0
2011-03-25,100.05287747349581,100.53315994853179,99.78604482853797,100.09861755371094,155642800,0.0,0.0,0.0
2011-03-28,100.31210711821275,100.57130873389653,99.82419340460423,99.85468292236328,109762400,0.0,0.0,0.0
2011-03-29,99.77079697048654,100.55603272293735,99.4429852981796,100.52554321289062,129798800,0.0,0.0,0.0
2011-03-30,101.05158554510622,101.51662913198142,100.90673418698104,101.21930694580078,135835000,0.0,0.0,0.0
2011-03-31,101.08970049925412,101.36415262749594,100.97533866003295,101.08206939697266,132537100,0.0,0.0,0.0
2011-04-01,101.70720995202643,101.98166206697141,101.26503645390521,101.50898742675781,153850100,0.0,0.0,0.0
2011-04-04,101.72245050545253,101.90542246258019,101.3031586736317,101.59284973144531,100768900,0.0,0.0,0.0
2011-04-05,101.3946799462255,102.02744513430497,101.34893984659264,101.57765197753906,120791500,0.0,0.0,0.0
2011-04-06,102.06552564817856,102.15700581149105,101.48612025979241,101.8978042602539,120411600,0.0,0.0,0.0
2011-04-07,101.71486334312632,102.14178641258044,101.13546941069306,101.63863372802734,170731500,0.0,0.0,0.0
2011-04-08,102.08841217681477,102.14940283979928,100.8686221826835,101.28792572021484,147945400,0.0,0.0,0.0
2011-04-11,101.39468187569054,101.73774426224729,100.73904662531838,100.9830093383789,121385400,0.0,0.0,0.0
2011-04-12,100.41880185698972,100.61701273327203,99.86227820347587,100.22821044921875,161187400,0.0,0.0,0.0
2011-04-13,100.6932516420342,100.76948122372991,99.83940587727517,100.22058868408203,162059000,0.0,0.0,0.0
2011-04-14,99.6412397361126,100.44934588241465,99.31342792056023,100.296875,161220400,0.0,0.0,0.0
2011-04-15,100.47981278890377,100.91435523730603,100.18249059806685,100.66277313232422,170006700,0.0,0.0,0.0
2011-04-18,99.55733964617365,100.65514817799611,98.7339832473068,99.53446960449219,210759300,0.0,0.0,0.0
2011-04-19,99.6869586449444,100.13676335669949,99.44300761149944,100.10626220703125,124258800,0.0,0.0,0.0
2011-04-20,101.30319530156494,101.69199776416485,101.23457352234473,101.47091674804688,156133800,0.0,0.0,0.0
2011-04-21,101.99691542968465,102.03503604630251,101.47089279836229,101.98929595947266,135935400,0.0,0.0,0.0
2011-04-25,101.91307313729907,102.05030505535917,101.54714074377387,101.88258361816406,65757100,0.0,0.0,0.0
2011-04-26,102.19512652964063,102.96511171479939,102.08839579473964,102.75926971435547,146600000,0.0,0.0,0.0
2011-04-27,102.95750507166453,103.58263898745456,102.53820154918269,103.43016815185547,143031000,0.0,0.0,0.0
2011-04-28,103.24717976442146,103.90281472282427,103.23194082622824,103.76559448242188,124791100,0.0,0.0,0.0
2011-04-29,103.80372162839154,104.11629437268903,103.6664897465725,104.00955200195312,115094100,0.0,0.0,0.0
2011-05-02,104.49744925547911,104.58129829669616,103.64359194771386,103.84943389892578,126278700,0.0,0.0,0.0
2011-05-03,103.65128180795566,103.82662272287594,102.9498948827116,103.4759292602539,138375000,0.0,0.0,0.0
2011-05-04,103.43016412735203,103.47590421297409,102.33235554130808,102.78977966308594,182678500,0.0,0.0,0.0
2011-05-05,102.2180159489422,102.8812705249395,101.40990999823747,101.85970306396484,226900000,0.0,0.0,0.0
2011-05-06,102.87364893135819,103.39968322537585,101.9130605221852,102.30949401855469,222787200,0.0,0.0,0.0
2011-05-09,102.30188722947992,103.00326249752098,102.14178526384462,102.70594024658203,114104500,0.0,0.0,0.0
2011-05-10,103.04898784710832,103.76561358856652,102.91938705193941,103.5826416015625,114806900,0.0,0.0,0.0
2011-05-11,103.43014575706103,103.4453963271526,102.01977629217004,102.49243927001953,193564200,0.0,0.0,0.0
2011-05-12,102.21801894399266,103.19384634318465,101.69198462370724,102.98038482666016,171550700,0.0,0.0,0.0
2011-05-13,103.0337418328641,103.17859320822161,101.82158290136685,102.18751525878906,157444900,0.0,0.0,0.0
2011-05-16,101.82156898403211,102.62205535811353,101.37177597776538,101.53949737548828,141675400,0.0,0.0,0.0
2011-05-17,101.15832151242715,101.66148574049717,100.72376741560873,101.52425384521484,192686200,0.0,0.0,0.0
2011-05-18,101.57762677625945,102.53820352857791,101.35653417251056,102.43147277832031,135217900,0.0,0.0,0.0
2011-05-19,102.76689156822474,102.94223240990176,102.11125664632735,102.67539978027344,119489500,0.0,0.0,0.0
2011-05-20,102.40860741402463,102.67542848547212,101.66911159888241,101.85970306396484,182594900,0.0,0.0,0.0
2011-05-23,100.61701838335836,101.18117316983968,100.31969623585077,100.67800903320312,168700000,0.0,0.0,0.0
2011-05-24,100.96773306370554,101.18881403746556,100.40357815792079,100.59416961669922,147199600,0.0,0.0,0.0
2011-05-25,100.19010785095733,101.34890707568418,100.15961833865488,100.92960357666016,151050100,0.0,0.0,0.0
2011-05-26,100.65514240218187,101.57761001725387,100.46455097725419,101.39463806152344,164850000,0.0,0.0,0.0
2011-05-27,101.6767317685455,102.05791470133036,101.36417060457465,101.78346252441406,120921900,0.0,0.0,0.0
2011-05-31,102.7440400067685,102.85839022130145,102.03503377832818,102.8431396484375,164731200,0.0,0.0,0.0
2011-06-01,102.54578669122385,102.85835936087148,100.44928141342062,100.53314208984375,233094300,0.0,0.0,0.0
2011-06-02,100.60179751942282,100.81525901584111,99.83943170856347,100.42644500732422,200466800,0.0,0.0,0.0
2011-06-03,99.2218999899854,100.19010777191737,99.16854043530358,99.42774200439453,234690200,0.0,0.0,0.0
2011-06-06,99.17615006031747,99.3819920542934,98.24606298564376,98.37566375732422,179951200,0.0,0.0,0.0
2011-06-07,98.87882515814766,99.16090836658047,98.23082131775217,98.31468200683594,161660500,0.0,0.0,0.0
2011-06-08,98.16220141897948,98.49002471259425,97.72002792571838,97.90299987792969,198696400,0.0,0.0,0.0
2011-06-09,98.16984867526072,99.0541841745286,97.93351713525038,98.65013122558594,160964400,0.0,0.0,0.0
2011-06-10,98.23084090232672,98.29181993129343,97.0186762197812,97.27787780761719,238629400,0.0,0.0,0.0
2011-06-13,97.49895444084375,97.7657871040977,96.85857000836792,97.3541030883789,207599800,0.0,0.0,0.0
2011-06-14,98.24607556362322,98.93221175379333,98.20796658037386,98.58914947509766,160570400,0.0,0.0,0.0
2011-06-15,97.76579400824653,98.57389989193074,96.57649940962155,96.83570098876953,300958000,0.0,0.0,0.0
2011-06-16,96.86618423268911,97.55993981336003,96.30203524181067,97.04915618896484,308032800,0.0,0.0,0.0
2011-06-17,98.01298916629314,98.02065225757477,97.0093404817623,97.33878326416016,233284900,0.628,0.0,0.0
2011-06-20,97.00933648171251,98.04363164349608,96.97868996307568,97.8367691040039,159479000,0.0,0.0,0.0
2011-06-21,98.34240236727534,99.36903417161399,97.87505330851693,99.17749786376953,193157300,0.0,0.0,0.0
2011-06-22,98.87102626546469,99.4532923256743,98.51859438004419,98.57988739013672,176703000,0.0,0.0,0.0
2011-06-23,97.42306523389688,98.55695730811432,96.67990315871617,98.29647064208984,334286500,0.0,0.0,0.0
2011-06-24,98.27346162841853,98.35006914471327,97.00932070505921,97.1548843383789,226129300,0.0,0.0,0.0
2011-06-27,97.21619012698572,98.39604890875812,97.02465377543201,98.02064514160156,168904700,0.0,0.0,0.0
2011-06-28,98.4113707957515,99.31542841466853,98.27347024006706,99.30010223388672,165556300,0.0,0.0,0.0
2011-06-29,99.75214426954867,100.31142722528159,99.31544740260603,100.15054321289062,244295500,0.0,0.0,0.0
2011-06-30,100.47229804687872,101.2690840457914,100.14286116659703,101.10820007324219,223322700,0.0,0.0,0.0
2011-07-01,101.20012560876252,102.74008507878742,100.96262244623803,102.6021728515625,202385700,0.0,0.0,0.0
2011-07-05,102.49490750860708,102.72475341474245,102.19611133776561,102.51789093017578,165936000,0.0,0.0,0.0
2011-07-06,102.27274879907833,102.77073860925543,101.98160981995606,102.64049530029297,143331600,0.0,0.0,0.0
2011-07-07,103.55220997217602,103.96592332401183,103.3376902059722,103.70543670654297,170464200,0.0,0.0,0.0
2011-07-08,102.53322817935062,103.7054295677195,102.19612237267857,102.96992492675781,194100500,0.0,0.0,0.0
2011-07-11,101.70579249503919,102.03522937532088,100.87069689156004,101.10820007324219,195918600,0.0,0.0,0.0
2011-07-12,100.89366693423004,101.72876242694672,100.64083760616519,100.67147827148438,214675700,0.0,0.0,0.0
2011-07-13,101.20015759328832,102.06590576038859,100.76346073169668,101.00862121582031,204062600,0.0,0.0,0.0
2011-07-14,101.26140266978531,101.72875167704389,100.11984219226592,100.3113784790039,226111800,0.0,0.0,0.0
2011-07-15,100.87071621694292,101.0316002203152,100.18884721064335,100.8936996459961,220012800,0.0,0.0,0.0
2011-07-18,100.42634294434349,100.57956969008217,99.31543442467392,100.06625366210938,196872100,0.0,0.0,0.0
2011-07-19,100.62555647611981,101.81308444910346,100.60257304422915,101.69049835205078,166554900,0.0,0.0,0.0
2011-07-20,101.95097225833618,102.01225360169873,101.45297074252139,101.62918090820312,137145400,0.0,0.0,0.0
2011-07-21,102.20377975068862,103.29171637926001,101.64449694731577,103.03888702392578,245246300,0.0,0.0,0.0
2011-07-22,103.06185938968149,103.21508609725988,102.47958153425576,103.10782623291016,126019400,0.0,0.0,0.0
2011-07-25,102.12720793884044,103.0389230476093,102.01994802548256,102.53326416015625,136653800,0.0,0.0,0.0
2011-07-26,102.46429945061993,102.63285238939471,101.9203310226737,102.15017700195312,131278200,0.0,0.0,0.0
2011-07-27,101.58317688335003,101.61382923426561,99.928300647306,100.05855560302734,249020100,0.0,0.0,0.0
2011-07-28,100.05860270259205,100.95499149645221,99.6065679921549,99.76746368408203,207939900,0.0,0.0,0.0
2011-07-29,98.7637916716411,100.02026947366963,98.04361323198158,99.0855712890625,307038400,0.0,0.0,0.0
2011-08-01,100.24245742108121,100.33440281500228,97.7065181164488,98.66419982910156,325790900,0.0,0.0,0.0
2011-08-02,97.92104231028289,98.44968451003072,96.14358520507812,96.14358520507812,346653800,0.0,0.0,0.0
2011-08-03,96.27383608520394,96.77182593100075,94.6419426030107,96.66456604003906,370830800,0.0,0.0,0.0
2011-08-04,95.32381989472768,95.47705249895,91.98342511062143,92.13665771484375,520721800,0.0,0.0,0.0
2011-08-05,93.28585018505115,93.52335334948403,89.53173717396368,91.99872589111328,655619200,0.0,0.0,0.0
2011-08-08,89.57004583233866,92.02937143418335,85.82359010488844,86.0074691772461,702263900,0.0,0.0,0.0
2011-08-09,87.39419374711323,90.12933222209615,84.48283928201795,90.00675201416016,717828700,0.0,0.0,0.0
2011-08-10,88.30590902196977,89.08737465702049,85.76996410113533,86.03045654296875,662607400,0.0,0.0,0.0
2011-08-11,86.77361927271723,91.10999867907766,86.05344081229393,89.89183044433594,487979700,0.0,0.0,0.0
2011-08-12,90.71159767406917,91.33217344860643,89.8535129001463,90.49707794189453,313731600,0.0,0.0,0.0
2011-08-15,91.31687217045183,92.50439403427858,91.17130267386173,92.41246032714844,258810600,0.0,0.0,0.0
2011-08-16,91.53141831716542,92.46611691044106,90.64268659069769,91.62335205078125,294095200,0.0,0.0,0.0
2011-08-17,92.12899714422075,92.85683303720721,90.95679545466979,91.68463134765625,238201100,0.0,0.0,0.0
2011-08-18,89.25591234757951,91.71523764302587,86.87320040012493,87.73128509521484,512956300,0.0,0.0,0.0
2011-08-19,86.54376548580618,88.78090818056849,86.19133937733466,86.29859924316406,428281300,0.0,0.0,0.0
2011-08-22,88.23692849449782,88.28290117458812,86.12237225748508,86.36753845214844,275090600,0.0,0.0,0.0
2011-08-23,86.68934960343358,89.30956536050535,86.25264697725495,89.20996856689453,331136600,0.0,0.0,0.0
2011-08-24,89.0184466680434,90.58904142095602,88.81158411168595,90.46646118164062,246869700,0.0,0.0,0.0
2011-08-25,90.96444684123185,91.47776286161069,88.77327050727595,89.08738708496094,312365400,0.0,0.0,0.0
2011-08-26,88.63536109550104,90.79589083847983,87.22565055339888,90.38217163085938,314495900,0.0,0.0,0.0
2011-08-29,91.60036672433444,93.03306111092039,90.45114831606905,92.97943115234375,190977200,0.0,0.0,0.0
2011-08-30,92.57337154429607,93.79920329941115,91.3705232212727,93.22459411621094,241315700,0.0,0.0,0.0
2011-08-31,93.82215601764624,94.6266109488689,92.93343047808332,93.6382827758789,301828400,0.0,0.0,0.0
2011-09-01,93.69190294651531,94.54232463820757,92.53502198701266,92.65760803222656,254585900,0.0,0.0,0.0
2011-09-02,90.72694775274942,92.60400771513959,89.96846535239159,90.29024505615234,255517200,0.0,0.0,0.0
2011-09-06,87.63934096934688,89.76156625316588,87.63167788138288,89.63131713867188,285130500,0.0,0.0,0.0
2011-09-07,90.98743584066766,92.19794121677292,90.68097648972956,92.15963745117188,209803200,0.0,0.0,0.0
2011-09-08,91.60799087753627,92.65761201520797,90.99507231556856,91.20193481445312,250568200,0.0,0.0,0.0
2011-09-09,90.15999443673276,91.21727302585764,88.32124423567693,88.81157684326172,380195100,0.0,0.0,0.0
2011-09-12,87.70066710753213,89.45514081965683,87.37888743418847,89.38618469238281,305793500,0.0,0.0,0.0
2011-09-13,89.67730399796585,90.54304602760783,89.04140203656695,90.20594024658203,272514700,0.0,0.0,0.0
2011-09-14,90.66563076158208,92.55035331771319,89.42447913342828,91.45476531982422,319389500,0.0,0.0,0.0
2011-09-15,92.43542006603026,93.063658899735,91.477738560674,93.03301239013672,326777200,0.0,0.0,0.0
2011-09-16,93.40653450628196,93.93020893525586,92.65952773071236,93.58365631103516,284528300,0.625,0.0,0.0
2011-09-19,92.05113320676497,93.12928704483457,91.42734676047763,92.65181732177734,241517000,0.0,0.0,0.0
2011-09-20,93.04457075200042,93.9455968874508,92.42078433137563,92.54399871826172,218932200,0.0,0.0,0.0
2011-09-21,92.59020714364871,92.8751437117766,89.6714933447186,89.81781005859375,316251300,0.0,0.0,0.0
2011-09-22,87.21487002177955,87.95417417518625,85.7131593782139,86.9145278930664,513911300,0.0,0.0,0.0
2011-09-23,86.3369304135291,87.91565639572123,86.26761754029626,87.43818664550781,307242500,0.0,0.0,0.0
2011-09-26,88.26221828662985,89.64071449724126,87.00694237159954,89.51749420166016,260673700,0.0,0.0,0.0
2011-09-27,91.28102970777552,92.0742411322271,89.97954346253005,90.51862335205078,311753900,0.0,0.0,0.0
2011-09-28,90.70345200437208,91.25022877928349,88.53944723845326,88.67036437988281,286696800,0.0,0.0,0.0
2011-09-29,90.14127150601449,90.58793031370922,87.7385290254799,89.37116241455078,298108900,0.0,0.0,0.0
2011-09-30,88.1389785117323,88.90908756251359,87.0762301368218,87.1378402709961,288392300,0.0,0.0,0.0
2011-10-03,86.62958159962793,87.75394031796374,84.56568872441053,84.6581039428711,365136800,0.0,0.0,0.0
2011-10-04,83.44132704386065,86.69889140448062,82.73282802054915,86.5140609741211,459177500,0.0,0.0,0.0
2011-10-05,86.72968249274068,88.34691030710681,85.92876838338115,88.11587524414062,284108000,0.0,0.0,0.0
2011-10-06,88.06969143861944,89.84094500625766,87.41509977248084,89.71002197265625,257800800,0.0,0.0,0.0
2011-10-07,90.23368015421536,90.29529029117835,88.6087495134797,89.10932159423828,312657900,0.0,0.0,0.0
2011-10-10,90.62645197198513,92.12816257971033,90.61874923476252,92.08966064453125,230666300,0.0,0.0,0.0
2011-10-11,91.54286655452702,92.44389274931174,91.45045135167761,92.18205261230469,209088000,0.0,0.0,0.0
2011-10-12,92.87514409616081,94.06111265957263,92.66721725165381,92.99066162109375,281544900,0.0,0.0,0.0
2011-10-13,92.44392535771169,93.083117516422,91.73542617901659,92.80587768554688,212538800,0.0,0.0,0.0
2011-10-14,93.88399640585537,94.41536765107747,93.36032202074053,94.39226531982422,211397600,0.0,0.0,0.0
2011-10-17,93.94561308651085,94.37687820363904,92.35919012571266,92.59022521972656,202311600,0.0,0.0,0.0
2011-10-18,92.52089552385227,95.10846225441448,91.79699117796123,94.39996337890625,318857900,0.0,0.0,0.0
2011-10-19,94.24593857005198,94.78501840256817,92.95985793289847,93.2833023071289,226601300,0.0,0.0,0.0
2011-10-20,93.5143700831708,94.03034189053584,92.27449367262837,93.69149780273438,262075600,0.0,0.0,0.0
2011-10-21,94.79273625670108,95.58595364841969,94.50779962006698,95.4704360961914,278999400,0.0,0.0,0.0
2011-10-24,95.62445496314407,96.87973668018279,95.53974248375617,96.64099884033203,203215600,0.0,0.0,0.0
2011-10-25,96.17893811907342,96.22514279121278,94.55400722688037,94.7619400024414,268596800,0.0,0.0,0.0
2011-10-26,95.76306552840076,96.0865099406891,94.11503252239883,95.72456359863281,289053800,0.0,0.0,0.0
2011-10-27,98.28903561613961,99.6675317967033,97.50352681306698,99.05915069580078,393220200,0.0,0.0,0.0
2011-10-28,98.57395588240529,99.22855325855939,98.41993642652528,99.03602600097656,225906500,0.0,0.0,0.0
2011-10-31,97.92708862009106,99.05144147073992,96.51008463789202,96.6487045288086,228146700,0.0,0.0,0.0
2011-11-01,93.9764028066086,95.11616674185106,93.58364556112744,93.95330047607422,416565800,0.0,0.0,0.0
2011-11-02,95.36259494649636,95.80155682337099,94.56168091447745,95.48580932617188,244717600,0.0,0.0,0.0
2011-11-03,96.47154037931537,97.41877692194268,95.18545991227556,97.22624969482422,291174800,0.0,0.0,0.0
2011-11-04,96.44075826126941,96.80270457691827,95.5012242865802,96.63328552246094,249401600,0.0,0.0,0.0
2011-11-07,96.56399638152317,97.33410561552556,95.64756451291082,97.23399353027344,196617200,0.0,0.0,0.0
2011-11-08,97.74224050195723,98.5893651684761,96.8104092442523,98.4815444946289,224426300,0.0,0.0,0.0
2011-11-09,96.17892702085835,96.87972913659594,94.61560645555608,94.84664154052734,337982000,0.0,0.0,0.0
2011-11-10,96.10190426292999,96.21742178976346,94.73880802213293,95.73995208740234,231866500,0.0,0.0,0.0
2011-11-11,96.90283073358593,97.79615424605572,96.87202566412611,97.54202270507812,189924400,0.0,0.0,0.0
2011-11-14,97.1800639728155,98.1503971561956,96.20202217825408,96.61788177490234,159258300,0.0,0.0,0.0
2011-11-15,96.39455010457834,97.61132383547957,96.04800337605886,97.09535217285156,184709400,0.0,0.0,0.0
2011-11-16,96.11730630741852,97.29557218512286,95.41651014424315,95.55513000488281,235782500,0.0,0.0,0.0
2011-11-17,95.37798990868092,95.61672767255553,93.36030827019371,94.03800201416016,331219600,0.0,0.0,0.0
2011-11-18,94.33837380191834,94.53090109539164,93.545162292883,93.93791961669922,215580400,0.0,0.0,0.0
2011-11-21,92.5670988038761,92.68261632816309,91.3734333874848,92.1512451171875,229611600,0.0,0.0,0.0
2011-11-22,91.95102120572595,92.49009518737753,91.27332148540312,91.78929901123047,216494900,0.0,0.0,0.0
2011-11-23,90.92678241729826,91.78930673599449,89.763916015625,89.763916015625,224329100,0.0,0.0,0.0
2011-11-25,89.62528748836877,90.64183118080045,89.48666762687964,89.594482421875,99557000,0.0,0.0,0.0
2011-11-28,92.05886402149804,92.55173349058163,91.50438439991213,92.18978118896484,210686000,0.0,0.0,0.0
2011-11-29,92.45159912109375,93.18320041049382,92.11274923945189,92.45159912109375,199241500,0.0,0.0,0.0
2011-11-30,95.1007569324146,96.43304806194803,92.41307821933262,96.25592041015625,324439500,0.0,0.0,0.0
2011-12-01,96.14812433940396,96.75651126117161,95.82467991278311,96.24053955078125,176954800,0.0,0.0,0.0
2011-12-02,97.12614645285036,97.41878574942028,96.09419736674502,96.15580749511719,221109700,0.0,0.0,0.0
2011-12-05,97.68064232117794,97.94248248890933,96.60249420542094,97.20317840576172,225263900,0.0,0.0,0.0
2011-12-06,97.19548571838644,97.88858520408203,96.84893891327224,97.23399353027344,178842100,0.0,0.0,0.0
2011-12-07,96.91054463171274,98.00410422565774,96.24055334843911,97.595947265625,237802500,0.0,0.0,0.0
2011-12-08,96.9567333049826,97.17236290499041,95.2239878936065,95.45501708984375,240862800,0.0,0.0,0.0
2011-12-09,95.88629676886733,97.31870033046478,95.80158428803878,97.072265625,209111400,0.0,0.0,0.0
2011-12-12,96.22514498754389,96.24055046225327,94.84665464987538,95.65526580810547,215826100,0.0,0.0,0.0
2011-12-13,96.15583578300374,96.70261261336502,94.29986977917997,94.7619400024414,245159800,0.0,0.0,0.0
2011-12-14,94.38456383564251,94.74651603131775,93.54514778649427,93.7530746459961,238618800,0.0,0.0,0.0
2011-12-15,94.74650274533279,94.87741985612276,93.94558873593802,94.09191131591797,199109200,0.0,0.0,0.0
2011-12-16,94.72741585339305,95.28540595780711,94.00667198337194,94.23141479492188,220481400,0.77,0.0,0.0
2011-12-19,94.59566568628571,94.79716556870846,93.02243047646398,93.22393035888672,183903000,0.0,0.0,0.0
2011-12-20,94.68867605052826,96.20766211948722,93.28594015226464,96.04491424560547,225418100,0.0,0.0,0.0
2011-12-21,96.04492975815593,96.37817714785088,95.1304373338347,96.23092651367188,194230900,0.0,0.0,0.0
2011-12-22,96.58739413933002,97.1841421758555,96.27740160956606,97.08338928222656,119465400,0.0,0.0,0.0
2011-12-23,97.3934046459484,97.98240119774408,97.19191064913974,97.95140075683594,92187200,0.0,0.0,0.0
2011-12-27,97.78091013889563,98.28465700197322,97.6956603968642,98.0289077758789,86075700,0.0,0.0,0.0
2011-12-28,98.04441311223422,98.0599103780674,96.66492585660421,96.74242401123047,119107100,0.0,0.0,0.0
2011-12-29,97.06016667142711,97.84291161995115,96.76567132345089,97.7421646118164,123507200,0.0,0.0,0.0
2011-12-30,97.66465928430245,97.90491124325936,97.26166534423828,97.26166534423828,95599000,0.0,0.0,0.0
2012-01-03,99.01313013097764,99.49362803018268,98.75738096304292,98.81163024902344,193697900,0.0,0.0,0.0
2012-01-04,98.5791324292858,99.0518787531262,98.19938741779607,98.96662902832031,127186500,0.0,0.0,0.0
2012-01-05,98.43188927953433,99.37737602925208,97.98239179857951,99.2301254272461,173895000,0.0,0.0,0.0
2012-01-06,99.35411018684901,99.36961335952924,98.64886956082586,98.974365234375,148050000,0.0,0.0,0.0
2012-01-09,99.19911932403639,99.33861240936668,98.74187622151173,99.2146224975586,99530200,0.0,0.0,0.0
2012-01-10,100.2763917853768,100.47788580464034,99.93539281011516,100.07489776611328,115282000,0.0,0.0,0.0
2012-01-11,99.76488732338775,100.26088257790832,99.60214534754644,100.12913513183594,111540700,0.0,0.0,0.0
2012-01-12,100.41590193306378,100.51664303517386,99.61764784036076,100.36939239501953,118983700,0.0,0.0,0.0
2012-01-13,99.69513188786127,100.01288196064142,98.98213951204683,99.85012817382812,179836200,0.0,0.0,0.0
2012-01-17,100.81111671694109,100.99711934181416,99.89661859313736,100.23761749267578,132209200,0.0,0.0,0.0
2012-01-18,100.2144057963392,101.40014488404495,100.03616060566414,101.34590148925781,163395200,0.0,0.0,0.0
2012-01-19,101.69461260198197,101.96586496270619,101.36911686438785,101.880615234375,126328900,0.0,0.0,0.0
2012-01-20,101.71012211237729,102.26036071777344,101.46211858707387,102.26036071777344,138230200,0.0,0.0,0.0
2012-01-23,101.91935263838519,102.49285187009728,101.5086071837326,101.99685668945312,129295800,0.0,0.0,0.0
2012-01-24,101.36911686438785,101.91160976037806,101.21412058345611,101.880615234375,103083300,0.0,0.0,0.0
2012-01-25,101.72558466119777,102.97332395913267,101.33034245829502,102.73307800292969,198613200,0.0,0.0,0.0
2012-01-26,103.19036406205284,103.38411240751329,101.80313111175863,102.20613098144531,184880500,0.0,0.0,0.0
2012-01-27,101.71014744807962,102.33789026786674,101.64038904829958,102.1596450805664,135259100,0.0,0.0,0.0
2012-01-30,101.14437259022023,101.865122517469,100.7956279659525,101.81086730957031,147311800,0.0,0.0,0.0
2012-01-31,102.31461818591403,102.4386081258485,101.27611818256584,101.77212524414062,157212000,0.0,0.0,0.0
2012-02-01,102.52385565627091,103.1826046734796,102.39986571900323,102.66336059570312,166234500,0.0,0.0,0.0
2012-02-02,102.86484760745823,103.08960226532386,102.46185964414428,102.82609558105469,113090400,0.0,0.0,0.0
2012-02-03,103.84905661233317,104.32954846325984,103.67081154270781,104.26754760742188,160598500,0.0,0.0,0.0
2012-02-06,103.83355965308401,104.24430500030805,103.71731543234317,104.19780731201172,107694500,0.0,0.0,0.0
2012-02-07,103.98086498395129,104.63961411633109,103.57011942038399,104.46135711669922,135528100,0.0,0.0,0.0
2012-02-08,104.51559783558092,104.79459589906736,104.0893491517184,104.77134704589844,139361400,0.0,0.0,0.0
2012-02-09,104.94185109218185,105.08134421727364,104.28310202246638,104.9030990600586,148602900,0.0,0.0,0.0
2012-02-10,103.97307838921631,104.21332436104343,103.72507491800354,104.1280746459961,167907500,0.0,0.0,0.0
2012-02-13,104.87210452963595,105.02710083266902,104.42260697301809,104.9030990600586,115841900,0.0,0.0,0.0
2012-02-14,104.62409642552235,104.83334792950203,104.04285144538056,104.77134704589844,165329500,0.0,0.0,0.0
2012-02-15,105.11236019889448,105.26735651612145,104.07386004000567,104.28311157226562,195195100,0.0,0.0,0.0
2012-02-16,104.2908791619651,105.53086164517624,104.10487646802545,105.4378662109375,186567800,0.0,0.0,0.0
2012-02-17,105.80210766151153,105.88735741286679,105.36811322750702,105.71685791015625,129869400,0.0,0.0,0.0
2012-02-21,105.9648378256135,106.21284137475,105.43784802188857,105.76334381103516,134042300,0.0,0.0,0.0
2012-02-22,105.60057026098251,105.82532491355055,105.23632250719943,105.42232513427734,124455300,0.0,0.0,0.0
2012-02-23,105.3681078309799,105.96484423444296,105.01160566389969,105.8873519897461,137704300,0.0,0.0,0.0
2012-02-24,106.11983489990234,106.32908641781972,105.88734635272768,106.11983489990234,105539100,0.0,0.0,0.0
2012-02-27,105.41460371576055,106.58483947190891,105.24410422473753,106.298095703125,145728900,0.0,0.0,0.0
2012-02-28,106.32906471900661,106.73206449430192,106.11981324379165,106.60806274414062,129355900,0.0,0.0,0.0
2012-02-29,106.76305494397286,107.09630815662885,105.81756232963352,106.18956756591797,185934700,0.0,0.0,0.0
2012-03-01,106.4143266253556,106.94132821113831,106.1198253913753,106.73982238769531,145023500,0.0,0.0,0.0
2012-03-02,106.67006344476225,106.80956836982999,106.17406827038606,106.41431427001953,120638300,0.0,0.0,0.0
2012-03-05,106.25157615113527,106.32906837855981,105.61607602877982,105.9803237915039,140765000,0.0,0.0,0.0
2012-03-06,104.89532133222062,104.95731037412467,104.12807390227454,104.4303207397461,202129900,0.0,0.0,0.0
2012-03-07,104.67056404941984,105.32931290110578,104.56981116433809,105.1588134765625,143692200,0.0,0.0,0.0
2012-03-08,105.80207491676283,106.42207184151236,105.58507776691916,106.20506286621094,116968900,0.0,0.0,0.0
2012-03-09,106.406562745615,106.8948003928674,106.27481532807343,106.61581420898438,122836800,0.0,0.0,0.0
2012-03-12,106.6002939407157,106.76303585521747,106.24379194271508,106.62354278564453,104003500,0.0,0.0,0.0
2012-03-13,107.19708946730351,108.59982558608769,107.01883247645414,108.54557037353516,184090500,0.0,0.0,0.0
2012-03-14,108.57649551852266,108.84773590202343,108.09599194339137,108.42924499511719,145163600,0.0,0.0,0.0
2012-03-15,108.59206711934172,109.10356558117688,108.31306903338258,109.05706787109375,165118500,0.0,0.0,0.0
2012-03-16,109.2547779583396,109.34818092091723,108.97455719332254,109.20807647705078,152893500,0.614,0.0,0.0
2012-03-19,109.13800820702009,109.97087888119832,109.06016449812908,109.63617706298828,125291100,0.0,0.0,0.0
2012-03-20,109.01346040661633,109.44935666046362,108.69431783602025,109.31703186035156,121729700,0.0,0.0,0.0
2012-03-21,109.3793222793705,109.48050486225361,108.91228371567408,109.13802337646484,122388400,0.0,0.0,0.0
2012-03-22,108.33625078293106,108.62426299009839,107.9937693612778,108.35182189941406,135216700,0.0,0.0,0.0
2012-03-23,108.44522171158039,108.82662493301181,107.84585852139935,108.70207977294922,120521000,0.0,0.0,0.0
2012-03-26,109.48049343707201,110.22775268554688,109.44158345856127,110.22775268554688,120164000,0.0,0.0,0.0
2012-03-27,110.32898762237409,110.39903986213974,109.81524744285153,109.88529968261719,119868500,0.0,0.0,0.0
2012-03-28,109.83079000119275,110.00203668316188,108.69433582787799,109.34040069580078,148562100,0.0,0.0,0.0
2012-03-29,108.69432506149349,109.35596098331827,108.26620839897646,109.15357208251953,164963700,0.0,0.0,0.0
2012-03-30,109.69063429656978,109.79182872065896,109.01343931020023,109.60501098632812,135486800,0.0,0.0,0.0
2012-04-02,109.4727188619388,110.69479630193653,109.25477071218995,110.40678405761719,151741100,0.0,0.0,0.0
2012-04-03,110.25106824617237,110.43788596800455,109.30921189652706,109.95527648925781,155806700,0.0,0.0,0.0
2012-04-04,109.1458060978693,109.23920906234812,108.4608193522662,108.86558532714844,146896000,0.0,0.0,0.0
2012-04-05,108.49198824678679,109.13026178968022,108.39857338207295,108.81111907958984,137439400,0.0,0.0,0.0
2012-04-09,107.44116193413213,108.85004581816519,107.29326594590097,107.58905792236328,127555900,0.0,0.0,0.0
2012-04-10,107.3788354038474,107.68240685143775,105.67416039919325,105.78313446044922,235360300,0.0,0.0,0.0
2012-04-11,106.8651091798292,107.05970659115893,106.44478399736168,106.6393814086914,154133000,0.0,0.0,0.0
2012-04-12,106.74058926759966,108.11833056118431,106.66274554237894,108.03270721435547,154321500,0.0,0.0,0.0
2012-04-13,107.78362707780497,108.05606823476109,106.6471728437378,106.74836730957031,169246700,0.0,0.0,0.0
2012-04-16,107.29322919248513,107.44890475092714,106.31246248474503,106.67830657958984,147825300,0.0,0.0,0.0
2012-04-17,107.29323063141246,108.47638627055008,107.1842565513132,108.25843811035156,147877600,0.0,0.0,0.0
2012-04-18,107.7758244411139,108.25842217088604,107.71355185061391,107.892578125,123884200,0.0,0.0,0.0
2012-04-19,107.90816657030526,108.31292065762904,106.69388055376574,107.1998291015625,198666700,0.0,0.0,0.0
2012-04-20,107.67459881777364,108.06379348773858,107.31653449540325,107.3788070678711,143199600,0.0,0.0,0.0
2012-04-23,106.2813242062361,106.56933647123181,105.81429751351081,106.47592163085938,171844900,0.0,0.0,0.0
2012-04-24,106.56929474537513,107.15308679066854,106.48367143697425,106.88064575195312,137484200,0.0,0.0,0.0
2012-04-25,107.92371052188598,108.39074902082405,107.83030757301134,108.34404754638672,150252200,0.0,0.0,0.0
2012-04-26,108.11053244594119,109.2236357643061,108.04825985187409,109.09909057617188,136291600,0.0,0.0,0.0
2012-04-27,109.42604080053673,109.58949600918552,108.81889769955511,109.27814483642578,130725000,0.0,0.0,0.0
2012-04-30,109.06017747737793,109.13802119553313,108.57757968121048,108.87335968017578,115092200,0.0,0.0,0.0
2012-05-01,108.81109550845265,110.26669238515963,108.68656217795669,109.55057525634766,138832200,0.0,0.0,0.0
2012-05-02,108.91227745822462,109.33261451685814,108.55422487360845,109.22364044189453,121081000,0.0,0.0,0.0
2012-05-03,109.23921191408608,109.3248352595217,108.18839290441403,108.3907699584961,143759700,0.0,0.0,0.0
2012-05-04,107.82253699521551,108.42967996838159,106.57710881179189,106.6393814086914,193927300,0.0,0.0,0.0
2012-05-07,106.25798040105948,107.07529201328101,106.2190704154225,106.71723937988281,127765900,0.0,0.0,0.0
2012-05-08,106.07891690389658,106.46033202319066,105.02030674079869,106.2890853881836,213377700,0.0,0.0,0.0
2012-05-09,105.16043102575053,106.33579494885586,104.68561293387427,105.65859985351562,220752500,0.0,0.0,0.0
2012-05-10,106.39028450419121,106.52262118779859,105.63525752158154,105.87655639648438,150600000,0.0,0.0,0.0
2012-05-11,105.2149330882928,106.53819318729823,105.16823160720665,105.55742645263672,153032400,0.0,0.0,0.0
2012-05-14,104.54553765330293,105.55744682214693,104.2341864677908,104.38986206054688,163910000,0.0,0.0,0.0
2012-05-15,104.31976974394306,104.93469225611588,103.62700352665789,103.79045867919922,207629300,0.0,0.0,0.0
2012-05-16,104.25747582469936,104.73229382326257,103.37011240346575,103.39346313476562,207265500,0.0,0.0,0.0
2012-05-17,103.41685630868639,103.54140151158578,101.8055839240468,101.86007690429688,247992900,0.0,0.0,0.0
2012-05-18,102.25703289998424,102.43607105078367,100.84037007415145,100.98826599121094,319615900,0.0,0.0,0.0
2012-05-21,101.3151770079378,102.76298190783503,101.1517099920368,102.72406005859375,177861100,0.0,0.0,0.0
2012-05-22,102.9887300238269,103.70484705800615,102.233691132699,102.90310668945312,197531200,0.0,0.0,0.0
2012-05-23,102.16363510672673,103.10549174971504,101.18286848552393,102.95759582519531,204958400,0.0,0.0,0.0
2012-05-24,103.23781685575125,103.40127202111735,102.29596021003353,103.15997314453125,167357600,0.0,0.0,0.0
2012-05-25,103.12107453391592,103.40908682852584,102.57620406440253,102.8252944946289,135465600,0.0,0.0,0.0
2012-05-29,103.65032319268148,104.24967440871494,102.10132419261343,104.07064819335938,152883500,0.0,0.0,0.0
2012-05-30,103.18335265931519,104.06293695682132,102.35048172793863,102.56063842773438,162370400,0.0,0.0,0.0
2012-05-31,102.52167949885192,103.09768008934378,101.45527787774273,102.3348617553711,196186000,0.0,0.0,0.0
2012-06-01,100.73139453041219,102.35822583959651,99.75840759277344,99.75840759277344,253240900,0.0,0.0,0.0
2012-06-04,99.93741287678934,100.20985391302833,98.96442614347795,99.71168518066406,202545800,0.0,0.0,0.0
2012-06-05,99.51710134312397,100.61462750468657,99.46261431295619,100.46674346923828,164149400,0.0,0.0,0.0
2012-06-06,101.16728110718947,102.77076152677095,101.13613887688413,102.72406005859375,184202800,0.0,0.0,0.0
2012-06-07,103.89165821409978,103.93835968854417,102.57617792326467,102.78634643554688,184772700,0.0,0.0,0.0
2012-06-08,102.5217146132668,103.627026583558,102.19478048087798,103.60367584228516,143915400,0.0,0.0,0.0
2012-06-11,104.43652066414799,104.49879325113568,102.18697542232468,102.28816986083984,169756100,0.0,0.0,0.0
2012-06-12,102.58398537615514,103.53362187178632,102.09360788415819,103.46356964111328,181931800,0.0,0.0,0.0
2012-06-13,103.15997824300905,103.8060430707606,102.45164081866037,102.80192565917969,172223900,0.0,0.0,0.0
2012-06-14,103.01205583982862,104.30418516329432,102.73183516579124,103.89163970947266,230615500,0.0,0.0,0.0
2012-06-15,104.35956367590809,105.04808766631503,104.14048623275698,104.9542007446289,169444500,0.688,0.0,0.0
2012-06-18,104.5160200318064,105.41580131249115,104.28129084676883,105.15760040283203,131360900,0.0,0.0,0.0
2012-06-19,105.68966824794038,106.60510144789832,105.1341428331844,106.17476654052734,137382600,0.0,0.0,0.0
2012-06-20,106.18262854118646,106.48777302776541,105.05593753264039,106.0026626586914,206451800,0.0,0.0,0.0
2012-06-21,106.1278273986089,106.23736611231708,103.53800985828927,103.62407684326172,205272200,0.0,0.0,0.0
2012-06-22,104.16394870768352,104.61775535355214,103.76490544832404,104.42214965820312,130029200,0.0,0.0,0.0
2012-06-25,103.31894521413615,103.35806874647777,102.38004013206682,102.7477798461914,146375700,0.0,0.0,0.0
2012-06-26,103.04506749594235,103.57712114164677,102.44259867235472,103.26414489746094,141634000,0.0,0.0,0.0
2012-06-27,103.60840397058212,104.39864653454,103.2563161723364,104.19522094726562,108088000,0.0,0.0,0.0
2012-06-28,103.5066920985487,104.05439753097465,102.71644948197996,103.89790344238281,169242100,0.0,0.0,0.0
2012-06-29,105.78355193453096,106.62074999597141,105.5097111391505,106.48773956298828,212250900,0.0,0.0,0.0
2012-07-02,106.78506861353911,106.91807906710947,106.03394935351525,106.80854034423828,129524500,0.0,0.0,0.0
2012-07-03,106.78507395492507,107.59096858610805,106.67553522657474,107.51273345947266,80450000,0.0,0.0,0.0
2012-07-05,107.11370067193185,107.8178885138455,106.63642217887144,107.02763366699219,126177500,0.0,0.0,0.0
2012-07-06,105.99482335898065,106.22955259934155,105.50972501737321,106.0104751586914,151192100,0.0,0.0,0.0
2012-07-09,105.92442302011172,106.07308529114496,105.39236920477312,105.87747955322266,103780500,0.0,0.0,0.0
2012-07-10,106.41732765542207,106.58946163773012,104.59428098012339,104.9542007446289,167884800,0.0,0.0,0.0
2012-07-11,105.00897979390362,105.31412423901597,104.35956737198234,104.96985626220703,141733400,0.0,0.0,0.0
2012-07-12,104.35958920444511,105.02464162711627,103.74930018654541,104.46129608154297,143583200,0.0,0.0,0.0
2012-07-13,104.73507391532254,106.32339059863527,104.71942212281347,106.21385192871094,129642600,0.0,0.0,0.0
2012-07-16,105.97132521448373,106.27646956924526,105.5488102993849,105.96349334716797,97525200,0.0,0.0,0.0
2012-07-17,106.38604055018641,106.91026245009114,105.27500148696394,106.6911849975586,138860300,0.0,0.0,0.0
2012-07-18,106.44076838543495,107.69264935782948,106.37818508175481,107.48139190673828,113349700,0.0,0.0,0.0
2012-07-19,107.70050440749577,108.11518757783108,107.35624836970517,107.76309967041016,129847300,0.0,0.0,0.0
2012-07-20,107.15279652718066,107.31711056282724,106.65987829788905,106.77723693847656,142904500,0.0,0.0,0.0
2012-07-23,105.21237340206258,106.70680351043548,104.71944331822328,105.69747161865234,145210900,0.0,0.0,0.0
2012-07-24,105.77573150321804,105.82267495712775,104.08569552952778,104.78987121582031,173301200,0.0,0.0,0.0
2012-07-25,105.00895253166748,105.28279330479823,104.25782151010748,104.81334686279297,129122300,0.0,0.0,0.0
2012-07-26,106.32340310313603,106.7693897009494,105.8304730610941,106.54248046875,156526500,0.0,0.0,0.0
2012-07-27,107.10589192949345,108.81158040408324,106.51907463600756,108.50642395019531,236768900,0.0,0.0,0.0
2012-07-30,108.3812453344279,109.02282603378173,108.1856395699326,108.50642395019531,106782000,0.0,0.0,0.0
2012-07-31,108.35770993621489,108.65502240516945,107.74742126464844,107.74742126464844,120575900,0.0,0.0,0.0
2012-08-01,108.52204666282752,108.54551839316863,107.50489457235324,107.65355682373047,138293800,0.0,0.0,0.0
2012-08-02,106.83986311557982,107.63793791903278,106.08091184992085,106.9102783203125,199556600,0.0,0.0,0.0
2012-08-03,108.41247333354048,109.25749117254468,106.94151502799744,109.03059387207031,157825000,0.0,0.0,0.0
2012-08-06,109.32009885091851,109.67218667252352,109.19490835560299,109.24185180664062,86326200,0.0,0.0,0.0
2012-08-07,109.68000777195724,110.25900486485371,109.56264914311066,109.78955841064453,109545100,0.0,0.0,0.0
2012-08-08,109.42183441439865,110.04776310939616,109.39053081635403,109.9225845336914,89754700,0.0,0.0,0.0
2012-08-09,109.76609083279526,110.23554929462867,109.6565521168774,110.01647186279297,90291700,0.0,0.0,0.0
2012-08-10,109.57048575188026,110.23554992011377,109.39053184731371,110.19642639160156,99792700,0.0,0.0,0.0
2012-08-13,110.00864453208264,110.19641835312426,109.57047775906331,110.14165496826172,79426900,0.0,0.0,0.0
2012-08-14,110.54850660740497,110.61893372937486,109.82867910021211,110.15729522705078,102379400,0.0,0.0,0.0
2012-08-15,110.03995204103494,110.4702870076199,109.96953684800073,110.28250122070312,71085900,0.0,0.0,0.0
2012-08-16,110.4389852574149,111.22924001079099,110.16514441141858,111.09622955322266,112014200,0.0,0.0,0.0
2012-08-17,111.28398131226878,111.33875663388945,110.99448872319778,111.24485778808594,90813700,0.0,0.0,0.0
2012-08-20,111.08837152690565,111.27615727275305,110.78322715166794,111.252685546875,78255700,0.0,0.0,0.0
2012-08-21,111.52653329543598,111.95686819478824,110.67369536506203,110.91624450683594,105581100,0.0,0.0,0.0
2012-08-22,110.6345297184577,111.14311147454332,110.37634081596921,110.9631576538086,133243500,0.0,0.0,0.0
2012-08-23,110.6893636376154,110.69718356828619,109.88346904198288,110.05560302734375,111466400,0.0,0.0,0.0
2012-08-24,109.78176741065988,110.97105369393297,109.71135220713889,110.72067260742188,99481200,0.0,0.0,0.0
2012-08-27,111.01794754726178,111.16660975858484,110.5876127089114,110.74409484863281,68785900,0.0,0.0,0.0
2012-08-28,110.46238760298115,110.97878924716271,110.29808558635318,110.634521484375,75689600,0.0,0.0,0.0
2012-08-29,110.72850447814241,111.01799716294697,110.41552812000354,110.72067260742188,65421300,0.0,0.0,0.0
2012-08-30,110.24336881128902,110.27467240933365,109.68785530365504,109.9225845336914,96589900,0.0,0.0,0.0
2012-08-31,110.5484918000133,110.96318679136047,109.8208444606545,110.44678497314453,151970400,0.0,0.0,0.0
2012-09-04,110.35290507396802,110.68153315200921,109.6409094084103,110.34508514404297,120226200,0.0,0.0,0.0
2012-09-05,110.39205110342851,110.68937564472715,110.03214323232392,110.251220703125,100660300,0.0,0.0,0.0
2012-09-06,110.91623722794083,112.49673441873979,110.90841729894713,112.4889144897461,158272500,0.0,0.0,0.0
2012-09-07,112.67668200857987,112.97400643726971,112.57497518204562,112.92706298828125,107272100,0.0,0.0,0.0
2012-09-10,112.81754565655896,113.0131513569306,112.24638035434464,112.28549194335938,86458500,0.0,0.0,0.0
2012-09-11,112.35591581459687,112.95837275833765,112.3246122177024,112.59846496582031,88760000,0.0,0.0,0.0
2012-09-12,112.97402954101562,113.0992200564684,112.59063806450077,112.97402954101562,87640900,0.0,0.0,0.0
2012-09-13,112.95838617535178,115.04745381028793,112.66107360248493,114.69536590576172,225470200,0.0,0.0,0.0
2012-09-14,114.92226103920171,115.88463770980522,114.82836218777946,115.20393371582031,169777000,0.0,0.0,0.0
2012-09-17,114.9692339774184,115.16483972137377,114.52324715056314,114.81275177001953,119427800,0.0,0.0,0.0
2012-09-18,114.61708895855239,114.86745797796713,114.42930323987541,114.71879577636719,98326600,0.0,0.0,0.0
2012-09-19,114.85181012836067,115.14913454177322,114.55449765376973,114.7813949584961,128318300,0.0,0.0,0.0
2012-09-20,114.2571843392746,114.85182128504098,113.94422003914971,114.78923797607422,154009800,0.0,0.0,0.0
2012-09-21,115.34697999299857,115.370577023889,114.69410079905897,114.74129486083984,108737500,0.779,0.0,0.0
2012-09-24,114.17489184988109,114.82777075639663,114.08836544052232,114.56819152832031,95682000,0.0,0.0,0.0
2012-09-25,114.81208238237475,115.0323293091827,113.317535947541,113.34900665283203,133165200,0.0,0.0,0.0
2012-09-26,113.32540409561356,113.35686279681231,112.4444044288114,112.71184539794922,146502200,0.0,0.0,0.0
2012-09-27,113.18378550514733,114.03331428483855,112.88487389676871,113.77373504638672,111830300,0.0,0.0,0.0
2012-09-28,113.34115326437357,113.71085610110096,112.84560359162624,113.24676513671875,150696100,0.0,0.0,0.0
2012-10-01,113.6793595085538,114.59967945416584,113.27818609459476,113.54563903808594,135911200,0.0,0.0,0.0
2012-10-02,113.99396736756094,114.17488184307177,113.13657702432195,113.6635971069336,113422200,0.0,0.0,0.0
2012-10-03,113.9704138061799,114.39517230250378,113.37260244032035,114.12773132324219,121283100,0.0,0.0,0.0
2012-10-04,114.56035506126157,115.11097233171265,114.40303755578358,114.94579315185547,124311600,0.0,0.0,0.0
2012-10-05,115.55931340031276,115.75596323783182,114.60752290559695,114.95362854003906,124842100,0.0,0.0,0.0
2012-10-08,114.52892794896526,114.93795117550785,114.30080730093228,114.56038665771484,78415400,0.0,0.0,0.0
2012-10-09,114.47377537430248,114.56816343316426,113.38826468718914,113.42759704589844,148872900,0.0,0.0,0.0
2012-10-10,113.41194497614111,113.52208046241594,112.55455413846069,112.70401000976562,124247500,0.0,0.0,0.0
2012-10-11,113.4905922071234,113.65578340843965,112.74332496867623,112.76692199707031,123601500,0.0,0.0,0.0
2012-10-12,112.84556901217132,113.23099508369478,112.15335761465948,112.39720153808594,124181900,0.0,0.0,0.0
2012-10-15,112.66459210293098,113.45119124740941,112.30276321789914,113.33320617675781,107689100,0.0,0.0,0.0
2012-10-16,113.868142784549,114.56035420655525,113.78949003367497,114.481689453125,108815500,0.0,0.0,0.0
2012-10-17,114.56036825449213,115.09526223778536,114.38731537777001,115.00086212158203,128834100,0.0,0.0,0.0
2012-10-18,114.7019271850586,115.25254434974244,114.3164891685029,114.7019271850586,148108500,0.0,0.0,0.0
2012-10-19,114.4895468071628,114.4974084803625,112.52304827733366,112.79048919677734,185645200,0.0,0.0,0.0
2012-10-22,112.60172794822539,113.01076310097505,111.91739013698755,112.8062515258789,125578600,0.0,0.0,0.0
2012-10-23,111.5869655617299,111.74428300484236,110.77676932727678,111.24085998535156,192056300,0.0,0.0,0.0
2012-10-24,111.64205062725803,111.77578309175406,110.75320143875929,110.92625427246094,120179400,0.0,0.0,0.0
2012-10-25,111.71284389184994,111.91735540347601,110.57227722624219,111.24874114990234,134457400,0.0,0.0,0.0
2012-10-26,111.14649679237985,111.57125518409116,110.43068846310017,111.18582916259766,146023500,0.0,0.0,0.0
2012-10-31,111.57912885966726,111.72071098938629,110.65879700627667,111.18582916259766,103438500,0.0,0.0,0.0
2012-11-01,111.42179733533703,112.49157297184898,111.31954757771106,112.34999084472656,100995600,0.0,0.0,0.0
2012-11-02,113.01861561858313,113.05008632146789,111.23304331295596,111.35102844238281,137702200,0.0,0.0,0.0
2012-11-05,111.18587798666942,111.83088353177095,110.85549553380531,111.57917785644531,98378500,0.0,0.0,0.0
2012-11-06,111.91734623070472,112.89273367305134,111.7993611380047,112.45223999023438,107068100,0.0,0.0,0.0
2012-11-07,111.42965284473709,111.44537618792914,109.38448998987803,109.90364837646484,264304500,0.0,0.0,0.0
2012-11-08,109.88791865459653,110.44640943285017,108.49563454751429,108.58216094970703,181517300,0.0,0.0,0.0
2012-11-09,108.25181191416884,109.68342866706853,108.19675619427925,108.67658233642578,201055300,0.0,0.0,0.0
2012-11-12,109.01478228961523,109.18783507706121,108.51923294606671,108.76307678222656,97677500,0.0,0.0,0.0
2012-11-13,108.18890155653801,109.53399212697829,108.04731939257437,108.38555145263672,123018300,0.0,0.0,0.0
2012-11-14,108.71594360746097,108.8889844892214,106.6786413789021,106.9224853515625,191505000,0.0,0.0,0.0
2012-11-15,106.96179352422004,107.36296693913484,106.33251154209437,106.74154663085938,178128400,0.0,0.0,0.0
2012-11-16,106.89889003047985,107.48097810545026,105.95497282983035,107.26859283447266,239483900,0.0,0.0,0.0
2012-11-19,108.47202663364114,109.45527564954634,107.30000148831508,109.4395523071289,151495800,0.0,0.0,0.0
2012-11-20,109.26655421784892,109.66771569623705,108.61367510415705,109.48680114746094,119807400,0.0,0.0,0.0
2012-11-21,109.58119885221387,109.78572244944161,109.36095190332134,109.69132232666016,81710800,0.0,0.0,0.0
2012-11-23,110.2261769415435,111.22514953026123,110.15537387412975,111.18582916259766,65409200,0.0,0.0,0.0
2012-11-26,110.63519740848997,111.19368824644808,110.27336841704158,110.94984436035156,100124400,0.0,0.0,0.0
2012-11-27,110.83970527116338,111.21726955751045,110.3126852041127,110.38347625732422,128646200,0.0,0.0,0.0
2012-11-28,109.93511049590825,111.33525624702312,109.33729936705045,111.2723388671875,177086500,0.0,0.0,0.0
2012-11-29,111.68926938988751,112.09829249560586,111.20156952913706,111.79151916503906,151085900,0.0,0.0,0.0
2012-11-30,111.80720943490172,112.02745624996285,111.42964518087565,111.81507110595703,136568300,0.0,0.0,0.0
2012-12-03,112.32639456143048,112.42078264679881,111.1779541783813,111.26448059082031,124656300,0.0,0.0,0.0
2012-12-04,111.25664883689147,111.59488090212103,110.80828130570924,111.10719299316406,127512200,0.0,0.0,0.0
2012-12-05,111.20160171808182,111.823022235876,110.4150019758529,111.30386352539062,147300500,0.0,0.0,0.0
2012-12-06,111.2015627004764,111.72858290254557,111.03638353399856,111.68138885498047,103220600,0.0,0.0,0.0
2012-12-07,112.1139956177384,112.2398543844976,111.43751974959848,112.01960754394531,108726400,0.0,0.0,0.0
2012-12-10,111.86229909736737,112.33425150690157,111.81509305411572,112.06681060791016,98840700,0.0,0.0,0.0
2012-12-11,112.53089189739926,113.35682354793563,112.47583618872488,112.82980346679688,152570400,0.0,0.0,0.0
2012-12-12,113.27032576362262,113.70295788059204,112.72757019892971,112.8848876953125,145880100,0.0,0.0,0.0
2012-12-13,112.81408862644996,113.13659727283755,111.909504084446,112.19268035888672,135715000,0.0,0.0,0.0
2012-12-14,111.94884783502185,112.15335938635569,111.60274213079848,111.77579498291016,137701700,0.0,0.0,0.0
2012-12-17,112.06684228642115,113.15235353953797,112.03537158202407,113.08942413330078,143238200,0.0,0.0,0.0
2012-12-18,113.2703391047393,114.45023847041367,113.10514791241981,114.34797668457031,177762800,0.0,0.0,0.0
2012-12-19,114.47380058500596,114.51313295237749,113.45909272111933,113.4984130859375,150895400,0.0,0.0,0.0
2012-12-20,113.5692454331325,114.16705676264961,113.2545984155789,114.15132141113281,168487000,0.0,0.0,0.0
2012-12-21,112.62401889542136,114.14500020542678,112.44182122011827,113.11516571044922,245883800,1.022,0.0,0.0
2012-12-24,112.86957653623377,112.93295225959169,112.63985011578417,112.7666015625,53874600,0.0,0.0,0.0
2012-12-26,112.9962825249943,113.05174079350306,111.9743781052037,112.29124450683594,106947700,0.0,0.0,0.0
2012-12-27,112.32297524381703,112.55271375960932,110.84160543494735,112.14077758789062,167920600,0.0,0.0,0.0
2012-12-28,111.41198609250662,112.02988436844754,110.80200525016524,110.92875671386719,148806700,0.0,0.0,0.0
2012-12-31,110.63565698030871,112.93296989426705,110.5405873365849,112.81414794921875,243935200,0.0,0.0,0.0
2013-01-02,114.95301456033074,115.77687482399712,114.6519828833739,115.70558166503906,192059000,0.0,0.0,0.0
2013-01-03,115.65013459155936,115.95115417857325,115.13521135390911,115.44416046142578,144761800,0.0,0.0,0.0
2013-01-04,115.6342520264875,116.14124558749673,115.39659615058443,115.95111846923828,116817700,0.0,0.0,0.0
2013-01-07,115.53921980764864,115.74518183176248,115.20649425592858,115.63427734375,110002500,0.0,0.0,0.0
2013-01-08,115.42829560773114,115.58672883673837,114.84999679471794,115.30154418945312,121265100,0.0,0.0,0.0
2013-01-09,115.55503893801168,115.91152882521776,115.37284132273102,115.59465026855469,90745600,0.0,0.0,0.0
2013-01-10,116.23631309526291,116.52149775332704,115.63426196720796,116.51358032226562,130735400,0.0,0.0,0.0
2013-01-11,116.48189979825473,116.56903990066064,116.14126890828408,116.50567626953125,113917300,0.0,0.0,0.0
2013-01-14,116.36309216891391,116.50569057567118,115.99868476291986,116.42646789550781,89567200,0.0,0.0,0.0
2013-01-15,115.88776603303693,116.61658075553129,115.81647288225457,116.50567626953125,93172600,0.0,0.0,0.0
2013-01-16,116.2679829694217,116.6719894483288,116.14123157254468,116.48979187011719,104849500,0.0,0.0,0.0
2013-01-17,117.00472996186157,117.57509929254003,116.56902948874867,117.24238586425781,133833500,0.0,0.0,0.0
2013-01-18,117.21863001117742,117.63056613278977,116.79084693820401,117.50381469726562,169906000,0.0,0.0,0.0
2013-01-22,117.5038280800702,118.13757324218751,117.22656079424277,118.1375732421875,111797300,0.0,0.0,0.0
2013-01-23,118.13758265150743,118.43068482616196,117.92369107362423,118.32769775390625,104596100,0.0,0.0,0.0
2013-01-24,118.15341611672089,118.93767716786674,118.04251161240896,118.35939025878906,146426400,0.0,0.0,0.0
2013-01-25,118.73173907825634,119.02484130859375,118.32772023353522,119.02484130859375,147211600,0.0,0.0,0.0
2013-01-28,119.05645497095041,119.08814886768162,118.43855694917093,118.88218688964844,113357700,0.0,0.0,0.0
2013-01-29,118.6445634466114,119.50011757702272,118.56534077080762,119.34960174560547,105694400,0.0,0.0,0.0
2013-01-30,119.33372217278887,119.57137804755327,118.77127033876913,118.88218688964844,137447700,0.0,0.0,0.0
2013-01-31,118.73961188922017,119.12778363062259,118.50988548728473,118.58909606933594,108975800,0.0,0.0,0.0
2013-02-01,119.3416723251213,119.95165308380702,119.13571029061589,119.80906677246094,131173000,0.0,0.0,0.0
2013-02-04,119.08028219903491,119.83284938352756,118.37523170453471,118.46237182617188,159073600,0.0,0.0,0.0
2013-02-05,119.10401640649772,119.99916969718797,119.05647555318215,119.65853881835938,113912400,0.0,0.0,0.0
2013-02-06,119.23870329860722,119.82490761362165,119.15156318587754,119.74569702148438,138762800,0.0,0.0,0.0
2013-02-07,119.78527906049521,119.89618353250593,118.71583358292841,119.58723449707031,162490000,0.0,0.0,0.0
2013-02-08,119.79323581716353,120.32399397085773,119.79323581716353,120.25270080566406,103133700,0.0,0.0,0.0
2013-02-11,120.20520136507973,120.33194077157107,119.92793398252387,120.22896575927734,73775000,0.0,0.0,0.0
2013-02-12,120.23682140380295,120.64875750434288,120.1021525433283,120.42694854736328,65392700,0.0,0.0,0.0
2013-02-13,120.67254377899631,120.89435277621696,120.18931444483334,120.52994537353516,82322600,0.0,0.0,0.0
2013-02-14,120.16555405243022,120.78345229203657,120.03088516304773,120.64085388183594,80834300,0.0,0.0,0.0
2013-02-15,120.75177424433825,120.87852571723501,120.05466531877755,120.49828338623047,215226500,0.0,0.0,0.0
2013-02-19,120.70417789991514,121.42506289985457,120.53782726157773,121.40129852294922,95105400,0.0,0.0,0.0
2013-02-20,121.31419095188969,121.35380228657233,119.82489179913405,119.88826751708984,160574800,0.0,0.0,0.0
2013-02-21,119.58722206855431,119.9516172582838,118.77919694920689,119.15943908691406,183257000,0.0,0.0,0.0
2013-02-22,119.737727883061,120.32394409179688,119.21489946735583,120.32394409179688,106356600,0.0,0.0,0.0
2013-02-25,120.9102033803102,121.09240104331035,118.03459167480469,118.03459167480469,245824800,0.0,0.0,0.0
2013-02-26,118.60491919945633,118.98516134490578,117.82065844226696,118.84257507324219,186596200,0.0,0.0,0.0
2013-02-27,118.73960961833114,120.67252668111126,118.6366225671837,120.33981323242188,150781900,0.0,0.0,0.0
2013-02-28,120.33186105888268,121.10027486274457,119.9437014856624,120.10213470458984,126866000,0.0,0.0,0.0
2013-03-01,119.69025785612078,120.68048107371597,119.15158222783818,120.49828338623047,170634800,0.0,0.0,0.0
2013-03-04,120.22094779409058,121.13987731933594,120.03083278037009,121.13987731933594,99010200,0.0,0.0,0.0
2013-03-05,121.7260946877712,122.54995462663221,121.710247740578,122.22515869140625,121431900,0.0,0.0,0.0
2013-03-06,122.66088587947003,122.72426159440957,122.12221043400653,122.39154815673828,94469900,0.0,0.0,0.0
2013-03-07,122.54998182878417,122.77179078800731,122.40739553543287,122.61335754394531,86101400,0.0,0.0,0.0
2013-03-08,123.1520392717408,123.30254298950959,122.51829423769532,123.13619232177734,123477800,0.0,0.0,0.0
2013-03-11,123.04115963176744,123.61151698107905,122.89064379593766,123.60359954833984,83746800,0.0,0.0,0.0
2013-03-12,123.51646690807199,123.6590653197873,122.95402695748176,123.32633972167969,105755800,0.0,0.0,0.0
2013-03-13,123.3896677439947,123.6748523694793,122.96981427976455,123.50057220458984,92550900,0.0,0.0,0.0
2013-03-14,123.82534484734842,124.21351643020184,123.50847847320337,124.1580581665039,126329900,0.0,0.0,0.0
2013-03-15,124.01014198543348,124.16131514275835,123.58045617403461,123.99422454833984,138601100,0.694,0.0,0.0
2013-03-18,122.80858720329725,123.84300175515996,122.6971894602624,123.30988311767578,126704300,0.0,0.0,0.0
2013-03-19,123.57245827614712,123.73954880938003,122.21180322689474,123.02342224121094,167567300,0.0,0.0,0.0
2013-03-20,123.74750654858495,124.08965238192008,123.54061637825029,123.88277435302734,113759300,0.0,0.0,0.0
2013-03-21,123.14280742176274,123.84302889798929,122.61765345603885,122.82453155517578,128605000,0.0,0.0,0.0
2013-03-22,123.21438110652723,123.8111572265625,123.11888867114153,123.8111572265625,111163600,0.0,0.0,0.0
2013-03-25,124.13744841472136,124.34433867819216,122.81659249496052,123.29400634765625,151322300,0.0,0.0,0.0
2013-03-26,123.80321381341415,124.31246237143218,123.66794599316098,124.2806396484375,86856600,0.0,0.0,0.0
2013-03-27,123.54063081829564,124.32042715826334,123.33375276522197,124.2806396484375,99950600,0.0,0.0,0.0
2013-03-28,124.20105115653341,124.80579210082504,123.93051554537242,124.66255950927734,102932800,0.0,0.0,0.0
2013-04-01,124.59892405634633,124.85355442367688,123.86687996243727,124.16925048828125,99194100,0.0,0.0,0.0
2013-04-02,124.6148568168971,125.09228274364168,124.42388401791014,124.7819595336914,101504300,0.0,0.0,0.0
2013-04-03,124.8535237083348,124.94900400187247,123.19051050820082,123.51673889160156,154167400,0.0,0.0,0.0
2013-04-04,123.67594640629964,124.26477021139262,123.40541066130342,124.01810455322266,131885000,0.0,0.0,0.0
2013-04-05,122.49827802984055,123.6122677287469,122.35505754735752,123.4610824584961,159666000,0.0,0.0,0.0
2013-04-08,123.54863102245662,124.30454536006994,123.13486265625215,124.29659271240234,86571200,0.0,0.0,0.0
2013-04-09,124.5273318739409,125.17981317874633,124.11356353775808,124.72625732421875,101922200,0.0,0.0,0.0
2013-04-10,125.06041492419833,126.41310517166215,125.02859220347415,126.25396728515625,135711100,0.0,0.0,0.0
2013-04-11,126.27781889483164,127.08148513754242,126.15050374766786,126.66771697998047,110142500,0.0,0.0,0.0
2013-04-12,126.2619370463918,126.54839013751176,125.65720813911368,126.35742950439453,116359900,0.0,0.0,0.0
2013-04-15,125.72079985882276,125.82424490852364,123.41327104710301,123.4291763305664,217259000,0.0,0.0,0.0
2013-04-16,124.36020209964515,125.31505376641331,124.05784373718231,125.25139617919922,147507800,0.0,0.0,0.0
2013-04-17,124.36018662476232,124.38406884075869,122.76083092239668,123.4212646484375,226834800,0.0,0.0,0.0
2013-04-18,123.62816184227411,123.65999670757705,122.17999114852536,122.64945220947266,167583200,0.0,0.0,0.0
2013-04-19,122.93589122351682,123.77138029118841,122.63352074495474,123.7156753540039,149687600,0.0,0.0,0.0
2013-04-22,123.95439396449008,124.55912280804756,123.1348222898697,124.26471710205078,106553500,0.0,0.0,0.0
2013-04-23,124.88539581808153,125.66518018707458,124.26474938173764,125.54582977294922,166141300,0.0,0.0,0.0
2013-04-24,125.58561683952956,125.95959765770452,125.35485651778963,125.62540435791016,96781200,0.0,0.0,0.0
2013-04-25,125.99139568609915,126.73140453026774,125.80043506162487,126.13462829589844,131060600,0.0,0.0,0.0
2013-04-26,125.98344495206125,126.19828779929813,125.50601910074458,125.91183471679688,95918800,0.0,0.0,0.0
2013-04-29,126.25402159548327,127.03380607380952,126.05509611641908,126.75531768798828,88572800,0.0,0.0,0.0
2013-04-30,126.73144204938961,127.08950546772793,126.20627589372158,127.05767059326172,116010700,0.0,0.0,0.0
2013-05-01,126.77914608702281,126.84280367636538,125.80043645144873,125.94365692138672,138874200,0.0,0.0,0.0
2013-05-02,126.26195082358188,127.22475530590035,126.14260041486058,127.11335754394531,96407600,0.0,0.0,0.0
2013-05-03,128.21933580947763,128.8081592747144,127.13718131264099,128.40234375,144202300,0.0,0.0,0.0
2013-05-06,128.4978742814895,128.91163043130516,128.44216933356546,128.72862243652344,66882100,0.0,0.0,0.0
2013-05-07,129.00710752415443,129.4208636246778,128.64107943675265,129.38108825683594,90359200,0.0,0.0,0.0
2013-05-08,129.23789592407107,130.00972770723027,129.16628566990914,129.96994018554688,97419200,0.0,0.0,0.0
2013-05-09,129.91422027281934,130.25636617675355,129.27765648299084,129.60389709472656,106738600,0.0,0.0,0.0
2013-05-10,129.69145668433498,130.13704780444044,129.30951103157537,130.02565002441406,103203000,0.0,0.0,0.0
2013-05-13,129.8585231568684,130.3439017099707,129.55616474808565,130.12905883789062,81843200,0.0,0.0,0.0
2013-05-14,130.2325380643806,131.56932366794337,130.2325380643806,131.4738311767578,119000900,0.0,0.0,0.0
2013-05-15,131.25897147749666,132.44455936374604,131.219183960054,132.18197631835938,120718500,0.0,0.0,0.0
2013-05-16,131.91146638637383,132.37297496765368,131.36243010620564,131.5613555908203,109913600,0.0,0.0,0.0
2013-05-17,132.04670826255176,132.91402029077423,131.8716528992386,132.83445739746094,129801000,0.0,0.0,0.0
2013-05-20,132.70715714422508,133.34372106965102,132.5718892830572,132.82650756835938,85071200,0.0,0.0,0.0
2013-05-21,132.94584581330705,133.51875202724028,132.4843373553361,133.0174560546875,95804200,0.0,0.0,0.0
2013-05-22,133.15273467459593,134.5293075136532,131.4260632466218,132.03079223632812,244031800,0.0,0.0,0.0
2013-05-23,130.6223390332106,132.01481642239622,130.4472837615407,131.64878845214844,211064400,0.0,0.0,0.0
2013-05-24,130.86905855946873,131.5931500148224,130.47916035856036,131.53744506835938,151573900,0.0,0.0,0.0
2013-05-28,132.91400680075077,133.50283043044595,131.9352971080667,132.3251953125,143679800,0.0,0.0,0.0
2013-05-29,131.62495820540883,131.92732870094565,130.76559901396962,131.4658203125,160363400,0.0,0.0,0.0
2013-05-30,131.5692842254678,132.5559465874949,131.46583911663154,131.9512176513672,107793800,0.0,0.0,0.0
2013-05-31,131.58519525244088,132.33315684427959,129.8028310929395,130.0574493408203,176850100,0.0,0.0,0.0
2013-06-03,130.3597913489797,130.86108722979748,129.4288219570628,130.7735595703125,168390700,0.0,0.0,0.0
2013-06-04,130.84510312120244,131.37026881049295,129.48444877012003,130.14488220214844,157631500,0.0,0.0,0.0
2013-06-05,129.77093941063393,130.03352233162727,128.21137145383946,128.32276916503906,211737800,0.0,0.0,0.0
2013-06-06,128.26708990543804,129.49247711527812,127.51117584664809,129.48451232910156,200225500,0.0,0.0,0.0
2013-06-07,130.37573858626962,131.2510032397769,129.81078499290103,131.13165283203125,188337800,0.0,0.0,0.0
2013-06-10,131.53745635981184,131.60906660445923,130.78949476075147,131.13165283203125,105667100,0.0,0.0,0.0
2013-06-11,129.9381449369545,130.92480769129355,129.492553739324,129.7790069580078,159505400,0.0,0.0,0.0
2013-06-12,130.67011099496722,130.805378803029,128.5853767955742,128.70472717285156,177361500,0.0,0.0,0.0
2013-06-13,128.63317388457864,130.89296439854533,128.3467207108753,130.66221618652344,163587800,0.0,0.0,0.0
2013-06-14,130.51894159586413,131.0281901697869,129.62775962686018,129.84259033203125,141197500,0.0,0.0,0.0
2013-06-17,130.72579130127778,131.4657999940253,129.87439702800776,130.84515380859375,136295600,0.0,0.0,0.0
2013-06-18,130.91680372567353,132.0785335853687,130.9088510793508,131.87960815429688,114695600,0.0,0.0,0.0
2013-06-19,131.76821539781093,131.9989635643731,130.0017565315585,130.0574493408203,206149500,0.0,0.0,0.0
2013-06-20,128.79227027943816,130.0733504288052,126.50064562928006,126.8348388671875,321255900,0.0,0.0,0.0
2013-06-21,127.69795553246615,127.79394106990857,125.9621478981454,127.24201202392578,271956800,0.839,0.0,0.0
2013-06-24,125.91413695421112,126.73003831607727,124.57027859555353,125.63416290283203,222329000,0.0,0.0,0.0
2013-06-25,126.77009304081214,128.06595921715092,125.92218798813292,126.84209442138672,162262200,0.0,0.0,0.0
2013-06-26,127.88198167674715,128.38593035592882,127.38603993259605,128.09796142578125,134848000,0.0,0.0,0.0
2013-06-27,128.865763612478,129.44170094079942,128.7457695490963,128.84976196289062,129483700,0.0,0.0,0.0
2013-06-28,128.48990160668265,129.10582521744956,127.87396579022413,128.32191467285156,160402900,0.0,0.0,0.0
2013-07-01,128.99388692339014,129.9697811617042,128.84990853037473,129.07388305664062,131954800,0.0,0.0,0.0
2013-07-02,128.88184079376845,129.82574347107465,128.38589917008508,128.95384216308594,154863700,0.0,0.0,0.0
2013-07-03,128.3698337860384,129.4017267752141,128.16186112579186,129.009765625,75216400,0.0,0.0,0.0
2013-07-05,129.96173347983733,130.4496804001882,129.02583768946423,130.4016876220703,122416900,0.0,0.0,0.0
2013-07-08,131.0736101984577,131.49756267706417,130.44967967501077,131.14559936523438,108092500,0.0,0.0,0.0
2013-07-09,131.96949865596824,132.24947278133897,131.40156788373437,132.08949279785156,119298000,0.0,0.0,0.0
2013-07-10,131.9614848126138,132.5854152018143,131.6895176595138,132.13746643066406,121410100,0.0,0.0,0.0
2013-07-11,133.67326822839206,134.0732241488641,132.12943202841325,133.93724060058594,135592200,0.0,0.0,0.0
2013-07-12,133.89728532827615,134.3292324898289,133.68931257726035,133.99327087402344,104212700,0.0,0.0,0.0
2013-07-15,134.3612401825517,134.6972018092933,134.12925883185775,134.50521850585938,69450600,0.0,0.0,0.0
2013-07-16,134.59320889534354,134.6732049896067,133.64132372547763,134.00128173828125,88702100,0.0,0.0,0.0
2013-07-17,134.51324756396428,134.76921313828797,134.16927894777925,134.3452606201172,92873900,0.0,0.0,0.0
2013-07-18,134.63321264583038,135.40113368394051,134.54522182068956,135.08116149902344,103620100,0.0,0.0,0.0
2013-07-19,134.80121366137632,135.3691445147307,134.63322672102137,135.32115173339844,103831700,0.0,0.0,0.0
2013-07-22,135.51315486045405,135.77712740203515,135.19318259534342,135.58514404296875,79428600,0.0,0.0,0.0
2013-07-23,135.8250793237297,135.84907571068132,135.22514523855926,135.29713439941406,80829700,0.0,0.0,0.0
2013-07-24,135.81702671542035,135.87302640326809,134.5291681574695,134.8011474609375,112914000,0.0,0.0,0.0
2013-07-25,134.56120441831348,135.24912926131455,134.337230023447,135.12913513183594,111088600,0.0,0.0,0.0
2013-07-26,134.5611958828293,135.31311510605207,134.00125993118095,135.2731170654297,107814600,0.0,0.0,0.0
2013-07-29,134.92918216079693,135.23315269839088,134.47323856009737,134.85719299316406,79695000,0.0,0.0,0.0
2013-07-30,135.26515602113307,135.40913435639882,134.5372329998904,134.85719299316406,85209600,0.0,0.0,0.0
2013-07-31,135.13714713497794,135.86507004845427,134.77718914441272,134.9531707763672,142388700,0.0,0.0,0.0
2013-08-01,135.97703045379825,136.6329518753508,135.90502910532248,136.51296997070312,110438400,0.0,0.0,0.0
2013-08-02,136.2090249825881,136.7609662584473,136.02504862586483,136.74496459960938,91116700,0.0,0.0,0.0
2013-08-05,136.4410178919003,136.75298313441627,136.26503624682044,136.5449981689453,54072700,0.0,0.0,0.0
2013-08-06,136.28107799296322,136.57705389454134,135.46517609528124,135.76913452148438,87495000,0.0,0.0,0.0
2013-08-07,135.33710849386026,135.52907955549745,134.82516532001432,135.3291015625,84854700,0.0,0.0,0.0
2013-08-08,135.9690362824867,136.12901623892535,135.12912625407358,135.82505798339844,102181300,0.0,0.0,0.0
2013-08-09,135.64902400453911,136.0649814952566,134.9610994722955,135.43304443359375,91757700,0.0,0.0,0.0
2013-08-12,134.7531791544037,135.43309702223087,134.68918473054558,135.2731170654297,68593300,0.0,0.0,0.0
2013-08-13,135.5131462012174,135.90509541810346,134.71323389809567,135.67312622070312,80806000,0.0,0.0,0.0
2013-08-14,135.6090673828997,135.82504701978684,134.94513902186694,134.97714233398438,79829200,0.0,0.0,0.0
2013-08-15,133.91326380897857,133.92925326004223,132.8573741657607,133.08935546875,152931800,0.0,0.0,0.0
2013-08-16,132.83335985282244,133.28931546603374,132.38541116975,132.64938354492188,130868200,0.0,0.0,0.0
2013-08-19,132.49743325893067,132.95338899230467,131.793506739626,131.801513671875,96437600,0.0,0.0,0.0
2013-08-20,132.0175034695578,132.94540454636964,131.87352513299635,132.449462890625,89294400,0.0,0.0,0.0
2013-08-21,132.08149378477555,132.8094167898345,131.33758132439235,131.633544921875,159530500,0.0,0.0,0.0
2013-08-22,131.90544294472235,133.0253267202726,131.89744822125357,132.83334350585938,101471400,0.0,0.0,0.0
2013-08-23,133.22535405632402,133.44932845334384,132.60142363524182,133.28134155273438,90888900,0.0,0.0,0.0
2013-08-26,133.41737153426976,133.82533463233023,132.69745532287067,132.7854461669922,89702100,0.0,0.0,0.0
2013-08-27,131.47353606443062,132.78539124878142,130.55364215191022,130.64962768554688,158619400,0.0,0.0,0.0
2013-08-28,130.59366666887897,131.57756750283903,130.42569193526083,131.11361694335938,108113000,0.0,0.0,0.0
2013-08-29,130.82560693949227,132.01746797959473,130.70561281892404,131.32154846191406,119200500,0.0,0.0,0.0
2013-08-30,131.59354935800962,131.60955101932723,130.52166995786513,130.90562438964844,134928900,0.0,0.0,0.0
2013-09-03,132.1694205271509,132.44939453355894,130.94555647524854,131.49749755859375,142375100,0.0,0.0,0.0
2013-09-04,131.52949869046114,132.80936252352743,131.28953490173654,132.58538818359375,97389400,0.0,0.0,0.0
2013-09-05,132.66538140317678,133.10532314352108,132.56938368406105,132.7533721923828,63090500,0.0,0.0,0.0
2013-09-06,133.19332712613303,133.5692866985551,131.56950693277255,132.81736755371094,159756500,0.0,0.0,0.0
2013-09-09,133.1453461770786,134.16923253154167,133.1453461770786,134.08924865722656,87559300,0.0,0.0,0.0
2013-09-10,134.8971851212529,135.10515788718087,134.5932145970044,135.08116149902344,105847200,0.0,0.0,0.0
2013-09-11,134.8971221003839,135.5050506591797,134.6651530546692,135.5050506591797,94545900,0.0,0.0,0.0
2013-09-12,135.45710682021064,135.63308845182647,134.96116524330577,135.1451416015625,83209000,0.0,0.0,0.0
2013-09-13,135.28910148448165,135.5530738721284,134.97713633647854,135.44908142089844,72727800,0.0,0.0,0.0
2013-09-16,136.91290107616197,136.97689548225424,136.01699159655556,136.23297119140625,106299200,0.0,0.0,0.0
2013-09-17,136.35299560780362,136.87293349013166,136.35299560780362,136.8409423828125,82523300,0.0,0.0,0.0
2013-09-18,136.7929619321282,138.80074908695843,136.44900559262382,138.42478942871094,203460600,0.0,0.0,0.0
2013-09-19,138.8007050887369,138.86469950024775,138.05678073489818,138.19276428222656,146616900,0.0,0.0,0.0
2013-09-20,138.5208214279447,138.5208214279447,137.11415146378746,137.2266845703125,132867100,0.838,0.0,0.0
2013-09-23,137.0417429773448,137.17034341690578,136.1575459637108,136.5915985107422,104616500,0.0,0.0,0.0
2013-09-24,136.567440841206,137.07384553605013,136.0128217292084,136.27003479003906,106333100,0.0,0.0,0.0
2013-09-25,136.35849694828286,136.6317897434343,135.75563870094044,135.87620544433594,117306500,0.0,0.0,0.0
2013-09-26,136.10127551491487,136.78450746116542,135.8842431248439,136.398681640625,77146900,0.0,0.0,0.0
2013-09-27,135.71545585437428,135.95660162439393,135.41804968828728,135.771728515625,99141800,0.0,0.0,0.0
2013-09-30,134.62229039022063,135.47432826212312,134.35703123412523,135.04830932617188,143937000,0.0,0.0,0.0
2013-10-01,135.1527997252179,136.24598332688464,135.01615330815758,136.11737060546875,127160000,0.0,0.0,0.0
2013-10-02,135.32161704528102,136.11738226368135,134.90363179747175,135.98876953125,113350000,0.0,0.0,0.0
2013-10-03,135.67524432330552,135.7958233244431,134.1078154299708,134.7347869873047,176698000,0.0,0.0,0.0
2013-10-04,134.8393774379708,135.892368527366,134.66253792896808,135.75572204589844,96878000,0.0,0.0,0.0
2013-10-07,134.5740738471605,135.401998427877,134.43742741070287,134.5821075439453,96295000,0.0,0.0,0.0
2013-10-08,134.55796417376214,134.73480358506978,132.91819503685338,133.0146484375,178015000,0.0,0.0,0.0
2013-10-09,133.27192009022514,133.59343971403482,132.2510762735889,133.1111602783203,168973000,0.0,0.0,0.0
2013-10-10,134.46955929171867,136.05306820787365,134.42133258607896,135.98072814941406,195955000,0.0,0.0,0.0
2013-10-11,135.77171980213274,136.90509626285944,135.6591867520368,136.8568572998047,105040000,0.0,0.0,0.0
2013-10-14,136.0128529076959,137.51597542244306,135.90835356190271,137.4034423828125,112106000,0.0,0.0,0.0
2013-10-15,137.05785395905008,137.5722926764638,136.22189564269775,136.40676879882812,155485000,0.0,0.0,0.0
2013-10-16,137.22663293820955,138.3841228927786,137.16232657793526,138.31178283691406,161676000,0.0,0.0,0.0
2013-10-17,137.74913502296562,139.3165768299114,137.72502166579906,139.23619079589844,129389000,0.0,0.0,0.0
2013-10-18,139.75058635933587,140.273058623484,139.4692475923743,140.17660522460938,138316000,0.0,0.0,0.0
2013-10-21,140.2248396132414,140.46598538883404,139.87116077772995,140.1846466064453,104104000,0.0,0.0,0.0
2013-10-22,140.59455454785586,141.41443275961288,140.20871652036803,140.9964599609375,126663000,0.0,0.0,0.0
2013-10-23,140.51421112829473,140.57851748569115,139.83097907817705,140.32130432128906,105484000,0.0,0.0,0.0
2013-10-24,140.60267870516725,140.96439135663258,140.2731131107529,140.7875518798828,70350000,0.0,0.0,0.0
2013-10-25,141.076878412902,141.4707502580639,140.80358558900213,141.43055725097656,93625000,0.0,0.0,0.0
2013-10-28,141.3823315637861,141.84854346594273,141.22960549486777,141.65562438964844,84979000,0.0,0.0,0.0
2013-10-29,141.97714130296657,142.46746650512145,141.77618855233234,142.41119384765625,87401000,0.0,0.0,0.0
2013-10-30,142.58002086714436,142.68450797276833,141.19746475490732,141.703857421875,140002000,0.0,0.0,0.0
2013-10-31,141.59135926044698,142.18618405333837,141.09300016638417,141.30198669433594,133795000,0.0,0.0,0.0
2013-11-01,141.48684605830624,141.96109170657292,140.84379466708467,141.6395721435547,142805000,0.0,0.0,0.0
2013-11-04,142.0253606328478,142.19415406612185,141.454649453973,142.1378936767578,85677000,0.0,0.0,0.0
2013-11-05,141.58332104133785,142.07364642200147,141.12515498098594,141.6878204345703,85825000,0.0,0.0,0.0
2013-11-06,142.29866079790835,142.67645295031537,141.90478899119952,142.41119384765625,87348000,0.0,0.0,0.0
2013-11-07,142.67647244311254,142.78900550823494,140.47402557979197,140.6106719970703,157000000,0.0,0.0,0.0
2013-11-08,140.56245363536803,142.52375482835149,140.5463862430999,142.50767517089844,136713000,0.0,0.0,0.0
2013-11-11,142.37101203232993,142.7005775129119,142.2022185770352,142.5317840576172,62614000,0.0,0.0,0.0
2013-11-12,142.22630621159976,142.56390532633083,141.7681280997054,142.2423858642578,83990000,0.0,0.0,0.0
2013-11-13,141.54308539993485,143.4240003205874,141.54308539993485,143.38381958007812,103844000,0.0,0.0,0.0
2013-11-14,143.51242173977315,144.21977939981767,143.27932192826762,144.09921264648438,103435000,0.0,0.0,0.0
2013-11-15,144.33233963748629,144.78247195494046,144.14746649250026,144.72621154785156,102818000,0.0,0.0,0.0
2013-11-18,144.96727695483915,145.08784366400081,143.89820716128293,144.2197265625,104796000,0.0,0.0,0.0
2013-11-19,144.14747212062133,144.58152479648916,143.6571467702817,143.9063262939453,93891000,0.0,0.0,0.0
2013-11-20,144.19566620569856,144.6297187833531,143.0622896624013,143.45616149902344,124909000,0.0,0.0,0.0
2013-11-21,143.85806311928383,144.7261805161721,143.76964341408643,144.6136474609375,92841000,0.0,0.0,0.0
2013-11-22,144.6699476069844,145.35319208626186,144.5011541103446,145.3371124267578,81296000,0.0,0.0,0.0
2013-11-25,145.59436481198034,145.6265118717401,144.98346028984628,145.1924591064453,79486000,0.0,0.0,0.0
2013-11-26,145.26470324902124,145.6666086891159,145.01552383859146,145.2325439453125,86994000,0.0,0.0,0.0
2013-11-27,145.38533564133652,145.6827541416648,145.20849618660716,145.58628845214844,58800000,0.0,0.0,0.0
2013-11-29,145.7470019931766,146.09263480170657,145.32901688026345,145.48977661132812,55870900,0.0,0.0,0.0
2013-12-02,145.56213171134596,145.83542450895067,144.88693341190515,145.11199951171875,99726000,0.0,0.0,0.0
2013-12-03,144.63774190953984,144.99945437801182,144.0188040540415,144.48501586914062,116563000,0.0,0.0,0.0
2013-12-04,143.96263179840787,145.07188322977905,143.35977322683195,144.46902465820312,123033000,0.0,0.0,0.0
2013-12-05,144.21176133785423,144.4770204891262,143.69732269255897,143.83396911621094,106934000,0.0,0.0,0.0
2013-12-06,145.22457214985215,145.57825105031,144.80658687974872,145.4416046142578,127728000,0.0,0.0,0.0
2013-12-09,145.8676130008342,146.02837278069478,145.61843350227255,145.81134033203125,70124000,0.0,0.0,0.0
2013-12-10,145.47372198622432,145.77917411342457,145.20042916987848,145.28884887695312,80976000,0.0,0.0,0.0
2013-12-11,145.3451279550386,145.3692413066523,143.48028032902022,143.65711975097656,130591000,0.0,0.0,0.0
2013-12-12,143.59278523155925,143.76962461883556,142.88542768245404,143.18284606933594,115565000,0.0,0.0,0.0
2013-12-13,143.48029495013844,143.60890768197348,142.89351622577067,143.16680908203125,107808000,0.0,0.0,0.0
2013-12-16,143.841958101266,144.5332359658699,143.80176510323,144.05899047851562,96195000,0.0,0.0,0.0
2013-12-17,144.1876362595194,144.21174961083918,143.27932580919415,143.60084533691406,89886000,0.0,0.0,0.0
2013-12-18,143.81791114091482,146.07661885008002,142.53182046637835,146.05250549316406,234906000,0.0,0.0,0.0
2013-12-19,145.63449050500734,146.0524757149736,145.2567105686192,145.88368225097656,136531200,0.0,0.0,0.0
2013-12-20,146.02917608144992,147.07980628780638,145.93219900546381,146.73228454589844,197087000,0.98,0.0,0.0
2013-12-23,147.45147308355394,147.60502825123515,147.14437507995893,147.51612854003906,85598000,0.0,0.0,0.0
2013-12-24,147.52425926434861,147.9041025013804,147.51618195377606,147.83944702148438,45368800,0.0,0.0,0.0
2013-12-26,148.1708251919354,148.67190215752396,148.1546705682325,148.59107971191406,63365000,0.0,0.0,0.0
2013-12-27,148.78508216118686,148.84972533517808,148.4294830453512,148.58303833007812,61814000,0.0,0.0,0.0
2013-12-30,148.59912996277575,148.7203636091131,148.36476464402477,148.55873107910156,56857000,0.0,0.0,0.0
2013-12-31,148.7607306501688,149.2617950439453,148.64757434781367,149.2617950439453,86119900,0.0,0.0,0.0
2014-01-02,148.68808472308427,148.7608298705132,147.4758218017669,147.8314208984375,119636900,0.0,0.0,0.0
2014-01-03,148.08193602772025,148.3809692324496,147.5970383146944,147.80715942382812,81390600,0.0,0.0,0.0
2014-01-06,148.2920258181423,148.34859165204625,147.15249618052948,147.3787841796875,108028200,0.0,0.0,0.0
2014-01-07,147.9687021323357,148.5344219531873,147.85555816816537,148.2838897705078,86144200,0.0,0.0,0.0
2014-01-08,148.2596755026973,148.56678589546073,147.80709955447946,148.31625366210938,96582300,0.0,0.0,0.0
2014-01-09,148.79308171591163,148.809248666849,147.73437456726515,148.41323852539062,90683400,0.0,0.0,0.0
2014-01-10,148.66379706328632,148.8820077783354,147.90411054789305,148.81735229492188,102026400,0.0,0.0,0.0
2014-01-13,148.43747833750206,148.8496430857756,146.5544293922661,146.83729553222656,149892000,0.0,0.0,0.0
2014-01-14,147.32221455961982,148.51832243228938,147.04743802067077,148.4375,105016100,0.0,0.0,0.0
2014-01-15,148.78500337675126,149.46386733017906,148.46981566039048,149.23757934570312,98525800,0.0,0.0,0.0
2014-01-16,148.93048087662248,149.23759130807258,148.56680461040443,149.0436248779297,72290600,0.0,0.0,0.0
2014-01-17,148.7850044063281,149.0678582229952,148.1546289692444,148.41323852539062,107848700,0.0,0.0,0.0
2014-01-21,149.2698942729476,149.32647243243395,147.93641068578626,148.84963989257812,88621200,0.0,0.0,0.0
2014-01-22,149.10017994779764,149.16483541449634,148.63143706305902,148.94662475585938,61270900,0.0,0.0,0.0
2014-01-23,148.19503077407015,148.2192750350696,146.94236951653104,147.72628784179688,132496900,0.0,0.0,0.0
2014-01-24,146.76459215683167,146.8130806861349,144.52594384374365,144.57443237304688,208677100,0.0,0.0,0.0
2014-01-27,144.71182173813756,145.08358768521188,143.14396017609064,143.8632354736328,180843100,0.0,0.0,0.0
2014-01-28,143.96827011261226,144.90575591664492,143.95210316239934,144.71987915039062,110463200,0.0,0.0,0.0
2014-01-29,143.51575660787586,144.299687555417,142.9500364219635,143.3298797607422,216597300,0.0,0.0,0.0
2014-01-30,144.52596277971566,145.31797096957408,144.06529702743305,144.84922790527344,118938100,0.0,0.0,0.0
2014-01-31,143.05507743289996,144.89771576994954,142.9823446297524,144.00064086914062,194677900,0.0,0.0,0.0
2014-02-03,143.83094064831147,144.1542057940682,140.48509582945275,140.75987243652344,254837100,0.0,0.0,0.0
2014-02-04,141.39025054383893,142.10952598757322,140.7113863269656,141.745849609375,165012400,0.0,0.0,0.0
2014-02-05,141.25280545209776,141.88318087602724,140.3880647374335,141.5679931640625,164230500,0.0,0.0,0.0
2014-02-06,141.89936323116532,143.4348907470703,141.60841974763085,143.4348907470703,132877600,0.0,0.0,0.0
2014-02-07,144.1056492981827,145.36640003657504,143.6369064256424,145.2128448486328,170787200,0.0,0.0,0.0
2014-02-10,145.22909714978036,145.5281303926947,144.83309915000862,145.47962951660156,92218800,0.0,0.0,0.0
2014-02-11,145.60085899465017,147.44349761601137,145.50386957704762,147.0717315673828,117814100,0.0,0.0,0.0
2014-02-12,147.28993583715913,147.75867895091213,146.85352663843761,147.14447021484375,94717700,0.0,0.0,0.0
2014-02-13,146.15040551919492,148.05769955377326,146.14232820634038,147.90414428710938,100542200,0.0,0.0,0.0
2014-02-14,147.76666903321808,148.99509811195605,147.62928080487674,148.72032165527344,96498400,0.0,0.0,0.0
2014-02-18,148.8496314766428,149.10017602792692,148.42129981132297,148.89813232421875,80460900,0.0,0.0,0.0
2014-02-19,148.51021193072023,149.47194201373208,147.79093677875028,147.91217041015625,126524300,0.0,0.0,0.0
2014-02-20,148.11423220691856,149.12445093307412,147.57275644951176,148.78501892089844,104998100,0.0,0.0,0.0
2014-02-21,149.06790203282642,149.42350106733417,148.54259312479616,148.61532592773438,118116400,0.0,0.0,0.0
2014-02-24,148.93042122746925,150.44170385358643,148.86576577665056,149.4395751953125,114063900,0.0,0.0,0.0
2014-02-25,149.56085611835937,149.98918786060005,148.89006942177446,149.383056640625,117085000,0.0,0.0,0.0
2014-02-26,149.60126484548843,149.99727500872584,148.9708893737365,149.39114379882812,98677200,0.0,0.0,0.0
2014-02-27,149.17289246922738,150.21543244023923,149.0031703507164,150.17503356933594,93880800,0.0,0.0,0.0
2014-02-28,150.15078322549277,151.24990139229814,149.55274179545998,150.55487060546875,150842000,0.0,0.0,0.0
2014-03-03,149.22957750290294,149.8761202668403,148.50222460083435,149.49627685546875,167748500,0.0,0.0,0.0
2014-03-04,150.95900796698737,151.92073822283572,150.92668639186584,151.59747314453125,167545900,0.0,0.0,0.0
2014-03-05,151.72675545436,151.9934546428915,151.49237783484597,151.73483276367188,88376900,0.0,0.0,0.0
2014-03-06,152.10665406125239,152.4299191963079,151.75913232588195,152.0823974609375,82516500,0.0,0.0,0.0
2014-03-07,152.7127967348418,152.7127967348418,151.47627728893872,152.14706420898438,114513500,0.0,0.0,0.0
2014-03-10,151.91268315252438,152.1228042510075,151.1934077659862,152.0662384033203,74939200,0.0,0.0,0.0
2014-03-11,152.29251827157836,152.5107290021261,150.96711159689383,151.3146209716797,99009100,0.0,0.0,0.0
2014-03-12,150.57913954136538,151.4115586258349,150.2396952623943,151.35498046875,104824400,0.0,0.0,0.0
2014-03-13,151.80756984304514,151.92880347677726,149.23757958729226,149.65782165527344,155014300,0.0,0.0,0.0
2014-03-14,149.3911345491197,150.15889823443237,149.05977988193342,149.23757934570312,153919600,0.0,0.0,0.0
2014-03-17,149.98921101252145,150.9428640250065,149.9245555259315,150.58726501464844,98359500,0.0,0.0,0.0
2014-03-18,150.8943608441994,151.86416838535328,150.7327159775305,151.66212463378906,101804600,0.0,0.0,0.0
2014-03-19,151.67830314601898,151.8884365730781,149.8922430066597,150.85397338867188,176267300,0.0,0.0,0.0
2014-03-20,150.5225704513123,151.84797675288797,150.25587126278083,151.73483276367188,117241000,0.0,0.0,0.0
2014-03-21,152.37208530485927,153.43546526654384,151.00835240217287,151.14634704589844,163128000,0.825,0.0,0.0
2014-03-24,151.66582962251672,151.85253914803323,149.86376189879425,150.52127075195312,121411000,0.0,0.0,0.0
2014-03-25,151.28437454234975,151.7470734949079,150.39146564442262,151.2356719970703,103852000,0.0,0.0,0.0
2014-03-26,151.8281873409161,152.07171236861137,150.1072986146116,150.14788818359375,119843000,0.0,0.0,0.0
2014-03-27,149.96933926253044,150.44826408505153,149.2793535861388,149.8313446044922,142383000,0.0,0.0,0.0
2014-03-28,150.26154144307228,151.32492133498477,150.17224933990872,150.57000732421875,101642000,0.0,0.0,0.0
2014-03-31,151.5278589932771,152.03926035388295,150.5943607627157,151.80384826660156,99745000,0.0,0.0,0.0
2014-04-01,152.29903861123373,152.89973218392848,151.79576250661418,152.81044006347656,89193000,0.0,0.0,0.0
2014-04-02,153.00521380124195,153.52472804917048,152.7210992214793,153.32179260253906,78774000,0.0,0.0,0.0
2014-04-03,153.55718580434663,153.597775369203,152.64803900530544,153.1188507080078,77435000,0.0,0.0,0.0
2014-04-04,153.95500287691146,153.98746710955277,151.0652031100005,151.3087158203125,169381000,0.0,0.0,0.0
2014-04-07,150.94337935190498,151.1950173183095,149.32802116000644,149.636474609375,140803000,0.0,0.0,0.0
2014-04-08,149.57151503767878,150.49690004221063,149.02764960736747,150.25338745117188,112660000,0.0,0.0,0.0
2014-04-09,150.6593021644429,151.91749220524406,150.22095460051347,151.86878967285156,100254000,0.0,0.0,0.0
2014-04-10,151.86069226060837,151.9337460666765,148.49195558624794,148.6786651611328,172959000,0.0,0.0,0.0
2014-04-11,147.85066526308356,148.88969387672773,147.17691801754586,147.33926391601562,167251000,0.0,0.0,0.0
2014-04-14,148.49195094716953,148.84911939172162,147.28246335271743,148.5000762939453,132382000,0.0,0.0,0.0
2014-04-15,148.80851802040357,149.6283728085675,147.33925490567813,149.52284240722656,157093000,0.0,0.0,0.0
2014-04-16,150.55378589518034,151.09765153498006,149.88815152676295,151.08953857421875,105197000,0.0,0.0,0.0
2014-04-17,150.88656851258338,151.72266156884425,150.62680519333503,151.30055236816406,105255000,0.0,0.0,0.0
2014-04-21,151.34116357999335,151.87691621291924,151.15446640895505,151.8282012939453,68329000,0.0,0.0,0.0
2014-04-22,151.98242063280904,152.93215709550185,151.9012538808492,152.51817321777344,85790000,0.0,0.0,0.0
2014-04-23,152.46139423390335,152.542561005297,152.03928490957495,152.16104125976562,73869000,0.0,0.0,0.0
2014-04-24,152.907817597541,152.92405590366147,151.7389072808338,152.469482421875,88170000,0.0,0.0,0.0
2014-04-25,151.9743326007863,152.06362471292636,150.87847598690394,151.2194061279297,100380000,0.0,0.0,0.0
2014-04-28,151.83629783473972,152.35581206278187,150.13976053852986,151.69830322265625,135121000,0.0,0.0,0.0
2014-04-29,152.18533676181895,152.6399101508873,151.8606450228261,152.40451049804688,84098000,0.0,0.0,0.0
2014-04-30,152.15294967423168,153.01339436632958,151.94188878931564,152.85916137695312,101508000,0.0,0.0,0.0
2014-05-01,152.786119848703,153.28939605561976,152.38836170653138,152.8754119873047,93019000,0.0,0.0,0.0
2014-05-02,152.85915501026432,153.5329024490455,152.42893268213444,152.65621948242188,98122000,0.0,0.0,0.0
2014-05-05,151.90938137458056,153.05394044664166,151.48727211093134,152.9484100341797,75883000,0.0,0.0,0.0
2014-05-06,152.60749848825412,152.7130289135588,151.58470801060957,151.61717224121094,85454000,0.0,0.0,0.0
2014-05-07,152.12855112022453,152.58312459845425,150.99210503845188,152.51007080078125,106500000,0.0,0.0,0.0
2014-05-08,152.37209619923797,153.45982750604534,151.86069477589123,152.3477325439453,93618000,0.0,0.0,0.0
2014-05-09,152.37209197154507,152.63995592413275,151.65775506811238,152.5750274658203,83679000,0.0,0.0,0.0
2014-05-12,153.25685412721708,154.13353675647372,152.6074582107829,154.0604705810547,86940000,0.0,0.0,0.0
2014-05-13,154.26339951065788,154.5718653448207,154.0442381522545,154.19847106933594,66454000,0.0,0.0,0.0
2014-05-14,154.06057074974836,154.13363697267437,153.24882842296782,153.46800231933594,72367000,0.0,0.0,0.0
2014-05-15,153.15945097199446,153.19192758325312,151.37362132490603,152.12042236328125,154956000,0.0,0.0,0.0
2014-05-16,152.20970849884918,152.7129968640473,151.56843789290323,152.64805603027344,97458000,0.0,0.0,0.0
2014-05-19,152.35585933305742,153.32994726458463,152.2178646781594,153.20819091796875,63839000,0.0,0.0,0.0
2014-05-20,153.13509610947057,153.15133441471846,151.8525548774346,152.2421875,111644000,0.0,0.0,0.0
2014-05-21,152.68059194176905,153.59786461848793,152.65624066594495,153.52481079101562,89093000,0.0,0.0,0.0
2014-05-22,153.5653456490343,154.21474172641982,153.30559464980007,153.89816284179688,61549000,0.0,0.0,0.0
2014-05-23,154.0361841833623,154.62063951565037,153.89818950576682,154.51512145996094,61092800,0.0,0.0,0.0
2014-05-27,155.09142172804886,155.51353102853648,155.00212961421877,155.46482849121094,72010000,0.0,0.0,0.0
2014-05-28,155.46483967973407,155.7083647700876,155.09143288969858,155.3511962890625,66723000,0.0,0.0,0.0
2014-05-29,155.70833702073242,156.17913642232557,155.31057903116755,156.15478515625,64377000,0.0,0.0,0.0
2014-05-30,156.00871791678986,156.50388109874788,155.87883620665625,156.40646362304688,76316000,0.0,0.0,0.0
2014-06-02,156.6255657603999,156.6580423661669,155.8300623258507,156.58497619628906,64656000,0.0,0.0,0.0
2014-06-03,156.20350751025612,156.58502724211843,156.05739989526202,156.5038604736328,65047000,0.0,0.0,0.0
2014-06-04,156.2360097596251,156.9097572182146,156.07366380981844,156.82046508789062,55529000,0.0,0.0,0.0
2014-06-05,156.99900978440903,158.00556185127792,156.42266756370276,157.8432159423828,92103000,0.0,0.0,0.0
2014-06-06,158.18411777590333,158.6386911939893,158.11106398789596,158.59811401367188,78696000,0.0,0.0,0.0
2014-06-09,158.57378561863382,159.14200247318274,158.42766563535068,158.76048278808594,65119000,0.0,0.0,0.0
2014-06-10,158.56565732174462,158.8091823652192,158.22472721535954,158.77671813964844,57129000,0.0,0.0,0.0
2014-06-11,158.20850839621696,158.3870926243482,157.86757824783905,158.22474670410156,68772000,0.0,0.0,0.0
2014-06-12,158.0380333267231,158.12732543164222,156.75547963161154,157.10452270507812,106350000,0.0,0.0,0.0
2014-06-13,157.4129638355773,157.73766797794278,156.90968789765654,157.58343505859375,82017000,0.0,0.0,0.0
2014-06-16,157.3886260870458,158.04613500077133,157.2019289305281,157.71331787109375,87424000,0.0,0.0,0.0
2014-06-17,157.49417861597564,158.26533100107187,157.32370735437365,158.1516876220703,84834000,0.0,0.0,0.0
2014-06-18,158.15169959540015,159.40177685905795,157.8026440851981,159.31248474121094,105267000,0.0,0.0,0.0
2014-06-19,159.45043826417188,159.58844527213316,158.93904934497448,159.49102783203125,85929000,0.0,0.0,0.0
2014-06-20,159.88828423857674,159.94538443254282,159.6191242789201,159.81488037109375,100587000,0.937,0.0,0.0
2014-06-23,159.8556348869542,159.90457078956075,159.47228705580287,159.7659149169922,70611000,0.0,0.0,0.0
2014-06-24,159.48044250455453,160.2716061360866,158.62402685288524,158.803466796875,96237000,0.0,0.0,0.0
2014-06-25,158.46903811589516,159.68433352712808,158.4364183320485,159.52120971679688,82782000,0.0,0.0,0.0
2014-06-26,159.54568406486212,159.5620001802143,158.338552885339,159.4070281982422,84312000,0.0,0.0,0.0
2014-06-27,159.0318400031828,159.7659158833713,158.95843614882898,159.71697998046875,71445100,0.0,0.0,0.0
2014-06-30,159.61910563576618,160.0024534930285,159.48044975375333,159.6354217529297,70201200,0.0,0.0,0.0
2014-07-01,160.02691223994677,161.19327186179873,159.96982450148485,160.70388793945312,90470000,0.0,0.0,0.0
2014-07-02,160.720196691884,161.07091227857435,160.64679284056038,160.86700439453125,52475000,0.0,0.0,0.0
2014-07-03,161.32379113553574,161.7316069922817,161.20145135673283,161.658203125,52938800,0.0,0.0,0.0
2014-07-07,161.34822364202887,161.47871521883258,160.85883978098215,161.09536743164062,61696000,0.0,0.0,0.0
2014-07-08,160.8018010351752,160.85890123384902,159.66807335466297,160.05958557128906,108143000,0.0,0.0,0.0
2014-07-09,160.45920214554715,160.9241181341996,160.1166383649588,160.7772979736328,72992000,0.0,0.0,0.0
2014-07-10,159.22759465487638,160.56522991978946,159.09709061792145,160.14109802246094,99040000,0.0,0.0,0.0
2014-07-11,160.0432170727778,160.4755007806344,159.68433721443282,160.36131286621094,64243000,0.0,0.0,0.0
2014-07-14,161.17694455938098,161.38085243861477,161.03828869496792,161.16879272460938,58658000,0.0,0.0,0.0
2014-07-15,161.26666832765358,161.57661229397496,160.1574089406371,160.86700439453125,111307000,0.0,0.0,0.0
2014-07-16,161.58481843101475,161.70715822433422,161.02203049063777,161.4624786376953,79986400,0.0,0.0,0.0
2014-07-17,160.96484740321748,161.5765708986254,159.39882430289245,159.62721252441406,145398000,0.0,0.0,0.0
2014-07-18,160.14928533930086,161.4216687687576,160.05956535668267,161.258544921875,124330000,0.0,0.0,0.0
2014-07-21,160.7528029485472,161.08721483716613,160.2144831930458,160.9567108154297,67592000,0.0,0.0,0.0
2014-07-22,161.50323110814816,161.9518310396792,161.38904316608136,161.658203125,67678000,0.0,0.0,0.0
2014-07-23,161.90291714494413,162.18839326170846,161.57666939340263,162.01710510253906,65612000,0.0,0.0,0.0
2014-07-24,162.1720124022138,162.3596041621868,161.86206845008962,162.0251922607422,56888000,0.0,0.0,0.0
2014-07-25,161.5684881347705,161.7071440368854,160.9486124937474,161.26670837402344,76837000,0.0,0.0,0.0
2014-07-28,161.29930746239643,161.56846739508748,160.36948789744145,161.33193969726562,69259000,0.0,0.0,0.0
2014-07-29,161.63375896639678,161.86213488415387,160.6142191744261,160.63868713378906,80466000,0.0,0.0,0.0
2014-07-30,161.20960346937582,161.42167568040014,159.9943201793463,160.6631317138672,104222000,0.0,0.0,0.0
2014-07-31,159.5457213481924,159.68437724721403,157.39245410384908,157.49032592773438,183479000,0.0,0.0,0.0
2014-08-01,157.058014882951,158.03677028877806,156.25054758478004,157.0090789794922,189261000,0.0,0.0,0.0
2014-08-04,157.31081377252028,158.47717306937065,156.64200254026315,158.14276123046875,91340000,0.0,0.0,0.0
2014-08-05,157.4984379980459,157.90625372311015,156.0384507328087,156.60939025878906,152690000,0.0,0.0,0.0
2014-08-06,155.87541987180435,157.3272437230318,155.85095190935547,156.65843200683594,94818000,0.0,0.0,0.0
2014-08-07,157.36794830987236,157.52292029079712,155.41858946436784,155.81008911132812,135733000,0.0,0.0,0.0
2014-08-08,156.16084749838663,157.718694554249,155.74486737491634,157.6126708984375,117014000,0.0,0.0,0.0
2014-08-11,158.20806811494617,158.77085593039433,157.996008371748,158.0694122314453,74544000,0.0,0.0,0.0
2014-08-12,157.91438835490695,158.35482381395659,157.36791683631614,157.84913635253906,73632000,0.0,0.0,0.0
2014-08-13,158.4690636892523,159.09710352820534,158.19991620382342,158.91766357421875,69047000,0.0,0.0,0.0
2014-08-14,159.1786735282631,159.6680450439453,159.03185336167263,159.6680450439453,57371000,0.0,0.0,0.0
2014-08-15,160.24714546827798,160.39395318609715,158.48537818114272,159.6354217529297,139951000,0.0,0.0,0.0
2014-08-18,160.51625562759472,161.04641103829877,160.42653567933976,160.97300720214844,75424000,0.0,0.0,0.0
2014-08-19,161.3645410326249,161.93548062203143,161.03829339454967,161.81314086914062,59135000,0.0,0.0,0.0
2014-08-20,161.59292984795903,162.44119368796888,161.56031005975126,162.2454376220703,72763000,0.0,0.0,0.0
2014-08-21,162.38407868560273,162.93055031846455,162.25357465357763,162.71849060058594,67791000,0.0,0.0,0.0
2014-08-22,162.58796168107062,162.87343765173372,162.09859030420932,162.4656219482422,76107000,0.0,0.0,0.0
2014-08-25,163.24047755654067,163.60750921914715,162.43299794236785,163.28941345214844,63855000,0.0,0.0,0.0
2014-08-26,163.3954315185547,163.79509536455976,163.3546474615261,163.3954315185547,47298000,0.0,0.0,0.0
2014-08-27,163.47700788454617,163.59120823690358,163.07735643348892,163.3302001953125,47874000,0.0,0.0,0.0
2014-08-28,162.7918939441943,163.34652985579768,162.62877012744605,163.24049377441406,58330000,0.0,0.0,0.0
2014-08-29,163.4933873673491,163.7217632694839,162.97954781032246,163.70545959472656,65907000,0.0,0.0,0.0
2014-09-02,163.9174528919711,163.94192083973616,163.01210148801928,163.6238250732422,72426000,0.0,0.0,0.0
2014-09-03,164.25189369341865,164.276361645492,163.30575806141465,163.5341339111328,57462000,0.0,0.0,0.0
2014-09-04,163.81146217153196,164.41503408977792,162.84902277153205,163.29762268066406,85236000,0.0,0.0,0.0
2014-09-05,163.26498152429306,164.09692926981626,162.64510596725574,164.03167724609375,102177000,0.0,0.0,0.0
2014-09-08,163.87665802215693,164.11319809568263,163.12627863390665,163.6074981689453,64146000,0.0,0.0,0.0
2014-09-09,163.4607365318308,163.57492446121444,162.23728909748448,162.5717010498047,88591000,0.0,0.0,0.0
2014-09-10,162.66145534323263,163.28949535816975,162.12314777598388,163.1834716796875,67251000,0.0,0.0,0.0
2014-09-11,162.53088751483514,163.3954548870837,162.40853532625084,163.37098693847656,66774400,0.0,0.0,0.0
2014-09-12,163.20788114303116,163.22418481353597,161.9518015633592,162.41671752929688,117409300,0.0,0.0,0.0
2014-09-15,162.44116217334317,162.57166619195692,161.80497063953632,162.29434204101562,76401000,0.0,0.0,0.0
2014-09-16,161.99261024857515,163.81146543027336,161.90289026496393,163.51783752441406,116201000,0.0,0.0,0.0
2014-09-17,163.75432270485328,164.49653783402547,162.92237517664472,163.73800659179688,151266000,0.0,0.0,0.0
2014-09-18,164.23559801298788,164.63526202250074,164.02353825344844,164.6107940673828,94990000,0.0,0.0,0.0
2014-09-19,165.1343830434694,165.44576330744155,164.1264577702575,164.46243286132812,121649000,0.939,0.0,0.0
2014-09-22,164.17561885458557,164.20020117555342,162.84811100370294,163.19227600097656,125553000,0.0,0.0,0.0
2014-09-23,162.60229797986884,163.2824381302417,162.20896828577418,162.2581329345703,111393000,0.0,0.0,0.0
2014-09-24,162.28273105470626,163.6348215468331,161.85662905451485,163.52828979492188,107276000,0.0,0.0,0.0
2014-09-25,163.10217590060518,163.1103783453839,160.83232436026083,160.88967895507812,150300000,0.0,0.0,0.0
2014-09-26,161.18466874597425,162.569531419712,160.95522537439086,162.16799926757812,103547000,0.0,0.0,0.0
2014-09-29,160.77491856549196,162.1597809972903,160.6520069606617,161.8729705810547,95112000,0.0,0.0,0.0
2014-09-30,161.9958949049957,162.4957562715096,161.11089383786995,161.44686889648438,131302000,0.0,0.0,0.0
2014-10-01,161.18465837729127,161.2420254683598,158.89841474903852,159.25897216796875,177798000,0.0,0.0,0.0
2014-10-02,159.11965524807925,159.84077008406317,157.6200834926425,159.28355407714844,157285000,0.0,0.0,0.0
2014-10-03,160.34887339111953,161.3813813323608,159.85721425580724,161.03721618652344,121569000,0.0,0.0,0.0
2014-10-06,161.70908206330185,161.92214551372737,160.26686507020136,160.84866333007812,104778000,0.0,0.0,0.0
2014-10-07,160.02103366185128,160.3815910457498,158.33298091334825,158.36575317382812,147913000,0.0,0.0,0.0
2014-10-08,158.45589715547007,161.36492612932943,157.62826313910782,161.13548278808594,186461000,0.0,0.0,0.0
2014-10-09,160.88146818559673,161.102721602623,157.80855268582943,157.93966674804688,210705000,0.0,0.0,0.0
2014-10-10,157.89871449477738,158.68537397249938,156.09593964596027,156.13690185546875,221909000,0.0,0.0,0.0
2014-10-13,156.0713439923961,156.63674997335028,153.48189738323353,153.57203674316406,230939000,0.0,0.0,0.0
2014-10-14,154.39963200896017,155.54686107426127,153.26879532417385,153.80963134765625,215847000,0.0,0.0,0.0
2014-10-15,151.7282816084033,153.8014743047838,149.0732780646754,152.7689666748047,380715000,0.0,0.0,0.0
2014-10-16,150.00750195663693,153.71139444427976,149.8681978978541,152.63792419433594,270391000,0.0,0.0,0.0
2014-10-17,154.39971436563266,155.4895769323252,153.74415633631835,154.44068908691406,214625000,0.0,0.0,0.0
2014-10-20,154.1620691070693,156.06317349146246,154.11290444681242,155.9402618408203,130011000,0.0,0.0,0.0
2014-10-21,157.07105738488724,159.13606025850163,156.90717104653953,159.029541015625,154949000,0.0,0.0,0.0
2014-10-22,159.30812645731638,159.71784849696564,157.8331246138342,157.898681640625,151822000,0.0,0.0,0.0
2014-10-23,159.48027293022182,160.77499664602053,159.1852724316382,159.7342987060547,154944000,0.0,0.0,0.0
2014-10-24,159.99650165661532,161.01261710317735,159.37372848185478,160.96343994140625,117927000,0.0,0.0,0.0
2014-10-27,160.38981996964324,160.9798208314797,159.81621149389306,160.7421875,82954000,0.0,0.0,0.0
2014-10-28,161.2830241365299,162.59412744120144,161.2092646508088,162.5859375,106736000,0.0,0.0,0.0
2014-10-29,162.70067591775702,163.1677526887858,161.26664832531296,162.34011840820312,142557000,0.0,0.0,0.0
2014-10-30,161.90579619114183,163.84787505975865,161.75828972440817,163.38079833984375,113330000,0.0,0.0,0.0
2014-10-31,165.3474748255763,165.38025960064965,164.51984055903193,165.2491455078125,146903000,0.0,0.0,0.0
2014-11-03,165.46217554763325,165.8964799843175,164.96231407284407,165.33926391601562,93600000,0.0,0.0,0.0
2014-11-04,164.89674181917516,165.19994465539864,163.93799366984507,164.76564025878906,93343000,0.0,0.0,0.0
2014-11-05,165.9702065136358,166.01118122036854,165.0770154239963,165.8063201904297,91709000,0.0,0.0,0.0
2014-11-06,165.8473044491068,166.56021687316212,165.23272132389337,166.47007751464844,107089000,0.0,0.0,0.0
2014-11-07,166.48655041688127,166.83891808102314,166.0276634620533,166.6258544921875,89540000,0.0,0.0,0.0
2014-11-10,166.65857897927663,167.19940269251993,166.45371791258117,167.15023803710938,66319000,0.0,0.0,0.0
2014-11-11,167.2158033747303,167.42066445158923,166.879828207787,167.3141326904297,54499400,0.0,0.0,0.0
2014-11-12,166.63395819255982,167.36326292152347,166.60117342736802,167.13381958007812,90120300,0.0,0.0,0.0
2014-11-13,167.2976833062874,167.84670926373948,166.5192140383695,167.322265625,85357900,0.0,0.0,0.0
2014-11-14,167.2485443183841,167.56812701438204,166.93715156197214,167.36326599121094,80417500,0.0,0.0,0.0
2014-11-17,167.0436552261636,167.64184581226388,166.87975643218766,167.46975708007812,80441000,0.0,0.0,0.0
2014-11-18,167.52716878684132,168.73994266225887,167.52716878684132,168.43675231933594,76068100,0.0,0.0,0.0
2014-11-19,168.2401135660301,168.43678470677602,167.41247929321466,168.16636657714844,82373000,0.0,0.0,0.0
2014-11-20,167.37970740310325,168.56791177728724,167.31415035114122,168.4613800048828,72840300,0.0,0.0,0.0
2014-11-21,170.14940391683788,170.3132902664267,168.78912345816937,169.36273193359375,142327300,0.0,0.0,0.0
2014-11-24,169.76428096502727,169.94455971858326,169.5512299397921,169.83802795410156,65880800,0.0,0.0,0.0
2014-11-25,170.067442893027,170.272303941975,169.46106219052567,169.715087890625,79108300,0.0,0.0,0.0
2014-11-26,169.8625730896859,170.24771284215686,169.64952211110162,170.14938354492188,62167800,0.0,0.0,0.0
2014-11-28,170.02646415513584,170.33784441672861,169.5511850673391,169.788818359375,57890100,0.0,0.0,0.0
2014-12-01,169.1332388327947,169.24796049416128,168.29741494443397,168.60879516601562,103968400,0.0,0.0,0.0
2014-12-02,168.64985784680798,169.90360683711515,168.62527551395723,169.69874572753906,74507200,0.0,0.0,0.0
2014-12-03,169.87076377185514,170.5672837519187,169.70687745323573,170.35423278808594,68952000,0.0,0.0,0.0
2014-12-04,170.06744493595394,170.66564820875078,169.3791148041144,170.16578674316406,91316600,0.0,0.0,0.0
2014-12-05,170.33783472485194,170.829506168039,170.07561912454997,170.44436645507812,91025500,0.0,0.0,0.0
2014-12-08,170.05105607536652,170.54271507055114,168.7481303543721,169.30535888671875,108588200,0.0,0.0,0.0
2014-12-09,167.46982060957035,169.29719032508848,167.0928832493688,169.19065856933594,125180100,0.0,0.0,0.0
2014-12-10,168.73174282878125,168.7890974156109,166.2897903328881,166.478271484375,159856400,0.0,0.0,0.0
2014-12-11,167.06823999582156,168.9611535590262,166.92893602187607,167.322265625,159012800,0.0,0.0,0.0
2014-12-12,166.05214540483456,167.01909590681004,164.58534602505827,164.6181182861328,202330200,0.0,0.0,0.0
2014-12-15,165.51133282276095,165.96202962481365,162.88911393408057,163.4873046875,189965800,0.0,0.0,0.0
2014-12-16,162.7252346227588,165.85550503958038,162.13523378436992,162.17620849609375,259543800,0.0,0.0,0.0
2014-12-17,162.61049107357402,165.80631809881567,162.4875669549264,165.35562133789062,253910100,0.0,0.0,0.0
2014-12-18,167.7730109550758,174.5170332580484,167.10106070549944,169.44467163085938,257633900,0.0,0.0,0.0
2014-12-19,170.0914523327618,170.8330299608426,169.41580612698328,170.16561889648438,245084600,1.135,0.0,0.0
2014-12-22,170.35515287325197,170.9484100341797,170.11620800944846,170.9484100341797,148318900,0.0,0.0,0.0
2014-12-23,171.525233381875,171.57466939729824,170.8907751808824,171.17916870117188,122167900,0.0,0.0,0.0
2014-12-24,171.40160941442906,171.6652723020745,171.1544168135041,171.19561767578125,42963400,0.0,0.0,0.0
2014-12-26,171.64054568327762,172.08549485715466,171.5911096801218,171.74766540527344,57326700,0.0,0.0,0.0
2014-12-29,171.5663948317118,172.18437002799178,171.5004759687134,171.97837829589844,79643900,0.0,0.0,0.0
2014-12-30,171.55814702551612,171.68997216904498,170.9813601600387,171.05552673339844,73540800,0.0,0.0,0.0
2014-12-31,171.37688329824263,171.54167416681173,169.23456428863253,169.358154296875,130333800,0.0,0.0,0.0
2015-01-02,170.050326374956,170.46230990618886,168.2375887793397,169.26754760742188,121465900,0.0,0.0,0.0
2015-01-05,168.2293336136723,168.39412449200552,165.90575331187634,166.2106170654297,169632600,0.0,0.0,0.0
2015-01-06,166.51547647443184,167.03457967173875,163.8540667692118,164.64508056640625,209151400,0.0,0.0,0.0
2015-01-07,165.96340157310811,167.03456099365474,165.518465005697,166.6967315673828,125346700,0.0,0.0,0.0
2015-01-08,168.09745793044928,169.86899404760038,168.08098764725113,169.65475463867188,147217800,0.0,0.0,0.0
2015-01-09,170.06675072748448,170.08323358464872,167.68548706306586,168.29522705078125,158567300,0.0,0.0,0.0
2015-01-12,168.4270726875914,168.5836284061777,166.37539063350323,166.9768829345703,144396100,0.0,0.0,0.0
2015-01-13,168.18808878441223,169.30868406597367,165.21356831758087,166.5072021484375,214553300,0.0,0.0,0.0
2015-01-14,164.5050085458786,165.69977076877643,163.61513523893473,165.50201416015625,192991100,0.0,0.0,0.0
2015-01-15,166.13647051424184,166.44956942530905,163.87056126040977,163.9859161376953,176613900,0.0,0.0,0.0
2015-01-16,163.77989833968851,166.29299980880108,163.59862462239275,166.13644409179688,211879600,0.0,0.0,0.0
2015-01-20,166.77086833911568,167.03454373903753,164.93342597207484,166.49072265625,130991100,0.0,0.0,0.0
2015-01-21,166.02935314471333,167.80912491052092,165.56793362900146,167.3312225341797,122942700,0.0,0.0,0.0
2015-01-22,168.08105475506835,169.951451036386,166.71326633940515,169.8196258544922,174356000,0.0,0.0,0.0
2015-01-23,169.5641656984517,169.81960603301766,168.75668154786345,168.88851928710938,117516800,0.0,0.0,0.0
2015-01-26,168.67426912441425,169.37463344366853,167.96565708963297,169.28399658203125,92009700,0.0,0.0,0.0
2015-01-27,167.24053422499344,168.18809096957068,166.22705863091088,167.051025390625,134044600,0.0,0.0,0.0
2015-01-28,168.22929169842698,168.3281636862448,164.71919783080995,164.90870666503906,168514300,0.0,0.0,0.0
2015-01-29,165.10647263163597,166.68848739063924,163.7057190030601,166.4330596923828,173585400,0.0,0.0,0.0
2015-01-30,165.26307686300927,166.5814165962513,164.07656230217393,164.34022521972656,197729700,0.0,0.0,0.0
2015-02-02,164.83462798465027,166.46607939270476,163.03013794612085,166.3754425048828,163107000,0.0,0.0,0.0
2015-02-03,167.26527603406157,168.7896197856342,166.89449345395215,168.7813720703125,124212900,0.0,0.0,0.0
2015-02-04,168.0233017716348,169.22629878455885,167.6854723793993,168.13865661621094,134306700,0.0,0.0,0.0
2015-02-05,168.79786576480814,169.9843801555203,168.72371175857302,169.8360595703125,97953200,0.0,0.0,0.0
2015-02-06,170.19859606236224,170.75890007641658,168.8472908873023,169.36639404296875,125672000,0.0,0.0,0.0
2015-02-09,168.72369225628847,169.44053937917812,168.20458912716913,168.60833740234375,87219000,0.0,0.0,0.0
2015-02-10,169.63834920643984,170.66006035566588,168.64957863620293,170.40463256835938,96164200,0.0,0.0,0.0
2015-02-11,170.23981611142796,170.93194534851392,169.59712288088554,170.50347900390625,91087800,0.0,0.0,0.0
2015-02-12,171.2945034509588,172.2008722029331,170.53645530055257,172.1431884765625,97545900,0.0,0.0,0.0
2015-02-13,172.26675145476713,172.90119686249804,172.0113111759659,172.8517608642578,93670400,0.0,0.0,0.0
2015-02-17,172.53868091400219,173.29674160106663,172.29150087771853,173.1237030029297,76968200,0.0,0.0,0.0
2015-02-18,172.7529170154878,173.2143365045599,172.48924155159625,173.1401824951172,80652900,0.0,0.0,0.0
2015-02-19,172.54690121906617,173.37910321207133,172.40682836317836,173.0165557861328,91462500,0.0,0.0,0.0
2015-02-20,172.60458920743812,174.1289330590768,171.98661400910962,174.05477905273438,140896400,0.0,0.0,0.0
2015-02-23,173.80756998498592,174.03004455566406,173.42853970059855,174.03004455566406,74411100,0.0,0.0,0.0
2015-02-24,173.9559509776664,174.72224701033326,173.65932228320528,174.5244903564453,72472300,0.0,0.0,0.0
2015-02-25,174.40077084824046,174.87867297750057,174.03822353826845,174.3760528564453,73061700,0.0,0.0,0.0
2015-02-26,174.28547509764192,174.4420308138925,173.56861537442805,174.1701202392578,72697900,0.0,0.0,0.0
2015-02-27,174.07127699042695,174.33495248517968,173.52746828479377,173.576904296875,108076000,0.0,0.0,0.0
2015-03-02,173.67575445825463,174.73043115902072,173.62631845239653,174.67276000976562,87491400,0.0,0.0,0.0
2015-03-03,174.24428028315134,174.72218259095698,173.09896680206552,173.9558868408203,110325800,0.0,0.0,0.0
2015-03-04,173.3625917536773,173.4367583132826,172.25847937337255,173.22251892089844,114497200,0.0,0.0,0.0
2015-03-05,173.54390400580067,173.6922245852403,172.90945854681257,173.41207885742188,76873000,0.0,0.0,0.0
2015-03-06,172.5551287888291,172.9835950527475,170.6435323169567,170.97311401367188,188128000,0.0,0.0,0.0
2015-03-09,171.17086154416938,172.03601659558407,171.01430584603222,171.6817169189453,89818900,0.0,0.0,0.0
2015-03-10,170.322231053756,170.40462021347557,168.85555816697376,168.89675903320312,157121300,0.0,0.0,0.0
2015-03-11,169.15216429988467,169.32520288593318,168.41883424041714,168.50123596191406,110145700,0.0,0.0,0.0
2015-03-12,169.12744599474263,170.70946097729438,169.07800999102813,170.6435546875,93993500,0.0,0.0,0.0
2015-03-13,170.37165315238914,171.32744527807324,168.56716348444633,169.5971221923828,162410900,0.0,0.0,0.0
2015-03-16,170.32217748797643,171.95362818111172,169.62180070056112,171.8629913330078,136099200,0.0,0.0,0.0
2015-03-17,171.12972873213545,171.7312211937893,170.54470656008186,171.35220336914062,94510400,0.0,0.0,0.0
2015-03-18,170.8824944460516,174.07949003305748,170.2480364143264,173.41207885742188,228808500,0.0,0.0,0.0
2015-03-19,173.0000782410441,173.42029679107185,172.23378256424542,172.6210479736328,117917300,0.0,0.0,0.0
2015-03-20,173.5653808325421,174.6495934016507,173.3832979827377,174.1447296142578,177715100,0.931,0.0,0.0
2015-03-23,174.15302924625576,174.72410621804497,173.805419921875,173.805419921875,71784500,0.0,0.0,0.0
2015-03-24,173.68126953613915,174.13646408145203,172.76258328603416,172.82879638671875,77805300,0.0,0.0,0.0
2015-03-25,173.03573424078624,173.26747381444505,170.25484672802094,170.2962188720703,159521700,0.0,0.0,0.0
2015-03-26,169.6341028800728,170.8010725816422,168.93887157179836,169.8906707763672,153067200,0.0,0.0,0.0
2015-03-27,169.7748144147788,170.45347671388734,169.58444698150385,170.27967834472656,118939000,0.0,0.0,0.0
2015-03-30,171.30595823876573,172.65502362744044,171.2894144315767,172.35707092285156,96180400,0.0,0.0,0.0
2015-03-31,171.5376700193974,172.23290130330517,170.79279469310998,170.85072326660156,126768700,0.0,0.0,0.0
2015-04-01,170.81764381892094,170.84247215756182,169.26166724350648,170.24656677246094,137303600,0.0,0.0,0.0
2015-04-02,170.18034913276153,171.30594676035847,169.99826623499885,170.85902404785156,86900900,0.0,0.0,0.0
2015-04-06,169.97341805293084,172.5225656951408,169.8410044754476,172.00942993164062,114368200,0.0,0.0,0.0
2015-04-07,172.03432648818995,172.77920209374432,171.52119052120193,171.55429077148438,81236300,0.0,0.0,0.0
2015-04-08,171.77773989117853,172.5722721004941,171.38874569097925,172.1336212158203,89351900,0.0,0.0,0.0
2015-04-09,171.96806125782373,173.12675909960655,171.47975378370523,172.89501953125,85548900,0.0,0.0,0.0
2015-04-10,173.14335839334655,173.87996205271412,172.94473164493616,173.8385772705078,72722900,0.0,0.0,0.0
2015-04-13,173.69783865100243,174.32685688473805,173.0026199357931,173.05227661132812,74436600,0.0,0.0,0.0
2015-04-14,172.8536695025583,173.56544473324718,172.23293573028985,173.38336181640625,75099900,0.0,0.0,0.0
2015-04-15,173.84680420211387,174.66616452554595,173.764034665126,174.1613006591797,99529300,0.0,0.0,0.0
2015-04-16,173.8302828008532,174.61654304525962,173.63164344936558,174.11167907714844,68934900,0.0,0.0,0.0
2015-04-17,172.9281223630453,173.1681338203195,171.33076118581155,172.10874938964844,191113200,0.0,0.0,0.0
2015-04-20,173.02742791947463,174.0123272979256,172.94467101293785,173.6812744140625,92189500,0.0,0.0,0.0
2015-04-21,174.35996932831137,174.51722389775097,173.17644304903084,173.47439575195312,72559800,0.0,0.0,0.0
2015-04-22,173.81371006782535,174.50894141841778,172.89502367522857,174.3268585205078,78264600,0.0,0.0,0.0
2015-04-23,173.92954311314637,175.4110343214699,173.81367335066773,174.76547241210938,102585900,0.0,0.0,0.0
2015-04-24,175.1793355574748,175.43590347488626,174.72412830294158,175.17105102539062,61327400,0.0,0.0,0.0
2015-04-27,175.7337964095999,175.8579380600504,174.25230536032728,174.4426727294922,79358100,0.0,0.0,0.0
2015-04-28,174.41791967652122,175.04692535836938,173.25093714320545,174.9972686767578,86863500,0.0,0.0,0.0
2015-04-29,174.1116520804401,174.87308386645512,173.47437460567704,174.27719116210938,125684900,0.0,0.0,0.0
2015-04-30,173.7061074585782,174.09510155353598,171.8356219903494,172.53085327148438,161304900,0.0,0.0,0.0
2015-05-01,173.30885448866758,174.44273670365686,173.20954113188554,174.40135192871094,103399700,0.0,0.0,0.0
2015-05-04,174.8234210654885,175.4772675801301,174.71583582080524,174.89791870117188,70927200,0.0,0.0,0.0
2015-05-05,174.6579072601889,175.01380114443174,172.75432140966632,172.89501953125,113326200,0.0,0.0,0.0
2015-05-06,173.44132808756856,173.74755277385665,171.12391897512413,172.1833038330078,135060200,0.0,0.0,0.0
2015-05-07,172.08390294042215,173.29226988854677,171.75285007650547,172.8701629638672,88244900,0.0,0.0,0.0
2015-05-08,174.53374536776425,175.34483376311425,174.45097583342212,175.1461944580078,155877300,0.0,0.0,0.0
2015-05-11,175.10483211158484,175.36967190434544,174.2358024678275,174.31028747558594,75708100,0.0,0.0,0.0
2015-05-12,173.48262434692913,174.3268255659375,172.6632514612277,173.78884887695312,119727600,0.0,0.0,0.0
2015-05-13,174.19444394936284,174.81517769861114,173.59026663617541,173.82200622558594,94667900,0.0,0.0,0.0
2015-05-14,174.8316593918855,175.72551712413062,174.5585351435171,175.6344757080078,95934000,0.0,0.0,0.0
2015-05-15,175.8248748779297,175.96557298770557,175.3448393469459,175.8248748779297,76510100,0.0,0.0,0.0
2015-05-18,175.65937957905905,176.61943818239672,175.59316646350808,176.37115478515625,74549700,0.0,0.0,0.0
2015-05-19,176.48702817355368,176.76015254493973,176.03182088791033,176.31321716308594,72114600,0.0,0.0,0.0
2015-05-20,176.41249615622908,176.93391645719115,175.87453205091077,176.1890411376953,76857500,0.0,0.0,0.0
2015-05-21,176.04831466274183,176.90905961834017,175.8827756149847,176.7021484375,64764600,0.0,0.0,0.0
2015-05-22,176.32149299834063,176.73531551654153,176.21390773123392,176.28012084960938,57433500,0.0,0.0,0.0
2015-05-26,175.79175933015534,176.2138662819026,173.97094320413913,174.384765625,124308600,0.0,0.0,0.0
2015-05-27,174.84001729759882,176.2718397019903,174.43446667558356,176.04010009765625,93214000,0.0,0.0,0.0
2015-05-28,175.73381754270662,175.94900063898316,175.1544687228412,175.84141540527344,74974600,0.0,0.0,0.0
2015-05-29,175.7752313862801,175.81660352901272,174.48410733731347,174.7489471435547,124919600,0.0,0.0,0.0
2015-06-01,175.41105243570655,175.74210532587335,174.31855516621133,175.10482788085938,93338800,0.0,0.0,0.0
2015-06-02,174.64967973513563,175.6180230265762,174.02894588455612,174.9310760498047,91531000,0.0,0.0,0.0
2015-06-03,175.46071383801245,176.01523438986766,174.90619328615722,175.39450073242188,87820900,0.0,0.0,0.0
2015-06-04,174.69101312012216,175.34484702699578,173.59851580268213,173.91302490234375,151882800,0.0,0.0,0.0
2015-06-05,173.7640518137594,174.28547216475346,172.96123521540898,173.61508178710938,121704700,0.0,0.0,0.0
2015-06-08,173.50743416284743,173.65641677564642,172.47287828927844,172.54736328125,89063300,0.0,0.0,0.0
2015-06-09,172.5225830078125,173.06055978923862,171.89357740785732,172.5225830078125,105034700,0.0,0.0,0.0
2015-06-10,173.28403988801946,174.97244286033785,173.22611130159058,174.5917205810547,134551300,0.0,0.0,0.0
2015-06-11,175.0303409262258,175.53520482329432,174.79860136319687,175.1544952392578,73876400,0.0,0.0,0.0
2015-06-12,174.33515639532266,175.03037522062644,173.54061157436013,173.81373596191406,135382400,0.0,0.0,0.0
2015-06-15,172.67983826874854,173.35022864367772,171.97633502434712,173.06883239746094,124384200,0.0,0.0,0.0
2015-06-16,172.91986216752656,174.0951291699091,172.74606379131728,174.01235961914062,85308200,0.0,0.0,0.0
2015-06-17,174.2937774658203,174.8979674777453,173.27577753539802,174.2937774658203,126708600,0.0,0.0,0.0
2015-06-18,174.88962332225375,176.5697412814498,174.32683091156198,176.10626220703125,165867900,0.0,0.0,0.0
2015-06-19,175.86510226832593,175.9399495901097,174.95025936778484,175.3245086669922,130478700,1.03,0.0,0.0
2015-06-22,176.23933899345053,176.80486897140835,176.0147843538319,176.2227020263672,70696000,0.0,0.0,0.0
2015-06-23,176.4305995037729,176.6801032203133,175.95655386360374,176.34742736816406,68476800,0.0,0.0,0.0
2015-06-24,176.08135086351967,176.45560020261894,175.04176231586064,175.06671142578125,92307300,0.0,0.0,0.0
2015-06-25,175.56573082290518,175.69047638090552,174.45960701090294,174.53445434570312,97107400,0.0,0.0,0.0
2015-06-26,174.89204853122945,175.1332401719745,173.9522691481202,174.5011749267578,104174800,0.0,0.0,0.0
2015-06-29,173.02906400961442,174.50943660371323,170.76691905205735,170.84176635742188,202621300,0.0,0.0,0.0
2015-06-30,172.3720785092808,172.42198941511714,170.7253739447675,171.19943237304688,182925100,0.0,0.0,0.0
2015-07-01,172.7629665159609,173.01247028648763,171.78991323216673,172.57168579101562,135979900,0.0,0.0,0.0
2015-07-02,173.0457283654755,173.21205996715375,171.99781516335582,172.4136505126953,104373700,0.0,0.0,0.0
2015-07-06,171.1329345465305,172.69646729958498,170.93332895047834,171.9230194091797,117975400,0.0,0.0,0.0
2015-07-07,172.122581439206,173.12889592515094,169.7523147609061,173.004150390625,173820200,0.0,0.0,0.0
2015-07-08,171.67346540118666,171.95623039521413,169.86874149419305,170.1016082763672,164020100,0.0,0.0,0.0
2015-07-09,172.18912259799822,172.44695121445062,170.30123895596645,170.4093475341797,144113100,0.0,0.0,0.0
2015-07-10,172.39701898396842,172.97087381460608,170.45091253333575,172.55503845214844,129456900,0.0,0.0,0.0
2015-07-13,173.81089249005686,174.56770330578686,173.7693064102214,174.4595947265625,106069400,0.0,0.0,0.0
2015-07-14,174.4180032755056,175.5241269755584,174.35978022747096,175.21640014648438,81709600,0.0,0.0,0.0
2015-07-15,175.2579995688983,175.71542108724967,174.68414463590213,175.158203125,97914100,0.0,0.0,0.0
2015-07-16,176.20601950592385,176.5636444091797,175.96484065185987,176.5636444091797,106683300,0.0,0.0,0.0
2015-07-17,176.55540518528056,176.77164773544249,176.14789457666555,176.7134246826172,89030000,0.0,0.0,0.0
2015-07-20,176.93795623306366,177.29556857265433,176.48885960120506,176.8048858642578,70446800,0.0,0.0,0.0
2015-07-21,176.67177685654977,176.92960539858112,175.80684502905405,176.1062469482422,77965000,0.0,0.0,0.0
2015-07-22,175.42430027659478,176.12291333158248,175.3910390312564,175.7902374267578,88667900,0.0,0.0,0.0
2015-07-23,175.92335902861464,176.02315548398494,174.44298571925975,174.80059814453125,90509100,0.0,0.0,0.0
2015-07-24,174.9003790266702,174.95858938613225,172.65487031166467,172.98753356933594,117755000,0.0,0.0,0.0
2015-07-27,172.1059746773746,172.61329442396672,171.54043187759277,171.98121643066406,132361100,0.0,0.0,0.0
2015-07-28,172.8128782471972,174.23504096722047,171.98953223744314,174.09365844726562,123544800,0.0,0.0,0.0
2015-07-29,174.21839731668058,175.51580174678963,174.0770148021471,175.291259765625,105791300,0.0,0.0,0.0
2015-07-30,174.7839189942226,175.4991563105311,174.16847810195645,175.33282470703125,91304400,0.0,0.0,0.0
2015-07-31,175.83184707402353,175.85679618394414,174.78394638648757,175.06671142578125,103266900,0.0,0.0,0.0
2015-08-03,175.03345745882638,175.09166782096656,173.52812251933818,174.47622680664062,113965700,0.0,0.0,0.0
2015-08-04,174.40136670830458,174.85878819288368,173.65286805374927,174.13523864746094,81820800,0.0,0.0,0.0
2015-08-05,175.02511746137847,175.74035485755985,174.4263134696783,174.70909118652344,85786800,0.0,0.0,0.0
2015-08-06,174.8919946629343,175.0001158955032,172.69638491494072,173.278564453125,116030800,0.0,0.0,0.0
2015-08-07,173.12060983404416,173.2703044979984,172.04774731454444,172.94595336914062,117858000,0.0,0.0,0.0
2015-08-10,174.0520612842865,175.20808317057939,174.0520612842865,175.1249237060547,80270700,0.0,0.0,0.0
2015-08-11,173.79428838179854,174.2101238782013,172.78796089677525,173.54478454589844,126081400,0.0,0.0,0.0
2015-08-12,172.24730271906228,173.93559306345136,170.79187913318984,173.75262451171875,172123700,0.0,0.0,0.0
2015-08-13,173.5946178194664,174.27659386972576,172.9958139134832,173.53640747070312,89383300,0.0,0.0,0.0
2015-08-14,173.34512893495634,174.2433348709196,173.2037464297985,174.16848754882812,72786500,0.0,0.0,0.0
2015-08-17,173.57805351149946,175.14158630371094,173.1206319405233,175.14158630371094,79072600,0.0,0.0,0.0
2015-08-18,174.86708309773934,175.2163832814577,174.4013495194482,174.63421630859375,71692700,0.0,0.0,0.0
2015-08-19,173.89399352418042,174.6591289129357,172.44689487839162,173.2536163330078,172946000,0.0,0.0,0.0
2015-08-20,171.74828668577297,173.22865930104066,169.57762596716128,169.63584899902344,194327900,0.0,0.0,0.0
2015-08-21,167.7729296552139,169.61092751768334,164.27160305430596,164.5294189453125,346588500,0.0,0.0,0.0
2015-08-24,155.9299999159837,164.23838506061782,151.69678489337517,157.60165405273438,507244300,0.0,0.0,0.0
2015-08-25,162.53341809100982,162.55005506026404,155.45590416290756,155.7469940185547,369833100,0.0,0.0,0.0
2015-08-26,159.7473344527929,162.00115529416996,156.66183009162816,161.72671508789062,339257000,0.0,0.0,0.0
2015-08-27,163.85576123020783,165.8517657897878,162.3504393270672,165.72702026367188,274143900,0.0,0.0,0.0
2015-08-28,165.08664937112624,166.2010851675592,164.60427879723235,165.7353515625,160414400,0.0,0.0,0.0
2015-08-31,164.76226889448333,165.61057648973326,163.84742612604842,164.39633178710938,163298800,0.0,0.0,0.0
2015-09-01,160.61226520831102,161.9845296798491,158.62457244980104,159.48951721191406,256000400,0.0,0.0,0.0
2015-09-02,161.85975766743235,162.5583707436198,160.030084551383,162.51678466796875,160269300,0.0,0.0,0.0
2015-09-03,163.22374958045336,164.71244781066258,162.1425874082523,162.63327026367188,152087800,0.0,0.0,0.0
2015-09-04,160.38769024511666,161.22767303477093,159.35641406857826,160.17144775390625,207081000,0.0,0.0,0.0
2015-09-08,162.95755041138966,164.3464388844528,162.31716045281516,164.1967315673828,116025700,0.0,0.0,0.0
2015-09-09,165.76860907508595,165.89335460326328,161.6352047043079,162.00112915039062,149347700,0.0,0.0,0.0
2015-09-10,161.80985857660508,164.02210581026137,161.55204267536854,162.88272094726562,158611100,0.0,0.0,0.0
2015-09-11,162.49185196038175,163.68945999438665,161.78492667383196,163.6229248046875,119691200,0.0,0.0,0.0
2015-09-14,163.79761144375988,163.84750967652144,162.53346788919643,163.01583862304688,79452000,0.0,0.0,0.0
2015-09-15,163.51480958246202,165.49419030577366,162.97422859531255,165.05340576171875,113806200,0.0,0.0,0.0
2015-09-16,165.35287186094786,166.67522600556808,165.01188362784345,166.4839324951172,99581600,0.0,0.0,0.0
2015-09-17,166.35076495640442,168.7376556321738,165.73532411433695,166.1095733642578,276046600,0.0,0.0,0.0
2015-09-18,163.61243196557712,166.09532302613908,162.9854363099406,163.3950653076172,223657500,1.033,0.0,0.0
2015-09-21,164.22279374688873,165.2594189656685,163.1945238824885,164.23951721191406,105726200,0.0,0.0,0.0
2015-09-22,162.08258720585093,162.56746545525212,160.97906855074584,162.107666015625,153890900,0.0,0.0,0.0
2015-09-23,162.27489386503237,162.74304874679908,161.2717030103517,161.84854125976562,92790600,0.0,0.0,0.0
2015-09-24,160.6362946995667,161.7230898073771,159.30706686497084,161.26329040527344,159378800,0.0,0.0,0.0
2015-09-25,162.71795148101944,163.01890997892332,160.35208576954818,161.22152709960938,155054800,0.0,0.0,0.0
2015-09-28,160.32701080110434,160.43569415903292,156.86599437037327,157.17530822753906,178515900,0.0,0.0,0.0
2015-09-29,157.39266450039486,158.62157725173503,156.27242234351033,157.2672576904297,159045600,0.0,0.0,0.0
2015-09-30,159.14823809088995,160.36879543749174,158.37076947932167,160.20159912109375,163452000,0.0,0.0,0.0
2015-10-01,160.5778113747788,160.92057215200472,158.68846855841454,160.61961364746094,131079000,0.0,0.0,0.0
2015-10-02,158.64670311133017,163.04403023419374,158.10329895285076,163.01895141601562,211003300,0.0,0.0,0.0
2015-10-05,164.23950106479637,166.1455676897734,164.13081768721608,165.9198455810547,126320800,0.0,0.0,0.0
2015-10-06,165.78610019265616,166.34621508818907,164.69094922107192,165.35137939453125,110274500,0.0,0.0,0.0
2015-10-07,166.27927740156187,167.05675880972396,165.09216691041397,166.7056427001953,124307300,0.0,0.0,0.0
2015-10-08,166.32106341932885,168.49465370164467,166.0201049611045,168.21041870117188,153055200,0.0,0.0,0.0
2015-10-09,168.35256277089263,168.78727069095308,167.68376467414845,168.31076049804688,107069200,0.0,0.0,0.0
2015-10-12,168.38601519621844,168.67025027237352,167.95966258198578,168.46961975097656,56395600,0.0,0.0,0.0
2015-10-13,167.74224477755916,169.00460428628983,167.24065587049776,167.40785217285156,88038700,0.0,0.0,0.0
2015-10-14,167.34939663882656,167.9262349666992,166.31277147570756,166.60536193847656,99106200,0.0,0.0,0.0
2015-10-15,167.26574151073802,169.17180749920544,166.89790197677755,169.1634521484375,134142200,0.0,0.0,0.0
2015-10-16,169.56480799290574,169.94935841471005,168.8040497478462,169.93264770507812,114580100,0.0,0.0,0.0
2015-10-19,169.28889366911423,170.01620483398438,168.9795797725629,170.01620483398438,76523900,0.0,0.0,0.0
2015-10-20,169.5814741668147,170.40910048332756,169.3306732881316,169.798828125,78448500,0.0,0.0,0.0
2015-10-21,170.21682902565695,170.3673019023697,168.57827430485062,168.7454833984375,102038000,0.0,0.0,0.0
2015-10-22,169.69014044561686,171.80520526590783,168.74547544394838,171.59620666503906,174911700,0.0,0.0,0.0
2015-10-23,173.25987988418584,173.8450735496707,172.46568756986602,173.47723388671875,144442300,0.0,0.0,0.0
2015-10-26,173.3016584394646,173.3601714198698,172.68301793135217,173.0508575439453,69033000,0.0,0.0,0.0
2015-10-27,172.38207097188328,173.0508691527118,172.0393101502223,172.7164764404297,77905800,0.0,0.0,0.0
2015-10-28,173.05088906637462,174.70615486829857,172.39045891892656,174.6810760498047,135906700,0.0,0.0,0.0
2015-10-29,174.1794452380082,174.9485585857048,174.0624065276253,174.58071899414062,90525500,0.0,0.0,0.0
2015-10-30,174.7729858520625,175.0906678035745,173.66947988597488,173.82830810546875,131076900,0.0,0.0,0.0
2015-11-02,174.15438566092635,176.07716286440782,174.02897882835313,175.8848876953125,86270800,0.0,0.0,0.0
2015-11-03,175.53374794198606,176.9465805411502,175.3080258786919,176.3948211669922,95246100,0.0,0.0,0.0
2015-11-04,176.68741072610385,176.81280477592261,175.32473585551978,175.85977172851562,96224500,0.0,0.0,0.0
2015-11-05,175.9182967735865,176.37809624824874,174.7980673307819,175.68421936035156,78408700,0.0,0.0,0.0
2015-11-06,175.34146652871556,175.82634480173434,174.27139473869553,175.59225463867188,110471500,0.0,0.0,0.0
2015-11-09,174.9819896555417,175.13247528409406,173.0090423180787,173.95372009277344,131008700,0.0,0.0,0.0
2015-11-10,173.47724457347127,174.38848843328879,173.20973291974082,174.35504150390625,75874600,0.0,0.0,0.0
2015-11-11,174.62252780808376,174.6726854349463,173.6026135410018,173.66949462890625,67846000,0.0,0.0,0.0
2015-11-12,172.63290193955868,173.10105692076502,171.2284369959397,171.24514770507812,121315200,0.0,0.0,0.0
2015-11-13,170.83548747620802,171.10299909281403,169.23873486083247,169.32232666015625,153577100,0.0,0.0,0.0
2015-11-16,169.13841461390479,171.9557120177363,169.02136313702593,171.89718627929688,117645200,0.0,0.0,0.0
2015-11-17,172.2065255564367,173.08430964732463,171.27857107623493,171.7718048095703,121123700,0.0,0.0,0.0
2015-11-18,172.24833418812054,174.63927942672737,172.20654466012024,174.49716186523438,121342500,0.0,0.0,0.0
2015-11-19,174.3800833359469,174.76464640468254,174.0540460030841,174.34664916992188,88220500,0.0,0.0,0.0
2015-11-20,175.0990333405457,175.6591480859818,174.6057996812268,174.98199462890625,94011500,0.0,0.0,0.0
2015-11-23,175.04049775530277,175.54208670200444,174.3215421177286,174.78134155273438,64931200,0.0,0.0,0.0
2015-11-24,173.7781912351542,175.41674624331006,173.39364086749754,175.01547241210938,98874400,0.0,0.0,0.0
2015-11-25,175.14085986028863,175.34150314641727,174.73121793470858,174.99038696289062,51980100,0.0,0.0,0.0
2015-11-27,175.0823871492019,175.3917139035424,174.60587674017933,175.19107055664062,37317800,0.0,0.0,0.0
2015-11-30,175.34983615940328,175.46687487233424,174.35500072135858,174.46368408203125,112822700,0.0,0.0,0.0
2015-12-01,175.0907094642138,176.24438608367103,174.81482971798422,176.12733459472656,97858400,0.0,0.0,0.0
2015-12-02,176.07712009174398,176.39480201624121,174.0790941715735,174.32989501953125,108441300,0.0,0.0,0.0
2015-12-03,174.58078968308652,174.84830137673785,171.16992948422384,171.88888549804688,166224200,0.0,0.0,0.0
2015-12-04,171.88881680030758,175.53375305796652,171.88881680030758,175.24114990234375,192913900,0.0,0.0,0.0
2015-12-07,174.91514042477857,175.33313771005442,173.21807246705978,174.17947387695312,102027100,0.0,0.0,0.0
2015-12-08,172.62451338421533,174.1292933183175,172.03095166103108,173.00906372070312,103372400,0.0,0.0,0.0
2015-12-09,172.37368627546385,174.45530415415365,170.6933293781942,171.6630859375,162401500,0.0,0.0,0.0
2015-12-10,171.7299909343548,173.41033530936133,171.4959134917548,172.10618591308594,116128900,0.0,0.0,0.0
2015-12-11,169.999466377622,170.65989634100308,168.461226986545,168.7705535888672,211173300,0.0,0.0,0.0
2015-12-14,168.92941156039979,169.74868258323525,167.1570945794782,169.62327575683594,182385200,0.0,0.0,0.0
2015-12-15,171.1280966842371,172.30685216353294,169.59822499422316,171.4039764404297,154069600,0.0,0.0,0.0
2015-12-16,172.52421781730214,174.21293064057878,171.21171280457577,173.91197204589844,197017000,0.0,0.0,0.0
2015-12-17,174.2212403367473,174.28812142428936,171.24510210057215,171.26182556152344,173092500,0.0,0.0,0.0
2015-12-18,170.5234364199729,170.6579818248488,168.0509833508392,168.2107696533203,251393500,1.212,0.0,0.0
2015-12-21,169.37969541238357,169.7749521630845,168.26960934688023,169.5983428955078,99094300,0.0,0.0,0.0
2015-12-22,170.48138898102388,171.43168890612836,169.49745591203236,171.13734436035156,111026200,0.0,0.0,0.0
2015-12-23,172.13810048751947,173.29864285088595,172.04559330156735,173.256591796875,110987200,0.0,0.0,0.0
2015-12-24,173.0043338492044,173.51732601630175,172.75204030548423,172.97068786621094,48539600,0.0,0.0,0.0
2015-12-28,172.2811100869447,172.61749294503812,171.50741924758302,172.57545471191406,65899900,0.0,0.0,0.0
2015-12-29,173.66871249584628,174.745153084243,173.63507934153938,174.41717529296875,92640700,0.0,0.0,0.0
2015-12-30,174.17324391339574,174.25734602053262,173.03792962794714,173.18089294433594,63317700,0.0,0.0,0.0
2015-12-31,172.50816240776243,173.14729492223373,171.4485321044922,171.4485321044922,114877900,0.0,0.0,0.0
2016-01-04,168.6060448318298,169.06016289116468,167.0081944650401,169.0517578125,222353500,0.0,0.0,0.0
2016-01-05,169.37126436185,169.79174914212487,168.2359631544141,169.33763122558594,110845800,0.0,0.0,0.0
2016-01-06,166.79790921071645,168.24437796512953,166.17559991249593,167.2015838623047,152112600,0.0,0.0,0.0
2016-01-07,164.26654902284488,166.04099491159437,162.80325769553474,163.1901092529297,213436100,0.0,0.0,0.0
2016-01-08,164.1489317141223,164.70397497816032,161.11302958663285,161.39895629882812,209817200,0.0,0.0,0.0
2016-01-11,162.31562953118924,162.65202526044848,159.6329457713874,161.5587615966797,187941300,0.0,0.0,0.0
2016-01-12,162.99678665271762,163.61069106589846,160.74298072437495,162.8622283935547,172330500,0.0,0.0,0.0
2016-01-13,163.52655378276137,163.87135443565572,158.42187443317707,158.80030822753906,221168900,0.0,0.0,0.0
2016-01-14,159.4058037645922,162.52579405915853,157.81637159909005,161.4073028564453,240795600,0.0,0.0,0.0
2016-01-15,157.06796280692814,158.74148481243708,156.01675035836897,157.94256591796875,324846400,0.0,0.0,0.0
2016-01-19,159.75062123923658,159.87676157035148,156.58856672936832,158.15277099609375,195244400,0.0,0.0,0.0
2016-01-20,155.60465563792062,157.68185226499943,152.232371043732,156.1260528564453,286547800,0.0,0.0,0.0
2016-01-21,156.5969942115082,158.833964157154,155.27666544829353,157.0006561279297,195772900,0.0,0.0,0.0
2016-01-22,159.59926579231154,160.42341269715334,158.8423980189931,160.22158813476562,168319600,0.0,0.0,0.0
2016-01-25,159.71697051591548,159.91038996193646,157.60614110085402,157.799560546875,130371700,0.0,0.0,0.0
2016-01-26,158.45555862577692,160.23000575805105,158.11917577400814,159.95248413085938,141036800,0.0,0.0,0.0
2016-01-27,159.43102756991277,161.09614388163698,157.3117804617866,158.2116241455078,185681700,0.0,0.0,0.0
2016-01-28,159.75065722654782,159.952481801797,157.39593880190375,159.03582763671875,143798800,0.0,0.0,0.0
2016-01-29,159.80108819422082,163.0472322006176,159.68335293314658,162.9126739501953,210529300,0.0,0.0,0.0
2016-02-01,161.91187790917306,163.6358681752829,161.33160682540253,162.853759765625,136061600,0.0,0.0,0.0
2016-02-02,161.43257147696843,161.44097655554074,159.39741323054122,159.9188232421875,182564900,0.0,0.0,0.0
2016-02-03,160.97004015467195,161.28119488917497,157.34546219740864,160.87753295898438,205054900,0.0,0.0,0.0
2016-02-04,160.38141990650317,162.096993333757,159.7506923059827,161.1298828125,139531800,0.0,0.0,0.0
2016-02-05,160.6168586201288,161.18871203825225,157.42957525911237,158.060302734375,180788300,0.0,0.0,0.0
2016-02-08,156.22696174737354,156.52129347506644,153.72928044024542,155.9326171875,191526700,0.0,0.0,0.0
2016-02-09,154.2002088682213,157.2108820153618,154.0656506328656,155.94100952148438,184513100,0.0,0.0,0.0
2016-02-10,156.7652238602392,158.38828983268502,155.68036535289824,155.8065185546875,148214100,0.0,0.0,0.0
2016-02-11,153.34244670274717,154.82256192212859,152.29123433997384,153.77975463867188,219058900,0.0,0.0,0.0
2016-02-12,155.5457773093388,156.9670054690548,154.70480752309757,156.9501953125,127632400,0.0,0.0,0.0
2016-02-16,158.749883486931,159.62448649198512,157.79117836331056,159.59925842285156,120250700,0.0,0.0,0.0
2016-02-17,160.75981426882714,162.57631239023576,160.63366108051162,162.20628356933594,136009500,0.0,0.0,0.0
2016-02-18,162.47540840568837,162.53428246766302,161.23077634529034,161.54193115234375,102343000,0.0,0.0,0.0
2016-02-19,160.76824088605645,161.6176160062314,160.16274143113696,161.46624755859375,114793000,0.0,0.0,0.0
2016-02-22,163.0387764541717,163.94702518547737,162.97149734457372,163.80406188964844,103640300,0.0,0.0,0.0
2016-02-23,163.14819035148213,163.4173069280054,161.61761869492165,161.73536682128906,111455300,0.0,0.0,0.0
2016-02-24,160.3141165861641,162.752924474282,159.21244792983114,162.47540283203125,150812200,0.0,0.0,0.0
2016-02-25,162.9210839433892,164.45165521570598,162.16421621824927,164.4432373046875,110728300,0.0,0.0,0.0
2016-02-26,165.30946406219283,165.40195843490505,163.90503299728428,164.0648193359375,129833700,0.0,0.0,0.0
2016-02-29,164.08164316183976,165.02352537488105,162.58471771660658,162.77813720703125,125918100,0.0,0.0,0.0
2016-03-01,163.9976013887908,166.68871641443417,163.52666010895945,166.6046142578125,141799700,0.0,0.0,0.0
2016-03-02,166.29333396927436,167.40340717285216,165.88125424409031,167.3529510498047,102415000,0.0,0.0,0.0
2016-03-03,167.17640731481302,168.0257951596379,166.6045539198895,168.00897216796875,95172200,0.0,0.0,0.0
2016-03-04,168.20233627652988,169.3292453680226,167.37818960666206,168.5555419921875,129293600,0.0,0.0,0.0
2016-03-07,167.63898810883603,169.09387572042013,167.5633038743891,168.69020080566406,100219000,0.0,0.0,0.0
2016-03-08,167.62210744243106,168.12668162537113,166.68863044698392,166.84840393066406,123974900,0.0,0.0,0.0
2016-03-09,167.65576917113228,168.01738008894603,166.8736604475755,167.67259216308594,94801200,0.0,0.0,0.0
2016-03-10,168.1603781398722,169.0938554158522,165.990673854292,167.80715942382812,156838700,0.0,0.0,0.0
2016-03-11,169.25357522291893,170.5570809631396,167.79029600171765,170.51502990722656,137964500,0.0,0.0,0.0
2016-03-14,170.01050576225705,170.75055066894302,169.6825279611094,170.2964324951172,73612000,0.0,0.0,0.0
2016-03-15,169.3376611930471,170.32159421315438,169.07696263628955,170.0188446044922,93169100,0.0,0.0,0.0
2016-03-16,169.53955853525943,171.4065129772771,169.49750746847482,171.00283813476562,129303200,0.0,0.0,0.0
2016-03-17,170.91872933889795,172.5922512492663,170.5234724541356,172.08767700195312,134278500,0.0,0.0,0.0
2016-03-18,172.58644153059765,173.10207965380985,172.27368186349787,172.7639617919922,138372400,1.05,0.0,0.0
2016-03-21,172.50188702057216,173.23730032986407,172.27365041141124,173.00906372070312,72926700,0.0,0.0,0.0
2016-03-22,172.2398433714082,173.48244636922675,172.07924578866994,172.9160919189453,97471900,0.0,0.0,0.0
2016-03-23,172.53564310270957,172.72161170779452,171.60580007728484,171.77487182617188,81052500,0.0,0.0,0.0
2016-03-24,170.7520667576545,171.73262627622688,170.53229151316006,171.6988067626953,84360900,0.0,0.0,0.0
2016-03-28,172.11302202861935,172.32434885627111,171.35225060841947,171.80026245117188,62408200,0.0,0.0,0.0
2016-03-29,171.3945090064799,173.49932889445788,171.09019785277664,173.38943481445312,92922900,0.0,0.0,0.0
2016-03-30,174.38690780298288,174.86872628234366,173.78673391292438,174.1502227783203,86365300,0.0,0.0,0.0
2016-03-31,174.05720835400936,174.47986195329642,173.56692863103262,173.7275390625,94584100,0.0,0.0,0.0
2016-04-01,172.7385170911329,175.0969183074102,172.42574468229753,174.91094970703125,114423500,0.0,0.0,0.0
2016-04-04,174.8348995022013,175.03777788495927,174.04030862602207,174.34461975097656,63497000,0.0,0.0,0.0
2016-04-05,173.00904589993777,174.35308142963854,172.34970722882548,172.60330200195312,99662200,0.0,0.0,0.0
2016-04-06,172.60332559316583,174.54753525505535,172.42580535820343,174.4883575439453,91839800,0.0,0.0,0.0
2016-04-07,173.4063235448381,173.76135103137932,171.67344115467193,172.40040588378906,113859000,0.0,0.0,0.0
2016-04-08,173.57539621608282,174.0065111898883,172.33279346517108,172.86534118652344,95040600,0.0,0.0,0.0
2016-04-11,173.4993037177311,174.19246181661242,172.366595159347,172.45957946777344,83757500,0.0,0.0,0.0
2016-04-12,172.62865402950032,174.3446267787749,172.18909063165515,174.065673828125,115350600,0.0,0.0,0.0
2016-04-13,174.97862148284912,175.9084647273703,174.84336921121576,175.8239288330078,96336400,0.0,0.0,0.0
2016-04-14,175.8831114792108,176.33112335551004,175.48581598160706,175.83238220214844,65212900,0.0,0.0,0.0
2016-04-15,175.8323259578127,175.96757818998148,175.3166881087368,175.63790893554688,75761600,0.0,0.0,0.0
2016-04-18,175.6379465195816,176.90590744617305,174.97860786962326,176.87210083007812,82531000,0.0,0.0,0.0
2016-04-19,177.29473806676094,177.68357215851785,176.61848972214727,177.4299774169922,88316100,0.0,0.0,0.0
2016-04-20,177.47222573509046,178.2921746662942,176.99885581570746,177.59902954101562,81100300,0.0,0.0,0.0
2016-04-21,177.6160040851196,177.72589818531617,176.3734010540472,176.64390563964844,85695000,0.0,0.0,0.0
2016-04-22,176.28887804482324,176.91439732688107,175.74788177198937,176.64390563964844,99251700,0.0,0.0,0.0
2016-04-25,176.04364542335273,176.38177598973348,175.4350233022296,176.33950805664062,66166500,0.0,0.0,0.0
2016-04-26,176.7030104947856,177.1087672355,176.1282077929864,176.60157775878906,75864200,0.0,0.0,0.0
2016-04-27,176.22118295205223,177.35389143975695,175.86615549613123,176.96505737304688,77329400,0.0,0.0,0.0
2016-04-28,176.21273147612357,177.31162043566903,174.94477077046653,175.3589630126953,97216200,0.0,0.0,0.0
2016-04-29,174.74190072853477,175.08847976684544,173.31332953511696,174.4122314453125,142424100,0.0,0.0,0.0
2016-05-02,174.91097825618343,175.97606076990039,174.47987619313815,175.79855346679688,62188000,0.0,0.0,0.0
2016-05-03,174.57286582903163,174.8095508392934,173.52468014189694,174.2685546875,106422100,0.0,0.0,0.0
2016-05-04,173.27953563715295,174.00650037892598,172.79770431951002,173.2964324951172,92243800,0.0,0.0,0.0
2016-05-05,173.76145429338445,174.11648199090956,172.84007196659027,173.26272583007812,67619200,0.0,0.0,0.0
2016-05-06,172.49339333129973,173.93887438698562,172.3412442193143,173.8966064453125,89315000,0.0,0.0,0.0
2016-05-09,173.769822100806,174.47141578602287,173.59230189840062,174.04031372070312,74374900,0.0,0.0,0.0
2016-05-10,174.7419673404335,176.22125546465944,174.67434119266463,176.204345703125,77472200,0.0,0.0,0.0
2016-05-11,175.74787107035834,176.28040598098474,174.5559844970703,174.5559844970703,81727000,0.0,0.0,0.0
2016-05-12,175.22372960038683,175.39280136466272,173.60074127058297,174.60665893554688,89586300,0.0,0.0,0.0
2016-05-13,174.31080402981107,174.86024855249067,172.76389030030523,173.08509826660156,96474600,0.0,0.0,0.0
2016-05-16,173.25416543608657,175.26598775531772,173.19498774222131,174.79261779785156,77486800,0.0,0.0,0.0
2016-05-17,174.52213902450458,174.8095403914502,172.6370945862299,173.16119384765625,114924900,0.0,0.0,0.0
2016-05-18,172.81463384148617,174.38690600243459,172.1299369630414,173.21192932128906,120062100,0.0,0.0,0.0
2016-05-19,172.49335186671925,172.89909563284442,171.41135989147762,172.6116943359375,115430500,0.0,0.0,0.0
2016-05-20,173.22033244954835,174.21780155234842,173.16961608638888,173.70216369628906,104990400,0.0,0.0,0.0
2016-05-23,173.71911228682396,173.99806526563853,173.27956174296477,173.4655303955078,58682600,0.0,0.0,0.0
2016-05-24,174.27698484825916,176.02677695323382,174.25162666398688,175.71400451660156,93537800,0.0,0.0,0.0
2016-05-25,176.39029154154224,177.32013482998423,175.7140430497996,176.9059295654297,76621400,0.0,0.0,0.0
2016-05-26,177.04115514830409,177.26939172075558,176.64385970300023,176.9566192626953,55280700,0.0,0.0,0.0
2016-05-27,177.11730941865144,177.72593195352485,177.06659302380714,177.7174835205078,64211200,0.0,0.0,0.0
2016-05-31,177.98789472041207,178.09778879176213,176.82136657335826,177.3792724609375,109879400,0.0,0.0,0.0
2016-06-01,176.77067138759838,177.9202899156816,176.57625430591008,177.74278259277344,69936200,0.0,0.0,0.0
2016-06-02,177.3454305354868,178.30061877885223,176.8720606275601,178.28372192382812,63044700,0.0,0.0,0.0
2016-06-03,177.7258777722226,178.09781508552032,176.550901022505,177.75123596191406,101757100,0.0,0.0,0.0
2016-06-06,178.10622799488203,179.01071290804657,177.9456175599564,178.6556854248047,64887000,0.0,0.0,0.0
2016-06-07,178.80782517233396,179.49252191834097,178.78246698902734,178.9346160888672,60974800,0.0,0.0,0.0
2016-06-08,179.0698867439369,179.64470238750525,178.94309581436713,179.5178985595703,66170900,0.0,0.0,0.0
2016-06-09,178.79090434598592,179.39107807659389,178.5204127746769,179.27273559570312,73786900,0.0,0.0,0.0
2016-06-10,177.9033692622777,178.24148700246033,177.03269092949563,177.57369995117188,113829200,0.0,0.0,0.0
2016-06-13,176.973578623331,177.8273345544715,176.11982269219052,176.204345703125,117751200,0.0,0.0,0.0
2016-06-14,175.8239356895269,176.44946779644985,174.9110021679503,175.8577423095703,125059300,0.0,0.0,0.0
2016-06-15,175.8577586106169,176.97357065098475,175.4266564486757,175.6126251220703,109124500,0.0,0.0,0.0
2016-06-16,175.61257137659956,176.3057294740903,173.78670472299714,176.13665771484375,149533100,0.0,0.0,0.0
2016-06-17,176.03306071872714,176.0585507847798,174.82648338560102,175.4807586669922,117055700,1.078,0.0,0.0
2016-06-20,177.43502243949953,178.1062822399764,176.52583382287239,176.61080932617188,82789600,0.0,0.0,0.0
2016-06-21,176.9931789116003,177.5199907459401,176.55132961787942,177.1121368408203,72461700,0.0,0.0,0.0
2016-06-22,177.29058387712084,178.0128368500405,176.67879647935067,176.82325744628906,95560500,0.0,0.0,0.0
2016-06-23,178.2762123937077,179.1768956408914,177.81737840633824,179.12591552734375,102731400,0.0,0.0,0.0
2016-06-24,173.02506353276226,179.15992155939594,172.2518305235005,172.6936798095703,333444400,0.0,0.0,0.0
2016-06-27,171.29171639705177,171.30022172948782,168.79358616465717,169.60081481933594,230775800,0.0,0.0,0.0
2016-06-28,171.19817759408187,172.6851580246095,170.89228395832714,172.65966796875,159382400,0.0,0.0,0.0
2016-06-29,174.0532345764532,175.8291115016937,173.9512743213602,175.59970092773438,137328600,0.0,0.0,0.0
2016-06-30,176.06700220207614,178.04679920829113,175.51468735402474,177.99581909179688,165021900,0.0,0.0,0.0
2016-07-01,177.99584892144873,178.85405757773114,177.8344032151998,178.36972045898438,106055300,0.0,0.0,0.0
2016-07-05,177.54547340776043,177.6559389679489,176.49184978297694,177.08663940429688,109803700,0.0,0.0,0.0
2016-07-06,176.59384505741852,178.2677616588078,175.93956986140972,178.1488037109375,96021500,0.0,0.0,0.0
2016-07-07,178.32721080270562,178.989978277703,177.27358710678274,178.03831481933594,85593800,0.0,0.0,0.0
2016-07-08,179.3298292284118,180.93576745578218,179.1004057772333,180.68934631347656,133971000,0.0,0.0,0.0
2016-07-11,181.14819925492637,181.8959421041758,180.9442658509202,181.32662963867188,73633900,0.0,0.0,0.0
2016-07-12,182.28680301556167,182.94107802574163,181.35212442959033,182.6436767578125,101275600,0.0,0.0,0.0
2016-07-13,183.0601050194701,183.0685973860235,182.1339314127864,182.61825561523438,87324100,0.0,0.0,0.0
2016-07-14,183.87577903313377,184.10520254210473,183.24700692287342,183.6378631591797,91230900,0.0,0.0,0.0
2016-07-15,184.19866444688634,184.3940925587036,182.9495996664013,183.39144897460938,107155400,0.0,0.0,0.0
2016-07-18,183.51042107944764,184.0457383025507,183.25550749866315,183.88429260253906,58725900,0.0,0.0,0.0
2016-07-19,183.46788793886734,183.73129381985896,183.22147974984168,183.6973114013672,54345700,0.0,0.0,0.0
2016-07-20,183.69732375243834,184.6999672333608,183.69732375243834,184.46205139160156,58159500,0.0,0.0,0.0
2016-07-21,184.35164773799968,184.5725659452951,183.3235009617616,183.76535034179688,67777300,0.0,0.0,0.0
2016-07-22,183.88428332133688,184.64051869471388,183.6208773884837,184.58953857421875,62787500,0.0,0.0,0.0
2016-07-25,184.38558182789097,184.43656194194426,183.51038862880034,184.0881805419922,55873100,0.0,0.0,0.0
2016-07-26,183.98625149568835,184.53006108015597,183.33197633508968,184.17318725585938,70080500,0.0,0.0,0.0
2016-07-27,184.54703700541253,184.61501481613212,183.21299678024363,183.9777374267578,84083900,0.0,0.0,0.0
2016-07-28,183.7823186331244,184.47908155336592,183.32348456195902,184.190185546875,65035700,0.0,0.0,0.0
2016-07-29,183.9267393751061,184.84440731673325,183.64633579527097,184.48753356933594,79519400,0.0,0.0,0.0
2016-08-01,184.54705105677277,184.93790729136802,183.88428355859588,184.33462524414062,73311400,0.0,0.0,0.0
2016-08-02,184.08819970987324,184.24115303340008,182.32082839994354,183.15353393554688,92295500,0.0,0.0,0.0
2016-08-03,183.09403788081178,183.7483129607529,182.79664954661428,183.68882751464844,53993600,0.0,0.0,0.0
2016-08-04,183.79931708712982,184.19867867175537,182.04893037942287,183.88429260253906,46585500,0.0,0.0,0.0
2016-08-05,183.8843095158664,185.43076290809694,183.8843095158664,185.38827514648438,71892200,0.0,0.0,0.0
2016-08-08,185.57515931378427,185.67713250638295,185.0143650989755,185.27777099609375,39906500,0.0,0.0,0.0
2016-08-09,185.3458003503163,185.88110465721232,185.0653966822067,185.38827514648438,51251700,0.0,0.0,0.0
2016-08-10,185.498743068906,185.57521326150467,184.5810618613883,184.929443359375,57941100,0.0,0.0,0.0
2016-08-11,185.45625962486258,186.0340646795433,185.19285364503773,185.7876434326172,72504300,0.0,0.0,0.0
2016-08-12,185.4817292137405,185.83861601233525,185.22682859394925,185.62619018554688,61313500,0.0,0.0,0.0
2016-08-15,185.99151521634286,186.509834637598,185.98302285271072,186.1614532470703,49813500,0.0,0.0,0.0
2016-08-16,185.7451034123525,185.81306825097215,185.2012939453125,185.2012939453125,53213600,0.0,0.0,0.0
2016-08-17,185.23529658385354,185.68563824014774,184.40259108274523,185.5496826171875,75134300,0.0,0.0,0.0
2016-08-18,185.5241846624526,186.0000163571197,185.41373206825997,185.96603393554688,52989300,0.0,0.0,0.0
2016-08-19,185.49869421857355,185.87256568230228,185.01437016088227,185.69412231445312,75443000,0.0,0.0,0.0
2016-08-22,185.45619969450132,185.9150466433893,185.09083357357272,185.6856231689453,61368800,0.0,0.0,0.0
2016-08-23,186.29748624743894,186.59488764883562,186.00008484604226,186.0595703125,53399200,0.0,0.0,0.0
2016-08-24,185.9150492505905,186.00851711441985,184.69147465698464,185.1078338623047,71728900,0.0,0.0,0.0
2016-08-25,184.7254941291396,185.3967670036753,184.57255375698327,184.98040771484375,69224800,0.0,0.0,0.0
2016-08-26,185.16733625551717,186.18697759310794,183.7483333411749,184.63201904296875,122506300,0.0,0.0,0.0
2016-08-29,184.75948850539226,185.80461993903992,184.72549311258223,185.5412139892578,70502200,0.0,0.0,0.0
2016-08-30,185.45622396033679,185.73662758458175,184.6830038679016,185.2353057861328,58114500,0.0,0.0,0.0
2016-08-31,184.9038936604877,185.02285157686785,183.93523263698074,184.70846557617188,85269500,0.0,0.0,0.0
2016-09-01,184.69993651381984,185.0058301116967,183.56133760828223,184.71693420410156,97844200,0.0,0.0,0.0
2016-09-02,185.566680311418,185.9745342148569,184.98038303216353,185.5496826171875,79293900,0.0,0.0,0.0
2016-09-06,185.83007004691297,186.18694380202854,185.11632253668182,186.1104736328125,56702100,0.0,0.0,0.0
2016-09-07,185.94905786137406,186.27194924834248,185.49022380686773,186.093505859375,76554900,0.0,0.0,0.0
2016-09-08,185.76215380602926,186.03406511838986,185.36279216940278,185.66868591308594,74102900,0.0,0.0,0.0
2016-09-09,184.36009234743784,184.41107246165055,181.19919561183895,181.2246856689453,221589100,0.0,0.0,0.0
2016-09-12,180.4684733287879,184.22416015000306,180.40049551271633,183.82479858398438,168110900,0.0,0.0,0.0
2016-09-13,182.55025858479638,182.81366454014253,180.56195592304442,181.18223571777344,182828800,0.0,0.0,0.0
2016-09-14,181.23320049009482,182.43128518431683,180.56194062738072,181.11424255371094,134185500,0.0,0.0,0.0
2016-09-15,180.95278301847304,183.3064513371822,180.77433965761284,182.92408752441406,134427900,0.0,0.0,0.0
2016-09-16,182.31090472165383,182.4902494601258,181.53377893743152,182.2169647216797,155236400,1.082,0.0,0.0
2016-09-19,182.86602208219125,183.5065185723338,181.92662201760845,182.2511444091797,80250500,0.0,0.0,0.0
2016-09-20,183.1051341044178,183.25884700248145,182.2255199941184,182.25967407226562,69665300,0.0,0.0,0.0
2016-09-21,182.95996619560697,184.48861211944993,182.27676731793207,184.3092803955078,110284400,0.0,0.0,0.0
2016-09-22,185.31699021745638,185.76960670869244,185.0693373005467,185.470703125,76678700,0.0,0.0,0.0
2016-09-23,185.077880755407,185.21452314433975,184.36052775991317,184.4544677734375,73630900,0.0,0.0,0.0
2016-09-26,183.62612218361085,183.80545394726772,182.76357836004044,182.9600067138672,89827300,0.0,0.0,0.0
2016-09-27,182.79770286955798,184.18970639548482,182.43047810181935,184.0957794189453,78494800,0.0,0.0,0.0
2016-09-28,184.31780265204182,185.1632626694878,183.36133210934773,185.00953674316406,87411000,0.0,0.0,0.0
2016-09-29,184.8046277507613,185.20600669292523,182.78919777576687,183.33575439453125,128070600,0.0,0.0,0.0
2016-09-30,184.16411814763177,185.41949253274157,183.9164651946017,184.71922302246094,117202900,0.0,0.0,0.0
2016-10-03,184.3092678165738,184.49713478995128,183.64313950887572,184.2751007080078,83512100,0.0,0.0,0.0
2016-10-04,184.3861782802475,184.60821242723569,182.74650842395437,183.33575439453125,119948100,0.0,0.0,0.0
2016-10-05,183.959184145925,184.57406198303966,183.89086293836363,184.14706420898438,72816000,0.0,0.0,0.0
2016-10-06,183.9249595153427,184.49713478995128,183.38695134930012,184.2751007080078,62927400,0.0,0.0,0.0
2016-10-07,184.54838865985104,184.71918511284747,182.91725451722704,183.6431427001953,89788300,0.0,0.0,0.0
2016-10-10,184.59970092773438,185.06085284036536,184.45452323244425,184.59970092773438,51855000,0.0,0.0,0.0
2016-10-11,184.1726996557451,184.24102086947295,181.54239156644945,182.26828002929688,130367400,0.0,0.0,0.0
2016-10-12,182.40488168196612,183.0283077312698,181.90956276636723,182.5073699951172,73866100,0.0,0.0,0.0
2016-10-13,181.1837336546681,182.40494126979195,180.3724403332502,181.9096221923828,101357000,0.0,0.0,0.0
2016-10-14,182.88310847634645,183.3442732865908,181.92663780463312,182.0034942626953,93346200,0.0,0.0,0.0
2016-10-17,181.97797282349276,182.23417418506762,181.19229820402109,181.37164306640625,58275700,0.0,0.0,0.0
2016-10-18,182.95998653281447,183.01975943712776,182.13160991908106,182.5073699951172,76869700,0.0,0.0,0.0
2016-10-19,182.77210650321214,183.30157950259496,182.41342998450736,182.994140625,66519200,0.0,0.0,0.0
2016-10-20,182.64396330422522,183.2076033070078,181.99493159343336,182.6525115966797,73639800,0.0,0.0,0.0
2016-10-21,182.6524928222523,182.82328925164873,181.6960093619541,182.73788452148438,89089100,0.0,0.0,0.0
2016-10-24,183.60906150103625,183.8823463590514,183.1649801222312,183.51512145996094,60146600,0.0,0.0,0.0
2016-10-25,183.33574051636367,183.59194176253314,182.73794629592604,182.90020751953125,66542300,0.0,0.0,0.0
2016-10-26,182.08040340445953,183.11373075926912,181.84127265351864,182.53302001953125,75705500,0.0,0.0,0.0
2016-10-27,183.25034029279843,183.2844943762672,181.96934715227448,182.04620361328125,77220200,0.0,0.0,0.0
2016-10-28,182.02056586745567,182.69521645103998,180.79935878864651,181.50816345214844,140623200,0.0,0.0,0.0
2016-10-31,181.84126359368977,182.06331077329938,181.35449291327214,181.51675415039062,61272500,0.0,0.0,0.0
2016-11-01,181.84125364128977,181.8925043167362,178.99746012352333,180.2015838623047,122781800,0.0,0.0,0.0
2016-11-02,179.89413032457617,180.27843868899564,178.68145838977213,179.11700439453125,103330800,0.0,0.0,0.0
2016-11-03,179.3305051213913,179.54400397899198,178.02389315535012,178.2971649169922,88939300,0.0,0.0,0.0
2016-11-04,178.4081620972983,179.24507384660942,177.95554562862452,178.10072326660156,109122100,0.0,0.0,0.0
2016-11-07,178.10072783000038,182.06326562110294,178.10072783000038,182.0290985107422,109794900,0.0,0.0,0.0
2016-11-08,181.63631167367112,183.41262394284482,181.3715751438649,182.84898376464844,106772100,0.0,0.0,0.0
2016-11-09,181.36299160674898,185.40239906795784,181.33737278825802,184.7875213623047,258429000,0.0,0.0,0.0
2016-11-10,185.57316432198863,186.4356948049575,183.79685269675403,185.24864196777344,172113300,0.0,0.0,0.0
2016-11-11,184.53137618235755,185.06084929986707,183.8823441986059,184.8217315673828,100552700,0.0,0.0,0.0
2016-11-14,185.34267912487482,185.54764277671057,184.22394688268503,184.9669189453125,94580000,0.0,0.0,0.0
2016-11-15,185.35118185568197,186.41014099121094,185.14623127076104,186.41014099121094,91652600,0.0,0.0,0.0
2016-11-16,185.7952457984158,186.2905647172134,185.67568695808095,186.0599822998047,65617700,0.0,0.0,0.0
2016-11-17,186.21373682943002,187.07626766484796,186.10271323531964,187.01649475097656,69797200,0.0,0.0,0.0
2016-11-18,187.08477556849542,187.25557203960201,186.4186471785894,186.59799194335938,86265800,0.0,0.0,0.0
2016-11-21,187.17016824377677,188.03269889737496,187.0249905910485,188.007080078125,72402600,0.0,0.0,0.0
2016-11-22,188.31457318143194,188.55369091726308,187.6484576271967,188.37435913085938,67429000,0.0,0.0,0.0
2016-11-23,187.86191362132126,188.52802902338945,187.6654983183874,188.47679138183594,56620200,0.0,0.0,0.0
2016-11-25,188.8184017170154,189.2112323319122,188.74153222198203,189.1770782470703,37872300,0.0,0.0,0.0
2016-11-28,188.8696335841565,189.1429053473451,188.18643462978068,188.28890991210938,76572500,0.0,0.0,0.0
2016-11-29,188.32305501132936,189.10872915618629,188.0241514315651,188.65611267089844,69886700,0.0,0.0,0.0
2016-11-30,189.27101604264698,189.4332772633448,188.14373579207478,188.20352172851562,113291800,0.0,0.0,0.0
2016-12-01,188.502404564412,188.502404564412,187.15309024313768,187.51177978515625,79040500,0.0,0.0,0.0
2016-12-02,187.59717762732174,188.09249654857405,187.24703636784292,187.605712890625,74840300,0.0,0.0,0.0
2016-12-05,188.4340676083672,189.07456411693533,188.23765232773474,188.73297119140625,67837800,0.0,0.0,0.0
2016-12-06,188.92086588064257,189.36494714306397,188.4426305353899,189.33078002929688,59877400,0.0,0.0,0.0
2016-12-07,189.17709573660701,191.86717647618667,189.0575368822021,191.80740356445312,110738100,0.0,0.0,0.0
2016-12-08,191.78174798179285,192.74675389633438,191.51699846905584,192.2770538330078,99714400,0.0,0.0,0.0
2016-12-09,192.49910470733676,193.4555753778149,192.46493759428506,193.43849182128906,88005800,0.0,0.0,0.0
2016-12-12,193.34455528054696,193.8228036553141,192.79799874032028,193.21646118164062,102016100,0.0,0.0,0.0
2016-12-13,193.87404841836303,195.00131562296514,193.85696486090256,194.50599670410156,110477500,0.0,0.0,0.0
2016-12-14,194.2070633530282,194.90733268346847,192.46490574191,192.90045166015625,142501800,0.0,0.0,0.0
2016-12-15,193.1395798990274,194.54866692963725,192.90899751969582,193.69467163085938,124972600,0.0,0.0,0.0
2016-12-16,194.149161984776,194.20930031343497,192.9980661377458,193.31590270996094,156420200,1.329,0.0,0.0
2016-12-19,193.49627408622837,194.15773005848882,193.35024073531872,193.73680114746094,90341100,0.0,0.0,0.0
2016-12-20,194.26937364194734,194.63017730203725,194.03744528469852,194.484130859375,89838800,0.0,0.0,0.0
2016-12-21,194.35532343975555,194.5271266289824,193.9429931640625,193.9429931640625,67909000,0.0,0.0,0.0
2016-12-22,193.7969433570569,193.91720689008744,193.21279683394997,193.6079559326172,56219100,0.0,0.0,0.0
2016-12-23,193.6509087860366,193.90003454615945,193.4619344577355,193.89144897460938,36697800,0.0,0.0,0.0
2016-12-27,194.15770982245942,194.7676129828244,194.1405255748076,194.37246704101562,42672500,0.0,0.0,0.0
2016-12-28,194.63018703901284,194.64735817969307,192.65441791828655,192.76608276367188,64095000,0.0,0.0,0.0
2016-12-29,192.8347941105853,193.1869990877424,192.28501616652497,192.72312927246094,48696100,0.0,0.0,0.0
2016-12-30,193.04956989879446,193.13547803583884,191.33151201983782,192.01873779296875,108998300,0.0,0.0,0.0
2017-01-03,193.31588512561513,193.9945253925662,192.3194214231025,193.48770141601562,91366500,0.0,0.0,0.0
2017-01-04,193.81408994305164,194.78479676307333,193.80550437311655,194.63876342773438,78744400,0.0,0.0,0.0
2017-01-05,194.37246601957602,194.63876287194785,193.69382587217012,194.484130859375,78379000,0.0,0.0,0.0
2017-01-06,194.59580047699106,195.6438167017955,194.05460811776294,195.17994689941406,71559900,0.0,0.0,0.0
2017-01-09,194.92226597987312,195.05971376040324,194.50133706740283,194.53570556640625,46939700,0.0,0.0,0.0
2017-01-10,194.55287670816617,195.38613585448502,194.14913204519758,194.53570556640625,63771900,0.0,0.0,0.0
2017-01-11,194.44976317657327,195.08544921875,193.78830731855393,195.08544921875,74650000,0.0,0.0,0.0
2017-01-12,194.57007063243853,194.7848278847922,193.2471717253465,194.59584045410156,72113200,0.0,0.0,0.0
2017-01-13,194.76764592594293,195.34319379609323,194.73329053256882,195.04254150390625,62717900,0.0,0.0,0.0
2017-01-17,194.4068558061732,194.81060049499678,193.96875572388794,194.35531616210938,61240800,0.0,0.0,0.0
2017-01-18,194.6044187040439,194.82777462704385,194.0546406830118,194.78482055664062,54793300,0.0,0.0,0.0
2017-01-19,194.86213837189382,194.99958615997934,193.63373317370377,194.06324768066406,66608800,0.0,0.0,0.0
2017-01-20,194.74190712817366,195.2659154378709,194.11481951419,194.77627563476562,129168600,0.0,0.0,0.0
2017-01-23,194.77621567021853,194.83634087662702,193.51344215049315,194.26937866210938,75061600,0.0,0.0,0.0
2017-01-24,194.48415413642564,195.92732962629242,194.37248928326196,195.51499938964844,95555300,0.0,0.0,0.0
2017-01-25,196.45991131720925,197.207275390625,196.29669372522488,197.207275390625,84437700,0.0,0.0,0.0
2017-01-26,197.06123910305723,197.32754909240646,196.72621833139917,197.00111389160156,59970700,0.0,0.0,0.0
2017-01-27,197.07836327293285,197.22439657936877,196.51140118366078,196.69180297851562,59711100,0.0,0.0,0.0
2017-01-30,196.00463966850268,196.0304094891354,194.49275339116883,195.4720458984375,79737300,0.0,0.0,0.0
2017-01-31,194.98238071531566,195.514987559318,194.41543158963867,195.45484924316406,75880800,0.0,0.0,0.0
2017-02-01,195.4548713204092,196.36543998180076,194.9480473458977,195.5321807861328,79117700,0.0,0.0,0.0
2017-02-02,195.5321485461528,195.94449184417536,194.84493593159607,195.6610107421875,69657600,0.0,0.0,0.0
2017-02-03,196.56298850611725,197.19007589886635,196.25373759461604,197.00967407226562,80563200,0.0,0.0,0.0
2017-02-06,196.6059158139537,197.0010748264495,196.3224347391122,196.65745544433594,57790100,0.0,0.0,0.0
2017-02-07,197.0440361818143,197.284563204328,196.47707401114363,196.6660614013672,57931200,0.0,0.0,0.0
2017-02-08,196.66608630559708,197.0526467044636,196.12489388253917,196.92379760742188,51566200,0.0,0.0,0.0
2017-02-09,196.92377652459453,198.39270850457046,196.92377652459453,198.09205627441406,65955200,0.0,0.0,0.0
2017-02-10,198.43569449439863,199.0971504795477,198.109259287333,198.87379455566406,66015900,0.0,0.0,0.0
2017-02-13,199.36344467204233,200.21388807002674,199.3376748515951,199.9561767578125,55182100,0.0,0.0,0.0
2017-02-14,199.77578860936848,200.76367985599123,199.43218224134307,200.7550811767578,71109000,0.0,0.0,0.0
2017-02-15,200.54025103146512,201.99201165803964,200.48871140576819,201.8030242919922,86785800,0.0,0.0,0.0
2017-02-16,201.82887489338543,202.0092767632744,200.88395079264967,201.6313018798828,84722400,0.0,0.0,0.0
2017-02-17,200.96981946352577,201.94911193847656,200.95263521442376,201.94911193847656,77204100,0.0,0.0,0.0
2017-02-21,202.3184743819581,203.32353654345866,202.3098757046762,203.1517333984375,88946100,0.0,0.0,0.0
2017-02-22,202.74798596072392,203.1946715099792,202.5847683875293,202.97132873535156,62115200,0.0,0.0,0.0
2017-02-23,203.48678526635115,203.50395640806377,202.3528607417118,203.1088104248047,74615900,0.0,0.0,0.0
2017-02-24,202.26697529423788,203.40947233612843,202.2240212224374,203.3665313720703,82381600,0.0,0.0,0.0
2017-02-27,203.28061203070507,203.85615985944892,203.03149940037244,203.68435668945312,56515400,0.0,0.0,0.0
2017-02-28,203.30635514938498,203.54688217733758,202.74799164329642,203.13455200195312,96961900,0.0,0.0,0.0
2017-03-01,204.78390138887448,206.44183400167162,204.76671714050212,205.9779510498047,149158200,0.0,0.0,0.0
2017-03-02,205.78894280621927,205.79754148340535,204.62926175944347,204.68080139160156,70246000,0.0,0.0,0.0
2017-03-03,204.5949198902585,204.9728947189234,204.21694506159358,204.80967712402344,81974300,0.0,0.0,0.0
2017-03-06,204.01936622780934,204.55195995780062,203.5984373429105,204.19976806640625,55391500,0.0,0.0,0.0
2017-03-07,203.89910995184624,204.25131496349996,203.38368734417045,203.58985900878906,65103700,0.0,0.0,0.0
2017-03-08,203.88194037727087,204.13965169965755,203.07445101740572,203.21189880371094,78168800,0.0,0.0,0.0
2017-03-09,203.33209571576234,203.79597856561043,202.50743548362493,203.46954345703125,90683900,0.0,0.0,0.0
2017-03-10,204.42314427311115,204.46609834720095,203.2376799884968,204.1826171875,81991700,0.0,0.0,0.0
2017-03-13,204.12248794225042,204.3286596424068,203.79606580168246,204.28570556640625,57256800,0.0,0.0,0.0
2017-03-14,203.74446380575915,203.79601654914697,202.89403360209778,203.50393676757812,59880800,0.0,0.0,0.0
2017-03-15,204.07091913324487,205.68589778433662,203.83897764218042,205.2649688720703,96081800,0.0,0.0,0.0
2017-03-16,205.40242904816196,205.479738513935,204.53481445864313,204.86123657226562,78344000,0.0,0.0,0.0
2017-03-17,205.12264223608113,205.3124518330771,204.50144958496094,204.50144958496094,89002100,1.033,0.0,0.0
2017-03-20,204.50142929473685,204.786143661982,203.88887279092606,204.27711486816406,52537000,0.0,0.0,0.0
2017-03-21,204.88106201136898,205.00184873594333,201.52490248773285,201.65431213378906,131809300,0.0,0.0,0.0
2017-03-22,201.688869684814,202.41359017432166,201.0676769324451,202.12887573242188,97569200,0.0,0.0,0.0
2017-03-23,202.12883849513824,203.04336844409934,201.5421638730748,201.91314697265625,100410300,0.0,0.0,0.0
2017-03-24,202.2151521331334,202.78456783670524,200.99002567276995,201.76651000976562,112504900,0.0,0.0,0.0
2017-03-27,200.10131057152168,201.8182196380576,199.82523229925408,201.55938720703125,87454500,0.0,0.0,0.0
2017-03-28,201.25743479982341,203.44885471585678,201.14527100359123,203.02610778808594,93483900,0.0,0.0,0.0
2017-03-29,202.74135539483538,203.44881655859567,202.51702784444416,203.2158660888672,61950400,0.0,0.0,0.0
2017-03-30,203.15554519863713,204.06145228376155,202.9829946026055,203.86300659179688,56737900,0.0,0.0,0.0
2017-03-31,203.52644499704002,204.05273265656984,203.33663546968427,203.38841247558594,73733100,0.0,0.0,0.0
2017-04-03,203.44026066489053,203.63869319312118,201.80963316908782,203.03475952148438,85546500,0.0,0.0,0.0
2017-04-04,202.75004524566697,203.25045119242827,202.3704260333124,203.16416931152344,56466200,0.0,0.0,0.0
2017-04-05,203.83707053334888,204.81200023095462,202.35311210494993,202.5601806640625,108800600,0.0,0.0,0.0
2017-04-06,202.69827087803006,203.64730569496527,202.25825173889314,203.12965393066406,69135800,0.0,0.0,0.0
2017-04-07,202.87943596787073,203.61279239281885,202.43943001176115,202.92257690429688,74412300,0.0,0.0,0.0
2017-04-10,203.06063974628262,203.83712400832349,202.51709286399407,203.0433807373047,67615300,0.0,0.0,0.0
2017-04-11,202.66375784908317,202.90533131132202,201.31784479810486,202.8018035888672,88045300,0.0,0.0,0.0
2017-04-12,202.52571668900205,202.71552628196744,201.68883252859067,201.91314697265625,81864400,0.0,0.0,0.0
2017-04-13,201.57669086568936,202.31004738858752,200.6017608642578,200.6017608642578,92880400,0.0,0.0,0.0
2017-04-17,201.11941448685027,202.37905883789062,200.92098196170755,202.37905883789062,68405400,0.0,0.0,0.0
2017-04-18,201.64572155877082,202.31005523287985,201.09355170574668,201.77513122558594,83225800,0.0,0.0,0.0
2017-04-19,202.33588737682618,202.70687044025243,201.1797709237733,201.4040985107422,68699900,0.0,0.0,0.0
2017-04-20,202.01668692176702,203.48339989525888,201.6974676618917,203.0433807373047,92572200,0.0,0.0,0.0
2017-04-21,202.96569946578953,203.01746331890843,201.99940576819876,202.39627075195312,110389800,0.0,0.0,0.0
2017-04-24,204.63086108102416,204.82930676634282,202.37041806974946,204.6222381591797,119209900,0.0,0.0,0.0
2017-04-25,205.2606507520096,206.1579215493844,205.17436889092426,205.8128204345703,76698300,0.0,0.0,0.0
2017-04-26,205.77837649513734,206.6584017688753,205.64034389838443,205.6834716796875,84702500,0.0,0.0,0.0
2017-04-27,206.00265619951773,206.15794777150717,205.32106363863426,205.85598754882812,57410300,0.0,0.0,0.0
2017-04-28,206.1148099683487,206.140691897407,205.27792582275546,205.4073486328125,63532800,0.0,0.0,0.0
2017-05-01,205.92503356933594,206.34779375337044,205.51090947288984,205.92503356933594,66882500,0.0,0.0,0.0
2017-05-02,206.06301128105957,206.18379798450457,205.59712347198985,206.00262451171875,57375700,0.0,0.0,0.0
2017-05-03,206.00266620730903,206.09757100527935,205.07950015752797,205.75245666503906,73137700,0.0,0.0,0.0
2017-05-04,206.05440323436233,206.13204901401798,205.1484963107537,205.99400329589844,61462700,0.0,0.0,0.0
2017-05-05,206.36498678677964,206.82225168067254,205.92496773301457,206.80499267578125,62001300,0.0,0.0,0.0
2017-05-08,206.84819938842602,206.99486806473746,206.3477934055453,206.7705535888672,48385700,0.0,0.0,0.0
2017-05-09,207.02934576448226,207.22777826851956,206.23558941880293,206.58070373535156,51363200,0.0,0.0,0.0
2017-05-10,206.53761233577927,206.9517364501953,206.33054369618714,206.9517364501953,54293800,0.0,0.0,0.0
2017-05-11,206.50306399394864,206.69287358241365,205.45048833601197,206.52894592285156,62358300,0.0,0.0,0.0
2017-05-12,206.27868162450451,206.57201885070165,205.916321551303,206.18377685546875,53912700,0.0,0.0,0.0
2017-05-15,206.60661064681307,207.44349486408936,206.58935163770735,207.3227081298828,61918900,0.0,0.0,0.0
2017-05-16,207.615989824933,207.6418717492725,206.74460098772246,207.13284301757812,51241800,0.0,0.0,0.0
2017-05-17,207.13289858586077,207.13289858586077,203.39711958174536,203.45751953125,172174100,0.0,0.0,0.0
2017-05-18,203.37983083234334,205.12262188422358,203.12099839259645,204.27711486816406,107047700,0.0,0.0,0.0
2017-05-19,204.76031247656204,206.27015339035034,204.70854860873789,205.60581970214844,115011400,0.0,0.0,0.0
2017-05-22,206.11476491929312,206.81361634542088,206.04575523339764,206.64968872070312,61010600,0.0,0.0,0.0
2017-05-23,207.02068225243036,207.27089174437592,206.64106313690144,207.10696411132812,48341700,0.0,0.0,0.0
2017-05-24,207.33995255279973,207.693676643599,207.0034611403605,207.59014892578125,46927700,0.0,0.0,0.0
2017-05-25,208.09918949569263,208.8584279085556,207.89213404837835,208.58233642578125,64071700,0.0,0.0,0.0
2017-05-26,208.39250275904723,208.70309905891992,208.31485697527032,208.5391845703125,46629900,0.0,0.0,0.0
2017-05-30,208.2199407323412,208.60818279463714,208.06464917332852,208.3579864501953,35201900,0.0,0.0,0.0
2017-05-31,208.65132977757364,208.68584779042027,207.616013193174,208.3062286376953,91796000,0.0,0.0,0.0
2017-06-01,208.7634938022781,209.9799970435517,208.4787794374206,209.96273803710938,68962000,0.0,0.0,0.0
2017-06-02,210.014531232999,210.81691058511038,209.7211939063202,210.66160583496094,88666100,0.0,0.0,0.0
2017-06-05,210.4889970994293,210.77371142542071,210.3078104684301,210.50625610351562,44698800,0.0,0.0,0.0
2017-06-06,209.94552467778522,210.49769452111272,209.75571505994446,209.8333740234375,50375400,0.0,0.0,0.0
2017-06-07,210.16979376579113,210.44587202815976,209.50546028842197,210.2215576171875,54144300,0.0,0.0,0.0
2017-06-08,210.31649609686164,210.7996430069901,209.79883117042922,210.3251190185547,65950700,0.0,0.0,0.0
2017-06-09,210.5925797958981,211.3863230492574,208.74626081933565,210.0059051513672,132256400,0.0,0.0,0.0
2017-06-12,209.76430553969885,210.0145018916717,209.11723102814028,209.96273803710938,86108100,0.0,0.0,0.0
2017-06-13,210.4976883950623,211.04123529985745,210.15258718981383,210.98947143554688,60067000,0.0,0.0,0.0
2017-06-14,211.25692619678506,211.26554911922136,209.9023769825641,210.72201538085938,78602300,0.0,0.0,0.0
2017-06-15,209.37605754936908,210.43726926369385,209.09997926055743,210.3164825439453,66464900,0.0,0.0,0.0
2017-06-16,210.47516806781985,210.52718436310528,209.4868187704982,210.36245727539062,84553100,1.183,0.0,0.0
2017-06-19,211.18604063759295,212.17438975310907,211.09067303745704,212.11370849609375,65123800,0.0,0.0,0.0
2017-06-20,211.75829478868482,211.7669597619697,210.6659128512818,210.68324279785156,56906400,0.0,0.0,0.0
2017-06-21,211.07335999027543,211.18605754202875,210.1630352304678,210.63119506835938,55977600,0.0,0.0,0.0
2017-06-22,210.63985817920226,211.1340261266323,210.36242034776063,210.5358123779297,44148100,0.0,0.0,0.0
2017-06-23,210.5965114980298,211.11668759998207,210.21504108588627,210.78724670410156,66986800,0.0,0.0,0.0
2017-06-26,211.45484928203297,211.87100612216315,210.71792968194868,210.92599487304688,56700500,0.0,0.0,0.0
2017-06-27,210.7092323557802,211.0040133980266,209.2093719138842,209.22671508789062,82247700,0.0,0.0,0.0
2017-06-28,210.24105677624263,211.29876541916607,210.00697024603113,211.099365234375,70042600,0.0,0.0,0.0
2017-06-29,211.24675564066692,211.29877193143605,208.0389564965759,209.24404907226562,106949700,0.0,0.0,0.0
2017-06-30,210.05032934873213,210.4231348165138,209.44345057102782,209.63418579101562,86820700,0.0,0.0,0.0
2017-07-03,210.57050989003255,211.0039966029294,209.98963928222656,209.98963928222656,39153800,0.0,0.0,0.0
2017-07-05,210.3537981814817,210.683239137152,209.54750589512466,210.4751739501953,54427600,0.0,0.0,0.0
2017-07-06,209.712202034356,209.8335777851548,208.36839057474916,208.5504608154297,65400800,0.0,0.0,0.0
2017-07-07,209.12265284091893,210.05030746972056,208.5591122118483,209.90292358398438,57972300,0.0,0.0,0.0
2017-07-10,209.9029181076465,210.50113183523914,209.5994721438358,210.12832641601562,36663300,0.0,0.0,0.0
2017-07-11,210.1283389012908,210.2844009924833,208.81054885703776,209.9722900390625,50354600,0.0,0.0,0.0
2017-07-12,210.93462720334514,211.71489795821162,210.93462720334514,211.5501708984375,59610400,0.0,0.0,0.0
2017-07-13,211.55887080924606,212.01836569210465,211.3334492394899,211.90565490722656,39471600,0.0,0.0,0.0
2017-07-14,211.90563280557174,213.24944419577673,211.8102652042291,212.89398193359375,60262700,0.0,0.0,0.0
2017-07-17,212.8159799239652,213.1974503695233,212.6946041666481,212.8679962158203,33531900,0.0,0.0,0.0
2017-07-18,212.46050827823697,213.0327139214029,212.12238916708705,212.98069763183594,42742500,0.0,0.0,0.0
2017-07-19,213.29283890987202,214.14246929446003,213.2841607077344,214.13380432128906,51034300,0.0,0.0,0.0
2017-07-20,214.3851748339577,214.5065505771419,213.68292851775163,214.2291259765625,47135200,0.0,0.0,0.0
2017-07-21,213.65693594313413,214.06441451686462,213.43151438296377,214.0384063720703,82340800,0.0,0.0,0.0
2017-07-24,213.9603983003764,214.12512539283267,213.51824654875693,213.98641967773438,46622300,0.0,0.0,0.0
2017-07-25,214.7320307046173,214.83607653997393,214.28121392428892,214.50662231445312,54915600,0.0,0.0,0.0
2017-07-26,214.7926966745299,214.82736979573008,214.25517730764497,214.5152587890625,47575400,0.0,0.0,0.0
2017-07-27,214.9747193749376,215.00939248846595,212.9980079507681,214.31581115722656,70766600,0.0,0.0,0.0
2017-07-28,213.83898579601097,214.19444806824973,213.38816914869605,214.0644073486328,50088400,0.0,0.0,0.0
2017-07-31,214.46318447392966,214.5585520676384,213.7349300650426,213.94300842285156,65838700,0.0,0.0,0.0
2017-08-01,214.5412671176901,214.57594023678143,213.89970196829188,214.41989135742188,55050400,0.0,0.0,0.0
2017-08-02,214.54988814611576,214.66259891076717,213.59621220436458,214.5238800048828,47211200,0.0,0.0,0.0
2017-08-03,214.41120560264687,214.4372137482906,213.83033496832851,214.10777282714844,40856000,0.0,0.0,0.0
2017-08-04,214.5932771568274,214.8273504690451,214.11643910218257,214.49790954589844,60191800,0.0,0.0,0.0
2017-08-07,214.56725709319855,214.89669799804688,214.46321128680444,214.89669799804688,31995000,0.0,0.0,0.0
2017-08-08,214.58458698349708,215.7983577120531,213.9950514062568,214.3678436279297,61719400,0.0,0.0,0.0
2017-08-09,213.68290800975845,214.41116239897028,213.32744578563273,214.35914611816406,62632600,0.0,0.0,0.0
2017-08-10,213.52683049061858,213.65688441218776,211.28137300518353,211.33338928222656,120479500,0.0,0.0,0.0
2017-08-11,211.55886418157053,212.2351024117232,211.32477764683614,211.6455535888672,74869900,0.0,0.0,0.0
2017-08-14,212.92004532032038,213.96041100464754,212.8853721967287,213.74366760253906,73291900,0.0,0.0,0.0
2017-08-15,214.1250688545258,214.14241202519622,213.4141576045961,213.71759033203125,55242700,0.0,0.0,0.0
2017-08-16,214.2378227507355,214.63663638266544,213.66561706408348,214.09043884277344,56715500,0.0,0.0,0.0
2017-08-17,213.4835376608138,213.7956486181864,210.7525634765625,210.7525634765625,128490400,0.0,0.0,0.0
2017-08-18,210.5878553301835,211.70625853997723,209.98097653326255,210.4231414794922,136748000,0.0,0.0,0.0
2017-08-21,210.36242127252945,210.8479242507227,209.66017494843106,210.58782958984375,65469700,0.0,0.0,0.0
2017-08-22,211.16874181507407,212.94602690749204,211.1513986409579,212.78997802734375,63140100,0.0,0.0,0.0
2017-08-23,211.82768410520643,212.45190622279935,211.68030016479818,212.02708435058594,50203800,0.0,0.0,0.0
2017-08-24,212.40844460979648,212.56449344368974,211.32472805566485,211.53280639648438,50741700,0.0,0.0,0.0
2017-08-25,212.3218522314024,212.93740937448968,211.87970041017772,212.02708435058594,64445900,0.0,0.0,0.0
2017-08-28,212.55591229772836,212.5819204469672,211.61957923822874,212.03573608398438,40565600,0.0,0.0,0.0
2017-08-29,210.7265525878525,212.53852381976515,210.61384181253018,212.2784423828125,51135700,0.0,0.0,0.0
2017-08-30,212.2610964032894,213.552891515247,212.07902617086643,213.28411865234375,62030800,0.0,0.0,0.0
2017-08-31,213.89971791404133,214.81004279839868,213.31884721595745,214.56729125976562,103803900,0.0,0.0,0.0
2017-09-01,214.94007174878718,215.29553406405793,214.72332837054392,214.87071228027344,62007000,0.0,0.0,0.0
2017-09-05,214.36786495407853,214.59328653283174,212.36515826603326,213.32749938964844,91398800,0.0,0.0,0.0
2017-09-06,214.003739320956,214.38520978428556,213.4748849475156,214.05575561523438,57916900,0.0,0.0,0.0
2017-09-07,214.35922410103743,214.37656727726971,213.6222912442902,214.02976989746094,58034700,0.0,0.0,0.0
2017-09-08,213.7436492217128,214.23783048592747,213.5355840401203,213.77833557128906,63832800,0.0,0.0,0.0
2017-09-11,215.04414660500692,216.1365419126065,215.02681665619664,216.0585174560547,71364800,0.0,0.0,0.0
2017-09-12,216.42255492060934,216.82135524109322,216.24048470197934,216.78668212890625,56896000,0.0,0.0,0.0
2017-09-13,216.50065735642428,216.92547920032825,216.38794655051822,216.8907928466797,59228000,0.0,0.0,0.0
2017-09-14,216.5699336606164,217.02076348213075,216.3965416458687,216.82135009765625,95446300,0.0,0.0,0.0
2017-09-15,216.67764322455182,217.20040087831916,216.57309435272185,217.11328125,95432400,1.235,0.0,0.0
2017-09-18,217.47927809362932,217.9236242212171,217.19175531885324,217.5751190185547,46235200,0.0,0.0,0.0
2017-09-19,217.81901441542607,217.8800101208788,217.4705093102084,217.79287719726562,47108100,0.0,0.0,0.0
2017-09-20,217.87993708652095,217.98448592411748,216.87796197930612,217.8712158203125,59574100,0.0,0.0,0.0
2017-09-21,217.71445138886594,217.8015710121978,217.11326882102426,217.2875213623047,48211400,0.0,0.0,0.0
2017-09-22,216.99128810055586,217.49662977041757,216.96515088440927,217.33108520507812,51214000,0.0,0.0,0.0
2017-09-25,217.0784310696796,217.42694948014497,216.14617257274787,216.88674926757812,57064400,0.0,0.0,0.0
2017-09-26,217.31370202233495,217.55765828782063,216.78222302367988,217.01747131347656,54082000,0.0,0.0,0.0
2017-09-27,217.714464012296,218.24594293551814,216.83446669168862,217.86257934570312,81001400,0.0,0.0,0.0
2017-09-28,217.58376221603876,218.20237405540473,217.49664258862123,218.12396240234375,44778800,0.0,0.0,0.0
2017-09-29,218.1152812645735,218.96914151484216,217.93232070710147,218.89071655273438,85578000,0.0,0.0,0.0
2017-10-02,219.1172475129207,219.8404083251953,218.94298164423247,219.8404083251953,59023000,0.0,0.0,0.0
2017-10-03,219.84038408200522,220.33700452806738,219.76195913189625,220.3108673095703,66810200,0.0,0.0,0.0
2017-10-04,220.16278001568583,220.81623715058,220.04950985802594,220.57228088378906,55953600,0.0,0.0,0.0
2017-10-05,220.903327417392,221.89658159856938,220.60709674633964,221.87916564941406,63522800,0.0,0.0,0.0
2017-10-06,221.43475257507,221.9139569528247,221.17338045503513,221.62643432617188,80646000,0.0,0.0,0.0
2017-10-09,221.85303373291265,221.91401614564896,220.99917359766056,221.26055908203125,35803100,0.0,0.0,0.0
2017-10-10,221.8268528526845,222.21892435476173,221.28665274607897,221.84426879882812,43057400,0.0,0.0,0.0
2017-10-11,221.74849647322682,222.19285583496094,221.58296516599395,222.19285583496094,47674300,0.0,0.0,0.0
2017-10-12,221.87916935636886,222.22767446994501,221.62649184860092,221.8617401123047,47065100,0.0,0.0,0.0
2017-10-13,222.29738052132967,222.41065066702748,221.86174247740652,222.1318359375,54800400,0.0,0.0,0.0
2017-10-16,222.3583491714976,222.61972133035232,222.01855207037005,222.42803955078125,38221700,0.0,0.0,0.0
2017-10-17,222.3757888583203,222.62846636500922,222.1579698396109,222.58489990234375,31561000,0.0,0.0,0.0
2017-10-18,222.9594966198149,223.00306307356746,222.6109915790245,222.80267333984375,40888300,0.0,0.0,0.0
2017-10-19,222.02726047930824,222.89853646284217,221.60905172970456,222.86367797851562,61903800,0.0,0.0,0.0
2017-10-20,223.65657889461002,224.03994249441706,222.8462852323601,224.01377868652344,89176400,0.0,0.0,0.0
2017-10-23,224.33620306437822,224.36234028651927,223.0641206822097,223.1425323486328,63915300,0.0,0.0,0.0
2017-10-24,223.56940437990878,223.76978082259956,223.17731958374134,223.5345458984375,66935900,0.0,0.0,0.0
2017-10-25,223.20347464282193,223.31674477473658,221.30409938385668,222.42803955078125,103715300,0.0,0.0,0.0
2017-10-26,223.03795734568504,223.30803749521493,222.59359805856283,222.715576171875,69798000,0.0,0.0,0.0
2017-10-27,223.45620137036767,224.69342523649686,222.72433257504397,224.5365753173828,85562500,0.0,0.0,0.0
2017-10-30,223.4561475534119,224.44069364702125,223.40387312270985,223.70010375976562,54285700,0.0,0.0,0.0
2017-10-31,224.0747822391044,224.30132253489603,223.75241433462344,224.04864501953125,60304800,0.0,0.0,0.0
2017-11-01,224.82408167752484,225.16386551408445,223.97894283684508,224.34486389160156,54202700,0.0,0.0,0.0
2017-11-02,224.27510727911977,224.57133786095457,223.2121497376055,224.4319305419922,56449500,0.0,0.0,0.0
2017-11-03,224.58881701199687,225.22485809828677,224.1793162064306,225.18130493164062,59589700,0.0,0.0,0.0
2017-11-06,225.0505674298265,225.66047123100844,224.9808770530326,225.52978515625,49652600,0.0,0.0,0.0
2017-11-07,225.63432746419292,225.9654165701216,224.86760039556466,225.37295532226562,57502200,0.0,0.0,0.0
2017-11-08,225.198729532487,225.85218659269393,224.9199148053821,225.75633239746094,50469600,0.0,0.0,0.0
2017-11-09,224.55399905935963,225.12904447666784,223.3603284661559,224.93736267089844,95085500,0.0,0.0,0.0
2017-11-10,224.55396815576478,225.04188057798726,224.240294976203,224.86761474609375,59984700,0.0,0.0,0.0
2017-11-13,224.18802922848425,225.3032614637964,224.1531707429087,225.07672119140625,50228600,0.0,0.0,0.0
2017-11-14,224.27517087871254,224.6585344672659,223.49972243256397,224.55398559570312,61315200,0.0,0.0,0.0
2017-11-15,223.5869075724848,224.10967864162308,222.72435259141332,223.43008422851562,80811500,0.0,0.0,0.0
2017-11-16,224.37096738216056,225.69532380968525,224.32741422145776,225.32937622070312,67777000,0.0,0.0,0.0
2017-11-17,224.98084842170252,225.30321622815907,224.58876365809243,224.66717529296875,75756800,0.0,0.0,0.0
2017-11-20,224.91123262125976,225.24229521520024,224.66724977956048,225.0506134033203,48075500,0.0,0.0,0.0
2017-11-21,225.8173093322673,226.7060278773804,225.01575029501927,226.52304077148438,69176800,0.0,0.0,0.0
2017-11-22,226.53180590369905,226.66249201233418,226.1571635291987,226.3227081298828,45033400,0.0,0.0,0.0
2017-11-24,226.81058131124078,226.94998866601145,226.67117395647008,226.8454132080078,27856500,0.0,0.0,0.0
2017-11-27,226.8890621204865,227.18529286870498,226.53183565048244,226.73223876953125,52274900,0.0,0.0,0.0
2017-11-28,227.19395365237457,229.0584705922239,227.0980994594827,229.03233337402344,98971700,0.0,0.0,0.0
2017-11-29,229.1630530855019,229.69454538586697,228.4486268201305,228.89295959472656,77512100,0.0,0.0,0.0
2017-11-30,229.8077556363253,231.8029584397677,229.72934399066108,230.8968505859375,127894400,0.0,0.0,0.0
2017-12-01,230.67906235051507,231.1582535565381,227.19395804711638,230.41766357421875,164390900,0.0,0.0,0.0
2017-12-04,232.02952439117243,232.4564411501399,230.08656921379136,230.1388702392578,94040600,0.0,0.0,0.0
2017-12-05,229.31109619140625,231.01878943552867,229.18041012998373,229.31109619140625,77994500,0.0,0.0,0.0
2017-12-06,229.40698024798462,229.7816491686028,228.8929305536896,229.35470581054688,75898600,0.0,0.0,0.0
2017-12-07,230.0778350830078,230.3914816466155,229.09328905407722,230.0778350830078,77218600,0.0,0.0,0.0
2017-12-08,231.02753710934363,231.34118369260776,230.04299101871084,231.33248901367188,76563900,0.0,0.0,0.0
2017-12-11,232.02952575683594,232.0905214625432,231.30637832522305,232.02952575683594,83077500,0.0,0.0,0.0
2017-12-12,232.8136834861178,232.9095376852706,232.06439878927281,232.4390411376953,85195800,0.0,0.0,0.0
2017-12-13,232.6829962995612,233.1186343554788,232.32576990300038,232.41290283203125,102905400,0.0,0.0,0.0
2017-12-14,232.70912949653976,232.82239964339814,231.4109366209028,231.4632110595703,100666700,0.0,0.0,0.0
2017-12-15,232.46243006770646,233.85483690706474,232.40988843038323,233.3907012939453,144610300,1.351,0.0,0.0
2017-12-18,234.78307295431878,235.22093768316861,234.67798969541755,234.8706512451172,83653600,0.0,0.0,0.0
2017-12-19,235.11583126827747,235.1596070467942,233.89855461389328,233.9686279296875,82382900,0.0,0.0,0.0
2017-12-20,234.93193480685355,234.98447643693277,233.54829400619622,233.84603881835938,76751500,0.0,0.0,0.0
2017-12-21,234.4678024189318,235.0370479610358,234.08247930972732,234.3276824951172,67032300,0.0,0.0,0.0
2017-12-22,234.34521564491334,234.3802523073704,233.73219431505825,234.2664031982422,78720900,0.0,0.0,0.0
2017-12-26,233.86354532390112,234.20509264680368,233.7234521261973,233.9861602783203,45244400,0.0,0.0,0.0
2017-12-27,234.1525019465622,234.45901254323408,233.82848638513147,234.09996032714844,57751000,0.0,0.0,0.0
2017-12-28,234.59915095397508,234.6254217657556,234.21382789776843,234.5816192626953,45116100,0.0,0.0,0.0
2017-12-29,235.15970023758007,235.17720521089586,233.50458496670873,233.6972198486328,96007400,0.0,0.0,0.0
2018-01-02,234.55534435922428,235.40480289216075,234.17002130973938,235.36976623535156,86655700,0.0,0.0,0.0
2018-01-03,235.5361909724978,237.0074367944825,235.5361909724978,236.85855102539062,90070400,0.0,0.0,0.0
2018-01-04,237.49790793094982,238.33860096911457,236.91992311560224,237.85693359375,80636400,0.0,0.0,0.0
2018-01-05,238.64500815190704,239.5645132578954,238.15460186536149,239.44192504882812,83524000,0.0,0.0,0.0
2018-01-08,239.34564336744745,240.03747720133262,239.0566643723611,239.87985229492188,57319200,0.0,0.0,0.0
2018-01-09,240.30023657018512,241.0446121981159,240.0199966378804,240.4228515625,57254000,0.0,0.0,0.0
2018-01-10,239.6696847496715,240.31774286526394,239.0041483872401,240.0550079345703,69574300,0.0,0.0,0.0
2018-01-11,240.6066666712718,241.80641174316406,240.4402759375642,241.80641174316406,62361500,0.0,0.0,0.0
2018-01-12,242.0691724071142,243.5491307499253,241.77140084390925,243.3827667236328,90816100,0.0,0.0,0.0
2018-01-16,244.6350677387502,245.28309908708408,241.85899316319004,242.5508270263672,106555100,0.0,0.0,0.0
2018-01-17,243.47912131892016,245.2480856475253,242.55084999820028,244.86276245117188,113258800,0.0,0.0,0.0
2018-01-18,244.7488403432866,245.16917331343143,243.9606625739891,244.4510955810547,100728000,0.0,0.0,0.0
2018-01-19,245.0291302827362,245.56333923339844,244.4511722674767,245.56333923339844,140920100,0.0,0.0,0.0
2018-01-22,245.35319887956612,247.56002807617188,245.30063051105597,247.56002807617188,91322400,0.0,0.0,0.0
2018-01-23,247.60370575133692,248.37435184877444,247.27969017062765,248.0853729248047,97084700,0.0,0.0,0.0
2018-01-24,248.72466897985188,249.32018531746706,246.81558519125946,247.9890594482422,134816100,0.0,0.0,0.0
2018-01-25,248.84730327055158,248.94362068955095,247.30601076540927,248.0941619873047,84587300,0.0,0.0,0.0
2018-01-26,248.9260844533389,251.01032472232163,248.67211544174552,250.96652221679688,107743100,0.0,0.0,0.0
2018-01-29,250.3973658914226,250.83523070502287,249.1450789385611,249.30270385742188,90118300,0.0,0.0,0.0
2018-01-30,247.48109276549476,249.355139473802,246.27258211778073,246.7454833984375,131796400,0.0,0.0,0.0
2018-01-31,247.59495806377075,248.094103460629,245.79969693864612,246.8680877685547,108364800,0.0,0.0,0.0
2018-02-01,246.14127154046471,247.88396451331243,245.79972424269462,246.58787536621094,90102500,0.0,0.0,0.0
2018-02-02,245.2743010896956,245.40568189185825,241.18465938266897,241.21969604492188,173174800,0.0,0.0,0.0
2018-02-05,239.46828040357332,241.57002619152033,230.58836903867657,231.13131713867188,294681800,0.0,0.0,0.0
2018-02-06,227.6371032391523,236.18423076768082,226.55120733107026,235.68505859375,355026800,0.0,0.0,0.0
2018-02-07,235.13339898901052,238.51370243690877,234.32771599318662,234.40655517578125,167376100,0.0,0.0,0.0
2018-02-08,234.7042256997174,234.84434559918438,225.57911434482529,225.61415100097656,246449500,0.0,0.0,0.0
2018-02-09,228.39027447366007,230.85107257073287,221.48953414652104,229.0032958984375,283565300,0.0,0.0,0.0
2018-02-12,231.04369827517536,233.82853834866464,229.1433802587504,232.36605834960938,143736000,0.0,0.0,0.0
2018-02-13,231.16633135432912,233.48700932655623,230.58834664188186,232.94406127929688,81223600,0.0,0.0,0.0
2018-02-14,231.46407028619402,236.44697345743825,231.45530443883456,236.08792114257812,120735700,0.0,0.0,0.0
2018-02-15,237.8218757143435,239.10919919698648,235.36981698661455,239.10043334960938,111200300,0.0,0.0,0.0
2018-02-16,238.478648913063,241.10583724846651,238.43484640572123,239.1704559326172,160420100,0.0,0.0,0.0
2018-02-20,238.2246874768384,239.66089664066095,236.8848224521223,237.6729736328125,86369700,0.0,0.0,0.0
2018-02-21,238.11084281540718,240.58040638947253,236.39442049927678,236.49073791503906,98883700,0.0,0.0,0.0
2018-02-22,237.4103237176393,239.11798057383194,236.13176585643905,236.79730224609375,110511300,0.0,0.0,0.0
2018-02-23,238.01458526376484,240.5717010498047,237.54168373752194,240.5717010498047,92766400,0.0,0.0,0.0
2018-02-26,241.64004610826674,243.46157852169455,241.05332228121208,243.365234375,86491400,0.0,0.0,0.0
2018-02-27,243.54917115335203,244.25853678908504,240.2651848172608,240.3264923095703,99099200,0.0,0.0,0.0
2018-02-28,241.42115739711483,241.8677880963757,237.5767179093589,237.8919677734375,121907800,0.0,0.0,0.0
2018-03-01,237.68176475917994,239.22305734767247,232.9440645992234,234.4328155517578,176855100,0.0,0.0,0.0
2018-03-02,232.76887437600675,236.20174553860167,231.9106766292142,235.64126586914062,139083200,0.0,0.0,0.0
2018-03-05,234.45909118423782,238.9778590454444,234.35398118501777,238.36483764648438,97307400,0.0,0.0,0.0
2018-03-06,239.3368160119751,239.41565517006455,237.4802741020905,238.96902465820312,79213200,0.0,0.0,0.0
2018-03-07,236.81473087326987,239.23172558663154,236.62206935679328,238.88143920898438,87063500,0.0,0.0,0.0
2018-03-08,239.55583875351536,240.16009435932494,238.56628668291333,240.03750610351562,66901200,0.0,0.0,0.0
2018-03-09,241.43868875811225,244.21473693847656,241.1234121693243,244.21473693847656,113625300,0.0,0.0,0.0
2018-03-12,244.50375016731894,245.12551078968104,243.5229104251607,243.90823364257812,71924800,0.0,0.0,0.0
2018-03-13,245.06418140447812,245.56335371770083,241.72765358476482,242.3319091796875,91968900,0.0,0.0,0.0
2018-03-14,243.2864228406217,243.47031856209327,240.5366459654681,241.0883331298828,105895100,0.0,0.0,0.0
2018-03-15,241.59626882680436,242.23553428441284,240.32645030871032,240.82562255859375,83433000,0.0,0.0,0.0
2018-03-16,241.35052180381805,242.13305550077044,241.03400940876764,241.08676147460938,100343700,1.097,0.0,0.0
2018-03-19,240.33943026198475,241.2626183443314,236.18062974907556,237.82479858398438,109208400,0.0,0.0,0.0
2018-03-20,238.22041657515382,238.86226908752002,237.5521880325357,238.22921752929688,59757300,0.0,0.0,0.0
2018-03-21,238.1853066874594,240.2690941608943,237.56105590752813,237.77206420898438,78709600,0.0,0.0,0.0
2018-03-22,235.55637094248118,236.40043088874282,231.55582678099475,231.8284149169922,148785900,0.0,0.0,0.0
2018-03-23,232.26799078965104,232.59330410343725,226.6936060206735,226.8870391845703,183534800,0.0,0.0,0.0
2018-03-26,230.47437362412663,233.37584467049444,228.08284817522323,233.094482421875,141956100,0.0,0.0,0.0
2018-03-27,234.02647538338294,234.5539960078321,227.58165448885407,229.12911987304688,129941400,0.0,0.0,0.0
2018-03-28,229.2609970696875,230.92276751178565,227.35304139529825,228.45208740234375,146452300,0.0,0.0,0.0
2018-03-29,229.5863506067516,233.22640449908832,228.46092837170607,231.37120056152344,111601600,0.0,0.0,0.0
2018-04-02,230.84358584435384,231.35355815856366,223.91520974151334,226.3770751953125,186286300,0.0,0.0,0.0
2018-04-03,227.60808053535254,229.7534209867967,225.82323047794938,229.27862548828125,119956900,0.0,0.0,0.0
2018-04-04,225.74411767191958,232.43509889367112,225.61223747788634,231.73171997070312,123715300,0.0,0.0,0.0
2018-04-05,233.481315658721,234.43970735903093,232.39987159440355,233.5604705810547,82652600,0.0,0.0,0.0
2018-04-06,231.6085949630932,233.0944806318079,226.84311918035417,228.35540771484375,179521200,0.0,0.0,0.0
2018-04-09,229.8061636069654,232.85711698010886,228.54886117383796,229.48085021972656,105442900,0.0,0.0,0.0
2018-04-10,232.35596680567997,233.91223356522963,231.22177032419438,233.12969970703125,103529000,0.0,0.0,0.0
2018-04-11,231.65256076803283,233.560516759632,231.58223361804787,231.9075469970703,91140200,0.0,0.0,0.0
2018-04-12,233.22641695426427,234.75628075943132,233.05055882007272,233.81549072265625,68890500,0.0,0.0,0.0
2018-04-13,235.11678403712108,235.23108914739143,232.12738341732475,233.12969970703125,85079200,0.0,0.0,0.0
2018-04-16,234.7562655902731,235.81136066287758,233.9385816667049,235.04640197753906,63405300,0.0,0.0,0.0
2018-04-17,236.80481658089403,238.1588486575094,236.29487108387494,237.56097412109375,64682000,0.0,0.0,0.0
2018-04-18,238.0006530533323,238.53697471543825,237.27967231184803,237.7368927001953,57303900,0.0,0.0,0.0
2018-04-19,237.086277508423,237.28851170003776,235.3893563533083,236.41807556152344,77655900,0.0,0.0,0.0
2018-04-20,236.34766193363552,236.56747115211715,233.5340932041984,234.413330078125,99953100,0.0,0.0,0.0
2018-04-23,234.98483410364858,235.538757576906,233.30548860758378,234.37815856933594,65558000,0.0,0.0,0.0
2018-04-24,235.39805406058008,235.61786323811063,229.72696654742236,231.2216796875,112885500,0.0,0.0,0.0
2018-04-25,231.16019172549036,232.23286188697082,229.34896573954205,231.79324340820312,103840900,0.0,0.0,0.0
2018-04-26,232.81310593589532,234.97602082222247,232.37348756204645,234.1495361328125,67731900,0.0,0.0,0.0
2018-04-27,234.75617472641682,235.05511195377335,233.43731981222345,234.3693084716797,57053600,0.0,0.0,0.0
2018-04-30,234.98484156743206,235.53876505828364,232.49658633585722,232.5669403076172,82182300,0.0,0.0,0.0
2018-05-01,232.00424241401504,233.08571348812194,230.45677684433647,232.98020935058594,74203400,0.0,0.0,0.0
2018-05-02,232.7867531910517,233.59563605382283,231.02827951976636,231.41514587402344,86368900,0.0,0.0,0.0
2018-05-03,230.588684729737,231.55582388230098,227.76631487895474,230.9051971435547,136311500,0.0,0.0,0.0
2018-05-04,229.93807120660654,234.57166778485288,229.61275778057427,233.89463806152344,91222100,0.0,0.0,0.0
2018-05-07,234.65950653943278,235.65302151711896,233.97367612298913,234.68588256835938,55304900,0.0,0.0,0.0
2018-05-08,234.31659133121096,235.04634601963107,233.12961636516175,234.68588256835938,67499200,0.0,0.0,0.0
2018-05-09,235.35418872058335,237.27972018351028,234.83544203330086,236.95440673828125,59666100,0.0,0.0,0.0
2018-05-10,237.6928260431345,239.49527722414666,237.58732194125523,239.16993713378906,72063900,0.0,0.0,0.0
2018-05-11,239.29315035999548,240.16358642268503,238.78317786284757,239.8998260498047,59871500,0.0,0.0,0.0
2018-05-14,240.3306115263057,240.9812382473619,239.46894970292735,240.01409912109375,54790600,0.0,0.0,0.0
2018-05-15,238.79193197053002,238.80950704787915,237.42032463628027,238.36111450195312,87036100,0.0,0.0,0.0
2018-05-16,238.39634035042647,239.82070004083886,238.36993748072248,239.3634796142578,53942600,0.0,0.0,0.0
2018-05-17,239.099701855681,240.23392505091894,238.38752206225277,239.1612548828125,56536400,0.0,0.0,0.0
2018-05-18,238.8183712758704,239.17886169838093,238.211695544351,238.56338500976562,64368000,0.0,0.0,0.0
2018-05-21,240.0404517369945,240.8933125218533,239.6535853913568,240.35696411132812,58025900,0.0,0.0,0.0
2018-05-22,240.87572636643998,241.13071257278165,239.36343787063615,239.68875122070312,52966400,0.0,0.0,0.0
2018-05-23,238.4227012850976,240.37460843443773,238.26441823782346,240.34820556640625,64694200,0.0,0.0,0.0
2018-05-24,239.95253445059927,240.22509573036155,238.0797556474602,239.85580444335938,76043800,0.0,0.0,0.0
2018-05-25,239.28433227539065,239.90858300131285,238.7831607706077,239.28433227539062,56374800,0.0,0.0,0.0
2018-05-29,237.66651064654422,238.4226682898626,235.4244674131459,236.53228759765625,115908600,0.0,0.0,0.0
2018-05-30,237.83357429694598,240.12836965748122,237.76324715322068,239.68875122070312,69678400,0.0,0.0,0.0
2018-05-31,239.28432817016724,239.58326551029967,237.62258430411012,238.220458984375,93519900,0.0,0.0,0.0
2018-06-01,239.5130012729171,240.85823307294982,239.44264727312284,240.55929565429688,71258400,0.0,0.0,0.0
2018-06-04,241.37691136313123,241.9572109520894,241.13952705354075,241.7022247314453,45385200,0.0,0.0,0.0
2018-06-05,241.83402804996868,242.2560712984103,241.0690964633088,241.8780059814453,51135000,0.0,0.0,0.0
2018-06-06,242.48475578039003,244.00581846747923,241.8692792083386,243.9003143310547,62732200,0.0,0.0,0.0
2018-06-07,244.3838890162866,244.67402536567218,242.96830375923162,243.87391662597656,72969400,0.0,0.0,0.0
2018-06-08,243.41670509865648,244.64763121000732,243.24964796581133,244.59487915039062,72139700,0.0,0.0,0.0
2018-06-11,244.81473816886415,245.63242209151912,244.70043307237174,244.9202423095703,58892500,0.0,0.0,0.0
2018-06-12,245.33348907529714,245.59724943171398,244.5949332451472,245.23678588867188,72329000,0.0,0.0,0.0
2018-06-13,245.47414161244484,245.72912781539785,244.25198949499742,244.4542236328125,79070600,0.0,0.0,0.0
2018-06-14,245.31593322081469,245.5972686789798,244.48064730639604,245.0697479248047,77097600,0.0,0.0,0.0
2018-06-15,244.2889016966198,245.0926030351997,243.18492078417364,244.75698852539062,120041600,1.246,0.0,0.0
2018-06-18,243.30864761077996,244.3773209571177,242.8317470763512,244.253662109375,52917600,0.0,0.0,0.0
2018-06-19,241.99268165214522,243.53825534882864,241.5775836383579,243.3174591064453,97531500,0.0,0.0,0.0
2018-06-20,243.9975191915361,244.39496323717256,243.39695983816085,243.73257446289062,53785500,0.0,0.0,0.0
2018-06-21,243.72377625249436,243.74145720591562,241.7101151075897,242.20469665527344,71061400,0.0,0.0,0.0
2018-06-22,243.45873637045227,243.5735547121451,242.4253982478793,242.6461944580078,54898500,0.0,0.0,0.0
2018-06-25,241.4981440388532,241.65711089356964,237.66512380999848,239.34317016601562,137854200,0.0,0.0,0.0
2018-06-26,239.90836656004487,240.72088159957022,239.15765398139763,239.87303161621094,68547400,0.0,0.0,0.0
2018-06-27,240.4559973110877,241.87791246381053,237.735771958451,237.88592529296875,105110700,0.0,0.0,0.0
2018-06-28,237.83290077950338,240.0055283746205,237.1263365942884,239.24600219726562,76650500,0.0,0.0,0.0
2018-06-29,240.33231104908108,241.69242357031283,239.4756204740588,239.59043884277344,97592500,0.0,0.0,0.0
2018-07-02,238.02715256453158,240.26160911013994,237.7886754103207,240.1026153564453,63554800,0.0,0.0,0.0
2018-07-03,240.994682013276,241.09184637679854,238.8308949763959,239.2548065185547,42187100,0.0,0.0,0.0
2018-07-05,240.37646544509775,241.26846393810172,239.3077922241397,241.20663452148438,56925900,0.0,0.0,0.0
2018-07-06,241.2331503041585,243.61773349878362,240.85336029143753,243.24681091308594,66493700,0.0,0.0,0.0
2018-07-09,244.24481332940113,245.49010747674166,244.2006648582338,245.43711853027344,50550400,0.0,0.0,0.0
2018-07-10,245.887514741329,246.41743107940047,245.59604862669065,246.3202667236328,51966800,0.0,0.0,0.0
2018-07-11,244.77471640082183,245.5607639850236,244.21830554057422,244.51858520507812,77054700,0.0,0.0,0.0
2018-07-12,245.77268329342385,246.788340498217,245.17212405352254,246.7353515625,60124700,0.0,0.0,0.0
2018-07-13,246.5587496627562,247.2299518841817,246.10831672196744,246.92967224121094,48216000,0.0,0.0,0.0
2018-07-16,246.97380339117655,247.1150892368199,246.26723939965785,246.70883178710938,48201000,0.0,0.0,0.0
2018-07-17,245.94041790032398,248.09539049157863,245.88742898026484,247.706787109375,52315500,0.0,0.0,0.0
2018-07-18,247.7863738221766,248.33394419290724,247.34478133575945,248.22796630859375,44593500,0.0,0.0,0.0
2018-07-19,247.5655942858729,247.94535738117995,246.8148816177688,247.29180908203125,61412100,0.0,0.0,0.0
2018-07-20,247.08868447408216,247.71576529783255,246.85023420124972,247.0092010498047,82337700,0.0,0.0,0.0
2018-07-23,246.80605608213324,247.67156012208483,246.46160099896863,247.46844482421875,47047600,0.0,0.0,0.0
2018-07-24,248.87269311489285,249.55273581935538,247.84819534471634,248.7136993408203,68026900,0.0,0.0,0.0
2018-07-25,248.46628176707483,251.15117017481253,248.42213332344812,250.83323669433594,78882900,0.0,0.0,0.0
2018-07-26,250.11794529224085,250.92161973917163,250.02078094918681,250.2415771484375,57919500,0.0,0.0,0.0
2018-07-27,250.56840315355595,250.66556751675208,247.62740902904164,248.54592895507812,76768700,0.0,0.0,0.0
2018-07-30,248.62547795782498,248.78444482753693,246.72660818757302,247.24771118164062,63742500,0.0,0.0,0.0
2018-07-31,248.00719938564396,249.0758457823659,247.62743627106826,248.46644592285156,68570500,0.0,0.0,0.0
2018-08-01,248.66960145208864,249.1730234416017,247.40665319292788,248.05136108398438,53853300,0.0,0.0,0.0
2018-08-02,246.75309367253044,249.57042929536425,246.54995140015342,249.40264892578125,63426400,0.0,0.0,0.0
2018-08-03,249.52623809426015,250.52424138118405,249.34959032655735,250.47125244140625,53935400,0.0,0.0,0.0
2018-08-06,250.5065855809908,251.6988636700681,250.11798205697605,251.3897705078125,39400900,0.0,0.0,0.0
2018-08-07,252.0522055913909,252.59977603437054,251.91970626585007,252.21998596191406,43196600,0.0,0.0,0.0
2018-08-08,252.05218068817663,252.5114271863113,251.65473665616224,252.11398315429688,42114600,0.0,0.0,0.0
2018-08-09,252.17580404927884,252.56440759328345,251.6370741534844,251.76954650878906,35717000,0.0,0.0,0.0
2018-08-10,250.3388185946928,250.87754854951353,249.37612315111235,250.0826873779297,77076000,0.0,0.0,0.0
2018-08-13,250.35642813346976,250.9658278790864,248.85500300169974,249.14646911621094,65732900,0.0,0.0,0.0
2018-08-14,249.87074765745612,250.9747290647368,249.48214404587964,250.7362518310547,43842000,0.0,0.0,0.0
2018-08-15,249.39382333315953,249.53513618941975,247.4331512506401,248.86390686035156,102925400,0.0,0.0,0.0
2018-08-16,250.29462761533514,251.74306397579707,250.2592926680228,250.87753295898438,69967900,0.0,0.0,0.0
2018-08-17,250.67441481267045,252.20233473703993,250.26815721384136,251.7607421875,65618500,0.0,0.0,0.0
2018-08-20,252.21112985079523,252.5643984363551,251.7606969064238,252.29945373535156,39807500,0.0,0.0,0.0
2018-08-21,252.8117671755168,253.74794134491353,252.33483961383442,252.89125061035156,67272000,0.0,0.0,0.0
2018-08-22,252.484911914563,253.2621189648161,252.21994026415945,252.7410430908203,44993300,0.0,0.0,0.0
2018-08-23,252.5644233792702,253.4211139340078,252.08749591769774,252.40545654296875,49204900,0.0,0.0,0.0
2018-08-24,252.97943959300378,254.06576652835622,252.92645066470942,253.92445373535156,57487400,0.0,0.0,0.0
2018-08-27,255.11679452574154,256.0353144305907,254.95782770163285,255.92933654785156,57072400,0.0,0.0,0.0
2018-08-28,256.38856613797486,256.49457096639844,255.59370511711555,256.052978515625,46943500,0.0,0.0,0.0
2018-08-29,256.2649754069763,257.66039591626367,256.0265251482379,257.4307861328125,61485500,0.0,0.0,0.0
2018-08-30,256.9538927975245,257.32481547150365,255.79692239327863,256.3886413574219,61229500,0.0,0.0,0.0
2018-08-31,255.98227146320133,256.83896177142293,255.4965306189424,256.3973693847656,66140800,0.0,0.0,0.0
2018-09-04,255.9823965776519,256.30917079106746,254.957898505552,255.95590209960938,57594400,0.0,0.0,0.0
2018-09-05,255.60259767562948,255.80573994733908,254.26016605468752,255.26698303222656,72452400,0.0,0.0,0.0
2018-09-06,255.37295603929772,255.6732357269423,253.47411354093606,254.4986114501953,65909900,0.0,0.0,0.0
2018-09-07,253.45642744445308,254.9755066412975,253.21795025750325,254.00399780273438,73524800,0.0,0.0,0.0
2018-09-10,255.01079621296216,255.27576785124796,254.25127014573667,254.44557189941406,50210900,0.0,0.0,0.0
2018-09-11,253.80080195980534,255.72613828155374,253.45637391635793,255.2845458984375,50530500,0.0,0.0,0.0
2018-09-12,255.2934771158569,255.94702545032362,254.56044535849583,255.34646606445312,59810800,0.0,0.0,0.0
2018-09-13,256.40625295326265,257.04214717503464,256.1236273096607,256.8566589355469,51034200,0.0,0.0,0.0
2018-09-14,257.0597541417096,257.24521539460255,256.1235804521319,256.9007873535156,55079900,0.0,0.0,0.0
2018-09-17,256.8479718087148,256.88327981704145,255.2670624740593,255.5408477783203,68244000,0.0,0.0,0.0
2018-09-18,255.75265618865916,257.51902588302914,255.7261617213501,256.92730712890625,61930400,0.0,0.0,0.0
2018-09-19,256.98031461211065,257.61620882608855,256.8566557873011,257.20111083984375,49080600,0.0,0.0,0.0
2018-09-20,258.4552922550464,259.603422066902,257.21881159283953,259.28546142578125,100360600,0.0,0.0,0.0
2018-09-21,260.02439890895715,260.1397370028223,258.88880602844426,259.0484924316406,105479700,1.323,0.0,0.0
2018-09-24,258.4718627895413,258.61381530247604,257.61129429371255,258.1879577636719,53409600,0.0,0.0,0.0
2018-09-25,258.6404880631462,258.7469457031988,257.7089566380067,257.948486328125,44370000,0.0,0.0,0.0
2018-09-26,258.0904332322394,259.27037481660574,256.75965861130874,257.1766357421875,79739700,0.0,0.0,0.0
2018-09-27,257.64682299273915,258.97759751708634,257.3717984236816,257.8952331542969,59249500,0.0,0.0,0.0
2018-09-28,257.2741911414216,258.4186647996057,257.2387233149633,257.9218444824219,70091400,0.0,0.0,0.0
2018-10-01,259.1550695170986,259.8825662332984,258.1525752517197,258.8179626464844,62078900,0.0,0.0,0.0
2018-10-02,258.6670227050781,259.37675813634576,258.29442107979753,258.6670227050781,47258200,0.0,0.0,0.0
2018-10-03,259.7139378922632,260.13091497744125,258.4541532176749,258.80902099609375,64694600,0.0,0.0,0.0
2018-10-04,258.3299446701572,258.38317348526033,255.20707019384005,256.7862548828125,111545900,0.0,0.0,0.0
2018-10-05,257.00811892863044,257.522673302912,253.9295919553244,255.34909057617188,105951700,0.0,0.0,0.0
2018-10-08,254.66594214302947,255.70395846271268,253.29081892967724,255.34909057617188,87742200,0.0,0.0,0.0
2018-10-09,254.9675107173781,256.2716436096142,254.4174345678273,254.9763641357422,74339000,0.0,0.0,0.0
2018-10-10,254.4707006802982,254.54169048566087,246.5304286787264,246.9030303955078,214731000,0.0,0.0,0.0
2018-10-11,245.8205975416623,247.43527673052884,239.8587280613377,241.4645538330078,274840500,0.0,0.0,0.0
2018-10-12,245.54572232272312,245.8296274883586,241.6421210566391,244.81825256347656,183186500,0.0,0.0,0.0
2018-10-15,244.46327877494505,245.78519993118493,243.35429996164066,243.44302368164062,102263700,0.0,0.0,0.0
2018-10-16,245.39482863663616,249.13874206234044,244.9246227192346,248.76611328125,118255800,0.0,0.0,0.0
2018-10-17,248.80159008760788,249.4314824048031,246.24649884503972,248.8104705810547,110626000,0.0,0.0,0.0
2018-10-18,247.8789411434179,248.47336570550362,243.94872669197238,245.21739196777344,134557500,0.0,0.0,0.0
2018-10-19,245.86499957010082,247.79017128688514,244.39227271815466,245.0842742919922,139901600,0.0,0.0,0.0
2018-10-22,245.7497234098368,246.06909633611147,243.4519223857606,243.98423767089844,82415800,0.0,0.0,0.0
2018-10-23,240.38222841148024,243.85997037429763,238.30619650626488,242.7421112060547,146352700,0.0,0.0,0.0
2018-10-24,242.49373869531894,242.8752479954551,234.83737147811587,235.38742065429688,177806700,0.0,0.0,0.0
2018-10-25,237.2150192376304,241.14523383340236,236.1947640977696,239.6103973388672,138061500,0.0,0.0,0.0
2018-10-26,235.91971729336254,240.42659505910345,232.6992386438329,235.39625549316406,201574600,0.0,0.0,0.0
2018-10-29,238.47477285454744,239.7611989981916,230.5345014729558,234.0920867919922,160749100,0.0,0.0,0.0
2018-10-30,233.92351555366437,237.8714630180491,233.43554873806258,237.56094360351562,157116000,0.0,0.0,0.0
2018-10-31,240.11604628903387,242.4049933311253,239.64584043537533,240.0983123779297,128296300,0.0,0.0,0.0
2018-11-01,240.95893467655137,242.84863900602303,239.87657021470125,242.65345764160156,99495000,0.0,0.0,0.0
2018-11-02,243.7534859391745,244.17934345039046,239.17561922362194,241.21615600585938,122634100,0.0,0.0,0.0
2018-11-05,241.70405586770997,243.09693919837028,240.73702997801607,242.54689025878906,65622500,0.0,0.0,0.0
2018-11-06,242.48483819201113,244.24144301684072,242.42272889071398,244.08175659179688,60085900,0.0,0.0,0.0
2018-11-07,246.24651972727324,249.38715523548547,245.82066212583987,249.30731201171875,102752100,0.0,0.0,0.0
2018-11-08,248.5088135200468,249.49360071455664,247.71923474036157,248.85482788085938,65584900,0.0,0.0,0.0
2018-11-09,247.55060150511824,247.7369023016023,245.0221252541593,246.42388916015625,98812600,0.0,0.0,0.0
2018-11-12,245.91828536947241,246.15781505930968,241.30492242495654,241.8195037841797,99673600,0.0,0.0,0.0
2018-11-13,242.28078648339832,244.2680676104156,240.6483731183949,241.3669891357422,98176600,0.0,0.0,0.0
2018-11-14,243.23007953386727,243.62929561444977,238.16427249708286,239.7168426513672,125335900,0.0,0.0,0.0
2018-11-15,238.45710185733932,242.680102596526,236.8867973241285,242.21875,135101400,0.0,0.0,0.0
2018-11-16,241.12740457753523,243.7534579080303,240.61282342632444,242.84854125976562,126668000,0.0,0.0,0.0
2018-11-19,242.24530815536264,242.53809370819096,237.8271541279223,238.74095153808594,103061700,0.0,0.0,0.0
2018-11-20,235.42288274939483,236.8778759571118,233.46221577650243,234.32278442382812,136021300,0.0,0.0,0.0
2018-11-21,235.86643094270022,237.01090445560573,235.11234714337104,235.12120056152344,75563700,0.0,0.0,0.0
2018-11-23,233.48879401808904,234.94378700042947,233.39121689288703,233.5509033203125,42807900,0.0,0.0,0.0
2018-11-26,235.7955313591948,237.54328320939965,235.40516861577075,237.3214874267578,79981400,0.0,0.0,0.0
2018-11-27,236.292293671845,238.11988830566406,235.68901578925252,238.11988830566406,75502400,0.0,0.0,0.0
2018-11-28,239.1845676852802,243.60272216796875,238.05782782750268,243.60272216796875,127629600,0.0,0.0,0.0
2018-11-29,242.83092353767145,244.46333749399298,241.69533004307021,243.0704803466797,82346400,0.0,0.0,0.0
2018-11-30,242.9195429217145,245.11088572475035,242.60017007981762,244.5519561767578,98204200,0.0,0.0,0.0
2018-12-03,248.65959476723427,248.76605237157221,246.20210815153138,247.79014587402344,103176300,0.0,0.0,0.0
2018-12-04,246.96516855676538,247.39102621465597,239.45072621082807,239.76124572753906,177986000,0.0,0.0,0.0
2018-12-06,235.9197638003323,239.51284485953988,232.83235657838506,239.3975067138672,204185400,0.0,0.0,0.0
2018-12-07,239.0602860614735,240.6217365601886,233.00083903579494,233.8347930908203,161018900,0.0,0.0,0.0
2018-12-10,233.657372960395,235.2454380472968,229.4432538802468,234.27841186523438,151445900,0.0,0.0,0.0
2018-12-11,237.4633582945688,237.6496591069941,232.86775775693638,234.33160400390625,121504400,0.0,0.0,0.0
2018-12-12,237.29484321205325,238.6522321483486,235.43175345692626,235.5115966796875,97976700,0.0,0.0,0.0
2018-12-13,236.45200246750798,237.3125710570535,234.32276869095844,235.43174743652344,96662700,0.0,0.0,0.0
2018-12-14,233.293641283114,234.2429336202688,230.53451506399446,231.08456420898438,116961100,0.0,0.0,0.0
2018-12-17,230.1352693427575,231.2442481147202,224.92750936156915,226.55105590820312,165492300,0.0,0.0,0.0
2018-12-18,228.18349538620993,228.84888268565493,224.70572585491885,226.3026580810547,134515100,0.0,0.0,0.0
2018-12-19,226.38250915204682,230.13528986049326,221.21911056886134,222.9136199951172,214992800,0.0,0.0,0.0
2018-12-20,221.6715124901372,223.23294946825146,217.0492837799574,219.2849884033203,252053400,0.0,0.0,0.0
2018-12-21,220.1818309485332,222.83215230759592,214.1494434382455,214.7919464111328,255345600,1.435,0.0,0.0
2018-12-24,213.31063854385062,214.91689612055552,209.05407298607153,209.1165313720703,147311600,0.0,0.0,0.0
2018-12-26,210.5711161307168,219.68214416503906,208.59898586844616,219.68214416503906,218485400,0.0,0.0,0.0
2018-12-27,216.46066729671128,221.56497508769397,213.23923382404874,221.36866760253906,186267300,0.0,0.0,0.0
2018-12-28,222.7161880021992,224.34028325034785,219.92308458520284,221.08316040039062,153100200,0.0,0.0,0.0
2018-12-31,222.69834072493202,223.2605343594227,220.83330337470466,223.01959228515625,144299400,0.0,0.0,0.0
2019-01-02,219.5036463731044,224.1707189074987,219.47687654809107,223.25157165527344,126925200,0.0,0.0,0.0
2019-01-03,221.5114874154967,221.81490149040854,217.44231020403743,217.9241943359375,144140700,0.0,0.0,0.0
2019-01-04,220.94035994976915,225.8662121607663,220.56556877081383,225.2237091064453,142628800,0.0,0.0,0.0
2019-01-07,225.49141469210105,228.40051582840488,224.59905087670086,226.99951171875,103139100,0.0,0.0,0.0
2019-01-08,229.1768824554094,229.6141320120839,226.66040995079652,229.1322479248047,102512600,0.0,0.0,0.0
2019-01-09,229.83725251935343,231.04194927606076,228.61471828778016,230.203125,95006600,0.0,0.0,0.0
2019-01-10,228.67717821153101,231.26502803517397,227.99897294347033,231.01516723632812,96823900,0.0,0.0,0.0
2019-01-11,229.94432646748032,231.1311857216218,229.36429537083583,231.1044158935547,73858100,0.0,0.0,0.0
2019-01-14,229.2125434323212,230.49754943156907,228.8109960780443,229.69442749023438,70908200,0.0,0.0,0.0
2019-01-15,230.06921002182162,232.63922177197418,230.06027767055164,232.32688903808594,85208300,0.0,0.0,0.0
2019-01-16,232.75520752359222,233.77251519424797,232.54998130541944,232.8890838623047,77636700,0.0,0.0,0.0
2019-01-17,232.0235184925681,235.5126641905326,231.9788839632567,234.65597534179688,96118400,0.0,0.0,0.0
2019-01-18,236.45860044849152,238.2433282818728,234.69171008964122,237.77928161621094,127900300,0.0,0.0,0.0
2019-01-22,236.31576390264777,236.52992247827257,232.96046764303685,234.56671142578125,115531200,0.0,0.0,0.0
2019-01-23,235.59296459520885,236.28900723752506,232.6035405576887,235.0575408935547,86030300,0.0,0.0,0.0
2019-01-24,234.8790794198042,235.76253814239962,233.87070392027388,235.18247985839844,59204100,0.0,0.0,0.0
2019-01-25,237.02074100226002,237.99344153026766,235.28064789407634,237.17245483398438,96883400,0.0,0.0,0.0
2019-01-28,235.0397790012523,235.43239412708138,233.61199108198392,235.3699493408203,85613700,0.0,0.0,0.0
2019-01-29,235.51265512487782,236.07482141719495,234.22764913402008,235.0575408935547,66136300,0.0,0.0,0.0
2019-01-30,236.565626676837,239.61749533673162,235.8071120713006,238.77867126464844,92473700,0.0,0.0,0.0
2019-01-31,238.7162425916595,241.3576317452046,238.50205676698522,240.87574768066406,104012100,0.0,0.0,0.0
2019-02-01,241.07213078167035,242.00912932767181,240.20653660651251,240.9918212890625,85782500,0.0,0.0,0.0
2019-02-04,241.03636219764772,242.74971259966776,240.36708937749282,242.68724060058594,60744800,0.0,0.0,0.0
2019-02-05,243.11565683764925,244.00802086150412,242.61593516291362,243.70462036132812,79552800,0.0,0.0,0.0
2019-02-06,243.42792005055753,243.91870923015293,242.65156792915562,243.38328552246094,58347800,0.0,0.0,0.0
2019-02-07,241.77702092974917,242.3213497102269,239.41226259210734,241.06314086914062,95482000,0.0,0.0,0.0
2019-02-08,239.82279901263277,241.45581297325145,239.00181223916871,241.357666015625,75788900,0.0,0.0,0.0
2019-02-11,242.00910242961137,242.26786835499118,240.96502467617663,241.49151611328125,68021400,0.0,0.0,0.0
2019-02-12,243.09772884454762,244.97167081065734,243.02632449886462,244.59689331054688,72270200,0.0,0.0,0.0
2019-02-13,245.42683071953022,246.2299527449873,245.00741861705612,245.39112854003906,65277200,0.0,0.0,0.0
2019-02-14,244.31136276656764,245.97117361390244,243.4993084316864,244.84678649902344,83234400,0.0,0.0,0.0
2019-02-15,246.61367262481926,247.55067105300293,246.4084463582226,247.5149688720703,97088700,0.0,0.0,0.0
2019-02-19,246.72068831877638,248.59463001954094,246.7117559686361,247.94322204589844,59120800,0.0,0.0,0.0
2019-02-20,247.90769127849597,248.89822968179124,247.4079695150872,248.443115234375,76610800,0.0,0.0,0.0
2019-02-21,247.80950745100557,248.16644762426458,246.60481053756558,247.5596466064453,64214700,0.0,0.0,0.0
2019-02-22,248.17527581592702,249.290730532081,247.54170516233032,249.0944366455078,78114600,0.0,0.0,0.0
2019-02-25,250.51328192765382,251.03084091317785,249.35319272879363,249.43350219726562,69030700,0.0,0.0,0.0
2019-02-26,249.08543837341688,250.12948846107415,248.88018495616316,249.25498962402344,56844100,0.0,0.0,0.0
2019-02-27,248.5411668870653,249.49600273163364,247.613128101166,249.1479949951172,56921600,0.0,0.0,0.0
2019-02-28,248.93379021020638,249.3710669767745,248.36269155717653,248.68392944335938,69268300,0.0,0.0,0.0
2019-03-01,250.25451655008104,250.64715881686314,248.8088914918301,250.23667907714844,78880500,0.0,0.0,0.0
2019-03-04,251.28951942516656,251.53044772071047,247.04186125564468,249.32630920410156,106494600,0.0,0.0,0.0
2019-03-05,249.45132065655088,249.647641731792,248.44294546248403,248.98727416992188,59114600,0.0,0.0,0.0
2019-03-06,249.1033413882174,249.1122737404231,247.15799490205438,247.47923278808594,75039800,0.0,0.0,0.0
2019-03-07,247.03312420768393,247.17590572143885,244.57021798558137,245.40904235839844,94885100,0.0,0.0,0.0
2019-03-08,243.56181425633898,245.08774895787133,243.09779481459196,244.91819763183594,85795800,0.0,0.0,0.0
2019-03-11,245.63207714734213,248.63040655157224,245.60530732168948,248.46978759765625,65098900,0.0,0.0,0.0
2019-03-12,249.0230284007584,249.92432451181233,248.8356396365524,249.40673828125,79667500,0.0,0.0,0.0
2019-03-13,250.29024306141176,251.98572906946617,250.12959685826823,251.0576629638672,80639200,0.0,0.0,0.0
2019-03-14,251.0843614017207,251.50377341581668,250.45972317255902,250.89697265625,67518400,0.0,0.0,0.0
2019-03-15,251.4464293465867,252.9432256217653,251.2581878355714,252.13656616210938,81309000,1.233,0.0,0.0
2019-03-18,252.35162707510253,253.34652788420078,252.12755351976938,253.0507354736328,62199800,0.0,0.0,0.0
2019-03-19,254.10845700531755,254.87028543181057,252.226233125084,253.11355590820312,90268100,0.0,0.0,0.0
2019-03-20,252.8984689770141,254.09950037015642,251.24929031690502,252.35171508789062,84609200,0.0,0.0,0.0
2019-03-21,251.53610874655385,255.60526619804367,251.49127760863934,255.2019500732422,79550400,0.0,0.0,0.0
2019-03-22,253.84849671028795,254.36833541817302,250.22745973759913,250.2902069091797,122659300,0.0,0.0,0.0
2019-03-25,249.94954666936272,251.132661518811,248.8471223642773,250.1019287109375,85575200,0.0,0.0,0.0
2019-03-26,251.84977067913186,252.91636327100957,250.56807617048426,251.96629333496094,68125900,0.0,0.0,0.0
2019-03-27,251.95730960273139,252.53992285404814,249.1070999307263,250.6487274169922,72224700,0.0,0.0,0.0
2019-03-28,251.2762087520225,252.04700901604357,250.1289527025606,251.59886169433594,56238500,0.0,0.0,0.0
2019-03-29,253.1045937427433,253.50790981906596,251.98422572062216,253.1852569580078,82186800,0.0,0.0,0.0
2019-04-01,255.17507631798742,256.48365873807614,254.90617153397596,256.1878662109375,77617900,0.0,0.0,0.0
2019-04-02,256.3760406254756,256.54633873826305,255.5245500615383,256.31329345703125,40070400,0.0,0.0,0.0
2019-04-03,257.523364972723,257.91773677565595,256.11617591920054,256.7167053222656,68243200,0.0,0.0,0.0
2019-04-04,257.0392843728794,257.64875794671855,256.34914759244964,257.3977966308594,48997500,0.0,0.0,0.0
2019-04-05,258.06109087920464,258.6974522325927,257.77427011188774,258.6436767578125,58621700,0.0,0.0,0.0
2019-04-08,258.2224359901956,258.9484323049997,257.56813119604186,258.84088134765625,53566300,0.0,0.0,0.0
2019-04-09,257.8817661277686,258.2044189077186,256.96755589851574,257.5142822265625,66142300,0.0,0.0,0.0
2019-04-10,257.9266096377098,258.4823350989078,257.5143219044501,258.3927001953125,52601500,0.0,0.0,0.0
2019-04-11,258.87677375036355,258.88574544981117,257.7564054290951,258.3210754394531,55093100,0.0,0.0,0.0
2019-04-12,259.9254067353859,260.34666624730795,258.36586304784964,260.0688171386719,69727800,0.0,0.0,0.0
2019-04-15,260.14051873172986,260.2391253546279,259.10081378222185,259.8985290527344,49596700,0.0,0.0,0.0
2019-04-16,260.77689745716583,260.8306729393059,259.47725948239383,260.0688171386719,52153200,0.0,0.0,0.0
2019-04-17,261.1801918114328,261.2070795502625,259.020118949662,259.43243408203125,58268300,0.0,0.0,0.0
2019-04-18,260.0149256331189,260.212111430557,258.72425993220145,259.9432067871094,68708500,0.0,0.0,0.0
2019-04-22,259.1814564680707,260.31974047739857,259.09182156001907,260.1673583984375,40160100,0.0,0.0,0.0
2019-04-23,260.5349157805691,262.739820258392,260.3018977772622,262.50677490234375,52246600,0.0,0.0,0.0
2019-04-24,262.42605599753017,262.7576805629462,261.7807229084622,261.92413330078125,50392900,0.0,0.0,0.0
2019-04-25,261.82547299248705,262.4170304822071,260.5796382033679,261.7627258300781,57770900,0.0,0.0,0.0
2019-04-26,261.807637361224,263.0534725329662,261.0368098429491,262.9817810058594,50916400,0.0,0.0,0.0
2019-04-29,263.071359619147,263.91387848418856,262.98172471489596,263.3940124511719,57197700,0.0,0.0,0.0
2019-04-30,263.053468419192,263.81532422738735,261.6463068189115,263.52850341796875,81111700,0.0,0.0,0.0
2019-05-01,264.15585763921524,264.36201517554906,261.53866624356385,261.5476379394531,71671900,0.0,0.0,0.0
2019-05-02,261.4312100573297,262.3454480819899,259.49521038202386,260.9830627441406,65030200,0.0,0.0,0.0
2019-05-03,262.4529364877734,263.8152941480737,261.09055147473833,263.5374450683594,56543700,0.0,0.0,0.0
2019-05-06,259.2531642106628,262.89211741292036,258.9394556892126,262.45294189453125,107198100,0.0,0.0,0.0
2019-05-07,260.05984323993033,260.6514008912022,256.16992839920704,258.070068359375,144729900,0.0,0.0,0.0
2019-05-08,257.7115478515625,259.41450187392644,257.11999021906496,257.7115478515625,91568300,0.0,0.0,0.0
2019-05-09,255.65006823450122,257.5322646414615,253.92019920925287,256.9317626953125,103471100,0.0,0.0,0.0
2019-05-10,255.99965274623816,258.9753573069999,253.0239481854764,258.22247314453125,112429300,0.0,0.0,0.0
2019-05-13,253.1315517289226,254.0905662339205,250.8997594096421,251.73330688476562,127290500,0.0,0.0,0.0
2019-05-14,252.7460330950823,255.53352272595444,252.62056611045082,254.0098114013672,77003200,0.0,0.0,0.0
2019-05-15,252.38750784139702,256.134011438669,252.18135030607803,255.49765014648438,73956400,0.0,0.0,0.0
2019-05-16,256.1968305524886,259.2173388055751,256.1251390237881,257.86395263671875,76749600,0.0,0.0,0.0
2019-05-17,255.56935725867487,258.6705277253492,255.55141386780954,256.1967468261719,100353000,0.0,0.0,0.0
2019-05-20,254.60146319606775,256.3044176080445,253.7589440133358,254.5028839111328,62877600,0.0,0.0,0.0
2019-05-21,256.1878317468838,257.1737611168127,255.93687039387783,256.7973327636719,46847100,0.0,0.0,0.0
2019-05-22,255.84727950945393,256.95867595197024,255.53357095956173,256.00860595703125,49482500,0.0,0.0,0.0
2019-05-23,253.7947035256118,253.83950730062355,251.47330451372397,252.8804931640625,98733800,0.0,0.0,0.0
2019-05-24,254.31455174403163,254.72686684163855,252.83567152761165,253.45411682128906,55268100,0.0,0.0,0.0
2019-05-28,253.73193959647733,254.68200932691212,251.0789162371159,251.09683227539062,70029400,0.0,0.0,0.0
2019-05-29,249.9855068541915,250.38882297493316,248.01364797699472,249.411865234375,104972900,0.0,0.0,0.0
2019-05-30,250.16475488218688,250.99832958897656,248.99958292616304,250.0930633544922,62523800,0.0,0.0,0.0
2019-05-31,247.5565513560174,248.38112697686873,246.6960889437325,246.7229766845703,86862800,0.0,0.0,0.0
2019-06-03,246.75875371506626,247.8701497688478,244.76897949936586,246.0955047607422,96428000,0.0,0.0,0.0
2019-06-04,248.3811324117829,251.57193870713078,247.93298515285497,251.4375,77231900,0.0,0.0,0.0
2019-06-05,253.0509151902439,253.64247307877494,251.2493811257726,253.61558532714844,71169700,0.0,0.0,0.0
2019-06-06,253.9111865283189,255.9367927801891,253.26585362304073,255.2645721435547,69430400,0.0,0.0,0.0
2019-06-07,256.2775249265868,258.89471736243144,256.10722675339446,257.81915283203125,74272200,0.0,0.0,0.0
2019-06-10,259.3608012392515,260.6604395368228,258.91265387495025,259.0022888183594,60799100,0.0,0.0,0.0
2019-06-11,260.8126437085243,261.1801276173653,258.2940591638084,258.93939208984375,58641300,0.0,0.0,0.0
2019-06-12,258.7063428126805,259.26204077966077,257.9713750841532,258.4822692871094,47096300,0.0,0.0,0.0
2019-06-13,259.3875932507878,259.90745931903905,258.68848471461854,259.5489196777344,48945200,0.0,0.0,0.0
2019-06-14,259.2621154785156,259.8626173825372,258.50025980152225,259.2621154785156,52324700,0.0,0.0,0.0
2019-06-17,259.49506486872434,260.1224816964581,259.1903281489675,259.3606262207031,39205700,0.0,0.0,0.0
2019-06-18,261.1712687189415,263.12518417352123,260.81272903505663,262.0765075683594,85434800,0.0,0.0,0.0
2019-06-19,262.2109718257297,263.1969013470161,261.2429857020286,262.6680908203125,78674400,0.0,0.0,0.0
2019-06-20,265.33908820760183,265.58107792738963,262.73086737224907,265.177734375,116570000,0.0,0.0,0.0
2019-06-21,264.9092951972342,266.1611896327849,264.57605770329127,264.7922058105469,83309500,1.432,0.0,0.0
2019-06-24,264.99933890935563,265.3145457048724,264.3148333255094,264.46795654296875,47582700,0.0,0.0,0.0
2019-06-25,264.52200860882357,264.5490271209979,261.76601042395885,261.87408447265625,82028700,0.0,0.0,0.0
2019-06-26,262.76575082413854,263.27011476224845,261.5048409788637,261.6129150390625,51584900,0.0,0.0,0.0
2019-06-27,262.3694009589699,263.0448911665439,261.99114183475797,262.54052734375,40355200,0.0,0.0,0.0
2019-06-28,263.5133148180543,264.3869502298254,262.99996296700357,263.8916015625,59350900,0.0,0.0,0.0
2019-07-01,267.2059187927584,267.42209435949115,265.0893772140861,266.2872619628906,78705600,0.0,0.0,0.0
2019-07-02,266.24220085033335,267.0347804260212,265.404599588386,266.9807434082031,61504500,0.0,0.0,0.0
2019-07-03,267.6562712698563,269.1333565933882,267.51216337347967,269.1153259277344,40898900,0.0,0.0,0.0
2019-07-05,267.8904556118029,268.97125111423253,266.6025273362104,268.8091125488281,51677300,0.0,0.0,0.0
2019-07-08,267.5031881847624,268.6290054105684,266.79166400203684,267.3320617675781,45841800,0.0,0.0,0.0
2019-07-09,266.1792707477013,267.96254794208653,266.12523371064583,267.66534423828125,41101300,0.0,0.0,0.0
2019-07-10,268.727974274822,269.8898249593652,268.1965920202201,268.9441223144531,58448500,0.0,0.0,0.0
2019-07-11,269.5836613281804,269.8178125905179,268.57493362213694,269.57464599609375,50826100,0.0,0.0,0.0
2019-07-12,270.06101270514915,270.85359234497,269.7547937508127,270.7815246582031,40326000,0.0,0.0,0.0
2019-07-15,271.21389592419735,271.21389592419735,270.3672791135901,270.87164306640625,33900000,0.0,0.0,0.0
2019-07-16,270.78155022134894,270.9887104831493,269.6917668565987,269.99798583984375,36650100,0.0,0.0,0.0
2019-07-17,269.9709981269623,270.1331092273333,268.1606750488281,268.1606750488281,36036300,0.0,0.0,0.0
2019-07-18,267.6652155038027,269.52055951244586,267.2239040848407,269.14227294921875,51392600,0.0,0.0,0.0
2019-07-19,270.23214960844706,270.2591681205926,267.4761514265193,267.64727783203125,58678600,0.0,0.0,0.0
2019-07-22,268.0435207619146,268.8451157071079,267.53016906834114,268.3047180175781,43638100,0.0,0.0,0.0
2019-07-23,269.42157698333074,270.22314453125,268.5929634364693,270.22314453125,44564500,0.0,0.0,0.0
2019-07-24,269.4665409634946,271.4930114746094,269.37647011029196,271.4930114746094,47213200,0.0,0.0,0.0
2019-07-25,271.04275323442494,271.09679026285806,269.39454140989733,270.1961364746094,55394100,0.0,0.0,0.0
2019-07-26,270.88056127464273,272.2045230475153,270.7544565887672,272.0063781738281,45084100,0.0,0.0,0.0
2019-07-29,271.8893951181974,272.00648451921296,270.96172273001054,271.5111083984375,38126500,0.0,0.0,0.0
2019-07-30,270.11507713282856,271.2499096855078,269.7367904533448,270.8446044921875,45849000,0.0,0.0,0.0
2019-07-31,271.0877334885615,271.2768905449335,265.8729686415346,267.88140869140625,104245200,0.0,0.0,0.0
2019-08-01,268.034580410699,270.97970848614085,264.7561873361929,265.54876708984375,142646600,0.0,0.0,0.0
2019-08-02,264.6571304997098,264.9002971362273,262.0001907364451,263.54931640625,116749700,0.0,0.0,0.0
2019-08-05,259.46934746825957,259.57742152550486,253.73218721471815,255.62356567382812,178745400,0.0,0.0,0.0
2019-08-06,257.5058783257292,259.42427492312476,256.03780853576865,259.2080993652344,120711700,0.0,0.0,0.0
2019-08-07,256.1459566755456,260.12685889869357,254.02042672269945,259.3612976074219,140572300,0.0,0.0,0.0
2019-08-08,260.847336151514,264.449951171875,260.2979505540792,264.449951171875,87713900,0.0,0.0,0.0
2019-08-09,263.51324043844005,264.10767516291054,260.87433176426345,262.64862060546875,93730000,0.0,0.0,0.0
2019-08-12,261.1534842703851,262.6395570659091,258.5055607500272,259.4512634277344,65527600,0.0,0.0,0.0
2019-08-13,259.1540643328322,264.9272573466739,258.8118115588366,263.4862060546875,94299800,0.0,0.0,0.0
2019-08-14,259.45137173581514,260.05479444786425,255.56955568303667,255.6956329345703,135622100,0.0,0.0,0.0
2019-08-15,256.5782845571381,257.2627903089228,254.33566516669413,256.3711242675781,99556600,0.0,0.0,0.0
2019-08-16,258.01932440574643,260.5861658852784,256.4251495030518,260.15386962890625,83018300,0.0,0.0,0.0
2019-08-19,263.16203921415007,263.96360681327474,262.48654885595346,263.2881164550781,53571800,0.0,0.0,0.0
2019-08-20,262.78378289866305,263.3151654102482,261.1446136624657,261.27069091796875,51596400,0.0,0.0,0.0
2019-08-21,263.4232587515526,263.76548414054434,262.73875300201854,263.396240234375,49524700,0.0,0.0,0.0
2019-08-22,264.0986551673647,264.72909617237826,261.5497901824528,263.3150634765625,51666400,0.0,0.0,0.0
2019-08-23,262.0181829782447,263.67538246569245,255.30830200906564,256.55120849609375,149161500,0.0,0.0,0.0
2019-08-26,258.73075758618586,259.38824462890625,257.208650757384,259.38824462890625,72423800,0.0,0.0,0.0
2019-08-27,260.7753021102791,261.1445734568892,257.6139985597237,258.37054443359375,66668900,0.0,0.0,0.0
2019-08-28,257.71308250775724,260.35199145283605,256.91148746063425,260.18988037109375,59696700,0.0,0.0,0.0
2019-08-29,262.7386956483744,264.03563916134016,261.7389557594857,263.51324462890625,57899400,0.0,0.0,0.0
2019-08-30,264.99038771940667,265.0083909022667,262.4685678302421,263.396240234375,62901200,0.0,0.0,0.0
2019-09-03,261.7029833463762,262.61262500129374,260.53211690558965,261.8560791015625,69101400,0.0,0.0,0.0
2019-09-04,264.01763373547163,264.8462197315112,263.2700757868123,264.8282165527344,46887300,0.0,0.0,0.0
2019-09-05,267.30502430433256,269.1423380968448,264.792192738452,268.2326965332031,83258100,0.0,0.0,0.0
2019-09-06,268.5480124555917,269.07939501172183,267.87252196268025,268.4399108886719,49584300,0.0,0.0,0.0
2019-09-09,269.42153725651303,269.51158062995825,267.63823319286826,268.5749206542969,51260300,0.0,0.0,0.0
2019-09-10,267.81850264509166,268.57507631234995,266.56660767950956,268.51202392578125,57947100,0.0,0.0,0.0
2019-09-11,268.8181932238733,270.5024117606907,268.1697212619448,270.4213562011719,68821100,0.0,0.0,0.0
2019-09-12,271.3219373460333,272.41172066807127,270.56539150782567,271.35797119140625,72908700,0.0,0.0,0.0
2019-09-13,271.79927919493423,272.1505473397734,270.80855460332793,271.1778259277344,62104800,0.0,0.0,0.0
2019-09-16,270.05205515889173,271.2229216903592,269.700814439494,270.34027099609375,58191200,0.0,0.0,0.0
2019-09-17,270.1420991494671,271.11479314596744,269.97097273102594,271.0247497558594,41475500,0.0,0.0,0.0
2019-09-18,270.6374764872449,271.29496371666545,268.6110052506445,271.1868896484375,73375800,0.0,0.0,0.0
2019-09-19,271.57412843040197,272.564853068215,270.83558574714397,271.1688232421875,76560500,0.0,0.0,0.0
2019-09-20,271.76969472435155,272.05021223575903,269.1005122024297,269.8876953125,89565000,1.384,0.0,0.0
2019-09-23,269.22709988546444,270.5390897940951,268.97375334735597,269.82427978515625,43476800,0.0,0.0,0.0
2019-09-24,270.91001539595555,271.2990782896173,266.74787081467014,267.70697021484375,94869400,0.0,0.0,0.0
2019-09-25,267.78841257718466,269.73375474914366,266.31356316285877,269.2904052734375,71854000,0.0,0.0,0.0
2019-09-26,269.2994676970623,269.507556991821,267.3269822031937,268.72943115234375,56179700,0.0,0.0,0.0
2019-09-27,269.48042710932464,269.5890278573318,265.7345158777197,267.28173828125,84746600,0.0,0.0,0.0
2019-09-30,267.7975229006122,269.22711538810705,267.75229329262123,268.5213623046875,51662400,0.0,0.0,0.0
2019-10-01,269.3989896786448,270.0504560848609,265.110185278463,265.32733154296875,88242400,0.0,0.0,0.0
2019-10-02,263.75300095877276,263.7620579252307,259.355622841825,260.64044189453125,122539500,0.0,0.0,0.0
2019-10-03,260.4142414543203,262.80296115805885,257.70885927355687,262.77581787109375,85278800,0.0,0.0,0.0
2019-10-04,263.42722355353567,266.5850115298141,263.37290937944215,266.3316650390625,65091200,0.0,0.0,0.0
2019-10-07,265.53541588400043,267.1550385419711,264.90203587328466,265.1825256347656,59610500,0.0,0.0,0.0
2019-10-08,263.3367323375145,264.0696285167988,261.0294430659895,261.0656433105469,95708100,0.0,0.0,0.0
2019-10-09,263.0743071151631,264.47675583286633,262.4499841085226,263.5447998046875,62359400,0.0,0.0,0.0
2019-10-10,263.4634191387641,266.20500117894466,263.3005594403848,265.32733154296875,55296300,0.0,0.0,0.0
2019-10-11,268.06891544679235,270.3038044768641,267.9513129611668,268.0779724121094,98720400,0.0,0.0,0.0
2019-10-14,267.76124398211886,268.4308242275137,267.4355246297877,267.77935791015625,40394800,0.0,0.0,0.0
2019-10-15,268.8199757891408,271.17249535642475,268.702345668871,270.4305419921875,46754500,0.0,0.0,0.0
2019-10-16,269.9689809890641,270.6837908068591,269.5618318113538,269.9961242675781,48928200,0.0,0.0,0.0
2019-10-17,271.1543085338405,271.66100152133464,270.10472231326054,270.7923889160156,45736600,0.0,0.0,0.0
2019-10-18,270.2585831298609,270.9009925949094,268.7565903144165,269.60711669921875,64304000,0.0,0.0,0.0
2019-10-21,270.91912254267635,271.6339049366315,270.48480235900485,271.4348449707031,39048600,0.0,0.0,0.0
2019-10-22,271.96869222968974,272.2582390304072,270.4576699114692,270.54815673828125,48594700,0.0,0.0,0.0
2019-10-23,270.2947977198641,271.3896137194795,270.08668078906885,271.3353271484375,34352200,0.0,0.0,0.0
2019-10-24,272.2672015758795,272.41197492603146,270.95521207385355,271.7785949707031,35453100,0.0,0.0,0.0
2019-10-25,271.2086047238799,273.4344642972805,271.1543181599138,272.8915710449219,45205400,0.0,0.0,0.0
2019-10-28,274.1039986555741,274.92738163756786,274.0768553754071,274.4297180175781,42147000,0.0,0.0,0.0
2019-10-29,274.15832464822154,275.27125452053383,274.0316375807567,274.34832763671875,44284900,0.0,0.0,0.0
2019-10-30,274.5473822708717,275.56076834015374,273.2444494353092,275.1898193359375,49643900,0.0,0.0,0.0
2019-10-31,275.18071493545364,275.18071493545364,273.0091697880757,274.45684814453125,69053800,0.0,0.0,0.0
2019-11-01,275.8955777764334,277.04468028616344,275.7326904592425,276.99945068359375,71141500,0.0,0.0,0.0
2019-11-04,278.5467164658584,278.6824329073958,277.74141955822927,278.1123962402344,60606900,0.0,0.0,0.0
2019-11-05,278.311380485651,278.6099841884755,277.51514076171463,277.8046875,42933200,0.0,0.0,0.0
2019-11-06,277.80469846330715,278.1394748121064,276.9270288619723,277.8680419921875,46487100,0.0,0.0,0.0
2019-11-07,279.19810510600064,280.1752908251547,278.374722106779,278.84521484375,54272300,0.0,0.0,0.0
2019-11-08,278.5014892098723,279.5872760844092,277.80479299321394,279.5329895019531,49032100,0.0,0.0,0.0
2019-11-11,278.15764546419433,279.1710316821398,278.0219014138559,278.9991149902344,35797300,0.0,0.0,0.0
2019-11-12,279.36101598647036,280.4829752793879,278.8181226595838,279.58721923828125,46484600,0.0,0.0,0.0
2019-11-13,278.60091337809416,280.0757626644481,278.37471017743115,279.6776428222656,53917700,0.0,0.0,0.0
2019-11-14,279.3971693561255,280.16626580577037,278.76378931225406,280.0848083496094,51219900,0.0,0.0,0.0
2019-11-15,281.41487922509714,282.1568323800713,280.7272402441399,282.1116027832031,62023600,0.0,0.0,0.0
2019-11-18,281.8763831472396,282.5549928740358,281.4239766627088,282.3197326660156,49228000,0.0,0.0,0.0
2019-11-19,282.9168603339979,282.9259172980814,281.5958413744846,282.2382507324219,67804700,0.0,0.0,0.0
2019-11-20,281.6501841603827,282.16593418758833,279.6414982342091,281.188720703125,79406200,0.0,0.0,0.0
2019-11-21,281.2972742396407,281.40584736131234,279.9400549933533,280.73626708984375,54664700,0.0,0.0,0.0
2019-11-22,281.4782563218255,281.6139727413129,280.3562971037963,281.3606262207031,44850200,0.0,0.0,0.0
2019-11-25,282.2835536082596,283.5412292480469,282.2835536082596,283.5412292480469,48647200,0.0,0.0,0.0
2019-11-26,283.57735418105585,284.36453681913287,283.26066421065786,284.1835632324219,37569000,0.0,0.0,0.0
2019-11-27,284.66313758126563,285.4503479003906,284.4459913485111,285.4503479003906,44444600,0.0,0.0,0.0
2019-11-29,284.88942079536815,285.13373798853377,284.1655814077503,284.39178466796875,36592700,0.0,0.0,0.0
2019-12-02,284.64510327178596,284.7084468054774,281.55065843888804,281.9759216308594,75767800,0.0,0.0,0.0
2019-12-03,279.27048230227246,280.16626580577037,277.8951767026078,280.0848083496094,73941700,0.0,0.0,0.0
2019-12-04,281.1253493266502,282.41016804558075,280.78151604300257,281.81298828125,49080000,0.0,0.0,0.0
2019-12-05,282.5097632706629,282.52784958947194,281.01679978155096,282.3197326660156,40709000,0.0,0.0,0.0
2019-12-06,284.21976692547145,285.2964962702909,284.2107099622181,284.89837646484375,48927000,0.0,0.0,0.0
2019-12-09,284.5093480042442,285.17890066127535,283.93025453990657,284.0026550292969,34838500,0.0,0.0,0.0
2019-12-10,283.9484081271428,284.60890391207636,283.03453820665106,283.6860046386719,52649800,0.0,0.0,0.0
2019-12-11,284.1383512229646,284.7445879245337,283.6045150056367,284.4912414550781,53429100,0.0,0.0,0.0
2019-12-12,284.5003834172899,287.7215159236564,284.2651507821318,286.9433898925781,96389600,0.0,0.0,0.0
2019-12-13,286.7080880016024,288.33676795280417,285.93899143681557,287.1152648925781,81503900,0.0,0.0,0.0
2019-12-16,288.8343915151686,289.67586093311127,287.051908896003,289.0877380371094,82749700,0.0,0.0,0.0
2019-12-17,289.4677214948956,289.7662975676277,289.0696016561228,289.1510314941406,61097700,0.0,0.0,0.0
2019-12-18,289.54022721792916,289.7664305204432,289.11496390469455,289.16925048828125,48133000,0.0,0.0,0.0
2019-12-19,289.3592531702932,290.4269537424869,289.1059065763015,290.35455322265625,85310500,0.0,0.0,0.0
2019-12-20,291.3819535421016,292.75494738566266,290.40906475574155,291.6274719238281,147142100,1.57,0.0,0.0
2019-12-23,292.409389830018,292.4639432977859,291.92748236576335,292.0729675292969,52990000,0.0,0.0,0.0
2019-12-24,292.30030617360654,292.3457581508804,291.78202044007725,292.08209228515625,20270000,0.0,0.0,0.0
2019-12-26,292.46397718322146,293.6460338682152,292.454903436514,293.6369323730469,30911200,0.0,0.0,0.0
2019-12-27,294.3643330916827,294.4188865662466,293.0368189631918,293.5641784667969,42528800,0.0,0.0,0.0
2019-12-30,293.64605176946776,293.7824354630033,291.46380167904823,291.9457092285156,49729100,0.0,0.0,0.0
2019-12-31,291.4455407994425,292.9003645160912,291.10001704503725,292.65484619140625,57077300,0.0,0.0,0.0
2020-01-02,294.1824790593536,295.4099876573277,293.2641160474281,295.39178466796875,59151200,0.0,0.0,0.0
2020-01-03,292.0183611242532,294.27333912755284,291.9638076663748,293.1549377441406,77709700,0.0,0.0,0.0
2020-01-06,291.409120379463,294.35514560991527,291.2909119807616,294.2733154296875,55653900,0.0,0.0,0.0
2020-01-07,293.7097413868115,294.18257528946225,293.0005182813039,293.4460754394531,40496400,0.0,0.0,0.0
2020-01-08,293.6368636547452,296.2191625683041,293.39137307879764,295.0098571777344,68296000,0.0,0.0,0.0
2020-01-09,296.56469419323554,297.08297983800134,295.9827535924202,297.0102233886719,48473300,0.0,0.0,0.0
2020-01-10,297.59222743504785,297.7467863630279,295.69187408088,296.15557861328125,53029300,0.0,0.0,0.0
2020-01-13,296.77384567647033,298.20136500493834,296.34649170275594,298.1922912597656,47086800,0.0,0.0,0.0
2020-01-14,297.75584613787055,298.80149124864306,297.18300698847196,297.7376708984375,62832800,0.0,0.0,0.0
2020-01-15,297.6468374784499,299.16528905194366,297.5650072512976,298.4106140136719,72056600,0.0,0.0,0.0
2020-01-16,299.7835221460508,300.892822265625,299.5562067752238,300.892822265625,54050300,0.0,0.0,0.0
2020-01-17,301.602060838024,302.0384886137536,300.8291829872231,301.8293762207031,95846000,0.0,0.0,0.0
2020-01-21,300.87464321259114,302.03849689387584,300.80191449746235,301.23834228515625,77742400,0.0,0.0,0.0
2020-01-22,302.09307968566543,302.7386754317191,301.1201908155379,301.2747497558594,48914900,0.0,0.0,0.0
2020-01-23,300.62908667410085,302.02935693237424,299.51978670947346,301.62017822265625,51963000,0.0,0.0,0.0
2020-01-24,302.27486782213623,302.3566980198879,297.6558042825811,298.9378662109375,87578400,0.0,0.0,0.0
2020-01-27,293.71876411583315,295.6191174690561,293.38234177437914,294.1461181640625,84062500,0.0,0.0,0.0
2020-01-28,295.56449078822,298.1013377120743,294.2369769931781,297.22845458984375,63834000,0.0,0.0,0.0
2020-01-29,298.5832802273967,298.8105955905337,296.78293256190744,296.98297119140625,53888900,0.0,0.0,0.0
2020-01-30,294.9280227504924,298.1559174611264,294.18244947017035,297.94677734375,75491800,0.0,0.0,0.0
2020-01-31,297.3285107663314,297.4830974307918,291.6274511456699,292.5367126464844,113845600,0.0,0.0,0.0
2020-02-03,294.0097783777118,296.5648015533711,293.89156991609985,294.70989990234375,69083000,0.0,0.0,0.0
2020-02-04,298.3014390790439,300.06540868055777,297.9831919914277,299.20159912109375,62573200,0.0,0.0,0.0
2020-02-05,302.1202469180403,302.8658478554075,300.6654510138987,302.6567077636719,65951100,0.0,0.0,0.0
2020-02-06,303.611485421549,303.866077510334,302.6021908116986,303.6751403808594,50359700,0.0,0.0,0.0
2020-02-07,302.6204088136821,303.6842291934215,301.5111087114118,302.0566711425781,64139400,0.0,0.0,0.0
2020-02-10,301.1747098442984,304.3753004752346,301.1383316131343,304.3116455078125,42070000,0.0,0.0,0.0
2020-02-11,305.65741077579145,306.43936250413543,304.31169349511373,304.8390808105469,54864500,0.0,0.0,0.0
2020-02-12,306.26661175456127,307.0122130217113,305.9029126176601,306.8031005859375,43992700,0.0,0.0,0.0
2020-02-13,305.3845525961196,307.43949245570366,305.11178524682026,306.4756774902344,54501900,0.0,0.0,0.0
2020-02-14,306.884783584121,307.08482217571895,305.6936535268408,306.96661376953125,64582200,0.0,0.0,0.0
2020-02-18,305.9754985333176,307.03024486630665,304.7934423117239,306.175537109375,57226200,0.0,0.0,0.0
2020-02-19,307.13953505558163,308.3124627370633,306.8576661322674,307.6396179199219,48814700,0.0,0.0,0.0
2020-02-20,307.0939373986902,307.9122948602321,303.4023383220383,306.3756408691406,74163400,0.0,0.0,0.0
2020-02-21,305.02997213526146,305.33911773127744,302.40219294643487,303.2205505371094,113788200,0.0,0.0,0.0
2020-02-24,293.8187012092157,303.2931881390229,292.09108259097366,293.1640319824219,161088400,0.0,0.0,0.0
2020-02-25,294.54617947757,295.15536915780245,283.40772583983846,284.2806091308594,218913200,0.0,0.0,0.0
2020-02-26,285.6717381934317,289.24512881329986,282.5075263003692,283.23492431640625,194773800,0.0,0.0,0.0
2020-02-27,277.7429540817692,283.28945366437136,270.51434326171875,270.51434326171875,284353500,0.0,0.0,0.0
2020-02-28,262.5037634964114,270.8598775435434,259.63049429346006,269.3777770996094,384975800,0.0,0.0,0.0
2020-03-02,271.1509881239974,281.1074172007664,267.7412559399631,281.04376220703125,238703600,0.0,0.0,0.0
2020-03-03,281.4163813351624,285.36257217334344,270.5689003394488,272.9966125488281,300139100,0.0,0.0,0.0
2020-03-04,278.343143597917,284.68979925998445,275.8062960824147,284.4715576171875,176613400,0.0,0.0,0.0
2020-03-05,277.30652348973354,280.4798365727048,272.78749368251545,275.0151672363281,186366800,0.0,0.0,0.0
2020-03-06,266.5500781925707,271.6692263180458,263.8950494044823,270.468994140625,228667200,0.0,0.0,0.0
2020-03-09,250.3195986054833,258.4029440361676,248.63748757520577,249.34671020507812,309417300,0.0,0.0,0.0
2020-03-10,258.81222939877176,262.3401410197597,248.68304208033334,262.2492370605469,276444100,0.0,0.0,0.0
2020-03-11,255.22966117610898,256.3571363225931,246.30070843969554,249.4649200439453,255316300,0.0,0.0,0.0
2020-03-12,232.7708879697631,242.46361655644327,225.20582745111727,225.59681701660156,392220700,0.0,0.0,0.0
2020-03-13,239.21757012675997,246.84628632830442,225.9696392013214,244.8822784423828,329566100,0.0,0.0,0.0
2020-03-16,219.29570095436807,233.58929408558546,215.82232893733405,218.08639526367188,297240000,0.0,0.0,0.0
2020-03-17,222.8054346579501,232.92553359423098,215.55863317608555,229.86131286621094,262070500,0.0,0.0,0.0
2020-03-18,214.81301736831665,225.83326169260155,207.32979952636524,218.22274780273438,327597100,0.0,0.0,0.0
2020-03-19,217.54079799071988,224.93309788570622,211.14869122239375,218.68646240234375,289322000,0.0,0.0,0.0
2020-03-20,221.8199425120468,223.59428478802053,208.98798960588374,209.2623748779297,347158800,1.406,0.0,0.0
2020-03-23,208.7044633697625,210.06722076037724,199.62239599139812,203.9119110107422,326025200,0.0,0.0,0.0
2020-03-24,214.4024524745698,223.25586710368103,213.83539985668068,222.38697814941406,235494500,0.0,0.0,0.0
2020-03-25,223.96015532202549,234.4598698434644,219.27736476148922,225.71620178222656,299430300,0.0,0.0,0.0
2020-03-26,228.2130153545227,240.35899576162524,227.78314843419415,238.89564514160156,257632800,0.0,0.0,0.0
2020-03-27,231.642782637783,238.53892113190597,229.612351668667,231.77996826171875,224341200,0.0,0.0,0.0
2020-03-30,233.8653195877224,240.02062901450944,231.88062142056566,239.30723571777344,171369500,0.0,0.0,0.0
2020-03-31,238.31029629114397,240.84375080740338,234.3409002868605,235.74024963378906,194881100,0.0,0.0,0.0
2020-04-01,226.80450224256688,235.65791549819306,223.07289969242476,225.13076782226562,189554600,0.0,0.0,0.0
2020-04-02,224.25280722102684,231.1032143313986,223.70403666870678,230.3258056640625,177660400,0.0,0.0,0.0
2020-04-03,229.34711754420925,231.68852595625552,224.28019491212171,226.99658203125,135561200,0.0,0.0,0.0
2020-04-06,235.82256381439876,244.20037788059636,226.9783046122972,242.24310302734375,188061200,0.0,0.0,0.0
2020-04-07,250.79474370469424,251.54472923812475,242.27061523602737,242.4901123046875,201427200,0.0,0.0,0.0
2020-04-08,245.0784176857371,252.43187579591768,242.5998371553158,250.63009643554688,153774500,0.0,0.0,0.0
2020-04-09,253.87691974147597,257.1878247130065,251.94710992928742,254.44400024414062,189999200,0.0,0.0,0.0
2020-04-13,253.4745408871483,253.81294146989543,248.23382562674,252.12091064453125,114839100,0.0,0.0,0.0
2020-04-14,256.98659409583337,260.57184221885353,251.9836866702338,259.556640625,134143400,0.0,0.0,0.0
2020-04-15,253.86780241088192,259.6938521248178,251.9379646127904,254.0415802001953,121775000,0.0,0.0,0.0
2020-04-16,255.3128853851821,256.1177451046748,252.21237795625973,255.2671661376953,131798300,0.0,0.0,0.0
2020-04-17,261.01085394981624,262.7668858033959,258.28531186903615,262.16326904296875,146684800,0.0,0.0,0.0
2020-04-20,258.47732359770725,262.3004058085209,257.32493663084665,257.54443359375,100109300,0.0,0.0,0.0
2020-04-21,253.09951557714862,254.29764998369734,248.79169122738585,249.724609375,126385700,0.0,0.0,0.0
2020-04-22,254.58120995562248,257.0049162166208,253.26417185311237,255.2671661376953,92951600,0.0,0.0,0.0
2020-04-23,256.5384105522482,259.69381958213233,254.94700143019716,255.24880981445312,104709700,0.0,0.0,0.0
2020-04-24,256.7579880798874,259.47437574126815,254.7184016023535,258.80670166015625,85063200,0.0,0.0,0.0
2020-04-27,260.77308193998005,263.6540921481232,260.31577784625483,262.53826904296875,77896600,0.0,0.0,0.0
2020-04-28,266.16937494247696,266.5169306635671,261.02927926523023,261.33111572265625,105270000,0.0,0.0,0.0
2020-04-29,266.6357062557457,269.6996490647606,265.6113496189512,268.1722412109375,118745600,0.0,0.0,0.0
2020-04-30,266.8003959721668,268.27292994080307,263.9468223645414,265.6754455566406,122901700,0.0,0.0,0.0
2020-05-01,260.9468619298038,265.8400213562658,257.4804890548701,258.6420593261719,125180000,0.0,0.0,0.0
2020-05-04,256.7670513399849,259.657216085898,255.2945457981982,259.35540771484375,80873200,0.0,0.0,0.0
2020-05-05,262.1633243825663,264.5504385375619,259.4835009746892,261.7517395019531,79569900,0.0,0.0,0.0
2020-05-06,263.44379036734006,263.82791023422936,259.5475499619621,259.9774169921875,73632600,0.0,0.0,0.0
2020-05-07,263.1785007061858,265.03515417332994,262.6114481071013,263.1144714355469,75250400,0.0,0.0,0.0
2020-05-08,266.2332605798592,267.9344461094257,265.10828260205517,267.4679870605469,76452400,0.0,0.0,0.0
2020-05-11,265.5473311983813,268.89480043068914,265.12661925786074,267.52288818359375,79514200,0.0,0.0,0.0
2020-05-12,268.7027718058145,269.1143287808688,262.05355181087856,262.1907653808594,95870800,0.0,0.0,0.0
2020-05-13,261.6327942663051,262.66630589864803,255.1390710892638,257.55364990234375,144721100,0.0,0.0,0.0
2020-05-14,255.12999344010436,260.7639559394108,249.67890794003233,260.63592529296875,121977900,0.0,0.0,0.0
2020-05-15,258.25786364656517,261.87970361161774,257.3158184969402,261.833984375,111146300,0.0,0.0,0.0
2020-05-18,268.0259508942396,271.4100127656581,267.70586031884966,269.8094482421875,119703800,0.0,0.0,0.0
2020-05-19,269.2149804032603,270.9161385808999,267.01992588852465,267.0382080078125,95189300,0.0,0.0,0.0
2020-05-20,270.5593529321453,272.43428822067204,270.3307009256605,271.5745544433594,85861700,0.0,0.0,0.0
2020-05-21,271.4465508488892,272.25141045767714,268.6112601039771,269.69964599609375,78293900,0.0,0.0,0.0
2020-05-22,269.4161483468762,270.3856308209663,268.18142167542106,270.21185302734375,63958200,0.0,0.0,0.0
2020-05-26,276.1477470734821,276.38555422327244,270.2302287612871,273.5411071777344,88951400,0.0,0.0,0.0
2020-05-27,276.32148280283,277.647676135296,271.5197887469561,277.611083984375,104817400,0.0,0.0,0.0
2020-05-28,278.6353508202171,280.6383447830718,276.4311419598092,277.09881591796875,90405200,0.0,0.0,0.0
2020-05-29,276.6323411356739,278.9188612453655,273.8976720162019,278.3335266113281,119090800,0.0,0.0,0.0
2020-06-01,277.69336979462093,280.06220196111565,277.18119137546694,279.45855712890625,55758300,0.0,0.0,0.0
2020-06-02,280.3731419784623,281.8182386135936,279.04697679082,281.7724914550781,74267200,0.0,0.0,0.0
2020-06-03,283.7479363333264,286.4734778309987,283.4735651372863,285.52227783203125,92567600,0.0,0.0,0.0
2020-06-04,284.54374784901324,286.27237076977303,282.6870942924348,284.77239990234375,75794400,0.0,0.0,0.0
2020-06-05,290.1412648994032,293.8362631480709,290.0772356055231,292.0710754394531,150524700,0.0,0.0,0.0
2020-06-08,292.87586716507536,295.79346983737577,292.33625162443076,295.6014099121094,73641200,0.0,0.0,0.0
2020-06-09,292.9489787890649,295.6745211196793,292.08924489657664,293.39715576171875,77479200,0.0,0.0,0.0
2020-06-10,293.97334309587063,294.86051405519015,291.0465860578865,291.7599792480469,95000800,0.0,0.0,0.0
2020-06-11,284.8639052224834,285.49498720882065,274.3916564962647,274.9403991699219,209243600,0.0,0.0,0.0
2020-06-12,281.91877952210046,282.68704694321315,273.10197233651155,278.23291015625,194678900,0.0,0.0,0.0
2020-06-15,272.57150356014085,281.9553918611026,271.4008062757648,280.8304138183594,135782700,0.0,0.0,0.0
2020-06-16,288.5405786077651,288.68691925578287,281.3974914516678,286.2357482910156,137627500,0.0,0.0,0.0
2020-06-17,287.2509617160601,287.5436429956931,284.3150497306048,285.0467529296875,83398900,0.0,0.0,0.0
2020-06-18,283.53764795491,285.6320802741514,283.08034393403454,285.156494140625,80828700,0.0,0.0,0.0
2020-06-19,288.60695612206905,288.7998612118977,281.5885862007756,283.52691650390625,135549600,1.366,0.0,0.0
2020-06-22,282.92975500160884,285.740769602764,281.7906591077808,285.34576416015625,74649400,0.0,0.0,0.0
2020-06-23,287.98222696658627,288.910055192761,286.2551925803986,286.6593933105469,68471200,0.0,0.0,0.0
2020-06-24,284.6292778033308,285.2447743186567,277.51906654379894,279.3471374511719,132813500,0.0,0.0,0.0
2020-06-25,278.777527255436,282.60823878319684,276.7657189618887,282.3418273925781,89468000,0.0,0.0,0.0
2020-06-26,281.2487273580822,281.4600230740783,275.0571489247479,275.6358642578125,127961000,0.0,0.0,0.0
2020-06-29,276.88516190649545,279.82477053732015,274.6069420891826,279.6869812011719,79773300,0.0,0.0,0.0
2020-06-30,279.25529183832805,284.9600240795426,279.09913989679006,283.26971435546875,113394800,0.0,0.0,0.0
2020-07-01,284.3811913050776,286.5124263442875,283.921874858754,285.2538757324219,72396500,0.0,0.0,0.0
2020-07-02,288.6712626090192,290.01248714880245,286.16341213389586,286.8248291015625,69344200,0.0,0.0,0.0
2020-07-06,290.6279302554761,291.83133729460695,289.8838397361495,291.2525939941406,61713800,0.0,0.0,0.0
2020-07-07,289.71850628424903,291.68436650450917,287.87204481586895,288.2486877441406,82910000,0.0,0.0,0.0
2020-07-08,289.0111693645855,290.5636616711283,287.2566046728797,290.45343017578125,54638600,0.0,0.0,0.0
2020-07-09,291.0596644429372,291.29851798418645,285.40088203041387,288.7998352050781,83354200,0.0,0.0,0.0
2020-07-10,288.7355118423281,292.0150381063535,287.31164202517806,291.7486267089844,57550400,0.0,0.0,0.0
2020-07-13,294.08201958882603,296.45208065811465,288.5702209738263,289.2224426269531,102997500,0.0,0.0,0.0
2020-07-14,287.80771779411623,293.742107367341,286.61350606595687,292.970458984375,93657000,0.0,0.0,0.0
2020-07-15,296.176480597415,296.75522389579646,293.2919594068963,295.66204833984375,87196500,0.0,0.0,0.0
2020-07-16,293.76959959487846,295.13835353607965,293.1265454022012,294.688232421875,54622500,0.0,0.0,0.0
2020-07-17,295.6894955812784,296.32335438193155,293.72360816256963,295.5425109863281,62774900,0.0,0.0,0.0
2020-07-20,295.27619796890855,298.6751512770174,294.53210748290684,297.9310607910156,56308800,0.0,0.0,0.0
2020-07-21,299.8878672208876,300.32879328521204,297.58208854981956,298.5650329589844,57292200,0.0,0.0,0.0
2020-07-22,298.20664479704493,300.57673367466816,298.096413320775,300.2643737792969,57792900,0.0,0.0,0.0
2020-07-23,299.90620496361123,300.6043752202707,295.3222339145065,296.6817932128906,75738000,0.0,0.0,0.0
2020-07-24,294.8353071395609,295.79066538679007,293.2736196426377,294.77099609375,73766600,0.0,0.0,0.0
2020-07-27,295.45987888682316,297.0950441878384,294.66984008236017,296.9205017089844,48293000,0.0,0.0,0.0
2020-07-28,296.19487323057496,297.30643950213306,294.7434452210572,295.03741455078125,57495000,0.0,0.0,0.0
2020-07-29,295.9099951352713,299.22627414454865,295.8732419733669,298.6658935546875,48454200,0.0,0.0,0.0
2020-07-30,295.7080206878136,298.0137989847176,293.63192872476003,297.60040283203125,61861700,0.0,0.0,0.0
2020-07-31,299.38244795338665,300.0530600436379,295.1842889920088,299.9519958496094,84986800,0.0,0.0,0.0
2020-08-03,301.6055948819654,302.7998065744939,301.063604773236,302.037353515625,53077900,0.0,0.0,0.0
2020-08-04,301.18303648166886,303.20404052734375,301.18303648166886,303.20404052734375,41917900,0.0,0.0,0.0
2020-08-05,304.49921726773294,305.344371784248,304.23280590439856,305.0871276855469,42697700,0.0,0.0,0.0
2020-08-06,304.5084142775808,307.24592211226786,304.1868871868465,307.1264953613281,43679400,0.0,0.0,0.0
2020-08-07,306.16203189273534,307.631850428163,305.2617613816024,307.3470764160156,57308300,0.0,0.0,0.0
2020-08-10,307.79720470001274,308.4494263523326,305.8680695802584,308.2657165527344,44282100,0.0,0.0,0.0
2020-08-11,309.4416426943714,310.0755019345766,304.9954607430748,305.7211608886719,69601100,0.0,0.0,0.0
2020-08-12,308.14631518865264,310.7552300476463,308.1187573147163,309.98358154296875,53774400,0.0,0.0,0.0
2020-08-13,309.22096485372293,310.7275360608558,308.50443241079194,309.4230651855469,41816100,0.0,0.0,0.0
2020-08-14,309.0373065810643,309.9651348090941,308.31157871851264,309.43231201171875,47260400,0.0,0.0,0.0
2020-08-17,310.4428410719962,310.8102886684304,309.4415344570698,310.415283203125,35481000,0.0,0.0,0.0
2020-08-18,310.8103002489864,311.5084703323429,309.22105499298743,311.0859069824219,38733900,0.0,0.0,0.0
2020-08-19,311.46254034452477,311.97697263612196,309.2302686469379,309.7906494140625,68054200,0.0,0.0,0.0
2020-08-20,308.07270663056715,311.2328059543693,307.9441126063458,310.755126953125,42207800,0.0,0.0,0.0
2020-08-21,310.42444831688175,312.077976357265,310.0845305879196,311.8575134277344,55106600,0.0,0.0,0.0
2020-08-24,314.28274638944663,315.0911479893347,311.8300117530821,315.0176696777344,48588700,0.0,0.0,0.0
2020-08-25,315.57806592187154,316.2027297772164,314.4205791047331,316.12005615234375,38463400,0.0,0.0,0.0
2020-08-26,316.70788938447674,319.55562896318577,316.16589933451434,319.28924560546875,50790200,0.0,0.0,0.0
2020-08-27,320.1527409405033,321.4296260137834,318.3338378197821,319.98736572265625,58034100,0.0,0.0,0.0
2020-08-28,321.00706390510135,322.1829128264426,319.8220196842775,322.0542907714844,48588900,0.0,0.0,0.0
2020-08-31,321.84305088658607,322.715735344681,320.65800656366764,320.8876647949219,66099200,0.0,0.0,0.0
2020-09-01,321.71445732028485,324.0110398362748,320.8233821827026,323.9100036621094,54908700,0.0,0.0,0.0
2020-09-02,325.811514381806,329.559523949686,324.67239062235956,328.594970703125,69540000,0.0,0.0,0.0
2020-09-03,326.91396998023686,327.3824818511358,314.714523042197,317.2867126464844,148011100,0.0,0.0,0.0
2020-09-04,317.9664062807728,319.52806537103726,307.6225909820258,314.6960754394531,139156300,0.0,0.0,0.0
2020-09-08,309.31290219076556,314.76041705680797,305.79455021998007,306.0976867675781,114465300,0.0,0.0,0.0
2020-09-09,310.0845465588693,314.5950377875089,309.2210293277964,312.1423034667969,91462300,0.0,0.0,0.0
2020-09-10,314.0071032105712,314.65932471702587,305.76696501281884,306.72235107421875,90569500,0.0,0.0,0.0
2020-09-11,308.4952817454925,309.5517038864134,304.06746480466137,306.87847900390625,84680200,0.0,0.0,0.0
2020-09-14,310.0294570524929,312.6843200062255,307.02553709097856,310.9205322265625,65605700,0.0,0.0,0.0
2020-09-15,313.36401735020615,314.1907812662179,310.9296460285526,312.4913330078125,52920900,0.0,0.0,0.0
2020-09-16,313.7222840446239,315.1461536143187,310.97555301824104,311.25115966796875,82096000,0.0,0.0,0.0
2020-09-17,306.4191899701,310.2223436585627,305.89556248526213,308.513671875,91523300,0.0,0.0,0.0
2020-09-18,309.3151581691173,309.42583088639304,302.49006851927624,304.96185302734375,105877900,1.339,0.0,0.0
2020-09-21,300.3964860710057,301.71538308915785,296.73491293099994,301.56781005859375,99450800,0.0,0.0,0.0
2020-09-22,303.0435505779114,305.1925215366681,300.54406899885316,304.6391296386719,63612100,0.0,0.0,0.0
2020-09-23,305.1925142443561,305.4692242600831,297.076193756614,297.5742492675781,93112200,0.0,0.0,0.0
2020-09-24,296.26450432799584,301.4109832200537,294.9548113676943,298.36737060546875,76681300,0.0,0.0,0.0
2020-09-25,297.51886972503877,303.9750423791619,296.6519238635727,303.19110107421875,71069400,0.0,0.0,0.0
2020-09-28,307.3321647407757,308.9369752665523,306.3452862039653,308.226806640625,64584600,0.0,0.0,0.0
2020-09-29,308.0239809607782,308.76181796353166,305.85654606350835,306.54827880859375,51304000,0.0,0.0,0.0
2020-09-30,307.2124132574435,312.00843930642066,307.0187359258296,308.8725891113281,104081100,0.0,0.0,0.0
2020-10-01,311.4549953869998,312.4234100301672,308.9832103165565,310.8554992675781,88698700,0.0,0.0,0.0
2020-10-02,305.9303537431645,310.827819440157,305.4599664586662,307.9040832519531,89431100,0.0,0.0,0.0
2020-10-05,309.9514558589939,313.54845875978026,309.90535162368354,313.364013671875,45713100,0.0,0.0,0.0
2020-10-06,313.5024469624945,315.58687691174333,308.402072950753,308.9093322753906,90128900,0.0,0.0,0.0
2020-10-07,311.8514346659281,315.0887515856867,311.8237664933945,314.2863464355469,56999600,0.0,0.0,0.0
2020-10-08,316.2140356726997,317.136345808454,315.30092949856623,317.07177734375,45242500,0.0,0.0,0.0
2020-10-09,318.7135625963804,320.36450600551524,318.09563042343444,319.9033508300781,59528600,0.0,0.0,0.0
2020-10-12,322.4304166025766,326.51624399741416,321.9415933267458,325.0497741699219,80388500,0.0,0.0,0.0
2020-10-13,324.9114587531888,325.08669995512446,321.96928675859624,322.9284973144531,73255500,0.0,0.0,0.0
2020-10-14,323.50033584861643,324.5886552411015,320.1708091953333,320.8994140625,57727900,0.0,0.0,0.0
2020-10-15,317.0073043045326,320.9824599345007,316.4723766493068,320.50286865234375,60357700,0.0,0.0,0.0
2020-10-16,321.849416126788,323.5003595562706,320.13393236342415,320.3091735839844,89501900,0.0,0.0,0.0
2020-10-19,321.5635185712875,322.19068289440474,314.5447498669606,315.43939208984375,68425600,0.0,0.0,0.0
2020-10-20,316.77662276612375,319.9309357295135,316.02034986675716,316.7028503417969,60051900,0.0,0.0,0.0
2020-10-21,316.6566960303583,318.81492630925965,315.7989544419074,316.10333251953125,63575000,0.0,0.0,0.0
2020-10-22,316.3154741888246,318.4183401585938,314.1849400410323,317.8372802734375,55399300,0.0,0.0,0.0
2020-10-23,319.0547227201215,319.1100590737951,316.4722657264527,318.9163818359375,49143900,0.0,0.0,0.0
2020-10-26,315.54994772507445,316.3339169113556,309.54570018199115,313.0228271484375,91473000,0.0,0.0,0.0
2020-10-27,313.36415234517256,313.69617053832854,311.73164512212657,311.94378662109375,65994100,0.0,0.0,0.0
2020-10-28,306.2992612343689,311.9714640421637,300.79306752806804,301.2818908691406,127094300,0.0,0.0,0.0
2020-10-29,301.5124642403669,307.49824909412393,299.83385273532434,304.3439636230469,90597700,0.0,0.0,0.0
2020-10-30,302.77604515722487,304.07650614801975,297.5373290450951,301.1712341308594,120287300,0.0,0.0,0.0
2020-11-02,304.546875,306.5390404964642,301.8168162223565,304.546875,86068300,0.0,0.0,0.0
2020-11-03,307.76574732319943,311.97148032731906,304.6298977179073,309.9239501953125,93294200,0.0,0.0,0.0
2020-11-04,314.3786813421589,320.90865415281115,313.2073573716277,316.8504943847656,126959700,0.0,0.0,0.0
2020-11-05,322.1076883413508,324.82851539196406,321.75720587146236,323.0299987792969,82039700,0.0,0.0,0.0
2020-11-06,322.7440352568417,324.20130128726,320.64116890696374,322.9561767578125,74973000,0.0,0.0,0.0
2020-11-09,335.69328670949596,336.0714373165098,326.55318810389855,327.01434326171875,172304200,0.0,0.0,0.0
2020-11-10,326.02747194823814,327.58617866916313,323.27900515845005,326.5347595214844,85552000,0.0,0.0,0.0
2020-11-11,328.7114074071208,329.78129080470626,327.47551489956834,328.96044921875,58649000,0.0,0.0,0.0
2020-11-12,327.9551277906034,329.00657518311715,323.9707681551481,325.7692565917969,67546200,0.0,0.0,0.0
2020-11-13,327.6692037314988,331.0171949671076,327.1527121622969,330.27935791015625,62892200,0.0,0.0,0.0
2020-11-16,332.9355686346887,334.59571584824243,331.65354385962263,334.40203857421875,74541100,0.0,0.0,0.0
2020-11-17,332.00398913327604,333.802505202386,330.5006190703116,332.6034851074219,66111000,0.0,0.0,0.0
2020-11-18,332.8709782269809,333.4151378683076,328.5637772011029,328.6006774902344,70591300,0.0,0.0,0.0
2020-11-19,327.9735014478599,330.3530492973279,326.63614044527395,329.984130859375,59940900,0.0,0.0,0.0
2020-11-20,329.7258515150102,329.92876085719394,327.6506538481325,327.72442626953125,70417300,0.0,0.0,0.0
2020-11-23,329.5230167831691,330.94338250005325,327.3002456235461,329.68902587890625,63230600,0.0,0.0,0.0
2020-11-24,332.2253025253493,335.54562440759986,331.37679302285005,335.00146484375,62415900,0.0,0.0,0.0
2020-11-25,334.9185027829936,334.9461709627428,333.396696603441,334.4850158691406,45330900,0.0,0.0,0.0
2020-11-27,335.5733419142613,335.88692400664513,334.4112220479706,335.41656494140625,28514100,0.0,0.0,0.0
2020-11-30,334.6417787889506,334.90925661307836,331.26614841458024,333.9316101074219,83872700,0.0,0.0,0.0
2020-12-01,337.16896165443563,339.1150227531008,336.57866958962217,337.583984375,74231400,0.0,0.0,0.0
2020-12-02,336.4772371080401,338.45096643579234,335.90540924809943,338.294189453125,45927000,0.0,0.0,0.0
2020-12-03,338.19276373886237,339.5854614210643,337.1044442445208,338.2019958496094,62882000,0.0,0.0,0.0
2020-12-04,338.7829809388243,341.1164245605469,338.69074429179847,341.1164245605469,50749900,0.0,0.0,0.0
2020-12-07,340.3509588633568,340.9043507086095,339.151966654208,340.41552734375,48944300,0.0,0.0,0.0
2020-12-08,339.15188893607467,341.97415573878243,339.10578468731796,341.41156005859375,42458900,0.0,0.0,0.0
2020-12-09,342.0664578235537,342.22323481665705,337.51947467671783,338.34954833984375,74098300,0.0,0.0,0.0
2020-12-10,336.9845044596191,339.2810480632366,336.1175305396437,338.2388610839844,57735400,0.0,0.0,0.0
2020-12-11,336.5510562374535,338.24810398025454,335.03848183162887,337.84228515625,57698600,0.0,0.0,0.0
2020-12-14,340.00048656717314,341.070341758888,336.15444018565523,336.3296813964844,69216200,0.0,0.0,0.0
2020-12-15,338.8567862142581,340.87664794921875,337.49178503398645,340.87664794921875,63865300,0.0,0.0,0.0
2020-12-16,341.0887458772807,342.32463809868386,340.2125399775271,341.41156005859375,58420500,0.0,0.0,0.0
2020-12-17,343.0440579448397,343.52364911590456,342.2231883566635,343.32073974609375,64119500,0.0,0.0,0.0
2020-12-18,343.6079012926033,343.77461802271546,339.949235092986,341.9499206542969,136542300,1.58,0.0,0.0
2020-12-21,338.0505010968188,350.54549505048345,335.32734770004896,340.7273254394531,96386700,0.0,0.0,0.0
2020-12-22,341.0514401770329,341.1625846556748,339.03224010396457,340.1529846191406,47949000,0.0,0.0,0.0
2020-12-23,341.11642521841424,342.3575861886057,340.1346108947305,340.45880126953125,46201400,0.0,0.0,0.0
2020-12-24,340.9310482842166,341.8109892466204,340.3475397301883,341.783203125,26457900,0.0,0.0,0.0
2020-12-28,344.32114641440614,345.10845766342516,343.7005801859581,344.7194519042969,39000400,0.0,0.0,0.0
2020-12-29,346.2384721497358,346.41446036686983,343.47826119327533,344.0617980957031,53680500,0.0,0.0,0.0
2020-12-30,344.8768330723695,345.580785813549,344.1636371354638,344.5526428222656,49455300,0.0,0.0,0.0
2020-12-31,344.3581702862446,347.02575115427703,343.8487486102848,346.30328369140625,78520700,0.0,0.0,0.0
2021-01-04,347.6278318976167,347.75751932664036,337.9115637845254,341.5887451171875,110210800,0.0,0.0,0.0
2021-01-05,340.94957212585825,345.02502991311206,340.90324308131426,343.9413146972656,66426200,0.0,0.0,0.0
2021-01-06,342.4408544416183,349.17465054566816,341.8943751612788,345.99761962890625,107997700,0.0,0.0,0.0
2021-01-07,348.3594891696927,351.87919612243684,348.1835009953903,351.1382141113281,68766800,0.0,0.0,0.0
2021-01-08,352.51826071767914,353.3518724418389,349.2856868214086,353.13885498046875,71677200,0.0,0.0,0.0
2021-01-11,349.9804442235394,352.5090660622088,349.8600282756686,350.75848388671875,51034700,0.0,0.0,0.0
2021-01-12,350.9437227941285,351.8421500854146,348.600304213812,350.8325500488281,52547700,0.0,0.0,0.0
2021-01-13,350.7585330833306,352.7684620951219,349.98049331102504,351.77740478515625,45303600,0.0,0.0,0.0
2021-01-14,352.51837079015854,353.0185492874925,350.2120377042884,350.54547119140625,49989100,0.0,0.0,0.0
2021-01-15,348.9338006185688,349.73035497253096,346.1365606500185,347.9890441894531,107160000,0.0,0.0,0.0
2021-01-19,350.43430286360933,351.25867159512734,348.9615818623468,350.721435546875,51233300,0.0,0.0,0.0
2021-01-20,353.00000232397593,356.40859366437286,352.6109965934532,355.5749816894531,61836100,0.0,0.0,0.0
2021-01-21,356.130608241486,356.5566997109328,354.982077752793,355.8990478515625,47840100,0.0,0.0,0.0
2021-01-22,354.0559284746663,355.79726758341997,353.676165944212,354.63946533203125,52860500,0.0,0.0,0.0
2021-01-25,355.37122119584785,356.39006461227206,350.5454808302178,356.0381164550781,70402000,0.0,0.0,0.0
2021-01-26,356.9828067931668,357.390355390859,355.2507393863011,355.4822998046875,42665300,0.0,0.0,0.0
2021-01-27,352.1755899701056,352.26821978545763,344.5711541827748,346.79412841796875,123351100,0.0,0.0,0.0
2021-01-28,348.6003272642872,353.7595005336595,348.1650207830178,349.77667236328125,94198100,0.0,0.0,0.0
2021-01-29,347.92416289657984,348.88746214768764,341.1070095092321,342.7742614746094,126765100,0.0,0.0,0.0
2021-02-01,346.1550740721614,349.5080647438886,343.0614299643618,348.4799499511719,75817600,0.0,0.0,0.0
2021-02-02,351.64773878123896,354.95442921499745,348.5633656292974,353.4075927734375,64450700,0.0,0.0,0.0
2021-02-03,354.23184292640985,355.39891639815266,352.41641728887157,353.68536376953125,52427100,0.0,0.0,0.0
2021-02-04,354.7135208194631,357.75159252733863,353.79655056291546,357.7052917480469,47142600,0.0,0.0,0.0
2021-02-05,359.5670979432602,359.8171730670878,357.6590419911168,359.11322021484375,48669800,0.0,0.0,0.0
2021-02-08,360.55816692019795,361.75302686161535,359.7060402188195,361.70672607421875,38365200,0.0,0.0,0.0
2021-02-09,360.8730425291398,362.05865913101644,360.4655221555642,361.4658508300781,35551100,0.0,0.0,0.0
2021-02-10,363.19785991334857,363.34606196471054,358.91862814688085,361.3083190917969,59154400,0.0,0.0,0.0
2021-02-11,362.3827831768322,362.7996032364326,359.4743990216484,361.8918762207031,42913300,0.0,0.0,0.0
2021-02-12,361.09537339619646,363.92039959528154,361.0212582224557,363.6795959472656,50593300,0.0,0.0,0.0
2021-02-16,364.9022500003414,365.09678115079834,362.65148897356323,363.36468505859375,50972400,0.0,0.0,0.0
2021-02-17,361.62333111241526,363.69810367108147,360.6137026893847,363.4480285644531,52290600,0.0,0.0,0.0
2021-02-18,360.8545567926999,362.6421967685174,359.1410037271101,361.9012145996094,59712800,0.0,0.0,0.0
2021-02-19,363.1515647766669,363.4386974223099,360.817417764793,361.26202392578125,83241000,0.0,0.0,0.0
2021-02-22,358.5111540436584,360.88233082469856,358.21474987936415,358.4833679199219,67414200,0.0,0.0,0.0
2021-02-23,356.2881172371343,360.26170183872983,352.15708738402975,358.91864013671875,107284100,0.0,0.0,0.0
2021-02-24,357.83496090759934,363.2998098164091,356.85314691923423,362.87371826171875,72433900,0.0,0.0,0.0
2021-02-25,361.61402308071797,362.97559950131625,352.69431104645696,354.1299743652344,146670500,0.0,0.0,0.0
2021-02-26,356.00102164898425,357.1402809088511,350.33242667147107,352.3052978515625,152701600,0.0,0.0,0.0
2021-03-01,357.1496102666347,362.0864954151904,352.4998861119535,360.8453063964844,105348800,0.0,0.0,0.0
2021-03-02,361.0675516711816,361.29911209964035,357.5293015403347,358.02947998046875,79595300,0.0,0.0,0.0
2021-03-03,357.33478094068346,358.2980519232204,353.18520809288117,353.287109375,119940200,0.0,0.0,0.0
2021-03-04,353.1019475606932,355.6768989799336,344.45085137854505,348.91534423828125,183433000,0.0,0.0,0.0
2021-03-05,352.3978775655479,356.3807334772414,345.15468960580324,355.3340759277344,152039600,0.0,0.0,0.0
2021-03-08,356.2881246989713,359.0853643704964,353.28711072907987,353.5649719238281,123149200,0.0,0.0,0.0
2021-03-09,357.3903303667505,361.15086903670385,356.8901519833952,358.61297607421875,113633600,0.0,0.0,0.0
2021-03-10,360.94720770398686,362.53107343582826,359.53933019420117,360.8453063964844,109899400,0.0,0.0,0.0
2021-03-11,363.2997424761979,366.46747282760145,362.84586488395325,364.50384521484375,86245000,0.0,0.0,0.0
2021-03-12,363.15156966022903,365.1337120879891,362.3457439492556,364.9947814941406,64653600,0.0,0.0,0.0
2021-03-15,365.24491005005603,367.4308553577761,363.11456525466946,367.1715087890625,73427200,0.0,0.0,0.0
2021-03-16,367.7828178436457,368.48674235114737,365.9395775428918,366.7083740234375,73722500,0.0,0.0,0.0
2021-03-17,365.4301208451546,368.7553250112462,364.2908334278087,367.9587707519531,97959300,0.0,0.0,0.0
2021-03-18,365.38388907793455,367.45866174204525,361.92899685898453,362.60516357421875,115349100,0.0,0.0,0.0
2021-03-19,362.305939150035,363.87641702535865,359.76900680699566,361.9342346191406,113624500,1.278,0.0,0.0
2021-03-22,362.4453669969889,366.1996484223102,362.38961272882625,364.8243103027344,73778600,0.0,0.0,0.0
2021-03-23,364.19225443451546,365.6326196800884,361.1721099731542,361.95269775390625,90686600,0.0,0.0,0.0
2021-03-24,363.3466815716018,364.9729135223698,360.0663405424219,360.11279296875,97588600,0.0,0.0,0.0
2021-03-25,358.6816752192018,362.92844160622286,356.7487667963971,362.1385803222656,116128600,0.0,0.0,0.0
2021-03-26,363.28165959392123,368.3740994757526,362.68693802860713,367.9745178222656,114409100,0.0,0.0,0.0
2021-03-29,366.506230599657,368.6900335718035,365.02868604213734,367.78863525390625,108107600,0.0,0.0,0.0
2021-03-30,366.52488460429095,367.48203731173976,365.22387611248564,366.8129577636719,76262200,0.0,0.0,0.0
2021-03-31,367.3797091065585,369.8515849113352,367.3518319807586,368.2996826171875,112734200,0.0,0.0,0.0
2021-04-01,370.2232869937267,372.3327601495362,370.01884528609827,372.2769775390625,99682900,0.0,0.0,0.0
2021-04-05,374.92543787321307,378.1593264135541,374.85110832067795,377.6203308105469,91684800,0.0,0.0,0.0
2021-04-06,377.062782829176,378.43809222549146,376.72822894950895,377.3973083496094,62021000,0.0,0.0,0.0
2021-04-07,377.2301135360446,378.1779643738996,376.77477759813956,377.8341369628906,55836300,0.0,0.0,0.0
2021-04-08,379.07932488554803,379.6833482520154,378.1500494419872,379.6275939941406,57863100,0.0,0.0,0.0
2021-04-09,379.5067812528372,382.55480332633414,379.38597091748704,382.38751220703125,61104600,0.0,0.0,0.0
2021-04-12,381.7928419590288,382.79644701337315,381.1888185604451,382.5269775390625,56704900,0.0,0.0,0.0
2021-04-13,382.42472067416116,384.2832715540899,382.04371434066746,383.66064453125,56551000,0.0,0.0,0.0
2021-04-14,383.63277915671523,384.68286497352676,381.8114071791653,382.35040283203125,61659900,0.0,0.0,0.0
2021-04-15,384.4784328546867,386.7272920226282,384.43198042379737,386.4577941894531,60229800,0.0,0.0,0.0
2021-04-16,387.7401793717676,388.35350456848977,386.3276909048911,387.7494812011719,82037300,0.0,0.0,0.0
2021-04-19,386.82017754821817,387.26621157931834,384.52486623240225,385.84442138671875,78498500,0.0,0.0,0.0
2021-04-20,384.63633911111634,385.7328771483099,381.55113833869905,383.0194091796875,81851800,0.0,0.0,0.0
2021-04-21,382.4060920583846,386.8480269077358,382.26667807443886,386.6435852050781,66793000,0.0,0.0,0.0
2021-04-22,386.4763357663494,387.3033760742911,382.0529760615345,383.1123352050781,97582800,0.0,0.0,0.0
2021-04-23,383.6699137247093,388.66941970392514,383.5955841738986,387.2662048339844,73209200,0.0,0.0,0.0
2021-04-26,387.9167460859348,388.6415798025078,387.3312980150035,388.07470703125,52182400,0.0,0.0,0.0
2021-04-27,388.3720952177508,388.567263487537,386.85737164526927,387.9910888671875,51303100,0.0,0.0,0.0
2021-04-28,388.260553437065,389.375695263148,387.4149094181452,387.8795471191406,51238900,0.0,0.0,0.0
2021-04-29,390.5930305834243,390.96473505982385,386.9874376079578,390.3514099121094,78544300,0.0,0.0,0.0
2021-04-30,388.09338948839974,388.93903372264003,386.8946159740106,387.7867126464844,85527000,0.0,0.0,0.0
2021-05-03,389.76600704578584,390.1470133949862,388.1305014883067,388.6230163574219,68128300,0.0,0.0,0.0
2021-05-04,386.6436491697438,387.13616403136706,382.55484279938787,386.2254638671875,101591200,0.0,0.0,0.0
2021-05-05,387.8609452628347,388.0932640974251,385.7886510489646,386.3462219238281,60162200,0.0,0.0,0.0
2021-05-06,386.42058587094186,389.56154133168053,384.4226493874601,389.43145751953125,74321400,0.0,0.0,0.0
2021-05-07,390.1934809738354,392.9162512267745,389.5150996883385,392.2657470703125,67733800,0.0,0.0,0.0
2021-05-10,392.61884104470386,392.8418580569698,388.2605373215281,388.38134765625,81852400,0.0,0.0,0.0
2021-05-11,383.88370947193107,385.9002213981806,381.0587040499787,384.9151916503906,116888000,0.0,0.0,0.0
2021-05-12,382.14587663008854,383.40967737539506,375.4272062689719,376.73748779296875,134811000,0.0,0.0,0.0
2021-05-13,378.2802169243702,383.1867908493856,378.2337361298547,381.26318359375,106394000,0.0,0.0,0.0
2021-05-14,383.9858999881605,387.9631977718594,383.95802285908553,387.1175537109375,82201600,0.0,0.0,0.0
2021-05-17,386.0117253429356,386.94100075093894,384.12526903982337,386.13250732421875,65129200,0.0,0.0,0.0
2021-05-18,386.39271466558824,386.6343353537289,382.6477357955868,382.80572509765625,59810200,0.0,0.0,0.0
2021-05-19,378.1407743642917,381.9786581081242,376.66320145918377,381.8020935058594,106467100,0.0,0.0,0.0
2021-05-20,382.6756568033617,387.1640735518261,382.5548748046777,385.9095458984375,78022200,0.0,0.0,0.0
2021-05-21,387.3870310910262,388.6229832530187,385.1382005063425,385.5935363769531,76578700,0.0,0.0,0.0
2021-05-24,387.8238544432402,390.5931057902049,387.5822337254024,389.5244445800781,51376700,0.0,0.0,0.0
2021-05-25,390.60230787289504,390.95543705465997,388.08397953448286,388.6601257324219,57451400,0.0,0.0,0.0
2021-05-26,389.2455910916205,389.93324582826676,388.2141089866511,389.43145751953125,43088600,0.0,0.0,0.0
2021-05-27,390.4536005107807,390.9646905627569,389.35703414524056,389.6358337402344,56707700,0.0,0.0,0.0
2021-05-28,391.19704397355315,391.4572399363522,390.10050587027376,390.33282470703125,58520200,0.0,0.0,0.0
2021-06-01,392.68387589063093,392.8232615157594,389.55222262273975,389.9889831542969,54216600,0.0,0.0,0.0
2021-06-02,390.63956543786463,391.4387571720347,389.6359603038898,390.6023864746094,49097100,0.0,0.0,0.0
2021-06-03,388.2977314392226,390.2863660477926,386.8387622554671,389.15264892578125,58138800,0.0,0.0,0.0
2021-06-04,390.99259643637595,393.0091363874435,389.2176771468902,392.7117614746094,55938800,0.0,0.0,0.0
2021-06-07,392.7025150607527,392.87907966771104,391.4015350825624,392.330810546875,51555000,0.0,0.0,0.0
2021-06-08,393.18568426469994,393.2786174726193,390.5930264269201,392.4143981933594,47134300,0.0,0.0,0.0
2021-06-09,393.2507697660974,393.32512768168914,391.6059624638834,391.8289794921875,48436300,0.0,0.0,0.0
2021-06-10,393.0464281484936,394.59833099035075,391.7361460549986,393.65045166015625,51020100,0.0,0.0,0.0
2021-06-11,394.1986661133654,394.4123813217684,392.91626142600035,394.3008728027344,45570800,0.0,0.0,0.0
2021-06-14,394.4122489692043,395.2857698874934,393.1763254856657,395.1835632324219,42358500,0.0,0.0,0.0
2021-06-15,395.3322917610564,395.36944235263894,393.58524974284984,394.4587707519531,51508500,0.0,0.0,0.0
2021-06-16,394.5983235481571,394.82134062905897,390.2214431800049,392.25653076171875,80386100,0.0,0.0,0.0
2021-06-17,391.84757149634856,393.1020706024834,389.66376862836967,392.1263427734375,90949700,0.0,0.0,0.0
2021-06-18,388.85947347394546,389.54937784816065,386.63125419537954,386.83636474609375,118676300,1.376,0.0,0.0
2021-06-21,388.5891597876732,392.5608336456239,387.7780497072785,392.3743591308594,72822000,0.0,0.0,0.0
2021-06-22,392.36500160297555,395.30178987033617,391.64710042623443,394.4720153808594,57700300,0.0,0.0,0.0
2021-06-23,394.5465837059187,395.34836134844016,393.91261601852824,393.99652099609375,49445400,0.0,0.0,0.0
2021-06-24,396.13155325117157,396.74685645396283,395.8798098525635,396.32733154296875,45110300,0.0,0.0,0.0
2021-06-25,397.0732018408674,398.1826596628426,396.7468856958135,397.7351379394531,58129500,0.0,0.0,0.0
2021-06-28,398.25724298746064,398.70473623877365,397.0638802306052,398.53692626953125,53159600,0.0,0.0,0.0
2021-06-29,398.91918326202716,399.5531510094126,398.2199465974664,398.7513732910156,35970500,0.0,0.0,0.0
2021-06-30,398.294470766451,399.75821283430224,398.26650244135874,399.0869445800781,64827900,0.0,0.0,0.0
2021-07-01,399.8421598624358,401.45507598441856,399.7768909463528,401.29656982421875,53441000,0.0,0.0,0.0
2021-07-02,402.4526561515775,404.7181760542259,401.38047053367126,404.3638916015625,57697700,0.0,0.0,0.0
2021-07-06,404.4198543106815,404.63429713848,400.9050347893744,403.62738037109375,68710400,0.0,0.0,0.0
2021-07-07,404.307961437293,405.3335142240967,402.30348871200215,405.0538024902344,63549500,0.0,0.0,0.0
2021-07-08,399.75834018924974,402.5086829915684,398.5836132571109,401.7535095214844,97595200,0.0,0.0,0.0
2021-07-09,403.25449948236826,406.3404621035636,401.55767811817753,406.0421142578125,76238600,0.0,0.0,0.0
2021-07-12,405.95817542684443,407.7482339001441,405.52931821683023,407.4964904785156,52889600,0.0,0.0,0.0
2021-07-13,406.7133297443053,408.20504032687353,405.84628310421715,406.1073303222656,52911300,0.0,0.0,0.0
2021-07-14,407.79474610312883,408.2795683154605,405.47328988548986,406.7132568359375,64130400,0.0,0.0,0.0
2021-07-15,405.3801859332363,406.0514543731517,403.4316495407636,405.3242492675781,55126400,0.0,0.0,0.0
2021-07-16,406.4989460325066,406.54555043309637,401.7534629006535,402.14501953125,75874700,0.0,0.0,0.0
2021-07-19,397.3436335763946,402.21032270665535,393.40926015344803,396.2062072753906,147987000,0.0,0.0,0.0
2021-07-20,396.86813967571476,403.1519668304495,396.0756656416528,401.8840026855469,99608200,0.0,0.0,0.0
2021-07-21,403.07734671744265,405.2776264574665,401.8373794156442,405.13775634765625,64724400,0.0,0.0,0.0
2021-07-22,405.31487664645783,406.2285561812566,404.33595664289896,405.98614501953125,47878500,0.0,0.0,0.0
2021-07-23,407.90668669595885,410.4985227710104,407.2261145579136,410.16290283203125,63766600,0.0,0.0,0.0
2021-07-26,409.5756697537666,411.17925413805506,409.52906534253424,411.169921875,43719200,0.0,0.0,0.0
2021-07-27,410.13491566325905,410.16288399022255,406.4802263786354,409.29583740234375,67397100,0.0,0.0,0.0
2021-07-28,409.9206174567427,410.498648719232,407.7110334911531,409.1281433105469,52472400,0.0,0.0,0.0
2021-07-29,410.0511415775319,411.8971086504069,410.0418093148947,410.824951171875,47435300,0.0,0.0,0.0
2021-07-30,408.27037783028055,410.27485092545965,408.13983997332065,408.82977294921875,68951200,0.0,0.0,0.0
2021-08-02,410.53585279390853,411.08591559023773,407.6177003787268,407.97198486328125,58783300,0.0,0.0,0.0
2021-08-03,408.7644180200078,411.4121906770932,406.58280312195876,411.2909851074219,58053900,0.0,0.0,0.0
2021-08-04,410.0137549202648,411.2630544145641,409.03483491751217,409.2679138183594,46732200,0.0,0.0,0.0
2021-08-05,410.42405847956985,411.9437377705842,410.1070745250055,411.8598327636719,38969700,0.0,0.0,0.0
2021-08-06,412.1766949472546,412.95983656575635,411.8969832214965,412.540283203125,46930000,0.0,0.0,0.0
2021-08-09,412.5123024707758,412.8292863221601,411.44014535097375,412.20465087890625,41222600,0.0,0.0,0.0
2021-08-10,412.6521993404,413.42603723143196,411.9716271529787,412.71746826171875,43339300,0.0,0.0,0.0
2021-08-11,413.78034258511013,413.83627924848605,412.66155241355983,413.7430419921875,44034300,0.0,0.0,0.0
2021-08-12,413.59383009177725,415.1228412890176,412.69881510793675,414.98297119140625,38909400,0.0,0.0,0.0
2021-08-13,415.43047911757316,415.75679524781077,414.94568527825686,415.7381591796875,39470300,0.0,0.0,0.0
2021-08-16,414.44224972601063,416.8476114388509,412.89460242623954,416.71710205078125,73740000,0.0,0.0,0.0
2021-08-17,414.17182810864335,414.84309640590254,411.0112933625558,413.9853820800781,92673900,0.0,0.0,0.0
2021-08-18,412.97849742393936,414.53547694662274,409.2119630019986,409.454345703125,89351900,0.0,0.0,0.0
2021-08-19,406.7412780804755,411.2816785225219,406.6014364441112,410.0882873535156,92812200,0.0,0.0,0.0
2021-08-20,410.4333770373761,413.6778176710646,409.94855463315577,413.35150146484375,72008700,0.0,0.0,0.0
2021-08-23,415.02964970074015,417.8918656542568,413.42606560010046,416.9875183105469,54973000,0.0,0.0,0.0
2021-08-24,417.6494140625,418.18084077483024,417.1366518711725,417.6494140625,38744700,0.0,0.0,0.0
2021-08-25,417.83588293403466,419.03854953793854,417.4629339431671,418.5257873535156,40529700,0.0,0.0,0.0
2021-08-26,418.2460947166087,418.4791736205417,415.9619385292738,416.05517578125,57829600,0.0,0.0,0.0
2021-08-27,416.85696346783124,420.1480365315559,416.80102680571815,419.7751159667969,77235100,0.0,0.0,0.0
2021-08-30,420.4463669901376,422.40423543923686,420.2039558296545,421.62109375,48357400,0.0,0.0,0.0
2021-08-31,421.5278561630646,421.8634761216063,420.39976225528045,420.9964294433594,59300200,0.0,0.0,0.0
2021-09-01,421.9286921618179,422.44145429599706,420.9870444205686,421.2201232910156,48721400,0.0,0.0,0.0
2021-09-02,422.6373188627889,423.3178910483312,421.322750439352,422.51611328125,42501000,0.0,0.0,0.0
2021-09-03,421.387988849166,422.92630380282,420.9870715426401,422.41351318359375,47170500,0.0,0.0,0.0
2021-09-07,422.0686539613797,422.1618912265063,420.2319908012583,420.90325927734375,51671500,0.0,0.0,0.0
2021-09-08,420.37174479230555,421.09894973616434,418.479117034354,420.390380859375,56181900,0.0,0.0,0.0
2021-09-09,420.194679042839,421.9381047734719,418.3486837946311,418.5910949707031,57970400,0.0,0.0,0.0
2021-09-10,420.5116222919028,420.9311472268283,415.16944383774626,415.2906494140625,89948200,0.0,0.0,0.0
2021-09-13,418.2740814053361,418.535128633361,414.0506644540541,416.3534851074219,83738600,0.0,0.0,0.0
2021-09-14,417.7892579298286,417.9943684978522,413.2209172260456,414.10662841796875,78197100,0.0,0.0,0.0
2021-09-15,414.52613294221675,418.0596168232787,413.4260074279271,417.56549072265625,78792200,0.0,0.0,0.0
2021-09-16,417.04337556990373,418.0129632027851,413.9667173539982,416.9035339355469,77786700,0.0,0.0,0.0
2021-09-17,416.13478169530885,416.55565067502687,412.4870792787578,412.8424987792969,118425000,1.428,0.0,0.0
2021-09-20,406.744360400567,408.3156617681073,401.11382101879656,405.9587097167969,166445500,0.0,0.0,0.0
2021-09-21,408.2875666376567,409.5782885516768,405.05142823770416,405.5751953125,92526100,0.0,0.0,0.0
2021-09-22,407.83862947573203,411.5611435713708,405.68744521806696,409.5315246582031,102350100,0.0,0.0,0.0
2021-09-23,411.3927191082304,416.10665065501354,411.15889353508067,414.50726318359375,76396000,0.0,0.0,0.0
2021-09-24,412.8798959122565,415.9009329556939,412.6647660835853,415.1900939941406,62094800,0.0,0.0,0.0
2021-09-27,414.1613047794656,415.3210707653603,413.31017606482214,414.0023193359375,61371100,0.0,0.0,0.0
2021-09-28,411.2431502653508,411.57051184242243,404.9298585168966,405.6593933105469,130436300,0.0,0.0,0.0
2021-09-29,407.0342471994263,408.7645623202573,405.78094542874345,406.3421325683594,82329200,0.0,0.0,0.0
2021-09-30,407.81058970767697,408.5120665894425,401.03900867618046,401.375732421875,140506000,0.0,0.0,0.0
2021-10-01,403.09671547477393,407.8199820779621,399.5893308061185,406.1457824707031,129240100,0.0,0.0,0.0
2021-10-04,404.98598629215144,405.8838687084721,398.77556393327893,400.9080810546875,128570000,0.0,0.0,0.0
2021-10-05,402.40457906385245,407.31491768424513,401.609594693182,405.0795593261719,90682500,0.0,0.0,0.0
2021-10-06,401.4973037523077,406.96882922021376,399.8792486552272,406.7630615234375,113032200,0.0,0.0,0.0
2021-10-07,410.0272637647416,413.10438834176847,409.8495540118839,410.27978515625,72437500,0.0,0.0,0.0
2021-10-08,411.04673863158837,411.4302160683865,408.90488798924395,409.5315246582031,74557400,0.0,0.0,0.0
2021-10-11,408.8768180412666,411.7762613135145,406.5011418518959,406.5666198730469,65233300,0.0,0.0,0.0
2021-10-12,407.48321348221907,407.8853866681187,404.78017581687527,405.5658264160156,71181200,0.0,0.0,0.0
2021-10-13,406.5852480931628,407.8385497291835,403.6203558355388,407.02484130859375,72974000,0.0,0.0,0.0
2021-10-14,410.67253036010317,414.02092865194055,410.2048791998145,413.87127685546875,70236800,0.0,0.0,0.0
2021-10-15,415.97578121085803,417.38809710044063,415.35847814408345,417.0233154296875,66260200,0.0,0.0,0.0
2021-10-18,415.24619873026535,418.5945686911891,414.5914756470946,418.25787353515625,62213200,0.0,0.0,0.0
2021-10-19,419.87598933410356,421.5501601721971,419.26801990573733,421.4847106933594,46996800,0.0,0.0,0.0
2021-10-20,421.94292042936127,423.43940977991457,421.8306887231228,423.1401062011719,49571600,0.0,0.0,0.0
2021-10-21,422.54154774240834,424.46826836998736,422.1113166378559,424.2438049316406,41305400,0.0,0.0,0.0
2021-10-22,423.81356137612727,425.2539349972513,421.86811649039765,423.80419921875,58845100,0.0,0.0,0.0
2021-10-25,424.8892329450859,426.4044184794836,423.12152600267797,426.0770568847656,45214500,0.0,0.0,0.0
2021-10-26,427.62021293528545,428.82673232287635,426.0863034985896,426.4604187011719,56075100,0.0,0.0,0.0
2021-10-27,426.91878511269175,427.58284181405264,424.496326817205,424.5711669921875,72438000,0.0,0.0,0.0
2021-10-28,425.992866699538,428.74265832035,425.98353308393456,428.6678466796875,51437900,0.0,0.0,0.0
2021-10-29,426.37633178072844,429.8276001732101,426.0863902989246,429.53765869140625,70162400,0.0,0.0,0.0
2021-11-01,430.5197400572505,430.89388390110435,428.5556275928569,430.2765808105469,48433600,0.0,0.0,0.0
2021-11-02,430.4449035360186,432.3248706330071,430.3139474896051,432.0162048339844,48908400,0.0,0.0,0.0
2021-11-03,431.4550309735482,435.05595130001086,431.0154376576969,434.6537780761719,52509800,0.0,0.0,0.0
2021-11-04,435.25235142235067,436.7862612009498,434.906294069248,436.70208740234375,52847100,0.0,0.0,0.0
2021-11-05,438.91873147438207,440.20009126070624,436.71143139873345,438.2172546386719,66390600,0.0,0.0,0.0
2021-11-08,439.3115707807346,439.8072799359265,437.9086171102104,438.59136962890625,50405200,0.0,0.0,0.0
2021-11-09,438.9561209854995,439.189946581114,435.73867850639124,437.1416320800781,51149100,0.0,0.0,0.0
2021-11-10,435.45806257315104,437.14162395618587,432.1471127518589,433.6248779296875,69429700,0.0,0.0,0.0
2021-11-11,435.11203553677166,435.1868757153558,433.7465019808427,433.76519775390625,34848500,0.0,0.0,0.0
2021-11-12,435.0278628031356,437.59058233417034,434.08319821257237,437.03875732421875,53466700,0.0,0.0,0.0
2021-11-15,438.32018263477465,438.4791680775358,436.06610015716393,437.1884460449219,46980500,0.0,0.0,0.0
2021-11-16,436.92653290815355,440.0504396595338,436.8517212713006,438.9187316894531,48857500,0.0,0.0,0.0
2021-11-17,438.65685496204304,438.83456471339144,437.23520549442225,437.8525085449219,47858300,0.0,0.0,0.0
2021-11-18,438.88128203134477,439.601483135465,436.1689108233059,439.339599609375,50625600,0.0,0.0,0.0
2021-11-19,439.2273759676528,440.4713442276694,438.1892039343977,438.5539855957031,57315600,0.0,0.0,0.0
2021-11-22,440.42460812441726,442.90315404190204,437.11362928083673,437.31939697265625,72762000,0.0,0.0,0.0
2021-11-23,436.9919560370604,438.75032898546374,434.40117885688176,437.8992004394531,73206500,0.0,0.0,0.0
2021-11-24,435.90706300520714,439.18998377950254,435.09335443045563,439.0683898925781,61858800,0.0,0.0,0.0
2021-11-26,432.42765997039646,433.8867292682411,428.15332162867264,429.27569580078125,112669600,0.0,0.0,0.0
2021-11-29,434.0458252551393,436.37471927780655,431.8572208947111,434.5415344238281,86268800,0.0,0.0,0.0
2021-11-30,432.10971456592034,434.0083773215289,425.8431769850362,426.08636474609375,148559600,0.0,0.0,0.0
2021-12-01,431.77301163649753,434.6069767536424,421.1573237370427,421.3537292480469,131939200,0.0,0.0,0.0
2021-12-02,421.56889106102784,429.369310207567,421.1760514660489,427.8073425292969,127637800,0.0,0.0,0.0
2021-12-03,429.4628278206349,430.5196955865321,419.8759779470982,424.0848388671875,137331600,0.0,0.0,0.0
2021-12-06,426.61951391631123,430.9780267874127,424.2157797535011,429.107421875,98977500,0.0,0.0,0.0
2021-12-07,434.3637222541951,438.54452446214685,428.97637214914073,437.98333740234375,95484700,0.0,0.0,0.0
2021-12-08,438.3762317093102,439.5921133715834,436.62719230325564,439.1431579589844,72238800,0.0,0.0,0.0
2021-12-09,437.86187787932255,439.2461359124412,435.98193918547975,436.1783447265625,61272600,0.0,0.0,0.0
2021-12-10,438.8719839338528,440.4339230591345,436.3279600988827,440.2842712402344,77159800,0.0,0.0,0.0
2021-12-13,439.7698539667308,440.1159113005939,436.10345586445044,436.3840637207031,87724700,0.0,0.0,0.0
2021-12-14,433.129161990558,435.60770751030805,430.4729067407916,433.3816833496094,97264100,0.0,0.0,0.0
2021-12-15,433.437885904042,440.3965100644385,430.9312535760348,440.1533508300781,116899300,0.0,0.0,0.0
2021-12-16,441.9958662441794,442.2764455495963,434.72854825907325,436.2718200683594,116568600,0.0,0.0,0.0
2021-12-17,433.20542255890297,436.19952155606984,429.9297585264146,431.62860107421875,135511600,1.633,0.0,0.0
2021-12-20,426.56967673583256,427.4331620445399,423.4347948406732,427.0389709472656,107134800,0.0,0.0,0.0
2021-12-21,430.4459816424699,434.7634937029002,428.28723993397614,434.6227111816406,69806300,0.0,0.0,0.0
2021-12-22,434.3693066437573,439.08100980710736,434.1721824687357,438.9683837890625,58890200,0.0,0.0,0.0
2021-12-23,439.96331276152887,443.19205915092374,439.860081786321,441.69970703125,56439700,0.0,0.0,0.0
2021-12-27,443.07001273264143,447.9976015537163,443.0230947726751,447.95068359375,56808600,0.0,0.0,0.0
2021-12-28,448.382431076323,449.4054889482958,446.8243709664045,447.5846252441406,47274600,0.0,0.0,0.0
2021-12-29,447.6879018485856,449.1708589058926,446.6930004438283,448.1571960449219,54503000,0.0,0.0,0.0
2021-12-30,448.5795345178264,449.5838309519996,446.45834427104364,446.9182434082031,55329000,0.0,0.0,0.0
2021-12-31,446.430131900379,447.5751820751698,445.51970014618337,445.7918701171875,65237400,0.0,0.0,0.0
2022-01-03,447.04963382232506,448.50446299701963,444.7501094779795,448.373046875,72668200,0.0,0.0,0.0
2022-01-04,449.79032507237594,450.50366140781244,446.3738496168056,448.2228698730469,71178700,0.0,0.0,0.0
2022-01-05,447.8568948012044,448.62654425027876,439.5222242879312,439.6160888671875,104538900,0.0,0.0,0.0
2022-01-06,439.1561765159226,441.90623388075556,436.847228237835,439.2030944824219,86858900,0.0,0.0,0.0
2022-01-07,439.2123722486289,440.3856075322897,436.11501391370075,437.4665832519531,85111600,0.0,0.0,0.0
2022-01-10,434.28484075797536,437.1381287170904,428.5594460975087,436.9222717285156,119362000,0.0,0.0,0.0
2022-01-11,436.65950709740383,440.9957810759172,433.6747741107534,440.90191650390625,74303100,0.0,0.0,0.0
2022-01-12,442.6289354105524,444.1400777496304,440.14168168092726,442.09393310546875,67605400,0.0,0.0,0.0
2022-01-13,443.1920935855011,443.83972192368026,434.97944444252323,436.00250244140625,91173100,0.0,0.0,0.0
2022-01-14,432.86757035006775,436.52805924491486,431.6567833390416,436.1807861328125,95890900,0.0,0.0,0.0
2022-01-18,431.5065888243464,431.71307940228024,427.3486494050049,428.4561767578125,109709100,0.0,0.0,0.0
2022-01-19,429.9954611015999,431.38455344940263,423.7350645572912,424.00726318359375,109357600,0.0,0.0,0.0
2022-01-20,425.8844492805024,430.56799582128895,417.202507339247,419.3143310546875,122379700,0.0,0.0,0.0
2022-01-21,418.1974651021742,420.5439362137734,411.0548207873205,411.0829772949219,202271200,0.0,0.0,0.0
2022-01-24,405.4983319626778,413.3355505734703,394.92045135440037,412.8287048339844,251783900,0.0,0.0,0.0
2022-01-25,406.4651000702844,412.7161024030997,400.9180390545414,407.78851318359375,167997300,0.0,0.0,0.0
2022-01-26,413.65470828881433,416.77082885836546,402.5230342303155,406.7654724121094,186391100,0.0,0.0,0.0
2022-01-27,411.34580659722957,414.47129370991206,403.0768441751336,404.75689697265625,149878300,0.0,0.0,0.0
2022-01-28,406.10844039096463,414.85609154872685,401.5469143096676,414.8091735839844,164457400,0.0,0.0,0.0
2022-01-31,414.1427899086998,422.6276381601101,412.80061519787523,422.2803649902344,152251400,0.0,0.0,0.0
2022-02-01,423.0030831577815,425.7719308528355,419.4927711274475,425.1336975097656,123155400,0.0,0.0,0.0
2022-02-02,427.52706378997823,429.98616108876035,425.22751049662656,429.2634582519531,117361000,0.0,0.0,0.0
2022-02-03,423.2564800563561,425.15241844539145,418.3382570186423,419.1736145019531,118024400,0.0,0.0,0.0
2022-02-04,418.9388736381123,424.9739892475167,416.57361290207217,421.1445617675781,118454400,0.0,0.0,0.0
2022-02-07,421.9048228773997,423.2939151867245,418.4695863682104,419.7929992675781,84472900,0.0,0.0,0.0
2022-02-08,419.29559079665904,424.16686670467533,417.87831319896964,423.2470397949219,81012000,0.0,0.0,0.0
2022-02-09,427.2641492685104,429.76079747969317,427.0670537538867,429.4416809082031,92589900,0.0,0.0,0.0
2022-02-10,423.6224395175612,429.6012424004276,419.73669885351933,421.72650146484375,140103700,0.0,0.0,0.0
2022-02-11,421.8109911505724,423.87586832148435,411.98397004230856,413.4106140136719,153214600,0.0,0.0,0.0
2022-02-14,412.9038345326054,414.4806562198295,408.6050834849175,412.05908203125,123006300,0.0,0.0,0.0
2022-02-15,416.4798044209463,418.8731931731084,415.96356366027453,418.7042541503906,88482700,0.0,0.0,0.0
2022-02-16,416.6675706954675,420.5439456416827,414.7997888146647,419.1736145019531,84863600,0.0,0.0,0.0
2022-02-17,416.0011290518587,419.1454057486569,409.618739738148,410.21942138671875,102259100,0.0,0.0,0.0
2022-02-18,410.47289488363754,411.7212336252634,405.3012917415309,407.56329345703125,132642900,0.0,0.0,0.0
2022-02-22,405.36695455226914,408.7552449000615,399.70723904825377,403.1894226074219,124391800,0.0,0.0,0.0
2022-02-23,406.089688998042,406.65284780613894,395.47425574268425,396.03741455078125,132578000,0.0,0.0,0.0
2022-02-24,385.7785700815535,402.4291467489523,385.42193057202616,401.99737548828125,213942900,0.0,0.0,0.0
2022-02-25,403.22694222886923,410.9515349471028,401.58441255553527,410.8670654296875,121804500,0.0,0.0,0.0
2022-02-28,405.4983445727152,411.2894475933548,404.2500346060891,409.81585693359375,145615000,0.0,0.0,0.0
2022-03-01,408.3235351417943,410.32273316160007,400.8805068214816,403.57427978515625,137785900,0.0,0.0,0.0
2022-03-02,405.81738773333024,412.7160169408087,405.06652860798056,410.9984130859375,117726500,0.0,0.0,0.0
2022-03-03,413.42005221055416,414.020733918867,407.1596546990393,408.9523620605469,105501700,0.0,0.0,0.0
2022-03-04,405.2354800359034,406.7559884295787,401.6031480635813,405.62969970703125,113978200,0.0,0.0,0.0
2022-03-07,405.04789997332017,405.7518414252331,393.6065026167526,393.6722106933594,137896600,0.0,0.0,0.0
2022-03-08,393.85050819594045,400.9743915896494,389.6268598772116,390.6874694824219,164772700,0.0,0.0,0.0
2022-03-09,399.03140239539204,403.1330282597895,396.85387088988057,401.1619873046875,116990800,0.0,0.0,0.0
2022-03-10,396.57231346186796,400.2421971081939,394.62006242432875,399.3505554199219,93972700,0.0,0.0,0.0
2022-03-11,401.82845214023683,402.4385288577548,393.76598140373204,394.2728271484375,95636300,0.0,0.0,0.0
2022-03-14,395.0424799965583,398.4776882871235,390.255673493645,391.391357421875,95729200,0.0,0.0,0.0
2022-03-15,393.9913314993287,400.62715986315254,392.72425978740176,399.9983215332031,106219100,0.0,0.0,0.0
2022-03-16,403.4897960044395,408.9242024189119,398.71235566484523,408.8678894042969,144954800,0.0,0.0,0.0
2022-03-17,406.96256340055044,413.98321533203125,406.5871337484996,413.98321533203125,102676900,0.0,0.0,0.0
2022-03-18,412.3788286596397,418.83753350872564,411.6444565524196,418.5174255371094,106345500,1.366,0.0,0.0
2022-03-21,418.3479270869368,420.34391117574114,414.90201864341753,418.39501953125,88349800,0.0,0.0,0.0
2022-03-22,419.77904208379323,424.22294298577435,419.77904208379323,423.2908630371094,74650400,0.0,0.0,0.0
2022-03-23,420.76766221116077,422.25522626407883,417.754837158317,417.8395690917969,79426100,0.0,0.0,0.0
2022-03-24,419.8543513228499,424.1476078293655,418.7433833523975,424.13818359375,64736900,0.0,0.0,0.0
2022-03-25,424.7690334312819,426.48257795134367,422.1987166511893,426.20953369140625,77101300,0.0,0.0,0.0
2022-03-28,425.61644404723825,429.2412414550781,423.7334353919897,429.2412414550781,68529800,0.0,0.0,0.0
2022-03-29,433.11070836365906,435.0408090198134,430.43684015134215,434.55120849609375,86581500,0.0,0.0,0.0
2022-03-30,433.41203287887015,434.221741418466,429.7684162817575,431.86798095703125,79666900,0.0,0.0,0.0
2022-03-31,431.10541007140074,431.9245142006821,424.7690759011227,425.22100830078125,121699900,0.0,0.0,0.0
2022-04-01,426.7932275717615,426.9344474423609,422.86717150697194,426.4260559082031,89048800,0.0,0.0,0.0
2022-04-04,426.62385782767655,430.18274301389283,425.80475366510456,430.07916259765625,59601000,0.0,0.0,0.0
2022-04-05,428.59151104712674,431.0488230339406,423.50739449351903,424.6466064453125,74214500,0.0,0.0,0.0
2022-04-06,420.74883235488153,422.6694802657768,417.5288752979102,420.40045166015625,106898000,0.0,0.0,0.0
2022-04-07,419.52485288651064,424.3265300513527,417.58535653376873,422.5188293457031,78097200,0.0,0.0,0.0
2022-04-08,421.76563401623116,424.2700386147041,419.85438165587385,421.3890380859375,79272700,0.0,0.0,0.0
2022-04-11,418.13146105748064,418.96941367640034,413.68758834274337,414.18658447265625,89770500,0.0,0.0,0.0
2022-04-12,417.16173214238097,419.67556138340314,411.1078661055898,412.6519470214844,84363600,0.0,0.0,0.0
2022-04-13,412.4071540225824,418.13148789412384,412.22826589543115,417.3782958984375,74070400,0.0,0.0,0.0
2022-04-14,417.6041663493815,418.7151631152427,412.0775414258065,412.1811218261719,97869500,0.0,0.0,0.0
2022-04-18,411.2584985167614,414.02652350805334,410.128681843096,412.35064697265625,66002500,0.0,0.0,0.0
2022-04-19,412.2470573939194,419.72260380527314,412.0775935163657,419.007080078125,77821000,0.0,0.0,0.0
2022-04-20,420.77703385456124,421.3890057859334,417.5382573839223,418.6962890625,65224400,0.0,0.0,0.0
2022-04-21,422.3022765002863,423.68628874029804,411.5314668018448,412.435302734375,85417300,0.0,0.0,0.0
2022-04-22,411.35261559680123,412.4541594531157,400.55356095514185,401.11846923828125,132471800,0.0,0.0,0.0
2022-04-25,398.88709289400344,403.6134335850115,394.33961156529534,403.4439697265625,119647700,0.0,0.0,0.0
2022-04-26,400.92073603730137,401.1184726141431,391.7316742351174,391.7599182128906,103996300,0.0,0.0,0.0
2022-04-27,392.83317570300943,398.1809410211438,390.7336398727966,392.8614196777344,122030000,0.0,0.0,0.0
2022-04-28,397.58781923542455,404.5078808966821,393.17216221026155,402.784912109375,105449100,0.0,0.0,0.0
2022-04-29,398.81184328260866,400.95847215419366,387.1560142737863,387.8998107910156,145491100,0.0,0.0,0.0
2022-05-02,387.96559087319963,391.5903873064927,381.32796990855087,390.234619140625,158312500,0.0,0.0,0.0
2022-05-03,390.73370329446914,394.42438400889665,389.1801982351646,392.0235595703125,100028200,0.0,0.0,0.0
2022-05-04,392.6825612700032,404.52670026180385,389.5096966956075,403.9617919921875,144247900,0.0,0.0,0.0
2022-05-05,399.7155659383141,400.1392542887666,385.48945235975316,389.60382080078125,172929100,0.0,0.0,0.0
2022-05-06,387.0524600062871,390.53600900560394,381.9965860353054,387.2784118652344,151770800,0.0,0.0,0.0
2022-05-09,381.40337111087143,382.63673935937004,373.30642894835574,374.8787536621094,155586100,0.0,0.0,0.0
2022-05-10,380.8290513721074,382.32603970720356,371.72472120975783,375.74493408203125,132497200,0.0,0.0,0.0
2022-05-11,374.78456583577383,380.4053467898081,369.03196050848914,369.7757568359375,142361000,0.0,0.0,0.0
2022-05-12,366.5935320489902,372.647397923669,362.62038267397736,369.3898010253906,125090800,0.0,0.0,0.0
2022-05-13,373.50415422453636,379.59568805484594,372.4684937718504,378.2210998535156,104174400,0.0,0.0,0.0
2022-05-16,376.58294122722305,380.3395345985358,374.3421561522526,376.6864929199219,78622400,0.0,0.0,0.0
2022-05-17,382.74972739807595,384.6704041422355,379.0307740612988,384.4350280761719,83029700,0.0,0.0,0.0
2022-05-18,379.896895930896,380.1793356616667,367.70440661313046,368.9377746582031,117674500,0.0,0.0,0.0
2022-05-19,365.88736256542336,371.0844842086102,364.4656820097794,366.67822265625,98510700,0.0,0.0,0.0
2022-05-20,370.2465895747261,373.80547490627424,358.2800772040546,366.8383483886719,131432200,0.0,0.0,0.0
2022-05-23,369.8510659686335,374.464459331566,367.54439801959404,373.70184326171875,76414900,0.0,0.0,0.0
2022-05-24,369.5969043569321,372.035396905163,364.32447483504643,370.84912109375,91448800,0.0,0.0,0.0
2022-05-25,369.36147972355167,376.0838329447459,368.9660640825553,374.12548828125,91472900,0.0,0.0,0.0
2022-05-26,375.34950112064234,383.2298868677585,375.14236904234315,381.60107421875,82168300,0.0,0.0,0.0
2022-05-27,384.04902332628,391.082061612425,383.8513154679152,390.9690856933594,84768700,0.0,0.0,0.0
2022-05-31,389.359088170834,392.0988691063854,386.04500340916127,388.7753601074219,95937000,0.0,0.0,0.0
2022-06-01,390.8843473141323,391.8917350641577,383.1263324544133,385.6307373046875,86585800,0.0,0.0,0.0
2022-06-02,385.4706670691487,393.02152050473194,383.22988244769175,392.9744567871094,79609600,0.0,0.0,0.0
2022-06-03,388.2764531470701,389.8205343309422,385.5555200612586,386.5252685546875,71874300,0.0,0.0,0.0
2022-06-06,390.51708401926703,392.2400239442846,386.53451118400045,387.7019958496094,57508900,0.0,0.0,0.0
2022-06-07,384.22782218120017,391.8728307412038,383.76646564228656,391.4208984375,59272400,0.0,0.0,0.0
2022-06-08,389.7168739200945,391.496330865678,386.37454509732197,387.1654052734375,64350000,0.0,0.0,0.0
2022-06-09,385.3953672474794,387.65497182412037,377.9574890136719,377.9574890136719,86289800,0.0,0.0,0.0
2022-06-10,371.7812098207837,372.6285579152145,366.95128833036904,366.99835205078125,132893900,0.0,0.0,0.0
2022-06-13,357.6303263600916,359.4756662902733,351.46345746861897,353.06402587890625,170004900,0.0,0.0,0.0
2022-06-14,354.80578378189244,355.83201968137774,348.91195962001945,352.0000915527344,104011800,0.0,0.0,0.0
2022-06-15,355.2860394664343,361.4434854707774,350.352566259201,357.0184326171875,125666800,0.0,0.0,0.0
2022-06-16,348.83676669769454,349.2416066501107,342.7828722240161,345.2025451660156,134473300,0.0,0.0,0.0
2022-06-17,345.61581991349703,349.27517670196266,342.45761482475444,345.9467468261719,111113900,1.577,0.0,0.0
2022-06-21,351.6484860292675,356.035921374524,351.57282417390246,354.6553955078125,76811900,0.0,0.0,0.0
2022-06-22,350.44753828884603,358.10666957290994,350.0314847179016,354.0123596191406,90059400,0.0,0.0,0.0
2022-06-23,356.1400013974263,358.2107760726569,352.5941088918545,357.4826965332031,79292100,0.0,0.0,0.0
2022-06-24,360.6408975327615,368.8579146543749,360.6125315472774,368.84844970703125,98050300,0.0,0.0,0.0
2022-06-27,369.76567268561445,370.0587975017824,366.3521738911523,367.4395751953125,66009600,0.0,0.0,0.0
2022-06-28,368.99029067465796,371.76080759717377,359.81823772369825,359.93170166015625,86548900,0.0,0.0,0.0
2022-06-29,360.48012203098745,361.46349531064214,357.8230692449071,359.6385498046875,65676000,0.0,0.0,0.0
2022-06-30,355.76166925616343,359.9411063069827,352.2819744571846,356.7167053222656,112508300,0.0,0.0,0.0
2022-07-01,356.0642966004514,360.9245465265662,353.45451079691634,360.48956298828125,74839700,0.0,0.0,0.0
2022-07-05,355.4213793094931,361.1893705698523,352.6035661740261,361.1704406738281,81438000,0.0,0.0,0.0
2022-07-06,361.31226305640257,364.8676206487518,358.9388985354465,362.3902282714844,70426200,0.0,0.0,0.0
2022-07-07,364.15836271170366,368.61199482225004,362.4090502838774,367.8177185058594,64525900,0.0,0.0,0.0
2022-07-08,366.191374892305,369.37797430776754,364.66901900062675,367.51519775390625,72397800,0.0,0.0,0.0
2022-07-11,364.84865422697527,365.81312646509326,362.62655612996804,363.31683349609375,58366900,0.0,0.0,0.0
2022-07-12,362.7684468745156,365.1418402247089,358.362080869492,360.1019287109375,62219200,0.0,0.0,0.0
2022-07-13,354.68376178018957,361.1325642695577,354.2677081449695,358.2107238769531,84224600,0.0,0.0,0.0
2022-07-14,353.27481661524047,358.41872587951195,350.8447207380731,357.3407897949219,89704800,0.0,0.0,0.0
2022-07-15,361.7282870982627,364.2813411355363,359.82770841913714,364.1678771972656,79060400,0.0,0.0,0.0
2022-07-18,367.2409659059459,367.91231341217645,359.94115471730987,361.16094970703125,63203600,0.0,0.0,0.0
2022-07-19,365.0661316858812,371.48656848607965,364.413714078224,370.9192199707031,78506000,0.0,0.0,0.0
2022-07-20,371.1084004946054,374.6921241030142,369.7467753994989,373.283203125,71843800,0.0,0.0,0.0
2022-07-21,372.70635127041953,377.13161760377886,370.31405726547354,377.0843505859375,64903900,0.0,0.0,0.0
2022-07-22,377.2072777513435,378.3986778470548,371.37309072029717,373.5857238769531,72197300,0.0,0.0,0.0
2022-07-25,374.20980770925064,374.89062013717165,371.8080487473427,374.03961181640625,53631500,0.0,0.0,0.0
2022-07-26,372.4037671603326,372.61179398374196,368.7255101067166,369.6143493652344,52946400,0.0,0.0,0.0
2022-07-27,372.8954459743451,380.9517310966384,372.60232120977315,379.2118835449219,82342100,0.0,0.0,0.0
2022-07-28,380.0156585921788,384.6583882201372,376.4792023544064,383.9681396484375,73966600,0.0,0.0,0.0
2022-07-29,385.3959148037413,390.5492896244354,384.630004404881,389.5658874511719,87003700,0.0,0.0,0.0
2022-08-01,386.8804412732961,390.9085837211499,386.1712628905919,388.4122619628906,69997500,0.0,0.0,0.0
2022-08-02,386.85209567230385,390.52091664915406,384.67729339338854,385.84979248046875,63435400,0.0,0.0,0.0
2022-08-03,387.96788490865407,393.05506301560587,387.6842250670768,391.89202880859375,67820600,0.0,0.0,0.0
2022-08-04,391.81635523733325,392.4971676933185,389.9914096457841,391.62725830078125,45656600,0.0,0.0,0.0
2022-08-05,387.3627684777301,391.608374668419,387.3060365044083,390.96539306640625,56814900,0.0,0.0,0.0
2022-08-08,392.648413572124,394.88941254367694,389.4145475954948,390.51141357421875,53886100,0.0,0.0,0.0
2022-08-09,389.78339679657284,390.2845484240548,387.89225422395475,388.96075439453125,44931800,0.0,0.0,0.0
2022-08-10,395.98626864703226,397.2722603631877,394.0383944672068,397.1304016113281,68665700,0.0,0.0,0.0
2022-08-11,399.9671149438748,401.82045509784757,396.3928572991276,397.1304016113281,59489700,0.0,0.0,0.0
2022-08-12,399.0593716519972,403.9574230425104,398.11380054850633,403.8534240722656,61694500,0.0,0.0,0.0
2022-08-15,401.6502867542093,406.03775117563913,401.593554788117,405.5176696777344,54048300,0.0,0.0,0.0
2022-08-16,404.4491742905428,408.2314590393534,403.6454330101121,406.31195068359375,59289000,0.0,0.0,0.0
2022-08-17,402.7282345419043,406.1228316979683,401.43280661081104,403.4279479980469,63563400,0.0,0.0,0.0
2022-08-18,403.626436966558,405.2811862729605,402.3404742138634,404.60040283203125,49023200,0.0,0.0,0.0
2022-08-19,401.84890169679676,402.11366050668937,398.2935443726278,399.1634826660156,68016900,0.0,0.0,0.0
2022-08-22,394.3504330682569,394.52065780471906,389.9535330310516,390.8518371582031,77695600,0.0,0.0,0.0
2022-08-23,390.42639423875585,392.80925244544267,389.35789402468396,389.9063415527344,49105200,0.0,0.0,0.0
2022-08-24,389.6793622511617,392.51607606132626,388.99857863900553,391.15447998046875,49177800,0.0,0.0,0.0
2022-08-25,392.63890688887267,396.7237806809556,391.55150597117773,396.676513671875,50942300,0.0,0.0,0.0
2022-08-26,396.5631405668187,397.102094248587,383.1927492346699,383.2494812011719,103087000,0.0,0.0,0.0
2022-08-29,380.30874334599116,383.7506074648165,379.3631721580166,380.71533203125,65370800,0.0,0.0,0.0
2022-08-30,381.86898583766924,382.1053786692072,374.4462451560691,376.53594970703125,85652400,0.0,0.0,0.0
2022-08-31,378.16233169722864,379.40102781992005,373.53850294031076,373.6708679199219,76029700,0.0,0.0,0.0
2022-09-01,371.50542754937516,375.18368396672986,368.81054425754013,374.8432922363281,78740100,0.0,0.0,0.0
2022-09-02,378.4933014446806,379.70363162679985,369.08485490441115,370.8908996582031,99632100,0.0,0.0,0.0
2022-09-06,371.73239306497686,372.66849927504563,367.2787610013706,369.49139404296875,76637400,0.0,0.0,0.0
2022-09-07,369.179319077704,376.8951827463816,368.96185619204704,376.1292724609375,70964200,0.0,0.0,0.0
2022-09-08,373.86937791353984,379.04162422279734,372.66848412640496,378.5877685546875,80821700,0.0,0.0,0.0
2022-09-09,380.8193186091283,385.32971149707004,380.5545598393792,384.46923828125,76706900,0.0,0.0,0.0
2022-09-12,386.53060660794216,389.32005328167793,386.2280168884876,388.6014099121094,69256300,0.0,0.0,0.0
2022-09-13,379.95895213306545,381.159846308233,370.5883647267278,371.7041320800781,122947100,0.0,0.0,0.0
2022-09-14,372.9995076387831,374.6353563576037,369.8318380483669,373.1224365234375,85023700,0.0,0.0,0.0
2022-09-15,371.5716492033494,374.4083627921359,367.6191685285438,368.88623046875,87633800,0.0,0.0,0.0
2022-09-16,364.7238110432356,366.72714802798475,362.7963887663263,366.072021484375,103084800,1.596,0.0,0.0
2022-09-19,362.9388049700475,368.9108581542969,362.8628323173421,368.9108581542969,73278500,0.0,0.0,0.0
2022-09-20,365.5973340819425,366.6037545982577,361.9324497442443,364.6763610839844,77274900,0.0,0.0,0.0
2022-09-21,366.5941948401459,369.63246357967904,358.30546809821095,358.3149719238281,106746600,0.0,0.0,0.0
2022-09-22,357.5459685886099,359.17903334074293,354.564693142615,355.3052673339844,89472600,0.0,0.0,0.0
2022-09-23,351.8492165492308,351.8872028833452,344.92770661744225,349.3521728515625,122346900,0.0,0.0,0.0
2022-09-26,347.8900111292315,351.49793062480813,344.6808467381226,345.8961486816406,92581200,0.0,0.0,0.0
2022-09-27,349.41858073488055,351.6782893189801,342.62998013123286,345.01312255859375,108294100,0.0,0.0,0.0
2022-09-28,345.96255205200066,353.4822223497359,344.2725226538918,351.80169677734375,110802200,0.0,0.0,0.0
2022-09-29,348.26980398508965,348.55462907314757,341.51918862235004,344.4530029296875,112952300,0.0,0.0,0.0
2022-09-30,343.51297496490554,347.4152519853497,338.9935866635343,339.1264953613281,153711200,0.0,0.0,0.0
2022-10-03,342.8293767828373,349.9218104770214,341.0538996463219,348.0798645019531,89756500,0.0,0.0,0.0
2022-10-04,353.5771579781318,358.8941136043224,348.04184617078164,358.8656311035156,103602800,0.0,0.0,0.0
2022-10-05,354.517213813191,360.2803868520497,352.2005400048697,358.0301818847656,88065700,0.0,0.0,0.0
2022-10-06,356.6343965661121,359.5777138028147,353.8429956550219,354.33673095703125,82333500,0.0,0.0,0.0
2022-10-07,350.32063154436236,354.4222866629077,342.6965042864364,344.4530029296875,107789500,0.0,0.0,0.0
2022-10-10,345.5638554657178,345.8012193680551,339.59180054497295,341.822998046875,76042800,0.0,0.0,0.0
2022-10-11,340.1329308775536,344.68083086003986,337.7308096086358,339.658203125,92482800,0.0,0.0,0.0
2022-10-12,340.0665414891918,341.6331375101313,338.29103509203446,338.53790283203125,76991800,0.0,0.0,0.0
2022-10-13,331.5593165001294,348.9343679346623,330.5149097513193,347.4721984863281,147254500,0.0,0.0,0.0
2022-10-14,349.921841160499,351.545431058521,338.9176545048849,339.5538024902344,123737000,0.0,0.0,0.0
2022-10-17,345.6112382072671,349.3805769637892,339.22139351142755,348.2792053222656,93168200,0.0,0.0,0.0
2022-10-18,356.1692206517508,356.4730533438476,348.94384975105197,352.37139892578125,97162900,0.0,0.0,0.0
2022-10-19,350.33958306364724,353.0550409179747,347.07345375673924,349.8743591308594,79746900,0.0,0.0,0.0
2022-10-20,349.42812063236454,353.8336082385052,346.18096994205536,346.9405517578125,88283100,0.0,0.0,0.0
2022-10-21,346.6651844936338,355.8559066992739,345.1650575657833,355.3717041015625,131038400,0.0,0.0,0.0
2022-10-24,356.8908558861546,360.85006925134127,354.2513416759188,359.72021484375,85436900,0.0,0.0,0.0
2022-10-25,359.6442798008037,365.77775460734784,359.5303497695806,365.4644470214844,78846300,0.0,0.0,0.0
2022-10-26,362.33125259605407,367.9900000333237,362.0749100071893,362.7110290527344,104087300,0.0,0.0,0.0
2022-10-27,363.70792288491305,365.54036503352893,360.15693963581714,360.77410888671875,81971800,0.0,0.0,0.0
2022-10-28,360.66966547964233,369.83190549665636,360.4892666119688,369.357177734375,100302000,0.0,0.0,0.0
2022-10-31,366.9075331139263,368.7684575139983,365.7871827386335,366.68914794921875,96631300,0.0,0.0,0.0
2022-11-01,370.420527665591,370.65789150533925,363.9167526614729,365.0845642089844,85407600,0.0,0.0,0.0
2022-11-02,364.4959449170633,368.9868796691869,355.8179370887984,355.92236328125,126990400,0.0,0.0,0.0
2022-11-03,352.694279312725,355.2863035789503,350.1497452124156,352.2575378417969,87100100,0.0,0.0,0.0
2022-11-04,357.9447159505611,359.7201930621012,351.29852759073634,357.32757568359375,103505200,0.0,0.0,0.0
2022-11-07,358.61883592099326,361.3342937720169,356.5490298438672,360.7456359863281,68286900,0.0,0.0,0.0
2022-11-08,361.84701770864893,365.65434401980673,358.62837822141654,362.6920471191406,84641100,0.0,0.0,0.0
2022-11-09,360.7266798385477,361.87554204248653,354.72611314844636,355.2198486328125,78495500,0.0,0.0,0.0
2022-11-10,368.43620204058976,375.07291581213747,366.14803974108565,374.7406005859375,141455800,0.0,0.0,0.0
2022-11-11,375.59513065911824,379.1650929237687,373.7151981734616,378.3675537109375,93839900,0.0,0.0,0.0
2022-11-14,376.61103437675337,379.9531074146063,374.87351452909996,375.14886474609375,71903500,0.0,0.0,0.0
2022-11-15,380.8740658346402,381.9754376853018,374.55068876407796,378.3485107421875,93194500,0.0,0.0,0.0
2022-11-16,376.7249517855088,377.67440728463805,374.8355446142679,375.4621887207031,68508500,0.0,0.0,0.0
2022-11-17,370.7243833730803,374.9874582361336,370.42057963663734,374.3133239746094,74496300,0.0,0.0,0.0
2022-11-18,377.6364699366345,377.70293878421535,373.1740458969346,376.0129089355469,92922500,0.0,0.0,0.0
2022-11-21,374.69315056273854,375.81350115294237,372.8132181507224,374.6456604003906,51243200,0.0,0.0,0.0
2022-11-22,376.5824862104235,379.8486149853694,375.17728183861897,379.68719482421875,60429000,0.0,0.0,0.0
2022-11-23,379.3549333957438,382.56409762142516,379.1270733477937,382.07989501953125,68261600,0.0,0.0,0.0
2022-11-25,381.5197180169349,382.54514625609033,381.2443967643648,381.99444580078125,30545400,0.0,0.0,0.0
2022-11-28,378.9181872794732,380.5512518780544,375.13934400569946,375.89892578125,67881600,0.0,0.0,0.0
2022-11-29,376.031857943791,377.218677377997,373.4208551885378,375.2533264160156,52310000,0.0,0.0,0.0
2022-11-30,375.50011084303225,387.073974609375,373.59172517191445,387.073974609375,144566700,0.0,0.0,0.0
2022-12-01,388.1088513992117,389.27669190595753,384.29205133886904,386.78912353515625,76398200,0.0,0.0,0.0
2022-12-02,381.91849025775207,387.24492191924827,381.8140640565856,386.34295654296875,85342700,0.0,0.0,0.0
2022-12-05,383.5325856510467,384.46303355724604,378.044733664679,379.3929443359375,77289800,0.0,0.0,0.0
2022-12-06,379.2314305669505,379.7725980410521,371.8446698446672,373.9239501953125,77972200,0.0,0.0,0.0
2022-12-07,373.07902147703123,375.642562745206,372.1580485447694,373.28790283203125,65927900,0.0,0.0,0.0
2022-12-08,375.16787185342383,377.27563531293924,373.3923656741001,376.2122497558594,60737900,0.0,0.0,0.0
2022-12-09,374.9779857119684,377.5225196894714,373.27845212602426,373.4018859863281,81447700,0.0,0.0,0.0
2022-12-12,374.1898882628355,378.7852783203125,373.52528680664847,378.7852783203125,75405800,0.0,0.0,0.0
2022-12-13,389.48562607620295,389.74196862339903,378.89920332598314,381.6526184082031,123782500,0.0,0.0,0.0
2022-12-14,381.31081297545614,385.00420881267286,376.27871036892407,379.2125244140625,108111300,0.0,0.0,0.0
2022-12-15,374.37031204526374,375.2723064084485,368.28432746344345,369.9363708496094,117705900,0.0,0.0,0.0
2022-12-16,367.39060804195844,368.72594377762675,363.4418274301868,365.5688171386719,119858000,1.781,0.0,0.0
2022-12-19,365.759577222778,366.0934184203677,360.8092731762787,362.4689025878906,79878100,0.0,0.0,0.0
2022-12-20,361.71550023135575,364.57694702949215,360.39923004691025,362.9649963378906,74427200,0.0,0.0,0.0
2022-12-21,365.5497400834467,369.5176155105315,365.0156058055829,368.3921203613281,78167400,0.0,0.0,0.0
2022-12-22,365.35897373224327,368.3730338595665,357.4613834622674,363.1365966796875,100120900,0.0,0.0,0.0
2022-12-23,362.1160465590039,365.36856088727086,360.5708701156697,365.2254943847656,59857300,0.0,0.0,0.0
2022-12-27,365.11097351314567,365.45433305552007,362.11597944447993,363.78515625,51638200,0.0,0.0,0.0
2022-12-28,363.71843147410067,365.6833180737436,359.03522324607314,359.2641296386719,70911500,0.0,0.0,0.0
2022-12-29,362.09686247852835,366.598871305357,361.57224666314715,365.73089599609375,66970900,0.0,0.0,0.0
2022-12-30,363.0603000709137,364.91067512789425,360.9523471240934,364.7676086425781,84022200,0.0,0.0,0.0
2023-01-03,366.61802772104494,368.5828851543406,360.38006673429567,363.23199462890625,74850700,0.0,0.0,0.0
2023-01-04,365.48296463530903,368.05827776448973,362.4498387600588,366.03619384765625,85934100,0.0,0.0,0.0
2023-01-05,364.0903838205467,364.20483700123856,361.26709863365966,361.85845947265625,76970500,0.0,0.0,0.0
2023-01-06,364.93930570815047,371.27265410068173,361.8871138136949,370.15667724609375,104189600,0.0,0.0,0.0
2023-01-09,372.3409551357516,375.5171770773959,369.7656707294841,369.9468688964844,73978100,0.0,0.0,0.0
2023-01-10,369.36506683387347,372.6080338391923,368.43031712835244,372.541259765625,65358100,0.0,0.0,0.0
2023-01-11,374.11498982562864,377.3293427656513,373.30424098984014,377.2530212402344,68881100,0.0,0.0,0.0
2023-01-12,378.3499708858858,380.08589280712,374.2962553998828,378.6265563964844,90157700,0.0,0.0,0.0
2023-01-13,375.44083490462947,380.6677540792538,375.1737677414377,380.095458984375,63903900,0.0,0.0,0.0
2023-01-17,380.07633872093464,381.7455155288635,378.7219081606364,379.39910888671875,62677300,0.0,0.0,0.0
2023-01-18,380.5818589835857,381.64058001364293,373.20885610361194,373.4091491699219,99632300,0.0,0.0,0.0
2023-01-19,371.3775761257745,373.0181398927505,369.3745869323046,370.69085693359375,86958900,0.0,0.0,0.0
2023-01-20,372.0833537682657,377.74901897003355,370.44279029051245,377.5964050292969,91806400,0.0,0.0,0.0
2023-01-23,378.3976232018816,384.05374118740224,377.4438078609924,382.1270446777344,84178800,0.0,0.0,0.0
2023-01-24,380.4579061003212,382.6230566629975,379.2751842732551,381.7169494628906,59524900,0.0,0.0,0.0
2023-01-25,377.66320358749766,382.19382654932406,375.383570904274,381.8599853515625,84800300,0.0,0.0,0.0
2023-01-26,384.5116168819161,386.2189546426973,381.55478324321655,386.0567932128906,72287400,0.0,0.0,0.0
2023-01-27,385.01715091180836,389.3093204688235,384.80731034691763,386.94384765625,68346200,0.0,0.0,0.0
2023-01-30,384.19682153424986,386.41922765929314,381.79321726738084,382.0888977050781,74202000,0.0,0.0,0.0
2023-01-31,382.6039606559222,387.75455778693544,382.2605719895161,387.7068786621094,86811800,0.0,0.0,0.0
2023-02-01,386.49550726473996,394.5648060301805,383.7676093537023,391.82733154296875,101459200,0.0,0.0,0.0
2023-02-02,395.699880930703,398.9905560204561,393.8113448862697,397.5312194824219,101654500,0.0,0.0,0.0
2023-02-03,392.58087711398565,397.71240862486854,392.1039694138387,393.3057861328125,94736800,0.0,0.0,0.0
2023-02-06,390.86399847100074,392.2947214888418,389.25204820891577,390.9021301269531,60295300,0.0,0.0,0.0
2023-02-07,389.98646755802383,397.2545356824887,388.74651927787886,396.01458740234375,90990700,0.0,0.0,0.0
2023-02-08,394.04976837031427,395.38510413414,390.99754738888123,391.6842956542969,76227500,0.0,0.0,0.0
2023-02-09,395.27066286428095,395.4232768287697,387.06784419886776,388.2887268066406,78694900,0.0,0.0,0.0
2023-02-10,387.115514984604,389.57637508525863,386.304795158678,389.1948547363281,70769700,0.0,0.0,0.0
2023-02-13,389.8433527563614,393.89706738805586,389.385510977855,393.7635192871094,64913500,0.0,0.0,0.0
2023-02-14,392.2470934532471,395.88112833290614,389.6431956576046,393.58245849609375,88389300,0.0,0.0,0.0
2023-02-15,391.39817989035606,394.9368270971994,390.5588176281302,394.86053466796875,61555700,0.0,0.0,0.0
2023-02-16,389.9101611679617,393.8398755116949,389.2901870501047,389.4237060546875,76431500,0.0,0.0,0.0
2023-02-17,387.3063374384063,388.6893816203568,385.3891588805078,388.450927734375,89257800,0.0,0.0,0.0
2023-02-21,384.4448207915137,385.4940235203808,380.40065293639157,380.6581726074219,82655900,0.0,0.0,0.0
2023-02-22,381.06826525497337,382.60392297212803,378.6837270858335,380.133544921875,83742300,0.0,0.0,0.0
2023-02-23,383.0141287647056,383.624584623004,377.9493710671943,382.15570068359375,96242400,0.0,0.0,0.0
2023-02-24,377.1577095966057,378.90317902341906,375.45991929796907,378.0733642578125,108194400,0.0,0.0,0.0
2023-02-27,381.4022035230167,382.7566343554962,378.42630378758486,379.3610534667969,80444700,0.0,0.0,0.0
2023-02-28,378.8840949077096,380.8394047987781,377.8539579939496,377.9588928222656,96438600,0.0,0.0,0.0
2023-03-01,377.14810224642,378.36898463689715,375.21185839805094,376.509033203125,99706800,0.0,0.0,0.0
2023-03-02,374.54423904245056,380.27667913690243,374.2103978176706,379.43731689453125,85127800,0.0,0.0,0.0
2023-03-03,381.24957080469574,385.7706758956866,380.60098327540186,385.5226745605469,90120000,0.0,0.0,0.0
2023-03-06,386.342872914107,388.6320529045699,385.35092596691464,385.7896728515625,72795900,0.0,0.0,0.0
2023-03-07,385.74202541995913,385.9804792628776,379.2656108960152,379.87603759765625,108310600,0.0,0.0,0.0
2023-03-08,379.9904507889585,381.24946472842424,378.27356596729277,380.4959716796875,74746600,0.0,0.0,0.0
2023-03-09,381.2781550603871,382.93781363415775,372.4935234600931,373.4759521484375,111945300,0.0,0.0,0.0
2023-03-10,372.9322836127058,375.0020758920174,366.5703510301064,368.0869140625,189253000,0.0,0.0,0.0
2023-03-13,364.17625337042944,372.3600057541109,363.0698240200609,367.5622863769531,157790000,0.0,0.0,0.0
2023-03-14,372.46494954234544,375.27871688636895,369.17427445242896,373.6381530761719,149752400,0.0,0.0,0.0
2023-03-15,368.0678201070447,371.501532087288,365.9884805177744,371.3012390136719,172996900,0.0,0.0,0.0
2023-03-16,368.95481237946797,378.1591234805641,368.4492914744623,377.81573486328125,143254200,0.0,0.0,0.0
2023-03-17,376.49072469808146,377.62051539098667,372.019393803673,373.39813232421875,140553400,1.506,0.0,0.0
2023-03-20,374.17357354730325,377.40022291806605,373.47464977774416,376.9884948730469,93055800,0.0,0.0,0.0
2023-03-21,380.3396046110191,382.4172958540839,378.750225011732,381.9385681152344,91524200,0.0,0.0,0.0
2023-03-22,381.7662983699507,385.36631171212144,375.3896402926609,375.42791748046875,111746600,0.0,0.0,0.0
2023-03-23,378.2811390116393,382.30246432046795,373.74280870365055,376.4428405761719,119351300,0.0,0.0,0.0
2023-03-24,375.16943071668686,378.99925344252387,372.833236516388,378.9130859375,107682400,0.0,0.0,0.0
2023-03-27,381.18220877571866,381.9481907671168,378.73112484169525,379.6215515136719,74010400,0.0,0.0,0.0
2023-03-28,378.93228237792476,379.62165174257996,376.9407871129394,378.76953125,62871700,0.0,0.0,0.0
2023-03-29,382.9152109829554,384.51417469094537,381.7183914833068,384.2748107910156,77497900,0.0,0.0,0.0
2023-03-30,386.8981727082469,387.14712047760094,384.6673143464612,386.5247802734375,69840000,0.0,0.0,0.0
2023-03-31,387.44403279107553,392.2696177717363,387.33869746852054,391.9728088378906,112062600,0.0,0.0,0.0
2023-04-03,391.45570713175425,393.8684845968019,391.0631468502778,393.46636962890625,67391100,0.0,0.0,0.0
2023-04-04,394.10789340859714,394.3951476376342,389.9142329500153,391.2834167480469,66601500,0.0,0.0,0.0
2023-04-05,390.555750574138,391.3121487439596,388.612116709327,390.2589416503906,65200200,0.0,0.0,0.0
2023-04-06,389.4642553207361,392.05898137720516,388.4206320852357,391.78131103515625,63743300,0.0,0.0,0.0
2023-04-10,389.3110132842087,392.2599929388598,388.69825688508763,392.1833801269531,63681000,0.0,0.0,0.0
2023-04-11,392.8057915925013,393.68663448889265,391.52280443872803,392.28875732421875,59297900,0.0,0.0,0.0
2023-04-12,394.3472458215589,394.63450004221784,390.1057243914606,390.68975830078125,86420400,0.0,0.0,0.0
2023-04-13,391.7716578689955,396.23340427170086,390.6322834184287,395.879150390625,85814800,0.0,0.0,0.0
2023-04-14,395.2472552060106,397.4302528676945,392.6142522306835,394.9121398925781,78161500,0.0,0.0,0.0
2023-04-17,394.82601113767913,396.3483622283168,393.6004689831214,396.3292236328125,66436400,0.0,0.0,0.0
2023-04-18,397.89944773956887,398.0335055698033,395.2185833271868,396.5877380371094,63560000,0.0,0.0,0.0
2023-04-19,394.6824239935058,397.4207335073526,394.62497898407065,396.520751953125,55227300,0.0,0.0,0.0
2023-04-20,393.7153338921518,396.0994183553833,392.815323233928,394.3568420410156,75840400,0.0,0.0,0.0
2023-04-21,394.6536241017087,395.1227679931791,392.71957431843055,394.6632080078125,73457400,0.0,0.0,0.0
2023-04-24,394.46213502684145,395.4962034683657,393.1312868972539,395.0749206542969,64332100,0.0,0.0,0.0
2023-04-25,393.11207770668204,393.6674182755135,388.7460828379071,388.80352783203125,97766700,0.0,0.0,0.0
2023-04-26,389.4163794213185,390.48872511908525,386.6014573550663,387.1567687988281,80447000,0.0,0.0,0.0
2023-04-27,389.68441963730396,395.1323442051522,389.4354718372607,394.8642578125,92968400,0.0,0.0,0.0
2023-04-28,393.98336171566496,398.24405045806503,393.92591672212814,398.2344665527344,89433100,0.0,0.0,0.0
2023-05-01,397.7940605397827,399.85258413885225,397.60255774112403,397.8323669433594,62122300,0.0,0.0,0.0
2023-05-02,397.12381613612365,397.17170644373317,390.46951779319113,393.36102294921875,103998500,0.0,0.0,0.0
2023-05-03,393.85893960371277,396.2621626197753,390.42167734881843,390.6610412597656,91531800,0.0,0.0,0.0
2023-05-04,389.6174515879438,389.94298302849234,386.56316548431346,387.89404296875,94901900,0.0,0.0,0.0
2023-05-05,391.51318454758655,396.11854378303155,391.25468204681897,395.0749206542969,87891800,0.0,0.0,0.0
2023-05-08,395.40043160090397,395.6589340882948,393.78232933496844,395.1802062988281,50046800,0.0,0.0,0.0
2023-05-09,393.63876845358556,394.557917748492,393.2174856060807,393.447265625,49220100,0.0,0.0,0.0
2023-05-10,396.27173108441946,396.9036552910025,391.4748691458095,395.2855529785156,96142900,0.0,0.0,0.0
2023-05-11,394.4238259021145,394.8833858662675,392.5280533923099,394.5961608886719,70157100,0.0,0.0,0.0
2023-05-12,395.83135343149405,396.0419948569671,391.6664152391856,394.0791931152344,70481500,0.0,0.0,0.0
2023-05-15,394.68235310668433,395.8408662145273,392.7770257910844,395.4387512207031,54289400,0.0,0.0,0.0
2023-05-16,394.3376320009185,395.2568103742265,392.7865586723953,392.796142578125,57705500,0.0,0.0,0.0
2023-05-17,394.80682372550075,398.1674730228259,393.1695828258179,397.5643005371094,87287000,0.0,0.0,0.0
2023-05-18,397.24830507598523,401.81538678686417,397.0281089980014,401.39410400390625,97177200,0.0,0.0,0.0
2023-05-19,402.29410167469877,402.8206905269098,399.59407007568564,400.8100280761719,103793300,0.0,0.0,0.0
2023-05-22,400.82922685915275,402.50477416103354,399.5941009523831,400.97283935546875,60745400,0.0,0.0,0.0
2023-05-23,399.33559189738094,400.9058331974647,396.0802485128697,396.4728088378906,86383500,0.0,0.0,0.0
2023-05-24,394.8738657064858,395.2568421165078,392.44192021304394,393.6004333496094,89213700,0.0,0.0,0.0
2023-05-25,397.0951701927873,398.4547701518932,394.8643112540631,397.0090026855469,90961600,0.0,0.0,0.0
2023-05-26,397.6600131701632,402.8685738627077,397.58342958022524,402.1504821777344,93830000,0.0,0.0,0.0
2023-05-30,404.074979094816,404.60156797851874,400.9249420409186,402.3036804199219,72216000,0.0,0.0,0.0
2023-05-31,400.48451382304125,401.38452439451896,398.5121576904561,400.07281494140625,110811800,0.0,0.0,0.0
2023-06-01,400.3026119453019,404.9271388982078,399.05793134165066,403.8739318847656,88865000,0.0,0.0,0.0
2023-06-02,406.43990546910896,410.4995078956091,405.9133165725639,409.71441650390625,91426200,0.0,0.0,0.0
2023-06-05,410.0590507599155,411.3420376561127,408.23030720227825,408.92926025390625,65460200,0.0,0.0,0.0
2023-06-06,408.5175766121595,410.34629101870956,407.8664846247956,409.8197021484375,64022200,0.0,0.0,0.0
2023-06-07,410.21228457452565,411.3420751836078,407.9813966367141,408.4026794433594,85373300,0.0,0.0,0.0
2023-06-08,408.46970190729934,411.32293010381545,407.7037491177831,410.8729248046875,61952800,0.0,0.0,0.0
2023-06-09,411.6675524134741,413.61118588050283,410.62392944046087,411.610107421875,85742800,0.0,0.0,0.0
2023-06-12,412.58679062643665,415.4208510939883,411.86869890795646,415.34423828125,76104300,0.0,0.0,0.0
2023-06-13,416.799532675551,418.72399834948806,416.13888604712963,418.08251953125,95899700,0.0,0.0,0.0
2023-06-14,418.4177237476961,420.3804962400345,415.14321240552647,418.5804748535156,100612100,0.0,0.0,0.0
2023-06-15,417.7665713681598,425.0145169652863,417.6708491876016,423.76983642578125,110303100,0.0,0.0,0.0
2023-06-16,425.7476478890072,426.31464161242656,421.8555599029222,422.3264465332031,114165800,1.638,0.0,0.0
2023-06-20,420.39480701035416,421.27892182844886,418.0691445357275,420.13531494140625,76160400,0.0,0.0,0.0
2023-06-21,419.15510212154635,419.9527293765365,417.3964332987813,417.982666015625,76982300,0.0,0.0,0.0
2023-06-22,417.03123579350665,419.59712182011833,416.69487567418776,419.4914245605469,70637200,0.0,0.0,0.0
2023-06-23,416.0509861285015,418.09794671553647,415.60892874801584,416.320068359375,92074500,0.0,0.0,0.0
2023-06-26,415.75312807727073,417.6655331304873,414.37888755488666,414.619140625,72823600,0.0,0.0,0.0
2023-06-27,415.49365998386605,419.7797664878717,415.0419830447426,419.16473388671875,72813700,0.0,0.0,0.0
2023-06-28,418.0884078382685,420.3852414139791,417.4733751895604,419.3761901855469,75636000,0.0,0.0,0.0
2023-06-29,418.96288231167824,421.1924377171977,418.559273599848,421.029052734375,67882300,0.0,0.0,0.0
2023-06-30,424.2292689763498,426.97775005705444,423.9121184961037,425.9975280761719,104964000,0.0,0.0,0.0
2023-07-03,425.6515644045463,426.7663128211192,425.3728626365197,426.4876403808594,32793400,0.0,0.0,0.0
2023-07-05,424.68086605187517,426.58368059216104,424.6712465458686,425.8533020019531,58418400,0.0,0.0,0.0
2023-07-06,422.2879821858995,422.9414634252197,420.0199782059898,422.51861572265625,80658300,0.0,0.0,0.0
2023-07-07,421.52880169929125,425.3824701498979,421.21165123791485,421.451904296875,86134200,0.0,0.0,0.0
2023-07-10,421.0963071478734,422.6915908752238,420.52931348483696,422.51861572265625,62443500,0.0,0.0,0.0
2023-07-11,423.2777972154116,425.6995371839706,422.30716559567895,425.20941162109375,64463800,0.0,0.0,0.0
2023-07-12,428.98627543991233,430.03377528061355,427.5639667416878,428.63067626953125,91924500,0.0,0.0,0.0
2023-07-13,430.43733958982216,432.82066029903234,430.0049017154937,432.0326232910156,72425200,0.0,0.0,0.0
2023-07-14,432.9168067475371,433.76247288793445,431.00437243683245,431.7635803222656,69815800,0.0,0.0,0.0
2023-07-17,431.6194032211896,434.3102255823968,431.5713350157398,433.2627258300781,52680200,0.0,0.0,0.0
2023-07-18,432.93600974084484,437.12600898753516,432.5035425061128,436.4821472167969,80668200,0.0,0.0,0.0
2023-07-19,437.2701946323452,438.6348156080869,436.4052601424123,437.4527893066406,65891700,0.0,0.0,0.0
2023-07-20,436.462879583876,437.35661380071673,433.8393059855323,434.5504455566406,70591600,0.0,0.0,0.0
2023-07-21,436.2610459263221,436.462879583876,434.5408553784918,434.5504455566406,71275600,0.0,0.0,0.0
2023-07-24,435.6941036910491,437.29900699604326,434.6658135812287,436.49176025390625,54023400,0.0,0.0,0.0
2023-07-25,436.22271303443887,438.9327454121648,436.1746448231181,437.6834411621094,55191200,0.0,0.0,0.0
2023-07-26,436.7512104988631,439.17295065598853,435.7037107326863,437.75067138671875,71052900,0.0,0.0,0.0
2023-07-27,441.12376602896836,441.52740401742074,433.945004429069,434.8483581542969,92194400,0.0,0.0,0.0
2023-07-28,438.1062824263063,439.9321998907834,434.8484367232918,439.1057434082031,80011800,0.0,0.0,0.0
2023-07-31,439.5766136336967,440.2973728160184,438.26962173264826,439.9418029785156,62040400,0.0,0.0,0.0
2023-08-01,438.48102764934566,439.42283016702106,437.7314393035273,438.682861328125,55291500,0.0,0.0,0.0
2023-08-02,435.5787978326574,435.83826057949295,431.83085596175755,432.5804443359375,93933400,0.0,0.0,0.0
2023-08-03,430.5719611647709,433.214745002421,429.92807001647094,431.34075927734375,64276100,0.0,0.0,0.0
2023-08-04,433.14742331097347,435.2424228845315,428.87090725675444,429.3898620605469,100128900,0.0,0.0,0.0
2023-08-07,431.2157929076751,433.2915828601554,430.523862923515,433.1378173828125,58357500,0.0,0.0,0.0
2023-08-08,430.610350839472,433.1282275391779,427.90990879603123,431.2542419433594,71361300,0.0,0.0,0.0
2023-08-09,431.5233041246725,431.6866891018031,427.61197745800644,428.3711853027344,78789600,0.0,0.0,0.0
2023-08-10,430.7160393980688,434.08920144153984,427.36211636743525,428.5249328613281,93005500,0.0,0.0,0.0
2023-08-11,426.6605919753528,429.28416586620887,426.06476909769503,428.27508544921875,68690900,0.0,0.0,0.0
2023-08-14,427.3621343832933,430.63916015625,427.0546034425639,430.63916015625,47867400,0.0,0.0,0.0
2023-08-15,428.87090781167177,429.22650696420783,425.0556881700834,425.6227111816406,75707500,0.0,0.0,0.0
2023-08-16,425.2094830101528,426.8624252963623,422.39372408289853,422.49945068359375,80107200,0.0,0.0,0.0
2023-08-17,423.96015411160533,424.2196168527754,418.76107448676936,419.280029296875,95711300,0.0,0.0,0.0
2023-08-18,416.4738387437825,420.5101015823301,416.12788844047134,419.4818115234375,98852000,0.0,0.0,0.0
2023-08-21,420.4909004571907,422.95108948384575,418.34786189824484,422.21112060546875,68719000,0.0,0.0,0.0
2023-08-22,423.9793093243941,423.9793093243941,420.5100697363889,421.06744384765625,64994200,0.0,0.0,0.0
2023-08-23,422.1246379899384,426.3723251113796,421.98049201554073,425.75726318359375,68441000,0.0,0.0,0.0
2023-08-24,427.35260493205357,427.86194032907133,419.827861444149,419.8567199707031,88517300,0.0,0.0,0.0
2023-08-25,421.5768448293855,424.09469222022517,418.0403268045078,422.8165588378906,102325100,0.0,0.0,0.0
2023-08-28,424.99802710166506,426.1128047760357,422.8165399597136,425.4977722167969,61595400,0.0,0.0,0.0
2023-08-29,425.3920855016939,431.9269866887697,425.20949081985793,431.6482849121094,83081900,0.0,0.0,0.0
2023-08-30,431.9845682431216,434.060357945483,431.2830188362327,433.42608642578125,69053900,0.0,0.0,0.0
2023-08-31,434.0411436980902,435.17513102782067,432.6092449398333,432.7918395996094,66084600,0.0,0.0,0.0
2023-09-01,435.5019359140747,435.98244204092543,432.14798320577563,433.59912109375,58944100,0.0,0.0,0.0
2023-09-05,433.1570257317341,433.4741468434639,431.65784909348326,431.72509765625,55166200,0.0,0.0,0.0
2023-09-06,430.91787558724553,431.0236021823755,426.5068329962555,428.8228759765625,70758500,0.0,0.0,0.0
2023-09-07,425.83410543618885,428.17897757007677,425.4881551186145,427.50628662109375,70355400,0.0,0.0,0.0
2023-09-08,427.5543236104539,429.67815236910445,427.19875378748577,428.150146484375,61659700,0.0,0.0,0.0
2023-09-11,430.7640781970579,431.2734134651807,429.0630972437641,430.9659118652344,60180100,0.0,0.0,0.0
2023-09-12,429.5244300194834,431.04281644605425,428.02525327961035,428.6018371582031,67565400,0.0,0.0,0.0
2023-09-13,428.82292174853706,430.25482073095276,427.7273536183731,429.10162353515625,60199300,0.0,0.0,0.0
2023-09-14,431.5617375492493,433.4933520471616,430.26436526823954,432.8014221191406,83430800,0.0,0.0,0.0
2023-09-15,431.22279002690107,431.5506832250515,427.1530117903473,427.58697509765625,111848900,1.583,0.0,0.0
2023-09-18,427.2783073434339,429.12997218957395,426.80575976702727,427.8376770019531,55752200,0.0,0.0,0.0
2023-09-19,426.92147805226983,427.5097785871883,424.27902594225344,426.9504089355469,66514600,0.0,0.0,0.0
2023-09-20,428.2041638924205,428.61884971067485,422.8227839687489,423.02532958984375,82562600,0.0,0.0,0.0
2023-09-21,420.18992560678913,420.45030352827405,415.8790478749404,416.0333557128906,104095800,0.0,0.0,0.0
2023-09-22,417.0556351724514,418.6468925041763,414.6831851842822,415.097900390625,100829700,0.0,0.0,0.0
2023-09-25,413.8924379607471,416.8820607506406,413.458445268684,416.843505859375,70874500,0.0,0.0,0.0
2023-09-26,413.8152657492611,414.5192898301892,409.8901424025337,410.71954345703125,96168400,0.0,0.0,0.0
2023-09-27,411.88640908082164,412.445778671282,407.2572916755206,410.8834228515625,104705800,0.0,0.0,0.0
2023-09-28,410.33377256481566,414.93395949847536,409.7454720420047,413.2655334472656,92258300,0.0,0.0,0.0
2023-09-29,416.30341993440965,416.47700522910236,410.7484550545368,412.2625732421875,115111300,0.0,0.0,0.0
2023-10-02,411.4332235195831,413.34275029290137,409.3501114299314,412.0986633300781,83798600,0.0,0.0,0.0
2023-10-03,409.9287826037436,412.1565492542185,405.2224953214738,406.5823059082031,103760600,0.0,0.0,0.0
2023-10-04,407.0451406977265,410.28551714342467,405.588884325945,409.5429382324219,87453000,0.0,0.0,0.0
2023-10-05,409.25361095296023,410.2276663727646,406.1771957071079,409.3886413574219,70142700,0.0,0.0,0.0
2023-10-06,406.9487069673823,415.78263268562836,405.627480956343,414.2492370605469,113273300,0.0,0.0,0.0
2023-10-09,412.35898219183764,417.47033030159264,411.80929543558074,416.9013366699219,80374400,0.0,0.0,0.0
2023-10-10,417.5282094394434,421.6558488736504,417.1328010827686,419.0712585449219,78607300,0.0,0.0,0.0
2023-10-11,420.1321774519797,421.0386884193442,417.7597269120865,420.7879638671875,62451700,0.0,0.0,0.0
2023-10-12,421.39545544096734,421.7715569076046,415.879074957657,418.2225646972656,81154200,0.0,0.0,0.0
2023-10-13,419.7174193113071,420.9132978989336,414.5771691952751,416.1394958496094,95143100,0.0,0.0,0.0
2023-10-16,418.3768791839652,421.5787008605216,418.1357786859934,420.5178527832031,75433200,0.0,0.0,0.0
2023-10-17,417.40284337508905,422.54312271495667,417.0556727686725,420.4985656738281,75324700,0.0,0.0,0.0
2023-10-18,418.7337471858001,419.6884958400442,413.8152906244154,414.8954162597656,93559800,0.0,0.0,0.0
2023-10-19,415.6091165353134,417.4125438390961,410.57493615662145,411.25,121323000,0.0,0.0,0.0
2023-10-20,410.8159967559263,411.3560595506144,406.09040315558224,406.1965026855469,123919900,0.0,0.0,0.0
2023-10-23,404.6727145608842,409.3404462034215,402.9271492717955,405.4924621582031,92035100,0.0,0.0,0.0
2023-10-24,407.60455792627596,409.6973235164309,405.7625463101056,408.5496826171875,78564200,0.0,0.0,0.0
2023-10-25,406.87162732034284,406.9005582068923,402.17496424155433,402.68609619140625,94223200,0.0,0.0,0.0
2023-10-26,401.6252048310319,402.47385382688697,396.9478494758642,397.864013671875,115156800,0.0,0.0,0.0
2023-10-27,399.4456375835296,399.84104590641886,394.64290537878924,396.0605773925781,107367700,0.0,0.0,0.0
2023-10-30,398.8381328209202,401.84706268429056,397.54583752991965,400.7958679199219,86562700,0.0,0.0,0.0
2023-10-31,401.36484674476185,403.63119749728736,399.4649734881191,403.3129577636719,79665200,0.0,0.0,0.0
2023-11-01,404.27737373849845,408.42429101289605,403.74693492260894,407.61419677734375,98068100,0.0,0.0,0.0
2023-11-02,411.39455884918044,415.5800890892324,411.37528140598056,415.42578125,94938900,0.0,0.0,0.0
2023-11-03,417.72107011423,420.75893033677426,417.59569315312746,419.21588134765625,100167800,0.0,0.0,0.0
2023-11-06,419.96812824031423,420.62391451827705,418.24184046839486,420.1802978515625,67831700,0.0,0.0,0.0
2023-11-07,420.18031060348386,422.0126685210308,419.04232330462156,421.37615966796875,64256100,0.0,0.0,0.0
2023-11-08,421.97412330805065,422.4949086781329,419.38953276666115,421.684814453125,61746000,0.0,0.0,0.0
2023-11-09,422.822781049031,422.86136537152765,417.9718399454001,418.39617919921875,83174400,0.0,0.0,0.0
2023-11-10,420.4600141525394,425.23378661631307,418.38652621092507,424.9251708984375,89462200,0.0,0.0,0.0
2023-11-13,423.5943543234561,425.61957523316283,422.81319095971963,424.5201721191406,52236100,0.0,0.0,0.0
2023-11-14,430.4318608990323,434.0387145688406,430.2100378679161,432.7560729980469,97176900,0.0,0.0,0.0
2023-11-15,434.08695751300667,435.31176685348777,432.82359328411655,433.6722717285156,77327600,0.0,0.0,0.0
2023-11-16,433.2287337200293,434.52102906546435,432.16788547192056,434.2027893066406,66665800,0.0,0.0,0.0
2023-11-17,434.2123285978125,435.35034527714225,433.2961643954989,434.7427673339844,83133200,0.0,0.0,0.0
2023-11-20,434.4920641115296,438.9283195268349,434.48241067282527,438.08929443359375,69936200,0.0,0.0,0.0
2023-11-21,437.0477288286672,437.9639225798321,435.8711571103787,437.134521484375,49244600,0.0,0.0,0.0
2023-11-22,438.7836191839142,440.1337760565273,437.7324245676935,438.8221740722656,59394900,0.0,0.0,0.0
2023-11-24,438.87043049439643,439.2851162959046,438.54253734218906,439.09222412109375,29737400,0.0,0.0,0.0
2023-11-27,438.46535397413186,439.2754481049459,437.91563778247536,438.3014221191406,50506000,0.0,0.0,0.0
2023-11-28,437.91563451759527,440.02767719087626,437.3562943235412,438.7353820800781,62115000,0.0,0.0,0.0
2023-11-29,440.8763777024274,442.0047410159344,438.0314094012158,438.4267883300781,63146000,0.0,0.0,0.0
2023-11-30,439.26581233862987,440.500245661758,437.201978031331,440.1530456542969,79752700,0.0,0.0,0.0
2023-12-01,439.5455435028684,443.2874284363199,438.9572723368323,442.75701904296875,89183400,0.0,0.0,0.0
2023-12-04,439.3815446393366,442.77622898793436,438.1663887357716,440.4327392578125,72430900,0.0,0.0,0.0
2023-12-05,439.05365215206086,441.3006958020075,438.6775212551753,440.345947265625,69793500,0.0,0.0,0.0
2023-12-06,442.4772269989622,442.5061578782963,438.1374185115915,438.5714111328125,69124700,0.0,0.0,0.0
2023-12-07,440.6449813906353,442.5641322141357,440.0470567781608,441.9179992675781,66995400,0.0,0.0,0.0
2023-12-08,441.1753589138319,444.3482499376319,440.93425839840177,443.8178405761719,83194400,0.0,0.0,0.0
2023-12-11,443.32598493677364,445.7177126387657,443.11381530650647,445.5440979003906,65002200,0.0,0.0,0.0
2023-12-12,445.19687499100826,447.6753950554409,444.20354216398823,447.5789489746094,68327600,0.0,0.0,0.0
2023-12-13,447.95509399152206,454.0019136162734,447.59826994583597,453.75115966796875,93278000,0.0,0.0,0.0
2023-12-14,455.6799755722313,456.8662007070536,452.54566886194607,455.2074279785156,119026000,0.0,0.0,0.0
2023-12-15,454.61284974570634,455.7845286924067,452.6181291338484,454.4579162597656,141553700,1.906,0.0,0.0
2023-12-18,456.0556626634462,457.9922869448393,455.00020597615196,457.0142822265625,70375300,0.0,0.0,0.0
2023-12-19,457.5565362720974,459.8708164807692,457.4790843028072,459.7933349609375,55761800,0.0,0.0,0.0
2023-12-20,458.9411749679152,460.81970272542947,452.9957542950649,453.42181396484375,102921000,0.0,0.0,0.0
2023-12-21,456.39454843299563,457.99228710614074,453.98346065798535,457.7211608886719,86667500,0.0,0.0,0.0
2023-12-22,458.84435899601766,460.3162123050925,456.7528308577729,458.6410217285156,67160400,0.0,0.0,0.0
2023-12-26,459.0477166286851,461.4781598644946,458.97023511368405,460.57763671875,55387000,0.0,0.0,0.0
2023-12-27,460.374329818143,461.5556718202345,459.84176995718065,461.4104309082031,68000300,0.0,0.0,0.0
2023-12-28,461.76869846768426,462.41745105376606,461.16834966842947,461.584716796875,77158100,0.0,0.0,0.0
2023-12-29,461.39101424995863,461.9139110481109,458.3020963459827,460.2484130859375,122283100,0.0,0.0,0.0
2024-01-02,457.1982355112993,458.66039620914324,455.5811413344983,457.6726989746094,123623700,0.0,0.0,0.0
2024-01-03,455.5230445204575,456.25897115713644,453.3346793148978,453.9350280761719,103585900,0.0,0.0,0.0
2024-01-04,453.4605069773082,456.0362204956158,452.25011695275793,452.47283935546875,84232200,0.0,0.0,0.0
2024-01-05,452.6761936894624,455.53272607542186,451.6497852739501,453.09259033203125,86118900,0.0,0.0,0.0
2024-01-08,453.58638450716506,459.7061234587128,453.46049921867973,459.5608825683594,74879100,0.0,0.0,0.0
2024-01-09,456.9174526401683,459.8804854755376,456.4139409568945,458.86376953125,65931400,0.0,0.0,0.0
2024-01-10,459.134858193739,462.32061320272817,458.854039417125,461.45880126953125,67310600,0.0,0.0,0.0
2024-01-11,462.4561601628175,462.9693643803347,457.2950698074294,461.2554626464844,77940700,0.0,0.0,0.0
2024-01-12,462.69831899096283,463.4342457523609,460.1710382191267,461.5750732421875,58026400,0.0,0.0,0.0
2024-01-16,460.2000221906259,461.507219896807,458.0697237314841,459.8804626464844,85014900,0.0,0.0,0.0
2024-01-17,456.8690498182248,457.8083137942025,454.9808292885089,457.32415771484375,68843900,0.0,0.0,0.0
2024-01-18,458.9896569986018,461.9429972701223,457.4500442083185,461.39105224609375,91856200,0.0,0.0,0.0
2024-01-19,462.51426116700225,467.4236105266518,461.43944893766223,467.1427917480469,110834500,0.0,0.0,0.0
2024-01-22,468.6727761250073,469.8444255597238,467.4817415348223,468.1305236816406,75844900,0.0,0.0,0.0
2024-01-23,468.67274693324026,469.737866598163,467.5882421140563,469.49578857421875,49945300,0.0,0.0,0.0
2024-01-24,472.3523626504235,473.28193407003323,469.5152150522186,470.0090637207031,81765000,0.0,0.0,0.0
2024-01-25,472.1296163726771,472.8364948673133,470.0090399898508,472.56536865234375,72525000,0.0,0.0,0.0
2024-01-26,472.1393159497028,473.6208323517754,471.12260001612924,471.96502685546875,76641600,0.0,0.0,0.0
2024-01-29,472.27486373270614,475.8479376894722,471.73261132928997,475.7026672363281,61322800,0.0,0.0,0.0
2024-01-30,475.0151877688741,476.0415962445669,474.5794354978266,475.3347473144531,58618400,0.0,0.0,0.0
2024-01-31,473.1366851322255,473.5821004537836,467.5591976080332,467.5785827636719,126011100,0.0,0.0,0.0
2024-02-01,469.27313995314404,473.7273819238251,468.4694242895628,473.6983337402344,91891600,0.0,0.0,0.0
2024-02-02,474.1340406811921,480.33123256171854,473.7951255169084,478.68511962890625,99228200,0.0,0.0,0.0
2024-02-05,478.0556906983339,478.7141358274664,474.69564656369516,476.9421081542969,75757100,0.0,0.0,0.0
2024-02-06,477.88142888849836,478.65609638301095,476.4580087647838,478.3268737792969,55918600,0.0,0.0,0.0
2024-02-07,480.56361115879434,482.73262076498764,479.6630584646698,482.3162536621094,70556500,0.0,0.0,0.0
2024-02-08,482.31623652505846,482.90689268947517,481.5028579516359,482.5292663574219,52343600,0.0,0.0,0.0
2024-02-09,483.0328221928446,485.7537769299286,482.693907035265,485.31805419921875,63979400,0.0,0.0,0.0
2024-02-12,485.28896212192205,487.5451161916344,484.3884094588291,485.10498046875,56502300,0.0,0.0,0.0
2024-02-13,478.8593667536311,481.33824328857344,475.17010013129357,478.4236145019531,113099200,0.0,0.0,0.0
2024-02-14,481.0477679790003,483.2555183461787,478.73348791641325,482.7713623046875,68387800,0.0,0.0,0.0
2024-02-15,483.4685762738627,486.28636814510776,482.9940832312684,486.1023864746094,61683000,0.0,0.0,0.0
2024-02-16,485.802216073848,486.9351247377766,482.9456834193714,483.6816101074219,75532900,0.0,0.0,0.0
2024-02-20,481.9483091532552,482.6164468795506,478.78193916164605,481.01873779296875,71736700,0.0,0.0,0.0
2024-02-21,479.7211799226085,481.609370733512,477.92010410161913,481.4544372558594,59293400,0.0,0.0,0.0
2024-02-22,488.0390264949041,492.3770461062639,487.08037735176976,491.4184265136719,76402500,0.0,0.0,0.0
2024-02-23,493.1323109036816,493.9650747069926,491.03109011668937,491.75732421875,61321800,0.0,0.0,0.0
2024-02-26,492.19303641539864,492.62878868752523,489.83035248988597,489.95623779296875,50386700,0.0,0.0,0.0
2024-02-27,490.64373169951057,491.089146972122,488.755511365846,490.8664245605469,48854500,0.0,0.0,0.0
2024-02-28,489.3170987326298,490.7986149371762,488.95882801429093,490.2176513671875,56506600,0.0,0.0,0.0
2024-02-29,491.9703479594554,493.5874126583201,489.3365378000111,491.9800109863281,83924800,0.0,0.0,0.0
2024-03-01,492.8514825275074,497.02487558805785,492.4447784604082,496.59881591796875,76844800,0.0,0.0,0.0
2024-03-04,495.80488009764395,497.90610083671146,495.7758023657051,496.0662841796875,49799300,0.0,0.0,0.0
2024-03-05,494.07152244829007,494.5169672600257,488.9104323126882,491.1084899902344,72855600,0.0,0.0,0.0
2024-03-06,494.3717142498123,495.84356750478094,492.3092343684573,493.5970764160156,68382400,0.0,0.0,0.0
2024-03-07,496.8796700098079,499.54252820351775,493.65517426694095,498.4967346191406,58652100,0.0,0.0,0.0
2024-03-08,499.1262380204942,501.79873010183235,494.93342956107733,495.5047302246094,86532500,0.0,0.0,0.0
2024-03-11,494.30400588507405,495.65963700941484,492.3867371553007,495.0786437988281,62557200,0.0,0.0,0.0
2024-03-12,497.17992269457994,500.98538263864816,494.67196803265733,500.4044189453125,73114400,0.0,0.0,0.0
2024-03-13,500.72391574507606,500.8982048517955,498.1869424676809,499.6200256347656,55104100,0.0,0.0,0.0
2024-03-14,500.5883050955873,500.7432681365898,495.6015329710001,498.6323547363281,110171800,0.0,0.0,0.0
2024-03-15,495.57751113868864,497.0247990949515,493.5474544938414,495.2084045410156,107646300,1.595,0.0,0.0
2024-03-18,499.25883960128044,500.69637526560086,497.74358168127196,498.1515197753906,88893300,0.0,0.0,0.0
2024-03-19,497.4619006203073,501.201461454095,496.4614118820625,500.9197998046875,60755300,0.0,0.0,0.0
2024-03-20,500.9780959649054,505.6889776418347,500.30788231111256,505.552978515625,69594600,0.0,0.0,0.0
2024-03-21,508.37956788041765,509.0788903449226,506.9419728955261,507.22369384765625,60256100,0.0,0.0,0.0
2024-03-22,507.13629916336896,507.6219595734279,506.02897920010236,506.26214599609375,79070800,0.0,0.0,0.0
2024-03-25,504.8925121146531,506.0095546868827,504.7079588014511,504.8634033203125,48512100,0.0,0.0,0.0
2024-03-26,506.2815491021887,506.62154697147946,503.5327537739349,503.93096923828125,65463700,0.0,0.0,0.0
2024-03-27,506.74777267634687,508.20475380954497,504.5914097711624,508.1658630371094,82999800,0.0,0.0,0.0
2024-03-28,508.20475523799445,509.56456872863964,507.78709442613604,508.0687561035156,96294900,0.0,0.0,0.0
2024-04-01,508.8069321681379,509.341146689148,506.0289099464076,507.1847839355469,62477500,0.0,0.0,0.0
2024-04-02,503.37716354129543,504.0959312787282,501.66762984972405,503.9599914550781,74230300,0.0,0.0,0.0
2024-04-03,502.87210705946654,506.00951312621123,502.8235528830779,504.5136413574219,59155800,0.0,0.0,0.0
2024-04-04,508.50581204447843,508.845750562364,498.0543922336854,498.3554992675781,96858100,0.0,0.0,0.0
2024-04-05,499.70571354461276,505.51419288118285,499.2686073334128,503.56182861328125,74546500,0.0,0.0,0.0
2024-04-08,504.26110380982067,505.26153318113694,503.0372303910679,503.8433837890625,48401800,0.0,0.0,0.0
2024-04-09,505.57239024819654,505.81522040681716,499.5987446322458,504.4262390136719,68049200,0.0,0.0,0.0
2024-04-10,498.7537372482173,501.35686962666665,497.40364652298035,499.3753967285156,82652800,0.0,0.0,0.0
2024-04-11,500.8906025681321,504.5816090108978,497.3938721033446,503.1440734863281,70099000,0.0,0.0,0.0
2024-04-12,499.61819571598176,501.026622508991,494.4799012010891,496.19915771484375,92561100,0.0,0.0,0.0
2024-04-15,500.3564247602264,500.5215326754904,489.13765316276323,489.98272705078125,92101400,0.0,0.0,0.0
2024-04-16,490.45864647041304,491.97390429784934,487.8069304512228,489.0890808105469,73484000,0.0,0.0,0.0
2024-04-17,491.5368749518904,491.7020125291738,484.80562897726037,486.1946105957031,75910300,0.0,0.0,0.0
2024-04-18,487.58356199441425,489.6718955124249,484.26163225086344,485.194091796875,74548100,0.0,0.0,0.0
2024-04-19,485.11635738087546,486.10709371048904,479.69637189409895,480.9591064453125,102212600,0.0,0.0,0.0
2024-04-22,483.5525564034497,487.9720832401042,481.22139272247443,485.38836669921875,67961000,0.0,0.0,0.0
2024-04-23,487.3893089914972,491.5756989172583,485.2038373746558,491.1483154296875,64633600,0.0,0.0,0.0
2024-04-24,492.03223509825074,492.81900253172324,488.7006120510912,490.91522216796875,55928100,0.0,0.0,0.0
2024-04-25,484.8638422405587,489.8078608662871,483.2223079459974,489.05023193359375,69122400,0.0,0.0,0.0
2024-04-26,491.82824557353393,495.2570064811488,491.1968930428971,493.6834716796875,64306100,0.0,0.0,0.0
2024-04-29,495.46093164580515,496.1020068122778,492.70238464126857,495.4317932128906,46415400,0.0,0.0,0.0
2024-04-30,493.97486496700367,494.9461856908876,487.5835876464844,487.5835876464844,77483600,0.0,0.0,0.0
2024-05-01,487.0008254451311,493.6155176945551,485.5341215576048,486.0003662109375,80242800,0.0,0.0,0.0
2024-05-02,489.69131460230034,491.3814327412964,485.22323354848663,490.54608154296875,62550200,0.0,0.0,0.0
2024-05-03,496.5003104757314,497.8504308833997,493.9748706361785,496.6265869140625,72756700,0.0,0.0,0.0
2024-05-06,499.01605624422,501.79401947741314,498.57895003144245,501.75518798828125,47264700,0.0,0.0,0.0
2024-05-07,502.71665384539546,503.69769707153597,501.63850227961154,502.3087158203125,52561300,0.0,0.0,0.0
2024-05-08,500.4826581745873,502.89151427383246,500.3661044462176,502.3572998046875,42047200,0.0,0.0,0.0
2024-05-09,502.541928571153,505.2907828616112,501.89116027589216,505.25189208984375,43643700,0.0,0.0,0.0
2024-05-10,506.8448626028078,507.65107540024,504.68855906076743,505.9027099609375,52233200,0.0,0.0,0.0
2024-05-13,507.57331435188917,507.6801453946088,504.8341830162767,505.9706115722656,36716400,0.0,0.0,0.0
2024-05-14,506.1648891476387,508.8069121408392,505.630674647656,508.2920837402344,57535900,0.0,0.0,0.0
2024-05-15,510.7495751277046,514.8776880610556,510.11819296519036,514.5863037109375,59504900,0.0,0.0,0.0
2024-05-16,514.6835231680202,516.2765036721471,513.381927076911,513.5276489257812,50244800,0.0,0.0,0.0
2024-05-17,513.644148566722,514.3338076754613,512.1968900639675,514.2658081054688,59187600,0.0,0.0,0.0
2024-05-20,514.3822777046638,516.3151962899514,513.9937257353356,514.8582153320312,37764200,0.0,0.0,0.0
2024-05-21,514.1005456427803,516.276294089697,513.8965469941198,516.120849609375,33437000,0.0,0.0,0.0
2024-05-22,515.4314389511925,516.1404842090901,512.4688628953678,514.6349487304688,48390000,0.0,0.0,0.0
2024-05-23,517.6750993626108,517.7819304108156,509.67136703027006,510.8758544921875,57211200,0.0,0.0,0.0
2024-05-24,512.7115556042107,515.062194143986,511.7694030777515,514.2559814453125,41291100,0.0,0.0,0.0
2024-05-28,515.0622463447778,515.2953538271266,511.992839734623,514.6154174804688,36269600,0.0,0.0,0.0
2024-05-29,510.6038721974795,512.1871297238472,510.30276514376794,511.0118103027344,45190300,0.0,0.0,0.0
2024-05-30,509.4771429084137,510.1376338577683,506.3786275625725,507.62188720703125,46377600,0.0,0.0,0.0
2024-05-31,508.57386073354985,512.3716988043419,503.49381286592205,512.2454223632812,90785800,0.0,0.0,0.0
2024-06-03,513.8480669180504,514.1297285627861,507.61214568816797,512.6630249023438,46835700,0.0,0.0,0.0
2024-06-04,511.36150323340104,513.974358217118,509.90452222280885,513.2361450195312,34632700,0.0,0.0,0.0
2024-06-05,515.5479441376007,519.355504956824,513.5664118243003,519.3360595703125,47610400,0.0,0.0,0.0
2024-06-06,519.637123680227,520.0645071551455,517.4030979505338,519.3262939453125,30808500,0.0,0.0,0.0
2024-06-07,518.3551314784796,521.4925385779339,517.2672567165705,518.6951293945312,43224500,0.0,0.0,0.0
2024-06-10,517.8888726207269,520.6182819903167,517.2963810974601,520.2977294921875,35686100,0.0,0.0,0.0
2024-06-11,518.7532508345464,521.608936050015,516.791164059003,521.5506591796875,36383400,0.0,0.0,0.0
2024-06-12,526.0964430443454,528.5150221365492,524.8045698950608,525.8341674804688,63251300,0.0,0.0,0.0
2024-06-13,527.5728807070939,527.7477113251548,524.1149812633378,526.8929443359375,44760900,0.0,0.0,0.0
2024-06-14,525.3680286737572,527.2426708093075,524.3675397366727,527.2135620117188,40089900,0.0,0.0,0.0
2024-06-17,526.5336166388124,532.7986479029511,526.0770650167459,531.4096069335938,55839500,0.0,0.0,0.0
2024-06-18,531.4677096282388,532.8858589299049,531.0500489188105,532.7595825195312,41376400,0.0,0.0,0.0
2024-06-20,533.6824639158926,534.3429548976981,529.5446281232266,531.3124389648438,70328200,0.0,0.0,0.0
2024-06-21,530.4929829849066,531.7110509477889,529.1482311958065,530.6001586914062,64338600,1.759,0.0,0.0
2024-06-24,530.4247136467889,532.9777790963483,528.7583754205319,528.8753051757812,45528700,0.0,0.0,0.0
2024-06-25,530.0934194702492,531.272530660959,528.5830271026286,530.9119873046875,37936200,0.0,0.0,0.0
2024-06-26,529.8010709636176,532.2859175813455,529.1579572826417,531.5745849609375,38550600,0.0,0.0,0.0
2024-06-27,531.4380824208646,532.9874907686532,530.6974877125363,532.4125366210938,35041500,0.0,0.0,0.0
2024-06-28,533.1823416161415,536.2226934820135,529.0799274394088,530.3174438476562,76144500,0.0,0.0,0.0
2024-07-01,531.6914448156673,531.9350583633359,528.6609065569018,531.4088745117188,40297800,0.0,0.0,0.0
2024-07-02,529.8107580224772,534.985107421875,529.7620472078919,534.985107421875,40434800,0.0,0.0,0.0
2024-07-03,534.6733620352073,537.7331629819162,534.6344052723863,537.3726196289062,32789900,0.0,0.0,0.0
2024-07-05,537.6746952876072,540.8708746254604,537.041276170241,540.4713745117188,41488400,0.0,0.0,0.0
2024-07-08,541.2508572097279,542.0401627530802,540.0327894282602,541.094970703125,36110500,0.0,0.0,0.0
2024-07-09,542.0499170234392,542.9463982576794,541.3288304126829,541.6211547851562,27289700,0.0,0.0,0.0
2024-07-10,542.83922140572,547.3216870432971,542.546897033872,546.9806518554688,38701200,0.0,0.0,0.0
2024-07-11,547.0977198782123,547.9649986305294,541.6310445771228,542.264404296875,53054200,0.0,0.0,0.0
2024-07-12,543.3849943470381,549.2706773223186,542.9172752823991,545.6846923828125,53084400,0.0,0.0,0.0
2024-07-15,547.6726520198463,550.4108665899995,545.3339375966927,547.1854248046875,40584300,0.0,0.0,0.0
2024-07-16,548.4910822924977,550.722561208659,547.7407334557406,550.4302368164062,36475300,0.0,0.0,0.0
2024-07-17,544.5249949514538,546.191333044454,542.3909378748594,542.7125244140625,57119000,0.0,0.0,0.0
2024-07-18,544.2425249574461,545.2267333968008,536.3689169185834,538.5419311523438,56270400,0.0,0.0,0.0
2024-07-19,538.3080081974957,539.9256355832753,533.9132099479913,534.9656372070312,65509100,0.0,0.0,0.0
2024-07-22,538.8733274893352,541.0853581914517,536.9439266510726,540.481201171875,43346700,0.0,0.0,0.0
2024-07-23,540.3738971671513,542.517708645555,539.1461346384042,539.6333618164062,34439600,0.0,0.0,0.0
2024-07-24,534.8388986294111,535.1409770414671,526.4878192997799,527.40380859375,74515300,0.0,0.0,0.0
2024-07-25,527.520781647899,533.4747422855404,523.7204457786454,524.6558837890625,61158300,0.0,0.0,0.0
2024-07-26,528.4271261891337,533.2116708123141,527.6572691986129,530.5319213867188,53763800,0.0,0.0,0.0
2024-07-29,532.0715719711993,533.0752290029756,528.8558251034021,530.84375,39515800,0.0,0.0,0.0
2024-07-30,532.305359200303,533.3577863863941,524.7630932312389,528.1541748046875,46853600,0.0,0.0,0.0
2024-07-31,534.9558070033685,539.3603586847362,533.5916069126868,536.7390747070312,65663400,0.0,0.0,0.0
2024-08-01,538.4542082657176,540.6954412129795,525.6498647611072,529.138427734375,76428700,0.0,0.0,0.0
2024-08-02,522.0639142511643,523.272228120303,515.096541908473,519.2867431640625,82789100,0.0,0.0,0.0
2024-08-05,498.56978906774395,510.20477524600585,497.234761759116,504.16314697265625,146267400,0.0,0.0,0.0
2024-08-06,505.95607618021586,516.2171073533713,504.6405868135895,508.811279296875,84826300,0.0,0.0,0.0
2024-08-07,514.9698250199898,518.0101770927619,504.8160280713854,505.4104309082031,70698300,0.0,0.0,0.0
2024-08-08,510.52630556896884,517.7177827712244,508.5092375881122,517.0941772460938,63276600,0.0,0.0,0.0
2024-08-09,516.2756321007693,520.8555792219031,515.05756422153,519.3743896484375,45619600,0.0,0.0,0.0
2024-08-12,520.5632672781688,522.044397411093,517.3865366569688,519.6472778320312,42542100,0.0,0.0,0.0
2024-08-13,522.8239831490899,528.4270952564345,522.5803695792055,528.1931762695312,52333100,0.0,0.0,0.0
2024-08-14,528.9825253913183,531.0386692920978,526.3222840215557,529.8595581054688,42446900,0.0,0.0,0.0
2024-08-15,535.4625975238755,539.22397656437,534.8584406614526,538.94140625,60846800,0.0,0.0,0.0
2024-08-16,537.3336536868505,540.8417253762545,537.1777671450008,540.1498413085938,44430700,0.0,0.0,0.0
2024-08-19,540.5590500378348,545.3143920898438,539.7112794996588,545.3143920898438,39121800,0.0,0.0,0.0
2024-08-20,544.8661286211883,546.5129587158026,543.0926147134523,544.4276123046875,33732300,0.0,0.0,0.0
2024-08-21,545.4703215908407,547.7505114259203,540.55903368272,546.298583984375,41514600,0.0,0.0,0.0
2024-08-22,548.18892980085,548.7930866218962,540.8025506157201,542.0108642578125,56121500,0.0,0.0,0.0
2024-08-23,545.236462053231,548.7055171032431,543.053634385247,547.77001953125,50639400,0.0,0.0,0.0
2024-08-26,548.7931322733509,549.504464836925,544.7686315002069,546.4641723632812,35788600,0.0,0.0,0.0
2024-08-27,545.197411094177,547.7017657101911,544.057316249273,547.2145385742188,32693900,0.0,0.0,0.0
2024-08-28,546.8735372102509,547.3022994954773,540.8611111576025,544.037841796875,41066000,0.0,0.0,0.0
2024-08-29,545.9964384879656,549.2803444323956,542.9463920388357,544.0864868164062,38715200,0.0,0.0,0.0
2024-08-30,546.4447596496766,549.7871307787254,542.9074857644326,549.2803955078125,62700100,0.0,0.0,0.0
2024-09-03,546.1523100029519,546.4836505961764,535.4723301709399,537.9766845703125,60600100,0.0,0.0,0.0
2024-09-04,536.144708671945,540.2666308743978,535.4236220855641,536.8755493164062,47224900,0.0,0.0,0.0
2024-09-05,536.8170931187602,539.652728695669,533.1238736044508,535.5697631835938,44264300,0.0,0.0,0.0
2024-09-06,535.8913798019039,537.5089477091443,525.659610039857,526.5560913085938,68493800,0.0,0.0,0.0
2024-09-09,530.73642683221,533.71825387263,528.8167214091793,532.451416015625,40445800,0.0,0.0,0.0
2024-09-10,534.3516827554222,535.1215396263949,529.4989199451313,534.7706909179688,36394600,0.0,0.0,0.0
2024-09-11,534.683107736862,541.1729474655668,526.1663863296421,540.2569580078125,75248600,0.0,0.0,0.0
2024-09-12,540.831888043875,545.1097566752126,538.619857760852,544.8076782226562,51819600,0.0,0.0,0.0
2024-09-13,545.4117823691347,548.646977454259,545.1584147606665,547.6530151367188,39310500,0.0,0.0,0.0
2024-09-16,547.389917673041,548.7249152296453,545.5969551700833,548.4618530273438,36656100,0.0,0.0,0.0
2024-09-17,550.6640853659264,552.1063181322738,546.4641898322706,548.6859741210938,49321000,0.0,0.0,0.0
2024-09-18,549.3387219072099,554.1622813962309,546.5030867638941,547.0585327148438,59044900,0.0,0.0,0.0
2024-09-19,556.4231830771506,558.2454079377469,553.5680389935643,556.3939208984375,75315500,0.0,0.0,0.0
2024-09-20,555.0313424308147,556.46815521981,552.4215262762143,555.4320678710938,77503100,1.746,0.0,0.0
2024-09-23,556.4976160471946,557.4652754060183,555.2855361955778,556.8201293945312,44116900,0.0,0.0,0.0
2024-09-24,557.6117584874984,558.471913246618,554.7967173955426,558.4132690429688,46805700,0.0,0.0,0.0
2024-09-25,558.2568026720365,558.989884913283,556.0770642403616,557.1815795898438,38428600,0.0,0.0,0.0
2024-09-26,561.4239069445024,561.7464799490699,557.044979898959,559.3908081054688,48336000,0.0,0.0,0.0
2024-09-27,560.4560792948731,561.2673140644259,557.553042442306,558.579345703125,42100900,0.0,0.0,0.0
2024-09-30,557.5531235786384,561.4238200592039,555.2659399397932,560.8178100585938,63557400,0.0,0.0,0.0
2024-10-01,560.465907913519,561.1109941219235,553.232804974523,555.793701171875,72668800,0.0,0.0,0.0
2024-10-02,554.9041746123262,557.0447771208477,552.5192113592627,556.0281982421875,38097800,0.0,0.0,0.0
2024-10-03,554.5621954422553,556.9471593905891,552.7343813129046,555.0118408203125,40846500,0.0,0.0,0.0
2024-10-04,559.4395649274686,560.4267920576441,555.2854315259468,560.0553588867188,42939100,0.0,0.0,0.0
2024-10-07,558.4132383947003,559.0583842578297,553.8485957624074,554.9921875,49964700,0.0,0.0,0.0
2024-10-08,557.5531808736639,560.8374356454558,556.6833016920415,560.2411499023438,37398700,0.0,0.0,0.0
2024-10-09,560.2312569183572,564.6786707180951,559.6350309496581,564.1215209960938,37912200,0.0,0.0,0.0
2024-10-10,562.7824731556751,564.5516429072721,561.5313172618801,563.1343383789062,44138100,0.0,0.0,0.0
2024-10-11,563.0560670625003,567.2395520271365,562.9192107150462,566.5064697265625,42268000,0.0,0.0,0.0
2024-10-14,568.1095385598273,572.0682314590191,567.6306009114653,571.1396484375,36217200,0.0,0.0,0.0
2024-10-15,571.4035256005812,571.7065305951428,565.4899467305453,566.7020263671875,54203600,0.0,0.0,0.0
2024-10-16,566.7021056174783,569.6832957534668,565.900594951752,569.1652221679688,30725400,0.0,0.0,0.0
2024-10-17,572.6936844531912,572.8989689898087,569.0282726746998,569.2139892578125,34393700,0.0,0.0,0.0
2024-10-18,570.8953358633636,572.1855682246422,569.4389548394798,571.4036254882812,37416800,0.0,0.0,0.0
2024-10-21,570.6801577821931,571.6576009296549,567.5034675529424,570.4651489257812,36439000,0.0,0.0,0.0
2024-10-22,567.9434160693424,571.3156073773309,567.2885457643838,570.1622314453125,34183800,0.0,0.0,0.0
2024-10-23,568.1486509721636,568.5885123492586,561.4629131521561,564.952392578125,49314600,0.0,0.0,0.0
2024-10-24,566.897492764615,566.9757049256177,563.5644376745634,566.1741943359375,34979900,0.0,0.0,0.0
2024-10-25,568.39295320261,571.27642231265,565.0403304898274,565.9786376953125,47268200,0.0,0.0,0.0
2024-10-28,569.4389192842264,569.5659916825215,567.4253885260767,567.7283935546875,30174700,0.0,0.0,0.0
2024-10-29,566.7703610094676,569.7613345267463,565.3824085036434,568.6470947265625,42899700,0.0,0.0,0.0
2024-10-30,568.1780374143577,570.1622760996802,566.2231506662927,566.9269409179688,41435800,0.0,0.0,0.0
2024-10-31,562.5771834276276,562.6456116079135,555.6177928931281,555.8132934570312,60182500,0.0,0.0,0.0
2024-11-01,558.4328924373011,562.5674583510357,557.7486702212007,558.1591796875,45667500,0.0,0.0,0.0
2024-11-04,558.2960627771841,559.586295105694,555.0802957635589,556.9569702148438,38217000,0.0,0.0,0.0
2024-11-05,557.8659451341218,563.7306045728799,557.6509362573997,563.6915283203125,39478300,0.0,0.0,0.0
2024-11-06,575.9094848869298,578.5778854519942,572.1854290723838,577.7079467773438,68182000,0.0,0.0,0.0
2024-11-07,579.7020872739936,583.191567003201,579.6238751058823,582.1749877929688,47233200,0.0,0.0,0.0
2024-11-08,582.7222620683345,586.1140207981344,582.7222620683345,584.6967163085938,46444900,0.0,0.0,0.0
2024-11-11,586.2802708315078,586.6321361059588,583.5336575099662,585.2539672851562,37586800,0.0,0.0,0.0
2024-11-12,585.175669871058,585.7718958867575,580.9628921945897,583.4358520507812,43006100,0.0,0.0,0.0
2024-11-13,583.8952929846365,585.7133231848053,581.5396809070076,583.7193603515625,47388600,0.0,0.0,0.0
2024-11-14,583.846300313338,584.3252378711322,579.2816578918741,579.9658203125,38904100,0.0,0.0,0.0
2024-11-15,576.4177129287726,576.8869261817384,570.6899107142463,572.5372924804688,75988800,0.0,0.0,0.0
2024-11-18,572.9967827127789,576.1930413945956,572.1366874944769,574.88330078125,37001700,0.0,0.0,0.0
2024-11-19,571.5208668268807,577.7080396739373,570.856212572816,576.9847412109375,49412000,0.0,0.0,0.0
2024-11-20,577.0629483995475,577.463673880748,571.4426497345274,577.1802368164062,50032600,0.0,0.0,0.0
2024-11-21,580.014817427747,581.6959910919024,574.1990184692589,580.2786865234375,46750300,0.0,0.0,0.0
2024-11-22,580.2689037579424,582.7027874385594,579.7704578390868,582.0772094726562,38226400,0.0,0.0,0.0
2024-11-25,585.9967380709614,587.3064784870423,581.7741764917598,584.0516357421875,42441400,0.0,0.0,0.0
2024-11-26,585.2929516850081,587.7659115133398,584.5794372696156,587.1012573242188,45621300,0.0,0.0,0.0
2024-11-27,586.9155638447446,587.2967213513849,583.807301635719,585.3223266601562,34000200,0.0,0.0,0.0
2024-11-29,586.1335489255529,589.7403166328984,585.8598958585202,588.9583740234375,30177400,0.0,0.0,0.0
2024-12-02,589.3688312028335,590.6884151690585,588.8801096579482,590.0139770507812,31746000,0.0,0.0,0.0
2024-12-03,589.7795507930211,590.5321415965333,588.7532472184814,590.2877807617188,26906600,0.0,0.0,0.0
2024-12-04,591.9689462717889,594.1974858067216,591.3042920365143,593.953125,42787600,0.0,0.0,0.0
2024-12-05,593.9530901421784,594.7546007001943,592.6237817496434,592.9756469726562,28762200,0.0,0.0,0.0
2024-12-06,593.738143242676,595.3313805479372,593.3276337729875,594.0997924804688,31241500,0.0,0.0,0.0
2024-12-09,593.982457801793,594.1486064406603,590.4539021843977,591.0403442382812,34742700,0.0,0.0,0.0
2024-12-10,591.7147337183083,592.135027098725,588.5478275712469,589.2026977539062,37234500,0.0,0.0,0.0
2024-12-11,592.1155320836123,594.7057206012569,591.8418193692619,593.7576293945312,28677700,0.0,0.0,0.0
2024-12-12,592.8975505621333,593.4644247000379,590.6983032226562,590.6983032226562,31543800,0.0,0.0,0.0
2024-12-13,592.7215354493896,593.4350498406591,589.2124883774769,590.5809326171875,35904700,0.0,0.0,0.0
2024-12-16,592.3305025817151,594.0703798886923,591.5583440306177,593.1026611328125,43695200,0.0,0.0,0.0
2024-12-17,590.5614592226143,591.5193345487469,589.2907948870824,590.6591796875,55773500,0.0,0.0,0.0
2024-12-18,590.3560537155035,592.7312332463192,572.6741417666346,573.0553588867188,108248700,0.0,0.0,0.0
2024-12-19,578.020816522432,579.6238377441589,572.6350947579137,572.8794555664062,85919500,0.0,0.0,0.0
2024-12-20,570.561034960996,584.27166262691,569.7175591199479,579.7603149414062,125716700,1.966,0.0,0.0
2024-12-23,579.5053432293004,583.8303494697157,576.337534899556,583.2321166992188,57635800,0.0,0.0,0.0
2024-12-24,584.5756905048978,589.7539893082886,583.997031715741,589.7147216796875,33160100,0.0,0.0,0.0
2024-12-26,587.9493315050056,590.8718961830699,586.5567076471659,589.75390625,41219100,0.0,0.0,0.0
2024-12-27,586.0271215733671,586.2625477535164,579.3777835694219,583.5458984375,64969300,0.0,0.0,0.0
2024-12-30,576.5631199685903,580.338917958557,573.150128529516,576.88671875,56578800,0.0,0.0,0.0
2024-12-31,578.5442507029012,579.2602265875062,573.1600354308964,574.7880859375,57052700,0.0,0.0,0.0
2025-01-02,578.0342139844852,579.740679758371,569.3154835989945,573.375732421875,50204000,0.0,0.0,0.0
2025-01-03,576.2099775379395,581.1822402167261,575.1311355296597,580.5447998046875,37888500,0.0,0.0,0.0
2025-01-06,584.7816606701658,588.145567536734,582.1630605707853,583.88916015625,47679400,0.0,0.0,0.0
2025-01-07,585.9094391002772,586.2330977215739,575.4744864171694,577.288818359375,60393100,0.0,0.0,0.0
2025-01-08,577.357566647636,579.2013495963691,573.9250009242365,578.13232421875,47304700,0.0,0.0,0.0
2025-01-10,574.5917674597674,574.6604259424307,567.4029789022777,569.3056030273438,73105000,0.0,0.0,0.0
2025-01-13,564.6765795569504,570.5413429214275,564.2646286559713,570.1882934570312,47910100,0.0,0.0,0.0
2025-01-14,573.101074063849,573.7287574980859,567.2068596443902,570.972900390625,48420600,0.0,0.0,0.0
2025-01-15,578.9561398854404,582.4965717179379,577.8479067851994,581.3589477539062,56900200,0.0,0.0,0.0
2025-01-16,582.7220679112103,582.8985926554029,579.5445027973688,580.2408447265625,43319700,0.0,0.0,0.0
2025-01-17,585.4584175885924,587.8121409710091,584.1343920679883,586.0664672851562,58070600,0.0,0.0,0.0
2025-01-21,589.0968201243991,591.4407861448484,587.1353543049476,591.4309692382812,42532900,0.0,0.0,0.0
2025-01-22,594.2456759945876,596.1090924921224,593.6964679520279,594.7556762695312,48196000,0.0,0.0,0.0
2025-01-23,594.1279851220985,598.0018920898438,593.8534110339756,598.0018920898438,41152100,0.0,0.0,0.0
2025-01-24,598.0607394613536,599.0120815203885,595.1087237951253,596.2561645507812,34604700,0.0,0.0,0.0
2025-01-27,583.3497595871564,588.1357411390088,583.1830517473746,587.8218994140625,70361100,0.0,0.0,0.0
2025-01-28,589.0477983536082,593.7062796977629,585.7427332202798,592.8726806640625,44433300,0.0,0.0,0.0
2025-01-29,592.0880784150642,592.4902124528912,587.6747800612517,590.2149047851562,37177400,0.0,0.0,0.0
2025-01-30,592.3234809305729,594.9125703683252,589.1458559611356,593.3826293945312,39281300,0.0,0.0,0.0
2025-01-31,595.7952259985301,598.2078504382997,589.4694869358445,590.2246704101562,66566900,0.0,0.0,0.0
2025-02-03,581.2509726905776,588.7241528776601,579.1129820721995,586.2527465820312,65857200,0.0,0.0,0.0
2025-02-04,586.3115788306599,590.695426254437,585.7721876960313,590.1854858398438,33457800,0.0,0.0,0.0
2025-02-05,589.0673886644034,592.7255030106178,587.0470814039787,592.578369140625,30653100,0.0,0.0,0.0
2025-02-06,594.3143418590737,594.7655005585997,591.0190935628144,594.6380004882812,35771500,0.0,0.0,0.0
2025-02-07,595.1970270806008,596.4131263461926,588.4887874469584,589.1949462890625,50788500,0.0,0.0,0.0
2025-02-10,592.3921407355843,593.8337894109928,591.1269569453736,593.1962890625,26048700,0.0,0.0,0.0
2025-02-11,590.940628411795,594.1868520894046,590.8229452462591,593.6474609375,30056700,0.0,0.0,0.0
2025-02-12,587.6551628450902,592.9020598913557,586.9784547529548,591.7349853515625,45076100,0.0,0.0,0.0
2025-02-13,592.8334516677448,598.1882752794738,591.5781445820884,597.9822998046875,40921300,0.0,0.0,0.0
2025-02-14,598.1881861265014,599.2179436285784,597.3349533511362,597.9528198242188,26910400,0.0,0.0,0.0
2025-02-18,599.1100803238464,599.7083129882812,596.658248231066,599.7083129882812,26749000,0.0,0.0,0.0
2025-02-19,598.3256621675536,601.4149354951375,597.8156618042251,601.1207275390625,31011100,0.0,0.0,0.0
2025-02-20,599.7573748000233,599.8946917719264,595.3245028060013,598.6197509765625,36554000,0.0,0.0,0.0
2025-02-21,598.4039822903428,598.5412992676794,587.9199448031515,588.3809204101562,76519800,0.0,0.0,0.0
2025-02-24,590.420875386549,591.4114252530362,584.997393388531,585.7035522460938,50737200,0.0,0.0,0.0
2025-02-25,585.6446767168586,586.3704094872951,578.200887648266,582.7907104492188,58266500,0.0,0.0,0.0
2025-02-26,584.4481329600031,588.0278318848362,580.4565429896904,583.0848999023438,43321600,0.0,0.0,0.0
2025-02-27,585.3504072406853,586.4979078319449,573.3855137517263,573.7777709960938,74196700,0.0,0.0,0.0
2025-02-28,574.2780198233005,583.2615078706541,571.2181376161361,582.73193359375,88744100,0.0,0.0,0.0
2025-03-03,584.6933298193593,585.8310134980443,568.727029424783,572.5224609375,74249200,0.0,0.0,0.0
2025-03-04,568.5407303426414,574.1112864169365,561.2244408531591,565.74560546875,109648200,0.0,0.0,0.0
2025-03-05,565.5789679172403,573.611174316589,562.0385358294819,571.8262329101562,71230500,0.0,0.0,0.0
2025-03-06,564.3921877543482,568.9918277562862,559.1354734261878,561.6755981445312,80094900,0.0,0.0,0.0
2025-03-07,559.9004915315724,566.2654391000913,554.7320094861279,564.82373046875,81158800,0.0,0.0,0.0
2025-03-10,556.6541826711317,558.56656383442,544.885388513382,549.7792358398438,99326600,0.0,0.0,0.0
2025-03-11,548.6220982014372,553.1530801539794,541.3842834233875,545.2091064453125,88102100,0.0,0.0,0.0
2025-03-12,551.3385793423611,552.2604706321457,543.0219837811946,548.1021728515625,69588200,0.0,0.0,0.0
2025-03-13,547.7295040716507,548.3375536768395,539.0892496749408,540.7957153320312,74079400,0.0,0.0,0.0
2025-03-14,545.3954461726303,552.966736502375,540.8644642362766,551.9663696289062,62660300,0.0,0.0,0.0
2025-03-17,551.9466761244148,558.7333912461695,551.5151512314662,556.2227172851562,49008700,0.0,0.0,0.0
2025-03-18,553.9179548314441,554.1337472059147,548.2885573100283,550.2108154296875,66041400,0.0,0.0,0.0
2025-03-19,551.9859849662871,559.9495323368723,550.8090933649922,556.203125,66556000,0.0,0.0,0.0
2025-03-20,552.4762478943836,559.5767440833547,551.7602722164517,554.5946044921875,62958200,0.0,0.0,0.0
2025-03-21,550.1543252489805,555.6727731535583,548.9247213465745,554.777587890625,83763000,1.696,0.0,0.0
2025-03-24,561.4864414688424,565.7655000443008,560.8962554773906,564.7129516601562,58766800,0.0,0.0,0.0
2025-03-25,565.9129505962637,567.0048245728844,564.3292350043083,566.0703735351562,38355700,0.0,0.0,0.0
2025-03-26,565.8047238585734,566.926137079624,557.9352585138073,559.3124389648438,51848300,0.0,0.0,0.0
2025-03-27,557.925492752828,561.5848258877031,555.7220517439531,557.8271484375,42164200,0.0,0.0,0.0
2025-03-28,556.3023301483869,557.0302460332103,546.0129833491962,546.5933227539062,71662700,0.0,0.0,0.0
2025-03-31,540.8585640195936,551.5610423029548,537.9468400615768,550.2625732421875,95328200,0.0,0.0,0.0
2025-04-01,548.3541875419536,553.7545984642982,544.6456828297712,551.8167114257812,54609600,0.0,0.0,0.0
2025-04-02,545.993387136237,558.1615443859063,545.7573127576624,555.3088989257812,76014500,0.0,0.0,0.0
2025-04-03,536.2154977474014,539.0288170958798,527.9427490234375,527.9427490234375,125986000,0.0,0.0,0.0
2025-04-04,515.1253487932553,517.2894637749819,496.8190194100305,497.0354309082031,217965100,0.0,0.0,0.0
2025-04-07,481.20796639726615,514.6335008889374,473.9385334512268,496.1501159667969,256611400,0.0,0.0,0.0
2025-04-08,513.3449138965836,516.4140007584771,481.17849041906084,488.3790588378906,165816600,0.0,0.0,0.0
2025-04-09,485.3886419991045,539.6682739257812,485.00499114058437,539.6682739257812,241867300,0.0,0.0,0.0
2025-04-10,523.4866290700438,524.7949444304113,501.0094937975821,516.0205078125,162331200,0.0,0.0,0.0
2025-04-11,514.4761933704091,527.6772059586904,511.5841621734685,525.2278442382812,97866300,0.0,0.0,0.0
2025-04-14,535.1727312016046,535.3990191212766,525.1489988978119,530.3231811523438,68034000,0.0,0.0,0.0
2025-04-15,530.8642755383438,534.3661851955569,528.0509561027874,528.837890625,56892900,0.0,0.0,0.0
2025-04-16,523.0047395671859,529.1134345891107,511.8005721602226,517.0829467773438,83484800,0.0,0.0,0.0
2025-04-17,519.0306499479765,522.5030206369137,515.3614705598376,517.8206787109375,79868100,0.0,0.0,0.0
2025-04-21,512.656330465215,513.1875578394483,500.1635713405903,505.4951477050781,69368100,0.0,0.0,0.0
2025-04-22,511.6529994400941,520.6635112296127,510.71848838241135,518.64697265625,75948100,0.0,0.0,0.0
2025-04-23,531.6119173418257,536.5303334599773,525.1688042348989,526.6836547851562,90590700,0.0,0.0,0.0
2025-04-24,527.9623626642604,538.4976302405015,526.7131259585628,537.7697143554688,64150400,0.0,0.0,0.0
2025-04-25,537.7304480905381,542.0586181694788,534.8187241892716,541.6553344726562,61119600,0.0,0.0,0.0
2025-04-28,542.3931048050576,544.5178341418862,536.127047500035,541.8618774414062,47613800,0.0,0.0,0.0
2025-04-29,539.953448479556,546.3867741937128,539.5993369831574,545.2752075195312,47775100,0.0,0.0,0.0
2025-04-30,538.6354556420874,547.4394329210733,532.6841838633078,545.49169921875,93101500,0.0,0.0,0.0
2025-05-01,551.2265660956555,554.8662060499098,548.7575115851928,549.3575439453125,63186100,0.0,0.0,0.0
2025-05-02,555.5153624660799,559.105829955879,553.203731094349,557.5122680664062,60717300,0.0,0.0,0.0
2025-05-05,553.390643044351,557.4040871519024,552.5348434974896,554.3153076171875,38659200,0.0,0.0,0.0
2025-05-06,548.8263903141681,554.1579367361115,547.8722463773032,549.6821899414062,48264700,0.0,0.0,0.0
2025-05-07,551.0101522781708,554.6202527049248,546.9671688153295,551.9938354492188,55588000,0.0,0.0,0.0
2025-05-08,556.0170826268422,561.0043636579312,552.5348657113146,555.8400268554688,65130800,0.0,0.0,0.0
2025-05-09,557.2368112120467,558.2401872369107,553.577538715433,555.1317749023438,37603400,0.0,0.0,0.0
2025-05-12,571.9822603015932,573.487324465949,567.6245507869492,573.4774780273438,78993600,0.0,0.0,0.0
2025-05-13,573.890562385163,579.4680890959,573.3299158219985,577.2646484375,67947200,0.0,0.0,0.0
2025-05-14,578.2188228927168,579.3697154326957,575.9858428026291,578.00244140625,66283500,0.0,0.0,0.0
2025-05-15,576.0054901792878,581.3271894858746,575.5529743261593,580.8255615234375,71268100,0.0,0.0,0.0
2025-05-16,581.6027001482121,584.7996705930015,579.664873035907,584.5045776367188,76052100,0.0,0.0,0.0
2025-05-19,578.5041197159628,585.8227258062999,578.5041197159628,585.1439819335938,68168500,0.0,0.0,0.0
2025-05-20,583.4127091135157,584.3570065824167,579.9796042324612,583.1765747070312,60614500,0.0,0.0,0.0
2025-05-21,578.8385171464103,582.910979810613,572.3265394745135,573.3495483398438,95197700,0.0,0.0,0.0
2025-05-22,573.1527690961759,577.0481757894836,571.9231652201731,573.5758056640625,70860400,0.0,0.0,0.0
2025-05-23,566.5817726606184,572.3166619439528,566.207968279521,569.6607055664062,76029000,0.0,0.0,0.0
2025-05-27,576.5072061511252,581.6616963869777,568.9918522772189,581.5043334960938,72588500,0.0,0.0,0.0
2025-05-28,581.9075989404909,583.0978771602481,577.412159762467,578.1400756835938,68445500,0.0,0.0,0.0
2025-05-29,583.383198499108,583.5209285665185,576.5072620387259,580.4223022460938,69973300,0.0,0.0,0.0
2025-05-30,579.3204334156932,581.4845480662418,573.7232746336874,579.77294921875,90601200,0.0,0.0,0.0
2025-06-02,578.1695751189003,583.1174697772985,575.5136188023458,583.038818359375,61630500,0.0,0.0,0.0
2025-06-03,582.6749573775863,587.3376063335356,582.1929021565289,586.36376953125,63606200,0.0,0.0,0.0
2025-06-04,587.2195824432733,588.1934192676081,585.7735368258813,586.2063598632812,57314200,0.0,0.0,0.0
2025-06-05,587.8786382444381,589.2262795230108,581.4059855081334,583.3733520507812,92278700,0.0,0.0,0.0
2025-06-06,588.8918048716712,591.0264408134955,587.1211869788787,589.364013671875,66588700,0.0,0.0,0.0
2025-06-09,589.9344673159251,591.4395314497265,588.7245561772476,589.8951416015625,53016400,0.0,0.0,0.0
2025-06-10,590.426305457828,593.6232758793388,589.3147986704665,593.2396850585938,66247000,0.0,0.0,0.0
2025-06-11,594.3315698285918,595.1873694307895,589.491865174911,591.5477294921875,73658200,0.0,0.0,0.0
2025-06-12,590.2197770479303,593.8987426757812,589.7377818775473,593.8987426757812,64129000,0.0,0.0,0.0
2025-06-13,588.7344360351562,592.0297509680191,585.7636933525403,587.2589111328125,89506000,0.0,0.0,0.0
2025-06-16,590.6034249017806,594.5873299052357,590.4263090889528,592.84619140625,79984100,0.0,0.0,0.0
2025-06-17,590.4164759991057,591.9313264126861,587.0227571759267,587.7802124023438,82209400,0.0,0.0,0.0
2025-06-18,588.6754557932543,591.4100642366768,586.7375684081719,587.6917724609375,76605000,0.0,0.0,0.0
2025-06-20,590.3564623402502,591.421997724495,584.9104595060545,586.3114624023438,94051400,1.761,0.0,0.0
2025-06-23,587.0612559769497,592.4875080391681,583.9535295622766,592.102783203125,87426000,0.0,0.0,0.0
2025-06-24,596.2266992885851,599.699459496435,595.3189919942236,598.6438598632812,67735300,0.0,0.0,0.0
2025-06-25,599.7587556505753,600.4493816787314,597.4205388336513,598.9793701171875,62114800,0.0,0.0,0.0
2025-06-26,600.8242007377552,604.0996909412141,600.2125189749694,603.6655883789062,78548400,0.0,0.0,0.0
2025-06-27,604.6621068443518,608.1250520914118,602.639606635459,606.6648559570312,86258400,0.0,0.0,0.0
2025-06-30,609.1016996773074,610.9169938229498,606.7930496988761,609.5653686523438,92502500,0.0,0.0,0.0
2025-07-01,608.0953617899536,610.5322734636828,607.2666588703396,609.3681030273438,70030100,0.0,0.0,0.0
2025-07-02,608.9636353224103,612.1700572103479,608.3420779544849,612.130615234375,66510400,0.0,0.0,0.0
2025-07-03,614.1036930875782,617.882354174148,614.0839419945853,616.9549560546875,51065800,0.0,0.0,0.0
2025-07-07,615.0015403770067,615.6625999062851,609.5851637565357,612.3574829101562,74814500,0.0,0.0,0.0
2025-07-08,613.0184402574613,613.7682592313246,611.2130216520668,612.0220336914062,59024600,0.0,0.0,0.0
2025-07-09,614.4194576258184,616.3432624074327,612.5843521193799,615.692138671875,66113300,0.0,0.0,0.0
2025-07-10,615.8302548644143,618.4644365752275,614.6562088976586,617.4285278320312,57529000,0.0,0.0,0.0
2025-07-11,614.38979053738,616.48135905139,613.1960537313187,615.2579956054688,63670200,0.0,0.0,0.0
2025-07-14,614.8042291186631,616.7774117864018,613.4624793566222,616.43212890625,51898500,0.0,0.0,0.0
2025-07-15,619.1057169315715,619.4411242116038,613.7189074073614,613.7978515625,74317300,0.0,0.0,0.0
2025-07-16,615.3764310442137,616.3531467698953,609.7627242916457,615.8499755859375,88987500,0.0,0.0,0.0
2025-07-17,616.0275671883336,619.9739319743786,615.8104858123922,619.6187133789062,68885700,0.0,0.0,0.0
2025-07-18,620.8618249379944,621.0295285799061,618.0599396747441,619.1649169921875,65621600,0.0,0.0,0.0
2025-07-21,620.3389282226562,623.0717447236228,619.9147012599321,620.3389282226562,63375000,0.0,0.0,0.0
2025-07-22,620.6644455724645,621.2860027914654,617.7934919268233,620.4276733398438,60046300,0.0,0.0,0.0
2025-07-23,623.0816882564411,625.7060546875,621.2860849659141,625.7060546875,70511000,0.0,0.0,0.0
2025-07-24,626.0907872079496,627.6200518287297,625.488980993582,625.9132080078125,71307100,0.0,0.0,0.0
2025-07-25,626.5742531786653,629.0308557161836,626.3276053702117,628.5572509765625,56865400,0.0,0.0,0.0
2025-07-28,628.9321516432593,629.4846403177779,627.0181622678288,628.3994140625,54917100,0.0,0.0,0.0
2025-07-29,629.7905378170077,630.1062542617998,625.8343572512257,626.7420043945312,60556300,0.0,0.0,0.0
2025-07-30,627.3930824208583,629.129492632239,623.0718079865017,625.9526977539062,80418900,0.0,0.0,0.0
2025-07-31,630.8856625012866,631.2703873241156,622.3121821287813,623.6046142578125,103385200,0.0,0.0,0.0
2025-08-01,617.9021501633858,617.9416523560914,610.9861351685431,613.383544921875,140103600,0.0,0.0,0.0
2025-08-04,617.2805351933534,622.7561046288977,617.191775701563,622.706787109375,73218000,0.0,0.0,0.0
2025-08-05,623.3184070376644,624.1274190145356,618.6320990296246,619.5496215820312,68051400,0.0,0.0,0.0
2025-08-06,620.615200817688,624.9463507668227,619.7075537473198,624.2952270507812,64357500,0.0,0.0,0.0
2025-08-07,627.7088284528788,628.4388963678413,620.674427785601,623.7723388671875,74205800,0.0,0.0,0.0
2025-08-08,625.5580097272857,629.0998986072367,625.2422933193634,628.6361694335938,64051600,0.0,0.0,0.0
2025-08-11,628.9124554108,630.382466681372,626.1499518449814,627.39306640625,58742300,0.0,0.0,0.0
2025-08-12,629.7312404986845,634.2300937128912,628.251353780633,634.072265625,64730800,0.0,0.0,0.0
2025-08-13,636.2625497647373,637.5254154950222,634.0624705008762,636.2428588867188,60092800,0.0,0.0,0.0
2025-08-14,634.1708704241781,636.9629400931691,633.7269526033184,636.3019409179688,59327500,0.0,0.0,0.0
2025-08-15,637.3280514224831,637.4267466743545,633.9046087993034,634.812255859375,68592500,0.0,0.0,0.0
2025-08-18,634.2400307460651,635.3647592128409,633.5691559281859,634.6741333007812,43804900,0.0,0.0,0.0
2025-08-19,634.4965717210093,635.4732874420525,629.9187737835771,631.23095703125,69750700,0.0,0.0,0.0
2025-08-20,630.8264521540534,631.0829152899969,624.4629267215348,629.5537109375,88890300,0.0,0.0,0.0
2025-08-21,627.7483287539096,629.4156102095885,625.3114169787772,627.028076171875,54805800,0.0,0.0,0.0
2025-08-22,629.2084140029245,637.8312114652382,628.70524285572,636.6571655273438,84083200,0.0,0.0,0.0
2025-08-25,635.4041800322128,636.6374190424261,633.7368384817344,633.855224609375,51274300,0.0,0.0,0.0
2025-08-26,633.5889446007113,636.8545593934813,632.9673872646679,636.5092163085938,51581600,0.0,0.0,0.0
2025-08-27,635.9270971923372,638.6895405097797,635.7790844255956,637.95947265625,48341100,0.0,0.0,0.0
2025-08-28,638.5613448732837,640.7712997557803,636.6868575289449,640.2188110351562,61519500,0.0,0.0,0.0
2025-08-29,638.7881685836082,639.1532627231435,634.5162720889837,636.400634765625,74522200,0.0,0.0,0.0
2025-09-02,628.9518765829083,631.9017745733,626.406454480519,631.6847534179688,81983500,0.0,0.0,0.0
2025-09-03,634.05255551225,635.5719445130327,631.8722274787872,635.1082153320312,70820900,0.0,0.0,0.0
2025-09-04,635.7791465574808,640.4457643382553,634.8813749728572,640.4161376953125,65219200,0.0,0.0,0.0
2025-09-05,642.7444163544111,643.4646688785257,634.7037341963564,638.561279296875,85178900,0.0,0.0,0.0
2025-09-08,639.9228600617976,641.1265327903665,638.5514836687598,640.1300659179688,63133100,0.0,0.0,0.0
2025-09-09,640.2680535026645,642.1327252974712,638.5415189260096,641.60986328125,66133900,0.0,0.0,0.0
2025-09-10,644.8557277247635,645.7732503039375,641.9058297062181,643.4646606445312,78034500,0.0,0.0,0.0
2025-09-11,645.4081991313436,649.5025765403432,644.8261440671411,648.8119506835938,69934400,0.0,0.0,0.0
2025-09-12,648.7823644090812,650.2721267910674,648.0917987261137,648.5949096679688,72780100,0.0,0.0,0.0
2025-09-15,650.7951046545995,652.1762963553084,650.4991393056443,652.0480346679688,63772400,0.0,0.0,0.0
2025-09-16,652.6004677140577,652.9063688014267,650.3708221309846,651.1502075195312,61169000,0.0,0.0,0.0
2025-09-17,651.1601352003632,652.8471677889224,645.5266771850337,650.3412475585938,101952200,0.0,0.0,0.0
2025-09-18,653.0149098952402,655.9746837040749,651.4166368558095,653.3799438476562,90459200,0.0,0.0,0.0
2025-09-19,655.2605944120114,657.4568701129051,653.321492861841,656.615966796875,97945600,1.831,0.0,0.0
2025-09-22,655.1320445581616,660.1676828141602,655.1023357778903,659.7225341796875,69452200,0.0,0.0,0.0
2025-09-23,659.6037107504653,660.2171487108257,654.9143129749383,656.1312255859375,81708900,0.0,0.0,0.0
2025-09-24,657.4172768788721,657.5161853625601,652.6289106713185,654.0436401367188,68082200,0.0,0.0,0.0
2025-09-25,650.91749472694,652.3717757310584,647.4251431178142,651.0263061523438,89622100,0.0,0.0,0.0
2025-09-26,652.4707616041429,655.3002210405111,650.8581544995363,654.756103515625,69179200,0.0,0.0,0.0
2025-09-29,657.2689261670223,658.1791500054463,654.7956099654933,656.59619140625,73499000,0.0,0.0,0.0
2025-09-30,655.8542079251938,659.5345338964465,654.5482897020846,659.0695190429688,86288000,0.0,0.0,0.0
2025-10-01,656.0916952927918,662.2255322042525,655.9828838603935,661.3153686523438,72545400,0.0,0.0,0.0
2025-10-02,663.2938778298502,663.4125921637317,659.6630669539827,662.0769653320312,56896000,0.0,0.0,0.0
2025-10-03,662.8389040732001,665.5001949823258,661.0284195287326,662.0672607421875,70494400,0.0,0.0,0.0
2025-10-06,664.451431246289,665.3319462864663,662.314512664693,664.4415283203125,54623300,0.0,0.0,0.0
2025-10-07,665.3616291701808,665.8068381763353,660.5436138980969,661.9781494140625,72020100,0.0,0.0,0.0
2025-10-08,663.0960778489103,666.0245059882836,662.2749199573431,665.925537109375,60702200,0.0,0.0,0.0
2025-10-09,666.3410972158545,666.7466945063586,662.0671995495462,663.996337890625,66501900,0.0,0.0,0.0
2025-10-10,664.9560020556908,666.7565834688588,645.8719162752307,646.0499877929688,159422600,0.0,0.0,0.0
2025-10-13,653.5985074660624,658.0306703959724,652.72789540716,655.9629516601562,79560500,0.0,0.0,0.0
2025-10-14,650.1556317834018,658.7232324647772,646.1983260713891,655.16162109375,88779600,0.0,0.0,0.0
2025-10-15,659.7026642450096,663.0762408380068,651.8968641380318,658.0702514648438,81702600,0.0,0.0,0.0
2025-10-16,659.7027763115389,661.5726180936518,650.0963932050812,653.5887451171875,110563300,0.0,0.0,0.0
2025-10-17,652.46076337718,658.6539563270334,651.1152939599514,657.298583984375,96500900,0.0,0.0,0.0
2025-10-20,660.197387427611,665.0352086527322,660.1479331778372,664.1348876953125,60493400,0.0,0.0,0.0
2025-10-21,664.2733620876278,665.8068060270512,662.8289237149189,664.1249389648438,56249000,0.0,0.0,0.0
2025-10-22,664.8274246920023,664.8274246920023,656.2202718491607,660.6722412109375,80564000,0.0,0.0,0.0
2025-10-23,660.9887422368442,665.5297769315139,660.672150546298,664.5899047851562,65604500,0.0,0.0,0.0
2025-10-24,669.2398161192735,671.2283116328227,668.4384640813665,670.0213623046875,74356500,0.0,0.0,0.0
2025-10-27,675.442806418656,678.2228112394536,674.8393317954225,677.926025390625,63339800,0.0,0.0,0.0
2025-10-28,679.7166595750679,681.5567921017911,677.5203840529186,679.7265625,61738100,0.0,0.0,0.0
2025-10-29,681.368983551386,682.338564675443,675.5814471238866,680.05322265625,85657100,0.0,0.0,0.0
2025-10-30,676.600418646911,678.6186229721906,672.5738525390625,672.5738525390625,76335800,0.0,0.0,0.0
2025-10-31,677.7281416384325,677.7677533403644,671.9900605416568,674.7799682617188,87164100,0.0,0.0,0.0
2025-11-03,678.3514739521635,678.4800912258883,672.6826525168186,676.04638671875,57315000,0.0,0.0,0.0
2025-11-04,668.8935461650569,672.7024895383894,667.3799079726423,668.0328369140625,78427000,0.0,0.0,0.0
2025-11-05,667.7755543304748,673.5927987432043,666.9742023136038,670.3478393554688,74402400,0.0,0.0,0.0
2025-11-06,669.2496813312496,670.150002278421,661.5824008089137,663.1554565429688,85035300,0.0,0.0,0.0
2025-11-07,660.7809522833221,663.9171603670279,654.1525138805237,663.8082885742188,100592400,0.0,0.0,0.0
2025-11-10,670.011442763763,674.8987178962867,667.8250699305912,674.1666259765625,75842900,0.0,0.0,0.0
2025-11-11,672.6925881240425,676.2739453424548,671.4855783543771,675.7100219726562,58953400,0.0,0.0,0.0
2025-11-12,677.4809224347684,677.6491514285055,673.6819422079296,676.0859985351562,62312500,0.0,0.0,0.0
2025-11-13,673.2367288900627,673.5928719621189,663.3632690735044,664.8670043945312,103457800,0.0,0.0,0.0
2025-11-14,658.2780414721369,668.4482860302248,656.1905771441307,664.7581176757812,96846700,0.0,0.0,0.0
2025-11-17,662.5519561070769,666.5191649555097,655.1022987242936,658.56494140625,90456100,0.0,0.0,0.0
2025-11-18,655.0330664835586,658.0208519047019,648.8596786437042,653.03466796875,114467500,0.0,0.0,0.0
2025-11-19,653.7272650457925,660.2172451791961,651.7189030472904,655.5574951171875,94703000,0.0,0.0,0.0
2025-11-20,665.7276649913678,668.3494043558474,644.9320631333248,645.5652465820312,165293500,0.0,0.0,0.0
2025-11-21,648.0582892153691,657.4568906385811,643.9031059831046,651.995849609375,123956200,0.0,0.0,0.0
2025-11-24,655.6167748873626,662.9081062970187,654.5285399004904,661.59228515625,80437900,0.0,0.0,0.0
2025-11-25,661.4933747936815,668.9924864834618,657.3876457131933,667.815185546875,81077100,0.0,0.0,0.0
2025-11-26,670.3973686817876,674.4239350690651,669.4970476879164,672.4254760742188,71879600,0.0,0.0,0.0
2025-11-28,673.5928002628821,676.3728052050843,673.2366572287348,676.0958251953125,49212000,0.0,0.0,0.0
2025-12-01,671.5647168500374,675.7000943604489,671.4954567492206,673.0091552734375,61201200,0.0,0.0,0.0
2025-12-02,674.6415287588202,676.5212733146432,672.0792068673397,674.2557373046875,62953800,0.0,0.0,0.0
2025-12-03,673.3059439079583,677.5995871066391,672.4353317565424,676.5905151367188,57238500,0.0,0.0,0.0
2025-12-04,677.9854656605314,678.0547257643626,674.0677712084201,677.085205078125,61970300,0.0,0.0,0.0
2025-12-05,678.1535936302283,681.0424704296607,677.2731389541586,678.3712768554688,79241000,0.0,0.0,0.0
2025-12-08,679.2618026085656,679.3112568636993,674.2953635655399,676.3333740234375,55231500,0.0,0.0,0.0
2025-12-09,675.8584445640498,678.0745263345831,675.3044241214166,675.7495727539062,58310100,0.0,0.0,0.0
2025-12-10,675.2747265375898,681.616283144729,674.0380683519487,680.2312622070312,85671300,0.0,0.0,0.0
2025-12-11,677.82719343181,681.8933109790751,674.8888622374254,681.8141479492188,86173700,0.0,0.0,0.0
2025-12-12,680.8248329648462,681.5272765513724,671.9208940415416,674.4832763671875,113160300,0.0,0.0,0.0
2025-12-15,678.4207075198718,678.4405133715769,671.999988545765,673.4641723632812,90811000,0.0,0.0,0.0
2025-12-16,671.9802275249427,673.8105178026394,667.7755898483048,671.6240844726562,122030600,0.0,0.0,0.0
2025-12-17,672.6331360665856,673.1772535061897,664.0358872930294,664.2337646484375,110625200,0.0,0.0,0.0
2025-12-18,670.3675775068244,673.4740770479272,667.6964444022054,669.2496337890625,108650100,0.0,0.0,0.0
2025-12-19,671.3463691548195,675.8114935895343,671.2272434527378,675.3153686523438,103599500,1.993,0.0,0.0
2025-12-22,678.639344063116,680.0483218496023,675.3153313921905,679.5224609375,69556700,0.0,0.0,0.0
2025-12-23,678.6195066727895,682.8663651395233,678.5699062922599,682.6282348632812,64840000,0.0,0.0,0.0
2025-12-24,682.6183200290311,685.4760045408373,682.4694583215327,685.0294799804688,39445600,0.0,0.0,0.0
2025-12-26,685.287420330769,686.2994739503212,683.9280429419551,684.9599609375,41613300,0.0,0.0,0.0
2025-12-29,682.2114479341877,683.8586166189733,680.7528697076866,682.51904296875,62559500,0.0,0.0,0.0
2025-12-30,682.1221392108215,683.2235219572843,681.2588867271484,681.685546875,47160700,0.0,0.0,0.0
2025-12-31,681.8145855439083,682.0328514439952,676.4266760541103,676.635009765625,74144800,0.0,0.0,0.0
2026-01-02,680.3956585252009,681.5466416904673,674.5512924418268,677.8753051757812,89377200,0.0,0.0,0.0
2026-01-05,681.2192280630002,684.0868448237256,681.0604947255163,682.3900756835938,71927200,0.0,0.0,0.0
2026-01-06,682.5984906991714,686.9544824498945,682.4496895461597,686.4484252929688,69273800,0.0,0.0,0.0
2026-01-07,686.8254142672773,688.5817158514149,683.9776620917838,684.2356567382812,75588300,0.0,0.0,0.0
2026-01-08,683.4815439165204,685.2675815209567,682.1618346683338,684.1661987304688,64019200,0.0,0.0,0.0
2026-01-09,685.2775150455628,689.9212370510019,683.8387406584166,688.6908569335938,80125500,0.0,0.0,0.0
2026-01-12,685.3271398200249,690.6952455853734,685.2775394384523,689.7723999023438,63976000,0.0,0.0,0.0
2026-01-13,690.0998903120652,690.6952766040527,685.9919610896558,688.3932495117188,78309700,0.0,0.0,0.0
2026-01-14,685.6445758579941,686.3589666067269,680.7229953056234,685.009521484375,94676700,0.0,0.0,0.0
2026-01-15,689.1870202593807,690.0602050162862,685.8927433241695,686.8750610351562,77862000,0.0,0.0,0.0
2026-01-16,688.2839991969948,688.869453251486,684.7515921796883,686.2994995117188,79289200,0.0,0.0,0.0
2026-01-20,676.2083446056304,679.4629532027941,671.3264922720098,672.3286743164062,111623300,0.0,0.0,0.0
2026-01-21,674.3826370735425,683.402154325963,672.8743979165272,680.0880737304688,127844500,0.0,0.0,0.0
2026-01-22,684.5035112839386,685.7736201181282,681.5962265907631,683.6402587890625,77112200,0.0,0.0,0.0
2026-01-23,682.8167804315336,685.6050001770944,681.8344021762991,683.8883666992188,63059600,0.0,0.0,0.0
2026-01-26,685.138576123168,688.7503800429489,684.5729864520383,687.3612060546875,60473800,0.0,0.0,0.0
2026-01-27,688.8000086063018,691.1318321418594,688.1947507195304,690.099853515625,55506100,0.0,0.0,0.0
2026-01-28,691.6477064811113,692.4316225777728,688.5618241580821,690.0303344726562,61172200,0.0,0.0,0.0
2026-01-29,690.9928952881424,691.657685737667,679.5224893166136,688.6610717773438,97486200,0.0,0.0,0.0
2026-01-30,686.4285189892349,688.8298072906449,681.7947290319643,686.6071166992188,101835100,0.0,0.0,0.0
2026-02-02,684.2356737126761,691.5286859406688,684.0768798206813,690.0204467773438,79286500,0.0,0.0,0.0
2026-02-03,690.8142565672537,691.5584439188771,678.7286612443456,684.18603515625,107904600,0.0,0.0,0.0
2026-02-04,684.9996810996682,686.0911923060062,676.4762885369656,680.8719482421875,105204600,0.0,0.0,0.0
2026-02-05,675.6625626456348,678.3912495205631,670.5524520913757,672.3682861328125,113610800,0.0,0.0,0.0
2026-02-06,676.1786564838608,686.944543957853,675.5733380016845,685.2676391601562,89127600,0.0,0.0,0.0
2026-02-09,684.0769172088077,690.4769412520913,683.0053309088385,688.5718383789062,73885200,0.0,0.0,0.0
2026-02-10,689.5640655604284,691.1417089533321,686.2995246985826,686.7559814453125,65185700,0.0,0.0,0.0
2026-02-11,690.9928885783248,691.7370759669038,683.8387453470867,686.5972290039062,76353900,0.0,0.0,0.0
2026-02-12,688.859502308346,689.9608850687785,675.0970022106213,675.9900512695312,118829000,0.0,0.0,0.0
2026-02-13,676.4068370573647,680.961290747747,672.2691719299015,676.4663696289062,96267500,0.0,0.0,0.0
2026-02-17,674.8688419019007,679.6316291710169,670.5426469985775,677.5578002929688,81354700,0.0,0.0,0.0
2026-02-18,678.7188252184603,683.8090722697287,677.5380453641048,680.97119140625,73570300,0.0,0.0,0.0
2026-02-19,678.5401770095443,680.8620077880265,676.2678860499572,679.1751708984375,58649400,0.0,0.0,0.0
2026-02-20,677.0319102464942,684.7119142291095,676.4464562003476,684.0867919921875,100034000,0.0,0.0,0.0
2026-02-23,682.4992209190492,684.6523861034582,675.0970153480879,677.1013793945312,90558100,0.0,0.0,0.0
2026-02-24,676.6151751251432,683.0151380016027,674.7298762460771,682.0228881835938,73798700,0.0,0.0,0.0
2026-02-25,684.8310015582731,688.3038760705598,684.7516046120257,687.7780151367188,56369500,0.0,0.0,0.0
2026-02-26,687.9070203801248,687.9268241953206,679.046175727848,683.9578247070312,71671000,0.0,0.0,0.0
2026-02-27,677.795973699009,681.5367144347911,676.35719931042,680.6734619140625,83308900,0.0,0.0,0.0
2026-03-02,673.4400139353526,683.2831159083878,672.765291276125,681.0604858398438,87477200,0.0,0.0,0.0
2026-03-03,669.8281362739899,677.3196100252792,664.4699632194659,675.0573120117188,105003100,0.0,0.0,0.0
2026-03-04,676.3472549970834,681.7649608594664,674.3528231531807,679.8201293945312,79182200,0.0,0.0,0.0
2026-03-05,676.7937758642711,680.2170498641997,670.3738880206191,676.0297241210938,106606500,0.0,0.0,0.0
2026-03-06,668.1909311447467,670.8700177972564,664.5692556037578,667.1689453125,100687000,0.0,0.0,0.0
2026-03-09,661.2253729422058,674.650481531912,657.2563736570586,673.0133056640625,102667700,0.0,0.0,0.0
2026-03-10,672.4674947413112,678.0637980596332,669.5304741395607,671.9317016601562,81505300,0.0,0.0,0.0
2026-03-11,672.3286912573745,674.8093159596237,668.1215614523004,671.08837890625,68441700,0.0,0.0,0.0
2026-03-12,665.9583993556241,666.4446526664856,660.7094193200438,660.89794921875,108882200,0.0,0.0,0.0
2026-03-13,664.0831110227487,667.1293254881115,656.2343803863124,657.1571655273438,97200200,0.0,0.0,0.0
2026-03-16,663.1999840519829,666.8613885560293,661.9497395049242,663.844970703125,82023100,0.0,0.0,0.0
2026-03-17,667.1788836379297,669.2129836950214,664.5097291491037,665.5912475585938,87128000,0.0,0.0,0.0
2026-03-18,663.1801174312507,664.5295627375546,656.0657027257738,656.3038330078125,82062600,0.0,0.0,0.0
2026-03-19,651.8783782687178,657.8418097710767,650.0923405870744,654.6864624023438,111272500,0.0,0.0,0.0
2026-03-20,653.2009461223761,653.3800315656541,641.4703334037762,645.3009643554688,163617500,1.797,0.0,0.0
2026-03-23,654.7531040433624,659.2801583045331,650.6439158314106,652.07666015625,134802700,0.0,0.0,0.0
2026-03-24,648.0371459178807,653.7183875512989,646.604401549905,649.8877563476562,96457500,0.0,0.0,0.0
2026-03-25,655.3501116680137,657.5589538580906,650.9424473291369,653.5094604492188,90653800,0.0,0.0,0.0
2026-03-26,648.7734634761676,651.5493793651953,641.5699644768796,641.838623046875,96494400,0.0,0.0,0.0
2026-03-27,639.2616275919053,639.420794428861,629.9189411370072,630.89404296875,103649400,0.0,0.0,0.0
2026-03-30,636.8836547011163,637.1423539459004,626.108284608157,628.78466796875,99275900,0.0,0.0,0.0
2026-03-31,635.7195686416,648.2560368761451,634.7643854444117,647.0621337890625,152534100,0.0,0.0,0.0
2026-04-01,650.6041659517412,655.2008748639518,649.7086779392242,651.9373779296875,97841500,0.0,0.0,0.0
2026-04-02,643.1618697673937,654.8825248659317,641.858474913505,652.5244750976562,68358700,0.0,0.0,0.0
2026-04-06,652.554231190157,656.3947609217337,652.2159789115307,655.6087646484375,39105800,0.0,0.0,0.0
2026-04-07,653.3402849463747,656.285326673986,647.7784337275787,655.8972778320312,69980400,0.0,0.0,0.0
2026-04-08,672.980811715349,673.6673363432215,668.0756676404139,672.6027221679688,93606100,0.0,0.0,0.0
2026-04-09,671.4386399182858,677.7267318686964,670.3740257373166,676.4830322265625,57134400,0.0,0.0,0.0
2026-04-10,677.885949822129,678.5923930707559,675.0304203424645,676.0353393554688,42253500,0.0,0.0,0.0
2026-04-13,673.9955829678383,682.840788741459,673.1698101905051,682.6417846679688,54185800,0.0,0.0,0.0
2026-04-14,684.2238203737314,691.0791070995066,684.193942434314,690.959716796875,63480500,0.0,0.0,0.0
2026-04-15,691.7557051691649,696.7504224001667,690.7010502942645,696.412109375,58240400,0.0,0.0,0.0
2026-04-16,697.5264615426626,699.2378238459212,695.0092450197437,698.1234130859375,49972400,0.0,0.0,0.0
2026-04-17,702.5808909886877,708.7993894133457,702.2028014262665,706.5607299804688,70661900,0.0,0.0,0.0
2026-04-20,705.20752199003,706.3317705126415,702.5808139687996,705.1477661132812,43546800,0.0,0.0,0.0
2026-04-21,706.7000123508461,707.6949720613851,699.098505587723,700.53125,58941400,0.0,0.0,0.0
2026-04-22,705.5756906371417,707.8640857857167,704.6503246823615,707.6253051757812,42518500,0.0,0.0,0.0
2026-04-23,705.9239069650033,708.7694771316526,698.7403270820959,704.8792114257812,56174000,0.0,0.0,0.0
2026-04-24,707.1675680011435,710.8687887329964,705.4363479344694,710.3414916992188,45182000,0.0,0.0,0.0
2026-04-27,709.5754490929214,712.0230720129201,708.7098389427747,711.5653686523438,33135900,0.0,0.0,0.0
2026-04-28,708.2322548988411,709.2869098023077,705.6752010599358,708.1029052734375,43117400,0.0,0.0,0.0
2026-04-29,707.4163145996059,708.6102783309316,704.7995658491443,707.993408203125,41859200,0.0,0.0,0.0
2026-04-30,711.0280636665188,716.1620290590424,706.8691393587039,715.0377197265625,67240900,0.0,0.0,0.0
2026-05-01,717.6146516977453,721.216400793299,716.8385540170647,717.0177001953125,43049800,0.0,0.0,0.0
2026-05-04,716.4406056700121,718.4802608161392,711.3861936216806,714.3909912109375,51950600,0.0,0.0,0.0
2026-05-05,718.1320898558575,721.3855668152729,717.8534719876392,720.1220092773438,36933200,0.0,0.0,0.0
2026-05-06,724.489821452625,730.8874657022126,724.1515691652952,730.1312866210938,53288900,0.0,0.0,0.0
2026-05-07,731.3451201928577,732.4196936796947,726.0718458933673,727.8926391601562,51724600,0.0,0.0,0.0
2026-05-08,731.2257166531052,734.359863963193,730.8675457398152,733.9021606445312,47227100,0.0,0.0,0.0
2026-05-11,732.7380586745534,737.0561496205491,732.7380586745534,735.5736694335938,44024000,0.0,0.0,0.0
2026-05-12,733.1758744234386,735.1160580011854,728.1413807257971,734.4593505859375,54185300,0.0,0.0,0.0
2026-05-13,734.7478704606156,740.1604537310201,731.7629913201908,738.5685424804688,44200200,0.0,0.0,0.0
2026-05-14,739.9018102364839,745.7521781705404,739.8122371427646,744.3989868164062,45307600,0.0,0.0,0.0
2026-05-15,738.0511867146383,739.712813256131,734.2405345152865,735.4443969726562,60410800,0.0,0.0,0.0
2026-05-18,736.1010471042457,737.682999009625,729.6935042484962,734.927001953125,47843900,0.0,0.0,0.0
2026-05-19,731.0764945153984,733.9320239063612,727.8428755921286,730.03173828125,54255900,0.0,0.0,0.0
2026-05-20,732.0018002736176,738.1307251173267,730.1909663879147,737.5138549804688,45768000,0.0,0.0,0.0
2026-05-21,734.9170485709385,741.1156280791548,733.3151780259534,738.9764404296875,43332200,0.0,0.0,0.0
2026-05-22,742.4787264390759,745.1651298094138,740.7275876279662,741.8817749023438,41762000,0.0,0.0,0.0
2026-05-26,746.2297301040182,748.3390397979183,744.5979816306177,746.8068237304688,41123600,0.0,0.0,0.0
2026-05-27,747.0952952420212,747.5927750592914,744.4486686067338,746.6774291992188,42106300,0.0,0.0,0.0
2026-05-28,746.4685193943138,751.3438462445121,745.4536410614309,750.7965698242188,41562600,0.0,0.0,0.0
2026-05-29,752.0900813404212,754.2590862562773,750.8861582097875,752.6671142578125,55075700,0.0,0.0,0.0
2026-06-01,751.5527103892452,756.4479556154175,750.886104424133,754.7166748046875,43634900,0.0,0.0,0.0
2026-06-02,753.2144012702464,756.5674107365072,752.9357833937803,755.7415771484375,31581900,0.0,0.0,0.0
2026-06-03,754.3287420712209,754.9754294579049,749.7718095132926,750.4384155273438,51402500,0.0,0.0,0.0
2026-06-04,748.3091480570178,754.4878695071194,747.6823186029123,753.2740478515625,49923000,0.0,0.0,0.0
2026-06-05,748.5181345185488,749.0255736853693,731.82274221843,733.83251953125,93989400,0.0,0.0,0.0
2026-06-08,739.6132273185567,741.5832888174093,734.4693026781229,735.4940795898438,49319100,0.0,0.0,0.0
2026-06-09,739.881935268434,743.1354731343894,718.9480036644643,733.3350830078125,87683500,0.0,0.0,0.0
2026-06-10,729.69352181897,734.6583610930755,721.6741489247238,721.7736206054688,60341300,0.0,0.0,0.0
2026-06-11,725.0868662900759,736.2702039965386,720.7587550057447,734.04150390625,86330500,0.0,0.0,0.0
2026-06-12,736.9766163198905,740.6877965432628,731.3252525489901,738.0113525390625,57079500,0.0,0.0,0.0
2026-06-15,748.0604304424444,752.8661028247,747.9709180763429,751.0254516601562,60176400,0.0,0.0,0.0
2026-06-16,750.7468576807364,751.6323864215939,746.100412710964,746.5481567382812,67093100,0.0,0.0,0.0
2026-06-17,747.5032315039188,748.3589429763433,735.4940609532621,737.225341796875,85945200,0.0,0.0,0.0
2026-06-18,745.907751654771,746.3765582049119,742.0173878962117,744.8902587890625,80875700,1.904,0.0,0.0
2026-06-22,745.8479411927095,748.321778689857,741.2892538871644,742.546142578125,46628100,0.0,0.0,0.0
2026-06-23,731.9922892059834,737.7978798883457,730.4860198600484,731.7628784179688,66846800,0.0,0.0,0.0
2026-06-24,733.3489180103626,738.1171068570358,729.0296875445486,731.4237060546875,57439500,0.0,0.0,0.0
2026-06-25,737.0796452204372,737.5385276888334,727.7927091295785,732.4810791015625,53934400,0.0,0.0,0.0
2026-06-26,727.144386135875,734.7056273477464,714.8050317832251,727.1842651367188,71034000,0.0,0.0,0.0
2026-06-29,734.7055914816465,739.7231001504891,730.27658724538,739.1644897460938,58035200,0.0,0.0,0.0
2026-06-30,739.4537599262709,746.1671307285668,739.0547872797607,744.9202270507812,55626000,0.0,0.0,0.0
2026-07-01,743.1545925484338,747.5835968507926,740.541087308444,743.9127197265625,47100900,0.0,0.0,0.0
2026-07-02,745.5486859530862,749.4489739445169,738.1969465958291,742.9351806640625,57447800,0.0,0.0,0.0
2026-07-06,746.885320136641,750.5462122974698,745.5585975722108,749.4190673828125,50673300,0.0,0.0,0.0
2026-07-07,748.3616416292718,749.0998597580657,743.364102770238,745.85791015625,43721500,0.0,0.0,0.0
2026-07-08,741.3191472958572,744.3017921335774,737.6782249675691,743.5536499023438,43767400,0.0,0.0,0.0
2026-07-09,745.4987759890873,750.1073272936331,743.7431866839036,749.8480224609375,41441700,0.0,0.0,0.0
2026-07-10,750.187115173852,753.5487626123848,746.2468873823584,753.0799560546875,42191300,0.0,0.0,0.0
2026-07-13,750.6060836597362,752.0425191788765,746.1471851864706,747.3142700195312,44013600,0.0,0.0,0.0
2026-07-14,749.0499474324819,751.4739818301254,746.8055207475287,749.9677124023438,35143100,0.0,0.0,0.0
2026-07-15,752.3717122204262,753.7084197839658,748.3417413555546,752.9403076171875,43844800,0.0,0.0,0.0
2026-07-16,750.8953984161742,752.7009125511715,746.0274814662645,748.8604125976562,46409800,0.0,0.0,0.0
2026-07-17,740.241827732839,745.438883195828,738.9649691671198,741.4487915039062,62651000,0.0,0.0,0.0
2026-07-20,745.2094908804986,746.8753371556621,739.6732506975046,740.2518310546875,50422300,0.0,0.0,0.0
2026-07-21,744.4413918284653,747.1845799829406,742.3366329839115,746.426513671875,34324300,0.0,0.0,0.0
2026-07-22,744.7705725456777,748.1621748950539,744.5211918106933,745.55859375,32836200,0.0,0.0,0.0
2026-07-23,737.5385562389782,740.7206569606348,733.3888874570794,736.3515014648438,55437300,0.0,0.0,0.0
2026-07-24,736.6806667930385,741.8777222786117,735.4636571620507,737.099609375,44782000,0.0,0.0,0.0
2026-07-27,743.0648074406847,743.6833276942111,734.0472217265344,737.25927734375,41461200,0.0,0.0,0.0
2026-07-28,737.3589950224286,740.9500533043114,734.156924420905,739.0248413085938,47322200,0.0,0.0,0.0
2026-07-29,738.1370526174048,740.8403618199718,727.2939826612791,727.6531372070312,70697200,0.0,0.0,0.0
2026-07-30,734.2267392747757,740.6109103701467,732.7703947650456,739.852783203125,66811300,0.0,0.0,0.0
2026-07-31,742.835410914187,747.0449895804718,735.8527500027326,745.1796264648438,62445900,0.0,0.0,0.0
2026-08-03,747.5836183167282,756.7009928898597,746.9451890027125,755.793212890625,59927500,0.0,0.0,0.0
2026-08-04,758.7458651152236,771.494176400126,758.6361522059436,769.4193725585938,69154800,0.0,0.0,0.0
2026-08-05,773.928165423025,774.9256883846499,767.6039039413469,767.8831787109375,44689100,0.0,0.0,0.0
2026-08-06,768.3021872511085,769.9081846177485,765.5589990885744,766.65625,38416900,0.0,0.0,0.0
2026-08-07,769.1101628301597,772.0029428489042,767.703621378493,771.3446044921875,43586300,0.0,0.0,0.0
2026-08-10,770.6861849056471,773.1301282404592,769.7086319253093,771.1151733398438,39249500,0.0,0.0,0.0
2026-08-11,772.6115040483734,772.6912620504304,767.2946895097219,768.6513061523438,36740600,0.0,0.0,0.0
2026-08-12,772.7910096110111,772.9805414027246,769.369513273419,770.5764770507812,33179100,0.0,0.0,0.0
2026-08-13,772.9506321027081,777.4394855444215,772.1925048911166,775.9531860351562,35634500,0.0,0.0,0.0
2026-08-14,776.6114939657781,776.8708596736758,773.509212209858,774.4169921875,31367900,0.0,0.0,0.0
2026-08-17,774.2573577843602,774.8559080861019,770.5964655970525,770.7560424804688,34356600,0.0,0.0,0.0
2026-08-18,766.7959149360092,767.5939211307613,765.0202948350139,765.5490112304688,43920900,0.0,0.0,0.0
2026-08-19,768.4517358705159,770.5564946026684,766.1973243479778,767.1549682617188,40306000,0.0,0.0,0.0
2026-08-20,764.0627220124634,766.2472997692572,760.1523881029335,760.7109985351562,45520300,0.0,0.0,0.0
2026-08-21,764.1524418077088,765.9479709365374,762.2770937955632,763.8232421875,39188700,0.0,0.0,0.0
2026-08-24,762.8856098637509,763.3244615010249,760.1922857963137,761.5787963867188,32430900,0.0,0.0,0.0
2026-08-25,764.262137078792,764.8806573052586,761.159855395616,764.0127563476562,27422300,0.0,0.0,0.0
2026-08-26,762.8356805789958,765.449185749943,762.0376744224566,764.182373046875,28751600,0.0,0.0,0.0
2026-08-27,766.5964060257239,770.4468300957561,765.2596984507333,769.18994140625,34557100,0.0,0.0,0.0
2026-08-28,769.8483393622295,773.3795487683207,766.4068729286823,767.4442749023438,36744300,0.0,0.0,0.0
2026-08-31,765.4292990280279,766.097622354185,762.8257178677422,765.1499633789062,38810800,0.0,0.0,0.0
2026-09-01,760.1224772031874,762.7758614763637,757.5987149009983,759.89306640625,41126300,0.0,0.0,0.0
2026-09-02,760.5614001563074,764.5315220914426,759.8431519587122,763.2646484375,29566200,0.0,0.0,0.0
2026-09-03,765.99791709853,772.112737807933,765.5490195828438,771.2548217773438,43531600,0.0,0.0,0.0
2026-09-04,770.0977256925568,770.9555808433835,767.0951717806925,768.2822265625,34054200,0.0,0.0,0.0
2026-09-08,767.1649647963771,767.7934091111229,763.2447069992287,764.0626831054688,44746100,0.0,0.0,0.0
2026-09-09,762.1873669257697,762.5763546117217,759.055130192088,760.5115356445312,32812400,0.0,0.0,0.0
2026-09-10,756.1523365872063,758.2271404471661,754.7657651010062,755.9528198242188,42740400,0.0,0.0,0.0
2026-09-11,762.8257171109622,764.4816392943262,761.7084962835214,762.3967895507812,45512700,0.0,0.0,0.0
2026-09-14,757.119891309806,761.6287143614769,756.0525344863368,758.9952392578125,43992400,0.0,0.0,0.0
2026-09-15,758.2371341657202,758.4665449596201,754.2769973083872,755.513916015625,46195000,0.0,0.0,0.0
2026-09-16,757.6187023523285,759.7833101686804,747.7432005092232,752.1821899414062,59217700,0.0,0.0,0.0
2026-09-17,761.2596848801362,761.6786274833105,758.0775841455181,760.7109985351562,49652800,0.0,0.0,0.0
2026-09-18,761.3099975585938,762.0,757.969970703125,761.6900024414062,65395100,1.889,0.0,0.0
2026-09-21,766.25,774.8900146484375,766.030029296875,773.5,50484700,0.0,0.0,0.0
2026-09-22,774.030029296875,775.1400146484375,772.5700073242188,773.3800048828125,34802300,0.0,0.0,0.0
2026-09-23,772.7899780273438,773.0499877929688,766.5,767.8099975585938,54931700,0.0,0.0,0.0
2026-09-24,764.0700073242188,768.9500122070312,763.25,767.1799926757812,43983700,0.0,0.0,0.0
2026-09-25,768.780029296875,772.280029296875,766.2899780273438,771.3499755859375,36666700,0.0,0.0,0.0
2026-09-28,768.3499755859375,769.5399780273438,763.719970703125,765.6099853515625,42694500,0.0,0.0,0.0
2026-09-29,766.8300170898438,766.97998046875,762.3499755859375,764.2000122070312,36910500,0.0,0.0,0.0
2026-09-30,766.4500122070312,769.4099731445312,762.1799926757812,762.6300048828125,62110000,0.0,0.0,0.0
2026-10-01,764.3599853515625,765.6500244140625,758.7899780273438,763.989990234375,47708100,0.0,0.0,0.0
2026-10-02,770.5800170898438,772.6500244140625,767.1500244140625,769.6400146484375,46306400,0.0,0.0,0.0
